dt,o,h,l,c,v
2008-01-02,16.82532978321451,16.912154997549937,16.13693705137939,16.192752838134766,16560700
2008-01-03,16.273378453612377,16.409816415387557,16.000501347173056,16.01290512084961,14635500
2008-01-04,15.851661047455714,15.919880625966645,15.355521884346409,15.4795560836792,19772000
2008-01-07,15.541567934089612,16.006698668286493,15.460945793966482,15.7338228225708,20682400
2008-01-08,15.845447917606018,16.000491443934408,15.299695225400912,15.343107223510742,15488100
2008-01-09,15.349314017770968,15.4857519387557,14.74154348399088,15.336910247802734,25468800
2008-01-10,15.200474468152,15.944683027755593,15.101246660204854,15.678009033203125,16098800
2008-01-11,15.566382328001508,15.85166206945993,15.237689371944102,15.32451343536377,17627000
2008-01-14,15.566366937169375,15.814436289445833,15.219069843982338,15.746216773986816,15513500
2008-01-15,15.535366049020352,15.907470872955582,15.293498445762335,15.7338228225708,20304900
2008-01-16,15.690408293233196,16.64547722071291,15.678005707037656,16.335390090942383,27356000
2008-01-17,16.3540063645875,16.564864661501876,16.136944996214396,16.279584884643555,20633800
2008-01-18,16.409811917638894,17.04859189223119,16.124532298603985,16.298181533813477,25818700
2008-01-22,15.47955561248936,17.873429663123854,15.47955561248936,17.488922119140625,45150200
2008-01-23,17.17882496180442,18.679646498742002,16.79431645638905,18.574216842651367,41347200
2008-01-24,18.357161133891086,18.481195295085655,17.94164426896743,18.332353591918945,26773500
2008-01-25,18.363361186903205,18.38816754351121,17.457906104383607,17.693572998046875,22483600
2008-01-28,17.68117288319812,18.0842860202371,17.383489445036,18.071882247924805,17078900
2008-01-29,18.214522500754818,18.555617944833084,17.718382275045144,18.42538070678711,19525200
2008-01-30,18.016064706753003,18.729266167931268,18.016064706753003,18.220722198486328,21216400
2008-01-31,17.972652612761777,19.275019001271048,17.873424810102854,19.00214195251465,33237000
2008-02-01,18.791284566153383,19.033153395776228,18.530811260867214,18.88431167602539,17198800
2008-02-04,18.884307981811784,18.94632446574279,18.084282563904836,18.202116012573242,16497000
2008-02-05,17.91683939826057,18.257936053900156,17.271858588376414,17.35868263244629,21585200
2008-02-06,17.513720510321093,17.966447424591998,17.110607488259486,17.147817611694336,23844900
2008-02-07,17.08580654587405,18.09048972953314,17.0672020684195,17.61295509338379,20958600
2008-02-08,17.550934738021812,17.730785878643808,17.17883105088031,17.346277236938477,15908100
2008-02-11,17.377284077220708,17.910633168012122,17.160222836800568,17.792800903320312,13946700
2008-02-12,17.867226826694356,18.06568247535399,17.501323780894793,17.60055160522461,17804800
2008-02-13,17.699781917255414,17.861026256511426,17.445509267915416,17.575746536254883,12399300
2008-02-14,17.54473932654587,17.612957725555724,16.95557300606533,17.061002731323242,16340000
2008-02-15,17.160221794610425,17.160221794610425,16.719897455598765,17.067195892333984,15780200
2008-02-19,17.290463285125984,17.43930619526991,16.800526080772627,16.93696403503418,15004300
2008-02-20,16.763307648725664,17.315262262001937,16.707491880766455,17.191226959228516,13649500
2008-02-21,17.216035324625903,17.501314878742672,16.91215011932781,16.986570358276367,13051000
2008-02-22,17.023790519062462,17.247052534972138,16.74471152056413,17.222246170043945,13601200
2008-02-25,16.918360259539337,17.873428344726562,16.918360259539337,17.873428344726562,20911400
2008-02-26,17.50131487860525,18.28893636861629,17.50131487860525,17.879621505737305,30638500
2008-02-27,17.70597802572747,18.133898677925085,17.650162237054356,17.929241180419922,17330300
2008-02-28,17.76179426658208,17.799005581903987,17.160225530209985,17.18503189086914,18085800
2008-02-29,17.067199492850072,17.147821643060855,16.37880554158068,16.46562957763672,21898800
2008-03-03,16.434622651246972,16.856341459484586,16.310587290157486,16.800525665283203,19162200
2008-03-04,16.614471487251393,16.775715778114517,16.434620357066727,16.664085388183594,15672300
2008-03-05,16.74471079612774,17.098210057005986,16.43462355916241,16.595869064331055,18340500
2008-03-06,16.546249295655265,16.67028343679467,15.950881396365181,15.975688934326172,14345600
2008-03-07,15.802044143328317,16.38500843692292,15.615992288062879,16.050113677978516,15410100
2008-03-10,16.09352437986323,16.09352437986323,15.479550750572818,15.504358291625977,17188800
2008-03-11,16.177102755654747,16.40865055651563,15.820393142587463,16.396135330200195,22119800
2008-03-12,16.40239183138562,16.978134000915787,16.25219837763403,16.352327346801758,20008900
2008-03-13,16.30225695756988,16.683999260275137,15.945547484905443,16.571353912353516,20243000
2008-03-14,16.740331631262325,16.752848053533015,15.870460575188792,16.114524841308594,21473500
2008-03-17,15.714004962715707,16.283488904201928,15.56381151378179,16.08323097229004,21915500
2008-03-18,16.38987376736215,17.046970162945257,16.333551082754312,17.01568031311035,21428500
2008-03-19,16.984389514491134,17.5350999511221,16.777873399162342,16.796648025512695,23266600
2008-03-20,16.878007352764598,17.628975918425123,16.87174914212707,17.560136795043945,22243000
2008-03-24,17.603943429129483,18.77420258193467,17.603943429129483,18.311105728149414,25245600
2008-03-25,18.25478009483608,18.436263403309745,17.710327782152152,17.998199462890625,18463700
2008-03-26,17.86678307301992,17.86678307301992,17.48504174928534,17.622718811035156,14793500
2008-03-27,17.62898041310514,17.904335783202747,17.37239967970689,17.39117431640625,13212700
2008-03-28,17.272264567439528,17.441232657126765,17.072006621276067,17.134586334228516,15818700
2008-03-31,17.14084495538188,17.560135487830333,16.97813507181351,17.503812789916992,15593400
2008-04-01,17.647742636512895,18.511355025482004,17.585161751832562,18.455032348632812,20263800
2008-04-02,18.430000527163852,18.774193599026912,18.129612522419798,18.248516082763672,16090000
2008-04-03,18.160913044852244,18.45504180178986,17.941880433092365,18.286073684692383,11648300
2008-04-04,18.154648602795064,18.392454572413996,17.910584424287308,18.016971588134766,13520500
2008-04-07,18.11710855144019,18.20472112734876,17.741624207553464,17.835494995117188,10883600
2008-04-08,17.64774934583582,17.79168459978014,17.49755468804956,17.63523292541504,11547400
2008-04-09,17.616461351773548,17.679042271105583,17.147106247230923,17.31607437133789,13431800
2008-04-10,17.28478111389923,18.054523047706542,17.28478111389923,17.760393142700195,19890600
2008-04-11,17.516327621592,17.941876325616363,17.516327621592,17.62897300720215,12688100
2008-04-14,17.591422698884216,17.760389562111104,17.42245464202605,17.46626091003418,8104500
2008-04-15,17.585164091786243,17.585164091786243,17.20967992737188,17.478776931762695,9872000
2008-04-16,17.55387437066411,17.66026153870098,17.303551973410105,17.53510093688965,12137900
2008-04-17,17.52258373290771,17.6540025379615,17.434971196205183,17.597681045532227,9241200
2008-04-18,17.654005478964965,18.073295993026367,17.654005478964965,17.948135375976562,12670000
2008-04-21,17.83549443571504,18.254785054405193,17.591430156977957,18.135881423950195,16470500
2008-04-22,18.085811287945766,18.298585636691246,17.691553637994684,17.848005294799805,20109900
2008-04-23,17.948135345722754,17.954393555609418,17.535103042254782,17.603940963745117,15925000
2008-04-24,17.597680959751404,18.30484184604175,17.597680959751404,18.098325729370117,21726200
2008-04-25,18.15465460667168,18.65529954703178,18.023234563807346,18.636526107788086,19656600
2008-04-28,18.530136105890396,18.874329301121364,18.286070689954435,18.60523223876953,13374300
2008-04-29,18.542648895685435,18.75542323360255,18.22348858244112,18.373682022094727,10969000
2008-04-30,18.37368020990855,18.55516348397863,17.98567963384817,18.02322769165039,15221000
2008-05-01,18.20471479426449,19.062069201022386,18.154650312071556,18.69284439086914,26628800
2008-05-02,19.024521665544697,19.08710256842977,18.66781207082065,18.84929656982422,19294300
2008-05-05,18.705356610763005,18.799228544219627,18.292324400626253,18.37993812561035,15897800
2008-05-06,18.323619842529297,18.354909698773454,17.96690903573578,18.323619842529297,14309000
2008-05-07,18.304848161755988,18.448783433479388,17.8229766587185,17.8730411529541,14745400
2008-05-08,17.904325774544837,18.010712935772755,17.39116459460945,17.472518920898438,19465900
2008-05-09,17.409939929995872,17.797940558536812,17.291036338302963,17.510068893432617,13031400
2008-05-12,17.528845640534332,17.96690961011438,17.528845640534332,17.92310333251953,12314100
2008-05-13,17.93561495445218,18.129614643455337,17.83548600570015,17.9919376373291,10391900
2008-05-14,18.073295118351208,18.48007038656338,17.991940780887635,18.22348976135254,12094200
2008-05-15,18.204718622058905,18.492589156789187,17.998202440386244,18.480073928833008,11044900
2008-05-16,18.680332639774765,18.680332639774765,17.991944942383324,18.21097755432129,13246300
2008-05-19,17.92935936254736,18.38619790710304,17.84800502742526,18.06703758239746,13893700
2008-05-20,17.54762077545103,17.641491543514167,16.89678122210102,17.12833023071289,39809400
2008-05-21,17.097034289179035,17.20342144752557,16.771614605574186,16.852970123291016,29274700
2008-05-22,16.79665354136996,17.015686146193826,16.7152979941,16.8404598236084,15894100
2008-05-23,16.79665204248946,16.890522809428195,16.446200622223458,16.752845764160156,17324800
2008-05-27,16.83419526324518,17.228454041947884,16.715291689423438,17.072002410888672,21412600
2008-05-28,17.266003437348846,17.428713289496642,17.03445448023778,17.165874481201172,13242200
2008-05-29,17.11580735834748,17.441227012358368,17.078259304001957,17.341096878051758,13855400
2008-05-30,17.366132589309366,17.366132589309366,17.11581019611766,17.122068405151367,11714900
2008-06-02,17.153359847322733,17.272263442726494,16.77161741628676,16.99690818786621,15497700
2008-06-03,17.06947317482888,17.195680485521258,16.854921468813107,17.094715118408203,15232800
2008-06-04,17.082092290252632,17.35343713623185,16.955886196877593,17.151506423950195,17537800
2008-06-05,17.302955071755978,17.750988705068742,17.290334100890316,17.61216163635254,20265500
2008-06-06,17.321885913788584,17.473333947999826,17.101023745879782,17.151506423950195,19366500
2008-06-09,17.176760265031128,17.448105318014687,16.671933099203276,16.747657775878906,17695600
2008-06-10,16.65299249274583,17.006372518552148,16.463682710322782,16.854923248291016,17878700
2008-06-11,16.854926551393824,16.924340713566593,16.312237840414614,16.350099563598633,19163100
2008-06-12,16.432129402132347,16.96219696657337,16.432129402132347,16.70978355407715,15099500
2008-06-13,16.84230840546737,17.403928634062318,16.81706645183935,17.372377395629883,16052200
2008-06-16,17.334500251961767,17.46701799264728,17.12625911968591,17.353431701660156,12418600
2008-06-17,17.384985107678364,17.498571412996622,16.911709637920133,16.955883026123047,12272500
2008-06-18,16.823371896476683,16.955889706088804,16.60882016937305,16.753957748413086,13989600
2008-06-19,16.760264766203004,17.22092055764776,16.760264766203004,17.151506423950195,16005900
2008-06-20,17.056862637712452,17.15151757015736,16.482621350130234,16.564655303955078,17186900
2008-06-23,16.659309854672003,16.659309854672003,15.712758144706518,15.81372356414795,22900000
2008-06-24,15.83264945295553,16.249131962303075,15.668580403272813,15.971476554870605,18579100
2008-06-25,16.034581287853857,16.64668411872928,15.939926384630168,16.07244300842285,19925800
2008-06-26,15.920994388426122,16.009340004926486,15.529753813932928,15.561305046081543,18896500
2008-06-27,15.56130262518541,15.586544569859258,15.088026994970278,15.157441139221191,22343700
2008-06-30,15.157439795494811,15.371991491793564,14.715715431679248,14.77881908416748,19582700
2008-07-01,14.5831988207487,14.759887603103135,14.21088859564177,14.64630126953125,21993700
2008-07-02,14.671545456724445,14.829304010022557,14.179338337137526,14.210890769958496,22753400
2008-07-03,14.30554849124334,14.488547823398227,14.103617695650714,14.223514556884766,11321500
2008-07-07,14.292927563398214,14.633686684801761,13.895376458696562,14.084686279296875,20770400
2008-07-08,14.078382457001805,14.557968927003339,14.07207196618037,14.53903865814209,17205000
2008-07-09,14.583194990212464,14.583194990212464,14.07205662339859,14.116230010986328,13390800
2008-07-10,14.141474190830502,14.204577842024442,13.699749836074957,13.800716400146484,18560300
2008-07-11,13.617718696594237,13.964787043216628,13.251718889689755,13.617718696594238,27126500
2008-07-14,13.819649325395396,13.882752988792177,13.441028548616973,13.586167335510254,12911800
2008-07-15,13.497821891009322,13.813339008264162,13.100270852853228,13.541994094848633,20546400
2008-07-16,13.586166253878858,14.343406543547488,13.384234306365048,14.31185531616211,19572400
2008-07-17,14.381271926390284,14.961822312870051,13.914305496530885,14.753581047058105,22340200
2008-07-18,15.031234382738731,15.031234382738731,14.324476755985488,14.791441917419434,15882800
2008-07-21,14.905022165038801,15.012297982786054,14.463297926408536,14.589505195617676,13685300
2008-07-22,14.513794151933894,15.20793237383391,14.42544970311851,15.113277435302734,17808300
2008-07-23,14.99336910954665,16.312230364803202,14.99336910954665,15.794782638549805,26441300
2008-07-24,15.775854340504445,15.857888253490113,15.100647967307202,15.157441139221191,16362800
2008-07-25,15.214241084864534,15.700136700146304,14.867171412688752,15.018619537353516,14512500
2008-07-28,14.791447614383856,15.201619759768006,14.557964341939089,14.614757537841797,11420200
2008-07-29,14.703098771949243,15.422478695500379,14.665237050794682,15.35306453704834,15479200
2008-07-30,15.586547442831288,15.77585724837078,14.703098474040612,14.980753898620605,19262100
2008-07-31,14.87978853870746,15.491891367889226,14.822995356209912,15.03754711151123,18557500
2008-08-01,15.16375357194281,15.277338726749413,14.400201497972988,15.081718444824219,11920700
2008-08-04,15.031237678314701,15.258410424236628,14.83561737132775,15.075409889221191,10556200
2008-08-05,15.207925454567276,15.737994313495763,15.207925454567276,15.706441879272461,14371000
2008-08-06,15.46033888683302,15.77585600697247,15.39723522208467,15.712752342224121,15075400
2008-08-07,15.586548854312081,15.712755001566542,15.346755128404357,15.447720527648926,13603900
2008-08-08,15.460336914283236,16.73502620587641,15.460336914283236,16.640371322631836,25506600
2008-08-11,16.57095982921155,18.142234993808223,16.43844200860095,17.359752655029297,53932100
2008-08-12,17.25879588399752,17.517519963714538,17.15151995799757,17.340829849243164,27222900
2008-08-13,17.239854193009265,17.347130055412123,16.482613873343997,16.735027313232422,21870300
2008-08-14,16.552026352239785,17.57430225958262,16.53940537969924,17.145198822021484,17365400
2008-08-15,17.16413609260908,17.504894041369216,17.10103241214162,17.372377395629883,23269100
2008-08-18,17.517515950098957,17.732067752940722,16.76658464015277,17.01268768310547,22175300
2008-08-19,17.02529831259929,17.088401958069355,16.362713044168416,16.381643295288086,30629300
2008-08-20,16.41320047355091,16.684545385139998,16.198648738973592,16.387958526611328,19012500
2008-08-21,16.154474089584898,16.835990906939784,16.097680921171815,16.766576766967773,18816700
2008-08-22,16.842305411048407,17.132580604546625,16.77289125451519,17.10733985900879,13319700
2008-08-25,17.02530359536915,17.063166516560806,16.728717934314982,16.760269165039062,13088300
2008-08-26,16.741338118566215,17.088406454573423,16.501544443403,17.05054473876953,16797600
2008-08-27,17.05054393517175,17.34081908199123,16.785509529831177,17.145198822021484,13091000
2008-08-28,17.29665467507097,17.44179231387551,17.03162015031355,17.30296516418457,13626200
2008-08-29,17.176742258418138,17.34081121621719,17.05053620106616,17.11363983154297,12520800
2008-09-02,17.594065008295075,18.2494682375698,17.594065008295075,17.861316680908203,27655200
2008-09-03,17.778590051577634,18.707606683731164,17.759500219833136,18.66306495666504,39057000
2008-09-04,18.421277517145516,18.56126605939359,18.109482813690473,18.17947769165039,31607400
2008-09-05,18.020394802434843,18.319462869029653,17.835864552575767,18.19219970703125,25053100
2008-09-08,18.962136607618294,19.56027147320136,18.904868311250162,19.19120979309082,41467300
2008-09-09,19.203939572561907,19.477554542518114,18.535809740737598,18.54853630065918,35965400
2008-09-10,18.669440654705475,18.790340575513355,18.30674210595368,18.516725540161133,19819300
2008-09-11,18.16675141166429,18.783976333430658,18.04585271071094,18.771249771118164,27556200
2008-09-12,18.561263152462796,18.65670992603247,18.13493309775811,18.32582664489746,25732100
2008-09-15,17.511344735154506,18.503993280953036,17.511344735154506,18.134931564331055,27620000
2008-09-16,17.746781130232854,18.071301124367164,17.479529441749982,17.549524307250977,42932600
2008-09-17,17.078648967696928,17.174095719395996,16.264167511610875,16.30234718322754,42981300
2008-09-18,16.54415274868393,17.498623099569542,15.55786720490419,17.148651123046875,42121100
2008-09-19,18.52308248108956,18.892144184991157,16.639594285760715,17.415897369384766,32616200
2008-09-22,17.441347352356164,17.638604134357074,16.092363844021072,16.30234718322754,24649000
2008-09-23,16.33416297659126,16.70322465372675,16.003279758836314,16.073274612426758,22392700
2008-09-24,16.238721413283983,16.270536603994763,15.640586361281816,15.920564651489258,20665700
2008-09-25,16.066915355118013,16.5059719957394,15.920563546134769,16.416887283325195,22970800
2008-09-26,15.86329064749629,16.855939048428933,15.86329064749629,16.836849212646484,17008500
2008-09-29,16.537792449389244,16.93867074870194,15.55150672776701,15.90147876739502,28057100
2008-09-30,16.327803618530528,16.512335108245328,15.72330533376947,16.47415542602539,23152800
2008-10-01,16.238711529957534,16.60140982346789,16.09872186321951,16.493236541748047,20739900
2008-10-02,16.359616748147076,16.582326678386167,15.704214730239855,15.818751335144043,18545900
2008-10-03,15.971467271837277,16.10509250904034,15.093354062294276,15.150622367858887,27243600
2008-10-06,14.724295809999973,14.889737485959412,13.852546887591648,14.520675659179688,36436400
2008-10-07,14.711564145183221,15.093351157234956,13.79527264618217,13.928897857666016,34193300
2008-10-08,13.464382764806823,14.29158916593923,13.20985781166383,13.470746040344238,35105500
2008-10-09,13.55984250632263,13.66801586711003,12.54174050132447,12.681730270385742,29596900
2008-10-10,11.8990624610685,13.559839804558717,10.849144256990028,12.567191123962402,49333700
2008-10-13,13.050789921548652,13.87799697916533,12.885348267290983,13.81436538696289,24678100
2008-10-14,14.41250589708156,14.507952714875717,12.974436706143592,13.407130241394043,26867500
2008-10-15,13.279861954508338,13.47711878000626,12.408112012439414,12.618095397949219,26416300
2008-10-16,12.408114306140481,12.73263436440323,11.466370537263355,12.535377502441406,38445400
2008-10-17,12.20449264973142,13.171689423412342,12.064502908423718,12.859894752502441,26629800
2008-10-20,13.025339970643051,13.36258664185951,12.796267882079542,13.2225980758667,18408800
2008-10-21,13.044419518162105,13.655279556938341,12.92351968036101,13.057146072387695,15135300
2008-10-22,12.751717616655501,12.872616255610556,12.070861446149777,12.389018058776855,23827700
2008-10-23,12.382658905961986,12.59900557171441,11.460005150179297,12.128133773803711,29497600
2008-10-24,11.390010413069017,12.089955444707448,11.186390305029818,11.778162002563477,22524500
2008-10-27,11.460006235842156,12.408113201495297,11.460006235842156,12.03268814086914,21744700
2008-10-28,12.198130437447922,13.769824422048558,11.879973671957545,13.725282669067383,28156400
2008-10-29,13.521662723491268,14.749748049741722,13.197142672486867,13.776187896728516,32328400
2008-10-30,14.138885935046604,14.590669164000072,13.928902522623645,14.457042694091797,21072800
2008-10-31,14.44431492098478,15.29061170940869,14.18978858554508,15.01063346862793,21720300
2008-11-03,14.940631581923375,15.010626412634215,14.068883297938132,14.138876914978027,17940200
2008-11-04,14.437956362516044,14.94700677251446,14.100709707347148,14.88337516784668,24131800
2008-11-05,14.635208889984217,14.845192273337128,14.037073925956827,14.094342231750488,22260700
2008-11-06,13.935265461953055,14.51431065213172,13.158963425828352,13.318041801452637,25524300
2008-11-07,13.394401183506615,13.86527432921209,13.171692387976618,13.400764465332031,19600100
2008-11-10,13.699831867397487,13.814367292756875,13.018975314675382,13.1971435546875,14073700
2008-11-11,12.974426939736691,13.661645209696973,12.688086701894786,13.050785064697266,17405400
2008-11-12,12.637180596799805,12.942610642882483,12.484465573758465,12.599000930786133,18189400
2008-11-13,12.656273914876548,14.234332166179136,12.185402115599787,14.145247459411621,28059400
2008-11-14,13.83345397436228,14.406135824912354,12.92988884530005,13.069878578186035,24957300
2008-11-17,12.675359942345677,13.356214923176596,12.560823363575764,12.726264953613281,22643100
2008-11-18,13.146235807774238,13.629834176439982,12.688090559724813,13.178050994873047,32638500
2008-11-19,13.031696325231097,13.52802114500822,12.47174114525572,12.573551177978516,21970500
2008-11-20,12.369934317966054,12.910801015505799,11.650899410156853,11.784525871276855,32825000
2008-11-21,11.975418455469113,12.306301727505936,11.110031809733279,12.274486541748047,38361300
2008-11-24,12.48446957472863,13.941626645109412,12.000871239947273,13.629833221435547,31820400
2008-11-25,13.763455662287424,14.285233569472082,13.489841972367206,14.157970428466797,31618500
2008-11-26,13.712559225479179,15.131539644640865,13.712559225479179,14.985186576843262,25401900
2008-11-28,14.896096590788451,15.13789636234518,14.46340328477872,14.70520305633545,10272300
2008-12-01,14.348861245058915,14.635202651979093,13.44529651104206,13.496201515197754,26816900
2008-12-02,13.840291573159856,14.116840340519827,13.28076252911934,14.052526473999023,23835800
2008-12-03,13.711651203088405,14.7149424254236,13.544435794918565,14.63776683807373,32948500
2008-12-04,14.451273894030974,15.641076432244297,14.329078866084114,14.933626174926758,30083600
2008-12-05,14.682797582333883,15.78256098629391,14.599190426407995,15.692521095275879,32975900
2008-12-08,16.05910191608106,16.200592589773,15.467416878264295,15.596044540405273,28815400
2008-12-09,15.36451833408873,15.911184168275938,14.695657545606682,14.920755386352539,26321100
2008-12-10,15.042953104905232,15.711815242980366,14.798561924722252,15.621776580810547,18719700
2008-12-11,15.351645486913723,15.518859643555476,14.663489446299405,14.785685539245605,18390900
2008-12-12,14.348355544713838,15.255176683797476,14.251885445665682,15.094392776489258,20831300
2008-12-15,15.19087587507537,15.351659906990422,14.817856970099845,15.055816650390625,14736800
2008-12-16,15.261619953968204,15.814717414084265,14.714954002305213,15.641070365905762,26188100
2008-12-17,15.441691075419854,16.149140717717945,15.370945743184778,15.885455131530762,20068300
2008-12-18,15.949783397761307,16.12343053288668,15.467431062425556,15.724686622619629,22105800
2008-12-19,15.962634487787462,16.078399157994543,15.325930028333019,15.576752662658691,23095200
2008-12-22,15.493145087016194,15.518869887062861,14.895028459046399,15.261615753173828,13244400
2008-12-23,15.171574814234953,15.428828909145661,15.107260983836204,15.190869331359863,13559600
2008-12-24,15.23589095312716,15.506008100381763,15.19087163303214,15.261615753173828,3976000
2008-12-26,15.184440248516397,15.435262877740648,15.055812567194765,15.15228271484375,4461200
2008-12-29,15.139425361543568,15.242327046061183,14.792131256282982,15.023660659790039,8461500
2008-12-30,15.113693780673565,15.235889946201704,14.592754040641125,14.862871170043945,14896900
2008-12-31,14.882166400207055,15.306636055020105,14.772833232956145,14.804990768432617,15143500
2009-01-02,14.837144748161682,15.557457482864347,14.766399407903249,15.518868446350098,14902500
2009-01-05,15.448127553543447,16.001223698700976,15.313068350953909,15.891890525817871,22570900
2009-01-06,16.039811688118466,16.393535986520664,15.834008370743765,16.245615005493164,22856600
2009-01-07,15.994788946694294,16.181297703189863,15.711808832452315,15.801847457885742,19857300
2009-01-08,15.512434265043984,15.731099283534585,15.242317210809654,15.686079978942871,17319800
2009-01-09,15.74396603138049,15.74396603138049,15.13941918803122,15.345222473144531,16927400
2009-01-12,15.338798165189312,15.409542310967415,14.547740956808854,14.77283763885498,23560200
2009-01-13,14.766400174876576,14.856440038068843,14.309774259233164,14.47698974609375,20440300
2009-01-14,14.245459836145479,14.316205177170394,13.943186406948389,14.091107368469238,20531200
2009-01-15,14.097540780076114,14.991499402870188,13.930325277487917,14.669931411743164,25999400
2009-01-16,15.010794031977062,15.036518833576407,14.51557902767309,14.920755386352539,20942600
2009-01-20,14.72781265373505,14.920754170082903,14.046088906681966,14.142559051513672,20339500
2009-01-21,14.335498735949443,14.431968868453373,13.89173465441022,14.32906723022461,19667200
2009-01-22,14.091107129067291,14.374087261674871,13.820990008551956,14.129694938659668,22725600
2009-01-23,13.750242991453366,14.13612472035974,13.698792176044797,13.96890926361084,20867100
2009-01-26,14.2133046232769,14.882165367892272,14.181147090031063,14.61847972869873,34329500
2009-01-27,14.624910298385368,14.721380438573474,14.026793711860968,14.226166725158691,21691000
2009-01-28,14.528441954353184,14.94004859094117,14.341931930471416,14.79212760925293,20543500
2009-01-29,14.470562501387164,14.843581396799975,14.091112097660451,14.148994445800781,18030700
2009-01-30,14.290485690427836,14.374094082014263,13.730957892453759,13.846722602844238,27041800
2009-02-02,13.640912910940145,14.20687323389377,13.576600297286554,13.872442245483398,17971800
2009-02-03,14.129690473070987,14.174711001165415,13.396516189108624,14.0975341796875,17471100
2009-02-04,13.91102986478353,14.194010022309309,13.827422732190517,13.975343704223633,18486300
2009-02-05,13.814559185965846,14.438401809775666,13.737383562962915,14.406244277954102,24668100
2009-02-06,14.399807687907302,15.338786431966598,14.386945906403788,15.132983207702637,31085500
2009-02-09,15.094404929037797,15.197306614426788,14.50915113338109,14.850013732910156,16315200
2009-02-10,14.727816138384858,14.940050997903853,14.148993905758939,14.284051895141602,21897800
2009-02-11,14.380511913476221,14.470550501837739,14.084668909785313,14.239021301269531,17896200
2009-02-12,13.956053020861269,14.187581168783307,13.60232745113603,14.136130332946777,23454000
2009-02-13,14.00750258782315,14.251893729237233,13.634483755127187,13.647345542907715,18598200
2009-02-17,13.312913484490743,13.34506978848805,12.77267923588226,12.824130058288574,35715200
2009-02-18,13.023497584795619,13.029929088829693,12.49612652084123,12.734086036682129,23374800
2009-02-19,12.830565861548205,13.145702407665752,12.817702844967544,12.96562385559082,20353800
2009-02-20,12.65691349050968,13.023500721969716,12.328914065865368,12.515422821044922,29576700
2009-02-23,12.496134090111273,12.759819781810522,11.730801820048116,12.033075332641602,26930200
2009-02-24,12.637615707756646,13.364359703961517,12.502557805463178,13.293614387512207,37719500
2009-02-25,13.087818811775165,13.364367508465763,12.869152457493511,13.062092781066895,27022900
2009-02-26,13.216443038220703,13.435109355325004,13.07495357343505,13.274325370788574,22728900
2009-02-27,12.97205631612762,13.685937841856509,12.97205631612762,13.435113906860352,23320600
2009-03-02,13.087814552117601,13.47369630035708,12.759815127448256,12.81126594543457,25493600
2009-03-03,12.592599239084654,12.830560030951158,12.065228065778815,12.148835182189941,29268800
2009-03-04,12.21314921896317,12.457541520395173,12.026640466834346,12.226012229919434,22093200
2009-03-05,11.904448648104921,12.335349858469167,11.576449109467836,11.672919273376465,23774300
2009-03-06,11.769384878945049,11.962326358719817,11.280602740891077,11.576444625854492,25862900
2009-03-09,11.409229770446041,12.187424782637214,11.248445808810638,11.724366188049316,28387300
2009-03-10,11.942516427473429,12.74997103562142,11.890422621851439,12.645783424377441,25527600
2009-03-11,12.64578215661847,12.971368719618932,12.50252451602337,12.81508731842041,21666600
2009-03-12,12.795550136139509,13.316489319395448,12.554616804070383,13.238348007202148,17504200
2009-03-13,13.309974512444576,13.674630991110336,12.893223009098532,13.485790252685547,22210800
2009-03-16,13.498813253846983,13.713700250579219,13.062527382661695,13.11462116241455,17034600
2009-03-17,13.349042165547566,13.993703077183605,13.24485461873852,13.987191200256348,25333900
2009-03-18,13.86998454681045,14.872791573360649,13.707191295124817,14.703486442565918,31811800
2009-03-19,14.664418512990407,14.872793706309455,14.456043319671359,14.612324714660645,22955200
2009-03-20,14.709992386046594,14.80115617276059,14.169519058217217,14.429987907409668,22361800
2009-03-23,14.605807067900871,15.159304232879697,14.436501979671252,15.139768600463867,22873800
2009-03-24,14.99651460472104,15.283029829851918,14.898837661320952,14.94442081451416,20462800
2009-03-25,15.152793694462368,15.59559146557553,14.827207244174893,15.159305572509766,33358900
2009-03-26,15.504423789378215,15.86256956925362,15.322096202981712,15.719310760498047,28080900
2009-03-27,15.510935933347403,15.693264764896274,15.191861409647045,15.387212753295898,18856900
2009-03-30,15.13325959065337,15.27651719614167,14.755579319807975,15.2244234085083,21579600
2009-03-31,15.31558181315437,15.478374984020347,14.742549156178665,15.341628074645996,27463300
2009-04-01,15.074655336298811,15.55652322754565,14.924885838076277,15.51745319366455,21365000
2009-04-02,15.830010792938463,16.435601709918682,15.78442889458745,16.12955093383789,30264800
2009-04-03,16.077458429581455,16.363973596732976,15.84954767779127,16.279321670532227,20294400
2009-04-06,16.1360568361784,16.29884997973221,15.927680569138502,16.181638717651367,17140400
2009-04-07,15.93419874040879,16.044898171449397,15.712799878327576,15.8690824508667,16837400
2009-04-08,16.077457415526695,16.481183871963964,16.077457415526695,16.35746192932129,18547600
2009-04-09,16.64397289957249,16.90444171607337,16.565832875628868,16.865371704101562,20316000
2009-04-13,16.689560552446583,16.9956126043193,16.657002404892076,16.904447555541992,11593400
2009-04-14,16.66351805109451,16.722123723556685,16.31188401632146,16.50072479248047,14961600
2009-04-15,16.42257841750558,16.76770046646451,16.344438372995313,16.715606689453125,17464000
2009-04-16,16.787237290844036,17.03468243871849,16.46165085089603,16.910959243774414,16673900
2009-04-17,17.0346812130146,17.236544443493774,16.442114034307576,16.9956111907959,21671300
2009-04-20,16.748163370690957,16.84584028081313,16.220713769293354,16.376995086669922,17480600
2009-04-21,16.409552781564898,16.963048591209976,16.13606019380504,16.84583854675293,20556600
2009-04-22,16.689559084104967,17.52957263085528,16.591883408021204,17.04119300842285,23918400
2009-04-23,16.904441857178547,17.07374689982067,16.481179871579887,16.774208068847656,17975100
2009-04-24,16.884915276759312,17.464458821445724,16.64398073185926,17.132360458374023,21857600
2009-04-27,16.86537971454543,17.125848654759615,16.67002831988826,16.85235595703125,14868400
2009-04-28,16.65048969869509,17.243056897208447,16.507232117762445,16.976076126098633,14949200
2009-04-29,17.10631551778399,17.483995819356814,16.943522262933392,17.151897430419922,21349300
2009-04-30,17.28864355367247,17.627253829392313,17.10631589906486,17.138874053955078,18251600
2009-05-01,17.308173198856082,17.308173198856082,16.611418492539343,16.780723571777344,15045800
2009-05-04,17.0216597629388,17.431899398827706,16.819796505128107,17.067241668701172,18075500
2009-05-05,17.04770450769138,17.19096207996959,16.884911303824214,17.054216384887695,11348800
2009-05-06,17.13235870840625,17.262593785646335,16.643979031776542,16.95654296875,13892300
2009-05-07,17.05421870201322,17.151894389201818,16.48118585101628,16.676538467407227,20582800
2009-05-08,16.78724455124871,16.78724455124871,16.11653574775247,16.604915618896484,18467600
2009-05-11,16.155594765659608,16.442111108985884,15.979779075949144,16.233736038208008,17525200
2009-05-12,16.350954915538583,16.429094982343347,15.803969479849346,16.044902801513672,19437700
2009-05-13,16.24675468181464,16.370476564926072,15.771397803814342,16.16861343383789,32337000
2009-05-14,16.29234690834077,16.38351072054608,15.940712932096652,15.973272323608398,15822700
2009-05-15,15.921183593131394,16.227234518410096,15.77141282866258,15.88862419128418,20385500
2009-05-18,16.709095063846227,17.028169608100445,16.513743707613404,16.943517684936523,26101700
2009-05-19,16.533274898177336,16.539786774393274,15.628145218389875,16.03838348388672,39888600
2009-05-20,16.18164997971316,16.2793256854229,15.341636178178627,15.51745319366455,31471700
2009-05-21,15.29605378401297,15.51745270573418,14.74255647970995,14.905349731445312,25534300
2009-05-22,15.107205835645859,15.133252095555589,14.716502000893884,14.885807037353516,15133800
2009-05-26,14.76209131046529,15.60861567643081,14.703485643681567,15.497916221618652,20313100
2009-05-27,15.56303139845996,15.764894641094765,15.113721768841096,15.191863059997559,18507500
2009-05-28,15.387217504122969,15.387217504122969,14.540693097594145,14.781627655029297,27154200
2009-05-29,14.97046681001375,15.10070190411427,14.749067895251208,15.08116626739502,18681600
2009-06-01,15.361169578814398,15.908154941538823,15.2309344954938,15.732337951660156,18094400
2009-06-02,15.602093943553902,16.149078993389278,15.517442057228159,15.953727722167969,18364400
2009-06-03,15.882104963566952,16.155597602490005,15.686753610913462,15.8690824508667,14453400
2009-06-04,15.882104907531149,16.051409992173177,15.465354694266837,15.999316215515137,15777400
2009-06-05,16.136062588180142,16.207690752308096,15.608611720796608,15.738846778869629,14749000
2009-06-08,15.784434124429719,16.13606815738169,15.628152746011285,15.992809295654297,13184500
2009-06-09,15.996094386121875,16.16039280729938,15.82522387767757,16.002666473388672,13033200
2009-06-10,16.469263571962465,16.508696072060975,15.89750610899808,16.02894401550293,24352000
2009-06-11,16.0289494231734,16.193247801856188,15.877795215624555,15.923798561096191,17911500
2009-06-12,15.897523255551611,15.930382454244507,15.660933013768894,15.871234893798828,18283600
2009-06-15,15.733215021105105,15.77264628584046,15.457193660963005,15.674067497253418,13946900
2009-06-16,15.680645534642734,15.759508094042854,15.22718143084981,15.24689769744873,17023400
2009-06-17,15.273176202876488,15.798931734778387,15.122022004522236,15.542625427246094,19015600
2009-06-18,15.59519956192965,15.61491581579636,15.286319105666378,15.345466613769531,11365200
2009-06-19,15.424330088441241,15.582056368764162,15.352039660062225,15.45719051361084,15209600
2009-06-22,15.358613646976098,15.536054950876547,15.220602351167742,15.279749870300293,12930800
2009-06-23,15.273176823113129,15.279748908547214,14.931435901523516,15.03658676147461,15209400
2009-06-24,15.214032887968795,15.220604974949467,14.806573523146604,14.905152320861816,14555600
2009-06-25,14.898579178971138,15.608348227161096,14.885435005940485,15.490053176879883,18940500
2009-06-26,15.424336097611342,15.812080491194662,15.391476913137177,15.51634407043457,18879400
2009-06-29,15.549203516570865,15.87780038083229,15.483483893019068,15.687214851379395,12322400
2009-06-30,15.72006860491764,15.779216120328263,15.345468509648446,15.529481887817383,12676800
2009-07-01,15.641212171762595,15.73322015751258,15.430910353187283,15.582064628601074,13277900
2009-07-02,15.358617568634557,15.582062277026271,14.951156916513733,14.990588188171387,13532900
2009-07-06,14.957724243259852,15.207457222269415,14.799997953333213,15.03658676147461,12638500
2009-07-07,15.056306923591267,15.056306923591267,14.668562556873937,14.721138000488281,15007900
2009-07-08,14.707989389175236,14.951151525971506,14.648843129762326,14.892004013061523,14710700
2009-07-09,15.01687529253837,15.095737829311572,14.675134290528039,14.905152320861816,14322200
2009-07-10,14.839428587157792,14.997154870438385,14.675130218720042,14.799997329711914,9814600
2009-07-13,14.79342402352409,15.207455326274886,14.635697753262026,15.187740325927734,17804800
2009-07-14,15.174598369409239,15.568914729310821,15.082591678381158,15.562342643737793,15595800
2009-07-15,15.693779955247294,15.864650412692255,15.536053668412816,15.82521915435791,13914400
2009-07-16,15.818652401443098,16.114390072385156,15.65435397391918,16.035526275634766,13633700
2009-07-17,16.166965467294133,16.265544272793377,15.982950777797363,16.212968826293945,15283300
2009-07-20,16.2063865891336,16.33782574981383,16.094663678604427,16.29839324951172,10165600
2009-07-21,16.34440939664633,16.364124407248756,15.85808491015952,16.07495880126953,13716300
2009-07-22,16.01580556892046,16.364117309120257,15.950085970591246,16.278682708740234,11348400
2009-07-23,16.272112506530096,16.765007670790308,16.107814118443358,16.613853454589844,20780700
2009-07-24,16.580998715203684,16.71243797217978,16.39698525963433,16.640146255493164,11246800
2009-07-27,16.594141661270346,16.64014502175188,16.285261059824634,16.53499412536621,13443900
2009-07-28,16.482414225091652,16.692715961058177,16.403550447355595,16.68614387512207,11689700
2009-07-29,16.673000956747078,16.857014348969177,16.50870256883608,16.68614387512207,11970200
2009-07-30,16.889876029378478,17.19218448384259,16.7781530671858,16.988454818725586,13545300
2009-07-31,16.981880191582505,17.21189816797682,16.95559184982447,17.04759979248047,11709000
2009-08-03,17.205331766165298,17.33676975788347,16.870162819013014,17.297338485717773,12022400
2009-08-04,17.192186343659248,17.37620102291156,17.139610900086794,17.27762222290039,10411100
2009-08-05,17.284187324848894,17.38933817712425,17.060741450389504,17.303903579711914,9996600
2009-08-06,17.34991326462584,17.573359220784827,17.198759015899903,17.44192123413086,13755000
2009-08-07,17.566783250986642,18.05967841237345,17.487920727123193,17.915096282958984,16415900
2009-08-10,17.86252149582522,17.901952759184322,17.59307223145971,17.809946060180664,10407600
2009-08-11,17.76394015974741,17.816515587842048,17.566781364269712,17.671932220458984,9524200
2009-08-12,17.612785353704087,18.09253756286284,17.579926180000133,17.87566375732422,13269600
2009-08-13,18.020247761528278,18.2765528530219,17.744226411651585,18.191118240356445,19973100
2009-08-14,18.184546183380494,18.23712161898904,17.678506832212445,17.836233139038086,15928500
2009-08-17,17.034457515755022,17.37619847562677,16.71243281439416,17.159324645996094,30714600
2009-08-18,17.71136919507268,17.94138596751728,17.461634908565124,17.698225021362305,35350300
2009-08-19,17.579931259155273,17.69822632426246,17.395916574155486,17.579931259155273,19453600
2009-08-20,17.606215794353762,17.619358712687045,17.4156290633031,17.533924102783203,14196700
2009-08-21,17.704794534883696,18.092538828500654,17.520779890176545,18.07282257080078,18664100
2009-08-24,18.223979423967553,18.223979423967553,17.704797097690367,17.763944625854492,16237900
2009-08-25,17.888809198417153,18.22397808217022,17.744227058826485,17.95452880859375,21848800
2009-08-26,17.928240435430148,18.361988076702897,17.888807920043742,18.118825912475586,15608400
2009-08-27,18.138540892872918,18.19768840829021,17.875663742961134,18.105680465698242,13446800
2009-08-28,18.19111887738728,18.24369431475267,17.90195334512898,18.197690963745117,12841400
2009-08-31,18.072822589325277,18.138542194894995,17.809945420543627,17.934812545776367,13091300
2009-09-01,17.898369636773786,18.209818039889804,17.646559213898534,17.719451904296875,15738800
2009-09-02,17.639934810472607,17.772465489043867,17.461017067287212,17.58029556274414,10684100
2009-09-03,17.633300131107205,17.832096691229566,17.514021689466706,17.825469970703125,9733200
2009-09-04,17.84535133324645,17.99776212385845,17.73269960455111,17.911617279052734,8150000
2009-09-08,18.04414982151885,18.26945330281782,17.918245901436077,18.209814071655273,12253300
2009-09-09,18.18331503194846,18.22307411247854,18.037529630140867,18.1435546875,10679500
2009-09-10,18.1568024102159,18.282707600097236,18.03752394231968,18.242948532104492,9446400
2009-09-11,18.223069479254757,18.23632292403455,17.88511422087841,18.11704444885254,14667900
2009-09-14,17.997760395665274,18.32908882896385,17.9513746172303,18.229690551757812,8349400
2009-09-15,18.282705809116933,18.35559847989469,18.05740233936555,18.163427352905273,10045700
2009-09-16,18.315838377953618,18.693552651340802,18.262825870529415,18.594154357910156,17815700
2009-09-17,18.82608071281073,18.839334152943582,18.388727299767506,18.501379013061523,13318200
2009-09-18,18.561027780186507,18.845970570070055,18.554401056710347,18.706811904907227,15767900
2009-09-21,18.527892536244906,18.819462024007773,18.448374389348405,18.647171020507812,8915700
2009-09-22,18.71343220495847,18.759817989451303,18.209812768903138,18.30258560180664,14328500
2009-09-23,18.36885491196508,18.521267010147653,18.09716559387002,18.123672485351562,14091100
2009-09-24,18.236318420866226,18.24957186237329,17.81884386081788,17.918243408203125,12037700
2009-09-25,17.81222013398395,18.044150343669987,17.593543368032645,17.792341232299805,11859300
2009-09-28,17.858606380662696,18.17668143242614,17.82547277282198,18.064029693603516,6862900
2009-09-29,18.103783014910874,18.183302384579836,17.679683080456417,17.779081344604492,13765400
2009-09-30,17.851984709628525,17.851984709628525,17.4411367035953,17.653186798095703,16564800
2009-10-01,17.659808345648514,17.659808345648514,17.301974232035786,17.441131591796875,16260800
2009-10-02,17.328480535643823,17.40799993286184,17.142937381998355,17.24896240234375,13849200
2009-10-05,17.335108396391067,17.447760145899462,17.229083369079405,17.328481674194336,10168400
2009-10-06,17.434505383819552,17.547157124813815,17.348360529608847,17.421253204345703,14352000
2009-10-07,17.407999755798432,17.507398053371478,17.275467849755753,17.321853637695312,13455700
2009-10-08,17.500768829233525,17.931495566405506,17.48088866699442,17.818843841552734,16128300
2009-10-09,17.79233535697031,17.898360344001034,17.65980349122313,17.86522674560547,11117900
2009-10-12,17.958002468806576,18.18330591875571,17.898363245942527,17.918243408203125,11015900
2009-10-13,17.904993294371206,18.29596104406748,17.79896827044523,18.242948532104492,13896000
2009-10-14,18.395365146666723,18.567656180854907,18.10379560696992,18.1435546875,17510700
2009-10-15,18.077282031796713,18.13692125834675,17.924869972881158,18.090534210205078,13350200
2009-10-16,17.991137020271847,18.136922366935185,17.785713707331023,18.064029693603516,12072000
2009-10-19,18.077288449544916,18.34897779409711,18.037528108450736,18.30921745300293,8302000
2009-10-20,18.1104174508844,18.335720953040283,17.798969086806807,17.87186050415039,12902600
2009-10-21,17.818845869911712,18.044149345264053,17.374865640707736,17.441131591796875,23488900
2009-10-22,17.36824245678396,17.79234387178502,17.262217419013233,17.70619773864746,14882100
2009-10-23,17.6531872143198,17.71945318639315,17.341738788668838,17.408004760742188,16329000
2009-10-26,17.427879771695512,17.586918574686443,17.229083163833863,17.29534912109375,17852200
2009-10-27,17.29534997542578,17.487519870662187,17.2092038475572,17.229084014892578,16016300
2009-10-28,17.22245652480688,17.22908324695664,16.67245122555691,16.705583572387695,22498500
2009-10-29,16.89775010155104,17.288717754033673,16.732085884869168,17.1694393157959,12980200
2009-10-30,17.116436221725376,17.162822025656386,16.53992387478111,16.626070022583008,19426300
2009-11-02,16.659200341862938,17.010409086274763,16.37425756521613,16.60618782043457,15585500
2009-11-03,16.506782290244008,16.751965884697857,16.21521291779238,16.566421508789062,17426600
2009-11-04,16.74534735139732,16.89775820045318,16.500163637070624,16.5399227142334,18645200
2009-11-05,16.685705148406985,17.103178544471028,16.6525715367079,16.98390007019043,15410500
2009-11-06,17.142939480524138,17.421255508979897,17.09655242251643,17.28209686279297,15066700
2009-11-09,17.434502546290364,17.80559131735654,17.36161114733478,17.765830993652344,13331200
2009-11-10,17.765839935593156,17.885118438905817,17.56041654873155,17.7724666595459,14851300
2009-11-11,17.99113722822412,18.18993508581252,17.92487127569465,18.0971622467041,18716700
2009-11-12,18.110422410364148,18.415245399545494,18.00439735254065,18.050783157348633,18713500
2009-11-13,18.064031933651428,18.256201827286176,17.81222153850761,18.11704444885254,14179800
2009-11-16,18.309210547225284,18.5212618279923,18.156799755604634,18.322463989257812,18782200
2009-11-17,17.9580111842447,18.090541871882323,17.46101826178729,17.88511848449707,31046300
2009-11-18,17.79895976933235,18.097154532731565,17.79233305051227,18.08390235900879,17834400
2009-11-19,18.03089289572653,18.05077305691375,17.7592036790896,17.964628219604492,11302700
2009-11-20,17.87848494467257,18.070656074775087,17.719447421786636,18.011016845703125,17600400
2009-11-23,18.136918994887864,18.28932977086497,18.04414617410025,18.229690551757812,18224600
2009-11-24,18.22306975587944,18.3357215103816,18.143550349911646,18.262828826904297,11705100
2009-11-25,18.269461150883814,18.481511279922564,18.077291195411874,18.455005645751953,11451600
2009-11-27,17.997761452265536,18.421861467331833,17.964629112557635,18.295957565307617,7517800
2009-11-30,18.28270752039272,18.38873254385647,17.865232884575963,18.13029670715332,16716700
2009-12-01,18.367490608692865,18.902012748715478,18.273949775808173,18.708248138427734,20488700
2009-12-02,18.72829075266784,19.02895822321442,18.70824574487216,18.928735733032227,17298300
2009-12-03,18.935412408850702,18.935412408850702,18.60801834758011,18.661470413208008,15502800
2009-12-04,18.995545301796877,19.04231569785288,18.674832922214804,18.76169204711914,16845500
2009-12-07,18.73497553196854,18.908693864109537,18.73497553196854,18.855241775512695,12664800
2009-12-08,18.76170074702923,18.78174575794724,18.400899471293172,18.48775863647461,15120500
2009-12-09,18.507801282031238,18.527845015989286,18.327400030019966,18.407577514648438,12481400
2009-12-10,18.561259231207345,18.77506762367419,18.54789588807853,18.701570510864258,11865000
2009-12-11,18.808469049292935,19.062367394770668,18.808469049292935,19.035640716552734,16327200
2009-12-14,19.256132892954497,19.376400409746307,19.109139969319124,19.289541244506836,11488900
2009-12-15,19.115820779999375,19.51671078541315,19.115820779999375,19.38976287841797,17012400
2009-12-16,19.463258155703418,19.623615682664585,19.309583572963696,19.349672317504883,13734200
2009-12-17,19.27616994970509,19.45657115045147,19.222717883676285,19.242761611938477,11472300
2009-12-18,19.36303570721719,19.389762386579225,18.98887111693617,19.142545700073242,17315800
2009-12-21,19.182634395118694,19.543436919184003,19.182634395118694,19.349672317504883,10009100
2009-12-22,19.409809982233654,19.65702671791003,19.34967621610693,19.570167541503906,11790600
2009-12-23,19.603573611694348,19.630299020595103,19.236090637119748,19.376401901245117,9789800
2009-12-24,19.49666809004424,19.536756837844937,19.36971890187732,19.489986419677734,3790100
2009-12-28,19.523398998582987,19.670393239270712,19.356361015545968,19.496673583984375,7299800
2009-12-29,19.483307546796222,19.583530067887448,19.236092079731094,19.556804656982422,6991500
2009-12-30,19.44320929145634,19.5634767677512,19.369712217187736,19.463253021240234,5703100
2009-12-31,19.43653407372284,19.623617018312206,19.30290321695925,19.32962989807129,7437100
2010-01-04,19.4766210829295,19.4766210829295,19.07572982281194,19.155908584594727,13120900
2010-01-05,19.195994483146343,19.369714045929324,18.902008707111758,19.29621696472168,15594300
2010-01-06,19.29622050719575,19.37639927181434,19.17595427186521,19.229406356811523,8833200
2010-01-07,19.282863383872606,19.523397190579697,19.196002927073987,19.45658302307129,12058200
2010-01-08,19.37640426735368,19.536760563534987,19.16927754408598,19.363040924072266,15609800
2010-01-11,19.37640265647066,19.389765998641096,18.761702935013584,18.815155029296875,23670500
2010-01-12,18.808467262045557,18.94209809164083,18.634747693330915,18.694881439208984,23075800
2010-01-13,18.708242031360935,18.875279906640944,18.708242031360935,18.795101165771484,15639100
2010-01-14,18.788428968773125,19.00223733850281,18.788428968773125,18.908695220947266,13208200
2010-01-15,18.91537645434855,19.169274843329493,18.7082497602629,19.089096069335938,23013500
2010-01-19,19.01559325167194,19.342988645561633,18.94209744486229,19.29621696472168,14170100
2010-01-20,19.175953821378386,19.269494649237398,18.94210047733266,19.149227142333984,13256400
2010-01-21,19.12918943958738,19.416494977062207,18.922062695472448,19.028966903686523,18900600
2010-01-22,18.868597287302997,19.075723885374998,18.494432822373426,18.52115821838379,16696600
2010-01-25,18.67484144607273,18.67484144607273,18.380854326737524,18.4543514251709,11098400
2010-01-26,18.374172696974505,18.67484148722977,18.374172696974505,18.527847290039062,13275800
2010-01-27,18.454350241864066,18.65479523914094,18.367489808485402,18.601343154907227,12821800
2010-01-28,18.661472927492856,18.67483626429973,18.167040935219894,18.267263412475586,19430400
2010-01-29,18.42094059358865,18.768379753803867,18.293991424587297,18.714927673339844,22453800
2010-02-01,18.71492920950033,19.008916313382596,18.64811378483642,18.968826293945312,17172100
2010-02-02,18.96882823114655,19.409808294806155,18.908694470247664,19.396446228027344,19640800
2010-02-03,19.33631187544218,19.33631187544218,18.881968484508207,19.022279739379883,19437300
2010-02-04,18.868597008216387,19.06236154261612,18.6013366800769,18.661470413208008,19813600
2010-02-05,18.608022292050684,18.755015185087053,18.394213984216677,18.694881439208984,20229400
2010-02-08,19.06237591505616,19.336318117242772,19.022285879810266,19.10246467590332,26005400
2010-02-09,19.289541244506836,19.436534168142213,19.08909495838772,19.289541244506836,18057700
2010-02-10,19.269494878246487,19.34967236753617,18.975507777255153,19.142545700073242,14481500
2010-02-11,19.182633719024977,19.423168726590838,19.06904915922795,19.36971664428711,14614200
2010-02-12,19.209363953820592,19.376401901245117,19.07573308612161,19.376401901245117,15027700
2010-02-16,19.456580805203746,19.710477926230052,19.329631607491386,19.67038917541504,13317200
2010-02-17,19.88419135388771,20.084636319944636,19.87750968509941,20.057910919189453,21524600
2010-02-18,20.057911575239515,20.298445287495547,19.957689088932998,20.244993209838867,16564800
2010-02-19,20.18486222841134,20.345219757747703,20.044550983239812,20.144773483276367,18576300
2010-02-22,20.311808170820484,20.412030654883477,20.178178616869168,20.25835609436035,16101000
2010-02-23,20.418718450730054,20.73275060926238,20.27840718581865,20.54566764831543,35770100
2010-02-24,20.56570960198972,20.993326278381513,20.538982922516123,20.953237533569336,22937500
2010-02-25,20.75947293058042,21.01337128798671,20.706020846031443,20.953237533569336,15049200
2010-02-26,20.95324246635995,20.95324246635995,20.679300309255503,20.846338272094727,13879200
2010-03-01,20.87305466098226,21.08018128853982,20.772832181480084,21.000003814697266,14182000
2010-03-02,20.973281268776315,21.10023044747946,20.893103779151964,20.953237533569336,15189500
2010-03-03,21.00000608838043,21.25390314890206,20.926509000735543,21.026731491088867,13900900
2010-03-04,21.0735083210335,21.100233730266833,20.91315076803983,21.00669288635254,13777600
2010-03-05,21.080181195792004,21.320716165057306,21.040092459047106,21.24721908569336,18768700
2010-03-08,21.167044331454,21.407579331619928,21.167044331454,21.3541259765625,11048000
2010-03-09,21.337979051544803,21.506259639383867,21.31778491880768,21.32451629638672,15127700
2010-03-10,21.26392783169859,21.459132578497908,21.16969114592503,21.344701766967773,10532400
2010-03-11,21.257194887742088,21.687993884941005,21.21680792308791,21.627412796020508,15316800
2010-03-12,21.694737168994024,21.943791767010055,21.620693285534493,21.842824935913086,14953600
2010-03-15,21.869735939492955,22.017821040390636,21.728378361342443,22.004358291625977,12049100
2010-03-16,21.950513986300155,22.08513893147049,21.77550078725154,21.910125732421875,13690400
2010-03-17,21.869743600801094,21.970710400271084,21.768774233573428,21.889936447143555,14730700
2010-03-18,21.842819649461457,21.916863515000713,21.694731918382946,21.80916404724121,17763500
2010-03-19,21.782241821289062,21.923596912573252,21.607228554953952,21.782241821289062,22430600
2010-03-22,21.634147988013382,22.071678463133054,21.634147988013382,21.990901947021484,11737300
2010-03-23,21.937057495117188,21.963983005386357,21.721658548479827,21.937057495117188,11511400
2010-03-24,21.836082092013175,21.94378153562301,21.70145971331884,21.755308151245117,11804400
2010-03-25,21.876472830455178,22.159182939125117,21.84954732455588,21.957246780395508,12956600
2010-03-26,21.99089730689604,22.199566077851763,21.963974374963836,22.044748306274414,12346300
2010-03-29,22.06494500844376,22.138988861667922,21.876471613151296,21.943782806396484,8929400
2010-03-30,21.916854276290866,22.132253121011832,21.876466029996894,22.004358291625977,8666400
2010-03-31,21.9033941887972,21.970705373042048,21.6745325675048,21.77549934387207,10342100
2010-04-01,21.815891010777175,21.963978720610367,21.647610456060363,21.795698165893555,9432500
2010-04-05,21.775503996885973,22.03802383415341,21.64761169238976,21.984172821044922,11381200
2010-04-06,21.957244078067905,22.031287926299452,21.82261913289757,21.910125732421875,9399600
2010-04-07,21.876468091069842,22.024555773676255,21.795694158628628,21.950511932373047,11070100
2010-04-08,21.849548681380323,22.26688634546281,21.80916298778105,22.192842483520508,13825000
2010-04-09,22.23322940659814,22.48228651376903,22.105337090198564,22.381317138671875,13060700
2010-04-12,22.36112404836953,22.596715830698678,22.307273030832672,22.536134719848633,12251500
2010-04-13,22.48900750557786,23.303484566838776,22.48900750557786,23.11501121520996,30322500
2010-04-14,23.101553959846097,23.606395615555595,23.08809120756295,23.545814514160156,24720700
2010-04-15,23.51888990187898,23.660247522336274,23.38426750945495,23.653514862060547,17975700
2010-04-16,23.552553148241785,23.613134265003513,23.364077136228588,23.56601333618164,28512200
2010-04-19,23.50541982677606,23.741014075641864,23.38426022488907,23.6737003326416,17571800
2010-04-20,23.77468335145596,23.88911549656195,23.56601447964987,23.68044662475586,14848400
2010-04-21,23.660244357088033,23.85544782709173,23.61985610410941,23.741018295288086,19597400
2010-04-22,23.660244906607172,24.158353866126355,23.57946839877385,24.04392433166504,21648900
2010-04-23,24.070845454151115,24.52856869304751,24.030459771032476,24.49491310119629,21336400
2010-04-26,24.582429635614197,24.92572091973865,24.54204136840504,24.562236785888672,22057300
2010-04-27,24.488191444534326,24.488191444534326,23.70063697161719,23.754487991333008,20588400
2010-04-28,23.8487108897278,23.996798540383832,23.57946108267255,23.68716049194336,19371600
2010-04-29,23.862187744056815,24.20547901163562,23.828532140217007,23.93623161315918,16263800
2010-04-30,24.030472073158673,24.225678200689202,23.71410369873047,23.71410369873047,15800700
2010-05-03,23.821795284304176,24.272788513173225,23.67370757217441,24.144893646240234,12644500
2010-05-04,23.93622879171625,23.95642163808834,23.417924336851947,23.841989517211914,25531100
2010-05-05,23.714094442817785,24.010267281990767,23.579469491281927,23.720827102661133,24373800
2010-05-06,23.50542479705726,23.81506294481875,21.587027651642842,22.859228134155273,31183100
2010-05-07,22.711152248650787,23.1015619285002,21.963985929631942,22.502483367919922,28620700
2010-05-10,23.316957443294825,23.82853185956328,23.276571746265912,23.754487991333008,21683400
2010-05-11,23.646783927152732,24.20547402553087,23.606395670209782,23.98334503173828,26625400
2010-05-12,24.010269900623186,24.19201321985446,23.81506639575196,24.158357620239258,19130600
2010-05-13,24.131427803052677,24.232397151620642,23.64004894672012,23.741018295288086,20229800
2010-05-14,23.73427719612905,23.87563474740964,23.397716244258067,23.693891525268555,22621300
2010-05-17,23.53908582383416,24.0237320961047,22.94000743422027,23.9564208984375,33494400
2010-05-18,24.104506144530774,24.43433457416186,23.040971869621934,23.377532958984375,49088700
2010-05-19,23.141937255859375,23.269829523497396,22.650558457767755,23.141937255859375,27200100
2010-05-20,22.65729679510219,22.81211461788322,22.071681105842153,22.138992309570312,29536800
2010-05-21,21.714921423861945,22.536131343978425,21.708191331556918,22.22649574279785,36007500
2010-05-24,22.11206316212347,22.596711966035457,22.05148206163447,22.361120223999023,24263400
2010-05-25,21.903397061992212,22.913080364653418,21.82262054899397,22.872692108154297,30507700
2010-05-26,23.256371406310294,23.525621312369687,22.839036362899897,22.9130802154541,25393100
2010-05-27,23.22945266183548,23.343884803925135,23.007323607291564,23.256378173828125,16379300
2010-05-28,23.269833940310306,23.316952288265508,22.764992296998237,22.79191780090332,17549000
2010-06-01,22.653638061807293,23.16202314490832,22.518070774937883,22.734981536865234,17273700
2010-06-02,22.789200394779467,22.96544194664958,22.633295997835532,22.958662033081055,14262300
2010-06-03,22.97900249537632,23.087457856068145,22.484172164828856,22.66041374206543,15651600
2010-06-04,22.287600070477122,22.301157314679752,21.650423814743135,21.79277229309082,20061800
2010-06-07,21.867335103223727,21.975790480218894,21.352172708941733,21.386064529418945,20853000
2010-06-08,21.372505400652564,21.596194744072395,21.182707872673053,21.562301635742188,16153400
2010-06-09,21.602975417753562,21.962234642839633,21.43351373867542,21.528411865234375,15788600
2010-06-10,21.853770296336204,22.206248168569978,21.75209229633638,22.179136276245117,15343000
2010-06-11,21.901223885838302,22.03001380489399,21.54196473373357,21.84021759033203,13693000
2010-06-14,22.016467844184163,22.12492324890307,21.684323005621216,21.731773376464844,20280100
2010-06-15,21.752101662951894,21.94867783518327,21.386063808268663,21.867334365844727,19748300
2010-06-16,21.66398285396345,21.86733637442833,21.474186579633606,21.785995483398438,16321600
2010-06-17,21.819888909125286,21.89445247545659,21.318283694173715,21.63009262084961,23934100
2010-06-18,21.657205487680237,21.887673500030957,21.548750104561094,21.650426864624023,19785600
2010-06-21,21.806332795342982,21.826669959987008,21.175936285661756,21.30472755432129,16599700
2010-06-22,21.325056679629103,21.419956097320366,20.694660331162055,20.74888801574707,22902300
2010-06-23,20.728547894401377,20.870896345274485,20.518415821377918,20.674320220947266,24796400
2010-06-24,20.430302858564094,20.464195975493126,20.043930375804607,20.11171531677246,28837400
2010-06-25,20.050702777185514,20.50486005998169,20.050702777185514,20.47096824645996,43592400
2010-06-28,20.43707940117007,20.491307089845176,20.050706957748687,20.057485580444336,15451400
2010-06-29,19.75922642245214,19.75922642245214,19.264398757543194,19.40674591064453,22817400
2010-06-30,19.33896698688492,19.562656348140813,18.972929145071646,19.027156829833984,20940900
2010-07-01,19.25762655712174,19.31863286961489,18.63400747943962,18.92548179626465,27119600
2010-07-02,18.986491676686793,18.986491676686793,18.695017305088093,18.81702995300293,15404500
2010-07-06,18.972931624560136,19.067829762073547,18.36964839112746,18.532331466674805,18300200
2010-07-07,18.634005836692527,19.040714119828674,18.51199322246268,18.986486434936523,21796200
2010-07-08,19.21695067638894,19.23728524620703,18.789906609752663,19.08138084411621,15975800
2010-07-09,19.04749136959775,19.19661716908352,18.932257385893777,19.155946731567383,13507400
2010-07-12,19.135614532746256,19.494873796160892,19.135614532746256,19.189842224121094,14259400
2010-07-13,19.311853596629344,19.61688514882571,19.176285023456565,19.413530349731445,22058600
2010-07-14,19.352527559413,19.352527559413,19.040718620798177,19.169509887695312,13638600
2010-07-15,19.12883429127034,19.257625532222676,18.925480789042467,19.210176467895508,13535300
2010-07-16,19.081386678638054,19.169507484426976,18.335754958925474,18.376426696777344,21870900
2010-07-19,18.41031431386992,18.478099235250912,18.200182221189706,18.349308013916016,17061600
2010-07-20,18.13239929021774,19.000043534778833,18.044279787772386,18.93225860595703,23279400
2010-07-21,18.830584410619352,18.98648886301078,18.53911008221528,18.620450973510742,17161300
2010-07-22,18.783126173424126,19.298289676223295,18.783126173424126,19.128828048706055,26142700
2010-07-23,19.07460636863139,19.223733475118614,18.911923310282617,19.149169921875,18979200
2010-07-26,19.142387162425596,19.704999769123077,19.135608541514816,19.650772094726562,16149800
2010-07-27,19.813462032017238,19.908361464994528,19.345748661967814,19.372861862182617,14851100
2010-07-28,19.372856960239368,19.623660786438524,18.979705959927884,19.033933639526367,13917900
2010-07-29,19.16272841933658,19.332190111139223,18.823805035731294,19.013601303100586,15504300
2010-07-30,18.8102434488663,19.359298841580816,18.72890128670239,19.325407028198242,14837700
2010-08-02,19.53554252910992,19.820238207095763,19.44064440074465,19.7388973236084,17882200
2010-08-03,19.71856195187389,19.77956826246769,19.257625957560776,19.284740447998047,11724700
2010-08-04,19.3931978154803,19.610108589693077,19.325412875316257,19.46776008605957,10987700
2010-08-05,19.332189510780346,19.61010657327479,19.203398267000704,19.460979461669922,9101200
2010-08-06,19.338964668071522,19.440641403198242,19.122052662140735,19.440641403198242,11372800
2010-08-09,19.50165363061537,19.63722222102876,19.440647312417767,19.454204559326172,8354900
2010-08-10,19.250844658375023,19.332186825487216,18.993263499484524,19.14238929748535,13866400
2010-08-11,18.93225774092415,19.020377239343244,18.708568391055774,18.783130645751953,11672600
2010-08-12,18.66112341087856,18.81024924576487,18.511996283102043,18.715351104736328,9886800
2010-08-13,18.64755942560511,18.78312796481462,18.484876402819854,18.51198959350586,9316000
2010-08-16,18.6407751164141,19.02714733923748,18.49164938092295,18.559432983398438,12152400
2010-08-17,19.000045950754238,19.521986995403235,18.783133892364745,19.189842224121094,22537900
2010-08-18,19.216952552789202,19.65755261136246,19.196616688095716,19.562654495239258,13733000
2010-08-19,19.359295965560673,19.55587207406769,18.95936642118881,19.128828048706055,14149300
2010-08-20,19.03393958736961,19.196622677001283,18.905148323244017,19.094945907592773,12430300
2010-08-23,19.359308946133016,19.413536651583062,18.844145097912342,18.86448097229004,11447300
2010-08-24,18.674674050932257,19.033933228571755,18.369643844610273,18.83057975769043,16615700
2010-08-25,18.701793184852242,19.31863366511415,18.701793184852242,19.203399658203125,14357500
2010-08-26,19.24407186712878,19.359305884598005,19.16273096826243,19.237293243408203,12712200
2010-08-27,19.3321860064131,19.54909671900228,19.155945729211936,19.481311798095703,12750900
2010-08-30,19.481315984927402,19.521986429056113,18.966152285366654,18.972930908203125,9632800
2010-08-31,18.888166632207554,19.195792026821756,18.83347781804105,19.01805305480957,12408200
2010-09-01,19.195790629671542,19.64697363967726,19.182118101154014,19.59912109375,12772500
2010-09-02,19.660647054414188,20.200698916358935,19.646974525280363,20.10499382019043,14321400
2010-09-03,20.446789426703287,20.727069620209914,20.180181755778328,20.405773162841797,12769800
2010-09-07,20.275890134896052,20.37159520091317,20.01611868261371,20.0502986907959,8605900
2010-09-08,20.043461743692692,20.24170943525165,20.01611799885776,20.13233184814453,9560100
2010-09-09,20.357930393629662,20.433126696097425,20.029796213838523,20.10499382019043,7879000
2010-09-10,20.15284527126017,20.35792928545146,20.13233778255989,20.289567947387695,7330900
2010-09-13,20.467300096818416,20.61085768550549,20.351086251931132,20.501480102539062,9961400
2010-09-14,20.528827711530454,20.665549055354898,20.426285073807364,20.487810134887695,14073800
2010-09-15,20.357926624683518,20.515156768961443,20.269056505650674,20.467304229736328,9804100
2010-09-16,20.42629203356066,20.54250593254454,20.30324317335795,20.474145889282227,9352500
2010-09-17,20.542498320891966,20.638204692988577,20.371595668292585,20.433120727539062,13015200
2010-09-20,20.535667474470696,21.014194215243624,20.43996108320889,20.952669143676758,11541200
2010-09-21,21.048370976940994,21.376503751651537,20.980009656238696,21.130403518676758,13833500
2010-09-22,21.01419443250676,21.342327281666556,21.01419443250676,21.109899520874023,11663500
2010-09-23,20.92531614466799,21.25344884542966,20.90480736191409,21.08254623413086,16047000
2010-09-24,21.376503215067984,21.66361971170357,21.355994428206973,21.629438400268555,11421600
2010-09-27,21.677292841629743,21.772999218193455,21.49271895915908,21.602096557617188,7991000
2010-09-28,21.62943929653857,21.90971954250127,21.43802916010576,21.74565315246582,12505200
2010-09-29,21.69780061835762,21.827686999425428,21.643111821679135,21.74565315246582,9178300
2010-09-30,21.79351115371547,22.032775188162255,21.61577349783578,21.656789779663086,11401200
2010-10-01,21.745660454494505,21.902891938640586,21.636282824409356,21.75249671936035,8648800
2010-10-04,21.677289956802245,21.861865118593354,21.554241152825156,21.649946212768555,10321100
2010-10-05,21.43119197329279,21.82768605808351,21.3628306544219,21.697799682617188,15975000
2010-10-06,21.718308469443567,21.78666978831446,21.561078348759114,21.697799682617188,9957300
2010-10-07,21.76616100148808,21.950736171274375,21.595258356252703,21.697799682617188,13163400
2010-10-08,21.759328190887636,21.971247139508698,21.670459374976843,21.800344467163086,10578500
2010-10-11,21.800343206693068,21.800343206693068,21.62260428126422,21.731983184814453,8358700
2010-10-12,21.697801387703,21.725146438953704,21.36283233318472,21.472209930419922,12539000
2010-10-13,21.622601027061226,21.636273550932767,21.150910688445773,21.191926956176758,15267600
2010-10-14,21.23978691925751,21.32182078731301,20.856965244061435,21.062047958374023,11242500
2010-10-15,21.191931517860546,21.246620321235152,20.795437367423673,20.986848831176758,12945300
2010-10-18,20.959497145340134,21.021022192653703,20.631364428923433,20.870628356933594,10701300
2010-10-19,20.713397627346218,21.034695396814623,20.679217623901458,20.78859519958496,12047100
2010-10-20,20.863802810174832,21.171426900837744,20.733916387601152,21.007360458374023,18500800
2010-10-21,21.116731338721376,21.902884583814753,21.109895076151098,21.74565315246582,22203300
2010-10-22,21.718311118789362,21.752491130452462,21.465374599277276,21.520063400268555,9102000
2010-10-25,21.479046518752483,21.759326778900874,21.4106851934735,21.465373992919922,8561300
2010-10-26,21.376502341707255,21.54056871824109,21.19192717915032,21.390174865722656,9277900
2010-10-27,21.2261089118658,21.2261089118658,20.815943589109636,21.123567581176758,11575100
2010-10-28,21.31497541461838,21.383336724804956,21.10989148405865,21.32181167602539,7932400
2010-10-29,21.253453962120886,21.31497902131106,21.10306009736921,21.123567581176758,9499200
2010-11-01,21.19193057971227,21.40384952042191,20.891141522525647,20.993682861328125,8229900
2010-11-02,21.191931509780535,21.85503341343029,21.178258982971116,21.540573120117188,15092700
2010-11-03,21.60893608757349,21.636279839380222,21.21927817116841,21.506393432617188,9073300
2010-11-04,21.75933036875897,21.861871721652825,21.71147782433411,21.83452796936035,11096000
2010-11-05,21.841355341400085,22.073783008738868,21.71830524646973,21.820846557617188,10750000
2010-11-08,21.622604412084723,21.629440675090713,21.328652926130232,21.526899337768555,9696400
2010-11-09,21.520061818026686,21.540570605846977,21.31497915535886,21.513225555419922,10268600
2010-11-10,21.52006710172661,21.67046230823355,21.362836934818528,21.656789779663086,11175200
2010-11-11,21.444860718125703,21.827682210892124,21.417515673843507,21.670452117919922,9226300
2010-11-12,21.51322522654294,21.71147292745712,21.431192684283364,21.492717742919922,10594800
2010-11-15,21.48588310749973,21.855032183390225,21.43119430722396,21.458538055419922,9645900
2010-11-16,21.67045881816546,22.43610204042599,21.561081214985386,21.67729377746582,25568500
2010-11-17,21.643112798788376,21.67729280929912,20.966338420381785,21.075716018676758,19411800
2010-11-18,21.185092310396783,21.253453631085964,21.021025923072994,21.103059768676758,26258300
2010-11-19,21.055208669447733,21.34232521057129,21.055208669447733,21.34232521057129,25364400
2010-11-22,21.226109157802107,21.431193125440156,21.10989530063901,21.253454208374023,23205700
2010-11-23,21.178256052003245,21.191928576920454,21.075714722891668,21.130403518676758,11698400
2010-11-24,21.314980204108906,21.431194066374356,21.246618878561492,21.301307678222656,9748600
2010-11-26,21.137238164574228,21.301304539381817,21.08938563490747,21.191926956176758,4182200
2010-11-29,21.103063029152086,21.1372430428357,20.733912622726105,20.980012893676758,11838700
2010-11-30,20.708576587068446,21.087476820745337,20.653463993041175,20.811912536621094,12889600
2010-12-01,21.08058520395153,21.872829146458788,21.08058520395153,21.776382446289062,17102400
2010-12-02,21.783279186897232,23.099092509810795,21.783279186897232,22.981979370117188,25843400
2010-12-03,22.857970056354674,23.11975585974437,22.73396639306354,23.06464195251465,16353500
2010-12-06,23.04398100999775,23.112870782377914,22.94064372345114,22.96820068359375,9357000
2010-12-07,23.195543252223356,23.374660897740984,23.092208574864884,23.11287498474121,12615800
2010-12-08,23.037090333146878,23.52621717515307,23.016423927138288,23.443546295166016,11406300
2010-12-09,23.836213464177746,23.939550705463354,23.340201538742367,23.643320083618164,15158700
2010-12-10,23.712214493181943,23.787994801310795,23.5262116270166,23.69843864440918,11475700
2010-12-13,23.698437235093508,23.87066424224397,23.65710180730619,23.80866241455078,12755700
2010-12-14,23.843109688146576,24.042893667246343,23.74666297491933,23.91888999938965,11134100
2010-12-15,23.815549080934435,24.1737815522478,23.80177060573291,23.96710968017578,13972800
2010-12-16,24.00156263862121,24.263348499676475,23.898225353790462,24.194456100463867,11193300
2010-12-17,24.10489781604738,24.297791261026056,24.063562380133625,24.180675506591797,17797200
2010-12-20,24.28401764340796,24.449356792183426,24.153126012110818,24.24957275390625,8956500
2010-12-21,24.35979216498454,24.449350958702038,24.16000817437473,24.166898727416992,7002600
2010-12-22,24.22200796104634,24.352899550031132,24.118670697969662,24.23578643798828,6448100
2010-12-23,24.201356485649974,24.38736209712028,24.132464058451312,24.173799514770508,6238800
2010-12-27,24.07045363938597,24.39424136228363,23.9395620161605,24.277128219604492,5111100
2010-12-28,24.263358356140074,24.31846966992162,24.0911312301095,24.173799514770508,4081700
2010-12-29,24.160020200961917,24.31846883612007,24.0360164642334,24.0360164642334,6126800
2010-12-30,23.96711744022238,24.15312297370449,23.93956048089697,24.01534080505371,6563300
2010-12-31,23.932675318830814,24.16690424419332,23.856894985922857,24.153125762939453,5411300
2011-01-03,24.249569484267205,24.50446478578353,24.242678930509967,24.325349807739258,7464300
2011-01-04,24.29778779192646,24.497571761688125,23.863774974714218,23.884441375732422,14359700
2011-01-05,23.849995214362526,24.022222221512983,23.71910363499938,23.80866241455078,11479400
2011-01-06,23.856893878089043,23.97400702134366,23.588220076056476,23.712221145629883,11526700
2011-01-07,23.712223831000998,23.836227542594088,23.546887300861385,23.684669494628906,11735800
2011-01-10,23.533106436193922,23.746668946311335,23.471104586674446,23.69155502319336,9825600
2011-01-11,23.84311375123431,24.25645762921036,23.760445501234354,24.01534080505371,12408600
2011-01-12,23.973994214657303,24.159999661619715,23.877547529856436,23.99466323852539,8963300
2011-01-13,23.98089717711389,24.304682268245333,23.912004775188585,24.297794342041016,10713100
2011-01-14,24.18757446641935,24.80070252503415,24.125572604987685,24.72492218017578,13844200
2011-01-18,24.780029220838216,24.94536572001311,24.70424889705961,24.81447410583496,10765000
2011-01-19,24.800692619669125,24.800692619669125,24.44246007758346,24.54579734802246,9110300
2011-01-20,24.62158063639635,25.2415964499877,24.614690082614334,25.138261795043945,13483000
2011-01-21,25.365601073740358,25.482716840567168,25.124484242003355,25.15203857421875,11886200
2011-01-24,25.1175894330875,25.248483657836914,25.007364238968787,25.248483657836914,8884200
2011-01-25,25.152037336921985,25.613607199510856,25.062481162668817,25.599828720092773,14228300
2011-01-26,25.60672075182213,26.164737431838663,25.592944898171346,25.778947830200195,14228300
2011-01-27,25.840949949776707,26.261184445825165,25.772060168906368,26.164737701416016,10722100
2011-01-28,26.1027222739059,26.15094562103411,25.234699397622766,25.282922744750977,12588000
2011-01-31,25.57915352861785,25.613598401343257,25.17958564667218,25.331146240234375,11189800
2011-02-01,25.44826809412952,25.579162334714287,25.145149430626294,25.482715606689453,9623200
2011-02-02,25.289823776356354,25.462050856219268,25.062485397485176,25.18648910522461,7782400
2011-02-03,25.20025452509909,25.524039480392037,25.12447422876181,25.282922744750977,5664700
2011-02-04,25.324264939976917,25.592941352524658,25.158928439306624,25.351821899414062,7559900
2011-02-07,25.35181525995635,25.406929164396708,25.193366726653725,25.214033126831055,7046400
2011-02-08,25.23470821343047,25.6756090429041,25.08314756780782,25.599828720092773,6137400
2011-02-09,25.53782068155755,25.627379462061167,25.468930929155142,25.60671043395996,6812400
2011-02-10,25.58605119623046,25.79961369322222,25.53093990447615,25.703166961669922,6009500
2011-02-11,25.510267077921664,25.820276260375977,25.262259731958217,25.820276260375977,10053400
2011-02-14,25.813393179095815,25.944284801592413,25.675611002376197,25.88917350769043,9070800
2011-02-15,25.896053179715537,25.992499884284495,25.71004769462872,25.964942932128906,6538400
2011-02-16,25.999399233162205,26.240516076166053,25.89606194160256,26.082067489624023,6801500
2011-02-17,26.061392543855977,26.33006626031212,25.90983193335225,26.302509307861328,8196500
2011-02-18,26.26806898520943,26.522964269629707,26.17162226288695,26.509185791015625,12894800
2011-02-22,27.074089152338797,27.129203064511152,26.01316999480476,26.240510940551758,20604500
2011-02-23,26.185405740478895,26.37141131398221,25.420719664489962,25.69628143310547,15127800
2011-02-24,25.648044228578115,25.951162799007935,25.33803510656157,25.586042404174805,9342800
2011-02-25,25.627384124866847,25.820277569070306,25.338041330585572,25.544715881347656,9723700
2011-02-28,25.592947885389204,25.86162173854243,25.530946024817155,25.813398361206055,9736700
2011-03-01,25.586038818398453,25.985606659216554,25.276029739828388,25.32425308227539,10015500
2011-03-02,25.214028044357313,25.482704332382703,25.02802522430331,25.25536346435547,12677300
2011-03-03,25.503383048767116,25.916726936529734,25.45515968279402,25.86850357055664,8060300
2011-03-04,25.799611435711036,26.0820636796747,25.338041596272202,25.641162872314453,9269600
2011-03-07,25.66871532580089,25.9718365796896,25.37248725273606,25.400041580200195,8888200
2011-03-08,25.469406983618427,25.84395506297037,25.3445567418621,25.691362380981445,14254200
2011-03-09,25.72603902557349,26.204629791960123,25.601188800269725,26.128332138061523,9339800
2011-03-10,25.90637803497223,26.01042077644474,25.621997540319775,25.712167739868164,8897300
2011-03-11,25.684415939597923,25.906371260509378,25.4347155420935,25.760713577270508,7729400
2011-03-14,25.608125139541503,25.621997681542087,25.164214379190142,25.441659927368164,8729100
2011-03-15,24.90063661172246,25.358419777897378,24.845146460226808,25.171144485473633,8897300
2011-03-16,25.06711124357546,25.15034385634433,24.574647869643847,24.748050689697266,13998700
2011-03-17,25.018553963057528,25.06017158457789,24.630130766617135,24.80353355407715,9726300
2011-03-18,24.99775012045979,25.157280390675925,24.803537170960933,24.97000503540039,11368200
2011-03-21,25.17115389296839,25.455534410878162,25.164216298480543,25.268259048461914,7704500
2011-03-22,25.2196970450743,25.400034745603065,25.150334355704736,25.171144485473633,6506200
2011-03-23,25.025497298931935,25.441663025967923,24.990814616747965,25.40004539489746,8496900
2011-03-24,25.559577270048276,26.183828545391428,25.517962282303618,25.913320541381836,9999300
2011-03-25,25.948000124655852,26.232380668231134,25.899447542527188,25.95493507385254,7611400
2011-03-28,25.982670216052032,26.017350240594183,25.40003680762861,25.420846939086914,8585300
2011-03-29,25.92025781162841,26.22544852730876,25.7676650997058,26.149150848388672,18370800
2011-03-30,26.052036457543313,26.24624673815041,25.80927096086781,26.058971405029297,7722000
2011-03-31,25.864768639984014,25.982681302924192,25.531835499666734,25.705238342285156,8917300
2011-04-01,25.746849449710517,26.267057899142777,25.63587175300165,26.052040100097656,9247500
2011-04-04,25.99655706644856,26.169959930535796,25.82315420236132,25.989622116088867,6571700
2011-04-05,25.850899706996216,26.246258031732967,25.83702716013836,26.079790115356445,10098700
2011-04-06,26.149142613940835,26.211567727406898,25.80927196375521,26.010419845581055,10077900
2011-04-07,25.96881008413555,26.28787334174405,25.830089919690806,26.239320755004883,10395700
2011-04-08,26.287866181218106,26.329481160849053,25.830082883860005,25.982675552368164,9848100
2011-04-11,25.975749982799165,26.315618120104485,25.941069938613406,26.079790115356445,7032900
2011-04-12,25.954935508118357,26.3502964127939,25.913320520407385,26.190763473510742,8542600
2011-04-13,26.246247415700278,26.336417610845597,25.781526544643665,26.128332138061523,10337800
2011-04-14,26.07978986718995,26.336428012741578,25.97574973562268,26.246257781982422,6608300
2011-04-15,26.3225393597451,26.634664855298624,26.315601767668287,26.47513198852539,10440600
2011-04-18,26.20463601805351,26.232381107139044,25.809277759295295,26.190763473510742,8250600
2011-04-19,26.280931206613698,26.371101414662217,26.05897580673818,26.19769859313965,7023300
2011-04-20,26.551444598860304,26.71097490968032,26.24625652328083,26.315616607666016,8887400
2011-04-21,26.40577930154503,26.47513936614445,26.038166196517764,26.218503952026367,8406800
2011-04-25,26.08672013420974,26.15608020243391,25.864764740792,26.052040100097656,8594000
2011-04-26,25.857831072471345,26.045106460211436,25.62200310041909,25.80927848815918,14100000
2011-04-27,25.871701796861963,26.045104627465484,25.649746385362832,25.885574340820312,12615000
2011-04-28,25.78153656245,26.128342290624477,25.77460161209031,25.989622116088867,9730800
2011-04-29,25.98267986792431,26.05204258869128,25.677491834301414,25.767662048339844,15945000
2011-05-02,25.96880481941859,26.128335092922125,25.7884670546502,25.90637969970703,7918500
2011-05-03,25.71910698648936,25.95493227660302,25.705234443673792,25.90637969970703,8833000
2011-05-04,25.87169062598081,26.093645941644052,25.732967892212265,25.795392990112305,11319900
2011-05-05,25.663620165391514,25.9618732600681,25.511024820417255,25.670555114746094,13661700
2011-05-06,25.899447788436568,25.996552953615883,25.504089532539467,25.65668487548828,10677800
2011-05-09,25.61505677261216,25.72603443687435,25.45552654560502,25.6358642578125,6550000
2011-05-10,25.587314326635116,25.920247353662713,25.587314326635116,25.850887298583984,6818400
2011-05-11,25.670557184834625,25.899450220754073,25.608132051940007,25.823152542114258,9594900
2011-05-12,25.76767331306924,25.961883724284274,25.580397854003998,25.864778518676758,9749400
2011-05-13,25.878640638226386,25.913320676833987,25.511024820417255,25.670555114746094,8666600
2011-05-16,25.44859802612536,25.878638943635067,25.351492866015803,25.64974594116211,11603500
2011-05-17,25.906378341718074,26.315609072616333,25.79540065092788,25.94106101989746,17428400
2011-05-18,25.899442947189456,26.038165719765175,25.767657768496772,25.982675552368164,9069300
2011-05-19,25.975743530504435,25.975743530504435,25.72604304092337,25.934125900268555,7015200
2011-05-20,25.88556902199464,25.92024905180604,25.594253596478893,25.698293685913086,8154000
2011-05-23,25.448589052155125,25.663609435087054,25.33761138746167,25.538759231567383,9662800
2011-05-24,25.573447327544343,25.587319870749212,25.289066806637212,25.351491928100586,10580400
2011-05-25,25.351494151537427,25.462471860992537,25.19196385956554,25.406984329223633,12316900
2011-05-26,25.282127955044704,25.434720614907505,25.0463000488022,25.101787567138672,8083300
2011-05-27,25.219705509101107,25.26132049077326,24.907579916975212,24.97000503540039,9596500
2011-05-31,25.094847413485503,25.164207458496094,24.983869753918885,25.164207458496094,8628100
2011-06-01,25.05323507272663,25.15034021454889,24.553836822509766,24.553836822509766,10483000
2011-06-02,24.449808697118364,24.491426345303605,24.075257801205957,24.338830947875977,11346600
2011-06-03,24.012820630303818,24.17928849378741,23.8810354459038,24.019758224487305,8840300
2011-06-06,23.950393118409032,24.144606047381238,23.78392791748047,23.78392791748047,7485400
2011-06-07,23.901843584886038,24.290266846271276,23.79780348256433,23.811676025390625,9335000
2011-06-08,23.721506193617564,23.804738805969336,23.59665595213139,23.652143478393555,9432400
2011-06-09,23.67295324304468,23.97120629901751,23.65908070021839,23.811676025390625,6934100
2011-06-10,23.70069762304792,23.756187798895823,23.180489131101297,23.215171813964844,12388200
2011-06-13,23.208230353961063,23.499548436812443,23.17355032279029,23.242910385131836,11743300
2011-06-14,23.662206998917362,24.340067874869707,23.557382217714757,24.284160614013672,17534700
2011-06-15,24.004631460006173,24.08849235764378,23.634255159091353,23.676185607910156,14608600
2011-06-16,23.80895835392648,24.305123272768654,23.76702791040842,24.109453201293945,14084900
2011-06-17,24.256207451010965,24.409949755522803,23.976679138758954,24.13041877746582,18322400
2011-06-20,23.962696450768373,24.444884470652248,23.95570671183718,24.298131942749023,7866600
2011-06-21,24.382002772950145,24.780332792523268,24.179342891888535,24.759368896484375,14805200
2011-06-22,24.647558496486717,24.738406494484707,24.38200424546498,24.409957885742188,9901700
2011-06-23,24.158382200543155,24.927088703072005,24.137418301723333,24.913114547729492,17098000
2011-06-24,24.892139610720676,24.9410571353844,24.5147762298584,24.5147762298584,15738100
2011-06-27,24.47983880611629,24.731416231711812,24.235251123346092,24.59864044189453,8424900
2011-06-28,24.696468401643482,25.35336275030994,24.64056113836717,25.199623107910156,17004200
2011-06-29,25.26251841826478,25.37433028331475,25.01094105545105,25.14371681213379,12298200
2011-06-30,25.290474859532477,25.374335775826292,25.115768615962274,25.31144142150879,11945200
2011-07-01,25.36035704448109,25.82856846236319,25.339390484085484,25.66783905029297,9777900
2011-07-05,25.597949507920617,25.751689129176413,25.45818403475698,25.569995880126953,9938900
2011-07-06,25.472168216906514,25.674828078326325,25.381320233200142,25.556026458740234,7031700
2011-07-07,25.730729125979565,26.031224005617542,25.681811602857575,25.89145851135254,9850200
2011-07-08,25.58397056813607,25.63987515327336,25.374323708713455,25.590957641601562,9822700
2011-07-11,25.33938335355973,25.618914309859726,25.269501947387113,25.40926742553711,8283800
2011-07-12,25.437225580954433,25.681813211888418,25.227575993519316,25.23456573486328,8931500
2011-07-13,25.39529344712966,25.597953279788708,25.19962335535131,25.2485408782959,10563600
2011-07-14,25.29746657057959,25.535067186955537,25.031912313263906,25.12974739074707,10861100
2011-07-15,25.220589638830923,25.220589638830923,24.801295783586987,25.09480094909668,9923500
2011-07-18,25.03190326516461,25.12275123247765,24.69646769255294,24.941055297851562,6908300
2011-07-19,25.052869781193543,25.346377604119564,24.969011545702642,25.23456573486328,9689400
2011-07-20,25.318409991709103,25.56300015340671,25.101773448343298,25.444198608398438,11320700
2011-07-21,25.55602002758928,26.00326742589361,25.528066398744066,25.660844802856445,12431800
2011-07-22,25.6468763515009,25.730734599576707,25.41626283703539,25.521087646484375,8011500
2011-07-25,25.416265654950415,25.83556227342836,25.32542032021524,25.6119384765625,8622300
2011-07-26,25.56999465347046,25.828559033646176,25.41625237378539,25.43022918701172,9886700
2011-07-27,25.374325142139458,25.40926584304966,24.843216891407806,24.899124145507812,12291900
2011-07-28,24.899123800739837,25.23455932328143,24.500793951108907,24.563688278198242,13821200
2011-07-29,24.291156247466994,24.626594599181743,24.200310915274866,24.409957885742188,12097800
2011-08-01,24.507781824846514,24.507781824846514,23.676181398013465,23.93474578857422,14037800
2011-08-02,23.662205048426234,23.760040081054765,22.91446282384565,22.935426712036133,18396800
2011-08-03,22.963381301755756,23.047239523833976,22.606979192764896,23.026275634765625,14224700
2011-08-04,22.648907257598594,22.865543863166398,22.14575397927475,22.152742385864258,18946100
2011-08-05,22.411315388220803,22.46722266244791,21.398020035104548,21.48187828063965,36483500
2011-08-08,21.048596859650914,21.20932619257081,20.210006833534933,20.216995239257812,38047000
2011-08-09,20.461593622701976,21.146441707176905,19.657943918596825,21.069570541381836,26132600
2011-08-10,20.489547913703813,20.72714851021221,19.874582526383932,19.923500061035156,23457600
2011-08-11,19.797710674438015,21.24427809994699,19.790722265027004,20.99968910217285,20127300
2011-08-12,21.1324632269727,21.418981307795438,20.817992845361278,21.37006378173828,18736700
2011-08-15,21.42595871864476,21.992006181325053,21.293181692568467,21.985017776489258,15899400
2011-08-16,23.082182412744896,23.347736584571617,22.83759479777625,23.145076751708984,28972400
2011-08-17,23.445571403683317,23.753056020445683,23.005311035194957,23.347736358642578,16303100
2011-08-18,22.655898288543842,22.928442194432346,22.187686961386035,22.474205017089844,18497300
2011-08-19,22.25756623359278,22.963379317455733,22.21563712617683,22.27853012084961,15469100
2011-08-22,22.641918658458266,22.788671188243885,22.38335163077387,22.55805778503418,12720900
2011-08-23,22.683852935975576,23.166043766159877,22.537100364095625,23.138090133666992,12545000
2011-08-24,23.047242029037985,24.081502433108117,22.977360614010923,24.01860809326172,19880300
2011-08-25,24.081506023583206,24.291152965727182,23.49449298609677,23.648235321044922,15470400
2011-08-26,23.829923601260816,24.088490685655202,23.487500956659513,23.760042190551758,18409800
2011-08-29,24.095474354005212,24.095474354005212,23.620273364109373,23.7530517578125,14713500
2011-08-30,23.746011682154855,23.816413566256557,23.443290294410737,23.633371353149414,16123400
2011-08-31,23.823457299560655,23.872737285763595,23.358815511391615,23.499616622924805,17507500
2011-09-01,23.605210388313804,23.78121106865747,23.140568699628826,23.182809829711914,15358200
2011-09-02,22.71817031017794,22.936412141442617,22.471769065614474,22.654809951782227,12277400
2011-09-06,21.92969479370227,22.612577270506886,21.8804147949239,22.563297271728516,12043700
2011-09-07,22.943457340277746,23.14057731628418,22.774495442587767,23.14057731628418,13313200
2011-09-08,23.020886710349416,23.154646244249694,22.739284582019756,22.851924896240234,9915100
2011-09-09,22.570330118190967,22.77448888358971,22.204248349925223,22.436569213867188,11734600
2011-09-12,21.95784668918793,22.788568826710293,21.94376631157432,22.77448844909668,12102200
2011-09-13,22.78856774960026,23.119449893987294,22.626647443033093,22.99272918701172,12607700
2011-09-14,23.04201370988161,23.936097680814257,23.00681410334492,23.61225700378418,15407500
2011-09-15,23.85865240458203,24.14729342026541,23.71785131961414,24.13321304321289,12017900
2011-09-16,24.379612296523646,24.64009252266444,24.27401082577516,24.36553192138672,20791300
2011-09-19,23.978326889884933,24.281048189489475,23.816406631931237,24.182485580444336,8805400
2011-09-20,24.288096287513973,24.872419893063803,24.08393483360686,24.506338119506836,13980300
2011-09-21,24.55562136227846,24.66122018361427,23.788258110783573,23.823457717895508,11896600
2011-09-22,23.091287536713416,23.774171000713952,22.936408772153186,23.267288208007812,19984900
2011-09-23,23.218023458726783,23.837546979854725,23.168743453296493,23.73898696899414,12993800
2011-09-26,23.753056637470284,23.93609619140625,23.21801298339714,23.93609619140625,17329700
2011-09-27,24.34441646210425,24.40073528579495,23.717851756727594,23.851613998413086,13172200
2011-09-28,23.957214754927506,24.14729583581512,23.63337410699642,23.65449333190918,9723100
2011-09-29,23.964258316207104,24.27401861190735,23.267294293934267,23.788257598876953,14233100
2011-09-30,23.408099201977375,23.689701469607922,23.119458086157277,23.14057731628418,10915500
2011-10-03,23.091291290367568,23.232092387402734,22.232408358233645,22.23944854736328,17929700
2011-10-04,21.91560731529277,22.915291378855642,21.845208107131906,22.858972549438477,15100000
2011-10-05,22.41544389740223,23.26024759242743,22.352083553136417,23.112407684326172,16324600
2011-10-06,22.88713219058911,23.513697002633904,22.8096941305258,23.499616622924805,9052800
2011-10-07,23.682650382441054,24.175452809222257,23.57001005793882,23.879770278930664,12809500
2011-10-10,24.140255582646212,24.40073585510254,24.05577331680299,24.40073585510254,8757300
2011-10-11,24.358497139540205,24.513378623399248,24.098016841233576,24.435937881469727,8010300
2011-10-12,24.57673363396938,24.703454332155413,24.435932559811885,24.442974090576172,10671200
2011-10-13,24.30217982145628,24.43593940230452,23.9712976073669,24.22473907470703,8943700
2011-10-14,24.51338404642151,24.696426328850215,24.281064454795285,24.675304412841797,7648700
2011-10-17,24.534496148149064,24.97801865764016,24.35145660446247,24.39369773864746,8837700
2011-10-18,24.457058101914527,25.484901530598716,24.238816270252467,25.308900833129883,15042600
2011-10-19,25.196256322128427,25.358176614721785,24.844254985475807,24.921695709228516,9948800
2011-10-20,25.06250869339817,25.238509464238206,24.752748303520807,25.154029846191406,9481300
2011-10-21,25.449699797489505,25.949541091918945,25.337059467962348,25.949541091918945,14116400
2011-10-24,26.13258056839693,26.294500873923187,25.738340758613784,25.83690071105957,11163800
2011-10-25,25.71018012956328,25.872100435874668,25.322979163552805,25.37225914001465,10883800
2011-10-26,25.625709149368745,25.80874873968846,25.097706922545694,25.731307983398438,11159200
2011-10-27,26.428262603127564,26.505703331576587,25.900260566128487,26.20298194885254,11760900
2011-10-28,25.991790757963827,26.174833050940162,25.36522848662776,25.4285888671875,14076900
2011-10-31,25.231455505032557,25.35817619899458,25.118815186572647,25.20329475402832,10288000
2011-11-01,24.457060025442246,25.3300220496332,24.34441967762542,25.020261764526367,13087000
2011-11-02,25.421544336386365,25.484904702784107,25.175141717924983,25.337064743041992,9894700
2011-11-03,25.513054497715686,25.6960939855569,25.12585093304961,25.6608943939209,9028600
2011-11-04,25.43561475626644,25.639773469775516,25.238492201573923,25.618654251098633,6245200
2011-11-07,25.843943509789966,26.343784879681884,25.74538354226848,26.287466049194336,12573600
2011-11-08,26.44235210135167,26.752112436446428,26.245229446693042,26.709871292114258,9872600
2011-11-09,26.364901323672033,26.597220815288193,26.06921879686575,26.16073989868164,10918000
2011-11-10,26.378979116834778,26.428259085550998,26.083296618980597,26.18889808654785,7287700
2011-11-11,26.40009019062561,27.01961305905465,26.40009019062561,26.79433250427246,10185600
2011-11-14,26.857703299552668,27.13226391489312,26.716902226528642,26.928102493286133,13926600
2011-11-15,27.16043460340956,27.27307496592748,26.64651009601608,26.8013916015625,15280400
2011-11-16,26.50571525934245,27.280117521204886,26.456435261890753,26.639474868774414,11800000
2011-11-17,26.639470122045324,26.81547084888612,26.2170694518506,26.484588623046875,11376300
2011-11-18,26.63243344551482,26.716913049328387,26.25227120001651,26.667633056640625,11816000
2011-11-21,26.400113375557137,26.64651335950564,25.829869959844075,26.09035301208496,11602100
2011-11-22,26.055143209279077,26.378986547785324,25.89322288280477,26.11850357055664,8235700
2011-11-23,25.893223654459156,25.970664396723762,25.674984492321865,25.71018409729004,6710500
2011-11-25,25.689073899061583,26.012914675465055,25.632752362873852,25.67499351501465,3616800
2011-11-28,26.181859505070314,26.554982763088177,26.09737993283637,26.259300231933594,8060800
2011-11-29,26.53601796483022,27.74219838510364,26.436683007769304,27.642866134643555,20793800
2011-11-30,27.990533991506606,28.231770636476945,27.38034702442863,27.82734489440918,19655000
2011-12-01,27.57190116268706,28.06856486691847,27.522235062923862,27.9124698638916,9621900
2011-12-02,28.160823582876382,28.707153837350738,28.146632870300227,28.33820343017578,17909600
2011-12-05,28.473005920063923,28.799384098653615,28.23176928662786,28.543956756591797,13964300
2011-12-06,28.444633278570816,28.891631265087135,28.359491707149243,28.60782241821289,12500900
2011-12-07,28.437530128324212,29.0406203506934,28.409148711445432,28.89871597290039,12196100
2011-12-08,28.72843607537922,28.948385314114876,28.26724747298304,28.316913604736328,12008200
2011-12-09,28.465909212450583,28.671670427622704,28.373673666284528,28.543956756591797,10311000
2011-12-12,28.27433442661046,28.458810904224062,27.89119617810626,28.41623878479004,11089400
2011-12-13,28.536849126601165,28.558133826073934,27.92666248011855,28.03308868408203,11351400
2011-12-14,27.933777052698513,28.075681469104165,27.55773264983491,27.770587921142578,12084800
2011-12-15,28.111157961822155,28.352394666872897,27.94087482096382,27.969253540039062,10784900
2011-12-16,28.203389661150677,28.76391050777416,28.19629565968757,28.67876625061035,20212600
2011-12-19,28.60072211156612,28.95548173867093,28.458817719403964,28.522674560546875,8901900
2011-12-20,28.934191068717602,29.792711326841268,28.934191068717602,29.76432991027832,20396200
2011-12-21,29.743043759309025,29.8352820137604,29.48761911918371,29.799806594848633,12073900
2011-12-22,29.750132976097618,29.89913132197049,29.551468514933784,29.7430362701416,9880000
2011-12-23,29.785613273656512,29.892042227658578,29.579852072772905,29.86366081237793,4353700
2011-12-27,29.79271110812309,30.13327998457569,29.743042276202136,29.955900192260742,4763300
2011-12-28,29.96299546278261,30.076518426410875,29.459237480844745,29.466331481933594,5136600
2011-12-29,29.594037233512225,29.82108310000005,29.5018017110392,29.80689239501953,6297000
2011-12-30,29.906231663209212,30.026848613120315,29.806896713952245,29.828184127807617,4773800
2012-01-03,30.09071759616804,30.43838329250009,29.849480892301358,29.899147033691406,8452900
2012-01-04,29.842371206172057,30.452555294951747,29.743036268993688,30.324844360351562,11085800
2012-01-05,30.24679166171165,30.6512172208159,30.076505933699416,30.573169708251953,10245500
2012-01-06,30.50932357912905,30.722178783709797,30.367419207208297,30.651227951049805,7285500
2012-01-09,30.63703092338534,30.722172446334472,30.331937534000705,30.67250633239746,7346600
2012-01-10,30.8853759765625,30.935042113790118,30.59447315568581,30.8853759765625,7497500
2012-01-11,30.878278841234753,30.935038975192644,30.622851471921223,30.83570671081543,8222100
2012-01-12,30.927937993140517,30.97760411411973,30.601559853391255,30.786033630371094,8449900
2012-01-13,30.587354623020104,30.885351207401147,30.45254432442927,30.87116050720215,8076200
2012-01-17,30.942126465189354,31.190457052148975,30.878269641885392,31.034364700317383,7709100
2012-01-18,31.02017766304667,31.921267295526466,31.00598695545635,31.843219757080078,13147000
2012-01-19,31.83612398770911,32.226358984834604,31.53812723933718,32.21926498413086,15722900
2012-01-20,32.24763025667284,32.28310565563387,31.43877925132386,31.58068084716797,12589200
2012-01-23,31.44588806435333,31.921267295526466,31.204651448519364,31.843219757080078,13779200
2012-01-24,31.715491585180942,32.02058489228743,31.616159384095013,31.899965286254883,10953000
2012-01-25,31.8077441917659,32.219263883546255,31.64455240854533,32.11283493041992,9930000
2012-01-26,32.176689309830614,32.176689309830614,31.55231446596171,31.89288330078125,11174400
2012-01-27,31.736790267961897,31.928360757297764,31.509744363549167,31.836122512817383,7924800
2012-01-30,31.63036529302771,31.779363666294813,31.374937963655093,31.765172958374023,6724600
2012-01-31,31.836117046433134,32.10573502660406,31.403310019648295,31.495548248291016,10343500
2012-02-01,31.7084128677674,31.86450796178914,31.516842354177363,31.55232048034668,10906400
2012-02-02,31.609076250442182,31.658742372307472,31.431696470465962,31.54521942138672,8963500
2012-02-03,31.800650077483162,32.11993425629342,31.800650077483162,32.048980712890625,10422700
2012-02-06,31.963837766493665,32.12702684926643,31.92126834891865,32.07026672363281,8091400
2012-02-07,32.02058659583855,32.339870621029426,31.99929918975941,32.25472640991211,9725400
2012-02-08,32.254741928857335,32.261838636498084,31.821934787203535,32.048980712890625,7578800
2012-02-09,32.119930267333984,32.1908810953245,31.807742834934885,32.119930267333984,5356700
2012-02-10,31.90708254708354,32.16250991821289,31.87870112660223,32.16250991821289,5026100
2012-02-13,32.29731213015466,32.71592853818064,32.247646006033,32.58821487426758,9184000
2012-02-14,32.5385612718855,32.78689198805834,32.41084755882466,32.68046569824219,7717100
2012-02-15,32.467592875893594,32.7584955990847,32.389548048315966,32.4321174621582,7486800
2012-02-16,32.559833458597836,32.80107007858909,32.43921650190259,32.58821487426758,7453800
2012-02-17,32.74430316942898,33.14872878582555,32.70173105474505,33.141632080078125,11555900
2012-02-21,34.0994842780016,34.106578277131554,33.09196588573494,33.29063034057617,20475700
2012-02-22,33.20550556506232,33.51769581623621,32.95717487126632,33.04231643676758,11639500
2012-02-23,33.0210212431803,33.48930376473521,33.00683053566643,33.31192398071289,9232100
2012-02-24,33.34740069952357,33.44673294940219,33.191305617370986,33.33320999145508,9730700
2012-02-27,33.13454802621301,33.609924603166114,33.056500479166736,33.29773712158203,9804600
2012-02-28,33.482208183627215,33.58154313956478,33.22678355959017,33.510589599609375,7947700
2012-02-29,33.496396115822,33.91501249376596,33.48930211571473,33.75182342529297,11348600
2012-03-01,33.723452299033404,33.97887968642274,33.55316917850812,33.67378616333008,7940900
2012-03-02,33.659582740044726,33.794393091698566,33.538965800775905,33.63829803466797,5916700
2012-03-05,33.546059832250364,33.82986853501203,33.30482324688307,33.624107360839844,9044600
2012-03-06,33.29572045243842,33.35283277313607,32.92449853769967,33.11724853515625,9087000
2012-03-07,33.13152150049656,33.909659048648784,33.0958276672036,33.83113098144531,10648900
2012-03-08,33.931090601836864,34.25948110151516,33.88111866730746,34.138118743896484,10433000
2012-03-09,34.20950123250092,34.39511358099206,34.1452539464068,34.3380012512207,8799200
2012-03-12,34.31659454816051,34.7377885599818,34.26662260805175,34.68781661987305,9458800
2012-03-13,34.76631957755494,35.10184482933802,34.694929198148785,35.08042907714844,10853100
2012-03-14,35.28033583896075,35.48736396669224,35.1446981293777,35.31603240966797,10076400
2012-03-15,35.273195352820245,35.29461111492817,34.887695295282896,35.1232795715332,8869200
2012-03-16,35.3017418859317,35.351713799392826,34.873407697781225,35.01618576049805,13267200
2012-03-19,34.91624426901986,34.973356587232686,34.609272366789014,34.859134674072266,9028200
2012-03-20,34.66638241254932,35.337435767969694,34.66638241254932,35.25177001953125,7629300
2012-03-21,35.25179300517205,35.644430891735,35.20182105906041,35.54448699951172,10347800
2012-03-22,35.31602661420139,35.608720472413076,35.22322044747118,35.4659423828125,7195700
2012-03-23,35.25178679850517,35.39456492937144,34.80203663941963,35.36600875854492,8655700
2012-03-26,35.487355247618936,35.80146756376421,35.480217569190785,35.78718948364258,11740100
2012-03-27,35.7300838467555,35.944249642110776,35.694390001407264,35.72294616699219,7785700
2012-03-28,35.615852688725596,35.87285266593532,35.408824626721646,35.630130767822266,7982700
2012-03-29,35.337436954503445,35.6515465248347,35.26604928228525,35.630130767822266,5491400
2012-03-30,35.69437762468945,35.9942090895697,35.69437762468945,35.91568374633789,7713000
2012-04-02,35.76577359143707,35.872857838470054,35.52305165832575,35.68724822998047,8435800
2012-04-03,35.573033528389644,35.86572744335427,35.48736502405897,35.694393157958984,8669600
2012-04-04,35.54447925982738,35.70153274629463,35.380285369317946,35.587310791015625,6280000
2012-04-05,35.47308514067466,36.17269488429187,35.38028168392289,36.137001037597656,9558500
2012-04-09,35.60156302875495,36.186950464971225,35.60156302875495,36.10842514038086,8302700
2012-04-10,35.922830813000395,36.30833084569116,35.23749923706055,35.23749923706055,13245100
2012-04-11,35.46595442125132,35.65156409444888,35.415982481418645,35.515926361083984,7631100
2012-04-12,35.58730027124405,36.179828361345386,35.45166259046604,36.144134521484375,10472200
2012-04-13,36.122726332453674,36.608170318038226,36.122726332453674,36.37972640991211,10430600
2012-04-16,36.7223764919363,37.01507029365204,36.36543269846515,36.900848388671875,10239000
2012-04-17,36.972253640382654,37.22925371069198,36.59389121542009,37.143585205078125,9054400
2012-04-18,37.02221651486614,37.09360419547732,36.76521650744117,36.98652267456055,7051600
2012-04-19,36.97938742432763,37.10074976619279,36.615305845263826,36.80805587768555,10894800
2012-04-20,36.97938576795189,37.07219194013113,36.59388572037571,36.736663818359375,11027600
2012-04-23,36.51536041588305,36.59388578280561,36.16555421138958,36.47966384887695,6801100
2012-04-24,36.579612021671736,36.88658126985961,36.308333895517464,36.572471618652344,6437400
2012-04-25,36.758086955806476,37.14358432891098,36.729530787942124,37.057918548583984,6529100
2012-04-26,36.97938217451054,37.157854098830825,36.693828729557346,37.029354095458984,7361400
2012-04-27,37.1292992633966,37.400577360566224,36.6153019548177,37.08646774291992,11022100
2012-04-30,37.050768521824075,37.093600036081796,36.82232470156571,36.97224044799805,6800700
2012-05-01,37.072204383055805,37.65759233032946,36.82234467017069,37.35062026977539,8474800
2012-05-02,37.25779875344235,37.728964534994965,37.222104912452785,37.62902069091797,10109100
2012-05-03,37.621896542936355,37.75039659532691,37.293508730501145,37.45770263671875,10470300
2012-05-04,37.329204650470565,37.379176593247635,36.90801061615908,37.09362030029297,8564700
2012-05-07,36.83660705910691,37.000803639187964,36.665275522980274,36.68669128417969,8532000
2012-05-08,36.56533536772608,36.60816689445276,35.55875364065991,36.137001037597656,15807200
2012-05-09,35.83003213083063,35.9585321685767,35.58731013989539,35.77292251586914,17577400
2012-05-10,36.065613344209225,36.229807217615374,35.958529080860636,36.137001037597656,16080300
2012-05-11,35.87286089184348,36.322610955091456,35.7300827914019,35.937110900878906,10489700
2012-05-14,35.794336143086,36.11558621826301,35.49450455509813,35.608726501464844,12329400
2012-05-15,34.19522384506184,35.33744314008146,33.716917643027266,34.74491500854492,28826600
2012-05-16,34.90911324101376,35.2089447989529,34.802028985597936,34.816307067871094,14756500
2012-05-17,34.75919254297919,34.76633294529757,33.55986094045506,33.56700134277344,15699100
2012-05-18,33.55271940083713,33.938219383707,33.35283173117063,33.58841323852539,12962200
2012-05-21,33.188643782981536,34.13811310548758,33.10297528942381,33.988197326660156,12713000
2012-05-22,34.25946983128268,34.68066365751892,34.03816367740761,34.45221710205078,15028300
2012-05-23,34.25233136808966,34.83771906164575,34.14524984752138,34.79488754272461,13489900
2012-05-24,34.85913510995937,35.49449468006295,34.74491047210544,35.48735427856445,9702000
2012-05-25,35.51591908937371,35.75864105740761,35.20894710852891,35.294612884521484,9819200
2012-05-29,35.63212101700807,35.847550467835454,35.38078711426513,35.74701690673828,8582600
2012-05-30,35.581854749482346,35.747017422142484,35.122271183935176,35.69675064086914,11996300
2012-05-31,35.63212027965466,35.739836372506375,35.30179494593265,35.431053161621094,14217000
2012-06-01,35.079175703557375,35.366416732140635,34.41134264053475,34.440067291259766,12638700
2012-06-04,34.40417294406451,35.10073086223004,34.28927704677956,35.014556884765625,15969800
2012-06-05,34.81347360672837,35.24433507626194,34.66985311688385,35.12943649291992,9457500
2012-06-06,35.54593732467281,36.335845947265625,35.431041475216894,36.335845947265625,19333500
2012-06-07,36.70926290635683,37.068312824914834,36.55846259800251,36.79543685913086,20693300
2012-06-08,36.77388837224821,37.59970419916957,36.658992519221464,37.59252166748047,13338300
2012-06-11,37.76488066682971,37.83668957405715,36.824168641878636,36.87443542480469,11729100
2012-06-12,37.01086414086458,37.556618780482296,36.91033060772447,37.51353454589844,9006300
2012-06-13,37.183214069661624,37.26938803490496,36.4866589896149,36.60155487060547,14524800
2012-06-14,36.94625005905395,37.750521390243016,36.816991824124614,37.45610046386719,16512900
2012-06-15,37.40583139698997,37.70025230542083,37.061143704631945,37.24784851074219,17480700
2012-06-18,37.29094052890427,37.79361117530443,37.08987336607807,37.57099914550781,11636100
2012-06-19,37.87975980154645,38.21726754271551,37.72895951949206,38.037742614746094,10420400
2012-06-20,38.13111377062401,38.2603720062669,37.58535890628085,37.93722915649414,9376400
2012-06-21,37.922852286412954,38.059290265355145,36.79543579392552,36.80979537963867,20047000
2012-06-22,37.12575716065014,37.35554885864258,36.91032778619887,37.35554885864258,22946500
2012-06-25,37.04676486944176,37.14011860057176,36.77388620731802,36.996498107910156,10104700
2012-06-26,37.075495183165806,37.49917419464753,36.845703455514716,37.25502014160156,9202500
2012-06-27,37.26937624683185,37.29091836166211,36.92468597354968,37.01803970336914,12224000
2012-06-28,36.89597066654935,37.240658262153524,36.54410053849499,37.11857986450195,11017000
2012-06-29,37.52789727378882,38.0521125793457,37.47763050300943,38.0521125793457,9688100
2012-07-02,38.0305742781198,38.231644135239236,37.70742873929752,38.06647872924805,9738900
2012-07-03,37.24783911585582,37.319650745734876,36.529739253066744,37.08985900878906,13270600
2012-07-05,36.8816139402865,37.54944711420061,36.84570949058514,37.420188903808594,9036100
2012-07-06,37.19039336496801,37.5350809779281,37.1185817335178,37.448909759521484,7127700
2012-07-09,37.48480601257425,37.55661488899565,37.147298266861,37.4273567199707,6132600
2012-07-10,37.65716379531643,37.879775786096445,37.38428776197415,37.499183654785156,8368700
2012-07-11,37.49198824693641,37.779229250000675,36.8959668636779,37.10421371459961,10075500
2012-07-12,36.673352169419985,37.23346906967074,36.52255188694217,37.01803970336914,9535000
2012-07-13,37.24066770639682,37.48482182428402,37.1257718120578,37.40583038330078,7970300
2012-07-16,37.2047597086007,37.2047597086007,36.57283098027186,36.94624328613281,8484000
2012-07-17,36.565645375569176,36.6877237822964,36.10606188059691,36.422027587890625,16519200
2012-07-18,36.3286685217144,36.64463144346787,36.13478124950205,36.5584602355957,9222600
2012-07-19,36.630276244307446,36.895975190875156,36.26404648511123,36.5943717956543,10630900
2012-07-20,36.53694259423574,36.68056319645506,36.335872655394645,36.407684326171875,8926100
2012-07-23,35.98398795054933,36.79544163891282,35.73983386464057,36.5943717956543,10575800
2012-07-24,36.594374070640576,36.838528171727816,36.34304017510989,36.745174407958984,8847100
2012-07-25,36.97496227701932,37.23347592054736,36.623092147161415,36.67335891723633,8365500
2012-07-26,37.15449145295507,38.03057150172973,37.15449145295507,37.994667053222656,12548400
2012-07-27,38.0521188978462,38.97846578412324,37.99466958493977,38.569149017333984,9140400
2012-07-30,38.38961178221261,38.605041158249755,37.92284859068765,38.23881149291992,9024400
2012-07-31,38.044926828693065,38.05928915331997,37.42736056640246,37.4704475402832,11606100
2012-08-01,37.563804278432755,37.721784383269586,37.01804685638977,37.11140060424805,8327200
2012-08-02,37.01085706626497,37.39863153939684,36.77388286401789,36.903141021728516,9536700
2012-08-03,37.48481319436487,37.585346736349464,37.2406591326879,37.549442291259766,7484300
2012-08-06,37.63561499715602,37.872589274929155,37.29810717341864,37.34119415283203,7471600
2012-08-07,37.520736173215205,37.72180335650363,37.18322819612255,37.62845230102539,6519100
2012-08-08,37.4345472342743,37.951577281299684,37.30528903768454,37.90849304199219,5398200
2012-08-09,37.72895479451658,38.360880489510116,37.693050361285785,38.166996002197266,8324900
2012-08-10,38.023387423798674,38.123920964025245,37.75769124758081,38.102378845214844,9086700
2012-08-13,38.16701274623216,38.22445931673697,37.807962777742055,37.93003845214844,9982500
2012-08-14,38.88510871886672,39.48113018134217,38.57632555829903,39.2872428894043,19528000
2012-08-15,39.31596986597235,39.7396489202201,39.2657030916831,39.4954948425293,9630600
2012-08-16,39.49549867765971,40.55110651890405,39.47395655496788,40.43621063232422,10150600
2012-08-17,40.40030417086096,41.06095758511337,40.26386615912802,40.73781204223633,11263000
2012-08-20,40.622901916503906,40.69471079449464,40.19922296195915,40.622901916503906,8435300
2012-08-21,40.69473146191698,40.85989689597696,40.29977695371826,40.443397521972656,8382600
2012-08-22,40.42902554051406,40.87424673042414,40.37157897052591,40.673179626464844,6677800
2012-08-23,40.63008061943515,40.88141440805327,40.53672689537719,40.60853576660156,6613200
2012-08-24,40.493648862838825,40.931690196214475,40.493648862838825,40.9029655456543,5784000
2012-08-27,40.98912945020826,40.98912945020826,40.51518105013841,40.694705963134766,7164000
2012-08-28,40.5936795055887,41.03397135628592,40.564807096335755,40.80299758911133,4758300
2012-08-29,40.91847090574384,41.14944459633664,40.81020353707923,41.02674102783203,4593900
2012-08-30,40.932908148979955,40.99786967320405,40.75967925333147,40.86794662475586,5846200
2012-08-31,41.00508914871827,41.12057599695481,40.81742129944411,40.9617805480957,7446700
2012-09-04,40.99067687988281,41.14225294042019,40.75970304856149,40.99067687988281,5914100
2012-09-05,41.12057496536244,41.373201579097326,40.6874972302723,40.810203552246094,6068500
2012-09-06,40.7813481093461,41.62584550076302,40.7813481093461,41.611412048339844,7706900
2012-09-07,41.69078407719263,41.78461798678567,41.1710947201599,41.32988739013672,6808700
2012-09-10,41.48869151800705,41.7774100295952,41.30102641287141,41.358768463134766,6903700
2012-09-11,41.30823795203927,41.358763272212215,40.860726793326,40.94012451171875,7490100
2012-09-12,41.03397017907468,41.21441860159202,40.730818150889256,41.17832946777344,7774400
2012-09-13,41.19276060703774,42.14552794050573,41.00509548220123,42.08056640625,10772200
2012-09-14,42.38372095904229,43.09829507920192,42.34041235192617,42.9178466796875,12476500
2012-09-17,42.73017572565023,42.92506030094689,42.34762329854624,42.52085494995117,7985900
2012-09-18,42.564169465048465,42.62191152125703,42.23214231650894,42.484771728515625,5216500
2012-09-19,42.71573949665785,43.30760994564105,42.58581644654703,42.9250602722168,6648700
2012-09-20,42.722952756334465,42.80235047534534,42.41258135661383,42.78791427612305,6362100
2012-09-21,43.00446285226292,43.25708950409434,42.809578255096966,42.888973236083984,9011000
2012-09-24,42.83845242201292,42.961158775427506,42.499211275706394,42.86732482910156,5589200
2012-09-25,43.18490079747365,43.7262458519091,43.03332208963,43.10550308227539,9723100
2012-09-26,43.00446847604836,43.27153136482653,42.679660771629315,42.70853042602539,8583300
2012-09-27,42.88897352944918,43.45197439847647,42.75905321720721,43.22100067138672,5824200
2012-09-28,43.076647489928185,43.610773276756234,42.87454613852562,43.574684143066406,7740800
2012-10-01,43.863387711691985,43.92112975515454,43.55301631198827,43.71902847290039,8537400
2012-10-02,43.935584861878674,43.95002106731275,43.41589523337545,43.54581832885742,6573100
2012-10-03,43.63241877971295,44.59240272832312,43.58189345365051,44.58518600463867,8468300
2012-10-04,44.63571203463684,45.054350850531264,44.40473832515913,44.563533782958984,8722300
2012-10-05,44.72954582272562,45.61735153198242,44.67902049602657,45.61735153198242,9672400
2012-10-08,45.45857632025157,45.545190811249995,44.56355348860938,44.66460418701172,9770300
2012-10-09,44.45526407372816,44.51300612493343,43.993316650390625,43.993316650390625,9707700
2012-10-10,43.67572024229557,44.07270884066468,43.02610779240913,43.11994171142578,15262700
2012-10-11,43.27153210933817,43.30040451765537,42.405379133792835,42.59304428100586,10431000
2012-10-12,42.766275165969105,43.17769733969689,42.701313625200285,42.99003219604492,6554400
2012-10-15,43.22099782021337,43.848957427224825,43.12716388932812,43.77677917480469,8072200
2012-10-16,43.92835235595703,44.02940300427151,43.617980934177616,43.92835235595703,7162400
2012-10-17,44.238723394652865,44.837810555939626,44.13767274721343,44.3109016418457,11372700
2012-10-18,44.31091057706955,44.679026870884556,44.282038171000885,44.60684585571289,9420000
2012-10-19,44.577957167921134,44.7728417075684,44.3975088260355,44.671791076660156,10798800
2012-10-22,44.57075427090524,44.78729179764993,44.33978054192103,44.78007507324219,7785800
2012-10-23,44.426391931192484,44.59240411533616,44.07271463775452,44.57075119018555,8273900
2012-10-24,44.7151055849647,44.917206873515624,44.19541341049254,44.231502532958984,7187200
2012-10-25,44.534656892691494,44.67179665842793,43.53136442699308,43.65406799316406,9604000
2012-10-26,43.581892905248694,43.639634954269006,42.90340524364988,43.336483001708984,10458600
2012-10-31,45.29976114740084,45.47299280769855,43.950008004861154,44.303688049316406,13817800
2012-11-01,44.71511901247831,45.032707240344635,44.549106796541984,44.938873291015625,6879900
2012-11-02,45.148189993011634,45.408036134530406,44.736767853414946,44.76564025878906,8905700
2012-11-05,44.76562468253754,45.13373808598757,44.70066316976128,45.02547073364258,4904200
2012-11-06,45.17706228269786,45.40081929363807,44.98939715509494,45.19871520996094,7017900
2012-11-07,44.99661470455663,45.01826763221663,44.3397826157696,44.743988037109375,8778000
2012-11-08,44.60683724708542,44.74397977273249,43.913916155708726,43.92835235595703,7251300
2012-11-09,43.78399274781852,44.28202926189411,43.53136612910416,44.00053024291992,6562300
2012-11-12,44.20264991125703,44.339789730816996,43.668521331399205,44.14490509033203,8353500
2012-11-13,45.00383082456431,46.51238234450395,44.85947430420519,45.74728012084961,21441300
2012-11-14,45.646219464562456,45.833884552009216,44.26037459435927,44.36864471435547,13379700
2012-11-15,44.22429414306535,44.66458867902236,44.058281945699015,44.20985794067383,8204600
2012-11-16,44.0510667508719,44.95330883738606,44.0510667508719,44.83782196044922,9059100
2012-11-19,45.10490136619115,45.71842507089376,44.96775876499456,45.71120834350586,10036100
2012-11-20,45.63178251687262,46.100946604509375,45.58125719594902,46.064857482910156,8560400
2012-11-21,45.94938543251074,46.324718475491196,45.833898554164776,46.2597541809082,5574000
2012-11-23,46.39689004998825,46.793878718379204,46.281405941723214,46.786659240722656,3721900
2012-11-26,46.6278727926511,46.837193630396605,46.310287303355345,46.67839813232422,6719200
2012-11-27,46.41011730018443,46.736385234189456,46.07659460378669,46.51887512207031,8234300
2012-11-28,46.308616363426474,47.019160023935285,45.94609391832034,47.004661560058594,7759600
2012-11-29,46.80890321575849,47.14242325043439,46.47538318108259,46.57688903808594,7629200
2012-11-30,46.69289024561137,47.294678809009454,46.43187365261108,47.17866897583008,9271800
2012-12-03,47.127928490339215,47.79496861214379,47.055425091300414,47.11343002319336,6696200
2012-12-04,47.07717185592695,47.12067278559858,46.569642570910226,46.57688903808594,7787600
2012-12-05,46.526123855019584,46.75089150631464,46.00409347566806,46.41736602783203,6050500
2012-12-06,46.446375667684244,46.729142743115524,46.14185812978189,46.64938735961914,5837400
2012-12-07,46.83790289942706,46.94666074880528,46.43187949551261,46.72914505004883,6092800
2012-12-10,46.64938018561599,46.64938018561599,45.699573259421314,45.706825256347656,8150000
2012-12-11,45.873582205287356,46.04034216785445,45.496558598942784,45.59806442260742,6880200
2012-12-12,45.81557415856659,45.85182860667155,45.424052117798034,45.6270637512207,7216500
2012-12-13,45.70682862718586,45.88083784468101,45.20654590377735,45.25004959106445,5875900
2012-12-14,45.19206225186405,45.257313655440406,44.800537235440636,44.996299743652344,5783500
2012-12-17,45.06153976693994,45.92434216635295,44.945532698398466,45.902591705322266,8188700
2012-12-18,45.96059297904047,45.96059297904047,45.46031302410096,45.677825927734375,7751400
2012-12-19,45.77208365717416,45.77933288894837,44.771520956904176,44.7860221862793,7597900
2012-12-20,44.55400283656656,44.938275689666526,44.39449209792444,44.931026458740234,8436700
2012-12-21,44.45976257324219,44.74978170171605,43.90147754871779,44.45976257324219,15929900
2012-12-24,44.23498796099342,44.931033164330394,44.227738728985244,44.641014099121094,3022600
2012-12-26,44.60477204528861,44.73528037624938,44.22774828538279,44.329254150390625,4453800
2012-12-27,44.249489513978865,44.53225658341818,43.65495291520215,44.27849197387695,7184600
2012-12-28,43.944966049876676,44.6047567114377,43.6984507056766,43.973968505859375,6508700
2012-12-31,43.799953576412264,44.85851825582016,43.74195143419226,44.844017028808594,7880800
2013-01-02,46.091110178345005,46.192616035261224,45.39506764592476,46.025856018066406,9067200
2013-01-03,46.24336117340157,46.35211901081989,45.73583197432059,45.89533996582031,6056800
2013-01-04,45.830092444278904,45.946099530249086,45.677833662535626,45.80834197998047,4779100
2013-01-07,45.38781279350572,45.67783188002716,45.22830478516322,45.561824798583984,5466500
2013-01-08,45.49656930680882,46.01135054273681,45.482068076325746,45.83734130859375,5433000
2013-01-09,46.0475979748301,46.13460534967695,45.685075543781494,45.801082611083984,4712400
2013-01-10,45.95334064867351,46.127349853515625,45.51831210491533,46.127349853515625,6714100
2013-01-11,46.01861516605761,46.228876151179804,45.924358524971865,46.18537521362305,4567100
2013-01-14,46.1563643386236,46.33037635464224,45.96060185778781,46.025856018066406,4532200
2013-01-15,46.04034458377716,46.410118978903355,46.0040928971127,46.366615295410156,5119400
2013-01-16,46.14184274079625,46.40285926670361,46.07658860931941,46.301353454589844,3915400
2013-01-17,46.54063783172461,47.33818618275094,46.43187998120873,47.16417694091797,7796000
2013-01-18,47.23666723345087,47.475933331913936,47.0989069588838,47.46868133544922,6534400
2013-01-22,47.410686725719586,47.84571257000745,47.287430417307874,47.67170333862305,6574000
2013-01-23,47.46868108646389,48.20097783928891,47.35267127024695,48.18647384643555,6795500
2013-01-24,48.25898572819859,49.07828998770427,48.25898572819859,48.83177185058594,8484600
2013-01-25,49.0202952226743,49.39731620666778,48.78828103291186,49.17255401611328,7494700
2013-01-28,49.411810523654054,49.411810523654054,48.7665210119469,48.99853515625,6561200
2013-01-29,48.9405266814244,49.15804234600309,48.55625380143476,48.7230110168457,6504300
2013-01-30,48.737511883522345,48.99852845160418,48.58525314075007,48.752010345458984,5102200
2013-01-31,48.74478728659283,48.98404797917875,48.52001953125,48.52001953125,5615900
2013-02-01,49.02754641249466,49.11454827493514,48.73027529807761,48.7955322265625,4983300
2013-02-04,48.47650562801421,48.737522251623005,48.084980692601015,48.113983154296875,4741000
2013-02-05,48.30974762851366,48.5272633468932,48.07773344368093,48.135738372802734,7112000
2013-02-06,47.88196123629478,48.37499194195366,47.85295877929684,48.33873748779297,5187000
2013-02-07,48.324238759390234,48.36048768169854,47.72970222333439,48.077720642089844,5743500
2013-02-08,48.25174608315897,48.59251258035803,48.1502402275415,48.58526611328125,4459000
2013-02-11,48.48376267734696,48.563518072405934,48.01248230608606,48.12848663330078,3953500
2013-02-12,48.36049063580122,48.88977582504171,48.22998233788257,48.810020446777344,4932500
2013-02-13,48.95501926884526,49.0637770880818,48.708506708118094,48.904266357421875,3668900
2013-02-14,48.672272756779854,48.918790952983834,48.54901642450527,48.82453155517578,5439700
2013-02-15,48.95502471923828,49.29579667601468,48.43299708575758,48.95502471923828,8131200
2013-02-19,49.034783138661375,49.245046817212355,48.54175240004438,48.976783752441406,5455500
2013-02-20,48.897022792532034,49.013027083385516,48.121225082392876,48.17197799682617,5598400
2013-02-21,47.751471138154756,47.794972074398274,46.6131505426562,46.678401947021484,10622400
2013-02-22,46.982912508993294,47.66445096473039,46.76539682273769,47.54844665527344,7500700
2013-02-25,47.823963871451795,48.25174326513133,46.2723681328829,46.344871520996094,10268800
2013-02-26,47.533927070067875,49.303037845231245,47.48317416414033,48.98401641845703,22792900
2013-02-27,48.9985467138647,49.506076045600324,48.84628791434401,49.34656524658203,14180400
2013-02-28,49.23779552426006,50.165851992639936,49.20154107122998,49.66556930541992,8705100
2013-03-01,49.578581490959195,50.107866843023125,49.36831775009298,50.049861907958984,6241800
2013-03-04,49.99183510322919,50.970649976360626,49.97733664163326,50.96339797973633,8375900
2013-03-05,51.173673232674155,51.449188318693444,50.84015322381273,51.09391784667969,8323800
2013-03-06,51.09391758794962,51.44918805816435,50.95615727981062,51.10116958618164,5276600
2013-03-07,51.04317559476518,51.11567899765069,50.709655516167764,50.934417724609375,4998300
2013-03-08,51.18092025457176,51.804459352754996,51.03591347754708,51.7464599609375,6470300
2013-03-11,51.7102165222168,51.753717458265065,51.478202310534115,51.7102165222168,4902500
2013-03-12,51.68834297700996,51.863309008452724,51.367567284306666,51.57898712158203,4450400
2013-03-13,51.608143249571306,51.71749909270021,51.287367592945,51.586273193359375,5826700
2013-03-14,51.666454264263365,51.73206441658979,51.16342084815608,51.20716094970703,6308900
2013-03-15,51.05406244696843,51.17071012795469,50.33961486816406,50.33961486816406,11275100
2013-03-18,49.9022048759991,50.966595780367214,49.9022048759991,50.55833435058594,6011200
2013-03-19,50.70413174962971,50.842643921553254,49.982386720792086,50.15006637573242,7657600
2013-03-20,50.58747135601383,50.70411901050311,50.18650199628979,50.21566390991211,6112000
2013-03-21,50.047994714344185,50.529152430624045,49.88031508526574,50.266700744628906,8045600
2013-03-22,50.47086102020148,50.718729098852045,50.15737720409825,50.7114372253418,5291800
2013-03-25,50.88639468869449,51.294650498800635,50.50000336890887,50.64581298828125,7027100
2013-03-26,50.78433129835119,51.32381299083042,50.7041373973257,51.06865310668945,4661200
2013-03-27,50.45625539430565,50.81347917243117,50.30315948939471,50.77703094482422,4156300
2013-03-28,50.623961883966906,51.00305591208991,50.54376795381332,50.871829986572266,6752100
2013-04-01,50.67497240481238,51.59354793210108,50.67497240481238,50.7916145324707,5357700
2013-04-02,50.959306100536296,51.797693489578776,50.908274114876455,51.77581787109375,7291600
2013-04-03,51.651878710310186,51.71749443510597,51.046781253284394,51.294654846191406,7796000
2013-04-04,51.29466982636843,51.615445547786045,51.090541844400974,51.53525161743164,6613700
2013-04-05,51.032206696269505,51.214464577327604,50.74788484678439,51.07594680786133,6986100
2013-04-08,50.87181237458858,51.94348946828627,50.87181237458858,51.9216194152832,6097200
2013-04-09,51.928907626468906,52.17677562578918,51.72477416800347,51.90703201293945,5994800
2013-04-10,52.05285857544935,52.3371804611642,51.739374757600935,52.264278411865234,5423200
2013-04-11,52.36633023426771,52.92768200180532,52.29342820189599,52.417362213134766,7627800
2013-04-12,52.78917907088105,53.700468540586336,52.599629303802885,53.67130661010742,10493000
2013-04-15,53.47446700589733,54.08685644513175,52.643371422848254,52.657955169677734,8360600
2013-04-16,52.8912153701704,53.073473168741536,52.51211603438514,52.825599670410156,8119700
2013-04-17,52.65064301139706,53.19741650338127,52.446515130987095,53.073482513427734,8838600
2013-04-18,52.97871835055093,53.1463980446984,52.70168837986054,52.840206146240234,7549200
2013-04-19,53.16098586339157,54.15246933893414,53.01518176019355,53.948341369628906,9579900
2013-04-22,53.88999635748563,54.10870798853185,53.394254814239666,53.846256256103516,7223500
2013-04-23,54.05040347524164,54.378465477067245,52.94956417953578,53.496337890625,7898800
2013-04-24,53.620265373352,53.838971471115045,53.40884558539973,53.423423767089844,6248300
2013-04-25,53.44530995113447,53.79524760006696,53.3651160224639,53.48905563354492,5645200
2013-04-26,53.39427049903418,53.72233804197474,53.31407658156445,53.474464416503906,4983000
2013-04-29,53.540074285520134,53.96290832160055,53.50362048627425,53.70774841308594,4518700
2013-04-30,53.58382026415076,53.955627921322275,53.379692314980346,53.474464416503906,6601900
2013-05-01,53.35051480185049,53.64941476523988,52.95683720255131,53.0443229675293,5554700
2013-05-02,53.05161940971319,53.56923666545086,52.87665340840503,53.45988082885742,3722900
2013-05-03,53.744204372776515,54.24723789983292,53.744204372776515,53.91917037963867,4953100
2013-05-06,53.86084954592229,54.94711057290405,53.86084954592229,54.86691665649414,5731200
2013-05-07,54.852312279346826,54.88147419817009,54.38573270230923,54.72837829589844,5582300
2013-05-08,54.815884511553726,55.04188251420016,54.61904287654542,54.983558654785156,6536600
2013-05-09,54.939811203406926,55.53761677739342,54.939811203406926,55.31161880493164,6338300
2013-05-10,55.50845693586874,55.55219704519571,54.976267065494525,55.4136848449707,5169700
2013-05-13,55.41366724570104,56.026050830062125,55.36992158819877,55.89482498168945,4466100
2013-05-14,55.97503192722103,56.44161159430267,55.95316187439976,56.368709564208984,6071700
2013-05-15,56.572845785283995,57.04671739361927,56.45620363241007,56.776973724365234,6706200
2013-05-16,56.49992517229012,57.25811838398571,55.909411605189675,55.95315170288086,8299200
2013-05-17,55.65426383529894,56.24478315155264,55.55219986697245,56.033363342285156,8735000
2013-05-20,55.967735527722034,56.13541518923353,55.77089950618656,55.96044921875,8867700
2013-05-21,57.83405478689434,57.936118724675445,56.90818191436476,57.38205337524414,14108500
2013-05-22,57.78302054000881,59.45978913892857,57.72469670298537,58.09650421142578,14832400
2013-05-23,57.5132864355318,57.77573818328568,56.71135301164746,57.527870178222656,9634900
2013-05-24,57.228976811140946,57.87781444721891,57.090459036449246,57.58620071411133,6188200
2013-05-28,58.27877758797135,58.78180552089591,57.95071008868797,58.19129180908203,7715800
2013-05-29,57.87051638954508,58.22774581640673,57.65909659468882,57.95071029663086,7127000
2013-05-30,57.994466229626035,58.39543027393843,57.68826872926618,57.91427230834961,5449100
2013-05-31,57.9871571904929,58.59954088579147,57.345611572265625,57.345611572265625,6905600
2013-06-03,57.33831835146814,57.65180206298828,56.90090064196904,57.65180206298828,6191400
2013-06-04,57.512606596723415,57.74705266754503,55.739607836782746,56.14255905151367,8791700
2013-06-05,55.76158676290159,56.303742258290384,54.87508737529448,55.02161407470703,8761500
2013-06-06,54.963012788584884,56.68473261397119,54.95569036480963,56.60414123535156,11515700
2013-06-07,56.94846757472463,57.856945319326556,56.84589218761716,57.68843460083008,6555900
2013-06-10,57.83496655046157,58.377121989718,56.80193498076213,56.94846725463867,7627800
2013-06-11,56.58215836893229,57.53459322157745,56.38434114970901,56.86056137084961,5979700
2013-06-12,57.175573622795405,57.36606274513947,55.94473072161618,55.974037170410156,7360200
2013-06-13,55.9374062985267,56.289078116968874,55.73959474352631,56.06928253173828,9194600
2013-06-14,55.84218338341115,56.37701091730615,55.73228555368445,56.113258361816406,8613100
2013-06-17,56.472257171325964,56.765316181468016,55.45388144305,55.7835693359375,9315500
2013-06-18,55.76890036489624,56.68470597368217,55.76890036489624,56.55282974243164,6421500
2013-06-19,56.46492564478447,56.611452345918444,55.62238313917574,55.62971115112305,8027600
2013-06-20,55.2633960233803,55.2633960233803,54.06918704328994,54.1204719543457,12373500
2013-06-21,54.574694698286926,54.72122697209295,53.49770624176018,54.083824157714844,15552500
2013-06-24,53.40979107035399,54.23034942366988,53.050796790778286,53.85670471191406,10214400
2013-06-25,54.26698292609297,54.743203013201594,54.06917135217972,54.318267822265625,8520800
2013-06-26,54.79449513589099,55.58575271516711,54.64064042708205,55.4392204284668,7390100
2013-06-27,55.67365985122092,56.281756191753395,55.53446118251717,55.87879943847656,6674500
2013-06-28,55.7982214208255,56.99243023500919,55.62238267337484,56.75798416137695,12475000
2013-07-01,56.87520344393426,57.00707970747995,56.14255877748826,56.318397521972656,7471000
2013-07-02,56.6260890116671,57.23418523379701,56.38431500677687,56.64073944091797,6886300
2013-07-03,56.406306225747535,57.13895082622611,56.355021327299426,56.94846725463867,3025600
2013-07-05,57.08033505088367,57.55654949894436,56.70668479489145,57.35873794555664,4991500
2013-07-08,57.55657472618743,58.27456910243716,57.541924289365994,58.040122985839844,6051200
2013-07-09,58.274564413919286,58.721478161106866,58.12070968630918,58.39178466796875,4986400
2013-07-10,58.36978190921915,58.39176034834737,57.59318058197651,58.17197036743164,5459400
2013-07-11,58.8093917565124,59.10977878771926,58.30387067881763,58.509010314941406,6845700
2013-07-12,58.55297179864241,59.16106833167575,58.55297179864241,59.0072135925293,5178300
2013-07-15,59.07313771221338,59.45411607069549,58.736121834870126,58.904632568359375,5041400
2013-07-16,58.911962764991074,59.11710238579616,58.49434992167801,58.77275848388672,5031500
2013-07-17,59.16837930585613,59.51272316129422,58.897298792298876,58.93393325805664,5700200
2013-07-18,58.85334816834875,58.94126195210778,58.58226762594275,58.626224517822266,5297800
2013-07-19,58.57493604569579,58.69948988115873,58.186635285387965,58.53097915649414,5886200
2013-07-22,58.59691039076679,58.655517703466465,58.062077438831324,58.6115608215332,5957900
2013-07-23,58.71414372868714,58.95591781262577,58.50900411430355,58.75077819824219,4985800
2013-07-24,58.94125965246254,58.955915675607415,58.303862386537055,58.809383392333984,4813300
2013-07-25,58.67749752294705,58.684825533319426,57.06568179834201,57.87158966064453,9967600
2013-07-26,57.45398855094459,58.1500042790921,57.32944030967552,57.68843460083008,5577600
2013-07-29,57.615167553710606,57.86426960986651,57.41735598262789,57.63714599609375,5179000
2013-07-30,58.00346453864092,58.07672787174374,57.52724448902156,57.58585739135742,4813400
2013-07-31,57.65181291024201,58.413764064749955,57.65181291024201,57.900909423828125,5915000
2013-08-01,58.259898602913076,58.58959204067365,57.59319489525337,57.61517333984375,6727400
2013-08-02,57.61518228124239,58.97790195367837,57.51261246414599,58.78009033203125,5964400
2013-08-05,58.57493455299671,58.57493455299671,58.15000492572787,58.36247253417969,3578500
2013-08-06,58.333159800912455,58.85333674922112,57.6884290337198,58.648197174072266,6311100
2013-08-07,58.289229838489824,58.29655785301351,57.585891364423695,57.75440216064453,5322200
2013-08-08,58.19395174232956,58.77274155698349,57.9448497104981,58.640865325927734,4467900
2013-08-09,58.37711818482414,58.4137526483142,57.534575831261925,57.85694122314453,5299300
2013-08-12,57.60051824197562,58.27454990645839,57.57121178835013,58.025447845458984,3844400
2013-08-13,57.981486909201884,58.34780916947717,57.204885506101185,58.2012825012207,6956400
2013-08-14,57.988829464043086,58.04744238190039,56.545518502211216,56.73600769042969,8648100
2013-08-15,56.03266143443609,56.12057520901811,54.84577517086668,55.0509147644043,13702000
2013-08-16,55.08755835354079,55.93742332318023,54.89706916100748,55.22675704956055,9138200
2013-08-19,55.3073582920725,56.003374254998896,55.08024017671962,55.10221862792969,9184100
2013-08-20,56.4429538143205,56.77996973813893,53.95928848842956,54.42818069458008,17038100
2013-08-21,54.65528432002961,55.1901173206177,53.79809150654982,54.017887115478516,10788400
2013-08-22,54.14977434401029,54.362236395523084,53.73948949678349,54.2157096862793,6668700
2013-08-23,54.32561342098428,54.36224230746082,53.563662152855315,54.13512420654297,7730800
2013-08-26,54.09114425778168,55.79087925789597,54.08381624775445,55.26337432861328,10362900
2013-08-27,54.838454513367715,55.116863075903304,54.17907316740903,54.303627014160156,8264200
2013-08-28,54.29628998671448,55.18278925311726,54.22302664702494,54.97032165527344,7076000
2013-08-29,54.92637243577612,55.431899052571865,54.80182418195655,54.9849853515625,5704200
2013-08-30,55.03625757620076,55.04357999676064,54.34756994845908,54.57468795776367,6331300
2013-09-03,55.11233291678695,55.4216617734615,54.26535623098993,54.42738723754883,7802800
2013-09-04,54.4863117018104,54.87665608380538,54.30954752882719,54.604148864746094,8271600
2013-09-05,54.55261677157256,54.65572643922764,53.646718269682395,53.75719451904297,11039000
2013-09-06,54.16961282263401,54.176973781752864,53.18269925258902,53.543582916259766,9968400
2013-09-09,53.74982735714999,54.34639116821469,53.69090594841266,54.19172668457031,5781800
2013-09-10,54.4715912030058,54.979778485085525,54.30956014964389,54.94295120239258,6438700
2013-09-11,54.98713771414465,55.318560737855215,54.61888741266461,55.267005920410156,6441500
2013-09-12,55.370123029679675,55.782561624914976,55.21545855646644,55.53215408325195,6872200
2013-09-13,55.48058111043312,55.539502495922626,55.119691838599344,55.31855010986328,4888400
2013-09-16,56.010886133268336,56.18764474576536,55.384855979867886,55.63526916503906,8054400
2013-09-17,55.70892794065925,56.084544975113296,55.657373102130734,55.8267707824707,6825600
2013-09-18,55.80465709658923,57.43232863298231,55.49532814268155,56.983062744140625,10594300
2013-09-19,57.329214038777124,57.9773382763854,57.18191614062322,57.82267379760742,7693700
2013-09-20,58.04360883614932,58.04360883614932,56.71054458618164,56.71054458618164,14158300
2013-09-23,56.312824875007955,56.53377726211093,55.80463775610268,55.907752990722656,6248800
2013-09-24,55.82676234861822,56.55589656024302,55.66473127513379,56.00352096557617,5412700
2013-09-25,55.88568136917385,56.20237695316873,55.42905444740596,55.620540618896484,6785600
2013-09-26,55.69418120300694,56.28337835186172,55.69418120300694,56.025604248046875,3798200
2013-09-27,55.71627810729527,56.04033458868775,55.51741977509226,55.9445915222168,4058700
2013-09-30,55.37012087883616,56.03297260904055,55.208089831557956,55.86357498168945,6276200
2013-10-01,55.88568013913395,56.28339125579641,55.70892151585797,56.16555404663086,4411700
2013-10-02,55.87093483143286,56.25391266327541,55.56160593428462,56.20972442626953,5118400
2013-10-03,56.268653209431804,56.58534872734603,55.61316805219957,55.88566970825195,6979700
2013-10-04,55.826767770893234,56.15819091226136,55.59108771904007,55.812034606933594,4855800
2013-10-07,55.53215990133681,55.86358300450905,55.303840838721136,55.33330154418945,5087000
2013-10-08,55.252277076163935,55.436402241281726,54.62625263857425,54.69990158081055,8997900
2013-10-09,54.758813301816566,54.97239912988145,54.427390310816,54.604148864746094,6817600
2013-10-10,55.26698785162958,55.61314392089844,55.046035495357415,55.61314392089844,6092800
2013-10-11,55.568966894416576,56.43803780953796,55.546872775913634,56.20972442626953,6936700
2013-10-14,55.78254577312976,56.357015258689735,55.67206957535603,56.2318115234375,4119000
2013-10-15,56.077157112897346,56.150806051553644,55.30382920937165,55.3701171875,6645400
2013-10-16,55.5616096924333,55.672080292420155,54.920852117239946,55.193359375,12877900
2013-10-17,54.87667328110396,55.83412089906976,54.87667328110396,55.78256607055664,7176400
2013-10-18,55.42904437189799,55.605802966934455,54.30956015887333,55.009239196777344,14334800
2013-10-21,54.94293896172405,55.090242440623875,54.6115159675425,54.957672119140625,7578700
2013-10-22,55.26700025133704,55.333282601658695,54.93557164256946,55.134429931640625,6867000
2013-10-23,54.89876718778953,55.53952487025147,54.8766730640934,55.296478271484375,5526100
2013-10-24,55.54687405162752,56.59270355784494,55.53951309132651,56.54851531982422,7927400
2013-10-25,56.379132701763425,56.42332094713099,55.98142163629155,56.158180236816406,5944200
2013-10-28,56.084526048540006,56.26865121244259,55.82675194288719,56.01823806762695,7728100
2013-10-29,56.30545722158971,57.11561221279159,56.26126899263416,57.07878494262695,7248000
2013-10-30,57.21135617727215,57.888935254501654,57.09351340607436,57.3586540222168,7251900
2013-10-31,57.439703500951275,57.778493239976164,57.093547179605686,57.36605453491211,7577600
2013-11-01,57.43231416610803,57.469135821409736,56.59269838705302,56.70317459106445,7178300
2013-11-04,56.84311491517122,57.01987348080616,56.42330980987981,56.71054458618164,3906500
2013-11-05,56.54851710627235,56.563250265447145,56.02560233664401,56.45277404785156,6035300
2013-11-06,56.50433487445454,56.55588969893999,55.907771102686496,56.283382415771484,5059600
2013-11-07,56.577967252790195,56.8504744561581,55.73099056793843,55.745723724365234,5424600
2013-11-08,55.44377999340227,55.76047556598269,55.07552958896251,55.59108352661133,9229700
2013-11-11,55.43640860164573,55.731010023445414,55.18600104550159,55.51006317138672,5774000
2013-11-12,55.856200045650745,56.40857546834454,55.7678235742139,56.10661315917969,6629200
2013-11-13,55.74572976967012,57.21873090513248,55.74572976967012,57.152442932128906,7064700
2013-11-14,57.55016712750216,58.433965764093635,57.49124571998147,58.13936996459961,6843800
2013-11-15,58.06573879078196,58.9863650827646,57.859519400426954,58.942176818847656,10414800
2013-11-18,58.92002551877873,59.2661815677498,58.323462058497576,58.676979064941406,8613000
2013-11-19,60.55508478205182,60.591906443386954,59.1115441718493,59.199920654296875,12236700
2013-11-20,59.457731592908665,59.457731592908665,58.46345069096533,58.735958099365234,7236900
2013-11-21,58.96423757622937,58.96423757622937,58.448689392149305,58.79484558105469,5618600
2013-11-22,58.625456733805386,58.78748779276211,58.02152636254689,58.31612777709961,7786200
2013-11-25,58.4045348780888,58.94954407583158,58.4045348780888,58.735958099365234,5496100
2013-11-26,59.07471247851462,59.58289969084234,58.98633038361521,59.17782211303711,9360700
2013-11-27,59.17045379430915,59.47242172871517,59.00842838700364,59.4061393737793,5450000
2013-11-29,59.568162365770675,59.94377921900422,59.38403722856546,59.41349792480469,3372600
2013-12-02,59.25147680960816,59.47242925881056,58.56653095994575,58.75065612792969,5915600
2013-12-03,58.439813436964826,58.82467859681027,57.958734810488814,58.254783630371094,7276900
2013-12-04,57.84031125107648,58.28438160060607,57.507254253933645,58.02534103393555,7148800
2013-12-05,57.96613634068262,58.8690826809614,57.929128121492916,58.128963470458984,6264900
2013-12-06,58.528627519436355,59.24654404479533,58.32879217389244,59.09111404418945,5094600
2013-12-09,59.14292726967768,59.65360567179386,58.86167836320367,58.91348648071289,5799800
2013-12-10,58.70624713111761,59.157720236503515,58.02533891031484,58.180763244628906,7448400
2013-12-11,58.01053405964645,59.06890461738575,58.01053405964645,58.46940994262695,7834500
2013-12-12,58.46201713023641,58.61744149288734,57.93653314794185,58.12156295776367,8535200
2013-12-13,58.53600805350934,58.891267652297756,58.114140456194214,58.476802825927734,6027100
2013-12-16,58.624851535913606,59.0319194266633,58.417619026681905,58.54343795776367,7099700
2013-12-17,58.69884207976663,58.74325306403237,58.18076098550319,58.18816375732422,6226000
2013-12-18,58.321409910018296,59.25395627133358,57.958747345066215,59.246559143066406,8170300
2013-12-19,59.26875024323479,59.557396295826706,58.94309596988527,59.17253112792969,6620800
2013-12-20,59.34276725395713,59.823845940888226,59.239151000976555,59.23915100097656,11232900
2013-12-23,59.261336141799184,59.8904362477926,59.23913347225339,59.623992919921875,3941300
2013-12-24,59.623989955895944,59.920038710664095,59.623989955895944,59.68320083618164,1819800
2013-12-26,59.83122661469287,60.49733494828753,59.809023944683176,60.35671615600586,3848800
2013-12-27,60.430746433058864,60.867414141879436,60.11249488471101,60.423343658447266,3961900
2013-12-30,60.44552372617922,60.67496448001665,60.29009939744702,60.64535903930664,3526400
2013-12-31,60.68238087862776,61.037640633322006,60.48255114869254,60.94142150878906,4493600
2014-01-02,60.77118443065484,61.11163856526237,60.54174929892525,60.70457077026367,4253400
2014-01-03,60.62318109904091,61.04504891958542,60.56397019346838,60.608375549316406,3897900
2014-01-06,60.4307226814501,60.67496332767367,60.02365493774414,60.02365493774414,11188800
2014-01-07,60.179104363628625,60.630577632531015,60.008880070105704,60.31972885131836,4630900
2014-01-08,60.349312527260444,60.64536129872974,59.97185020247058,60.63795852661133,4662300
2014-01-09,60.61576167951663,60.64536712417345,59.927450619563835,60.37152099609375,4966000
2014-01-10,60.48254263883907,60.719380559758214,60.26050461756299,60.69717788696289,4981000
2014-01-13,60.40112407534188,60.78598354748642,59.92004550016548,59.92744827270508,6952400
2014-01-14,60.15688765228258,60.31231200663089,59.66100914364824,59.95705795288086,5217300
2014-01-15,59.83863010345359,60.26790055098385,59.75721654800265,60.00145721435547,5196800
2014-01-16,59.875616088465286,60.230869974301605,59.786799793676856,60.142059326171875,4871200
2014-01-17,60.18646855879558,60.20867122226987,59.69059025233951,59.94963073730469,6178000
2014-01-21,60.17167541448815,60.31969695202556,59.068894067193554,59.54997253417969,6932800
2014-01-22,59.69801517789395,59.80902853646539,59.15032292452271,59.3575553894043,5821600
2014-01-23,58.92830611932639,59.43158751548728,58.61005456518549,59.387176513671875,6387000
2014-01-24,58.92090010197211,59.20954618790516,58.58784866333008,58.58784866333008,7118300
2014-01-27,58.365799790737796,58.595234932767525,58.11415632980664,58.425010681152344,6591200
2014-01-28,58.04014713240057,58.417609510822004,57.59607673543141,58.128963470458984,10586500
2014-01-29,57.936524062553715,58.28438095393499,56.715326379901015,56.75233459472656,9195300
2014-01-30,57.15941597817617,57.55167830339897,56.73014542931788,56.9373779296875,6820900
2014-01-31,56.39705348992411,57.337007581196076,56.138013024610096,56.87813186645508,10592200
2014-02-03,56.7227254602486,56.78933911326669,55.457122519509014,55.575538635253906,9527000
2014-02-04,55.8863974936147,56.13803528924671,54.894634915941744,55.486732482910156,9573400
2014-02-05,55.30911177099212,55.916009305260786,54.739216809710385,55.70137405395508,10080300
2014-02-06,55.64956470104856,56.39708103075835,55.63475915485271,56.36748123168945,6107100
2014-02-07,56.37488648471331,56.69313801386406,56.138048531391505,56.58211898803711,6194200
2014-02-10,56.663530312008824,56.68573298695942,56.160248975368056,56.55251693725586,6343600
2014-02-11,56.574712511619126,56.981774676835045,56.37487716882076,56.76713943481445,6292900
2014-02-12,56.92255545569541,57.23340408298339,56.74492282867951,57.19639587402344,7345900
2014-02-13,57.24080108996424,57.633068905490994,56.94475800553182,57.42583084106445,6586900
2014-02-14,57.54427235665663,57.82551564212884,57.22602084958935,57.677494049072266,4752300
2014-02-18,57.670070332784306,57.78849208155468,57.04097032075608,57.41102981567383,4954700
2014-02-19,57.174216694672715,57.37404642383146,56.54511641053627,56.58211898803711,7767800
2014-02-20,56.685740462805576,57.403657163085924,56.648737881895265,57.344451904296875,5852200
2014-02-21,57.25561437805747,57.758895595003274,57.25561437805747,57.53685760498047,7764500
2014-02-24,57.61088265107061,57.91433426946174,57.32963935450926,57.63309097290039,11739500
2014-02-25,58.97270293170113,59.9496601301783,58.71366231973026,59.93486022949219,13421700
2014-02-26,59.94227025333781,61.215276559386616,59.79424862798179,60.46775436401367,9737800
2014-02-27,60.43811787395066,60.83777714917526,59.66099069584361,60.66755294799805,6040900
2014-02-28,60.60835886475965,61.503902390029474,60.238299276797186,60.71197509765625,7239600
2014-03-03,59.74982842873383,60.71198004788986,59.66841486101103,60.68977737426758,8359500
2014-03-04,61.348490545314775,61.577925729685575,61.21526884062733,61.33369064331055,6367600
2014-03-05,61.36327362060547,61.57790317770485,61.11903297701756,61.36327362060547,5069900
2014-03-06,61.267073247468886,61.348486820204535,60.860011030452625,60.99323272705078,6168400
2014-03-07,61.14124143070198,61.18564677131608,60.71937375488566,61.09683609008789,5287700
2014-03-10,61.015419145858345,61.08942992499171,60.48993527335283,60.8229866027832,4139000
2014-03-11,60.80811625927446,60.92721354251087,60.331715768045186,60.5103645324707,4667900
2014-03-12,60.093501565508944,60.182823087405566,59.72875308729606,59.96695327758789,7048700
2014-03-13,60.339146862334616,60.339146862334616,58.59730887884286,58.6568603515625,7665800
2014-03-14,58.67174737903724,59.46078454246028,58.64941699579187,59.08859634399414,6739000
2014-03-17,59.23002718036463,59.69154257150196,58.99182697055139,59.23747253417969,5547600
2014-03-18,59.28959504118291,59.96697476792676,59.26726465270623,59.4161376953125,5032600
2014-03-19,59.52780415341813,59.9148775291389,59.10350967194925,59.36404037475586,6568400
2014-03-20,59.33424258712671,59.728761173287474,59.15559384000776,59.617103576660156,5097800
2014-03-21,60.13073080740087,60.964434504800955,59.736212183883396,59.862754821777344,10086100
2014-03-24,59.85529064271603,59.892506043786454,58.95459047806368,59.2970085144043,7574200
2014-03-25,59.587341235464656,59.617111297889046,58.924846603252746,59.155601501464844,5375500
2014-03-26,59.170467318680664,59.38633711558274,58.58240939176954,58.70895767211914,6364600
2014-03-27,58.530302871901846,58.82060915694992,58.33676913462988,58.56752395629883,5803300
2014-03-28,58.74618211580066,59.17792177602843,58.42610004758228,58.59730911254883,5132700
2014-03-31,58.962047806667144,59.05137500983193,58.686626522931206,58.902496337890625,5736200
2014-04-01,58.984384102754916,59.765981591190304,58.984384102754916,59.08859634399414,6697600
2014-04-02,59.20770229171439,60.115842450621756,59.170481198326456,59.51289367675781,6611700
2014-04-03,59.51288870477828,59.56499482368331,58.79084839399167,59.103485107421875,5505400
2014-04-04,59.282134014132915,59.326794779280256,58.42610004758228,58.59730911254883,6422000
2014-04-07,58.57498852449229,58.57498852449229,57.33932081014606,57.41375732421875,11121300
2014-04-08,57.24999173752262,57.64451032146324,56.88524321198323,57.39886474609375,7371000
2014-04-09,57.49564196877601,58.00926359521166,57.42120545111025,57.882720947265625,8027600
2014-04-10,57.77849256905674,58.22511722960505,57.09366203179927,57.15321350097656,6201500
2014-04-11,57.03411951701436,57.36164125801641,56.31207352941225,56.34928894042969,8399100
2014-04-14,56.795923292310256,57.21277227146687,56.20786523720494,56.55027770996094,8677200
2014-04-15,56.788482011748165,56.870363878405215,55.53792930542635,56.49073028564453,7022900
2014-04-16,56.88523437911485,57.004337310791016,56.42372471672062,57.004337310791016,6104700
2014-04-17,56.76615163855475,57.8231648712691,56.50562100783528,57.38397979736328,6875000
2014-04-21,58.32187287728552,58.32187287728552,57.81569684502846,58.03156661987305,6253300
2014-04-22,58.612169579290345,59.72129400155033,58.5302877580728,59.304439544677734,11188400
2014-04-23,59.453341733871746,59.587329705423116,58.388883315197226,58.448429107666016,7497000
2014-04-24,58.78340472774043,59.40867817255202,58.597310629288245,59.378902435302734,7271600
2014-04-25,59.110932406380726,59.32679656384682,58.82806574089608,59.08859634399414,6381400
2014-04-28,59.20023923550531,60.406130743513195,59.05136626475165,59.676639556884766,14562400
2014-04-29,59.78831346261866,59.78831346261866,59.19281005859375,59.19281005859375,5146500
2014-04-30,59.35656331990433,59.35656331990433,58.60474736174262,59.185359954833984,8524700
2014-05-01,59.18536813432758,59.28958037420058,58.76851349569443,59.0513801574707,3936700
2014-05-02,59.04393363463297,59.6692127406344,58.92483636819619,59.103485107421875,3738400
2014-05-05,58.835485476227255,58.93969767208925,58.47818246245845,58.574954986572266,3521000
2014-05-06,58.53775196658745,58.627079167366304,57.57750585499159,57.62961196899414,6475800
2014-05-07,57.94969697701522,58.03157882880843,56.959675081072405,57.376529693603516,5378600
2014-05-08,57.272316605239745,57.860374587002454,57.06389214165614,57.35419845581055,5485100
2014-05-09,57.36162100822196,57.87524233955666,57.17552698140667,57.84546661376953,4345800
2014-05-12,57.927365839036696,58.38888120865001,57.875259723043314,58.262332916259766,4324200
2014-05-13,58.329321185422124,58.56752134919514,57.346744799965975,57.517948150634766,5455500
2014-05-14,57.562638673603985,57.592414416428156,56.6991591691299,56.80337142944336,6870000
2014-05-15,56.609827381491655,56.78847612698445,56.06643011172698,56.75125503540039,6304700
2014-05-16,57.16063630788903,57.59237577041745,57.06386946800029,57.584930419921875,7039400
2014-05-19,57.00435281259897,57.36909570155005,56.84803443161993,56.944801330566406,7733800
2014-05-20,58.001790891017976,58.67173059240814,57.61471777418121,58.03156661987305,15432200
2014-05-21,58.24744944646829,58.44098888782366,57.87526127109149,58.120906829833984,6693900
2014-05-22,57.88271016277901,58.8429563954421,57.88271016277901,58.641971588134766,5265900
2014-05-23,58.63452691650201,59.10348768625023,58.44099314020527,58.93972396850586,5003100
2014-05-27,59.088575474138665,59.55009072172213,59.02902969956274,59.3193359375,4760600
2014-05-28,59.36403393031494,59.550128080566715,59.006730663008724,59.311927795410156,4002200
2014-05-29,59.46077915393156,59.542661004505014,59.133257430778464,59.475669860839844,4408900
2014-05-30,59.37889158563534,59.75107971453377,59.23746395846923,59.721309661865234,4528000
2014-06-02,59.73621653881799,60.339159710856244,59.67666505341756,60.17539596557617,6817700
2014-06-03,60.04060322371451,60.55722254623776,60.01065336681661,60.39999008178711,5477700
2014-06-04,60.13793672224331,60.56471219173134,59.94326550616157,60.30265808105469,4961600
2014-06-05,60.39999734718714,60.54225775647662,60.10799334774688,60.182865142822266,5666400
2014-06-06,60.33260721509566,60.84922653785067,60.280196393588604,60.37752914428711,4460300
2014-06-09,60.37004027907394,60.886665314412,60.21280781448216,60.35506820678711,3718600
2014-06-10,60.093043689735616,60.53479144410853,60.06309381806312,60.452430725097656,4249500
2014-06-11,60.242775019488654,60.44493518385912,59.71866665325552,59.756099700927734,4918100
2014-06-12,59.696220755947486,59.73365381307185,58.55065953074137,58.722869873046875,7643300
2014-06-13,58.767780774870864,58.84265258739365,58.213722507378485,58.45331573486328,7971800
2014-06-16,58.37094155052599,59.21700369016309,58.37094155052599,59.07474899291992,7164400
2014-06-17,59.02981027687789,60.24275369672428,58.947455316207225,59.91331100463867,9587300
2014-06-18,59.92082582843646,60.467400921179156,59.741132333328586,60.429962158203125,8071500
2014-06-19,60.429952898891386,60.53477456433923,59.86091692049426,60.22779846191406,5095400
2014-06-20,60.414961895679355,60.49732256592121,59.79351527925465,60.02561950683594,13661000
2014-06-23,60.01814228605329,60.497328571932464,59.87588189381221,60.37752914428711,4920400
2014-06-24,60.1828828905193,60.51981463624609,59.77108503999121,60.22032165527344,5579300
2014-06-25,60.167902446409954,60.35508481944822,59.988208967751966,60.29518508911133,4486300
2014-06-26,60.23529019581093,60.62463276191317,59.98821378494764,60.45991134643555,5165200
2014-06-27,60.38502457137973,60.99898242362597,60.37004678512763,60.74441146850586,5011000
2014-06-30,60.662056032179635,60.81929423967881,60.25774716600304,60.61713409423828,5045300
2014-07-01,60.88667503111001,61.37335028719014,60.811803233025074,61.26103973388672,5234600
2014-07-02,61.27602054382309,61.530591548424916,61.111304849495845,61.3808479309082,4185700
2014-07-03,61.44822250202381,61.65786582302427,61.246068074588244,61.433250427246094,2764000
2014-07-07,61.19365402635443,61.4631913446437,60.75190072688927,60.961544036865234,6071000
2014-07-08,60.96155428011053,61.043914981775956,60.310163273569266,60.4673957824707,7322900
2014-07-09,60.7294461649129,60.81929575538702,60.03312754770755,60.44493103027344,6980600
2014-07-10,59.18706540242104,59.583891097581464,58.36345843621746,59.449119567871094,11530900
2014-07-11,59.59136834392151,59.82347833507553,59.30685323724939,59.606346130371094,4746400
2014-07-14,59.83844863100873,59.943270283633666,59.29187940122895,59.49403381347656,7657200
2014-07-15,59.52398647325365,59.943273103477416,59.46408675112114,59.79352951049805,6051900
2014-07-16,59.92829100394755,60.0780345718769,59.43412694754899,59.643775939941406,9033700
2014-07-17,59.486542937850196,59.808496777996865,59.321827283751986,59.56142044067383,7697300
2014-07-18,59.74861243565579,60.10799937298336,59.48655255809531,59.958255767822266,5323200
2014-07-21,59.90584211783245,59.920814192703574,59.54644948505219,59.68122100830078,4112800
2014-07-22,60.16788657951367,60.45989054746068,60.04808715043224,60.30265808105469,6336100
2014-07-23,60.24276931594813,60.71446680089955,60.05558695825042,60.66205596923828,3669200
2014-07-24,60.78934604200577,61.0514002077619,60.56472492144201,60.79682922363281,4359600
2014-07-25,60.721958869069155,60.8717081904672,60.564726365865596,60.66954803466797,4680100
2014-07-28,60.796822354832265,60.90164400929201,60.39251352325996,60.69948959350586,3441600
2014-07-29,60.80431516239377,61.25355166933507,60.564721977868274,60.632110595703125,4536500
2014-07-30,61.02143520609023,61.28348930683637,60.69948139307326,61.21610641479492,5807300
2014-07-31,60.714445292363315,61.081326696374006,60.53475189208984,60.534751892089844,5748900
2014-08-01,60.317666162225805,60.707008826820804,59.70370800253792,59.71119689941406,8708000
2014-08-04,59.67374763069002,60.085551201122016,59.643803473161874,59.92082977294922,7025000
2014-08-05,59.73364737045351,60.54227672019983,59.73364737045351,59.92082977294922,5895500
2014-08-06,59.85343428246231,60.66205775006711,59.78604566128968,60.28769302368164,4228200
2014-08-07,60.45988359034541,60.69947670858713,60.11546883989486,60.250240325927734,4045900
2014-08-08,60.69949334834803,61.74022677654317,60.55723293177318,61.71776580810547,7226500
2014-08-11,61.85252548104396,62.196940259925306,61.77016480431679,62.05467987060547,3952000
2014-08-12,61.957338841458196,62.211904017428516,61.90492802803194,62.08462142944336,3657100
2014-08-13,62.12957240725044,62.43654851198344,61.94987322597259,62.23439407348633,4498700
2014-08-14,62.21192727288749,62.87081284494464,61.949873107797664,62.7884521484375,4923000
2014-08-15,62.92324428386551,62.96067734122116,62.032254118429094,62.661190032958984,5383500
2014-08-18,63.050510427385255,63.357492263914686,62.36168065924721,62.58629608154297,9475300
2014-08-19,65.06458286220654,66.62942449075238,64.81750080116718,66.06039428710938,18244600
2014-08-20,66.01548103880414,68.18679781004109,65.94809812328909,67.94720458984375,13394200
2014-08-21,67.89480027600312,68.74086266655283,67.88731138055303,68.2467041015625,8315900
2014-08-22,67.9396976433181,68.38145091739126,67.8723147457069,68.15682983398438,6939200
2014-08-25,68.32155740709663,68.74833293446059,68.09693630328321,68.28411865234375,7328700
2014-08-26,68.11940194193379,68.75582077653776,68.05950222018588,68.60607147216797,5396400
2014-08-27,68.64349097161463,68.85313422657481,68.3664591205028,68.78575134277344,4320200
2014-08-28,68.43386357964906,69.42967498388967,68.33652510846139,69.26495361328125,7575700
2014-08-29,69.4371894255659,70.02119766620989,69.33985662290996,70.0062255859375,7672200
2014-09-02,70.01370822056786,70.21688390846738,67.6131934101876,68.59146118164062,20753200
2014-09-03,68.56138045646465,68.711880585613,66.9585316903082,66.97357940673828,15410400
2014-09-04,66.97356452556373,68.29046045724617,66.97356452556373,67.67340087890625,8452200
2014-09-05,67.47023349145628,68.96020414272454,67.18427523667107,68.93762969970703,7746400
2014-09-08,68.76455988435984,69.06556589997456,68.1550268651189,68.34315490722656,4885900
2014-09-09,67.88409748754113,67.97440098194777,66.80800524600518,66.92088317871094,8103000
2014-09-10,66.71772563326269,67.27458298048695,66.46939526203138,67.16170501708984,6245400
2014-09-11,67.02624406027743,67.28962211380322,66.6876159544887,67.13912200927734,4537800
2014-09-12,67.2595525530691,67.34985610294908,66.56724256096358,66.85319519042969,4593700
2014-09-15,67.1090366032874,67.37994144803527,66.67257815994779,67.25953674316406,3935000
2014-09-16,67.17676329336632,68.28295717437396,66.61990585860238,67.92927551269531,5045100
2014-09-17,68.20017984763464,68.88496871775153,67.68095032430638,68.6441650390625,7068800
2014-09-18,69.10319435212051,69.56222723779537,68.62910800787898,69.29884338378906,6025100
2014-09-19,69.8707517971799,70.54801387865743,69.38161775271213,69.48696899414062,12498800
2014-09-22,69.21608266790484,69.54718417008105,68.99032668537338,69.14835357666016,5208800
2014-09-23,69.07309941401356,69.39667990787144,68.81724226618479,68.84734344482422,6330000
2014-09-24,68.99031655426505,70.06640919604489,68.74198615818995,69.9986801147461,6381400
2014-09-25,69.83315373365515,69.98365391871515,68.892513223995,69.15589141845703,4972100
2014-09-26,69.44936475949238,69.9836478335773,69.08063531930686,69.86324310302734,4571400
2014-09-29,69.50957150874531,70.11157797582302,69.19351194172455,69.89334869384766,3894600
2014-09-30,70.00621050229552,70.14166293075903,68.77961765764059,69.03546905517578,6773000
2014-10-01,69.33646028272251,69.48696039722564,68.4183946571039,68.49364471435547,5970700
2014-10-02,68.71188373496005,69.57727387025724,68.53128242346195,69.4117202758789,5991200
2014-10-03,69.62241855624737,70.49533536796898,69.48696614550478,70.38998413085938,6200100
2014-10-06,70.52543036735248,70.9242608359529,70.02876965770655,70.17927551269531,4951700
2014-10-07,70.01374777687168,70.40505166180527,69.56224152772877,69.5848159790039,5030300
2014-10-08,69.66002509598542,70.8565219808179,69.41169479557735,70.80384063720703,6618900
2014-10-09,70.66842920278701,71.33063792578493,69.99868800842479,70.03631591796875,6674700
2014-10-10,70.15670509697934,70.63078564968227,69.63746991458208,69.6449966430664,6349800
2014-10-13,69.89333158537072,69.9384862217287,68.04967897823914,68.17760467529297,7372200
2014-10-14,68.00451967528431,68.12491862431649,66.61236771509547,67.80133819580078,9711300
2014-10-15,66.28877845515179,67.10149278238747,65.18259065227146,66.1081771850586,12987500
2014-10-16,64.97943048244873,67.5153987866383,64.97943048244873,66.88328552246094,7147600
2014-10-17,67.19935011174672,68.5689222563846,67.01122203835573,67.90670776367188,7007300
2014-10-20,67.62825457330179,69.28377865396472,67.55299878137187,69.11822509765625,5609400
2014-10-21,69.62994853950036,71.0145738852775,69.32142154246206,70.88664245605469,6604700
2014-10-22,70.96190346582422,71.48113298499,70.16423662182622,70.23948669433594,5908900
2014-10-23,71.11237128012705,71.87993085670082,71.06722240539032,71.33812713623047,5923100
2014-10-24,71.18765320764874,71.63163839255043,70.83397155388276,71.48113250732422,4825200
2014-10-27,71.45854815500195,72.0003577842913,71.27042013045492,71.84233093261719,4465100
2014-10-28,72.17343221417097,72.69266161560338,71.86489952326353,72.68513488769531,5260100
2014-10-29,72.70773397962442,73.18181461931917,72.09067417854962,72.5572280883789,4275400
2014-10-30,72.33146687543132,73.59568746378183,72.2637377993564,73.38497924804688,4115800
2014-10-31,74.33314612461272,74.69435446751794,73.24200584959867,73.38497924804688,6335900
2014-11-03,72.85070097465973,72.86575443306299,72.22612024001765,72.30889129638672,7614200
2014-11-04,72.28630963117736,72.37661314894217,71.63162778632027,72.2110595703125,5349600
2014-11-05,72.6851479514466,72.88080272374303,71.60153432758595,72.07561492919922,5002700
2014-11-06,72.50453563208112,73.37745237504654,72.24868428817074,73.21189880371094,4016900
2014-11-07,73.12160262395894,73.55806103921805,72.76040001500873,73.4828109741211,3429600
2014-11-10,73.47526771204554,73.87409813440648,72.99366051434056,73.8665771484375,3662300
2014-11-11,74.09234326257099,74.3105724681317,73.65588485144958,73.8515396118164,3818400
2014-11-12,73.97192531837827,74.27292549864245,73.45269024736481,74.11489868164062,4629400
2014-11-13,74.42346055770582,74.7696154939206,74.00204980565996,74.49871063232422,3182800
2014-11-14,74.42344908014752,74.49869914316088,73.76123474672166,73.92678833007812,4085500
2014-11-17,73.87411191647914,74.46107043936034,73.59568611220621,73.76876068115234,8581600
2014-11-18,73.10655784871939,73.52796282318633,72.22611999511719,72.22611999511719,10384400
2014-11-19,72.65506445514482,73.22696966627278,72.24118039597427,72.76793670654297,6831100
2014-11-20,72.30136596903952,73.72361341854014,72.25621133775203,73.422607421875,4958800
2014-11-21,74.48366355961383,74.57396135345365,73.61074661107725,73.95690155029297,6806800
2014-11-24,74.25786730993575,74.42342083045128,73.91171255849852,74.04716491699219,5043600
2014-11-25,74.22779818477696,74.40087850580218,72.549699301556,73.00120544433594,7992000
2014-11-26,73.03881664365856,73.52795061708677,73.00119448644793,73.52042388916016,4337900
2014-11-28,73.79135886377033,75.10073448041032,73.74620996016674,74.79972839355469,3305800
2014-12-01,74.86743437340529,74.95773790086803,73.97946978093124,74.40840148925781,4393700
2014-12-02,74.56717604990232,74.85449425417076,74.09082557636101,74.21936798095703,4677700
2014-12-03,74.17398908708701,74.65789641106163,74.12862457816136,74.54447937011719,4357200
2014-12-04,74.2117996137218,74.93766062827773,73.9320383375222,74.81668090820312,5220000
2014-12-05,74.6805648057585,75.36862382946413,74.59739847770621,75.33837890625,4649100
2014-12-08,75.3913175581983,76.32888724606617,75.35351572489716,75.93571472167969,6624300
2014-12-09,75.37618650242497,75.59545786925547,74.54446553560955,75.33837890625,5280500
2014-12-10,75.12669859780236,75.78451294683849,74.71840063308663,74.80913543701172,5357000
2014-12-11,75.06620730128896,76.66915419503343,74.96791559204584,75.81475067138672,6864000
2014-12-12,75.37622049150532,76.55574418558774,75.14938634942862,75.44426727294922,5983300
2014-12-15,75.61814679774758,76.54815375204157,75.07374966907317,75.64839172363281,5488300
2014-12-16,75.14179967410801,75.78449428184955,73.3347070969141,73.38763427734375,7829300
2014-12-17,73.78838764090668,74.96035434158875,73.41033461083263,74.80913543701172,6096400
2014-12-18,75.86768635129886,76.13232811183015,75.08134105212142,76.11720275878906,6594000
2014-12-19,76.30623168189145,77.12282771273328,76.22305954345576,77.06990051269531,12500600
2014-12-22,77.31185581373133,78.30991572649826,77.29673622854297,78.25698852539062,5418900
2014-12-23,78.37795805154505,78.78625025329522,78.12087898783886,78.45356750488281,4067700
2014-12-24,78.67284141548244,78.92235204242903,78.3023452758789,78.3023452758789,1819000
2014-12-26,78.61989842104524,78.87697167249273,78.24184544988324,78.44599151611328,2594900
2014-12-29,78.31746058220916,79.23991082186554,78.07550689382643,79.03575897216797,3492700
2014-12-30,78.9677147711606,79.19454311654606,78.52160921856292,78.83917236328125,2927800
2014-12-31,79.20210972344046,80.16236188069627,79.05844772619005,79.36845397949219,5821600
2015-01-02,79.51211414762838,79.89016716863773,77.62940594958731,78.20404815673828,4323700
2015-01-05,77.71256426912416,77.71256426912416,76.20791512804281,76.56328582763672,5878100
2015-01-06,77.1757594763464,77.1757594763464,75.8676932142991,76.32891845703125,4910100
2015-01-07,77.3420684670655,78.99037945887365,77.12279707725732,78.94501495361328,5091000
2015-01-08,79.67090069455166,80.89578886711357,79.40625894843019,80.69164276123047,6464600
2015-01-09,80.81260988496732,80.81260988496732,79.25503331924283,79.3079605102539,5717600
2015-01-12,79.51967046972567,79.61040527080777,78.68039230776775,78.95259094238281,4992900
2015-01-13,79.70112823956472,80.17747289510795,77.9923272356412,78.43087005615234,5395200
2015-01-14,77.44036811341135,78.18891713894892,77.03207021819917,77.6067123413086,5384400
2015-01-15,78.12087837094485,78.37039475675745,76.23061320927019,76.37427520751953,6895000
2015-01-16,76.26086154694116,78.86942527899673,75.79207368922064,78.72576904296875,6403800
2015-01-20,79.27015320322144,79.35332532778843,77.38745080879788,78.06794738769531,5331300
2015-01-21,77.91672779677867,78.68039072482199,77.50086717764131,78.27965545654297,5899200
2015-01-22,78.92234378337703,80.38162862333824,78.28721749960421,80.20016479492188,5804100
2015-01-23,80.30601707526753,80.51016892444886,79.62552052571465,79.67089080810547,4072300
2015-01-26,79.66335027640103,80.52531088921755,79.43651610728824,80.4194564819336,4192300
2015-01-27,79.22479908764026,80.00358747570075,78.93748083600231,79.51212310791016,4606500
2015-01-28,79.62548377185784,81.22842981884013,79.08864945518002,79.19450378417969,4917300
2015-01-29,79.49696353297185,81.46283746375805,79.02061895458515,81.37210845947266,6529300
2015-01-30,80.41943849907166,80.79749151730023,78.92234600868878,78.95259094238281,7000000
2015-02-02,79.22480293480541,79.39114721385369,76.79770284078917,78.96016693115234,5012800
2015-02-03,79.30797527242424,81.14531348613657,79.24748539468611,81.08482360839844,5969200
2015-02-04,80.97140154771321,82.41556700453414,80.71432823609193,81.96946716308594,6765200
2015-02-05,82.4004325955346,82.67262544237329,81.77286324494473,82.40798950195312,4471800
2015-02-06,82.6272799024768,82.97508804241252,82.00727308456838,82.44581604003906,4223700
2015-02-09,82.32484008904328,82.76338306477274,81.68971365685505,81.91654205322266,4243800
2015-02-10,82.25677591042871,83.81435249032828,82.15848420297965,83.67825317382812,5414400
2015-02-11,83.6253154201604,83.77654006863327,83.02799103811128,83.40604400634766,4552900
2015-02-12,83.78411512579412,84.83510214368938,83.33045261935393,84.80486297607422,4592200
2015-02-13,84.69144281323838,84.97876104413972,84.15460819388953,84.6007080078125,5098600
2015-02-17,84.44948501238416,84.85778296408691,83.64045178455594,84.68387603759766,6028600
2015-02-18,84.38141920262164,84.81239934466423,83.92775680604477,84.67630004882812,3731600
2015-02-19,84.69143369256307,85.02411640603397,83.65556640787483,83.88240051269531,5910600
2015-02-20,83.78411683965842,84.87291149229235,83.20948034510774,84.86534881591797,7276100
2015-02-23,85.43241101775081,85.56095341542996,84.53264884578094,84.89557647705078,5638000
2015-02-24,88.84247022216275,89.16003341210221,87.05049661842096,88.275390625,12775500
2015-02-25,88.72905432445579,88.72905432445579,87.59489511510536,87.94270324707031,7328200
2015-02-26,87.7083280682046,88.02589131984166,87.10344073959132,87.23954010009766,5649900
2015-02-27,87.09586449811125,87.45879219981592,86.61951395775515,86.76317596435547,5732600
2015-03-02,86.8463389073897,88.50976986287452,86.8463389073897,87.79903411865234,5971900
2015-03-03,87.79150593158975,87.79906861006353,86.80100849096362,87.76126098632812,3784800
2015-03-04,87.24710446920822,87.30759435696866,86.38514375883827,86.77075958251953,3799000
2015-03-05,87.12610642223164,87.78391502206398,86.99756400405022,87.6402587890625,4088700
2015-03-06,87.67806833562128,87.67806833562128,86.19610097598924,86.53634643554688,5169200
2015-03-09,86.48343605615113,87.3151575966229,86.47587914660738,87.14125061035156,5351200
2015-03-10,86.52563121047051,86.89802800469688,85.54523468017578,85.54523468017578,5685000
2015-03-11,85.63644015009628,86.48763865840165,85.43124356417098,85.9328384399414,4356500
2015-03-12,86.52564840508994,88.50924083526185,86.4648472597375,88.23564147949219,5742000
2015-03-13,88.1520120947639,88.39521079713475,86.63962034559258,87.2628173828125,4626900
2015-03-16,87.65042465927115,88.6232195503444,87.64282306840856,88.53961944580078,4820300
2015-03-17,87.74162029800651,88.22042194958564,87.50602316679449,87.84042358398438,3715900
2015-03-18,87.71120925479421,88.47880163608069,86.11521177678462,88.22040557861328,4773600
2015-03-19,88.31923344975631,88.48643368487883,87.45283750259041,87.521240234375,3545600
2015-03-20,87.81762534761708,89.67201344447759,87.65042513761733,89.2920150756836,8446000
2015-03-23,88.95001973083156,89.48961672398516,88.21282196044922,88.21282196044922,4095200
2015-03-24,88.3116169626597,89.55041533304451,88.19002050200788,88.27362060546875,4026900
2015-03-25,88.12920707064137,88.62320603168557,86.36601514995114,86.39641571044922,4725800
2015-03-26,86.15322825577235,86.2064277940006,84.80043502798407,85.40083312988281,5409600
2015-03-27,85.180432794789,86.81442688376018,85.11963166628897,86.5332260131836,3879300
2015-03-30,87.36922377553067,88.19762323005725,87.04242494823734,87.11842346191406,3968400
2015-03-31,86.41162049001856,87.68081935664618,86.29762562628319,86.34322357177734,4128800
2015-04-01,86.54845231377134,86.63965403699376,85.44645903350468,85.97845458984375,4737700
2015-04-02,85.58322452180911,87.3388149545454,85.51482180714551,87.05001831054688,4064800
2015-04-06,86.22159287660537,87.81759002218763,86.19119812184559,87.36158752441406,3248900
2015-04-07,87.2704120212173,88.00000807021138,86.81441521538524,86.86761474609375,3188300
2015-04-08,86.61682390161415,88.01521503148751,86.51042482861574,87.84801483154297,3753500
2015-04-09,87.7492191768006,88.34961727169201,86.7460237545514,87.07282257080078,4674000
2015-04-10,86.99682109745589,87.89361741395453,86.9588189440383,87.58201599121094,3658100
2015-04-13,87.36920996988765,87.72640930587183,86.90561157190572,86.97401428222656,2982000
2015-04-14,86.79162243194112,87.38442473953067,85.96322879675321,86.67762756347656,4072500
2015-04-15,87.08040317724344,87.55919890033204,86.16840386876707,86.22160339355469,4210800
2015-04-16,86.13802286522169,86.63202187799445,85.89482415408482,86.16082763671875,4013000
2015-04-17,85.8112265489798,85.963223563222,84.9448250131932,85.19562530517578,6245200
2015-04-20,85.87964586251705,86.40404555554572,85.63644709731689,85.77324676513672,4396300
2015-04-21,86.25963516972286,86.62443617808702,85.49963838408652,86.00883483886719,3899500
2015-04-22,86.03166136339728,86.11526150045258,85.26406853889631,85.87206268310547,4065500
2015-04-23,85.68203306691926,87.02723057867408,85.54523341823767,86.6092300415039,3945300
2015-04-24,86.54842072950275,86.67002298275612,85.80362722242687,86.41162109375,2878300
2015-04-27,86.67763048788088,86.72322843680513,84.57243627171536,84.65603637695312,5618000
2015-04-28,84.28363450109619,84.9448279137731,83.63763847103668,84.04043579101562,5743300
2015-04-29,83.72883428320377,83.83523335636748,82.13284238743347,82.6192398071289,7238900
2015-04-30,82.50524913185674,82.99924820181602,81.03085931167324,81.30445861816406,9041600
2015-05-01,81.30444582554506,83.44003460011572,81.20564254810994,83.25763702392578,6696900
2015-05-04,83.55404488424873,83.94163905351027,83.08284480997291,83.6452407836914,3366800
2015-05-05,82.99163223224436,83.50843018849073,82.06444118567714,82.12523651123047,4164800
2015-05-06,82.23163885356806,82.77124160148924,81.50204273304438,82.31523895263672,3996600
2015-05-07,82.3836413084985,84.14683337495427,82.26964064678462,83.63003540039062,5400200
2015-05-08,85.4236528658338,86.24445091083417,85.20325306865873,85.47685241699219,6435300
2015-05-11,85.30203625658551,85.81123850168424,84.9752374119618,85.04364013671875,3725200
2015-05-12,84.45084826877371,85.74284053645565,84.23044849636858,85.51483917236328,4053800
2015-05-13,85.81883475763993,85.84163373324351,84.43564085397558,84.50404357910156,4340700
2015-05-14,85.15764338542395,85.28684144926098,84.23044636576452,85.07404327392578,3815700
2015-05-15,85.05881923928389,86.18361677386676,84.98282073791124,86.14561462402344,4575800
2015-05-18,86.54082124064982,87.09561555205413,86.00122431109571,86.89041900634766,6878200
2015-05-19,88.2508055739055,88.52440480848317,85.37801361083984,85.37801361083984,11133200
2015-05-20,85.26402802040487,85.79602336856694,84.52683032486998,85.19562530517578,7004500
2015-05-21,85.1044440657627,85.37044178563237,84.83084475437808,85.12724304199219,4238600
2015-05-22,85.0208112548555,85.52240593393596,84.70920990405402,85.2412109375,3694000
2015-05-26,85.11964627890433,85.25644594235663,84.1240522716389,84.30644989013672,4612600
2015-05-27,84.39001276297434,85.52240593393596,84.21521101525174,85.2412109375,4147800
2015-05-28,85.05123992155156,85.6516322575054,85.0132377643476,85.2640380859375,2806100
2015-05-29,84.99802257992437,85.5680200676062,84.64082902489442,84.67882537841797,5310600
2015-06-01,85.09682914303133,85.37802420356367,84.54963060598587,84.86882781982422,5114500
2015-06-02,84.6167062038281,85.70927429136259,84.5326620563937,85.25849151611328,6088200
2015-06-03,85.35782063300003,86.70252117915629,85.15152833075297,86.4580307006836,6337500
2015-06-04,85.96904569182983,86.45803248799668,84.93760164661026,85.15917205810547,4328600
2015-06-05,85.06747775647158,85.08276168909757,84.24996223435265,84.32637023925781,4505400
2015-06-08,84.15065783874884,84.66255893716853,83.9138092948172,83.9902114868164,3449000
2015-06-09,83.88323590691026,84.23469060586295,83.3025688338475,83.68458557128906,3659000
2015-06-10,83.96726961373977,84.95287337326792,83.57761095785374,84.79242706298828,3967900
2015-06-11,84.80771122073534,85.82387708750232,84.80771122073534,85.02928161621094,3642800
2015-06-12,84.72366848264876,85.2584895639741,84.3645718298535,84.5020980834961,4301900
2015-06-15,84.2194035869582,84.39512800327854,83.69986064586428,84.05131530761719,3965200
2015-06-16,83.96725848820317,84.38747329398761,83.85265233058513,84.21939086914062,3466600
2015-06-17,84.60145190250955,85.02930889774665,84.01314270494416,84.40280151367188,5722200
2015-06-18,84.85355852725968,85.80096426290999,84.62435197504468,85.45714569091797,7222600
2015-06-19,85.29669666883096,86.56499503509933,85.14389230550088,85.90028381347656,9255100
2015-06-22,86.28231036484802,86.80949538779171,86.16770416475849,86.38927459716797,3190200
2015-06-23,86.51914488950048,86.78655542698581,86.28229638902957,86.47330474853516,3075900
2015-06-24,86.28994754144593,86.8553307136181,85.83916473388672,85.83916473388672,3716100
2015-06-25,86.51914513452203,86.87824178406751,85.75511169433594,85.75511169433594,4466300
2015-06-26,86.16002799274604,86.59552671690895,85.74745516279057,86.03014373779297,4208500
2015-06-29,85.23555685807273,85.81622382394377,84.39512135666912,84.45624542236328,5187400
2015-06-30,84.92231213028488,85.38837296268062,84.49444946977158,84.90702819824219,5938800
2015-07-01,85.91555949562182,86.19061200515063,85.16680997565882,85.62522888183594,4216200
2015-07-02,86.01489028074393,86.1447745729089,84.884118169434,85.18209075927734,3845000
2015-07-06,84.24997044994228,85.51826884240717,84.17356826669916,85.05220794677734,3864700
2015-07-07,85.35779935821961,86.06070857999475,84.57848214481169,85.8773422241211,5515900
2015-07-08,85.35782908735092,85.92321228185932,84.65491962076064,84.80772399902344,3794100
2015-07-09,85.81623097873177,86.02251743125868,84.96051147500454,85.09803771972656,3643700
2015-07-10,86.08368143999448,86.70255274292084,85.64054046484102,86.41221618652344,4631400
2015-07-13,87.2602601195555,87.87912535224689,87.15329590227829,87.78744506835938,4171900
2015-07-14,87.48180879478186,88.26876212464481,87.3977646693488,88.13887786865234,3688900
2015-07-15,88.18474342159936,88.74249043034447,87.91733286772687,88.30699157714844,3364600
2015-07-16,88.52854453172435,88.55910656458559,86.96991583047192,87.65754699707031,5234800
2015-07-17,87.47417855419063,87.86383720350535,87.09980383651835,87.45890045166016,5497600
2015-07-20,85.76274347999943,87.18384597637558,85.70161941305356,86.6490249633789,6107500
2015-07-21,86.64903092863554,87.0768877684882,86.09128398030279,86.99284362792969,4660600
2015-07-22,87.06925175597296,87.92497132330331,86.94700943441872,87.78744506835938,5485200
2015-07-23,88.02430869546787,88.71194008831486,87.4283634313717,87.55060577392578,4308900
2015-07-24,87.66519201839742,88.03957258705752,86.66431011447666,86.78655242919922,4427800
2015-07-27,86.618486997347,87.01578188466208,86.1142220485985,86.38927459716797,4468200
2015-07-28,86.91644832723647,87.88676825981398,86.47330751999388,87.7416000366211,4176800
2015-07-29,87.98610362936655,89.20855610482758,87.94789962143116,88.91058349609375,5104000
2015-07-30,88.58202955872108,89.19325274880545,88.13124684551362,88.97932434082031,3291100
2015-07-31,89.37663489409377,90.25526869189684,88.91057402666317,89.41483306884766,4301200
2015-08-03,89.86561593741513,89.92673418291544,88.75012780673653,89.30786895751953,3645000
2015-08-04,89.10921325726503,90.01841486770087,88.81888266402646,89.79684448242188,3008200
2015-08-05,90.44626777544588,90.56087394617695,89.46830599954977,90.15593719482422,4299100
2015-08-06,90.45392302058188,90.53796716951553,88.68136558426727,89.05574035644531,4768900
2015-08-07,89.16270205218689,89.51416257183656,88.45979267111287,89.33843231201172,3986100
2015-08-10,89.79685205818468,90.41571729848064,89.66696776833957,89.85033416748047,3408900
2015-08-11,89.40718347676346,90.26290296002044,89.2085389951153,89.9190902709961,4080000
2015-08-12,89.49122761481156,90.0642526492602,88.39865964929834,89.9190902709961,4575800
2015-08-13,90.15595298236451,91.79098420571565,89.99550664688945,90.93526458740234,6255500
2015-08-14,91.14919873181972,91.59997569810452,90.50740756173589,91.49301147460938,5135500
2015-08-17,90.99636937112514,92.25702554438631,90.71368076675523,91.45478820800781,7255600
2015-08-18,93.0821898969667,94.58733661753419,92.5626469552852,93.82330322265625,11021900
2015-08-19,93.72399670385656,94.57971640138517,93.31141787625063,93.79276275634766,6490300
2015-08-20,93.19682127440946,93.61703625776,92.09661102294922,92.09661102294922,5555500
2015-08-21,91.3325449987149,91.95905209636322,88.7424724754641,88.75011444091797,10190700
2015-08-24,84.08187255424829,88.53618255754243,70.42095251666395,85.98431396484375,13983100
2015-08-25,89.39192674351293,89.39192674351293,84.7236812139115,84.78480529785156,10221100
2015-08-26,87.14566465110535,88.65081167386826,85.63288148982129,88.57440948486328,9313200
2015-08-27,89.77392342930834,90.22470033195826,88.11597237006889,89.89617156982422,7579100
2015-08-28,89.72044724675179,90.50740075864795,89.33078855952976,89.7892074584961,5016000
2015-08-31,89.39954502015676,89.766277768385,88.57438759297534,88.97932434082031,5444500
2015-09-01,87.53563585729333,88.11925960932939,86.43750454458566,86.82914733886719,7392900
2015-09-02,88.18070121112486,89.4477767944336,87.78905838891068,89.4477767944336,6487400
2015-09-03,89.8701321294427,90.67645455943563,89.2173979931026,89.53992462158203,5302900
2015-09-04,88.06551421297374,88.84111900235848,87.15168288546889,87.86585235595703,5752000
2015-09-08,88.84110085623104,89.57062607803783,88.1038947564324,89.40936279296875,5775800
2015-09-09,89.93157494222383,90.20802803504549,87.31295144043946,87.52029418945312,5316400
2015-09-10,87.5433431782223,88.6261189192275,87.30528859351719,87.91962432861328,5259100
2015-09-11,87.52026017291294,88.6644647819983,87.31291750448725,88.64910888671875,4472800
2015-09-14,88.69519582233971,88.83342233589511,87.86583674100741,88.10389709472656,4248700
2015-09-15,88.1422823450715,89.56294003437394,87.46651159059711,89.21737670898438,4994000
2015-09-16,89.14059043655368,90.63803940772766,89.05611835522662,90.47677612304688,5285100
2015-09-17,90.868440341839,92.01264536083931,90.05443698938174,90.54591369628906,6607100
2015-09-18,89.47081029993096,90.00067377775713,88.29588773507223,88.40339660644531,11366700
2015-09-21,89.04845173927366,89.93156536626428,88.51858239132044,89.52456665039062,5201100
2015-09-22,88.61841217843168,89.37865513845989,88.22676938014092,88.92558288574219,4631600
2015-09-23,88.96395095318262,89.50150100697728,88.81804944813473,89.20968627929688,4084900
2015-09-24,88.57231677823424,89.578300809582,88.18835492809355,89.34024047851562,5172300
2015-09-25,90.02370200952026,90.74554633626131,89.10987089028382,89.64741516113281,5478900
2015-09-28,89.48617252801304,90.13890668145457,87.42813620949987,87.6201171875,5994600
2015-09-29,87.70458104586055,88.25748714795736,85.85388763840234,86.70628356933594,7908800
2015-09-30,87.82747460083523,88.79505467330867,87.54334059674959,88.68754577636719,5395600
2015-10-01,89.25578169141205,89.94690839216182,88.11157106441543,89.8701171875,5215200
2015-10-02,88.741264919439,90.53820950545894,88.08853091661202,90.4690933227539,4359800
2015-10-05,91.19095091700588,91.60563047054687,90.54589773958232,91.53651428222656,4528700
2015-10-06,91.4597183444935,91.53650954848315,90.59196660770304,91.13719177246094,5275400
2015-10-07,91.53653366910483,92.0280045346972,90.99130836067563,91.8821029663086,4680100
2015-10-08,91.62098475792696,93.0954028753059,91.49811999910827,92.96485137939453,4958200
2015-10-09,93.12612364852133,93.30274871366763,92.51178807761725,93.17220306396484,3893500
2015-10-12,93.29504229114343,94.03224828966329,92.91876134434311,93.60989379882812,2861900
2015-10-13,93.5100717837895,93.90939541182763,93.02628193395165,93.38720703125,2971400
2015-10-14,93.17220334890071,93.59455795666501,91.81297483564487,92.35820007324219,5200400
2015-10-15,92.6269917170049,93.70976147218126,92.45804750556583,93.54081726074219,3448900
2015-10-16,93.40257083860696,94.3164020467092,93.40257083860696,94.25496673583984,4068800
2015-10-19,94.15514442719913,94.60821668989448,93.84029283410379,94.53142547607422,3097700
2015-10-20,94.37014178395219,94.58515947971928,93.95546228834735,94.33942413330078,3318400
2015-10-21,94.67733193843924,95.23791306664616,94.26265235739622,94.68501281738281,3491800
2015-10-22,95.1457487168371,95.59114587416732,94.36246325273324,95.49899291992188,5855300
2015-10-23,95.99815732970313,96.56641930983155,94.43159205096552,95.69098663330078,5281600
2015-10-26,95.64490944964435,96.49730531688496,95.23790492355087,95.99815368652344,4550200
2015-10-27,95.61419849146606,96.05958986380543,95.08432916964217,95.58348083496094,3674800
2015-10-28,95.514355500681,95.67561878780161,93.85564321973088,95.08432006835938,6821500
2015-10-29,94.77715223538428,95.27630386790277,94.26264470501927,94.93841552734375,4635300
2015-10-30,94.6619491988533,95.79847882003799,94.6619491988533,94.94608306884766,4991500
2015-11-02,95.40686303599999,95.71403376563543,94.74644801786182,95.53741455078125,3715600
2015-11-03,95.39917556330472,96.78911575645857,95.07664311694951,96.49730682373047,4313700
2015-11-04,96.35909993857256,96.65858981072547,95.69868487208284,96.28230285644531,4101200
2015-11-05,96.3437265231537,96.76608698857804,95.95208371510515,96.54338836669922,3059400
2015-11-06,96.19782611636849,96.84288525061753,95.85226269863134,96.74305725097656,3752000
2015-11-09,96.60481726972623,96.85055265362874,94.99985346643032,95.60651397705078,4988800
2015-11-10,95.59878965052937,96.30528368460433,95.25322643792926,96.19009399414062,3872900
2015-11-11,96.32069791009351,96.32069791009351,95.62188432784163,95.76779174804688,3240200
2015-11-12,95.36079412028639,95.96745472968648,94.50071720718854,95.07666015625,4285700
2015-11-13,94.53143427974864,94.64662404060364,92.07408005588367,92.15087127685547,8728800
2015-11-16,92.18927417953522,92.94183638298573,91.08346179706683,92.79592895507812,7785700
2015-11-17,95.88295501068129,97.01947882187741,94.53140763904929,96.89661407470703,10517100
2015-11-18,97.09628923444362,97.31898784428701,95.72938577846134,97.17308044433594,6502000
2015-11-19,97.16539934780221,98.0024393524946,96.72000212911428,97.41881561279297,4662200
2015-11-20,97.80276853781695,99.9913558959961,97.5954258459422,99.9913558959961,8191900
2015-11-23,99.99136801550058,101.8574173157894,99.99136801550058,101.74990844726562,6329700
2015-11-24,101.31218428522729,102.84803193033711,101.16628860171546,102.5946273803711,6672700
2015-11-25,102.66371689490221,103.85400092202414,102.55620805024776,103.40091705322266,5300900
2015-11-27,103.52379556471305,104.03062803578757,103.30877785896982,103.47004699707031,3337700
2015-11-30,103.8233076784108,103.91546651325446,102.14155248297514,102.80965423583984,8057900
2015-12-01,102.98701668159234,103.8431854032588,102.7864652345211,103.68891143798828,5267600
2015-12-02,103.78920075534333,103.8586169871362,103.0255986667164,103.21070861816406,5022700
2015-12-03,102.98704666336859,103.44983338555411,100.88904723498818,100.98931121826172,6688000
2015-12-04,101.46753604731178,103.99747437230369,101.31327381177893,103.76607513427734,5387100
2015-12-07,103.35727431733633,103.96661426348322,102.73250461688897,103.30327606201172,5444300
2015-12-08,102.36228443971758,103.78922498284534,102.13088517693984,103.23387145996094,4731400
2015-12-09,102.74796151875606,103.95893273858357,101.43670275420502,101.73751831054688,5055600
2015-12-10,101.78377558016825,103.04102391033351,101.66036109087183,102.23113250732422,4185600
2015-12-11,102.23116064250084,102.23116064250084,100.51111338882419,100.61138916015625,5300800
2015-12-14,101.11275649759983,101.91493922470174,100.81966168183324,101.82237243652344,5960100
2015-12-15,102.2928593622317,102.96391842051935,101.18987304751002,101.26699829101562,4921800
2015-12-16,101.9457646862626,102.8019337306161,100.54967186832033,102.50882720947266,4711700
2015-12-17,102.63222617530735,103.00245788262627,101.04330283821595,101.31327056884766,4345800
2015-12-18,100.8350581554667,101.28242693291674,100.27970462273257,100.49567413330078,9840600
2015-12-21,101.04330905980014,101.51381654223083,100.41081857512583,101.28241729736328,3414800
2015-12-22,101.32869417131583,102.03060089431148,100.62679921777462,101.72207641601562,3401900
2015-12-23,102.19258278835744,102.84820023999643,101.7220753139086,102.6707992553711,3244800
2015-12-24,102.43170196722029,102.95619598457638,102.32371721250253,102.50882720947266,1517100
2015-12-28,102.00747096195238,102.50882622487167,101.72979419970873,102.3391342163086,2607200
2015-12-29,102.87133939128036,103.61181461131291,102.80192314956133,103.1258773803711,3037400
2015-12-30,103.0333351503568,103.40356692149288,102.80193587985083,102.8559341430664,2484700
2015-12-31,102.64764566298412,103.02559809417716,101.99973729761257,102.0074462890625,3178700
2016-01-04,100.35683008295558,101.09730529785156,99.84775410830548,101.09730529785156,8050900
2016-01-05,101.15899111105527,101.76834277779257,100.31054300383107,100.6036376953125,5320900
2016-01-06,99.50065542574184,100.19484133720977,99.16127146210736,99.56236267089844,8199600
2016-01-07,97.90403074469255,98.63678525666332,96.18397782817893,96.72390747070312,12551000
2016-01-08,97.52608626052073,97.59550250888184,95.25839465841403,95.56692504882812,7104500
2016-01-11,96.31512777362464,97.24842811689017,95.71349074899972,97.01702880859375,6811600
2016-01-12,97.78831421773197,99.34638973767612,97.05555983237885,98.33595275878906,5695700
2016-01-13,98.32053307673533,98.32053307673533,93.30693412106997,93.63860321044922,8932200
2016-01-14,93.55376346134172,93.73116444847085,91.17037243101817,92.26565551757812,13389100
2016-01-15,90.3373442571317,93.4457747433305,89.55059156805923,91.96483612060547,10515000
2016-01-19,92.97530366848885,94.01658886120562,91.63320288420343,92.37367248535156,6350700
2016-01-20,90.9312542881763,91.52517620406934,87.61456353439166,89.82826232910156,11331400
2016-01-21,90.53789414864133,94.05513112843106,90.35277827119798,92.72845458984375,8993900
2016-01-22,93.82373811022276,96.16084607939,93.77746060896497,94.6876220703125,6554500
2016-01-25,95.16582398583758,95.52834671592561,93.76201644435929,93.87771606445312,4854700
2016-01-26,93.89312897163902,94.44847645593399,93.05238404222492,94.25564575195312,4475600
2016-01-27,94.45620656032744,95.89086770002345,93.22209103282738,93.76972961425781,5431000
2016-01-28,94.0782669370177,94.63362043671734,92.79786793662936,94.31737518310547,4871600
2016-01-29,95.00385718543045,97.0015869140625,94.67990292178021,97.0015869140625,7616200
2016-02-01,96.35366391433844,98.02743334541474,95.63633331748757,97.58007049560547,4674100
2016-02-02,96.73160970175792,97.51835648664787,96.19168012982492,96.62361907958984,5832200
2016-02-03,97.20211784618778,97.31010847566584,93.7465942447068,95.48207092285156,7485700
2016-02-04,95.37410123471258,95.56693200717066,92.13454072657991,93.4149398803711,9171800
2016-02-05,93.24524544925184,93.33009145771891,89.23436783967082,89.80514526367188,8117700
2016-02-08,88.64816028324047,89.45033697870362,84.5524366825451,86.2724838256836,11286600
2016-02-09,85.57057606708051,88.9258299622484,85.37003043803509,87.82283782958984,7572900
2016-02-10,88.3164796320594,89.59687858065176,87.9693866511518,88.18535614013672,5307600
2016-02-11,87.22120470940241,88.07737369503508,86.55786647035858,87.36775207519531,6447100
2016-02-12,88.60959920431092,89.80515241170475,87.56059927497567,89.72030639648438,5361600
2016-02-16,91.10867127114713,92.5587563352306,90.78471115158112,92.11910247802734,6966400
2016-02-17,92.90585826869543,93.85458820181776,92.4584953756996,93.4920654296875,5970700
2016-02-18,93.27607563914219,93.41491399222475,92.21936118041785,92.53560638427734,4460700
2016-02-19,92.41989840382142,93.86998316098119,91.59458323657356,93.86227416992188,5435500
2016-02-22,94.8727262960112,96.0065720152516,94.20167318663513,94.75702667236328,7796900
2016-02-23,97.9580097186712,98.10456295490621,95.14267991595301,96.05284118652344,11168700
2016-02-24,95.68261002213373,97.01699537050823,94.81101136138929,96.88587188720703,7935500
2016-02-25,97.00158249482826,97.85003662109375,96.33052936378675,97.85003662109375,4738800
2016-02-26,98.41310802192322,98.53652253822568,97.1327147812894,97.38725280761719,4608200
2016-02-29,97.3872411193039,97.9503035993536,95.68261803937746,95.73661041259766,5575300
2016-03-01,96.24570634582028,97.16358282159244,95.62865132697097,96.955322265625,4916900
2016-03-02,96.7855975192647,97.08641297152366,95.9988448866439,96.87043762207031,3967500
2016-03-03,96.56962016557853,98.158549266155,96.24566597521178,97.80374145507812,5009700
2016-03-04,98.24341928281717,98.34368916110685,96.53879604352534,96.84732055664062,6448200
2016-03-07,96.42306342532079,97.60318635001315,96.42306342532079,97.31779479980469,4161200
2016-03-08,97.1161564917357,99.42733464697548,96.94553140972089,98.27950286865234,5280900
2016-03-09,98.51996458024321,98.89998955581486,97.20150720216884,97.74440002441406,4047000
2016-03-10,97.87623394476823,98.4966878888558,96.41041756687586,97.63581085205078,4503700
2016-03-11,98.4734177868724,99.86167292593207,98.2872839782584,99.62901306152344,4626600
2016-03-14,99.60573704745192,100.55968984552585,99.3498111919607,99.92372131347656,3653200
2016-03-15,99.87719905914784,101.19565639110137,99.75310589435385,100.59848022460938,4033900
2016-03-16,100.5364142734025,101.68424624117296,99.90044580198719,101.17237091064453,3609600
2016-03-17,100.9009353355616,101.74629770947257,100.29599603733412,101.50587463378906,4130900
2016-03-18,101.7075257267916,102.44430961807888,101.46710263076704,101.87039947509766,8069200
2016-03-21,102.00997860164279,102.47532194801647,101.03277177526553,101.60668182373047,3817000
2016-03-22,101.29644416353781,101.76953881538259,100.76130295343147,101.28092956542969,3946500
2016-03-23,101.28092775023752,101.73850779577326,100.78456712721197,100.99397277832031,3625300
2016-03-24,100.46663069331454,101.41282042959959,100.4045959408618,101.18016052246094,3448700
2016-03-28,101.2887278391525,102.2271542515063,101.20341527128623,101.66099548339844,2621100
2016-03-29,101.59893309423636,103.07250067262089,101.37402463259068,102.739013671875,3405400
2016-03-30,103.2353764929593,103.87133313939997,103.02597079395547,103.47579956054688,3138300
2016-03-31,103.58439345682658,104.1505522322491,103.15007922723258,103.48356628417969,3685900
2016-04-01,103.2276316158415,104.85630983804593,103.2276316158415,104.58486938476562,4259400
2016-04-04,105.53105894754951,105.65514026387876,104.19708716507301,104.58486938476562,3547600
2016-04-05,104.08071668289861,105.24406302101038,103.84804504844207,104.37543487548828,4068600
2016-04-06,104.11951124670975,105.27510635809264,103.78602426539125,105.04243469238281,3364800
2016-04-07,104.49179977338665,104.88734523469527,103.24314047889592,103.82481384277344,3953700
2016-04-08,104.40650793750521,104.40650793750521,103.19662899387559,103.63094329833984,2924400
2016-04-11,103.59986075496123,104.76320698195848,103.11901476807003,103.15778350830078,3472700
2016-04-12,103.3827184618471,104.48401829347135,103.23535935864184,104.22032928466797,4251400
2016-04-13,104.59260787488307,104.59260787488307,103.32068282445874,103.80152893066406,4324800
2016-04-14,103.53786336291596,104.47630163863575,103.05701714771719,104.21260070800781,4183300
2016-04-15,104.24361468477925,104.9183519312845,103.90236445255978,104.70894622802734,3508900
2016-04-18,104.55385886283456,106.09723663330078,104.49957549614824,106.09723663330078,3964300
2016-04-19,106.09720265398454,106.25231315306692,104.58485457812941,105.04243469238281,4649500
2016-04-20,105.28286304212776,105.53880070387791,104.29789298039353,104.84854888916016,4760200
2016-04-21,104.87955049554027,105.08120477495136,104.22807936399215,104.39095306396484,3542200
2016-04-22,104.58487601758804,105.22858412902876,103.46806126057655,105.21308135986328,4180900
2016-04-25,104.84080599497156,105.26736884724426,104.14280266156199,105.205322265625,2835400
2016-04-26,104.77098318381172,105.66288926964073,104.6081213005846,104.96487426757812,3507200
2016-04-27,104.988141564299,105.69390795823928,104.51504684062365,105.2828598022461,3488100
2016-04-28,104.55382617792277,105.04243549623533,102.75452307328717,102.9406509399414,5553600
2016-04-29,102.9251489010898,104.15829336307768,102.18060192669422,103.8403091430664,4610100
2016-05-02,104.2125791699005,105.67064395228759,104.1660472018112,105.51553344726562,4284400
2016-05-03,105.05020314027944,105.35267280458521,103.95665441772223,104.34443664550781,3408700
2016-05-04,103.60765262084364,105.01142238980924,103.25089959896506,104.8252944946289,3192100
2016-05-05,104.60036961151182,104.98815182178262,103.73174124744087,104.44525909423828,3474900
2016-05-06,104.29787501754558,105.32937687027834,104.1660305176856,105.24406433105469,3356800
2016-05-09,105.1587636630396,105.84126405387515,104.88732325062811,105.66288757324219,3552300
2016-05-10,105.72494595962449,106.8882925736124,105.70943135786933,106.64785766601562,3662800
2016-05-11,106.09722109753774,106.29111221363918,103.95665560190623,104.15830993652344,6058400
2016-05-12,104.7011880227548,104.7011880227548,103.22762048054815,104.07298278808594,5355600
2016-05-13,103.7782630838247,104.95712420148456,103.17332384161682,103.25088500976562,5295800
2016-05-16,103.80152776497971,105.90331232004345,103.21210313063197,104.96487426757812,8394800
2016-05-17,103.26638305261837,104.30564822108136,101.67648568584507,102.3744888305664,15989600
2016-05-18,101.62219931684704,102.97168559240264,100.83888355680126,102.19612121582031,8258900
2016-05-19,101.94795061494189,102.47534062590279,101.4283238228117,102.16510772705078,4577200
2016-05-20,102.28917318715223,103.196581981494,102.18059466050035,102.2581558227539,5089800
2016-05-23,102.2504029713746,102.74676369126776,101.83160342159755,101.92466735839844,3854500
2016-05-24,102.51408062237446,103.82478614613164,102.41326531343512,103.42925262451172,5181500
2016-05-25,103.50680716639208,104.32890335532333,103.1888229924331,103.3051528930664,5017500
2016-05-26,103.25088347858589,104.20482429497123,103.04147779502775,103.96440124511719,3996800
2016-05-27,103.97993177997294,104.62363986118287,103.44479041452247,103.87910461425781,4025300
2016-05-31,104.12857015475927,104.30787033396952,102.68634151229868,102.9981689453125,6366900
2016-06-01,102.99818312108322,102.99818312108322,102.24198900172196,102.77210998535156,4744300
2016-06-02,102.78767244813086,103.45030859896328,102.38228734115272,103.22423553466797,3858500
2016-06-03,103.31779814824111,103.47371186226115,102.06267312288095,102.70193481445312,4155900
2016-06-06,101.98472451062058,102.0236940184129,100.15270561712408,100.71400451660156,8051700
2016-06-07,100.86209769014451,101.96910023018705,100.8153247778886,101.28306579589844,4434000
2016-06-08,101.35324020091178,101.5715217541238,100.76076339868665,101.02581787109375,3742400
2016-06-09,100.77638007588499,101.22073479954472,100.59706798635355,100.79976654052734,3450500
2016-06-10,100.13710523534459,100.7451770274939,99.95001354265464,100.433349609375,3926000
2016-06-13,100.51908983164014,100.9166715182822,99.6225712610059,99.65375518798828,4830900
2016-06-14,99.24840569939079,99.34975498538334,97.22149730000446,97.63467407226562,7303500
2016-06-15,98.0244580965591,99.59141668988106,97.8295629562658,98.64032745361328,5140000
2016-06-16,98.26612026569579,99.4276934964135,97.96208435931818,99.28736877441406,4431800
2016-06-17,99.41209076909415,99.61478334004403,98.79622748227308,99.11585235595703,7541900
2016-06-20,99.88763893282174,100.44893776388447,99.33413162327697,99.49005126953125,3880300
2016-06-21,99.75511919480601,100.02797117787692,99.23280169182354,99.58361053466797,3600900
2016-06-22,99.54460684562508,100.542468642256,99.31852785299378,99.47444152832031,3723700
2016-06-23,100.55027964376299,100.64383738344604,99.35752254802006,100.01236724853516,4784500
2016-06-24,98.30507159723186,99.63036163484036,97.837324621257,98.53894805908203,8979800
2016-06-27,97.71261749791937,98.03224835940783,96.37174402738455,97.19029998779297,5656900
2016-06-28,98.14137992712493,99.41989135742188,97.91530088853592,99.41989135742188,5385000
2016-06-29,99.70833504949472,100.15269564270507,98.92875464402209,99.29515838623047,5782100
2016-06-30,99.21721124515962,99.67716684979271,98.30510345426953,99.54463958740234,6642000
2016-07-01,100.01236621523013,101.5247541237369,99.87983897212274,101.04920959472656,5645200
2016-07-05,101.03364789151516,101.71967071276994,100.17610449562716,100.83875274658203,4096600
2016-07-06,100.7217758791834,102.600567322346,100.58924865103462,102.56938934326172,4933200
2016-07-07,102.31994577057232,103.04494996221398,101.78203329524851,102.24978637695312,3973600
2016-07-08,103.16191367953361,104.7444615216076,103.09954579715419,104.72886657714844,4806200
2016-07-11,105.1108385863051,105.92940047749855,104.81459419442739,105.36029815673828,4577000
2016-07-12,105.43046878598774,106.01515414814182,104.69766122881529,105.1186294555664,3615800
2016-07-13,105.11861233112852,105.3992617350612,103.76215012499733,104.1207504272461,4235500
2016-07-14,104.77561719855207,105.07965312573333,104.33126248749701,104.88475799560547,3122300
2016-07-15,105.33693108558842,105.7033349339042,104.97052723727263,105.0718765258789,5323000
2016-07-18,105.6019565258477,106.3971198961415,105.09522217508407,106.28797912597656,3730900
2016-07-19,106.07753226092551,106.84151787721122,105.679938563164,106.78694152832031,3831500
2016-07-20,107.11434318928353,107.15332458873347,106.62321562166389,107.12214660644531,3092000
2016-07-21,106.61540748400529,106.91165183216474,105.6097540372599,106.07750701904297,4938100
2016-07-22,106.34255989346069,106.52186004575485,105.99175111011915,106.42831420898438,2627200
2016-07-25,106.45170875605717,106.68558526120486,106.1398694507092,106.41272735595703,3352600
2016-07-26,106.4127327537188,107.20010473568698,106.06971544816314,106.60762786865234,2575600
2016-07-27,106.8103065632768,107.3404274221116,105.99175665778728,106.26460266113281,3030800
2016-07-28,106.17107298593334,107.67565768062006,106.10091359400027,107.55093383789062,3230000
2016-07-29,107.16114657349536,108.14341377438313,107.14555163192267,107.76921844482422,3662600
2016-08-01,107.62887333147275,108.31490792323136,107.46516810100074,108.18238067626953,3157800
2016-08-02,108.2915069487163,108.36166632380169,106.6621869071014,106.97401428222656,3898100
2016-08-03,106.90388054545299,106.97403993736441,105.78907421589007,106.84930419921875,3642600
2016-08-04,105.85921402576626,106.95842521086317,105.60196296967786,106.0619125366211,3802900
2016-08-05,106.80251259008881,107.37940635651502,106.49068519472216,106.73235321044922,3022100
2016-08-08,106.73235704643773,107.11434383517268,106.14767173752203,106.18665313720703,3182800
2016-08-09,106.23344698806115,106.87269686611417,105.50843087653222,106.10871124267578,3180400
2016-08-10,106.2568092390637,106.71675881296932,105.29012527580295,105.71110534667969,3438000
2016-08-11,106.26461167656039,107.19231433663737,105.37589041896933,106.83370208740234,4183300
2016-08-12,106.02296426960939,107.10658085507612,105.73452324689246,106.46733093261719,4090000
2016-08-15,106.88828560432111,107.55872532753564,106.74795492504356,106.84930419921875,6327400
2016-08-16,107.309242787369,108.08882322722043,105.75788532515487,106.20223999023438,7286100
2016-08-17,105.63315476682799,106.38934878210875,105.04846940834,106.13987731933594,5222200
2016-08-18,106.0463210537444,106.13986689537008,104.80679107039276,105.08744049072266,4430800
2016-08-19,104.79118900472452,105.8358238166745,104.71323810715558,105.60195922851562,3959000
2016-08-22,105.71112139626031,105.90601652280544,105.25896327522106,105.5084228515625,2752500
2016-08-23,105.96835015903676,106.45169805989651,105.96835015903676,106.1944351196289,2961100
2016-08-24,105.84366096116172,106.21785631690831,105.09525835421263,105.29015350341797,4113000
2016-08-25,105.03286360582017,106.14766975968293,104.75221418695183,105.57856750488281,3168900
2016-08-26,105.57856006395616,106.16324532077024,104.40139802926656,104.74441528320312,4193400
2016-08-29,105.13422892483861,105.47724625535122,104.91594733186778,105.43047332763672,3227700
2016-08-30,105.62636040638803,105.82225498727657,104.70957520260446,105.0778579711914,3440600
2016-08-31,104.91330906754129,105.53233072836103,104.68607659764618,105.0935287475586,4650600
2016-09-01,105.37558967323197,105.83006644970934,104.73306178680127,105.17969512939453,3851800
2016-09-02,105.60286783530368,106.47264036654947,105.4304796250418,105.90061950683594,3402600
2016-09-06,105.75173580770621,106.34725102928307,104.90546978349299,105.0778579711914,4220400
2016-09-07,104.45098602535134,104.89761942293379,103.55770727373088,104.05135345458984,4676000
2016-09-08,103.079722418191,104.16889572052868,102.74277754928295,102.85247802734375,5019600
2016-09-09,102.36666998259983,102.56256456018107,100.08646020823268,100.09429168701172,6315000
2016-09-12,99.12266193670693,100.96407585408224,98.73087275909148,100.76033782958984,7882600
2016-09-13,100.0943003020436,100.29803235416702,98.28423616243515,98.511474609375,6376300
2016-09-14,98.42526613388007,99.47525813717954,98.39392228595995,98.9345932006836,4313900
2016-09-15,98.70735247312,100.01592670741522,98.50362045552875,99.48309326171875,5100700
2016-09-16,99.53010017129986,99.53010017129986,98.49577718811537,98.81704711914062,6941200
2016-09-19,99.26367910306034,99.80434993317621,98.86405257739962,98.95808410644531,4525400
2016-09-20,99.40474723806653,99.77303000900139,98.98945168045174,99.38124084472656,3627100
2016-09-21,99.92189440949869,100.76032288612173,99.16182853935975,100.38420867919922,5367400
2016-09-22,100.94054499240683,101.59090434792226,100.86218239329575,100.88568878173828,4099700
2016-09-23,100.79166212949302,101.23829546148754,100.13345336914062,100.13345336914062,4464700
2016-09-26,99.59281710215444,99.69468612396226,98.22155485179134,98.29991149902344,5338500
2016-09-27,98.5741506071697,99.50660470077358,98.2293742488666,99.37339782714844,4433600
2016-09-28,99.6789855337626,100.71330855421621,99.56144760407362,100.50958251953125,5751100
2016-09-29,100.68981874507583,102.44503856682418,100.22751038458972,100.24317932128906,5987500
2016-09-30,100.19615816973172,101.26966258000022,100.00809507566635,100.83084869384766,6044600
2016-10-03,100.45474343646883,100.94057015042593,100.27452376134084,100.6898193359375,3652700
2016-10-04,100.7133400208909,101.8025136184016,100.25886307248561,100.45475769042969,4848600
2016-10-05,100.54879309595319,101.10512710344877,99.92192196236218,99.96894073486328,4115400
2016-10-06,99.41257381771983,102.21777938353384,99.06779747784974,102.01405334472656,7472400
2016-10-07,101.73195864891989,102.18643543749711,100.20397757937104,100.5409164428711,5511900
2016-10-10,100.65064941381411,101.03460715826755,99.71035766601562,99.71035766601562,4349700
2016-10-11,99.39689762973084,99.57712325368531,98.30772436445515,98.61331939697266,5113900
2016-10-12,98.61330615675669,99.63979756904376,98.50360569715755,99.27151489257812,3545900
2016-10-13,98.92674026343008,99.24801017066612,98.08047443669918,98.95808410644531,3655700
2016-10-14,99.43610257136287,99.95326121924785,99.05998229980469,99.05998229980469,4462100
2016-10-17,98.87191375639952,99.35773447236504,97.85325953777861,98.05699157714844,3753000
2016-10-18,98.8484000876298,98.92675671908847,98.06482181658751,98.52713012695312,3563300
2016-10-19,98.54279793397916,98.80137420132333,97.56332516580888,98.64466094970703,4094800
2016-10-20,98.69169715982817,99.57714457853264,98.39393951977594,98.92677307128906,3543200
2016-10-21,98.19019493257997,99.35773090476755,98.14318214757817,99.20101165771484,3234100
2016-10-24,99.69465357277969,100.40770660147133,99.69465357277969,100.12561798095703,3824800
2016-10-25,98.9424222756506,98.9424222756506,96.60736245548392,96.64653778076172,8731900
2016-10-26,96.24692461514609,96.96781522080074,95.9099857049467,96.15289306640625,5456100
2016-10-27,96.15288552819246,96.74056921073003,95.47900776062451,95.80027770996094,4261600
2016-10-28,96.14505723935912,97.23423062325739,95.76110553739488,96.83460998535156,4497700
2016-10-31,96.65439280338941,96.77193075703966,95.29880554221222,95.60440063476562,5671500
2016-11-01,95.353657935584,95.79245992897388,93.40254340448507,93.9432144165039,7492600
2016-11-02,93.97453368443716,95.04020051378029,93.88833960425299,94.25662231445312,4846000
2016-11-03,94.29582537270628,94.75813975496796,94.09209928528288,94.17045593261719,5113500
2016-11-04,94.45256643770065,95.51823382635915,94.07644607419691,94.74249267578125,4607600
2016-11-07,95.98834629251499,97.14804486181643,95.83946449543642,96.96781921386719,5510400
2016-11-08,97.12455844417987,98.27641986401366,96.85030714855989,97.35963439941406,6105900
2016-11-09,94.77379445188777,98.93459935410048,94.28014226745456,98.74653625488281,8052500
2016-11-10,99.29503116780737,101.94352932873838,99.13048046202252,101.10509490966797,8737000
2016-11-11,101.12861657495444,101.9670511206717,100.86220281436358,101.74765014648438,5496100
2016-11-14,102.2569798772102,102.36668037353282,99.46744272232867,100.0394515991211,11438500
2016-11-15,99.56927938719251,100.03942510093398,96.31742873495438,97.47712707519531,13445400
2016-11-16,96.85027846765051,98.4957917323036,96.59953364616268,98.20587158203125,9793400
2016-11-17,98.62899940302347,101.19129772604978,98.49578655312204,101.02674102783203,6801200
2016-11-18,101.02675760401743,101.36370253414616,100.07863443346463,100.5566177368164,4428900
2016-11-21,100.51741836123887,101.00323305697707,99.83570910025713,100.47040557861328,4072100
2016-11-22,100.59576822350441,102.88381502085738,100.59576822350441,102.63306427001953,5535800
2016-11-23,102.93082539596058,103.42448345237099,102.539036324258,102.81329345703125,3582700
2016-11-25,103.32264567739377,103.5420466673034,102.70362401796105,103.09541320800781,2545800
2016-11-28,102.84466727278227,103.15809385712573,101.99840114730559,102.36668395996094,4859000
2016-11-29,102.68177806485869,103.02050004749536,101.81526040239319,102.10671997070312,4127100
2016-11-30,101.8861482328908,102.65814102282441,101.46864757014436,101.93341064453125,6973800
2016-12-01,101.88617649219445,102.6818007086238,101.61834807198538,101.98858642578125,5398700
2016-12-02,101.64982515501929,102.89445409354683,101.54742726877134,102.30364990234375,3738300
2016-12-05,102.65813321670836,102.76841617546413,102.05944399494194,102.15396881103516,4065400
2016-12-06,102.50844666948164,102.51631972974859,101.36621587399051,101.41349029541016,4292600
2016-12-07,101.42137107573767,104.81652339982045,101.42137107573767,104.34388732910156,6987300
2016-12-08,104.14697001302837,104.87168839172533,103.65069063698736,104.39904022216797,4975400
2016-12-09,104.3832630670004,105.08435011152783,103.27256050472981,105.07647705078125,5174600
2016-12-12,104.87165913414944,106.07689840834104,104.87165913414944,106.01387786865234,6276500
2016-12-13,105.99026113233661,107.83356709500042,105.99026113233661,107.55785369873047,6886300
2016-12-14,107.17188486092513,107.8257096215046,106.9355607756645,107.11673736572266,7036300
2016-12-15,107.53423811391258,108.1723167505314,106.95131899247589,107.00645446777344,5839800
2016-12-16,107.21913533422754,107.61300475915382,106.3841340765744,106.431396484375,9429300
2016-12-19,106.39199301585792,107.52633873226775,106.17930018904624,106.69133758544922,3463600
2016-12-20,106.85677762412801,108.1092916178687,106.68347410348318,108.00688171386719,4301500
2016-12-21,107.86503678676095,108.10924584058411,107.57357736179152,107.78627014160156,2704700
2016-12-22,107.32940030972763,107.9202043481298,106.48651411203652,106.6834487915039,4094800
2016-12-23,106.8567991288463,107.12463954552635,106.1793430536094,106.38416290283203,2337300
2016-12-27,106.15568349102527,106.91191807859327,106.11630616433254,106.54955291748047,2254900
2016-12-28,106.79377180615533,107.02221080557591,106.07692649979153,106.39990234375,3369400
2016-12-29,106.36052527374817,107.01435009922372,106.0533075383988,106.42354583740234,2777900
2016-12-30,106.84888087176296,106.99068009355169,105.42307569344824,105.62001037597656,4149100
2017-01-03,106.42352895096913,106.74649276102913,105.23403553314421,105.80120849609375,5299700
2017-01-04,105.82483696887385,107.08522396953948,105.72243908927793,106.73861694335938,4055300
2017-01-05,106.32900816910367,106.70713154813805,105.3837237614045,105.4782485961914,3821100
2017-01-06,105.53336694044889,105.81695338640576,104.80864869410134,105.18675994873047,3827500
2017-01-09,104.9425759899407,106.15568859295183,104.87955543628614,105.80120849609375,4310200
2017-01-10,105.55702414386536,107.43184677727997,105.37584754263531,107.2112808227539,5928300
2017-01-11,107.21125905347857,107.43969802430205,106.13993376905212,106.89615631103516,4643700
2017-01-12,106.74649737391533,106.76225551799534,105.50975351233247,106.39990234375,3600000
2017-01-13,106.28174164835472,106.93556644358898,106.15570052687617,106.37626647949219,3117600
2017-01-17,106.41565656872606,107.51061327676825,106.15570126135653,107.07735443115234,3976900
2017-01-18,107.05370224502225,107.36091990808532,106.28172155680181,107.2585220336914,3869700
2017-01-19,107.13252177778249,107.74695733814767,106.28963513833945,106.6520004272461,5078700
2017-01-20,106.54956532435098,107.13249647056124,106.02966675604712,106.8174057006836,4853900
2017-01-23,106.58894041081282,108.92065266365927,106.3447432938471,108.76310729980469,7056200
2017-01-24,108.61343128921297,109.0073006953735,108.15654133567388,108.75521850585938,4055100
2017-01-25,109.06242448329127,109.78714267062986,108.25892761518016,108.2983169555664,3631700
2017-01-26,108.71584326071239,109.63749634826526,108.47953120232084,109.0703353881836,2931200
2017-01-27,109.33815662331966,109.36178782762192,108.47163906576637,108.9679183959961,3149500
2017-01-30,108.70010521127897,109.09397469777835,107.80995632540865,109.07821655273438,2705000
2017-01-31,108.416510321274,109.19636415150867,107.8020749314168,108.37712097167969,3227000
2017-02-01,108.44014923770925,108.67647333213712,107.55000035733947,108.266845703125,2968800
2017-02-02,108.29042577542828,108.35344630551336,107.57358076813964,107.88079833984375,2197600
2017-02-03,108.12503438102378,109.07820371494535,107.89659539451475,108.69220733642578,2654700
2017-02-06,108.2589274411169,108.62916560426207,107.48694685453165,107.51846313476562,3864100
2017-02-07,108.04624754979216,108.47162117702288,107.3924229587267,107.64449310302734,3242000
2017-02-08,107.83357564282818,108.63707267227402,107.778440171168,108.61344146728516,2882700
2017-02-09,108.61341785588641,109.61383736944506,108.24317969829139,109.26724243164062,2931900
2017-02-10,109.18060207743305,110.73244846919299,108.90488869049372,110.16527557373047,3297000
2017-02-13,110.66154379517131,110.79545794942803,109.53508307527879,110.18102264404297,2753000
2017-02-14,110.24402194401384,111.36260938746739,109.7635008854937,111.354736328125,4775800
2017-02-15,111.28387996770827,112.37883657954848,111.03179774515476,112.00859832763672,4343500
2017-02-16,112.16612666877658,112.63877475429842,110.99239153569278,111.49654388427734,4295800
2017-02-17,111.35476102664826,112.74117703450571,111.07117456822962,112.64665222167969,5108400
2017-02-21,114.69478212930458,114.7341594561132,112.84359101154025,114.2378921508789,9275900
2017-02-22,114.26152963648836,114.59237853148007,113.41077018367757,114.41907501220703,5037800
2017-02-23,115.09652773936669,115.2698312538118,113.8361407288461,113.99369812011719,4184000
2017-02-24,113.94644921716974,115.07292231341663,113.94644921716974,114.97051239013672,3516900
2017-02-27,114.9074551840864,115.01773813555221,114.06458091644201,114.45845031738281,4388400
2017-02-28,114.20638822204408,114.71842574530731,113.80464568958965,114.15125274658203,4211900
2017-03-01,115.57704088120259,116.3490215608838,114.92321621679996,115.54552459716797,6213500
2017-03-02,115.86060018718048,116.76649481187134,115.3170586043909,116.54592895507812,4053400
2017-03-03,116.54590607569205,116.7901030820644,115.6557697640704,116.43562316894531,3412300
2017-03-06,115.90003204345702,116.19936466181434,115.46677323011367,115.90003204345703,3998000
2017-03-07,115.97137608808039,116.46274276619428,115.57510951718956,115.72569274902344,3996300
2017-03-08,115.88417129778487,116.59744613020493,115.64640898928042,116.4389419555664,3614500
2017-03-09,116.56571937607535,116.62912344781995,116.12982394101253,116.2011489868164,3594000
2017-03-10,116.69257129423976,116.86692953367157,116.0664634090724,116.38348388671875,3123200
2017-03-13,116.76390884916438,117.03336721414856,116.1061048924588,116.84315490722656,2933300
2017-03-14,116.71636003816674,116.96996435699972,116.07441012347836,116.62918090820312,3272500
2017-03-15,116.77970610943439,117.59601387839956,116.31210259394483,117.25521850585938,3670500
2017-03-16,117.61186816917176,118.23797588250956,117.30278084647696,117.87340545654297,3544500
2017-03-17,118.40442622924769,118.87202989342097,117.39791801890964,118.56294250488281,9002000
2017-03-20,118.38860210433434,118.5550272884817,117.05714016567663,117.13639831542969,5906100
2017-03-21,117.55640244238346,117.84963573545218,115.9158535914389,116.19324493408203,4530000
2017-03-22,116.2884046322522,117.23944214835609,115.75740878653666,116.78770446777344,3169000
2017-03-23,116.72425306606827,117.6198191782391,116.52611982660345,117.28695678710938,3219400
2017-03-24,117.17597180135488,118.99878744996349,116.51023510130743,117.06501770019531,4735400
2017-03-27,116.55783879059987,117.04127233062351,115.91587687664764,116.39932250976562,2943000
2017-03-28,116.73216032159479,116.77972245167427,115.66224821009669,116.66083526611328,4635600
2017-03-29,116.00303912608446,116.83520110708372,115.67810982104807,116.5340347290039,3730000
2017-03-30,116.28041310324686,116.8034876523282,116.05057181966984,116.46269226074219,2450800
2017-03-31,116.39931837467252,116.64500167090559,116.22496014642442,116.36762237548828,3248700
2017-04-03,116.45476527379483,116.66081943714717,115.78110759296229,116.2011489868164,3775300
2017-04-04,116.1060638360434,116.42307214238636,115.74942646813466,115.97925567626953,3124200
2017-04-05,116.20912766785116,117.64361058649544,116.16949859581949,116.21704864501953,3390400
2017-04-06,116.5340496399014,117.2631906583476,116.5023536401444,116.69256591796875,2699100
2017-04-07,116.58161743181066,117.13638815266282,116.4231011460574,116.60539245605469,2869100
2017-04-10,116.47069812925673,118.08746072697146,116.30426081666484,117.46136474609375,5044500
2017-04-11,117.22353992884467,117.81000651419055,116.5815902378083,117.453369140625,2844800
2017-04-12,116.8351814372012,116.95406861052437,116.00301959630123,116.13774871826172,4445600
2017-04-13,116.0426532632834,116.51024472155845,115.60675779663246,115.63846588134766,2346900
2017-04-17,115.63056476587835,116.74803924560547,115.51961062489728,116.74803924560547,3467700
2017-04-18,116.549927374445,117.43756066517675,116.32009807348646,117.10469818115234,2969400
2017-04-19,117.23940370754556,117.61189519395982,116.51820785093601,116.67671203613281,3461000
2017-04-20,117.0254108358864,118.12703108240534,116.85105263055888,117.86549377441406,3700500
2017-04-21,117.68319322273446,118.99878840617214,117.6118560839879,118.87991333007812,5019900
2017-04-24,119.73589592171128,120.51257493292518,119.55361670433444,120.37784576416016,5077200
2017-04-25,121.09113686915595,122.56524903868136,121.09113686915595,121.2813491821289,5496500
2017-04-26,121.34473697971536,122.69204075953665,120.7820331876404,122.22444915771484,5120200
2017-04-27,122.59690843913451,123.84911179266958,121.96287974083818,123.730224609375,5881400
2017-04-28,123.6430793371772,123.83329162662986,122.12935037108538,123.71441650390625,4983000
2017-05-01,123.80947831659175,123.84910737627679,122.21649169921875,122.21649169921875,3152900
2017-05-02,122.43847337699131,122.96946923467915,121.85991536329247,122.80303192138672,3295100
2017-05-03,122.96944431253078,123.15172354778606,122.5176946202203,122.84263610839844,2445500
2017-05-04,123.20719122426836,123.34984136620979,122.25614190561446,122.7316665649414,3793100
2017-05-05,123.11207806810579,123.43701951298664,122.12141177987958,123.4211654663086,2500600
2017-05-08,123.5162557345624,124.55447188549054,123.23094341045991,124.34048461914062,3184600
2017-05-09,124.45933987877288,125.01412248778287,123.86494030605382,124.96656036376953,3004400
2017-05-10,124.83981179288422,125.33909940056178,124.66545355112542,125.32325744628906,2617600
2017-05-11,124.70507562502786,124.9824549263733,123.10415553739595,123.79365539550781,3929100
2017-05-12,123.94424676895026,124.58619662301003,123.43702608609236,124.36428833007812,2926400
2017-05-15,124.64962568054845,125.0934423552846,124.15825894681878,124.68925476074219,6068900
2017-05-16,126.89244499658064,127.48684468045198,125.25982913310878,125.42625427246094,10120900
2017-05-17,125.42626948021864,125.42626948021864,123.54797012123362,123.70647430419922,5937000
2017-05-18,123.22304165480229,124.16615796838697,123.0328414524627,123.39739990234375,4858600
2017-05-19,123.66685846100941,124.22164130036248,123.09624575992663,123.8729248046875,4781800
2017-05-22,124.02349612119404,124.42768360614598,123.47664640484521,123.60345458984375,3802100
2017-05-23,123.56380746744303,123.9759158688371,122.5889832924217,122.70787048339844,4640900
2017-05-24,122.60487374892429,123.18341955227116,121.48739912456293,122.84263610839844,4558700
2017-05-25,123.79365139413271,124.18199691517688,123.12000560427299,123.99971771240234,3110800
2017-05-26,123.71441604989701,123.96802034180833,122.55731245622239,122.76336669921875,4284700
2017-05-30,122.75540155959337,123.20178289191523,122.3727907266002,122.65975189208984,3504300
2017-05-31,123.04238103065299,123.05832669860224,122.18149740610652,122.36483001708984,7158400
2017-06-01,122.37279503341225,123.68005990821118,121.75104784679931,123.67208099365234,3385100
2017-06-02,123.38513414710866,124.23805102134789,123.09020618568957,123.83152770996094,3485600
2017-06-05,123.97495391549704,124.04669114902191,122.93870483366952,123.38508605957031,2651800
2017-06-06,123.10614458448775,123.28151043307946,122.47641844736837,122.91483306884766,3260300
2017-06-07,123.30542882584672,123.79166830904744,123.03441328779537,123.5206527709961,3159000
2017-06-08,123.52062463786541,123.73583637101726,122.2611847524425,122.3568344116211,4041600
2017-06-09,122.75538364590274,122.75538364590274,121.78290495826715,121.9263916015625,4705300
2017-06-12,121.79887533965109,122.19743186094381,120.94595854585438,121.30465698242188,4473900
2017-06-13,121.40825016014495,122.78725191598335,121.20897195762012,122.74740600585938,3753800
2017-06-14,123.15395808193627,125.36993124137551,122.72352241510826,124.95542907714844,5999400
2017-06-15,124.45329557747252,125.3620041956817,123.48878319354819,124.96344757080078,3972300
2017-06-16,124.5489209964114,124.89965270401417,123.87934891625002,124.85979461669922,9105400
2017-06-19,125.07501336419413,126.76488916194917,124.66051116669533,126.58952331542969,5196100
2017-06-20,126.52573151889627,126.91632123186571,125.62500218205598,125.68079376220703,4201200
2017-06-21,125.87208763818558,126.36629369173528,124.69235191368269,124.81989288330078,4071300
2017-06-22,124.70034574579962,125.20253077189412,123.92714524907353,123.93511199951172,3347400
2017-06-23,123.68008133987375,123.73587293655572,120.29235039576301,120.61119079589844,11422200
2017-06-26,120.8981307949049,121.13726713451166,120.4676951139963,120.6988525390625,4128500
2017-06-27,120.41187843600659,122.15755771583633,120.16477537136917,121.35247802734375,4567100
2017-06-28,121.7590364238249,122.31701320888274,121.44816277479397,122.14164733886719,5087000
2017-06-29,121.7749432825366,121.95827584713052,120.77855213999467,121.28870391845703,2855400
2017-06-30,121.56767728348596,122.7553798175351,121.37637798236128,122.27710723876953,3640900
2017-07-03,123.0662505816507,123.38509085168427,122.52421968999832,122.76334381103516,1658500
2017-07-05,122.76339522031492,122.9865859353987,120.73076636244359,121.71121215820312,4432500
2017-07-06,120.97779057066815,121.54373374218711,120.53937617957848,121.20098114013672,3408500
2017-07-07,121.19299855896418,121.85460349948559,121.08140327760957,121.34445190429688,3775400
2017-07-10,121.33651912976666,121.36839829209093,120.36404047868876,120.50751495361328,5081100
2017-07-11,120.722742810381,121.00970393267079,119.96548800969268,120.04520416259766,5642000
2017-07-12,120.73067215150596,122.06981539702191,120.4357322372415,121.63140106201172,4275900
2017-07-13,121.81479836636947,122.85901431200791,121.63943255655472,122.1894302368164,3288000
2017-07-14,122.1336176522673,122.49231596047403,121.01766465718518,121.86260223388672,3588400
2017-07-17,121.87855558421403,123.15394106888863,121.73508110275128,122.6677017211914,4166600
2017-07-18,122.55606260114575,122.6437454739159,121.14516988947084,121.29662322998047,3783600
2017-07-19,121.59956072151665,122.75537185508948,121.59956072151665,122.19739532470703,2808400
2017-07-20,121.6075420291874,121.61552094248987,116.06760980900313,117.19950866699219,18264100
2017-07-21,117.19954384784839,117.54230882235025,116.48214688797934,116.89663696289062,9120200
2017-07-24,116.86473568299797,116.92850618160952,114.98354854438352,115.24659729003906,7295900
2017-07-25,116.17122699834923,117.49442503833967,115.80454974870457,117.15167236328125,5002400
2017-07-26,117.06402032908186,117.37489392494453,116.34662346570018,116.92851257324219,2836000
2017-07-27,116.52196456696963,117.86112064052621,116.29080716442158,117.75749206542969,5399000
2017-07-28,117.89301997330922,118.18796008450265,117.43070508912999,118.03650665283203,3421100
2017-07-31,117.9727147159387,119.55099492609911,117.60603741308415,119.24810028076172,5253300
2017-08-01,119.75823068121795,119.87779273525933,118.72994836455813,119.44735717773438,4110600
2017-08-02,119.51912616965271,120.25246867625293,119.50318050388466,119.96550750732422,3754200
2017-08-03,120.12492565255307,121.185087393154,119.96550548649573,120.19666290283203,5146600
2017-08-04,120.37200669376499,121.7589874267578,120.20461980709668,121.75898742675781,3258600
2017-08-07,121.82278724268517,123.13005214047749,121.53582606204881,122.23728942871094,3833600
2017-08-08,122.21337701057288,122.9148282142553,122.02206550248874,122.23728942871094,3218900
2017-08-09,122.23727389860504,124.00686559387465,122.21336148350504,123.75975036621094,3844900
2017-08-10,123.70396797226688,124.33368188829685,122.65975189208984,122.65975189208984,4433700
2017-08-11,122.8430602228833,124.1264123814259,122.73943166156116,123.45684051513672,3650500
2017-08-14,124.38149892794182,124.38947784171985,122.40466222454258,122.96263885498047,6662500
2017-08-15,122.97853354914723,123.39303551552344,118.1799121902897,119.70240020751953,13528700
2017-08-16,120.72272757322976,121.91839673802828,120.49157021974469,121.36042022705078,6043900
2017-08-17,121.00975396579886,121.28076953696727,119.25610734361548,119.3039321899414,4460900
2017-08-18,119.25606817805965,119.25606817805965,117.1437237391765,117.56619262695312,6989100
2017-08-21,117.25531516422967,119.47128810438878,117.08791609965198,118.92924499511719,4222500
2017-08-22,119.00099802382908,120.02928063625271,119.00099802382908,119.4952163696289,3268100
2017-08-23,118.43507660218296,119.15247359207414,117.51838915623118,118.84957885742188,5235400
2017-08-24,119.35168232517097,120.04517865173273,117.95673508661552,118.17195892333984,3736000
2017-08-25,118.3792100429601,119.98938120249322,118.29152715400097,119.28791809082031,3048000
2017-08-28,121.11335661893604,121.47205505248981,119.90970815043781,120.67494201660156,6845400
2017-08-29,120.33013512134006,120.99564049560084,119.4962285268836,120.14570617675781,5368700
2017-08-30,120.27397918701172,120.47443581899007,119.69666310812191,120.27397918701172,3641000
2017-08-31,120.76314081181927,121.01971903836164,120.15375681823784,120.16978454589844,6083300
2017-09-01,120.48246840679825,121.02771689267858,120.0815550805259,120.89942169189453,3383000
2017-09-05,121.64516500149549,123.41719560796635,121.6371389021138,122.62338256835938,7488800
2017-09-06,124.17087843311641,125.91084083641104,123.60157611484944,125.53398132324219,8126000
2017-09-07,126.82494252993692,127.71497076061101,125.71841763912428,126.63249969482422,8273100
2017-09-08,127.56265184341882,128.8455799107287,126.30378984172526,128.0196990966797,10088600
2017-09-11,127.02539957291992,127.28199002043273,125.2613830684402,126.98530578613281,8847900
2017-09-12,127.53856563424024,129.03797779725923,127.25793360226062,128.22012329101562,5794600
2017-09-13,128.6050063661881,129.39881934228032,127.93147475702861,128.30833435058594,4713700
2017-09-14,128.5729543829499,128.97386785188965,127.75508748053846,127.79518127441406,5290800
2017-09-15,128.276233678671,128.28425977611238,126.92114458077802,127.00934600830078,9124200
2017-09-18,127.49045356342671,127.49045356342671,126.44006247592924,126.5362777709961,4010600
2017-09-19,126.52827852324083,126.94523190820136,126.01510983209967,126.41602325439453,3713400
2017-09-20,126.3438857566172,127.8032045286184,126.17549670393178,127.23390197753906,4599200
2017-09-21,127.38620133648419,127.93946370587501,127.26593222787933,127.64279174804688,3082100
2017-09-22,127.60273171995463,128.36446482405321,127.49849030832064,128.26824951171875,3576500
2017-09-25,128.3323502498003,129.43886264214305,128.09179982193345,129.1742706298828,4897700
2017-09-26,129.53514897668578,129.8959686648843,128.92575265137324,129.3026123046875,3222600
2017-09-27,129.39879867373935,129.64736299682852,128.404529146478,129.0299530029297,3966200
2017-09-28,128.8695751471173,130.2567317718123,128.82146750757576,130.1845703125,4614100
2017-09-29,130.29688541951595,131.186913864701,130.01624108003347,131.14682006835938,3467400
2017-10-02,131.65994794009376,131.70004172397705,130.87416116258257,131.515625,2721400
2017-10-03,131.54768550302,132.52591504881187,131.499577858949,132.43771362304688,3046400
2017-10-04,132.694341236187,133.16741618204162,132.22928015495594,132.53396606445312,2746500
2017-10-05,132.35752422151216,133.30367374738677,131.70803439089804,133.19943237304688,3504900
2017-10-06,133.2475632518115,133.60839507672,132.8947697596361,132.98297119140625,2916300
2017-10-09,133.2154919000402,133.60839140073466,132.63817567795664,132.87071228027344,2131800
2017-10-10,132.86269910881288,132.94288668325555,132.01276465330707,132.42971801757812,2755400
2017-10-11,132.4537691813182,132.99900552487273,131.86041295312137,132.5018768310547,2319300
2017-10-12,132.63016002987396,132.63016002987396,131.87644095924955,131.97265625,3397800
2017-10-13,132.2372691837801,133.15937730843532,131.7802342879173,131.87644958496094,3259000
2017-10-16,131.87643628615447,132.03679917669092,130.90622061081683,131.6759796142578,2586700
2017-10-17,131.67599419374588,132.23727049022148,129.5030382464334,130.97840881347656,4189200
2017-10-18,131.03453992373954,131.6920438012761,130.978418407434,131.05859375,2757900
2017-10-19,131.09866829586608,131.58778308287987,130.5133382179331,130.89019775390625,2676100
2017-10-20,131.47553480581976,131.61985774985402,130.48929131686958,131.04254150390625,4166500
2017-10-23,131.53165277939434,133.31973521509838,131.2991284086243,132.0929412841797,3995100
2017-10-24,132.0368191278589,133.47209596706,132.02077916591028,133.12730407714844,3686700
2017-10-25,133.1914610017799,133.86499263183651,132.60613081624786,133.15939331054688,4189400
2017-10-26,133.41594179387943,134.6587756041578,133.1914313005922,134.42623901367188,3750500
2017-10-27,133.7447075266972,134.506440510326,133.4720893615931,134.1776885986328,3720400
2017-10-30,133.89707860764088,133.89707860764088,132.20522335707034,132.5500030517578,3906300
2017-10-31,132.62215125817914,133.37587042726966,132.38161299987902,132.92684936523438,2922400
2017-11-01,133.44001939662232,133.696609854624,132.3976420720767,132.6061248779297,3568300
2017-11-02,132.30940133169287,132.30940133169287,128.71722163099795,130.4652099609375,6518900
2017-11-03,130.7058070443608,132.2934332184962,130.4412026820049,131.8123321533203,3080900
2017-11-06,132.14104056124654,132.20518816444198,130.7057639389202,131.6759796142578,3275500
2017-11-07,131.5717694307633,131.82033380527525,130.56147196938684,131.22698974609375,3198100
2017-11-08,130.97038570278696,132.044830671249,130.9142641893121,131.53968811035156,2912900
2017-11-09,131.57974788239022,131.61181556252805,130.12041762061227,130.9142303466797,3405200
2017-11-10,130.97037381187272,131.9646433515421,130.6416219195339,131.58778381347656,3554900
2017-11-13,132.01275937556971,133.6164129210625,131.70004742359487,132.58206176757812,7189300
2017-11-14,131.194906925416,134.819167758594,130.81804732240224,134.75502014160156,10284000
2017-11-15,134.25780628913603,134.25780628913603,132.5819921504226,132.67820739746094,5534500
2017-11-16,133.64849585444847,134.5144703359885,133.15136711380597,134.30599975585938,4587900
2017-11-17,133.90507212356508,135.05167854504205,133.1513529935481,134.49842834472656,4530100
2017-11-20,134.81918366982288,136.8638448512283,134.54656544161105,136.67140197753906,4699900
2017-11-21,136.73548708839516,138.60374450683594,136.43078906975165,138.60374450683594,6229000
2017-11-22,138.6278284720448,138.6679222571488,137.94627082999295,137.96231079101562,4133500
2017-11-24,138.00236915140493,138.79618184703588,137.70569724061966,138.17877197265625,1853600
2017-11-27,138.61183076755822,140.2475647131825,138.2189433645193,139.6461944580078,4539100
2017-11-28,140.23146185768326,141.73889986978486,138.70799612176623,141.5785369873047,6049000
2017-11-29,142.29581247219664,143.79475405801753,141.57855952855815,142.84381103515625,4902200
2017-11-30,143.50458149740336,145.5998843711222,142.97269209760506,144.91488647460938,9180700
2017-12-01,145.31785600828567,145.54350386010282,142.40053055798882,145.3984375,4683400
2017-12-04,147.63080210657273,150.14517175328044,147.63080210657273,149.0088653564453,6193800
2017-12-05,147.25201152045148,149.0169100678319,146.8812972391614,147.35678100585938,6347600
2017-12-06,145.26144014609278,146.79262377811554,143.9961889674191,145.70468139648438,6892500
2017-12-07,145.10030251256558,147.13920049651546,144.87465459870552,146.67178344726562,5484300
2017-12-08,147.074728339317,148.20296791193147,146.80072905695192,147.80809020996094,5092100
2017-12-11,146.55897952692737,147.4454623789211,145.962617217687,146.87327575683594,6038900
2017-12-12,147.27616617895336,147.6468804073251,146.39775040990477,146.5105743408203,5275500
2017-12-13,146.6798361815908,148.0176147243504,146.67178171936533,147.50184631347656,5177400
2017-12-14,147.95309506541506,148.2835123648718,146.72008640830578,146.77650451660156,3542500
2017-12-15,147.4695621810768,147.6468586602422,146.77649747985333,147.13914489746094,8202200
2017-12-18,147.8806016041842,149.46820359698287,147.8806016041842,148.87184143066406,5011900
2017-12-19,149.28281592651524,150.47552766919762,148.7670476893917,149.87916564941406,4576300
2017-12-20,150.70122621002338,151.42652131046046,149.9275674455868,150.9510498046875,5383700
2017-12-21,151.41845812786772,152.1840500891019,151.0558105985345,151.5715789794922,5859100
2017-12-22,151.87785281593224,151.87785281593224,150.91884289760563,151.61190795898438,3256600
2017-12-26,151.93421856277695,153.45734794382852,151.78109771916058,153.40899658203125,2969200
2017-12-27,153.60245113872602,154.31969187001815,153.12696727436006,153.27203369140625,5912600
2017-12-28,153.85221701780114,153.90862283328198,152.82873491004307,152.94155883789062,3175700
2017-12-29,153.71524322093214,153.71524322093214,152.7401123046875,152.7401123046875,4637800
2018-01-02,153.2881246169692,153.69912350639902,151.5151592973393,151.53128051757812,4684700
2018-01-03,151.5071016219558,152.60311093407526,151.3620475335473,152.321044921875,4530500
2018-01-04,153.0140627266285,153.81995131704107,151.88582361880455,153.5298309326172,4047400
2018-01-05,153.86836967534543,155.16585136284422,153.52989779559218,155.1336212158203,4224800
2018-01-08,154.50500039855524,156.11677798477268,154.40829767838608,154.76287841796875,3508500
2018-01-09,155.29471789704846,155.91525551077484,154.44047801930944,155.61708068847656,3012300
2018-01-10,155.3431196231755,155.7138338793289,154.448582569277,154.56947326660156,3119500
2018-01-11,154.4727752446899,156.93073879807295,154.24712734112245,156.89044189453125,3899200
2018-01-12,157.5512929769096,160.71037625048737,157.00329438210568,158.29270935058594,6748400
2018-01-16,159.45317072278684,160.33158663108938,157.7124478296618,158.20404052734375,5692700
2018-01-17,159.1630468216177,161.03271484375,158.6311572328848,161.03271484375,3996100
2018-01-18,161.00046071905848,161.37117497133104,159.29198042736317,159.83192443847656,4474600
2018-01-19,161.02466392277225,162.24961853027344,160.47666535700722,162.24961853027344,5809600
2018-01-22,162.46720621767048,164.78010341226872,162.3946668714552,164.7720489501953,4857700
2018-01-23,165.11854771212256,166.29515071354695,164.52218560223807,165.12660217285156,3621700
2018-01-24,165.36837391875648,166.89956996705646,164.84455113455903,166.1903839111328,4370700
2018-01-25,166.6577676875551,166.68194336220304,164.27233198159036,165.50534057617188,3537700
2018-01-26,165.69071282923943,167.06877554671402,164.7558790356905,167.00430297851562,3778100
2018-01-29,167.00431643461692,167.31055808401288,164.9734857087198,165.14271545410156,3632900
2018-01-30,162.3624448050038,163.71633231402078,154.38414926299413,162.63644409179688,5979600
2018-01-31,163.7727134648635,165.27166703820177,161.36310166509526,161.90304565429688,4547300
2018-02-01,160.64584177121395,162.9909807119435,159.79160176316717,161.09713745117188,3553800
2018-02-02,160.57336014628046,160.61365704986048,155.891147697472,156.31826782226562,6179000
2018-02-05,153.17532260425207,156.58422950809185,145.36625650858687,147.5663299560547,10618500
2018-02-06,143.94783414195462,154.69839863228935,141.36899278850973,153.95697021484375,11682700
2018-02-07,153.7071363374836,156.7614611588752,152.8931932407506,154.15843200683594,6016800
2018-02-08,154.03759850795893,154.03759850795893,145.8094677139007,146.04318237304688,7241800
2018-02-09,147.6791296688813,149.89532397496274,141.66719352248066,148.3802490234375,9059200
2018-02-12,150.33854604002465,150.7092479720321,147.8080559028825,148.33187866210938,6783700
2018-02-13,147.66298668732907,148.27546998439036,145.7772100342305,148.05787658691406,4273800
2018-02-14,146.57508417562897,149.13780509940966,145.9061948805624,148.83963012695312,6767000
2018-02-15,150.491648860122,150.85429628826225,147.68714754289874,149.30699157714844,5113300
2018-02-16,149.13779698830274,151.49905784578064,148.97662166862958,150.6770477294922,7619200
2018-02-20,153.03827364538108,154.2793492466918,150.1451358907611,150.46749877929688,8922100
2018-02-21,150.8704312522138,151.4909567069759,147.3648104346779,147.52598571777344,7527200
2018-02-22,148.05788013137803,150.0726019791304,147.40511222020805,149.4681854248047,5653900
2018-02-23,150.0564556578207,151.83747488391165,149.58903879171137,151.78912353515625,4315400
2018-02-26,152.4499970912812,152.94964425904948,151.39428463195748,151.87782287597656,4648000
2018-02-27,152.20825682696602,152.5144985926988,149.0572400722201,149.07334899902344,4618800
2018-02-28,148.6139601017414,150.41914318676345,146.8893585205078,146.8893585205078,6419900
2018-03-01,147.27619718510846,148.60590895776434,143.6496971176229,144.76988220214844,6123900
2018-03-02,143.22256179766705,144.40721934453114,142.11043129320996,143.8189239501953,5671000
2018-03-05,143.33535216144662,146.88125721315333,143.2064070294503,146.4622039794922,5748600
2018-03-06,147.27618996335588,147.47766217944803,144.66510561592196,146.38165283203125,5306800
2018-03-07,144.9308794219409,145.88724542802407,143.30991002829617,144.73635864257812,4799200
2018-03-08,145.43334765811971,145.87100386769788,143.23692911592548,144.21762084960938,4750700
2018-03-09,145.07674410150145,147.70271867032392,144.20141924522727,147.63787841796875,4477200
2018-03-12,147.85674433925152,148.3673537490542,145.52255639519058,145.65223693847656,4993300
2018-03-13,145.5549811605511,146.65724112633237,144.1528457372839,144.54998779296875,6128100
2018-03-14,145.15779158213266,145.61166096307434,142.55613066828843,143.78807067871094,4531500
2018-03-15,144.01502516896167,145.7737754454175,143.22885403781123,144.32301330566406,3936700
2018-03-16,144.61478900169348,146.21144495954428,144.2419729396563,145.0443572998047,8410900
2018-03-19,144.7931375847519,145.3361734075339,142.64535732188358,143.53689575195312,4744500
2018-03-20,143.97454047323143,144.9876466216771,143.58551117499346,144.39599609375,4148300
2018-03-21,144.5499321028464,146.00069408277523,144.00689654258528,144.282470703125,3494400
2018-03-22,143.79619106971413,144.72014311426972,141.89965987831292,142.06985473632812,5255100
2018-03-23,142.8398259687051,143.5044169824987,139.04675119527,139.24127197265625,6021300
2018-03-26,141.11350420945774,143.29371022581603,140.635321161852,142.95330810546875,7323600
2018-03-27,143.7637886858669,144.857935676433,140.70015732505658,141.57546997070312,4713900
2018-03-28,142.0293461334964,143.88535069229692,140.95950037183596,141.6403045654297,4318600
2018-03-29,142.40213198491261,144.7849585242917,142.24003754942692,144.4607696533203,4423500
2018-04-02,143.57737279004587,144.0150414936043,138.12281372292603,140.1328125,7229300
2018-04-03,140.03553199999962,141.78618175160545,139.75185743549366,140.82980346679688,5283300
2018-04-04,138.43077579749,144.13658209020517,138.12278768393813,143.81239318847656,4757300
2018-04-05,144.26624690871748,145.91962991494984,143.7070106020909,145.18209838867188,3799900
2018-04-06,144.25006334440516,144.68773200763374,140.49752759554642,141.38905334472656,5236900
2018-04-09,141.88346537267753,142.11851288732993,139.7032593086398,139.8167266845703,5079800
2018-04-10,141.04861810742324,141.17829859694203,139.59785627784473,140.6109619140625,4783000
2018-04-11,139.40332467880054,141.8834051042481,139.2412302630414,140.100341796875,4228400
2018-04-12,140.46508852967904,141.21884566257933,140.13278686499166,140.505615234375,3396700
2018-04-13,141.42147892619388,142.2481644110975,139.58977560004064,140.0517578125,4311200
2018-04-16,141.21075403471357,142.32112654789188,140.47322231373107,141.3728485107422,3534200
2018-04-17,142.4508218604425,142.83986351748362,141.10542632265083,141.7619171142578,3106500
2018-04-18,141.83483008318734,146.08987498568297,141.8267296878797,145.76568603515625,5858900
2018-04-19,145.48201680896742,145.644111290226,142.45891206728933,143.52064514160156,5407300
2018-04-20,144.1446836152829,144.987582114282,142.90464323066152,143.4638671875,5008600
2018-04-23,143.95826583023995,144.57424202031495,142.75065173193363,143.99069213867188,2987700
2018-04-24,145.3199138172907,145.88725065197866,141.87535373245234,142.8560333251953,4435400
2018-04-25,142.7101329742204,144.32300181563124,141.47009249845217,143.77186584472656,5587300
2018-04-26,144.63907991032423,150.69338819131977,144.33109182031168,150.523193359375,8782500
2018-04-27,150.3367994952365,151.59304078668546,149.0238059761201,151.1229705810547,4382400
2018-04-30,151.5525360750982,152.20902669284945,149.77757263183594,149.77757263183594,4173200
2018-05-01,149.72082681186936,149.72082681186936,147.0219114274621,149.63978576660156,3423900
2018-05-02,149.52632877070002,151.65789515086271,148.92656563248997,150.67721557617188,3866500
2018-05-03,149.83427966078534,149.85859320871293,146.8598027498526,148.47267150878906,4123900
2018-05-04,148.11608505469925,151.0338350422547,147.3785409790928,149.9639892578125,3896200
2018-05-07,150.2638874343389,150.34494086678833,148.05126723906426,148.77259826660156,3582300
2018-05-08,148.68339364383573,150.18279506279632,147.91343576667214,149.97206115722656,4168200
2018-05-09,149.9639698533824,151.15538324688788,148.78066922105253,151.0419158935547,3392300
2018-05-10,150.7258137587399,152.34678286955753,150.6528731168362,151.69029235839844,3850100
2018-05-11,152.07122393737387,154.64045854210477,151.84428924696954,154.24331665039062,5355100
2018-05-14,155.20780317599696,155.32937092097424,153.87860890718596,154.86740112304688,7035900
2018-05-15,153.58687509522537,153.74086919145782,150.8312316234371,152.3549346923828,10147000
2018-05-16,153.40858305923612,153.40858305923612,150.66914010092245,151.0581817626953,5044800
2018-05-17,150.95275186778755,151.70649658524295,149.8342791985176,150.2071075439453,4227700
2018-05-18,150.5475387366208,152.54133661575008,150.3854442638741,151.9010467529297,4697900
2018-05-21,152.53321646389736,154.5351146412242,152.37112199900355,153.82188415527344,4147800
2018-05-22,154.04074025805076,154.62429030776397,151.1716294861414,151.45529174804688,4585600
2018-05-23,151.64168194226207,151.8199895534244,149.92344608624467,151.2931671142578,7387400
2018-05-24,151.39043021631932,151.89293913505935,149.67220662628003,151.6822052001953,3941300
2018-05-25,151.3256042915693,152.23334320120227,150.79068141967198,151.43907165527344,2730400
2018-05-29,150.38545110242165,151.42287061559415,149.33181843113255,149.93968200683594,4725500
2018-05-30,150.64056757557432,153.06118471107496,149.97224334513174,152.48251342773438,3976000
2018-05-31,152.53959886522907,152.70260086171442,150.98290306084513,152.0424346923828,4839900
2018-06-01,152.58035536448523,153.90068772816593,152.01798789513813,152.6944580078125,3706200
2018-06-04,153.40352233523703,156.10939032832434,153.19976672831385,155.9626922607422,4103300
2018-06-05,155.21286074305414,156.79400611649962,154.609739717602,156.43539428710938,4231300
2018-06-06,157.35637919502318,157.78018188476562,155.840437048432,157.78018188476562,4134700
2018-06-07,157.97577015939865,160.7223912657387,157.97577015939865,159.88291931152344,4378700
2018-06-08,159.63844142423915,161.78195442212905,158.9375216280331,161.64340209960938,4006200
2018-06-11,162.11608154086642,163.42826788355018,161.6515128809165,162.71104431152344,4243000
2018-06-12,162.87410517465364,164.0966390129194,162.60514623788427,164.0721893310547,4616700
2018-06-13,164.06398712836628,164.29219237141692,162.72735108924695,163.25711059570312,5128100
2018-06-14,163.21637963543614,163.81950068216346,161.50484007513654,162.7355194091797,4305900
2018-06-15,162.14874291215185,164.3085602523103,161.7819852313726,163.4446258544922,7820900
2018-06-18,162.14055954346773,163.74615467921825,161.4640894537031,163.5668487548828,3396300
2018-06-19,161.54560377831191,162.9229812594984,161.45595081219867,162.36062622070312,5501100
2018-06-20,163.00451900208992,163.1104759190438,161.47227254386777,162.25469970703125,3389600
2018-06-21,162.36059355121935,163.77057861069358,161.87157520968054,163.25711059570312,4695100
2018-06-22,163.64835263568872,163.98251482564996,160.69797533958126,160.89358520507812,6785800
2018-06-25,160.8935490905161,161.24400269674663,158.97824178407296,160.0540771484375,5127200
2018-06-26,160.21711721599814,160.82838406304634,159.41839868467346,160.03781127929688,3270600
2018-06-27,160.28233039361578,161.36631182827236,158.9375357853922,158.94569396972656,3771700
2018-06-28,158.92936472991335,159.75253285992432,157.7149769018485,159.10052490234375,2994000
2018-06-29,159.63029208030824,162.05090966869935,158.92122655272576,159.01087951660156,4106600
2018-07-02,157.9676742492191,158.26107042402677,156.58212598592354,158.13067626953125,3822800
2018-07-03,158.4729354506976,159.50801723718575,157.63346349011172,157.8046112060547,1608400
2018-07-05,158.51370486872077,158.71746046077135,157.40527395051544,158.44850158691406,3040600
2018-07-06,158.58701561449786,159.2145861686703,157.2585254954221,158.50550842285156,2552400
2018-07-09,159.4998730954107,160.32305363682337,158.95380960748332,159.80958557128906,2575100
2018-07-10,160.20080356862678,161.17882797733685,160.05410550363504,161.05657958984375,2842400
2018-07-11,160.73872103233654,161.17882766270768,159.7036390873135,160.51866149902344,3309300
2018-07-12,161.53743479619584,161.76564006990984,160.5594104179567,161.33367919921875,2709200
2018-07-13,161.74930070774326,162.94737182205398,161.74930070774326,161.93675231933594,2308100
2018-07-16,162.30353033622848,162.36873360856623,161.2847525239251,162.0916290283203,2530500
2018-07-17,161.88790983113088,164.16996269431147,161.88790983113088,163.90101623535156,4662800
2018-07-18,163.83579755037954,164.56931269656937,163.1593275022802,163.7950439453125,3787800
2018-07-19,163.72986665176253,165.63701628356338,163.4527619913312,165.14801025390625,3691100
2018-07-20,164.6997274310789,166.06895908824558,164.48782608497115,165.00128173828125,3564100
2018-07-23,165.00945508938884,165.76742001865344,164.55303205878997,164.82199096679688,2264300
2018-07-24,165.88154839650417,166.4683656620372,164.10480510204877,164.6264190673828,5058100
2018-07-25,164.14550777243227,164.87087721711103,162.2465165082912,163.8195037841797,4382700
2018-07-26,164.25144337579252,164.73230354882855,162.11608892612145,162.51544189453125,4280000
2018-07-27,163.1756787964027,163.403884127514,160.29863760210958,160.67355346679688,3871200
2018-07-30,160.17634613466367,161.02397636775336,160.07038924646383,160.78761291503906,2331100
2018-07-31,161.12176763683792,161.39887224645128,160.45344335173687,160.98321533203125,2795900
2018-08-01,160.4453021329234,161.16252578863578,159.4183784373614,159.9888916015625,3086800
2018-08-02,159.01088981892065,159.61399849111027,157.74760249564252,159.46730041503906,3543500
2018-08-03,159.76881644348413,160.07037070727552,159.13310006042212,159.45095825195312,2309000
2018-08-06,159.43468745429863,159.79329932157071,159.01903048246356,159.4917449951172,2515700
2018-08-07,160.02963032148284,160.722391800627,159.45095902831244,160.6001434326172,3052500
2018-08-08,160.9180477768011,162.11613187191887,160.80394512184975,161.39076232910156,2176700
2018-08-09,162.18945533564982,162.79257638028133,161.40702837062125,161.43963623046875,2466000
2018-08-10,160.8365093831964,161.31736959043343,159.4509738597782,159.9888916015625,2873000
2018-08-13,159.988921457768,161.04029502540737,158.1143671944994,158.2284698486328,5294400
2018-08-14,159.06791874187778,159.7280848895455,155.88933638782768,157.38082885742188,11488000
2018-08-15,156.28054650359476,158.26104498271252,155.74262873040664,158.106201171875,6049300
2018-08-16,158.130646215398,159.81773608118047,157.88613701327245,159.24722290039062,5690100
2018-08-17,159.41831951654112,159.728019441926,158.7826033062121,159.38571166992188,3885800
2018-08-20,159.6139587314872,161.73302161275964,159.25534694207929,161.31735229492188,2956700
2018-08-21,162.05091386172447,163.60760971282173,161.70860592795665,163.1919403076172,4124600
2018-08-22,163.65650103499343,165.8978126435905,161.9041954065191,162.16500854492188,5007000
2018-08-23,162.5072561604697,164.15360428602716,162.3035006352955,163.13482666015625,3595000
2018-08-24,163.2896962716924,165.04198895773072,163.00443353849948,164.06396484375,3054300
2018-08-27,165.31098380694672,165.40878250879172,163.97434765796422,164.6182098388672,2521300
2018-08-28,164.87905107527874,164.97684979380116,163.5179650187318,164.61009216308594,3516300
2018-08-29,164.7493404968224,165.47024061932922,164.42166544113869,165.21627807617188,2488000
2018-08-30,164.65922312499183,165.01967317561397,163.10274790639806,163.2338104248047,2825400
2018-08-31,163.3321222811877,164.5854974521687,163.2583847711287,164.47080993652344,4023300
2018-09-04,164.40529835629138,168.68971211645976,164.24964831051025,168.0015869140625,4612800
2018-09-05,167.79673228248322,169.30405723561407,166.4204698252771,167.2396697998047,3667100
2018-09-06,167.60010719322568,169.6481069756347,166.95294476198384,168.66506958007812,3490400
2018-09-07,168.30461334852794,169.76278813928192,168.2882258508795,168.94358825683594,3672700
2018-09-10,170.50015462595275,173.35915554193812,170.50015462595275,172.59730529785156,5586600
2018-09-11,174.48964892584834,175.84952430714924,173.26084858130014,175.18597412109375,5969500
2018-09-12,175.3334156234711,176.48029088919372,172.77751503128763,173.654052734375,5660100
2018-09-13,173.21171025952614,173.21171025952614,170.9670969786359,171.5814971923828,4701100
2018-09-14,172.1876875781645,172.4662126389497,170.02499960618044,171.2701873779297,3622400
2018-09-17,171.2783914106897,172.0648166582208,170.60664119925312,170.72132873535156,3074700
2018-09-18,170.90972693750618,173.4492398377651,170.52470187682144,172.86761474609375,4338500
2018-09-19,173.67039889970633,174.219261396229,172.572673906661,173.4082489013672,2579100
2018-09-20,173.39191574048965,174.17015342334585,172.85942811537535,172.900390625,4020800
2018-09-21,173.0969584437757,174.21107091766842,172.4497834589411,173.98988342285156,9749200
2018-09-24,173.27719690997006,173.53933442420566,170.36084675159512,170.3854217529297,4623700
2018-09-25,171.08176646048938,171.45860405181338,169.41060355549456,169.95127868652344,4443300
2018-09-26,170.8687621123841,171.32751217846368,169.76283695308376,170.0004119873047,2965800
2018-09-27,169.9840650996432,170.25440270317574,168.48492702551084,169.44338989257812,3218800
2018-09-28,169.1156558636228,171.0899309320754,169.0419308610666,169.69728088378906,3966100
2018-10-01,170.81961109040992,171.85998623408707,169.87752346030638,170.06594848632812,3670500
2018-10-02,169.97586007651296,170.42641020262266,167.66570942989813,167.7312469482422,4428000
2018-10-03,168.88634824750727,169.13211085409668,166.8301473557147,166.9038848876953,4162500
2018-10-04,166.83009980336,166.92021231675741,162.42281164810922,162.89794921875,5996200
2018-10-05,163.07814641146967,163.59423390011318,159.39174649258882,160.87449645996094,5016600
2018-10-08,160.75982817143375,162.7422908646912,159.79316557720009,162.53749084472656,3731800
2018-10-09,162.16063591993935,163.16824841012138,160.21913593885694,160.3583984375,4466800
2018-10-10,163.11093757084663,163.21743758721612,158.3923493455795,158.67906188964844,6157900
2018-10-11,158.68725340207797,161.11207864507014,154.39464047191444,155.43502807617188,5831400
2018-10-12,157.90082278700785,158.58894788631267,155.77909748081711,157.67144775390625,5450200
2018-10-15,157.58129520551057,158.34314512189783,156.22142035475636,156.6064453125,3642800
2018-10-16,157.14713428228382,158.9903342445428,156.14770930274787,158.5807342529297,4057400
2018-10-17,155.35310970303487,156.19688482362704,150.71643404036212,151.6912841796875,8985700
2018-10-18,150.94582073291454,151.8797084385235,147.07100737981813,147.8164825439453,9262000
2018-10-19,147.7345604968368,148.26704812477996,146.28458514844482,147.33316040039062,7004300
2018-10-22,148.12777235059366,148.602897422284,145.4571719476341,146.43202209472656,4866700
2018-10-23,143.99078259652708,147.03820749274985,143.72044510573318,146.25177001953125,7004900
2018-10-24,146.29274373295144,149.397506365233,144.4331561537218,144.9738311767578,6791700
2018-10-25,145.42440543422887,147.86561823528749,144.85915536452035,146.6941680908203,5228000
2018-10-26,144.90015503570413,145.27698017882915,140.00952817815545,141.0908660888672,9472200
2018-10-29,142.32781201019637,144.17101200385324,140.04223701806188,141.88543701171875,5918400
2018-10-30,141.85265628982958,144.5314309365029,141.42666884601672,144.37579345703125,5657100
2018-10-31,145.8012300656561,146.51394265152138,143.8433423297762,144.08091735839844,6339500
2018-11-01,144.86735732175464,148.16054555650692,144.09730714994663,147.83287048339844,5225300
2018-11-02,149.4794570872846,149.92181968224222,145.3179186939681,147.398681640625,4730600
2018-11-05,148.29161362508935,149.43030132569623,146.8825883768561,149.2500762939453,3885300
2018-11-06,149.03704734003688,149.62687232950987,147.49695986752383,149.1025848388672,3338800
2018-11-07,150.5607796353322,153.74746749800934,149.14356697403912,153.3788299560547,4673400
2018-11-08,153.29688260042445,154.57483245537398,152.1418077315283,154.00958251953125,4054000
2018-11-09,154.27179036761507,154.40285290190963,151.51927714737715,152.36305236816406,4761100
2018-11-12,151.7404065016295,153.14943144593008,146.65318170272994,146.98904418945312,7590400
2018-11-13,145.24417270488735,148.7831104535339,141.5987349487581,146.63681030273438,14274000
2018-11-14,149.59415309264577,149.8317156571088,146.7597148235158,147.37411499023438,7561100
2018-11-15,146.6450255706361,147.18570071100123,142.22134942220188,145.29335021972656,8663100
2018-11-16,142.53267078670726,145.49817199940676,142.13944562590342,145.0148468017578,6834900
2018-11-19,144.76085357980517,146.5385162772651,141.14817817851494,142.20494079589844,6203400
2018-11-20,138.64963160472905,140.90243211824753,136.80643118457755,138.4857940673828,8661000
2018-11-21,139.26401985715503,140.0258699657845,138.56769475786854,138.69058227539062,5752100
2018-11-23,138.76429244741234,139.5343424748672,138.01062992054173,138.32192993164062,2711000
2018-11-26,139.42784941625274,141.2218995695819,138.338311823135,139.11656188964844,6140500
2018-11-27,138.53492734907334,142.03291522401042,138.29736482360985,141.90184020996094,7084200
2018-11-28,142.49522839533543,146.4014569346558,140.60803110353743,146.22015380859375,7133600
2018-11-29,145.70094853205995,146.0882767135398,144.1516358061405,144.761474609375,4329300
2018-11-30,144.83563161500467,148.64297107933518,144.30820791182998,148.60177612304688,8942400
2018-12-03,151.04936405428649,151.22243067951817,147.8024188847959,149.7720184326172,7610600
2018-12-04,149.21161159755275,150.17580752546894,143.8467226935757,144.4647979736328,7059600
2018-12-06,142.9814202397475,145.07462973514055,140.47616054193446,145.0087127685547,7571200
2018-12-07,144.50600883688006,146.98654649107905,141.94305611353167,142.39630126953125,6226100
2018-12-10,142.89077536762827,143.38524066354185,138.22636384038128,141.48980712890625,5373800
2018-12-11,143.64068632948332,144.71201924580842,141.11894139668243,141.91831970214844,5229400
2018-12-12,143.18742140576526,145.75861021513884,142.4127651427432,143.56651306152344,5912500
2018-12-13,143.6489373613121,144.14340262657234,141.8029605305252,143.2863311767578,6102200
2018-12-14,142.5528842198404,144.33294410863877,141.70406181055466,141.9842529296875,4265200
2018-12-17,141.34145851359997,141.73703576905527,137.5670770808583,138.4241485595703,5631700
2018-12-18,139.1905613875974,141.70407028250145,138.86092623653045,140.13003540039062,4462200
2018-12-19,140.85522015508406,144.17634332009538,137.43520897913163,138.08624267578125,6996900
2018-12-20,137.0314521092144,137.8802747543547,133.6938420340198,135.28436279296875,7675600
2018-12-21,134.17178818975958,138.41591292361073,131.9961635706294,132.2516326904297,13034100
2018-12-24,131.98789767845935,133.0097739299251,130.2820041428982,130.32321166992188,4547400
2018-12-26,131.41103792037813,138.67959594726562,131.39455239362374,138.67959594726562,6141500
2018-12-27,137.16325048904113,140.47613708422543,134.62502015701273,140.3607635498047,5069300
2018-12-28,141.10248180789404,142.66826765243576,138.94334262599907,140.27838134765625,4552000
2018-12-31,141.30845322915388,142.7671140104559,140.63268507264243,141.59689331054688,4206000
2019-01-02,139.8580316398444,142.7176473799429,139.31412256314903,142.08309936523438,4242900
2019-01-03,141.61340936799905,141.61340936799905,138.62193347424014,138.95156860351562,4810500
2019-01-04,140.2454295400601,144.0033387174357,139.70153271846686,143.08033752441406,4762600
2019-01-07,143.25335722657584,146.8381860009412,143.25335722657584,145.89871215820312,4928800
2019-01-08,147.15960743058358,148.00018074457205,144.72026483026826,146.59921264648438,4722400
2019-01-09,146.58277293311727,149.38472257982195,145.94822451095254,148.1156005859375,4922000
2019-01-10,146.7146234638461,147.71179068639844,145.32189148865083,147.56344604492188,3605300
2019-01-11,146.63214453308458,148.55229953402429,145.9646253740208,147.85182189941406,3285100
2019-01-14,146.351957548312,147.70348142917527,145.78332637484888,147.35736083984375,3871400
2019-01-15,145.10760219648742,146.54154144169487,144.38238980928716,145.4290008544922,5016100
2019-01-16,145.93991968832123,146.63216092512343,144.92627983623422,145.89871215820312,4075400
2019-01-17,143.40168585062943,144.59664132190326,141.74524880718448,144.11041259765625,6499200
2019-01-18,145.84929244289333,148.37103777893094,145.19000957551964,147.99195861816406,6371100
2019-01-22,146.269552488201,147.18430423485077,144.5142149967124,145.95639038085938,6272700
2019-01-23,145.5279290361465,146.7393579832325,143.83028372928524,145.77516174316406,4910400
2019-01-24,145.86576800838841,146.30254020604744,144.46479987015528,146.10475158691406,3860100
2019-01-25,148.15678632523029,149.05505284889622,147.19259025283992,148.667724609375,4501800
2019-01-28,147.4892255391072,148.32981133094796,146.20363113674614,148.1979522705078,4091400
2019-01-29,147.4810060828248,148.46167494924168,146.76403021817436,148.0825958251953,3686900
2019-01-30,148.72537808687431,151.79926860102273,148.15674688343395,150.13458251953125,5197700
2019-01-31,149.5742086971357,152.18660521334155,149.21160254287594,151.24713134765625,5138000
2019-02-01,151.65918573124418,152.5821740952192,150.67026783058907,151.9393768310547,4513100
2019-02-04,151.8816836271216,153.6370086669922,151.50259196664933,153.6370086669922,3050200
2019-02-05,154.0161151196465,154.09853018520394,152.20309685034414,153.60406494140625,4135200
2019-02-06,153.85130779571566,153.85130779571566,151.68391969009485,152.2278289794922,3072500
2019-02-07,151.42018408108638,152.39261633775013,150.35708771938786,151.692138671875,2793400
2019-02-08,150.8515512068567,152.11242356606812,150.57959661911693,152.07945251464844,2792300
2019-02-11,152.45852986921335,152.8046504280521,150.60430450593915,150.74440002441406,3729200
2019-02-12,151.50260509495627,153.61229997577445,151.23889952224067,152.88710021972656,3773200
2019-02-13,153.52990077565852,155.49125109684934,153.21673861249818,155.2687530517578,4146900
2019-02-14,154.51884315280662,155.69730082735973,153.28269240758416,154.69190979003906,2600600
2019-02-15,156.47193900707103,158.73821510827315,155.79618321759514,158.54867553710938,4997900
2019-02-19,157.98828360875854,159.20794860564718,157.63391391942713,158.4992218017578,3828400
2019-02-20,158.54869220178892,158.5569286797403,157.49384458433877,158.1036834716797,3970100
2019-02-21,158.1036404589352,158.53216354178468,157.08175160607513,158.07891845703125,3094200
2019-02-22,157.97180777175822,158.67228556726528,157.914114707836,158.54867553710938,3321600
2019-02-25,158.84535319744245,159.39749896028425,156.54611859845795,156.56259155273438,6190700
2019-02-26,152.94482819091985,155.31824195611446,150.64559303697052,155.1781463623047,13635100
2019-02-27,154.84844385647008,155.34290907441448,150.98342394947022,151.3625030517578,8766200
2019-02-28,151.3048501693544,152.6151668887271,150.90103641521137,152.57395935058594,8060600
2019-03-01,153.1343361130769,153.74416233632886,150.69499349574818,152.59866333007812,5481300
2019-03-04,153.44748943518505,153.48046049251502,150.06868539575527,151.47789001464844,5046800
2019-03-05,151.83227961236844,152.55747949657962,151.0164155960083,151.63449096679688,3691000
2019-03-06,152.0712395968747,152.4338457700332,151.50260833212835,152.00531005859375,4460900
2019-03-07,151.9558833233693,152.14542290824096,149.64016304262725,150.4065704345703,4122200
2019-03-08,149.56600452489855,149.9121252265109,147.9425255311705,149.3517303466797,3867100
2019-03-11,149.98625554808024,150.97517339937676,149.3269727889583,150.34886169433594,3866200
2019-03-12,151.16474764910527,151.85700162121793,150.2582446501474,151.63449096679688,3777000
2019-03-13,152.13264784132377,152.58097029260742,150.33933269936415,150.38914489746094,4528300
2019-03-14,150.50536292011367,150.88727751567012,149.85777907111859,150.7793426513672,4393000
2019-03-15,151.35222057619825,151.5099676466334,149.08567691953544,151.29409790039062,8059100
2019-03-18,151.54317871205345,152.33190143306462,151.37713382369523,152.28208923339844,4395800
2019-03-19,152.9213484457835,154.27463875116908,152.33187462716694,152.8715362548828,4437100
2019-03-20,153.0126965748837,155.3539585559266,152.2903816998323,154.5071258544922,4772600
2019-03-21,154.00896290195385,157.745029387446,154.00896290195385,157.72012329101562,4755700
2019-03-22,157.17217559910176,159.44702970119846,156.640824388123,156.70724487304688,5173600
2019-03-25,156.70719494406987,159.16470142961023,156.5079335527856,157.47930908203125,3845900
2019-03-26,158.3178461519728,159.56320126334487,156.69888704087055,157.197021484375,4143300
2019-03-27,157.45446527003256,159.08173560480557,156.40837105594406,157.12237548828125,4298400
2019-03-28,157.67033034249235,158.9073755108921,157.04765251890984,157.79486083984375,3326100
2019-03-29,158.45072237915173,159.43869367953175,157.86124858764822,159.3141632080078,4674100
2019-04-01,160.22739838456093,162.6433777509627,160.1111657438007,162.42752075195312,5381400
2019-04-02,162.31130234877457,162.31130234877457,161.08255537175415,161.3233184814453,2717800
2019-04-03,161.87959222900093,165.04279288903425,161.15729015751901,164.8933563232422,4581500
2019-04-04,165.21713382768917,166.45419129989057,164.40350525850633,166.4209747314453,3138400
2019-04-05,166.76139337003923,168.64603478336807,166.55383413367645,167.75767517089844,3615300
2019-04-08,167.18481255765596,169.19398448036245,167.07689036739046,168.99473571777344,3040900
2019-04-09,167.92369349701792,168.2973101981737,166.42927736602843,166.79457092285156,3721700
2019-04-10,167.09349293482794,167.37578314092065,164.40353318071465,165.57415771484375,3587500
2019-04-11,165.9643775344346,167.2927618522389,165.2420753708998,167.27615356445312,2465100
2019-04-12,167.81576612427725,169.58416186937947,167.81576612427725,169.2437744140625,3097900
2019-04-15,169.5011883204468,170.3148170302197,168.87020009504596,170.0823516845703,3049900
2019-04-16,170.4061287093439,171.02050859394188,169.60909568793056,169.758544921875,3271400
2019-04-17,170.48083567067474,171.7261909743985,170.46424005454642,171.4854278564453,3271900
2019-04-18,171.04543735275482,172.506649972487,170.28162080141217,170.74655151367188,3162500
2019-04-22,169.45967291145692,171.2363795672608,169.36834633561796,170.01593017578125,2593900
2019-04-23,170.3147938950617,172.1330146981598,168.89508324917117,171.0703125,3702600
2019-04-24,171.16165623926514,172.9383628427612,170.64690070495882,171.6265869140625,2750900
2019-04-25,171.03713374400115,172.4568447037679,170.2484110634251,171.44395446777344,3292100
2019-04-26,170.9291817677108,171.14503880707147,168.82037288889998,169.04454040527344,3560300
2019-04-29,168.79551166648835,169.20233242754895,166.3297063361125,167.8407440185547,3785200
2019-04-30,167.33430362907208,169.16082286373393,166.7033152740409,169.1193084716797,3415600
2019-05-01,168.70415464964972,168.96983656857108,164.93488427093408,165.05111694335938,4644700
2019-05-02,165.46625745620025,166.92747019945335,165.05113890396112,166.88595581054688,2810000
2019-05-03,167.70785702873576,167.96522844574517,166.3130650907197,166.51231384277344,3583400
2019-05-06,165.00130868067686,165.98928008561788,164.64430017717444,165.74021911621094,2619400
2019-05-07,163.34911150087427,164.09631965003274,160.20251919650795,161.7052459716797,4622100
2019-05-08,161.47278323172208,163.2328814493241,160.80028068463994,162.03733825683594,3122600
2019-05-09,160.49312649843378,161.9626496642842,159.06511771990128,161.5475311279297,2917700
2019-05-10,160.4101103922103,162.30304990451387,157.75334162481155,161.5475311279297,3863600
2019-05-13,158.5752420891827,159.12320146352167,157.03100100503335,158.02728271484375,3325900
2019-05-14,158.1601502005732,160.0364812801199,157.75332950557092,159.0900115966797,3663600
2019-05-15,158.41746965067745,160.0779431235313,157.96914738710606,159.20619201660156,3355800
2019-05-16,159.79571132920083,161.86300595418246,159.57154379916406,159.7209930419922,3854000
2019-05-17,158.4590154424903,161.4810772556017,158.36768887663763,159.88702392578125,5223800
2019-05-20,158.68317114246827,160.11947732724096,158.25144443889639,158.53372192382812,4782800
2019-05-21,155.3622655347859,159.83724279421207,154.7063711612045,158.94888305664062,8555600
2019-05-22,158.1518639810707,159.58817056461695,156.12608350388652,156.840087890625,5706000
2019-05-23,156.4581584667285,159.8538247205082,154.64824790664838,159.40550231933594,7754000
2019-05-24,159.85384968565236,160.94976876609007,158.0854532326378,160.72560119628906,3799500
2019-05-28,161.38152490307021,163.11671776024687,158.86590698366453,159.03195190429688,5165800
2019-05-29,157.97750328029505,159.30588761437218,156.1094699364808,157.7367401123047,4569900
2019-05-30,157.85294010504768,159.82059743253387,157.8197235359473,158.64166259765625,3029800
2019-05-31,157.4461585559873,157.9858075879198,156.63252976881736,157.62051391601562,3681500
2019-06-03,157.34650136824771,159.29755048881208,156.7072154059271,157.3880157470703,4620200
2019-06-04,159.05679176808854,162.31131899707907,158.9239508195395,162.103759765625,5118100
2019-06-05,162.2041291691411,164.46985924239186,161.4265988543126,164.4447784423828,3704600
2019-06-06,164.411299027118,165.24735956172276,162.99836743974387,164.84605407714844,3732900
2019-06-07,164.871131277095,166.39276754038207,164.04343953054024,164.95474243164062,3522300
2019-06-10,166.0082039744433,167.086729378791,164.97149691216757,165.58181762695312,3154500
2019-06-11,166.3927844746683,167.91440813554445,163.73410512824285,165.54835510253906,3708500
2019-06-12,166.21715951040133,167.3709268991061,165.52322787496794,166.3258514404297,2551500
2019-06-13,167.17028140830539,169.45272282356737,166.7522511908516,169.1768341064453,3630900
2019-06-14,168.3072982329199,172.6464532641105,168.3072982329199,172.0361328125,4898000
2019-06-17,173.06451530858797,174.56105791955514,172.22845484816003,173.04779052734375,4620500
2019-06-18,173.9842170803526,175.7148558996863,173.15651248841849,173.46585083007812,3891300
2019-06-19,173.8169685275799,174.30188513640178,172.14484756913365,173.8504180908203,3648200
2019-06-20,175.21320706061445,176.96057046333758,174.99582316353917,176.61778259277344,5171500
2019-06-21,176.62614272964666,177.23647610093354,174.80353690027056,175.06271362304688,9855000
2019-06-24,174.02599537987805,174.95402308467237,171.49273297762602,171.81044006347656,4943500
2019-06-25,172.47931667509047,173.14816775441187,170.72358418653099,171.17506408691406,3587900
2019-06-26,171.67667341991594,173.33208252447417,171.0997895886855,172.57962036132812,3071200
2019-06-27,173.57452569860627,173.900588792301,172.23682375883396,173.0812530517578,2286800
2019-06-28,173.70827874705634,174.7366295017536,173.39057170199956,173.87548828125,11069000
2019-07-01,175.32187661327455,177.50399493291175,174.04270512492897,175.80679321289062,4097700
2019-07-02,175.7733389241299,175.79005094650006,174.2851524679701,175.68972778320312,3160500
2019-07-03,175.42225861565223,177.87191029314283,175.32192265875472,177.32847595214844,2183700
2019-07-05,175.5476306948485,177.38696131138676,175.34697157481347,176.79336547851562,2547800
2019-07-08,176.39202721787964,178.44874150366908,176.06596415812555,178.00563049316406,2705300
2019-07-09,177.18629691159825,178.35678927435094,176.57597631425926,177.2448272705078,2397400
2019-07-10,176.1746720128526,176.67631342268658,174.59451815632778,176.1997528076172,3457400
2019-07-11,177.4538509124156,178.98384324267437,176.42550001273304,178.9503936767578,3450100
2019-07-12,179.75300415937133,182.47020073387344,179.4269410807219,182.45347595214844,4429800
2019-07-15,183.05548123205247,183.34810756960093,181.266311907693,182.84646606445312,3141300
2019-07-16,181.6759666571293,182.55383281793004,181.1994060028507,181.64251708984375,2657400
2019-07-17,181.19939948100978,181.9100560516206,180.2630157470703,180.2630157470703,3037300
2019-07-18,180.1710273354614,180.7813478931468,178.0892322181792,179.28480529785156,3068000
2019-07-19,179.47710151086525,179.94529333798062,178.02235168466785,178.11431884765625,3254800
2019-07-22,178.08087194151636,178.29824306112835,175.8903976929189,176.63449096679688,2764900
2019-07-23,177.72145597841288,179.02570882633788,177.01915518875833,178.14784240722656,2589900
2019-07-24,178.23972837435284,179.57741743246848,178.13940520324343,179.5105438232422,2207100
2019-07-25,179.1510747703993,180.52221372388104,178.6076404516913,180.21287536621094,2335300
2019-07-26,180.1961164741322,181.60070473177558,179.00055609635805,181.34988403320312,2675500
2019-07-29,181.24957146905567,182.48695033961732,180.88171552195948,182.29464721679688,2407200
2019-07-30,181.8599080136595,182.75448623530502,181.30810494763185,181.72613525390625,2172600
2019-07-31,180.88168449153966,182.0939695994964,177.38694515683719,178.6577606201172,3426400
2019-08-01,179.03400374708545,181.93513484506093,177.26155948241671,177.9387664794922,3431500
2019-08-02,177.12777207538733,178.1979284587674,176.4756459279298,177.37022399902344,2884900
2019-08-05,175.17973837830525,175.5392509918569,170.62321165125996,171.34222412109375,4553200
2019-08-06,171.40079613205702,174.81192525161666,170.9744097760897,174.56947326660156,3646800
2019-08-07,172.26192115547585,174.31863585356672,169.82899449448547,173.8253631591797,3901100
2019-08-08,175.32188835408567,176.98565338018932,174.50255261716865,176.8853302001953,2968000
2019-08-09,176.78494607964015,177.58756957264802,173.85873505949908,175.58938598632812,2912100
2019-08-12,173.98422227673893,175.27175003426308,172.35389384175699,173.07290649414062,2005000
2019-08-13,172.48765250580254,176.92713204887826,171.20848086651876,174.17649841308594,3876700
2019-08-14,170.94091436762136,171.69336362194235,168.47452599088967,168.54141235351562,4582100
2019-08-15,169.7202721855307,170.35567353804154,166.41783594322683,168.70863342285156,4199700
2019-08-16,170.34731353894074,170.91582851094316,168.6083063042107,170.26370239257812,4093600
2019-08-19,173.04778500711106,174.58614590075007,171.6432096018878,173.8587646484375,6413600
2019-08-20,178.49891215494816,182.13578033923352,177.38695018770062,181.5003662109375,12452600
2019-08-21,182.8714960533487,184.66903364962337,181.22445596971218,184.26771545410156,7938600
2019-08-22,183.97509217491827,186.15721031264482,183.83296343886948,184.78607177734375,4544600
2019-08-23,183.84965939598746,184.6606389275463,180.59738525916268,181.8180389404297,5769300
2019-08-26,182.64581617419466,183.51531364157415,180.7395861454633,182.80465698242188,3680200
2019-08-27,183.55710094046728,184.27611354191984,182.1859621141242,182.43678283691406,4311700
2019-08-28,182.16083952286647,185.6806465756229,181.5170694587749,185.5635986328125,3066700
2019-08-29,187.193930454956,190.37096273003613,187.0768825017448,190.0532684326172,4184200
2019-08-30,190.9813121405251,191.6836127231585,189.52657489617255,190.54656982421875,3768300
2019-09-03,189.325890064183,190.3124480483122,186.7591910661243,187.33607482910156,4139400
2019-09-04,188.37914788496937,188.54737854003906,185.6201240692625,188.54737854003906,3132900
2019-09-05,190.3558835579743,192.44197181060116,190.3138226875828,191.9120330810547,3373100
2019-09-06,192.3746913197313,194.62060334609373,191.6849417675817,194.41873168945312,3237900
2019-09-09,194.72991572577243,196.72347490262086,193.53546162741617,195.88230895996094,4449100
2019-09-10,195.36079423110374,196.0084956142224,193.22423833994947,195.99166870117188,4210600
2019-09-11,195.9327940596884,196.5636685720545,194.326176722929,195.7056884765625,2978300
2019-09-12,196.34494939768237,198.08616902973975,196.08419001359806,196.6645965576172,3366100
2019-09-13,197.1104685890815,197.64881442019401,195.42813626245785,196.81605529785156,3805500
2019-09-16,195.76452367733089,196.50475372880734,193.98125619168906,194.3009033203125,3120200
2019-09-17,190.76803732290495,193.74577224161027,190.49887086896928,193.64483642578125,3732500
2019-09-18,193.77939407851983,194.7551496523222,192.63540788324173,194.1663360595703,3341800
2019-09-19,194.43552714630954,194.64581865861797,191.74379835579663,191.8867950439453,3134000
2019-09-20,191.7774491283377,193.51024910850856,188.61465661912473,188.98477172851562,7687700
2019-09-23,188.55577835236878,191.06244950116053,188.37912784047754,190.31381225585938,2754000
2019-09-24,191.90357211730418,193.67002549597933,189.07725441252714,189.60719299316406,4511300
2019-09-25,190.5997957590875,192.16436499062644,188.84176194657456,191.86996459960938,3716700
2019-09-26,193.19900564806053,194.41028677259098,192.62701891435162,193.29153442382812,4200600
2019-09-27,194.8224739720028,194.94023670838726,192.736385712403,193.35043334960938,3152000
2019-09-30,193.6279926476585,195.64678579946442,193.56910487010367,195.16732788085938,3249200
2019-10-01,196.00006145541414,197.26181030359282,194.07379719467082,194.37661743164062,3335400
2019-10-02,193.97292844538038,193.97292844538038,188.7072198842545,189.72503662109375,4336100
2019-10-03,189.26235786337932,190.7848663330078,186.83979557547204,190.7848663330078,2777700
2019-10-04,191.08769290039265,192.8036788557929,190.961523125073,191.7269744873047,3163100
2019-10-07,191.37365593138483,191.89518753540614,190.14556086245156,190.72596740722656,2917600
2019-10-08,189.56518874407212,192.44197520415662,189.3464901834256,190.6671142578125,3438500
2019-10-09,192.20642300769964,193.0980568769959,190.6166198472136,192.5765380859375,2657600
2019-10-10,192.9129832960115,195.35237209283216,192.69428478395432,194.8224334716797,2781500
2019-10-11,197.10205286216816,199.10401951470672,196.63098904992376,197.38804626464844,3459200
2019-10-14,197.0178914968795,198.08617585623492,196.88330186330307,196.98423767089844,2183900
2019-10-15,197.41323271598432,199.23856123046252,197.33753086328173,198.1955108642578,2663300
2019-10-16,198.02728946384627,198.6581639360791,196.6982457021216,198.43104553222656,2388100
2019-10-17,198.8179759504755,200.34048420121863,198.1029797894917,199.16285705566406,2250500
2019-10-18,199.347971213964,200.8115921056255,198.21239177337839,200.13865661621094,3662500
2019-10-21,200.41622090669173,201.03028137203793,198.18713598096386,199.10400390625,2041700
2019-10-22,199.60870364716047,200.44986968626762,198.9525951634709,199.5245819091797,2003200
2019-10-23,199.07034829762392,199.7012227965375,197.1356639339207,197.39642333984375,2110500
2019-10-24,197.51416651198804,198.8263832861886,196.05054603392122,196.74029541015625,2173900
2019-10-25,196.40387429258698,198.02731867976377,195.6131761171052,197.1525115966797,2210900
2019-10-28,197.6319178462673,199.32266945311966,197.30386367160787,199.18807983398438,2705000
2019-10-29,199.22173750463324,199.7769101036788,196.76553450800043,196.95059204101562,2558000
2019-10-30,196.42066390146505,199.0198765414417,195.89073806054736,198.71705627441406,1956700
2019-10-31,199.23856655931667,199.6843834840536,196.1767230281103,197.32070922851562,2824100
2019-11-01,198.57406241305918,199.7348627571446,197.7244765443996,199.642333984375,2197400
2019-11-04,200.4246003203276,200.5255361199308,196.73188257449397,197.606689453125,2542400
2019-11-05,197.45532507856615,197.60672880812422,193.6953117724353,195.31875610351562,3624600
2019-11-06,195.84870822072276,196.8665120328239,195.05801001848968,196.84127807617188,2631900
2019-11-07,196.83282645384278,198.33850781214588,194.94861016114356,195.94119262695312,2832500
2019-11-08,195.82346044565966,196.2103896438041,194.83929770015052,195.8571014404297,2088400
2019-11-11,193.888735814609,195.38601005786026,193.61955657146717,194.9822540283203,2309600
2019-11-12,195.27668877351536,197.36278976970164,195.15051900305752,196.09262084960938,2991100
2019-11-13,195.22623261338723,197.58990724681868,194.1831948877026,197.50579833984375,2399600
2019-11-14,197.67403421155282,199.3058985050551,196.86650910516855,198.97784423828125,2282200
2019-11-15,199.93675487339172,200.2395751563099,198.81800251803216,199.60028076171875,3524700
2019-11-18,200.5676401924609,201.2994505675935,199.15447451769467,200.9125213623047,5747400
2019-11-19,193.97292638416747,196.09265591799263,189.59885197682135,189.9857940673828,14972200
2019-11-20,188.88383177994254,189.26235392074906,185.5359946244378,185.81356811523438,10225400
2019-11-21,186.68840255977813,186.9996299033071,183.7947891799305,183.82843017578125,7823700
2019-11-22,183.79474780062222,184.32468642098692,183.21434128025575,183.39939880371094,5786500
2019-11-25,183.37418632015988,183.8200032692619,182.43208451604607,183.7106475830078,8865400
2019-11-26,184.01345366756763,185.86402897608903,183.70222638166788,185.69578552246094,9981400
2019-11-27,186.46964147741252,187.95850864181196,185.61166154248681,187.57998657226562,6687500
2019-11-29,187.83233349987574,187.85756744810894,185.30041612232105,185.4854736328125,2952900
2019-12-02,185.81355827636023,186.05750359619458,182.91995811118002,183.05453491210938,4416300
2019-12-03,182.07036015505915,182.07036015505915,179.10945253357482,180.00950622558594,6505400
2019-12-04,180.73756590463947,181.97352871339257,180.47513871880054,181.24549865722656,4256200
2019-12-05,181.4655882737833,181.584104188731,179.27303738861798,180.3142852783203,4580500
2019-12-06,181.33860616893287,182.3121288044548,181.07616608473177,181.39785766601562,4193700
2019-12-09,181.4063445321451,184.44545462121064,181.31322395141163,183.3026123046875,5111100
2019-12-10,183.2941544443504,183.43806572284228,182.0920606028879,182.769287109375,4663000
2019-12-11,178.6465771191134,180.8645232047969,178.29102939740375,179.4677276611328,8284800
2019-12-12,179.89100371157608,181.27087766180622,178.39261385206183,179.5015869140625,9915100
2019-12-13,179.56929539127054,181.35550759001524,178.34180653444923,181.22853088378906,6869200
2019-12-16,181.524833758356,183.46343113102247,181.41479157350716,182.45603942871094,5850300
2019-12-17,182.87085679142928,185.7745031528899,182.74386715061428,184.3099822998047,7574400
2019-12-18,184.72476211062593,185.8929865145009,184.24222481110743,184.54698181152344,6677400
2019-12-19,184.9533512560905,186.89194867036628,184.7840446534645,186.4263458251953,5405000
2019-12-20,186.73956483033697,187.56918914764074,186.0707992248226,187.24749755859375,7778200
2019-12-23,187.93320770001867,187.93320770001867,185.51208567872416,185.57135009765625,3943700
2019-12-24,185.8168091670839,187.120484058054,185.5797773687257,186.80726623535156,2260700
2019-12-26,186.86653991707485,187.21361390651063,185.89300441661678,186.93426513671875,2649200
2019-12-27,187.255954282114,187.7554132730674,186.05386062988433,186.21470642089844,3082800
2019-12-30,186.55330358312125,186.6548978681816,183.31950517472967,183.96287536621094,3952400
2019-12-31,183.78516590753512,184.97878610719724,183.22644237400138,184.86874389648438,3789900
2020-01-02,185.46128756740578,186.03693261091846,184.41156594320108,185.95228576660156,3935700
2020-01-03,183.81896292410548,185.96918367110518,183.4888105636573,185.3342742919922,3423200
2020-01-06,183.2687375686242,186.2401092061982,183.1925386159176,186.2062530517578,5682800
2020-01-07,185.81682449746447,186.71416108203374,183.61579999710318,184.98721313476562,5685400
2020-01-08,185.22426784958714,188.75436312839892,185.11421273578478,187.75543212890625,4916200
2020-01-09,188.47495734902233,190.93840873963111,187.80619184723435,190.63365173339844,4843600
2020-01-10,190.26118353474453,190.88763212629783,188.80512361068588,189.81251525878906,4226600
2020-01-13,190.04957764020983,190.05803845002228,188.50885771473162,189.0675811767578,6060900
2020-01-14,188.33956524994804,190.43053506749413,188.19565396872142,188.61892700195312,3915100
2020-01-15,188.17025884909484,190.45593064787397,188.04328210587795,190.1257781982422,3444300
2020-01-16,191.26008946088788,193.7404754116422,190.81142121307386,193.7066192626953,5390800
2020-01-17,194.3754511460771,196.90662864321618,193.78287145767604,196.322509765625,7979200
2020-01-21,196.00078713368472,197.80393418085333,195.6029094949455,197.202880859375,4873500
2020-01-22,197.91393243044914,200.23347252029993,197.14358558696037,197.16050720214844,4030800
2020-01-23,196.50873054934064,198.78594139591874,195.24737233707063,197.79547119140625,4617900
2020-01-24,198.48117516586126,199.30231287848636,195.17963810994465,196.39866638183594,4467500
2020-01-27,193.18175966905295,196.7965140519615,193.18175966905295,195.7129364013672,3595600
2020-01-28,196.2462729065113,199.14991908652928,195.84839530789878,197.9732208251953,3621900
2020-01-29,198.85360938012798,199.6832335901201,197.5837906410026,198.10865783691406,2564000
2020-01-30,196.3986781702431,197.49919058827118,196.03466957909515,197.06744384765625,4685700
2020-01-31,197.21138247587018,197.4399406193498,192.91938760655322,193.09716796875,5304700
2020-02-03,194.9595229207623,197.69386255485946,194.15530690100024,196.0092315673828,5100900
2020-02-04,198.11711248032196,200.0895657437933,198.11711248032196,198.93826293945312,3505100
2020-02-05,200.7160686005593,201.74885578910332,199.66634687460405,201.57107543945312,3868600
2020-02-06,201.47789999091526,202.671532666635,201.03769255897518,202.18899536132812,3930300
2020-02-07,202.1889897509888,202.77310840235688,200.22501027045018,200.88531494140625,2456100
2020-02-10,200.29276405628744,203.68740844726562,199.93720341295904,203.68740844726562,2568000
2020-02-11,203.68740022680896,205.2450415116312,203.3403133234937,204.55934143066406,2692400
2020-02-12,204.97420143177447,205.1181127117552,202.18905766355186,204.51705932617188,3592100
2020-02-13,203.99217071028414,206.21859060614574,203.50963333717087,205.1688690185547,2468100
2020-02-14,206.08319395909825,207.57311051217798,205.39749365388957,207.42919921875,2841600
2020-02-18,207.2683101487684,208.34342713689082,205.8461191334943,206.5064239501953,2892600
2020-02-19,207.32752763341898,207.82698653758197,205.719082920041,206.25241088867188,2713300
2020-02-20,206.294800271412,209.19844689988963,204.99111217584758,209.11380004882812,3701800
2020-02-21,208.67358580055654,209.40161586608485,206.55722083300526,207.69158935546875,3881100
2020-02-24,201.8842661730737,205.80377789267413,201.22396139281804,202.91705322265625,5350100
2020-02-25,208.33496084841073,209.07145168214655,200.19118012783093,200.9530792236328,8061500
2020-02-26,202.4091661215801,204.05145461131815,198.36267702797142,199.17535400390625,6963000
2020-02-27,195.61137369349177,198.78592092203513,190.1088251640166,190.2442626953125,7612800
2020-02-28,185.08030794061466,187.13740798490227,179.74706694530326,184.41152954101562,11809600
2020-03-02,186.22313769890195,194.70553006009283,184.96179274947437,194.6547393798828,7150800
2020-03-03,194.73094771063717,199.6324555886905,190.95536032013342,192.961669921875,8432500
2020-03-04,197.25364995126077,204.28845703256144,196.22933667478887,204.0852813720703,6770000
2020-03-05,200.29279040638548,202.84088923702666,197.37219634866574,198.7774658203125,6473900
2020-03-06,192.64847151036392,194.9510646519366,188.14484077498972,193.4442138671875,7399900
2020-03-09,181.05075880445403,183.00627767277717,175.44662934911906,178.16404724121094,10120500
2020-03-10,183.87826241188176,191.17548480106626,178.62120606633212,191.0654296875,7206600
2020-03-11,185.18515804736683,186.761738084898,179.3901298735181,181.42691040039062,7253900
2020-03-12,166.53031043669785,176.04949178766003,157.52244713373207,162.4226531982422,10928700
2020-03-13,170.8254060357508,175.40178027799763,161.91981861278487,175.27394104003906,10292300
2020-03-16,155.07658640168154,158.59621631184484,139.00391236438426,140.58050537109375,12536600
2020-03-17,143.35018444383653,148.94919482837298,132.3481552406511,147.97767639160156,16234400
2020-03-18,136.18310727938032,138.3391966948861,119.84624953638364,132.62939453125,14681900
2020-03-19,130.5244462058784,138.83349112673687,121.01378243711822,137.31655883789062,13499100
2020-03-20,138.72270558116713,145.06314836248035,129.3739633463921,129.66371154785156,12602400
2020-03-23,127.88255953737757,140.55491104232627,124.7123390567333,138.3903045654297,12241600
2020-03-24,147.76464354001862,158.229777911563,146.58858995959253,157.42018127441406,14676600
2020-03-25,157.1645251656512,163.24078502337795,153.39775952010032,154.89764404296875,11497400
2020-03-26,156.37200746357033,168.9080084703839,155.52831493683053,166.3599090576172,10170300
2020-03-27,160.63300002361314,167.35693357556832,158.93709815553234,162.3885498046875,7121700
2020-03-30,162.40561318051198,168.90796452556012,159.8830666783954,167.1183319091797,6936700
2020-03-31,166.01047857507228,166.59850544222476,158.04231141076244,159.11610412597656,7335400
2020-04-01,149.91221315862768,155.7498418680317,149.13669920189267,152.230224609375,7858200
2020-04-02,149.09411991241828,155.71579449902038,148.28452310539714,154.51417541503906,6353900
2020-04-03,153.02277208002067,154.54823472935874,149.0855674161729,152.2898712158203,7299800
2020-04-06,160.2154238259613,163.9736717291469,157.76958614469194,163.05328369140625,7454000
2020-04-07,172.93039227725689,173.9445239097239,163.4964375775971,163.87139892578125,6438800
2020-04-08,165.5076479121963,167.68930261554047,163.23223662008215,166.02749633789062,6094700
2020-04-09,170.2714697023092,175.54664886677645,167.45917560289746,171.74578857421875,7125100
2020-04-13,170.82545326126163,170.82545326126163,166.4962258800209,169.41078186035156,4415600
2020-04-14,172.04412289558144,178.7339621909752,170.55275570821667,176.55230712890625,5655400
2020-04-15,169.30848257631317,172.3508771422798,167.55293285078378,169.1465606689453,5693900
2020-04-16,169.69199497452408,172.32533288730573,167.73192302506354,170.31411743164062,7262800
2020-04-17,176.55228521998276,179.17709270446701,175.6915580885566,178.46975708007812,6717600
2020-04-20,175.66603296752328,179.84185632642652,175.0098276955729,175.5978546142578,4753100
2020-04-21,171.08110083252092,174.14053059825466,170.0243561012189,170.9617919921875,4845000
2020-04-22,172.05259909937305,175.30804607890371,171.41344188646187,173.99563598632812,4067700
2020-04-23,173.2712770563052,176.38183716307847,172.3082759640784,172.4190673828125,3565500
2020-04-24,174.47287904909402,181.46099562023676,173.72294339510697,180.82183837890625,5025200
2020-04-27,183.25916753872218,188.28721255371417,182.38139259102357,185.57717895507812,5472800
2020-04-28,190.88643862394645,191.08244319670405,184.85279291727542,185.4663848876953,5080700
2020-04-29,188.62807067521803,191.03982541557804,187.33272143947136,189.0286102294922,4381100
2020-04-30,184.75053800713152,189.28429992322717,184.52045074721795,187.3412628173828,5152700
2020-05-01,184.73350646045645,187.230474722819,183.88129673208343,186.26748657226562,3819300
2020-05-04,184.65680889177864,189.75303273892183,183.4040724785514,189.05421447753906,4090900
2020-05-05,191.69609551678178,195.0282393211188,190.5626547980294,192.26707458496094,4655200
2020-05-06,193.76690290228615,194.6787734645816,190.72452123030027,190.8267822265625,3321100
2020-05-07,193.0340366361081,197.3973596437544,192.95734087518457,195.53953552246094,4501300
2020-05-08,198.30920434705914,200.73800731304354,196.98827664632535,199.7835235595703,4365200
2020-05-11,197.51667552726877,203.4821443247993,197.07352277556188,201.5987548828125,4378300
2020-05-12,203.31165422116916,203.89115051796676,198.4796142578125,198.4796142578125,4399600
2020-05-13,198.59891480760933,201.37712636085288,194.76397169749288,196.0934295654297,6237200
2020-05-14,192.9147343983226,199.97956114700682,192.76986028815924,199.82615661621094,6434500
2020-05-15,198.3859215078583,207.2829942541809,198.30922574369453,203.95938110351562,16176300
2020-05-18,209.50723508625094,211.6207245609864,207.97325498481018,209.08966064453125,8314800
2020-05-19,204.91380237656284,206.62675205057303,202.65545206466751,202.91111755371094,9387000
2020-05-20,206.23474025017265,206.4648405022281,200.22665947272554,202.98782348632812,7534200
2020-05-21,202.5020765895358,205.53594121828212,200.94253118693416,205.28028869628906,4772700
2020-05-22,205.12683227681154,206.52445539272222,203.38833054870238,206.1324462890625,3041800
2020-05-26,211.47585736722505,211.53551829519316,206.29443320935283,206.64382934570312,4535200
2020-05-27,206.8227792104191,210.82816229722602,205.19505552289343,210.80259704589844,4664800
2020-05-28,212.64337304359395,214.95285410346875,208.30561568460035,208.9106903076172,5259300
2020-05-29,208.84249412666625,212.80527678958106,208.56126338256104,211.75704956054688,5341600
2020-06-01,212.5496747918933,212.86498829447171,209.5328444565591,210.74298095703125,3407800
2020-06-02,211.88489100093815,215.37042537421968,210.49578510002925,215.36190795898438,5301000
2020-06-03,215.86772605843575,216.75074230797915,214.65893225150697,215.181884765625,4638100
2020-06-04,214.12738353099047,216.18489405969254,212.15559497687346,213.4243927001953,4759400
2020-06-05,216.33063294787027,219.33975811736622,214.65033573695285,218.5253143310547,5054300
2020-06-08,216.45928635110937,220.16280878439906,216.26209829268998,220.12850952148438,3811900
2020-06-09,218.8940209792531,221.43163021858055,217.63379117571822,220.11996459960938,3716100
2020-06-10,220.71146494940945,222.2888907329857,217.9423819321522,218.13955688476562,3589800
2020-06-11,213.34724064817823,214.85608084213658,204.67138664058493,205.29721069335938,6563700
2020-06-12,208.3834777439078,211.22970093817307,203.22253896689398,207.85194396972656,5238500
2020-06-15,203.71122576934786,207.65480333499636,200.8735703791853,206.9175262451172,6250900
2020-06-16,213.81019108175607,215.73911225941106,208.21203422155747,214.28170776367188,5291600
2020-06-17,216.69931023248978,218.28530435051238,214.3931755498788,215.0532989501953,4234000
2020-06-18,213.77589785801362,215.8248402070336,211.8641263721805,213.64730834960938,3347800
2020-06-19,216.982205986113,218.0109613346992,211.22116033642948,211.45262145996094,11114600
2020-06-22,210.63817350650922,214.3759943305167,210.47528474901353,213.60443115234375,3815200
2020-06-23,216.89648193804607,217.27369530399534,214.43603986651507,214.59034729003906,3105300
2020-06-24,212.44710617340252,214.57320246018972,208.0920289005093,211.00685119628906,3873000
2020-06-25,209.86665694556447,211.19547211988072,207.63767580920592,210.3638916015625,2938400
2020-06-26,210.33813125300162,210.9811049416723,205.96590493750773,206.61744689941406,5002700
2020-06-29,208.0319855173912,211.32400748432087,206.04304740320507,210.99822998046875,3468300
2020-06-30,211.75271277349677,215.73914525107074,210.9725680606001,214.76182556152344,4524600
2020-07-01,214.0245493387136,214.60751907755326,211.69269654602687,212.7386016845703,3677300
2020-07-02,215.98774360556536,216.29637152797935,212.54140065216515,213.03863525390625,3369800
2020-07-06,214.55602222438193,215.6104953380135,211.78693964502037,213.9387664794922,3133800
2020-07-07,212.06987092200623,214.99326119059768,211.81269190357708,212.052734375,2927800
2020-07-08,212.49856177132412,214.14457321902503,211.08402456697786,213.61305236816406,2294000
2020-07-09,214.03310339171856,214.76179912064111,211.19544802324532,212.57569885253906,2994700
2020-07-10,212.85859504907117,214.60749095507634,211.44405804741095,214.41888427734375,2745300
2020-07-13,215.9705986345543,221.06293984222248,213.54444273572852,213.99880981445312,4437500
2020-07-14,213.46727052300847,221.3372624102383,213.00433521019113,221.0029296875,4614200
2020-07-15,223.01760629783433,224.00349417209185,218.7396697220981,221.01150512695312,4343700
2020-07-16,220.11995758904297,223.3262454082619,219.46840239737062,221.25157165527344,2511200
2020-07-17,222.92328324808693,223.45480402557433,220.94292620284517,223.2233428955078,3091300
2020-07-20,222.07456839594863,223.92633594217085,221.20010734867572,223.04331970214844,2451100
2020-07-21,224.28637467360292,226.21529582807952,223.5148114443458,224.97222900390625,2439900
2020-07-22,225.11792896408005,227.6898235385528,224.61212617062014,227.32977294921875,2750000
2020-07-23,229.584429537776,229.584429537776,224.4406407401022,226.163818359375,2680100
2020-07-24,227.21832222977883,228.8043291321459,225.46084522236382,227.4497833251953,2984500
2020-07-27,227.26123854423432,230.3389367802642,227.26123854423432,229.25875854492188,2412500
2020-07-28,230.23604029430135,230.6732708201294,226.90116335343703,227.42410278320312,2227000
2020-07-29,227.01258628606624,228.99294332634247,226.47251031726523,226.892578125,2874100
2020-07-30,225.7608913231288,229.19866527122423,224.22632031151892,228.30706787109375,2347800
2020-07-31,227.18407339622067,229.04442241447424,223.4205209052731,227.60414123535156,3640600
2020-08-03,228.66714736081326,230.25312802477822,227.7584134053174,228.19561767578125,2363500
2020-08-04,228.58142879312703,229.66163292336526,226.18955943159895,229.64447021484375,2224000
2020-08-05,230.09029470989557,230.09029470989557,227.94704903986488,229.31015014648438,1959900
2020-08-06,228.5557283463167,231.84775062598987,228.49571118723912,230.93043518066406,2203400
2020-08-07,231.9935595066038,235.68854050911742,231.30773109782746,232.87660217285156,2846300
2020-08-10,233.54523186118774,235.75705012900517,233.01368489879974,235.5255889892578,2393100
2020-08-11,238.06319901286088,239.50345407137365,235.25126125747678,235.68849182128906,3321300
2020-08-12,239.8292115733786,242.58971328571656,237.43734186967313,241.39805603027344,3867900
2020-08-13,241.037995133613,242.31536123897848,239.82062002610928,241.46664428710938,2202400
2020-08-14,241.0208436413468,241.7581075815653,239.3491015813013,240.5150146484375,2490400
2020-08-17,243.81558329597465,247.94776656765578,243.1040373586058,247.10760498046875,5584400
2020-08-18,247.67349071665913,249.11374568093666,242.64973489030902,244.3300323486328,6934300
2020-08-19,246.43892285559173,246.87615329120908,241.69806505599206,242.49534606933594,4986800
2020-08-20,240.5064261918199,241.68092045110217,239.56339301049965,240.62643432617188,3530000
2020-08-21,240.01779089964666,243.0869071077372,238.68898908385316,242.81259155273438,5519100
2020-08-24,244.3214231769391,245.9160115479426,241.68953739771652,245.8302764892578,4430900
2020-08-25,246.27604290938595,246.45609436734503,243.37839698868564,245.29873657226562,2854500
2020-08-26,246.67045046672686,250.43397641728308,245.41877610557185,250.27108764648438,4001900
2020-08-27,250.51969896129216,251.14553611059543,245.66738766285872,247.44200134277344,3430900
2020-08-28,247.16764606018248,247.613431713038,244.13280305615712,245.4359130859375,3100100
2020-08-31,244.3299890762405,245.77882513956547,242.50393970869695,244.36428833007812,4105400
2020-09-01,243.49843661391762,245.7702718904856,243.044069558604,245.13587951660156,3235100
2020-09-02,245.48923051267855,248.23843615738474,244.41195639800173,247.51451110839844,3464600
2020-09-03,247.60066227104085,247.94541101470537,234.56135899172625,236.68142700195312,5380100
2020-09-04,237.47434208745895,238.52576288247656,228.09776843921878,232.3982391357422,5253500
2020-09-08,230.20059485976225,233.587565495597,226.4947815165123,232.05352783203125,5241200
2020-09-09,234.81124577209727,241.08528833319704,234.19936152015958,238.75839233398438,4754700
2020-09-10,239.59438569984633,242.15399000546853,233.69954499915463,235.01812744140625,3156300
2020-09-11,236.12127571310128,239.5685531237863,235.67311281730298,238.1465301513672,3729200
2020-09-14,240.05980275978828,243.4295200423238,239.6030394928823,241.86962890625,3055800
2020-09-15,243.9293299322585,247.08359156981868,243.36052606640635,246.1183319091797,4174900
2020-09-16,246.14416537759658,246.98013104102156,241.89540309778994,242.71414184570312,3379100
2020-09-17,239.50816830952672,243.65351640657747,238.68942957907646,241.27488708496094,3166600
2020-09-18,239.93918353194078,241.162952561827,233.38934970654265,237.16412353515625,6072900
2020-09-21,234.30280896684093,235.19048179413343,229.70069705926866,234.71649169921875,3548000
2020-09-22,234.13912945896692,235.72487427778222,233.23422945007437,235.5438995361328,2972000
2020-09-23,237.36226961327006,238.39643693378576,228.11493958451587,229.71791076660156,4467600
2020-09-24,228.99399764738874,232.43267452093136,227.41687990887496,228.9853973388672,3095600
2020-09-25,227.68402436250855,232.82045960653076,227.45134263875516,231.44154357910156,2457700
2020-09-28,234.35452679173872,236.3281004443298,232.9497570595702,234.69924926757812,3061100
2020-09-29,235.62141317759975,236.00061580876363,233.64783943367507,234.50965881347656,2048900
2020-09-30,235.6903518780821,241.24047027992256,234.86298641275985,239.33583068847656,4778800
2020-10-01,240.8268337809507,241.3094505780554,237.73290505283063,239.25831604003906,2696900
2020-10-02,236.94863601657514,242.24019363660753,236.22471085197665,240.71478271484375,2943600
2020-10-05,242.10232209582688,243.39505122079242,241.05090135549594,243.1192626953125,2330700
2020-10-06,243.4639195069767,243.89482909902443,237.66386692978568,238.26715087890625,2992500
2020-10-07,242.0419660870366,244.75669173880044,241.30941439036664,243.71389770507812,3423700
2020-10-08,244.61878791144986,245.57542101451833,242.31774509981875,245.20481872558594,2256200
2020-10-09,246.02354776183859,247.58343853460397,244.83423296257283,246.411376953125,2240100
2020-10-12,247.67831600238813,248.4884021268767,246.5320813516475,247.26463317871094,2411900
2020-10-13,246.22178396096402,250.59118781337673,246.22178396096402,250.2378387451172,2699900
2020-10-14,249.50530721507053,250.18612550720877,245.7477614923054,247.41969299316406,2221000
2020-10-15,244.86012224975815,250.14307934814184,243.99830285493252,247.80755615234375,2699400
2020-10-16,248.41945053189338,252.21145076123713,247.5576311024679,247.91098022460938,3108600
2020-10-19,249.7208182070421,250.02243398122536,244.22240577673625,244.5240478515625,2428100
2020-10-20,245.73916891209112,249.74662341467027,244.868722999041,246.51480102539062,2281500
2020-10-21,245.95463325213362,248.2211960162884,244.1361807744253,245.19622802734375,2304500
2020-10-22,244.69634249238533,246.20452623629384,241.86957629868516,242.30911254882812,2787000
2020-10-23,243.36049749833194,244.0585689106956,240.9215345583073,243.8948211669922,1750600
2020-10-26,240.9991766368266,242.6280015386076,234.4148641517857,237.89662170410156,2911900
2020-10-27,238.7153882775902,241.07679172447178,237.9656094786405,238.58612060546875,3014100
2020-10-28,232.9066227115635,235.85405574424365,231.56218695648357,232.44985961914062,3255900
2020-10-29,232.4239909765605,235.87989392121654,230.37285734758157,232.37228393554688,2872500
2020-10-30,231.67428749335355,232.36373246355578,225.82252665391084,229.8558349609375,3872800
2020-11-02,232.8204330668374,236.81065985296507,231.41566367467937,233.3289031982422,2956400
2020-11-03,236.87104098407977,240.90434901497957,235.8971809623773,239.04281616210938,3037500
2020-11-04,238.5171434965344,247.3766457998556,237.8707789521268,243.65357971191406,3525300
2020-11-05,248.50559187714742,249.06576914277366,244.82560676017354,246.35104370117188,2516600
2020-11-06,247.1094180591457,247.15249849703943,243.76555549882178,244.96347045898438,2839100
2020-11-09,248.18673364130078,248.56593624065061,232.23444984332164,232.6653594970703,7856400
2020-11-10,235.0956900710766,237.68114792554596,232.0448424386243,237.49154663085938,4828500
2020-11-11,238.99973955720623,242.76588576840626,238.00865260172807,239.3703155517578,2987900
2020-11-12,243.89481444198256,244.48947174732282,236.0005480340036,238.06890869140625,3818600
2020-11-13,238.22407322643824,241.07669265511038,237.2243598051178,238.8704376220703,3939200
2020-11-16,240.6027510765445,242.42120381760455,238.2068940243343,240.93887329101562,5360200
2020-11-17,234.50106206301004,235.7334574826759,232.17413918197545,234.81993103027344,8532200
2020-11-18,233.12215409686885,237.32783709237526,231.82942496139637,232.5447235107422,5122200
2020-11-19,233.0531810920078,234.74233951534018,231.57085087951367,233.49269104003906,3929400
2020-11-20,233.94087746390818,234.73373655241545,231.71736877086164,232.52748107910156,4111000
2020-11-23,232.69988125550432,235.8713705622109,232.30342536668394,233.89779663085938,3294200
2020-11-24,236.13855713076924,237.4743669154479,234.90616148417598,235.5438995361328,4773400
2020-11-25,235.69039317810885,236.77626780308563,233.7340461898493,236.1040496826172,3001700
2020-11-27,237.20710545608733,238.36194001469246,236.44870036073246,237.8534698486328,1625300
2020-11-30,237.189899469778,239.3789277698661,234.34590641188223,239.07728576660156,4624100
2020-12-01,240.2149060251166,240.4045073255636,237.4743006276304,238.3792266845703,3942400
2020-12-02,237.4000505860676,237.52134941294352,233.58737485898203,234.91314697265625,4168600
2020-12-03,234.50585824859087,235.63232149214303,231.48171776000868,232.34823608398438,4168900
2020-12-04,231.76767553302443,232.85949716982492,227.7383702961293,228.75218200683594,7732800
2020-12-07,228.3275905662298,229.1941089365001,226.161294640554,227.5823974609375,6379000
2020-12-08,226.78524780273438,227.4611312492559,224.1943656650766,226.78524780273438,5338100
2020-12-09,229.28946555541123,230.2946302674458,227.2444944283412,230.12998962402344,4550100
2020-12-10,228.83017007795232,230.55455969580575,227.12312775248662,229.46273803710938,4234300
2020-12-11,228.20629815081355,229.93933514081928,227.59107742369434,229.23745727539062,3454500
2020-12-14,230.61526435056436,232.74689262323267,229.86137098350235,230.12998962402344,4576800
2020-12-15,231.8023605122598,232.88550858172528,230.66722345098358,232.20962524414062,3754100
2020-12-16,232.68619836888038,234.60987038604017,231.80235906955355,233.60470581054688,4669600
2020-12-17,235.83164353348093,237.7119735939444,235.08642398191114,237.40003967285156,4247000
2020-12-18,237.93734898657306,238.9338401287468,234.21997663535166,234.3499755859375,9817000
2020-12-21,232.71217671733316,235.64968675275614,230.38991377855916,234.81781005859375,4339000
2020-12-22,234.0119650137776,235.13842839479182,232.66887202533422,233.99464416503906,3140100
2020-12-23,234.01199401415823,234.8265235545576,232.40028222829173,233.7953643798828,2337100
2020-12-24,233.47474525681324,235.1384459574679,233.44007711270288,234.7572021484375,1093900
2020-12-28,235.84033458219528,235.90964442176076,233.30141546486593,233.31008911132812,2633800
2020-12-29,233.94263553684965,234.35854742401256,229.6880272308013,230.6585235595703,2572100
2020-12-30,230.58921117490345,231.62037024207473,229.5580785517766,229.85269165039062,2511400
2020-12-31,230.12135749794936,230.45063880636874,228.39696745291891,230.1646728515625,2607900
2021-01-04,230.5025484490567,230.87514498280868,226.2132721561084,228.6915283203125,5002000
2021-01-05,227.59970235058915,230.95312397736714,227.25310031559104,230.5371856689453,3822600
2021-01-06,228.81283642976098,233.76064886975848,226.91515910248964,231.8543243408203,3949200
2021-01-07,231.31715349640947,232.9028709171858,230.64127003843197,230.71925354003906,3833200
2021-01-08,231.66371410513312,234.59255071246292,231.36042735724166,233.17144775390625,3757700
2021-01-11,231.76776009908508,236.88021519216343,231.58579857457286,235.02587890625,3764400
2021-01-12,234.9218402992151,240.84017702864435,234.52324915544466,239.445068359375,4030900
2021-01-13,241.1607837385953,243.04114069144075,237.37410177733054,237.4694061279297,3921400
2021-01-14,237.8593487805308,238.20595092163813,231.94103855007955,232.52159118652344,4641400
2021-01-15,232.77288645571815,239.49707898535414,232.2269755284655,238.80384826660156,5131700
2021-01-19,240.89208725755122,240.89208725755122,236.57681660624863,236.72413635253906,3615800
2021-01-20,236.77618602739886,240.20759196860467,235.2597786145976,237.68601989746094,3498400
2021-01-21,239.34976597889525,243.23177878181227,238.87319133203204,241.802001953125,4397900
2021-01-22,241.98392842995975,247.02704524508889,240.77945520271038,246.09121704101562,4501900
2021-01-25,245.96126831816574,247.62496894024366,243.8556348227025,247.02706909179688,4025900
2021-01-26,247.32171651507153,247.52099884153878,244.09826670756388,244.8781280517578,2472200
2021-01-27,242.6165286055443,243.3270801872867,236.6288820480755,237.4694061279297,4337000
2021-01-28,239.30636215323761,245.19000216417322,238.23186151697618,240.93539428710938,3463000
2021-01-29,238.99451297592609,240.07766131668353,233.98603610602567,234.67059326171875,4079500
2021-02-01,235.02580972119728,236.25625111680876,231.57705675555226,234.02064514160156,3707800
2021-02-02,233.95993659663748,238.89042774636386,233.95126295170795,235.8316192626953,4111800
2021-02-03,235.59770333950408,238.91645721655863,234.57519151757384,237.5733642578125,2802700
2021-02-04,237.64265077972945,242.1398830048126,237.64265077972945,241.60264587402344,2976000
2021-02-05,242.8764706175495,244.1502538328033,240.72749528097202,241.6373291015625,2389900
2021-02-08,242.35652523289133,242.98909316339999,239.93028437238513,242.65113830566406,3475600
2021-02-09,242.33049862166988,242.79842588419322,239.6962757193662,239.8262481689453,2507800
2021-02-10,240.91811542107328,241.69797671080266,239.37571369017076,241.49002075195312,2410600
2021-02-11,240.83142712211344,242.8417559442969,239.16772677854382,240.0775604248047,2595300
2021-02-12,240.12955919088094,241.50732018416954,239.66163188092062,240.46751403808594,2392200
2021-02-16,240.0343253560826,241.43808125415737,238.18863651081796,238.6305694580078,2873500
2021-02-17,238.76049000615217,244.17623006662026,238.63916473565692,243.42236328125,3536400
2021-02-18,243.31835424508552,246.68044984191616,242.47783034587786,245.2680206298828,3532000
2021-02-19,245.11208553050432,246.0132721809645,242.13993340186727,242.31324768066406,4079900
2021-02-22,241.07402301013892,241.3166470503827,237.10538125671442,239.029052734375,3995500
2021-02-23,233.42276751197278,233.67406529180332,223.19783291841213,231.5684051513672,12111000
2021-02-24,228.09365739112067,231.35174872800198,220.12167720359676,225.268798828125,14512700
2021-02-25,225.07818153672775,226.07467252806188,220.7109340918766,221.17884826660156,6545400
2021-02-26,223.36246238983114,225.50276412500668,221.92403851836477,223.85638427734375,7871200
2021-03-01,224.26360250137748,227.4437363458817,223.96898944820373,226.69851684570312,4528900
2021-03-02,226.7505590475586,227.98967417956283,225.09550550778422,225.54611206054688,3740300
2021-03-03,224.67091403326205,225.7280676535472,221.8374080781585,223.00718688964844,4257500
2021-03-04,221.82874108206363,222.5739343159938,214.11673154419185,217.43548583984375,7154900
2021-03-05,218.58794207169146,220.26899000047652,213.6747839876163,219.6797637939453,6351800
2021-03-08,220.29497827216315,228.09365741783293,218.81323915100242,224.4542694091797,5037400
2021-03-09,227.6603781259321,231.85432381289684,226.84584875242638,229.5926971435547,6625300
2021-03-10,231.8685034814734,234.3361054604505,230.2640951940197,232.1475067138672,3798400
2021-03-11,234.2053374924716,236.10617855263786,232.98461509648195,234.42332458496094,4371300
2021-03-12,233.20263154340319,238.7482111017012,232.60098496362008,238.12913513183594,4190500
2021-03-15,239.34983385921575,243.8403627608533,239.2103189231766,242.8725128173828,4355200
2021-03-16,242.87250469059256,246.3428421480895,242.09645787417097,245.9591827392578,4458900
2021-03-17,245.13956838626189,247.52869831597746,243.49157325564678,244.17169189453125,5908400
2021-03-18,243.29971320514272,248.91506192710534,242.19234853413312,246.90086364746094,4808100
2021-03-19,247.31944588888675,252.0802764892578,246.2643692130459,252.0802764892578,13729200
2021-03-22,249.81323947880784,253.15279044836458,247.80776861904087,251.9407958984375,5564700
2021-03-23,252.52496720851173,255.8558165337296,251.9407766730504,252.8476104736328,4801200
2021-03-24,252.21978720404164,258.77682918969964,251.98434412026387,255.26287841796875,4842000
2021-03-25,255.5070600274527,259.7360154442591,255.0100430114067,259.1256408691406,5373500
2021-03-26,259.2651692676603,265.0723495933702,258.1229188373379,264.90667724609375,5865900
2021-03-29,264.46192953478135,266.42381336400007,261.5234677903564,263.5028076171875,4642900
2021-03-30,263.0232650065976,266.53721646806196,261.61944066597425,265.787353515625,5045400
2021-03-31,266.3802185308533,268.57751877359397,265.19438155819216,266.1622314453125,4744100
2021-04-01,267.58354168267243,269.0396806768692,264.97642436065536,268.3421325683594,3923900
2021-04-05,270.1644214106558,275.4048384975182,270.077221270541,275.012451171875,4697200
2021-04-06,273.45167164338886,275.4833259207908,273.0331535232189,273.59991455078125,3988600
2021-04-07,272.7803498231395,274.78584722339184,271.11492509096763,272.4577331542969,3799300
2021-04-08,272.65829424046325,274.8817521708215,270.8184691517476,274.166748046875,4035600
2021-04-09,274.986346831376,278.43055345714345,274.44574311203576,278.3520812988281,4607800
2021-04-12,277.03539281983984,280.16568377372425,276.6778908522154,279.7122802734375,3556800
2021-04-13,279.48561096403165,279.80822760451673,276.4076342713933,279.37225341796875,3635100
2021-04-14,278.77065267858774,281.37779683680094,278.4044492032279,279.04095458984375,3440600
2021-04-15,279.2065694289081,281.9880867516111,279.0670545018735,281.41259765625,3508200
2021-04-16,283.24371285976656,286.58329010725333,282.458964627821,286.0688171386719,6213100
2021-04-19,284.6823616637968,286.7227172755481,283.7668266901031,284.99627685546875,4494300
2021-04-20,284.25519218510334,285.7287871813463,280.9069133598972,282.4764099121094,4462900
2021-04-21,283.3483313987675,285.9205897027066,282.4153668776907,284.2115783691406,3740100
2021-04-22,284.42962399265247,284.6301551263261,278.0120689101867,280.29656982421875,4875000
2021-04-23,280.9330822171381,283.8453869400887,278.6572828527967,282.4154052734375,3405700
2021-04-26,282.23220061476434,282.5112304385742,278.43051905191226,279.01470947265625,2848500
2021-04-27,279.4594611870642,281.1772005932282,279.354831637004,279.5379333496094,3335800
2021-04-28,280.72384322552074,281.604493156689,278.41315830565594,278.7706604003906,2713400
2021-04-29,280.51448039303233,284.0720443616728,279.9651487059812,283.6796569824219,3261900
2021-04-30,283.4268689562558,284.10698776907856,280.42736377925314,282.2236022949219,3118700
2021-05-03,284.49926759481303,289.15546795270416,283.976093334542,287.97833251953125,3683700
2021-05-04,286.97568795371114,290.55941014940254,286.76642882745415,290.1582946777344,3954400
2021-05-05,291.44875367327614,291.44875367327614,288.75443630144906,289.53045654296875,3227200
2021-05-06,290.9430608192843,294.5529136867982,290.5594013595816,294.35235595703125,3539600
2021-05-07,293.5675580797383,296.29676061690776,292.5648228197236,295.8084716796875,2998100
2021-05-10,296.85480491058166,301.423805418688,296.0613287763552,297.4389953613281,4840600
2021-05-11,294.3261925074028,294.7185799589426,286.1821970709388,288.3184814453125,5500900
2021-05-12,284.708530459553,286.69657138735056,275.7710609771311,276.4075927734375,5822000
2021-05-13,278.1515603473313,285.4933781312492,277.88125845194975,283.7494812011719,5159800
2021-05-14,284.50801479331784,285.40612046699175,280.64526364794375,282.1886291503906,3998000
2021-05-17,279.895477608046,281.49113170667715,274.93408835281747,279.0322570800781,4388000
2021-05-18,279.02356082280977,282.99964443575396,274.4719879224973,276.1897277832031,7010300
2021-05-19,272.0478894492162,274.44574744916923,269.4930871301523,274.1841735839844,5242100
2021-05-20,274.5678669840554,278.7706383935886,274.5678669840554,275.4485168457031,3854700
2021-05-21,276.4076195466752,278.3956606670373,274.1841619576292,275.3351135253906,3920600
2021-05-24,276.2681584677982,277.92485528937624,274.30627435046074,274.5242614746094,2930600
2021-05-25,275.12594939317574,276.4949151248051,274.0098562142749,276.1897277832031,3523300
2021-05-26,277.113918345868,280.2267805142625,276.1286123981896,276.69537353515625,2881600
2021-05-27,276.6691931485624,279.380966279029,276.6691931485624,277.9509582519531,3734800
2021-05-28,279.3460962570499,280.34013017586426,278.0207443083834,278.07305908203125,3194000
2021-06-01,279.5990425402102,280.1222170245404,274.8120532195719,275.8060607910156,3549800
2021-06-02,276.52484552433344,277.83962698065994,273.8339197238873,274.55267333984375,3380100
2021-06-03,272.5979864845823,274.2896653184985,271.44974630203444,272.9748840332031,2652500
2021-06-04,273.5708713713486,274.74543268536314,271.1516923533991,272.6067199707031,2638700
2021-06-07,272.703107522696,273.7636900472985,269.8631891017522,271.68634033203125,3974800
2021-06-08,272.8345622539768,273.72863040099264,270.8273493047255,272.51025390625,2913500
2021-06-09,272.99237595801304,274.33345152584917,269.0041908221493,269.3898620605469,3603700
2021-06-10,269.6615749432165,271.4146162583023,268.33804693984234,270.2400817871094,3286300
2021-06-11,271.08158109060105,272.80832815507296,270.275196925565,272.3963623046875,2785100
2021-06-14,270.7835408065458,271.77401350440965,268.4081771346485,271.1253967285156,3393500
2021-06-15,270.6258200758553,270.8011349505209,266.01531171495077,268.6098327636719,5270600
2021-06-16,268.82017449602483,269.3986814515952,263.981789162108,265.3929748535156,4492500
2021-06-17,265.6296161284485,267.52290425487513,262.98253295825606,265.69097900390625,4481100
2021-06-18,262.29879999080265,266.3132527289121,261.55375210128886,265.243896484375,8792700
2021-06-21,267.55793837989165,270.5994662186698,267.22485624059726,269.6177673339844,3774200
2021-06-22,270.95889934756667,276.02518887860805,270.23137204982345,274.0968322753906,4418400
2021-06-23,273.4919720191728,274.92947876917094,272.27362218772197,273.1852111816406,2564500
2021-06-24,274.45617400994496,275.96379077568344,273.1852349671577,273.334228515625,2649200
2021-06-25,273.68482159929664,276.5072193933017,273.08002016134634,274.9031982421875,11733500
2021-06-28,274.9295227988736,276.340708475244,272.92228263720176,275.47296142578125,2635400
2021-06-29,276.79644925937475,280.7495389972195,276.59483989054246,278.94390869140625,3150100
2021-06-30,278.6809970173465,280.7408260382174,278.46186683957916,279.5137023925781,3061500
2021-07-01,280.4077233644708,281.9679290460079,279.1718260424063,281.8364562988281,2578000
2021-07-02,282.704159674911,283.2213035670944,281.66987189054413,282.8531799316406,2201600
2021-07-06,282.9671404670078,283.84366108850116,277.68172218937445,279.8379821777344,3109500
2021-07-07,279.1630096840762,284.36079665671025,278.95265332068277,283.536865234375,2939900
2021-07-08,279.67149464559606,280.77589265053183,275.928733755955,279.2069396972656,3663000
2021-07-09,280.96000686825147,283.38796004588784,280.64444544574576,282.318603515625,2587400
2021-07-12,281.4244649495363,283.9926637917755,280.95113635341687,282.01171875,2521800
2021-07-13,282.625338347316,283.37038629665363,277.708043281119,277.90087890625,3213800
2021-07-14,279.3909517130694,280.5391916021276,278.74233500455045,279.80291748046875,3381600
2021-07-15,278.1901557537868,283.08112969594106,278.1726082195034,282.86199951171875,2603900
2021-07-16,283.99268960043844,285.991155605433,281.7137305686021,281.8364562988281,3623700
2021-07-19,278.72484271308906,279.61013728747184,276.0251703986228,279.4961853027344,3752600
2021-07-20,279.1718231539445,285.85967990059527,278.97021377749655,285.1759948730469,4251700
2021-07-21,287.14827504162776,287.9108440054272,284.8430206112843,286.0613708496094,2832600
2021-07-22,287.4462253080221,287.4725198613201,285.15849217393287,286.32427978515625,2208100
2021-07-23,288.7872491809834,292.27581087155704,287.4461737049572,291.7411193847656,2786400
2021-07-26,289.3132380441805,290.6192455268228,286.5171344442992,290.2861633300781,2752000
2021-07-27,290.8208580765796,290.89974174255826,285.7983840149276,286.8502197265625,2910300
2021-07-28,286.1139328482963,288.6645848506715,284.6150630127248,285.3250427246094,2376200
2021-07-29,286.1752139697937,287.98961810666196,285.254878001445,286.9991455078125,2172400
2021-07-30,286.4908096548088,289.3482490820396,286.0437755169557,287.66534423828125,2381200
2021-08-02,289.2517280501607,289.2517280501607,286.1137968306934,286.81500244140625,2016400
2021-08-03,287.80556454305497,291.89015403541293,287.52507151155595,290.9522705078125,2405900
2021-08-04,289.85664172689013,290.9347718522405,288.7171754800306,289.5235595703125,1783700
2021-08-05,290.96978979746876,294.5109407414221,290.20722110579214,291.977783203125,2284000
2021-08-06,293.3627028309093,294.2567442773998,288.4804763183118,289.111572265625,2656600
2021-08-09,288.5769744220265,290.1897696059933,286.90281635759237,288.1650085449219,1995300
2021-08-10,288.08608165851126,292.0917610868381,286.7537530221524,290.5491027832031,1868100
2021-08-11,292.5826349225591,296.7461087593051,292.2320319493232,295.38751220703125,3258600
2021-08-12,295.6943423846436,296.41309597023286,291.2503748301857,292.7755126953125,2554200
2021-08-13,292.6352180584384,294.3356705306837,290.110860653086,290.40887451171875,2217000
2021-08-16,289.8741263802223,294.1866195948012,287.472468444261,293.67822265625,3496300
2021-08-17,281.36314262455545,283.633328010895,277.5152039402807,281.1440124511719,9322800
2021-08-18,279.90814193247036,287.3760893285072,279.6101280779762,281.8452453613281,4880600
2021-08-19,279.42598637303377,285.03571239760123,278.5582128615396,283.0284729003906,2974700
2021-08-20,282.80064769873485,288.9713340845728,282.65162741204426,288.5856628417969,2929900
2021-08-23,289.2517885569601,289.71634338982255,286.9553089398177,287.2708435058594,2792700
2021-08-24,288.16496969048444,288.2350795806411,284.4397565112488,284.7815856933594,2359500
2021-08-25,284.12419369564316,286.23661189769024,283.21260463247364,283.8875427246094,2586900
2021-08-26,283.3002381506845,284.860443872706,281.36313496053873,281.78387451171875,2952300
2021-08-27,281.25797794594797,284.03653369846165,280.1798478113131,283.44927978515625,2985400
2021-08-30,285.6668990386166,288.81360552163835,285.05332377481733,286.7099609375,2926900
2021-08-31,286.6222873757072,287.73545910671834,283.65964293884855,285.9035339355469,4183100
2021-09-01,286.8109681994893,287.00478428128105,282.1594091217813,285.1195068359375,3339100
2021-09-02,286.34400474093695,289.1190774130484,285.1723169497038,288.7314453125,3109000
2021-09-03,286.6082387170779,291.51528711324823,286.4584876811983,291.0219421386719,2774800
2021-09-07,291.6298755434023,292.97776955673424,287.99143547933045,289.7974548339844,2555200
2021-09-08,289.79743265463384,292.4227272500363,288.63453641068065,292.1143798828125,2219500
2021-09-09,292.8808536719663,294.008503307744,291.48889476958084,292.2817687988281,3011900
2021-09-10,294.24636101222563,295.32997255932776,291.9998800879542,292.44036865234375,3178600
2021-09-13,295.0833151240291,297.0214487752521,293.14515458751646,295.5238037109375,3908700
2021-09-14,296.03477733501387,297.32099656212205,292.85446244165706,293.47113037109375,2857200
2021-09-15,293.6824963234789,294.83660099281485,290.8105294240339,293.6913146972656,2875500
2021-09-16,294.8806849797599,297.6293295003577,294.3961582812368,296.3519287109375,3043800
2021-09-17,295.0833771109602,299.2239545665188,295.0833771109602,295.7176818847656,7098400
2021-09-20,292.3346231384534,295.47092639049055,289.3393063358072,291.7884216308594,4036600
2021-09-21,293.3918509914918,296.8629034895619,292.4844455040445,294.4402160644531,3171100
2021-09-22,295.8761584188132,298.6512308505441,293.7706102875251,295.9466247558594,2872800
2021-09-23,297.62932612930206,299.1093613335851,295.65594585692463,295.9290466308594,2426600
2021-09-24,296.695436701606,297.6292701824824,295.6118252993281,297.3209228515625,2004900
2021-09-27,296.7748003580561,302.8271097323442,296.7748003580561,300.7744445800781,2966100
2021-09-28,300.7391633446366,300.7391633446366,292.88965376538795,294.0701599121094,3304100
2021-09-29,293.682511519179,298.5455222907411,293.682511519179,296.8276062011719,2424000
2021-09-30,297.98171016867093,298.3957705150819,288.63455527509257,289.1895751953125,4255000
2021-10-01,289.0926879959287,293.12757897931203,285.9475926653796,290.5991516113281,2814200
2021-10-04,289.40099239383466,291.2598412665246,285.57755480731663,287.61260986328125,2919900
2021-10-05,287.99146785554916,292.651845201114,287.4893043527803,290.264404296875,2514300
2021-10-06,289.1015084423801,291.2951332739602,286.67000253778036,291.0396423339844,2226800
2021-10-07,293.80586573550136,298.84505587240335,293.24202748102584,297.3121643066406,2789500
2021-10-08,293.3654530679276,295.4886116752251,291.49778541610925,294.54595947265625,2912200
2021-10-11,295.6559500739213,300.28987180713705,294.77497288471733,296.8628845214844,2589100
2021-10-12,298.77458815498255,300.4572307656929,297.24166971100345,297.59405517578125,2960300
2021-10-13,297.1712371846851,299.7436755670169,296.4928675303823,298.0169677734375,2477400
2021-10-14,299.9991289966226,303.3820778141922,299.62031529835303,303.10015869140625,2824300
2021-10-15,305.2938089907489,309.1789211927185,304.5978295601858,308.70318603515625,3473500
2021-10-18,307.46105551051113,313.58385805774543,307.46105551051113,312.7557373046875,3487500
2021-10-19,314.45593582216617,315.4690540057134,312.23588343763174,315.3809509277344,2375600
2021-10-20,315.16080163271556,316.7730051011029,313.8129074779011,315.5924987792969,2574800
2021-10-21,315.5659449609521,321.42443612905333,315.4954517512674,321.2218017578125,2885400
2021-10-22,321.55667419343,323.34505681284764,319.04588382609455,322.4288330078125,2734700
2021-10-25,323.4948592463385,327.4240102812979,322.4288574088747,327.0716247558594,2923400
2021-10-26,328.94804045192774,329.52946165797914,325.1510045529243,325.2567443847656,2989500
2021-10-27,325.8470272705055,330.49858573412376,325.3536821974923,328.00543212890625,2840300
2021-10-28,328.60451759033594,329.4326383645774,326.74566847888053,327.3447265625,2553500
2021-10-29,326.2522343583622,330.4985503904645,325.987951985114,327.4944152832031,3820200
2021-11-01,328.6045274068212,329.10669091189715,321.29242669317273,322.8605651855469,3380500
2021-11-02,322.61377398294593,324.9836041596713,321.50373440841463,323.57403564453125,2367100
2021-11-03,322.9927155391246,325.39776638937394,321.7769625494059,325.05419921875,2378800
2021-11-04,326.6486870016104,328.8070916437148,325.44175268017665,327.8820495605469,3210000
2021-11-05,329.31806096622284,329.8466526247343,323.8207722423962,324.5519714355469,3090200
2021-11-08,326.15541869446764,328.52524979401153,324.0675067847885,324.71942138671875,2357200
2021-11-09,325.6708088385153,329.3797148156742,324.82505148471034,326.5341491699219,2183300
2021-11-10,324.4198301462977,327.02751493948426,323.95291333989655,324.7105407714844,2161400
2021-11-11,326.8425461337318,327.72352334703027,322.2878821114507,323.8736572265625,2387300
2021-11-12,325.1862651716037,329.0449491987938,323.0543156301464,328.27850341796875,2793300
2021-11-15,329.8290227440362,330.25187453695247,325.3360342472924,326.9129638671875,3650600
2021-11-16,336.533216852163,347.4397165062425,333.8902858297638,345.6336975097656,8648200
2021-11-17,346.07422981388555,351.8886841761188,344.29466571227795,347.85382080078125,4647000
2021-11-18,350.6288801631835,358.1524320041131,348.94621070300013,357.5445556640625,4503700
2021-11-19,359.1127361539213,361.28875088798196,356.0116792394632,360.04656982421875,3542000
2021-11-22,361.02444275474835,366.97985717971017,360.05538935117056,360.1346740722656,4006400
2021-11-23,357.3860261711529,360.91872639806667,355.04262363476766,359.7646484375,3557000
2021-11-24,355.615148331173,363.6232253432682,354.9279874059356,363.05938720703125,2676300
2021-11-26,358.7867542913109,364.8478812426982,354.3730502701112,354.7695007324219,3007800
2021-11-29,358.469636272076,361.91426053259005,357.7120087449241,358.399169921875,3725500
2021-11-30,355.5535748340474,359.8175011348371,352.6111142957654,352.9282531738281,7773500
2021-12-01,355.68823401630607,362.9155960961097,354.0428526815289,354.21978759765625,3516200
2021-12-02,355.44943945472784,363.31373039505127,354.73289885118083,360.7217712402344,3705000
2021-12-03,362.56174410803095,367.9402252669095,357.7847984544359,360.7571105957031,5237500
2021-12-06,365.8082621494952,372.080218301352,363.7736457830222,367.73675537109375,4624500
2021-12-07,368.8868334444739,370.2668395825333,365.36603332499953,368.16143798828125,4204500
2021-12-08,368.1614051345181,371.4079747058474,361.17290759818985,363.80023193359375,4079400
2021-12-09,363.40218006588333,367.3387530586019,361.18180042186043,363.8798828125,3822900
2021-12-10,364.63181064215075,367.6571983359553,362.924499160242,367.471435546875,2625200
2021-12-13,367.47139109547527,368.44447915279756,357.83788681918065,358.483642578125,3766400
2021-12-14,356.90017878563725,358.87286537357807,352.14974366073307,355.7944030761719,4662800
2021-12-15,354.3966865711178,360.8632607441088,353.30862055348257,360.7571105957031,4421400
2021-12-16,361.2791073337969,361.694880164353,352.18520714309744,353.4325256347656,4632800
2021-12-17,351.16788038039493,352.06135592632376,342.7197634934694,343.21514892578125,11097500
2021-12-20,339.9509144177822,345.15248872948973,336.95203712719217,344.4713134765625,4294800
2021-12-21,346.4440099338523,348.3282563490397,339.02202928382985,345.4178466796875,3038200
2021-12-22,345.88665000248375,350.10628048966436,343.9935489853372,349.9913024902344,3267800
2021-12-23,352.3355553782374,353.70670654484655,349.08898581444043,351.2563171386719,2743900
2021-12-27,352.9990158287196,357.78481656914687,352.2647656042766,357.4663391113281,2228300
2021-12-28,358.26249286645884,360.05827162821515,356.50210648818194,359.3505859375,2521400
2021-12-29,359.49219050310955,364.79106024220675,359.4302605704547,363.4375915527344,2209300
2021-12-30,364.3310166043107,365.7375601847307,361.27906459251676,362.6413879394531,1804400
2021-12-31,362.68562126771974,368.47104803107857,362.5971807975594,367.1264343261719,2386100
2022-01-03,368.5063981826812,369.62985659046706,356.7321005282651,361.4913635253906,3715700
2022-01-04,361.4913965650248,365.8879352933859,361.0933064726216,365.206787109375,3266500
2022-01-05,366.233005356538,366.4276230092922,359.8725797463036,360.2529602050781,4443200
2022-01-06,361.42071435352744,361.8718796534123,356.5199069866899,358.94378662109375,3315100
2022-01-07,356.8206401323045,357.4664230480743,347.5498312389182,348.1955871582031,4520700
2022-01-10,342.70202135828674,342.8701014351035,336.9608421973233,342.7550964355469,6440000
2022-01-11,343.29473790956024,346.6297480003791,339.97741051279155,342.0562744140625,4385400
2022-01-12,343.48939740572115,348.05404369974036,341.79976853940235,344.4713134765625,3623300
2022-01-13,347.22245643593857,348.8147627911383,341.3397075761362,342.33050537109375,3466300
2022-01-14,337.33235559650564,337.9339181112666,328.63654712964126,329.078857421875,6336200
2022-01-18,323.85962057922785,325.6200070078444,318.48996683391005,324.4080810546875,6435200
2022-01-19,324.8150714289475,326.1597123747093,317.9415772658097,318.18927001953125,5175100
2022-01-20,319.64002194422244,320.1000420382008,308.7503420505353,309.2457275390625,5440600
2022-01-21,311.1387464848481,318.5430163012009,307.1225615570791,308.821044921875,7718400
2022-01-24,304.1149391826584,322.3381331601386,303.96454176739496,321.8338928222656,8584300
2022-01-25,316.8179877194603,319.8079822275805,311.5544851304287,317.5610656738281,5536700
2022-01-26,318.4634816193689,323.6827388355007,313.5538470763305,316.05731201171875,6103300
2022-01-27,318.8438109306343,322.1080632533305,313.07609407413224,315.3053283691406,3941000
2022-01-28,318.6138714378169,324.4081266250465,312.1295861402318,324.2489013671875,4551300
2022-01-31,322.71851404886684,325.0185335435622,320.41849455417145,324.6381530761719,4084600
2022-02-01,326.84078561831535,327.9200238680041,320.5599737388641,326.1596374511719,3406800
2022-02-02,325.8765575961792,331.4408290134668,325.32809711559537,330.6092834472656,3839300
2022-02-03,327.4777699939017,329.1850816268501,321.2942793562944,322.718505859375,4009700
2022-02-04,321.5595938694009,322.5946118684215,313.37685317258666,318.1715087890625,3728100
2022-02-07,318.69348181419286,320.0557783393354,314.42960329621764,316.1192321777344,2809300
2022-02-08,316.11923947344235,321.0996587581447,313.86344029838955,319.7373352050781,3225100
2022-02-09,323.1607998042543,325.06272899263,321.1173280581483,322.3292541503906,2777500
2022-02-10,317.4373539410508,321.1173800484015,312.1561661975854,314.1200256347656,4291800
2022-02-11,313.76613571186476,316.11037529808567,308.34340619951354,309.8738098144531,3308700
2022-02-14,307.8480058625417,312.1914967710421,306.81298775748303,310.99725341796875,3654300
2022-02-15,314.53568460757833,316.1810928897198,310.83797714059915,312.5010681152344,3552500
2022-02-16,310.94418736846495,312.14725860594604,305.8310806162055,309.6968688964844,3594900
2022-02-17,308.7237934010334,311.66074083200033,307.30842176843174,307.7949523925781,3927000
2022-02-18,308.192998809563,310.14800287181015,304.39796869162944,306.8483581542969,5526100
2022-02-22,296.4275287275287,297.8429271589872,276.31126389679105,279.6905212402344,19752800
2022-02-23,282.4770582348678,283.43243661038247,271.66699335551345,272.8612365722656,11026000
2022-02-24,265.38620267164237,277.2755067110504,264.7581295510007,277.09857177734375,8416700
2022-02-25,277.04550787432225,280.8140007431786,272.0827986424457,280.1151428222656,6510600
2022-02-28,276.8597377810677,279.6108951622167,274.6570409069978,279.3897399902344,5735100
2022-03-01,278.2927878785829,285.22821005737984,277.55856466809814,283.29974365234375,5640900
2022-03-02,284.0163422208594,292.9775549392728,282.79556123897515,289.5982971191406,5645600
2022-03-03,291.20824884687295,292.5263248629528,285.5820479593766,286.9355163574219,3858400
2022-03-04,285.03358803857213,288.97016039766487,282.64512868289586,286.8470764160156,3630900
2022-03-07,286.8470641401726,291.5709345710357,283.1758673122187,285.5289611816406,4670000
2022-03-08,282.85741862171614,290.5889935285944,279.49587135693685,280.1947021484375,5092500
2022-03-09,284.786949406437,286.976241475367,282.045886968536,282.2950744628906,4443600
2022-03-10,279.7675443267258,283.2384067264562,274.7748865501315,282.95361328125,3895200
2022-03-11,284.14613468741317,286.3799406748124,281.4317703503758,281.9301452636719,2973300
2022-03-14,287.3767231580544,288.3467754087895,281.4139857657798,283.327392578125,3604200
2022-03-15,285.09837940066586,293.84666467579603,285.0805628381343,292.38714599609375,3775300
2022-03-16,295.0926257946617,297.2018516710287,288.55144815121474,294.4963684082031,3942400
2022-03-17,292.92117012601443,299.3466491699219,291.76420692566523,299.3466491699219,3123200
2022-03-18,296.91709304871546,303.24468994140625,295.7423403832659,303.24468994140625,9409600
2022-03-21,300.84181263087333,303.20019905593216,291.0878403394842,293.1258544921875,4521200
2022-03-22,293.081372011616,294.8434738561181,288.35569080416104,293.4462585449219,4852800
2022-03-23,290.9276638143507,292.07571881368335,281.093625289396,282.16156005859375,5207700
2022-03-24,282.2505201260852,284.252928079752,279.71413128622805,281.0312805175781,4599900
2022-03-25,283.43422138596924,283.71898769444454,274.374415910062,276.4925231933594,5176500
2022-03-28,276.777285281386,279.7586537540777,275.20206742228,279.69635009765625,3936600
2022-03-29,282.0369753833449,285.6769052787026,278.4860468405147,282.7489318847656,5306100
2022-03-30,278.6550581983823,280.5506752733744,272.41646388098707,274.5167541503906,7223800
2022-03-31,272.51443444708895,274.0718632495138,265.999952897521,266.3915100097656,11044600
2022-04-01,267.43271308524623,269.986891390507,266.0087730745436,268.6697692871094,5554600
2022-04-04,268.3137149550255,272.75462858077594,266.6050089814915,271.9536437988281,4659500
2022-04-05,272.55889175520196,275.08637242444337,268.9545409842485,271.31292724609375,4376100
2022-04-06,265.2879230411378,267.5751246031442,262.52904421018127,265.68841552734375,6499900
2022-04-07,264.13100087292287,271.07267182961743,261.2831205443612,269.4351501464844,5241000
2022-04-08,268.28708258520896,277.9253555625208,268.1268964535801,276.87518310546875,5741900
2022-04-11,273.93831389809816,279.598468010623,272.2651864110034,272.96826171875,4100600
2022-04-12,275.3889985919261,278.8153472121913,271.5265786205113,272.58563232421875,4122600
2022-04-13,272.4253898870296,277.4002855730722,272.0783199318398,276.2611389160156,3185300
2022-04-14,276.6260165665433,277.8897706281027,270.8412815494651,271.0103759765625,4569200
2022-04-18,269.6576459491195,272.585619412407,265.84862154156076,267.1746520996094,3192400
2022-04-19,267.5306640522004,274.22317566829986,266.8187074442511,273.9294738769531,3389700
2022-04-20,276.77725703596997,281.31605349962837,275.664808253671,280.4617004394531,4720800
2022-04-21,282.1170442982786,283.362981648789,275.65593232144965,276.20770263671875,3014200
2022-04-22,275.7271868875139,275.7271868875139,266.7919882335388,267.0856628417969,4043200
2022-04-25,266.9876946929197,271.5798863007651,263.66813791152305,271.38409423828125,4396900
2022-04-26,268.9901933180176,273.71587493854474,266.7385974181419,266.9521789550781,3415200
2022-04-27,268.1448000400774,272.7014157243026,266.20469475026954,268.41180419921875,3446200
2022-04-28,271.2150519609325,279.92775967613824,269.66653172523917,277.45367431640625,4149500
2022-04-29,274.24093410318596,277.4180951051033,266.72967595225464,267.34375,4878200
2022-05-02,268.75872894878785,274.8104668774281,266.90762604647375,273.19073486328125,4233900
2022-05-03,272.05165759830356,274.9974206761601,269.6754543432949,271.4019775390625,3336600
2022-05-04,270.61875594534587,281.00459077544707,269.59530839419506,280.6130065917969,4021300
2022-05-05,276.7772429926185,277.0976151891561,261.38984461196804,266.19561767578125,4959600
2022-05-06,263.69486854768604,264.0953610035307,257.5630645161851,261.9238586425781,4325300
2022-05-09,258.337349513573,267.64631492559926,256.7532232605941,264.3445739746094,5243600
2022-05-10,265.61717367843875,267.9399809499834,256.0056266856762,259.1204833984375,4392900
2022-05-11,259.3785703204594,261.051670484021,251.47572978358383,251.8227996826172,3880500
2022-05-12,250.58585158094897,260.9182662220214,249.7492876496325,257.81231689453125,4447700
2022-05-13,258.04368038631424,266.47159507979,256.70874158899113,263.4546203613281,3949100
2022-05-16,261.7191810718257,266.6050753892733,257.9012757827943,263.41900634765625,4267900
2022-05-17,272.7724839350486,276.72390479840936,258.88911553616487,267.8332214355469,12425900
2022-05-18,260.75800944655936,262.92951176623797,250.23868664278106,253.79852294921875,7799500
2022-05-19,254.08337934230676,260.3130944225034,253.6027937172018,256.0946960449219,5211500
2022-05-20,257.92795335015035,258.53311902099773,248.82366196318137,255.5873565673828,5621800
2022-05-23,257.278311533698,258.39076057548783,249.47337883388442,254.55503845214844,4305600
2022-05-24,252.74837848875458,257.48296730827775,249.76701014160315,256.2370300292969,4241900
2022-05-25,254.359168558317,262.9739647855118,254.22568014599943,261.2652587890625,4612900
2022-05-26,264.6026284318533,271.998185885437,264.31783502064707,269.4884948730469,4170800
2022-05-27,270.13817094224004,274.5523601161382,268.411648255306,274.5167541503906,3899300
2022-05-31,272.861498528204,273.99173694466333,267.72641651746744,269.4351501464844,5966600
2022-06-01,270.23219458646554,271.3427319364296,266.0140220916609,266.1573181152344,3080800
2022-06-02,267.6081486809331,274.07423474208497,264.9930714507489,273.9309387207031,4086400
2022-06-03,271.656154850177,276.2504826862595,270.3754825495039,273.2234191894531,2956600
2022-06-06,273.6533482495832,275.4892758183059,271.5845611982404,272.1577453613281,2562000
2022-06-07,264.24970202550253,270.8053509452284,262.0465839669098,270.259033203125,3547800
2022-06-08,268.4768768004481,269.1933296158771,264.8049946267977,266.4618225097656,3003100
2022-06-09,266.66779708949423,274.83547887215417,266.3006061646303,268.5484924316406,4168400
2022-06-10,261.061494546845,265.53939325262274,258.50014960598395,259.0374755859375,4623900
2022-06-13,254.66701008846294,256.8701556532433,251.90863685777876,253.5923309326172,4704600
2022-06-14,253.6370784997308,256.476077718948,247.7083462096758,249.5711669921875,3987000
2022-06-15,251.6579301243166,253.9774785848971,246.70537479909297,250.5205535888672,4050400
2022-06-16,246.21277841747764,247.27849309554537,241.56471767733797,244.90521240234375,6181000
2022-06-17,242.70206275734023,247.73521555301397,242.1557723400857,242.46026611328125,10775600
2022-06-21,245.11121684667796,245.31721002232953,239.49594181636175,241.09007263183594,5498400
2022-06-22,238.5734726494698,243.39166813916557,236.88977855874924,240.8930206298828,4678400
2022-06-23,241.80649937290602,246.81278620984193,241.70799873274444,246.66055297851562,3747500
2022-06-24,248.49645145569497,253.8609640550678,245.31715507993258,253.44900512695312,10310700
2022-06-27,254.7565834014348,255.24020407233536,252.09671070786513,253.17141723632812,2538600
2022-06-28,254.14759691405501,255.77755846809643,241.64531241017727,241.9408416748047,4052100
2022-06-29,243.22148454254693,247.32325422698432,240.7407390039115,245.27236938476562,2460500
2022-06-30,242.46037339411123,248.11148077817523,240.05126110545783,245.63070678710938,4058000
2022-07-01,246.93821470713965,251.43401522029836,245.88140982892264,249.93838500976562,2818300
2022-07-05,246.73221329068278,254.10284423828125,246.3112897283111,254.10284423828125,3241300
2022-07-06,255.23127664814118,256.0641866277453,251.22803387726157,253.968505859375,2206100
2022-07-07,253.305766253125,257.0045148919851,252.06092464689615,256.7537536621094,3133900
2022-07-08,256.12675265910246,257.91791152063604,254.26395946871023,256.556640625,1891000
2022-07-11,255.4013754278459,259.3508846145758,255.36557192327783,256.48504638671875,2453200
2022-07-12,258.7956587094878,262.9780278000759,253.8162379235203,255.34767150878906,2696100
2022-07-13,252.2220796990202,259.5300122996863,250.54735026924834,257.1925354003906,2941600
2022-07-14,252.41913368164944,259.97782822979974,252.24000681653933,259.2524108886719,2822200
2022-07-15,264.0259122058808,264.59909646957,260.568986857394,261.87652587890625,2647200
2022-07-18,266.2111229938115,267.321633314398,261.5093285591017,262.4496765136719,2664000
2022-07-19,264.59005647444155,268.68286207290976,262.68246742902795,268.5216369628906,2614900
2022-07-20,269.506733548311,271.9785417249604,267.13345332916737,270.7336730957031,2533400
2022-07-21,271.2263036439348,273.3756893470639,267.6618867823579,273.15179443359375,1965000
2022-07-22,275.5340826027204,278.229786527588,272.5786528850268,274.5758056640625,2391500
2022-07-25,274.76379237832384,275.3280118623716,272.10392004704033,274.1816711425781,1910500
2022-07-26,265.9871982348971,269.2471217967553,265.0110195412883,267.0439758300781,2690200
2022-07-27,267.0708066850798,268.9515294649334,261.3212004886082,267.6977233886719,3233700
2022-07-28,264.19596118503904,269.78436870285583,262.55706267176635,268.3424987792969,3992100
2022-07-29,268.6739304194357,269.963567471923,266.37228385608705,269.5157775878906,3236000
2022-08-01,269.24707350237264,276.2415482371182,268.6828539616444,273.88616943359375,3303900
2022-08-02,273.51002423342476,273.6980883104224,268.68286405100247,269.30975341796875,3091000
2022-08-03,271.674112754544,275.9012501141434,268.9784090591248,274.3787536621094,3329400
2022-08-04,272.7398359765103,277.6028269471294,272.6502725447634,275.09521484375,2718400
2022-08-05,273.49219513870355,277.43274124553915,272.7040804511505,277.3521423339844,2029100
2022-08-08,279.2954844677368,282.8240708281707,278.0237765428457,279.3940124511719,2505100
2022-08-09,276.6355974698361,277.59384687624953,271.6382479656843,273.33984375,2607000
2022-08-10,277.18194483309406,280.29857233949457,276.7789229954735,279.04473876953125,3863400
2022-08-11,281.0687514707037,281.7673025974046,277.25357290822336,278.2476806640625,2444100
2022-08-12,279.9671160648355,282.04486722521625,277.7908642706644,282.0090637207031,2273800
2022-08-15,279.4567121187929,282.7882698734003,277.76405327683335,281.7583312988281,3917300
2022-08-16,280.2986014479845,298.210199096962,280.20903799355375,293.1949462890625,10089800
2022-08-17,293.8307377280213,295.0935083728481,290.23051720703575,291.7440490722656,3162600
2022-08-18,291.02756992008807,293.69640724927086,288.5736903026486,291.25146484375,2899600
2022-08-19,291.0365300474201,292.2455680830361,286.3795047735371,287.7676696777344,3489100
2022-08-22,284.8749299957695,286.3526309645706,279.16112740754465,279.6089172363281,3144200
2022-08-23,278.7133397220096,278.9909672315165,273.7249817625029,274.8533935546875,3317500
2022-08-24,273.19660081500103,277.6118298996158,271.85323114569746,275.93707275390625,2495600
2022-08-25,276.41173157728883,277.5938760091474,273.8951274772009,277.43267822265625,2529700
2022-08-26,277.8983767649414,278.9820479066736,266.90065887357326,266.9723205566406,3315500
2022-08-29,265.60212983181515,268.4142364245179,263.5602088120231,265.37823486328125,2711800
2022-08-30,267.38433495997697,268.5844087561505,261.2138036102335,262.4944763183594,2892400
2022-08-31,263.22460090256754,263.6392478774391,259.8622824189428,259.9884948730469,4376200
2022-09-01,259.9704564113539,264.6398221833021,258.4560719733038,264.4505310058594,3742500
2022-09-02,266.92038026741193,267.54236440559265,261.52086471490804,263.1253967285156,2753600
2022-09-06,264.3152772146689,265.4690976593037,258.9428033483302,260.998046875,4110000
2022-09-07,261.80935826414816,268.3536995454879,261.6831458108123,268.1463623046875,3016000
2022-09-08,266.82121715582474,270.598181856169,265.50514723325364,270.3367614746094,2703200
2022-09-09,269.95818110046395,272.671445736313,268.9215226002223,270.2195739746094,2769200
2022-09-12,271.14809364797776,272.9779816847184,267.1367768234103,268.20947265625,3632900
2022-09-13,263.22458521000505,265.09051024031356,249.98267681625958,250.53253173828125,4797200
2022-09-14,251.85764178875618,251.98385424380876,246.24179274249343,249.0992889404297,4194400
2022-09-15,250.496488085431,250.60465446010588,243.87102254408578,244.77244567871094,3896100
2022-09-16,242.52788678668617,249.2975834261298,242.39267881643622,248.7657470703125,9535100
2022-09-19,246.61132597881172,253.5072348797499,246.54824726720847,252.77708435058594,3047200
2022-09-20,249.58606824406837,251.2987668786699,244.61921744539544,247.14321899414062,2940700
2022-09-21,248.7928286109395,252.51571120866382,244.74544683251324,244.79953002929688,3173500
2022-09-22,244.48400272750553,244.48400272750553,241.4462109285456,242.6090545654297,3515800
2022-09-23,241.48223803881393,244.55606648170792,240.0669972248283,244.2315673828125,3527900
2022-09-26,244.67322206967577,246.59325733388619,239.42693395520547,240.3013153076172,4181800
2022-09-27,242.80732249482196,246.71050007544727,240.66195854080095,242.20338439941406,3701000
2022-09-28,248.08966894661566,255.55345118236554,245.82708814200575,254.37258911132812,5816600
2022-09-29,251.05534346292802,251.28069922632966,247.6479654206651,250.89306640625,4518600
2022-09-30,250.43334234689166,254.01199272703386,247.6749901909303,248.73866271972656,4789100
2022-10-03,253.29992619630085,257.86112551354375,251.99285151649747,255.73377990722656,3580000
2022-10-04,259.1591532921275,262.59357326197176,258.3118133380149,261.0160827636719,3641300
2022-10-05,258.032397748743,263.3147246344589,257.2391409105152,261.27752685546875,2728000
2022-10-06,261.0160551751206,264.0899110651642,259.4025002191025,261.7642517089844,2641500
2022-10-07,259.18613190118293,260.17770261814576,254.57987396995466,256.2925720214844,2406000
2022-10-10,255.60752241260704,256.7793613947918,252.59677267306031,254.61595153808594,2115400
2022-10-11,253.38998532868322,257.98724766837216,253.20968974310952,255.0035400390625,2771900
2022-10-12,256.3828058626979,256.5811200726486,252.84019167997636,252.8672332763672,2258200
2022-10-13,247.5848521574639,256.75230894652213,242.23942020394833,254.949462890625,3881600
2022-10-14,258.38395519730545,258.38395519730545,248.74773913979817,249.18040466308594,2783100
2022-10-17,252.03795109146108,255.8870185403025,251.80357223895263,253.53431701660156,3426700
2022-10-18,259.5647507874394,261.2864444226337,255.31003334124824,256.9596252441406,3166500
2022-10-19,254.62498140335464,254.89539732672986,246.10652219679005,248.33303833007812,4323000
2022-10-20,247.8372694311502,250.5956219177058,241.46420150893678,242.8974609375,3959500
2022-10-21,241.88792028299744,248.53140547238962,241.58143966811122,248.36915588378906,3429100
2022-10-24,249.6671833468456,256.4278573073777,249.6671833468456,255.33714294433594,2937100
2022-10-25,257.36533472471206,263.3327516310739,257.36533472471206,261.6470947265625,2791600
2022-10-26,261.9535945700049,263.09839216191295,257.96029628725705,261.5479431152344,2615000
2022-10-27,263.08032650261157,265.2617549104247,260.9169166527333,262.3681945800781,3041500
2022-10-28,261.4127171190588,269.6697565884814,261.4127171190588,269.21002197265625,3243100
2022-10-31,265.38802744228394,269.77795435280854,263.71136586019617,266.9384765625,4210900
2022-11-01,270.7604982324978,272.41911371770584,264.4325168967226,266.8753662109375,3309100
2022-11-02,266.10012265027876,270.58019676854684,260.07859515178734,260.2679138183594,4426400
2022-11-03,255.61650134343822,257.76189227199734,252.8581494379319,253.75054931640625,4823900
2022-11-04,257.7078808677665,260.3670626888684,250.14492733769237,256.0312194824219,4401600
2022-11-07,258.2577419157117,262.94515347076236,254.9585297649975,261.6560974121094,3260200
2022-11-08,263.6031541430403,264.4234524763911,259.27633420744803,262.4403381347656,3371800
2022-11-09,260.5112338743734,263.6662142154125,258.04134378177554,258.4830322265625,3071400
2022-11-10,268.3896863678617,283.7138780045379,267.79474386203395,280.97357177734375,7794000
2022-11-11,281.24406988635803,286.3641476333498,279.65755607378077,283.8942565917969,4945400
2022-11-14,283.3714201124343,284.8317489905792,276.1420150291228,276.66485595703125,6394800
2022-11-15,274.08674237300465,285.41763886305023,273.35659176474434,281.1809387207031,9290400
2022-11-16,275.70920198959703,285.2192303315952,274.492303051096,283.8670959472656,5249500
2022-11-17,281.2439914843964,282.7583756055543,275.9706611422143,280.73919677734375,3642100
2022-11-18,283.1730948114367,284.8497287445424,279.67556842410556,282.3077087402344,3559300
2022-11-21,285.7150144235706,287.4096939941476,283.2271057539484,285.5527648925781,4069000
2022-11-22,288.4553904931095,294.60310260521385,287.89651257550906,292.8543395996094,6054700
2022-11-23,294.54899924646134,295.5045054612868,288.8519990721922,289.8165283203125,4243400
2022-11-25,291.0605240517476,296.6403078489538,290.16809645779017,294.20648193359375,3393500
2022-11-28,293.0165961917955,296.3879098461912,286.51734322124776,287.48187255859375,4733700
2022-11-29,284.84972429768567,288.4554170103146,284.50717908850555,284.81365966796875,3505600
2022-11-30,283.78879785318,294.0002339890333,282.49197136835255,293.81884765625,15106500
2022-12-01,295.92285609712707,298.96997540075563,294.227001541318,296.6120910644531,3830100
2022-12-02,291.1798613904747,297.8907688692499,290.4997040926803,297.4463806152344,3644100
2022-12-05,294.8709116302499,295.2064515335308,289.7833473494576,290.2730407714844,5057300
2022-12-06,289.87397035994843,291.6967730075246,285.24889543085345,287.8879089355469,3341500
2022-12-07,286.53673255398405,292.8123310171984,285.158290038241,290.3365478515625,4038200
2022-12-08,288.88547328670614,294.2995266354883,288.88547328670614,293.9095764160156,3483600
2022-12-09,291.54267976178323,294.2270265684099,290.137004520731,290.63580322265625,3738800
2022-12-12,292.92106268311085,297.76377909802983,291.37031186515253,297.43731689453125,4900200
2022-12-13,312.28290227555027,314.91283837116134,299.2329372441837,301.8901062011719,5787700
2022-12-14,299.7499459926633,307.48560291595214,298.3715034112327,302.3798828125,4546000
2022-12-15,298.7614230252721,299.28739926489544,293.25667553705546,297.0927734375,5056900
2022-12-16,293.3111077647787,297.40113030548815,289.51129239373495,293.2294921875,9615000
2022-12-19,289.74701726797025,291.9325927693821,286.591077351387,287.7790832519531,3000600
2022-12-20,284.1424930260998,287.38004810561085,281.8843521873166,285.52093505859375,2632200
2022-12-21,288.43205019079005,289.82864770366996,285.43029128937746,289.62005615234375,2610400
2022-12-22,286.93574806910914,286.93574806910914,281.79377329272205,286.68182373046875,3064400
2022-12-23,284.89528715277703,289.3843375316754,283.9067949493325,289.0487976074219,2064900
2022-12-27,288.7585336372469,291.6061112976314,287.9423503677442,289.7923583984375,1610200
2022-12-28,290.6992486612495,291.4973044029239,286.1195334434388,286.328125,1568200
2022-12-29,288.976215032251,291.8600758980261,288.01492807699265,290.57232666015625,1559100
2022-12-30,287.9242276120304,288.54092470084794,283.87048831793265,286.4460144042969,2581600
2023-01-03,287.86069459403615,289.49306090499886,282.7458988485266,286.4913024902344,2822400
2023-01-04,291.17080796025925,292.4767121704448,286.91755549491495,289.9555969238281,3560900
2023-01-05,288.23253081812794,288.4592499313295,284.0609212757574,286.0923156738281,2935100
2023-01-06,286.83602258481005,289.1576245883383,280.22488407539464,287.9605407714844,4022500
2023-01-09,290.2004782409215,292.5130022316341,287.5342591330291,288.21441650390625,3466300
2023-01-10,286.84499917300764,290.8624827274721,284.72291168166566,290.77178955078125,2111300
2023-01-11,292.51306112040413,298.3987095740859,292.12311079142484,298.3624267578125,2864800
2023-01-12,301.2734550222697,301.2734550222697,296.28563392945784,299.1513671875,2481800
2023-01-13,296.0860284378691,301.43662064191244,295.641667915927,300.3664855957031,2798600
2023-01-17,299.568447993646,303.9486761963639,296.63925513981604,297.0292053222656,3988900
2023-01-18,299.2692638616026,303.368335936706,292.8576399603448,293.546875,2952200
2023-01-19,290.508823246253,291.41569977296626,281.703059921056,281.9297790527344,5359300
2023-01-20,281.140772111501,285.8837181480631,278.76476028294314,285.66607666015625,3725100
2023-01-23,284.3420976073383,287.960526393955,282.1202388616432,286.1014404296875,3237900
2023-01-24,285.77491162717945,288.477413497774,283.5167980507419,288.1055908203125,2127900
2023-01-25,285.96531425766403,288.4955070851936,282.5373226779051,287.7156066894531,2060400
2023-01-26,284.8952793040241,289.52943313681556,283.4261436352379,284.5869445800781,3555300
2023-01-27,282.96360489681007,288.6043780198281,282.33785787712355,287.19873046875,2761200
2023-01-30,286.4188286878611,288.5137391268413,284.4781271261647,284.9768981933594,2643100
2023-01-31,286.56387691708863,294.14537833354933,285.7567712782531,293.9821472167969,3526800
2023-02-01,292.3679598863297,299.76804857578685,288.0602960432839,297.5371398925781,3076500
2023-02-02,302.3979891449279,309.67112893174857,301.7087541278579,308.1475830078125,4776600
2023-02-03,301.56359815546966,303.54058199955733,299.5684590715561,300.6295166015625,3389700
2023-02-06,298.3533144365086,300.1852228235862,296.96579438897817,298.60723876953125,2229700
2023-02-07,293.82796645018453,296.5485957691678,290.85341283512315,294.9162292480469,3865500
2023-02-08,292.86677160994464,293.81898110035115,289.8106014766362,290.9169921875,2777200
2023-02-09,293.01175858945487,293.7281986658258,285.51187335068965,286.1648254394531,3063300
2023-02-10,284.62318320799926,287.6612248916255,283.62561356440466,287.06268310546875,2768800
2023-02-13,287.78822589061656,293.5468980151966,286.21931936048435,293.40179443359375,2432500
2023-02-14,290.7536257311417,292.8847907799727,286.2736818320517,288.7766418457031,3380800
2023-02-15,286.4641590705502,291.5880058645585,286.38254350497226,290.82623291015625,2585500
2023-02-16,285.66611142735326,293.59220356756583,285.6026234270961,291.32501220703125,3169200
2023-02-17,289.003463467888,290.74467892939526,283.8070776290165,288.3414611816406,4985500
2023-02-21,277.0960288944382,279.32696441022676,267.5557006464896,267.98193359375,10891800
2023-02-22,269.8411152560286,272.42571904365917,267.61020661885385,268.70751953125,5922100
2023-02-23,269.1519063369447,271.95415163150477,267.1839719926756,271.4372253417969,4354500
2023-02-24,265.1707237604942,270.54849558865646,264.8079786399587,269.0340270996094,3713300
2023-02-27,271.4825640111996,272.5073389909646,267.56487815696494,268.4445495605469,3238300
2023-02-28,267.52860366801644,270.88405824192046,266.9028565843658,268.9252014160156,3949500
2023-03-01,264.73537658890376,266.36774307392716,261.77895060477067,263.7106018066406,5905100
2023-03-02,261.59758606955893,266.7214327325657,260.5184008261619,265.7329406738281,4103700
2023-03-03,267.20212066488466,270.80239400901337,266.40406487071994,270.6573181152344,4036700
2023-03-06,270.2492304086936,272.16272677591974,269.32422622758577,270.4396667480469,3763200
2023-03-07,271.21047171856054,271.21047171856054,263.37507350114385,263.6289978027344,4512400
2023-03-08,264.3871863921455,267.1457767442912,263.318444837452,266.2597351074219,4680300
2023-03-09,267.68465673354353,268.89040906996365,262.84341642591687,263.07177734375,3248000
2023-03-10,263.58326308151743,267.78510889943385,259.50931273846453,261.52801513671875,4730900
2023-03-13,259.40889795022764,267.0361593174435,258.13922555347534,261.71990966796875,3892100
2023-03-14,264.25926973246044,264.71599161438735,257.03395409133753,260.8521423339844,5116000
2023-03-15,259.3723992545065,264.13143403424027,258.2031922104617,263.04443359375,4835500
2023-03-16,262.1583324011563,263.09917826302285,260.3314450673504,261.9117126464844,4400200
2023-03-17,262.9073699564072,266.67989686216964,261.48240002787026,263.42803955078125,8342000
2023-03-20,262.55113013115835,264.74338955392716,261.8020995665843,264.2227478027344,3677800
2023-03-21,266.2048473065903,267.53849496147535,262.7063707726718,264.3779602050781,4788200
2023-03-22,264.9808531415803,266.0039055233008,258.0021584656522,258.1482849121094,3723400
2023-03-23,260.56897005324544,261.34537493095723,255.96520580080482,259.3358154296875,6005800
2023-03-24,258.1027117857322,260.2675694157943,256.52244376885625,258.52288818359375,3851000
2023-03-27,259.1896977536861,260.2766981875689,256.59552051160875,256.9243469238281,4269700
2023-03-28,256.4949274003674,258.7694207043646,255.70023600391968,256.5132141113281,3633300
2023-03-29,256.9060213416276,259.4088479714167,256.9060213416276,258.8333740234375,3607500
2023-03-30,260.6603088378906,261.33627620420833,259.2810276585417,260.6603088378906,3432800
2023-03-31,262.14916906459877,269.96824402727515,261.93909487791836,269.5754699707031,5800600
2023-04-03,269.3471011024755,272.17878174549946,269.228348978168,271.9595642089844,4007600
2023-04-04,271.7495066604078,273.8504160656657,268.91782555360237,269.4293518066406,2965700
2023-04-05,269.4658937774358,270.11443100461196,263.5102508384929,263.6838073730469,4002400
2023-04-06,262.38669726002655,264.70685201412334,259.6372228609917,263.62896728515625,3193400
2023-04-10,261.36361330799656,267.3101398727689,260.9342937147842,265.9673767089844,2799900
2023-04-11,267.35586966451547,269.55727258092327,266.5063736156543,268.3423767089844,2497000
2023-04-12,270.56207405212064,272.6081793144168,264.51505247141773,265.3006286621094,3341400
2023-04-13,265.7117199770136,267.15494913070137,261.58293554476126,266.8626403808594,3505800
2023-04-14,266.8625938479149,270.56205787003995,266.1592521750902,266.8991394042969,2653200
2023-04-17,266.4515432847543,269.9226182574256,266.3145044263912,269.8312683105469,2621900
2023-04-18,270.6716437369971,273.33888372903436,270.3062718324003,273.0740051269531,2847800
2023-04-19,270.79036452365415,272.4710973910613,269.5115211915067,271.2105407714844,2889300
2023-04-20,270.3519389459437,275.2297250660189,269.9226192824644,272.7268981933594,3371800
2023-04-21,275.51293117432436,276.95618807630547,273.43942365819544,274.0697021484375,3506700
2023-04-24,274.03306711560134,275.76860429878315,273.3205822561442,275.5311279296875,2515400
2023-04-25,275.4033338444828,276.4903343076548,270.4981445973782,270.6808166503906,4529500
2023-04-26,269.8586746647878,270.3519420846608,262.23141393838443,263.1357421875,4037400
2023-04-27,263.0717805267675,269.20097983026335,262.889080639855,268.4884948730469,3133600
2023-04-28,268.3423655580594,274.78216084494875,267.9861369842821,274.5263977050781,4063400
2023-05-01,273.10145801394543,273.63124319253217,271.630798889152,271.9322509765625,2970000
2023-05-02,272.60824975805326,272.81835192899246,265.85788471812384,268.8083190917969,3413200
2023-05-03,269.0639426866609,272.9004169300148,267.1822511140301,267.7120361328125,2743400
2023-05-04,267.38324431071834,269.0913795908279,260.6328819030839,261.01654052734375,4422500
2023-05-05,262.313654242714,265.6933793957924,261.33626273887256,264.55157470703125,3806600
2023-05-08,263.9852651170284,264.75255458400204,259.8199635099752,263.00787353515625,3736500
2023-05-09,261.4002044785504,265.86692982266584,261.025689204121,265.428466796875,2570000
2023-05-10,266.46062592832396,268.15964552739774,261.17180753173216,264.0126037597656,3571000
2023-05-11,263.74774004310973,264.3963051778423,260.34972817048464,262.78863525390625,3859700
2023-05-12,263.0717957882654,265.7847247973755,262.5694128842448,265.3280029296875,3438300
2023-05-15,264.82565095636244,265.73909479842536,262.1035782716212,263.5650939941406,5353600
2023-05-16,257.362701617022,261.32704299245245,253.10605163645172,257.8924865722656,12362100
2023-05-17,257.7281351550747,268.59810964255564,256.86949584440464,267.0818176269531,7956900
2023-05-18,267.31933807249607,270.3154327960462,266.3602331770424,269.6120910644531,4547000
2023-05-19,270.16012447755696,270.16012447755696,264.85301867617477,265.7025146484375,4470600
2023-05-22,265.5654736225538,267.6298372475837,263.1448257291895,265.50152587890625,3736200
2023-05-23,264.24097738441543,271.99610503576395,264.24097738441543,269.41107177734375,5352200
2023-05-24,271.63078617362305,271.7677971723529,265.06312283227015,265.90350341796875,4978200
2023-05-25,266.5337258807782,266.5337258807782,261.29968382039453,261.9299621582031,5355900
2023-05-26,262.1583690733517,267.913053829403,260.96175993240746,267.4837341308594,4626100
2023-05-30,267.89477732931755,268.9635187641233,263.93957822455707,267.0909423828125,5193300
2023-05-31,266.4285709146273,266.8057824590416,259.4088142838511,260.7796630859375,18288800
2023-06-01,261.33161328129825,266.0881280069406,257.58715402903425,265.32452392578125,4305100
2023-06-02,267.403747822951,272.5190556374213,266.54813615195826,272.2706604003906,4515600
2023-06-05,271.9762153825412,272.06822296659703,268.06613171273534,269.65777587890625,3028800
2023-06-06,268.4801905903386,273.17229728733594,268.3237748671688,272.32586669921875,2855400
2023-06-07,273.53107652541877,278.0299866932431,273.3470613400677,277.5699768066406,4842700
2023-06-08,277.9931252184668,281.01999755866257,276.73270286095686,277.0086975097656,3757300
2023-06-09,276.90760897109584,277.32160109402423,272.4179072150272,273.56793212890625,3485800
2023-06-12,274.53396929786624,278.40724573390276,273.8439542804905,276.7972106933594,4456600
2023-06-13,278.2140122332789,279.7964475848542,274.7823559743243,276.0795593261719,4043400
2023-06-14,276.9166987072053,278.35192708001824,271.9854069804675,275.73907470703125,4176000
2023-06-15,276.77873281984455,279.16158055663374,275.6194989728975,277.8643493652344,4109700
2023-06-16,279.99876911868023,281.5076147795354,276.13470354229037,276.3554992675781,10809300
2023-06-20,275.79431572483594,278.5359847409074,274.3775054975013,277.30316162109375,3371100
2023-06-21,278.64635987175217,279.29038488743447,276.1715046519277,276.6499328613281,2713300
2023-06-22,277.3859658046668,278.6095797677021,275.6379338245697,277.091552734375,3052000
2023-06-23,276.3003589409655,278.14039858003406,275.1779336380626,276.75115966796875,8525900
2023-06-26,278.46238838932067,284.4792973023757,277.8275725195473,283.264892578125,4440100
2023-06-27,283.5040359114704,290.2293769837162,283.2648499061665,288.6469421386719,5342500
2023-06-28,287.04616934761225,287.9109901808913,281.581249646583,281.9952697753906,4025600
2023-06-29,282.24370245292425,283.48573492735693,279.71364773998994,283.2005310058594,3279700
2023-06-30,284.8197056140612,286.5217477894023,283.6420814415742,285.7949523925781,3230700
2023-07-03,285.0036610750277,286.4940882851171,284.1940393617029,285.2244567871094,1483300
2023-07-05,285.6661439663859,287.32216835287204,285.19692489027864,285.942138671875,2496000
2023-07-06,282.2988512121273,283.34768718351256,277.42275786298717,277.8643493652344,4828300
2023-07-07,277.8367635676109,281.18564903389955,276.8247642739817,278.5911865234375,2951900
2023-07-10,278.9500172254456,285.6937500693599,278.9500172254456,285.4637451171875,3246700
2023-07-11,287.8834104155766,289.4106467134178,285.88695501654007,288.57342529296875,2913800
2023-07-12,291.01144825770274,295.5655573038281,290.7354535602057,292.1246643066406,5300500
2023-07-13,292.6582399823951,292.9526529924246,288.39854474783147,289.43817138671875,3235600
2023-07-14,289.6589822785584,291.55422050514704,289.08857458972886,291.18621826171875,2942100
2023-07-17,290.46865313344614,292.4007003338191,289.02421530526857,290.7722473144531,2002500
2023-07-18,289.37382184607844,292.86070469264246,287.16577997748624,291.42547607421875,2315600
2023-07-19,291.64622813044684,294.3510881390602,291.3610242859878,293.9278869628906,2361400
2023-07-20,294.71911645749617,295.74035295605023,292.45587578689043,293.569091796875,2101900
2023-07-21,295.3907626100865,296.145185581156,293.9371156095599,294.8387451171875,3673400
2023-07-24,295.29879810471164,299.6136938232779,295.2804078137494,299.107666015625,2621900
2023-07-25,299.0708386566229,300.7544625116899,297.9299950294582,299.12603759765625,2890800
2023-07-26,298.72121787706067,304.4897316599199,298.30719775468816,303.22930908203125,3448100
2023-07-27,305.1797612874712,306.7714056558436,302.6221073557229,303.3397216796875,2608600
2023-07-28,305.4465297248233,306.3665493926691,303.14648055520865,304.8669128417969,2268200
2023-07-31,305.12452838687165,307.35098841828,304.96814076060974,307.1393737792969,2690000
2023-08-01,305.2257824319694,308.17903817297423,304.4161605034851,305.510986328125,2547200
2023-08-02,303.6340999628532,305.9341492090272,301.6928718759334,302.2264709472656,2752600
2023-08-03,301.472050742128,305.53855019937515,301.43527016913805,303.468505859375,2451300
2023-08-04,301.9136963393533,303.16490977144593,299.3100246220101,300.3220520019531,3591600
2023-08-07,301.0396063535744,303.0636607103274,300.46919869215407,302.8428649902344,2111000
2023-08-08,300.46004039403,302.2540901539157,297.5252031948829,301.5916748046875,3272600
2023-08-09,301.16845230210845,304.4529293465419,300.62564405212095,301.95965576171875,2698900
2023-08-10,304.2137076464635,306.27454272401775,302.631272689978,303.0544738769531,3075100
2023-08-11,302.24489863732305,305.06936619958674,302.08851099222267,304.62774658203125,3108400
2023-08-14,304.94969637837096,307.0933578229546,302.1620380437492,303.56048583984375,3974800
2023-08-15,305.2257968974254,311.12312755299456,302.24491346702723,305.5754089355469,5860900
2023-08-16,306.016953586114,310.79185816051904,305.1521328065295,306.3941650390625,3753900
2023-08-17,307.0749841796397,308.8046258150465,300.90165947179963,301.10406494140625,3885100
2023-08-18,299.0616763726288,302.5853684295637,298.4820593241088,301.1869201660156,3472000
2023-08-21,300.48757920736983,301.64681285371034,297.6263318126967,298.14154052734375,3109700
2023-08-22,299.2548105155395,300.21163890597563,296.27395554456535,298.52801513671875,2582200
2023-08-23,298.56477866184804,300.7820294763167,298.1599677535018,300.00921630859375,2728000
2023-08-24,299.11680278947784,302.6864837466153,296.5315496577231,296.7891540527344,2490000
2023-08-25,297.5619851418902,300.2392460208324,295.51035903999656,297.0375671386719,2418100
2023-08-28,297.3504428974531,301.2513182887098,297.0468206074703,299.84368896484375,2099900
2023-08-29,300.65331512545634,303.4593646284116,300.63489675806386,303.0361633300781,2628200
2023-08-30,303.69349323856085,307.04522788077185,303.5731223940505,306.12860107421875,2256200
2023-08-31,306.65635645504653,307.9526034705413,305.2489783330244,305.8230285644531,2914700
2023-09-01,307.3971101387941,308.7396690608043,306.60085407905916,308.3970642089844,2317400
2023-09-05,307.24896878472197,307.67487253888737,303.11021733618037,303.4898376464844,3141400
2023-09-06,303.25835389927875,304.25830795343944,301.4343398254639,301.84173583984375,3199700
2023-09-07,300.9435701705605,305.47120907162815,300.2676568292861,304.0823669433594,2454000
2023-09-08,303.2305358406316,305.07305738288244,302.4712953511168,304.3508605957031,2210300
2023-09-11,304.8878768252361,305.43415131315334,303.29533679453715,304.0360412597656,2087800
2023-09-12,302.6101829825294,304.4064211427347,301.73986787206087,302.1009521484375,2190500
2023-09-13,301.8788289712642,303.65653163772384,300.91589021088856,301.7306823730469,2564300
2023-09-14,303.128702509703,305.8230314268114,301.16578186093517,305.20269775390625,2707600
2023-09-15,303.0638901689832,304.77680118579264,296.59186635728116,297.58258056640625,7117800
2023-09-18,296.434478883938,297.8140530768946,293.4253208212415,293.7493896484375,2740400
2023-09-19,292.5364697315487,293.443828540404,289.19397485188,291.2957458496094,2776500
2023-09-20,291.6568568836845,292.9068204929707,287.7680874894755,287.8236389160156,2320000
2023-09-21,286.471874683592,287.24038326936306,283.6571462928433,284.02752685546875,2766500
2023-09-22,283.47194999649724,284.8515241804594,282.82381234633084,283.0738220214844,2289200
2023-09-25,281.9442426652662,284.5182291527465,281.9442426652662,283.7774963378906,1882300
2023-09-26,281.95349299935754,283.14790528216963,279.2776715432759,280.1202392578125,2655500
2023-09-27,280.5461625122168,281.6757554519148,277.6758825910757,279.45361328125,2513900
2023-09-28,279.3147097546768,282.2775562989986,278.46287406634247,280.99981689453125,2369600
2023-09-29,282.3516259434708,283.01827131880793,277.6017811762023,279.76837158203125,3502600
2023-10-02,278.24989261594595,280.9627858301054,276.3425516056222,277.61102294921875,2806800
2023-10-03,275.8333492217663,276.1944335345989,268.5743366972339,270.3057556152344,3609200
2023-10-04,271.6204723803623,272.40748857511164,268.842788109058,270.7223815917969,2956300
2023-10-05,270.36128375111133,270.98164570471664,268.73169984820424,270.0835266113281,2469300
2023-10-06,269.21317294619837,272.7130540540837,266.0929120855575,271.1205139160156,2922500
2023-10-09,268.78723435169115,273.6296740614945,268.21318412824013,273.4722595214844,1929900
2023-10-10,274.7037517532106,278.3888235148695,273.2964017203702,277.0462646484375,3116300
2023-10-11,277.5277162336992,278.55547422122993,273.9722833628058,275.96295166015625,2292800
2023-10-12,275.6389038856931,275.6389038856931,269.2224311997881,271.3056945800781,2546400
2023-10-13,271.2316340005633,272.8889936594281,269.3335608998118,270.2872314453125,2092700
2023-10-16,272.61123605166404,276.25926431752447,271.8242197140111,275.29632568359375,2567000
2023-10-17,274.7037595524171,276.2499882087023,272.67604746527974,274.00933837890625,2139700
2023-10-18,271.28719887233,271.5927317489697,268.12062596135456,268.7317199707031,2720100
2023-10-19,269.4353743407785,269.7501751674934,265.19478878554094,265.5188293457031,3028600
2023-10-20,264.67634867277235,265.8985369352039,262.5930847847492,265.18560791015625,2885300
2023-10-23,264.6393064797607,266.88922447007195,263.25970376360084,263.94488525390625,2590900
2023-10-24,265.49108976753723,266.57439921355467,261.130132779353,262.3152770996094,2705200
2023-10-25,260.87090446551923,262.24123917580255,258.5098836246043,260.1116638183594,2962800
2023-10-26,259.7412552828398,262.2504221648514,257.16726898632464,257.39874267578125,3108200
2023-10-27,258.30614286547916,258.9450125414007,253.9359182557313,255.97286987304688,2907300
2023-10-30,256.90806299631436,261.39865898180045,256.43584754808757,260.62091064453125,3074400
2023-10-31,261.6486326646713,264.25039503603995,260.7505134942511,263.593017578125,3036000
2023-11-01,264.4262827234602,265.5743831908913,261.12083162873137,265.38922119140625,2747300
2023-11-02,268.74096774283794,272.82416723260445,268.5094940410784,272.70379638671875,3628000
2023-11-03,272.3797126314868,275.74071511788316,272.37047289804826,273.7037353515625,3071900
2023-11-06,272.9074684769805,274.4722328128723,271.4908506868845,272.7408142089844,2890300
2023-11-07,272.7779093191406,274.0649169175806,271.8057308825039,272.9260559082031,2629000
2023-11-08,273.1667542362956,275.92593103896616,272.31491854857626,273.9908142089844,2454900
2023-11-09,270.31498948416515,271.04642600831477,266.36140073120936,266.5373229980469,4059100
2023-11-10,267.7965305193458,269.98162841796875,265.5373452223601,269.98162841796875,3653500
2023-11-13,266.4633152418299,268.4447157392161,265.95405606631846,266.7225646972656,4586700
2023-11-14,278.59248249755905,285.39778624675546,277.89806144102346,281.1294250488281,7952800
2023-11-15,281.56459537847684,286.0366545287832,281.48126824281377,285.35150146484375,3985900
2023-11-16,283.2127023509402,285.1293113440741,281.7775484755125,283.731201171875,3114000
2023-11-17,285.63858627937503,285.83301630323007,282.81461804160216,284.4997253417969,2770300
2023-11-20,284.4256067271678,286.7218358487876,283.08304805511165,285.35150146484375,3459000
2023-11-21,282.9256429496331,283.38859028767047,279.9349929737287,282.7126770019531,2977200
2023-11-22,284.61081480919773,286.89774782872104,283.76824715439443,286.28668212890625,2873500
2023-11-24,286.2681892417697,288.3051694013399,285.462665169235,287.6755676269531,1259900
2023-11-27,287.66624545863937,289.70322523457924,286.7959021231074,287.87921142578125,2992600
2023-11-28,287.6847046806755,291.2679122794717,286.4625452772221,290.11981201171875,3116900
2023-11-29,292.73908491491034,292.73908491491034,289.80293787959,289.90545654296875,3083800
2023-11-30,291.3222743942212,292.45945210159266,287.640420844032,292.207763671875,4493700
2023-12-01,292.5246944513121,298.36905485681564,291.7510540127341,297.921630859375,3613600
2023-12-04,297.9216015047947,303.0109245238473,297.30640423610515,302.02288818359375,3827900
2023-12-05,300.14010087120846,301.9297686472155,298.28520686599717,301.53826904296875,3269800
2023-12-06,302.9364385383005,306.02172737513393,302.2000619997975,303.9710693359375,3030800
2023-12-07,303.97105516199485,305.1828179271271,302.63814172157214,304.0270080566406,2742300
2023-12-08,303.86851632335674,305.06161856249986,302.99232875522654,304.3066101074219,2889300
2023-12-11,307.4198698605323,309.54508417544736,306.48775781985375,308.836669921875,3520700
2023-12-12,308.0071343689632,311.8101393414323,307.8952854647442,310.57977294921875,2893400
2023-12-13,312.16435741279344,320.49744241802335,309.37735115064135,320.0873107910156,5822700
2023-12-14,325.99688217787343,329.10083145219176,324.37501619953315,327.9263610839844,7594800
2023-12-15,324.58007510933805,330.3218890324677,323.209869190798,329.9676818847656,11212800
2023-12-18,329.69738225462163,330.8252584427219,326.5375368421943,326.9942626953125,4420500
2023-12-19,327.6001284857671,328.99829671167015,326.61209188179333,328.1687316894531,4654700
2023-12-20,327.171342728784,330.6853950583447,324.66395893761995,324.9902038574219,3259500
2023-12-21,327.98232509413185,328.3365322920785,323.4429430953903,325.2792053222656,2794200
2023-12-22,325.34441910355304,327.4882655799732,323.1539499541126,324.9249572753906,2029900
2023-12-26,324.7758061518237,326.3231156226195,324.5241461299811,325.5960693359375,1585500
2023-12-27,326.1553990391853,326.2392857277326,323.610722370018,324.86907958984375,2764300
2023-12-28,324.8410944386245,325.3444429801988,322.32438017655943,323.7784729003906,2859400
2023-12-29,322.35231564887283,323.9555496017986,319.7330829184829,323.0234375,10325700
2024-01-02,320.84226534898175,323.7224880315888,319.9194835664788,321.6531982421875,2833600
2024-01-03,319.22974815705845,319.4348139478386,313.73959447641886,315.2962341308594,3309600
2024-01-04,316.8528169165295,319.63985106564274,315.55719606276114,315.6037902832031,3652400
2024-01-05,314.93269338623014,320.48807323242113,314.88609916210964,319.65850830078125,2664300
2024-01-08,320.11524900299355,324.80377168901146,319.94747565338736,324.30975341796875,2736200
2024-01-09,322.33362860383363,325.4095866361798,321.811648191627,322.6878356933594,2338100
2024-01-10,326.8171299095701,332.6335001322112,326.52817744311216,332.57757568359375,4109300
2024-01-11,332.84793880314265,336.4925008827098,329.2779616284921,332.3259582519531,3530400
2024-01-12,334.1901166410963,334.1901166410963,329.43633971752746,331.5615539550781,1956100
2024-01-16,333.75204691210314,335.2341016961394,332.02763388619064,334.096923828125,3669400
2024-01-17,332.4191646118596,335.33668022784786,330.0142993062272,331.55230712890625,2646100
2024-01-18,331.9437772869515,334.3579443636299,329.99566628945746,333.6029357910156,2510700
2024-01-19,334.4511231013846,338.31938242801175,332.09288074766425,337.8067321777344,3234600
2024-01-22,334.9638212613938,336.92126253972,331.5429854709334,332.47509765625,4003700
2024-01-23,331.6921241622314,331.72008638973335,325.36307451008753,326.96630859375,3878400
2024-01-24,328.04749453246654,328.9143518522007,323.50811371330354,323.69451904296875,3474400
2024-01-25,328.65338857134617,328.9237090341873,324.6173558584958,327.14337158203125,3064200
2024-01-26,327.609436067877,332.81060899261365,327.18997425077424,331.1794128417969,3177700
2024-01-29,331.0396283727447,332.1768063472812,329.044923139525,331.55230712890625,2732000
2024-01-30,330.43377189995124,334.5630220814676,330.00500825666995,332.8572692871094,2336500
2024-01-31,333.6215567371156,334.6095932323338,328.42968580275056,328.9982604980469,3377900
2024-02-01,329.40832027758955,335.69077345495805,328.40165200131173,335.6255187988281,2439100
2024-02-02,330.13546502850176,335.14090257967456,326.25787518178237,332.9784240722656,3697600
2024-02-05,329.65073741991074,331.89713078125357,326.9476182755625,331.0302734375,2653800
2024-02-06,330.7599597350416,333.6961069421601,330.24728105075,332.0649108886719,2045300
2024-02-07,334.1435046138067,339.0370923884662,333.4350904237716,338.06768798828125,3272200
2024-02-08,338.2261399003128,340.8267402931159,337.09829236769787,339.02777099609375,2521900
2024-02-09,339.40993994213073,339.6895621579041,336.3059911180456,338.4964599609375,2389900
2024-02-12,339.4939031422137,343.6884079992224,339.3354315536829,340.6404113769531,3119700
2024-02-13,334.1341974563499,335.029017032089,329.85580669152716,333.3139343261719,3106500
2024-02-14,332.92248592646956,334.60960652471033,329.94904609955825,333.9105224609375,2998900
2024-02-15,334.53501909855464,337.08902553537126,332.6242007170129,336.5670166015625,2662800
2024-02-16,336.1941842567538,339.27947302158856,334.7680538864399,337.7508239746094,3899600
2024-02-20,331.18878883367637,340.45398652637635,330.48970467243123,337.9559326171875,4830000
2024-02-21,336.1103186675083,340.3234553689916,334.5816695246289,339.4100036621094,3277800
2024-02-22,342.4952617749324,347.64051016833173,342.22494130941413,346.1304931640625,3387500
2024-02-23,346.820283967752,348.84297989438306,345.1145312114772,346.70843505859375,3398200
2024-02-26,348.1531706284335,349.4301595479369,345.55257012082063,346.3728332519531,2461000
2024-02-27,347.36090641723035,350.2877236852836,345.4500595017424,350.06402587890625,2802900
2024-02-28,350.06403499617505,354.0534738400328,349.5979789235477,351.974853515625,2282500
2024-02-29,353.0747263934302,355.8617322808777,352.47816103587786,354.7711486816406,4382800
2024-03-01,354.5381612035942,358.9563921063824,354.0441429054328,358.35052490234375,2750900
2024-03-04,356.90569717551404,358.4250443637435,354.3050965990612,354.5474548339844,2619000
2024-03-05,354.29582232565537,355.11608554217776,351.424901067827,352.7578430175781,3011600
2024-03-06,354.94263808008805,356.1522622513744,352.4671594260352,353.9205627441406,2496300
2024-03-07,354.3237215137177,356.6022936662033,352.1764106384965,353.0859680175781,2368500
2024-03-08,351.63259640215455,353.15164464006244,348.913310046498,350.0854187011719,2162900
2024-03-11,348.4069612912902,349.7384893529776,345.8845811033403,348.36944580078125,2833700
2024-03-12,349.29779049646544,352.4765345185986,349.2040160740918,351.2012939453125,2843800
2024-03-13,352.5984473659366,358.8621897629327,352.3640256120136,355.3739929199219,3761200
2024-03-14,354.4456069104544,356.50852929651677,348.97890551128376,351.8857116699219,3877500
2024-03-15,350.8073962810257,354.8394668657887,349.3258636636582,349.9728698730469,9234900
2024-03-18,353.02973134461195,354.07057868248415,348.0131293291693,348.7351379394531,3455600
2024-03-19,351.5294572428988,355.8146646468824,349.879119134447,355.7677917480469,3493800
2024-03-20,355.77715902719507,360.896921241769,352.78593567120964,360.4562072753906,2750400
2024-03-21,364.2069808431829,372.1398041916092,364.09446299108146,370.5738830566406,4212200
2024-03-22,370.09562109869955,371.71782963332726,365.78225591233115,365.9604187011719,2910900
2024-03-25,364.8539399530364,365.5665624628872,359.03091293191324,359.6122741699219,2683900
2024-03-26,358.5808448686116,360.3155713277993,355.7583981896951,356.25537109375,2720200
2024-03-27,357.11807449888704,362.2472231719558,357.0149140558723,361.8440246582031,2536500
2024-03-28,363.0067500658502,363.4568214833545,356.0584863987841,359.69671630859375,4108200
2024-04-01,357.6994069751921,359.2653566195406,344.9187305181979,345.0968933105469,4333200
2024-04-02,341.78687090913127,343.9997982306729,340.34282508816506,340.3803405761719,4650500
2024-04-03,339.44265896211573,339.81772800021315,336.6295982524849,337.4735107421875,4723000
2024-04-04,340.0146662205435,342.2557518656694,334.66986753905223,335.3918762207031,4381600
2024-04-05,335.3918445234133,336.9390221898362,333.83528083086384,335.57000732421875,3243400
2024-04-08,335.7576172676228,339.9772090982679,334.99809302738174,339.4895935058594,4339600
2024-04-09,340.9710836968579,341.7399938039002,336.3764237222755,338.8988037109375,3022600
2024-04-10,329.9439133096993,331.9318051301694,327.0183345085595,328.7155456542969,4805200
2024-04-11,329.16562782231205,329.9814108726213,324.24277144126796,325.72430419921875,4104700
2024-04-12,324.5522437161788,324.5522437161788,320.2295200641062,321.5047607421875,3550300
2024-04-15,324.36466588556,324.5146706079302,316.1786489254596,316.8725280761719,4209200
2024-04-16,315.8317146683135,317.0413101893666,312.21222828363426,313.9656982421875,4525500
2024-04-17,315.7941760153986,316.2348899792805,311.2557750979399,312.0903015136719,4273800
2024-04-18,314.7346336057909,315.9536438667504,310.6838189265521,312.1466369628906,3717300
2024-04-19,313.85321667540035,314.94093706021937,311.8559387300997,314.46270751953125,3076600
2024-04-22,317.1444582729359,318.2978234391617,312.9154812793741,315.1659240722656,3112800
2024-04-23,316.9382284608914,318.9917654256971,315.3347915897206,317.87591552734375,3697400
2024-04-24,316.06619307242516,316.5162645596845,311.1433358689536,312.2591857910156,4029200
2024-04-25,309.17418353179085,312.16540759049155,306.5298991123103,311.2933654785156,3787800
2024-04-26,310.3743671466233,314.9033823299877,310.3649811204265,314.2095031738281,2465300
2024-04-29,314.12513267626304,316.3193167362686,313.3280930343452,315.8129577636719,2427400
2024-04-30,314.80026823690537,316.41309095725677,312.11846864351327,313.39373779296875,3089900
2024-05-01,312.2591379798516,314.4908374822717,308.90220269969427,311.283935546875,3267500
2024-05-02,314.593940851398,315.06278428038667,310.3556065550759,314.6220703125,3213600
2024-05-03,320.0138777351603,325.2649316349979,319.16057897254177,321.4860534667969,4165100
2024-05-06,324.43968706221085,324.7960126843548,319.22614987152645,320.96087646484375,3366100
2024-05-07,322.1891822081063,324.0082968442396,319.1698296423939,319.46051025390625,2930700
2024-05-08,317.6695577667742,319.2261214102408,316.5912235857511,317.7164306640625,3123200
2024-05-09,318.1102893047765,326.3244359248373,317.76334972107753,325.7899475097656,3801400
2024-05-10,325.8086507415822,328.0122204665872,323.2206546067893,324.84283447265625,3413700
2024-05-13,326.3712972542416,327.0558189869571,319.1886122295024,319.7137145996094,4055600
2024-05-14,314.17200429298845,322.7987357656336,312.24975747263903,319.28240966796875,5854300
2024-05-15,323.6707516568049,328.60299382230346,323.21129424087746,326.94329833984375,4151100
2024-05-16,326.3150742833605,326.5494960321273,321.3172151906646,321.37347412109375,3101600
2024-05-17,323.276944915915,323.436335664049,319.3667779505156,322.7611999511719,2739000
2024-05-20,319.8731506641747,321.2046500950647,316.5068579809251,316.7694091796875,3237400
2024-05-21,317.87584343224756,317.87584343224756,311.6214595265087,315.20343017578125,4275100
2024-05-22,313.8063220007279,314.3595538741558,308.43336540906165,309.98992919921875,4024400
2024-05-23,310.35558229274403,310.3743257267028,305.6858918033387,306.52044677734375,4021100
2024-05-24,306.05166522472564,307.12999952179786,304.20442074103534,304.842041015625,2736900
2024-05-28,305.1139406719073,310.3649641876041,304.26064219662356,308.2176818847656,3807500
2024-05-29,306.1829238403267,306.42673160856765,303.5948986572619,305.6015625,3506200
2024-05-30,308.0565646095433,311.79561115837055,307.5372341793715,310.8136291503906,2921800
2024-05-31,311.6349886153104,316.4693445899004,309.70883029736035,316.1860656738281,5557800
2024-06-03,315.03419750413104,315.03419750413104,308.60415957479637,309.7088928222656,3712800
2024-06-04,308.6324258683758,311.3895184165823,306.96119262209976,309.94488525390625,4296800
2024-06-05,310.17147175742656,312.02210626048156,307.7354345207933,311.8332824707031,2422400
2024-06-06,311.3989499362805,313.32513714750775,309.7560416526577,312.6264343261719,2979400
2024-06-07,307.5560831334622,310.4736748152992,305.85649586029706,308.7835388183594,2583800
2024-06-10,308.7552241715078,314.23160500089637,308.2831213822547,314.0050048828125,2691000
2024-06-11,314.4204075440195,317.54572520570946,311.88994391238543,316.9886474609375,3250900
2024-06-12,327.66764279718535,330.9345858515951,323.91914570337343,324.93890380859375,4793000
2024-06-13,326.6006775753138,329.2350189956409,323.9285886815869,328.47021484375,3380800
2024-06-14,325.5714842723644,328.11139927989285,322.6255678302153,327.48822021484375,2589000
2024-06-17,325.6470434413064,331.1234237264858,325.1843631597068,329.99981689453125,2680200
2024-06-18,333.25735412675095,336.52429720010645,332.464196122595,334.1260070800781,3655000
2024-06-20,332.36034296701246,335.1174357633479,330.0848042065283,333.7200012207031,3661200
2024-06-21,335.04190445186117,336.3732377770577,332.40756281626534,335.9483337402344,6596400
2024-06-24,336.98693258678867,337.73286298976814,331.1517495920129,331.3028259277344,4278900
2024-06-25,326.98779604715753,327.62984885518915,315.865056693874,319.443603515625,4879600
2024-06-26,320.51998163432063,323.4753493736943,318.69767198791965,322.7483215332031,3365300
2024-06-27,323.70193837501324,325.52427677383787,319.5663427515529,322.43670654296875,2912600
2024-06-28,322.30455574481715,326.0152764736867,321.7002503888879,325.0332946777344,6344000
2024-07-01,324.7311526193222,325.42040415965624,316.67708124430897,317.43243408203125,2643600
2024-07-02,316.3088731108497,318.0367566645253,313.9766841475571,316.2805480957031,2995900
2024-07-03,318.1972665346836,320.6899829879309,314.93032343901825,315.0247497558594,1733000
2024-07-05,314.14666299094984,317.177583963378,313.136384815011,315.9123229980469,3437500
2024-07-08,317.139745575814,321.74747299169235,316.30884013165695,320.6521911621094,3534500
2024-07-09,320.0384944513035,320.33119587736314,316.84707496472555,318.2822570800781,2254300
2024-07-10,319.7457761366325,325.08053164529304,318.7826680496197,324.9766540527344,3263100
2024-07-11,331.2084385209977,334.37153303733965,325.75093131703454,334.0505065917969,4146900
2024-07-12,335.1929579267624,343.6436088145242,334.33372745006767,339.6968078613281,4019900
2024-07-15,339.1019815500652,341.028140048633,335.22128191042157,338.45989990234375,2884000
2024-07-16,339.9706465439031,348.80842543705853,339.4418937434003,348.525146484375,3210400
2024-07-17,346.18351564615506,354.2564610821293,345.0315837925613,351.1405944824219,3991100
2024-07-18,349.2616267507864,354.77578369819395,345.3715044999683,345.6547546386719,2395000
2024-07-19,345.98523530931936,347.0899684894658,341.75521285579964,343.0865173339844,2474500
2024-07-22,344.16292295304976,346.7878132292877,340.93372729371436,342.982666015625,4049300
2024-07-23,345.0409763959119,345.0409763959119,339.3285451858077,339.5551452636719,2535700
2024-07-24,338.90369577939776,341.28311223944365,330.47194701818756,330.7646484375,3508100
2024-07-25,330.6608078542668,338.80927785969624,329.8393247896818,333.5783996582031,3297600
2024-07-26,335.20242989933416,341.4908424771974,335.20242989933416,339.45135498046875,2439000
2024-07-29,339.1680479435355,342.64274606599776,338.92257410883315,341.4908142089844,2142100
2024-07-30,342.57664762913305,344.34230730995785,339.2152783425128,343.3981018066406,2788800
2024-07-31,344.6350204291874,351.7071106687443,342.784385647922,347.61871337890625,3526100
2024-08-01,349.346568908221,350.7534546376623,334.0126814592983,338.57318115234375,3759000
2024-08-02,335.12689621002977,335.73120164232876,327.393849821222,335.5989990234375,3764600
2024-08-05,331.30286906528784,334.1921359268563,325.9775355934599,330.4814147949219,3827900
2024-08-06,329.2916236272328,338.64870232557786,327.90364057719887,334.1637268066406,2831100
2024-08-07,335.362904686041,336.39208522973746,323.18265942232125,323.29595947265625,3429100
2024-08-08,323.1448816920853,329.28221745334486,322.2951025034993,328.904541015625,3591100
2024-08-09,328.4796510812755,331.9165439695475,326.128559893409,329.18780517578125,2314800
2024-08-12,331.19896797832644,331.8882483981382,323.04104706971015,326.5157165527344,3830200
2024-08-13,322.79555811188635,333.6728248716527,320.43504415393255,330.5380554199219,6388600
2024-08-14,330.0470509963033,339.62130946762187,329.90542592140434,335.816162109375,4814800
2024-08-15,342.23673884130426,345.02215676625485,338.1577927257907,339.9801025390625,3575800
2024-08-16,339.8856532793426,343.40755014999314,339.8856532793426,341.8590393066406,3308300
2024-08-19,342.2745095476385,344.3423219932674,341.8968330931799,342.8127136230469,3634900
2024-08-20,340.5277448678479,347.1277616251621,340.38611979040945,346.77838134765625,3459400
2024-08-21,348.83671632434584,352.06588283901834,347.95858335328734,349.79034423828125,4587600
2024-08-22,350.7723502679059,351.67877949787857,344.26676041161323,344.97491455078125,4097300
2024-08-23,346.2023769256991,355.3234051140235,344.81439374889186,354.6341247558594,3426200
2024-08-26,356.04095497287574,357.45726305465445,352.53796105210427,353.2366638183594,2452100
2024-08-27,352.6512829261396,353.3972132968959,350.30022058555346,352.35858154296875,1780300
2024-08-28,352.18866698885535,354.46420580171474,349.54490299853165,351.8959655761719,2218300
2024-08-29,353.95733919167685,354.63181786398593,348.56168375251616,348.6851806640625,2698400
2024-08-30,350.75598617433855,351.86742920471477,346.6142599200337,350.05303955078125,3216700
2024-09-03,349.48307743634825,350.88899970523283,344.73337529943166,346.48126220703125,3598100
2024-09-04,345.93982469925413,347.61170016976007,341.98806896826244,346.414794921875,3221300
2024-09-05,346.6332379519086,346.87072304628373,339.6796674310348,343.7359313964844,2789200
2024-09-06,344.7523848101412,347.1462241962729,341.4275933900181,342.0260314941406,2228800
2024-09-09,344.600413028541,347.830204817829,342.0070651177034,347.22222900390625,2747600
2024-09-10,347.3932068185976,352.95984350231976,344.3343976507527,352.30438232421875,2787400
2024-09-11,351.05047408733355,352.6273786789166,344.0114410166048,351.94342041015625,2937700
2024-09-12,353.32084535354886,356.2181520649975,352.0099229236224,355.6861877441406,2367700
2024-09-13,356.7596658849599,362.8772852646329,356.71218045404663,360.9678955078125,2514700
2024-09-16,362.87724058661234,364.77712142737994,360.53088658866915,362.8867492675781,2877800
2024-09-17,364.235666789411,368.5199075780501,362.57327096994663,364.05517578125,2947600
2024-09-18,364.8626340938901,373.0131396155622,361.99382429158123,364.7866516113281,3549400
2024-09-19,371.27468331027103,372.25312071221697,367.6364245214464,370.7997131347656,3753500
2024-09-20,368.8903423492782,372.21513374542815,367.6269343742886,370.34375,6584200
2024-09-23,371.26518577961536,372.9940842279472,367.87392065697037,372.338623046875,2502300
2024-09-24,374.9415424349237,381.0306357803689,373.925099100362,380.6031799316406,4057700
2024-09-25,380.6031331832235,380.6031331832235,375.81542533633495,377.0598449707031,2787300
2024-09-26,379.5011911625035,379.9761613642088,375.6919208680656,376.84136962890625,2849500
2024-09-27,379.6436512884186,383.3389331281595,378.3707347109154,379.5296630859375,2452300
2024-09-30,380.16616102031327,385.02034256633624,379.0452093120402,384.9158630371094,3442000
2024-10-01,383.7949510706829,390.00757006913346,381.315620276324,388.5731506347656,3476200
2024-10-02,387.29073021121485,390.86248656381366,384.6878736842473,390.6725158691406,3431300
2024-10-03,388.5256677101428,392.2969326858977,386.43578699692205,390.97650146484375,3320700
2024-10-04,389.5420825968669,391.2044783643426,379.45371977776676,387.91766357421875,3989000
2024-10-07,384.6213954940609,389.29508618597464,381.1540897247569,387.6326904296875,3267800
2024-10-08,389.28557586633156,394.5007685300802,387.9936707991693,393.4463195800781,3693900
2024-10-09,398.97501955070135,399.0035166067882,390.18806971535855,395.24176025390625,3627800
2024-10-10,389.2095846142974,393.73131022720185,387.22421264297,389.43756103515625,3040800
2024-10-11,390.0075702663773,392.45843299640273,388.37367144298815,391.2804870605469,2717400
2024-10-14,390.8814999515324,395.5742080114758,390.71048864121946,394.624267578125,2088700
2024-10-15,397.02765905909473,400.45693048272733,394.2443112532043,394.7762756347656,3693000
2024-10-16,393.1518629221341,397.77806843433086,393.1518629221341,397.6545715332031,2429000
2024-10-17,397.65458935377575,398.02508007376207,393.8073418225248,394.7952880859375,2013800
2024-10-18,395.79270732134626,395.8022160032001,392.5534067065062,394.2253112792969,2436600
2024-10-21,395.241754118232,395.70721569038585,384.1274385787601,386.0558166503906,3699500
2024-10-22,378.55130545137274,382.7785524532453,376.375933496103,381.7336120605469,4486700
2024-10-23,380.50811470262886,384.04189406104865,376.83185008578084,379.6341857910156,3159000
2024-10-24,382.1515719710401,383.965961805343,378.1618102739501,382.52203369140625,2550300
2024-10-25,383.31997713658996,383.31997713658996,377.9148134145195,378.9407653808594,1941400
2024-10-28,383.2534914397633,385.5238340718697,381.82858074509056,382.7215270996094,2586500
2024-10-29,374.2195314368388,379.1307071747302,369.57430886711575,375.29296875,3822700
2024-10-30,375.22646816090224,377.78181022528975,372.3196527773779,372.87060546875,2795600
2024-10-31,370.951786218068,375.8629916362228,370.951786218068,374.0390930175781,2518600
2024-11-01,375.0364327777379,378.7507029675191,372.38612011498276,372.93707275390625,3277800
2024-11-04,372.32916460414464,380.43215534443425,371.4932123840639,375.7679443359375,2690500
2024-11-05,375.19798549753074,380.194681605236,374.14353650979825,380.0616760253906,2496500
2024-11-06,374.3144885317591,374.3144885317591,362.6112169342844,368.9283142089844,7133400
2024-11-07,371.42671418803025,379.7482017673171,371.2367145029788,379.4442138671875,4323100
2024-11-08,383.77592954747445,386.055780756711,382.16101923807975,385.580810546875,3448700
2024-11-11,387.35717822048343,390.9954661093167,385.51429156454867,387.8511657714844,4071500
2024-11-12,393.512793583495,395.1941775820035,382.0565151769957,382.9019470214844,5647100
2024-11-13,388.6491323589718,392.07840339255256,386.3597724462736,389.65606689453125,3083100
2024-11-14,387.57571419985794,390.9005058657881,384.1464429967137,385.40985107421875,3348100
2024-11-15,382.73098932719614,388.44014052677335,382.73098932719614,387.7466735839844,3239500
2024-11-18,385.20087676695096,391.88846607385784,383.7284805725499,389.8935852050781,3394300
2024-11-19,387.9366826318607,388.67763501757844,379.36820128510175,386.4357604980469,3239400
2024-11-20,385.67583923339845,386.3408091728576,379.9002138053533,379.9761962890625,4732200
2024-11-21,381.2395947636497,390.79602252980686,380.33716871417033,389.903076171875,3722200
2024-11-22,391.46097334311344,399.1080116873607,390.37805625842884,398.9750061035156,4932500
2024-11-25,403.7247042161414,408.71189173881135,403.21172823949956,407.21099853515625,4544200
2024-11-26,407.14450359260695,417.37535232854987,403.4397414451822,408.0184326171875,2758600
2024-11-27,409.2884894451431,410.72090364352147,406.76742646757737,407.9420166015625,2293500
2024-11-29,409.2503227750627,411.58038575902316,408.27629151817865,409.7946472167969,2028700
2024-12-02,409.6705037837838,411.0074180142429,404.09364074919375,407.722412109375,2617100
2024-12-03,410.3676437254029,411.2748220408954,404.2464559287826,410.0047607421875,2714000
2024-12-04,407.1971871166858,409.50813251060987,406.32818561978274,408.63916015625,1968800
2024-12-05,407.37858329614147,410.3962058855991,406.6910233499038,407.3212890625,2523500
2024-12-06,409.3840345865526,416.1163704024837,407.7701787474492,411.9337158203125,3161400
2024-12-09,412.86955844996436,416.6988595674905,408.74419822960675,409.8423767089844,3426000
2024-12-10,407.6650871429016,408.05661719919686,402.4224603466762,403.5492858886719,3354900
2024-12-11,406.07033441014903,408.71551545577927,402.2792103557571,402.393798828125,4211200
2024-12-12,402.4415972507971,403.70212892906807,394.56331797542197,395.7474670410156,3673600
2024-12-13,397.0365758126904,399.29981483301486,395.5182201876285,398.19207763671875,2649500
2024-12-16,399.02289613025556,399.6245148193642,392.1855014770882,392.20458984375,2879600
2024-12-17,391.5265520560907,391.9085233515395,387.9264281541095,390.06549072265625,3726500
2024-12-18,388.661731537377,392.2045612742801,375.655414864707,376.0755920410156,4225500
2024-12-19,376.9541656546788,377.33616614354463,367.5480010385439,367.672119140625,4576100
2024-12-20,366.09642035221697,375.56946584872054,365.79083165885254,374.9105529785156,8046400
2024-12-23,373.47812489286076,375.5216872759365,369.59150080687925,374.7673034667969,2433800
2024-12-24,374.4617162764032,378.2910461425781,372.90515488513887,378.2910461425781,1392600
2024-12-26,374.8341762477719,377.94729942432224,373.97473346712667,377.3361511230469,1319500
2024-12-27,374.47131310078095,377.6512600527446,373.7359884355872,375.1588439941406,1942700
2024-12-30,372.9338353123301,373.5831894652916,368.3023565959038,371.8833923339844,2444700
2024-12-31,372.4372867196504,373.8219364278402,369.849370499107,371.4632263183594,2179700
2025-01-02,374.46171457030397,374.9773918280912,368.97079362070025,370.9570617675781,2415700
2025-01-03,372.2558307359425,373.3922150648131,368.42650056172073,371.6446533203125,2231600
2025-01-06,372.905231581528,376.2379732372691,370.54652126856274,371.8261413574219,3274500
2025-01-07,373.28717749593005,374.24212040543233,365.83863445883026,366.917724609375,2274300
2025-01-08,365.74313437270695,370.2218189500844,362.9738057634069,369.75390625,2848500
2025-01-10,371.386807918017,375.20657911876685,367.29009514530105,372.3226623535156,5323400
2025-01-13,372.41815470147077,378.02366459759867,370.2313565461188,371.6446533203125,3512900
2025-01-14,372.99113128394447,376.43849019126,372.07439429065306,375.08245849609375,3405200
2025-01-15,388.32755137419605,389.61673020706695,383.6578954236326,387.79278564453125,4584800
2025-01-16,387.9645961489221,391.6315729592445,385.7205039102326,390.88671875,2305900
2025-01-17,394.8593104092654,395.7760765294946,390.1228020249201,390.93450927734375,3229000
2025-01-21,394.3913886209392,401.2860770162854,394.3913886209392,399.57672119140625,3568100
2025-01-22,398.73640816230676,398.73640816230676,390.88677612385953,391.6221008300781,3581400
2025-01-23,393.0258650036332,396.005282254448,390.3329189721102,395.71881103515625,3840300
2025-01-24,395.43226145790715,396.3108216586317,392.2523147493637,395.82379150390625,2369800
2025-01-27,396.20575135393653,406.9870634391066,395.3463086853027,405.7265319824219,3699200
2025-01-28,404.17001127373373,404.17001127373373,397.92470588192106,399.9587097167969,2818300
2025-01-29,401.2860801028969,402.38425853686465,393.2359189817377,394.79248046875,2384900
2025-01-30,397.6477357531764,398.5167372002658,392.97805146209276,395.82379150390625,3081300
2025-01-31,394.5537426998625,397.61910103051287,391.83214980029396,393.4173583984375,2761000
2025-02-03,387.82134438194777,393.3409123029168,382.9416009252308,390.3424072265625,2896200
2025-02-04,391.05869451182167,393.9903472029819,387.792776819045,392.949462890625,2150800
2025-02-05,396.44449958422825,396.44449958422825,389.75037033950827,395.1744384765625,2212100
2025-02-06,396.21532209285135,398.9655620297072,394.3913778410818,395.4991149902344,2023700
2025-02-07,394.58237802977203,395.6232621883938,388.1842495898477,389.0150451660156,2530200
2025-02-10,392.13772640032226,396.25352754762366,390.37107638721915,395.3367614746094,2617600
2025-02-11,395.3463245359402,397.8005345592743,394.1430872660869,397.5999755859375,1441800
2025-02-12,390.17056217358487,391.1923580836654,384.0016391217981,388.79547119140625,3387000
2025-02-13,390.29468781417677,394.3723124740888,389.1296563602795,393.8470764160156,3067900
2025-02-14,396.3012266799498,399.16605482462415,390.1513932646458,391.0490417480469,3004400
2025-02-18,389.9127147629048,390.4474804302592,382.18723056366906,385.13800048828125,3994000
2025-02-19,379.3223929387743,380.6784245830976,375.23523878302007,377.613037109375,3780000
2025-02-20,375.2925223894032,376.9732310519258,373.47813688829353,376.858642578125,2703500
2025-02-21,378.5393241470728,379.89535576031926,366.6025390191849,367.939453125,5287000
2025-02-24,368.69386326871734,369.13312879813276,361.15937970807727,365.1892395019531,5722000
2025-02-25,367.65300399376844,382.94164862831803,366.87950260248374,375.5694885253906,6823900
2025-02-26,377.431554937029,380.8980017065891,371.052544500628,372.88604736328125,3871500
2025-02-27,372.34178142700046,377.6512615025376,370.8329553584409,372.685546875,2825100
2025-02-28,376.6485782249429,378.98817076232496,372.6951007692404,378.7303466796875,4263500
2025-03-03,379.0645777997893,379.1791662795372,369.0567661920202,372.1316833496094,3397600
2025-03-04,368.75117010331786,370.4796143041859,361.8278345458771,364.4825744628906,4384800
2025-03-05,361.92333354160223,369.6774646792118,360.97794946297785,368.9421691894531,2780300
2025-03-06,366.2205727787816,370.28863853213335,363.57539164924356,364.53033447265625,4222000
2025-03-07,362.40077530687256,363.49895364596114,352.27837628138735,359.8224182128906,4573900
2025-03-10,360.43361622444854,365.85768438632294,355.8212261363351,357.7693176269531,3710500
2025-03-11,357.3587599368322,358.0367612866394,349.2513034349476,351.5718078613281,4013300
2025-03-12,355.21004053407063,355.2386876496311,345.45052488509157,348.2962646484375,3368000
2025-03-13,347.7966213842051,347.8831081404113,331.79592628136567,333.70831298828125,7062400
2025-03-14,336.9756893473671,337.6868514958381,331.94966252744206,337.6099548339844,5510700
2025-03-17,338.0424348380734,341.6846152018951,337.27361481844554,340.32000732421875,3681300
2025-03-18,339.74339947431986,340.08937581485355,334.03503913913664,335.9378356933594,3008200
2025-03-19,338.27302774481393,340.6082578011612,335.3803995716337,339.6376647949219,2990200
2025-03-20,340.85814216618854,347.6620302176503,338.4652541810212,341.65576171875,3391200
2025-03-21,338.35955246753116,339.60887399989895,332.7761272233881,337.4562072753906,8205400
2025-03-24,340.7908739600204,350.21831089976223,340.46413646431137,349.58404541015625,4023200
2025-03-25,347.4313948723554,349.4687164312136,344.55800544052073,346.9124450683594,2799500
2025-03-26,346.3358598926772,350.50660908804736,346.076370332084,348.00799560546875,3140900
2025-03-27,347.786976338767,350.96789389059563,347.0662240960115,348.5846252441406,3036600
2025-03-28,348.997862079119,349.03631041181484,342.28046031914835,344.1832275390625,2980200
2025-03-31,339.71457782503063,354.36025490714746,338.897719367875,352.197998046875,4498800
2025-04-01,349.93961819025157,352.96677152988553,347.80619052972713,351.2657775878906,2801600
2025-04-02,348.42122075293054,357.7909993418993,348.13293160426275,356.4263916015625,3189500
2025-04-03,341.90561302541585,345.9994947933839,337.9943241559474,342.0305480957031,5407100
2025-04-04,337.0333362329457,351.1889202380453,335.42847773054956,340.09893798828125,7531100
2025-04-07,330.87334665014674,340.4065100484055,320.49452518184904,328.1921691894531,6950500
2025-04-08,336.71622500594077,340.1950510616884,316.88110964650804,322.1666259765625,4868000
2025-04-09,315.7855759694516,342.1554993249397,313.58487099714154,341.5308532714844,6793000
2025-04-10,339.089872324121,341.4347216992526,326.41424198135394,339.829833984375,5574800
2025-04-11,336.64896734958444,340.646743452978,330.77725294388705,340.0605163574219,3576400
2025-04-14,343.846841976867,345.0192667428215,339.8106472045107,343.270263671875,2841800
2025-04-15,342.65521976138353,347.3449189901423,339.54157949498756,340.3007507324219,2883100
2025-04-16,338.11931024223435,340.0028680121567,330.8925778502465,332.4974365234375,2637200
2025-04-17,334.957575835788,343.558564209222,334.7846023385584,341.2137145996094,3232400
2025-04-21,340.4737747750039,340.5410226988206,328.47082687957544,333.3719482421875,4015200
2025-04-22,337.46580720627406,342.32847989896396,336.7546743917056,340.6082763671875,2802400
2025-04-23,347.80623823292916,350.6123507274201,341.01193960206115,342.5207214355469,3283300
2025-04-24,342.59754898816124,346.3454545982716,340.7812393497141,345.6151123046875,2749500
2025-04-25,343.7507209502141,345.00001288705874,340.9061314830486,343.6353759765625,2811300
2025-04-28,344.0294410662529,346.0571725668631,340.68516952725895,343.0011901855469,2413000
2025-04-29,342.0113861738577,346.51846345268905,340.8966191275367,345.0000915527344,2836900
2025-04-30,342.5975533958161,347.18152693244696,338.6382259143262,346.43194580078125,3741500
2025-05-01,346.2589874691235,348.728772209769,343.76999322643417,344.3273620605469,3210100
2025-05-02,347.9599295468465,351.9481151861726,347.07582327068155,350.3047790527344,2283300
2025-05-05,348.00802204455033,350.05496313260704,345.7016207036705,347.6236267089844,2563500
2025-05-06,344.6925205994366,348.1425175658657,343.2029778031656,345.365234375,2299700
2025-05-07,346.4223546578679,349.59365266813626,345.7304313594025,348.60382080078125,2657200
2025-05-08,349.8147016963988,354.90800572390526,348.1329464931206,350.63153076171875,3035800
2025-05-09,348.0080303192212,351.3138830731638,347.4025937207543,348.5653991699219,1970700
2025-05-12,360.3760921405749,363.95102414770867,358.9153782716584,361.9040832519531,3831400
2025-05-13,366.1421476255144,366.1421476255144,358.4060851087775,359.0307312011719,2726800
2025-05-14,357.39699867059704,361.13531430101676,356.36871845412094,358.2715148925781,2587400
2025-05-15,357.5892147023516,364.53724747775135,357.0318165505938,363.86456298828125,2830500
2025-05-16,365.4021851729724,366.3055303488747,363.4032824881095,365.93072509765625,3129100
2025-05-19,359.5976890731035,366.29588067482604,359.56886015827473,364.5852966308594,4428200
2025-05-20,371.3027156764133,374.55091043234194,359.4631519565435,362.3461608886719,6287400
2025-05-21,363.23990147837094,363.57622904506957,354.22568921722916,356.3783264160156,3966000
2025-05-22,353.6490604423578,354.8311045446641,350.3528275969387,351.85198974609375,2957300
2025-05-23,348.24828107559796,350.49702463598595,347.06623679632986,348.5653991699219,3115000
2025-05-27,351.6213716373405,356.0996194256755,350.9198289495203,355.9554748535156,3998500
2025-05-28,354.43712824576755,356.6762522984903,353.1013200183721,353.7067565917969,2986100
2025-05-29,355.5711329521143,355.90748988932296,349.8627724174409,353.9278259277344,3034800
2025-05-30,352.7361621881233,355.22518592697577,350.8814333169968,353.9278259277344,4110400
2025-06-02,350.91021036178415,353.6875228776905,347.7292930428799,353.6106262207031,2506900
2025-06-03,353.61067492384046,358.9730883792368,352.6881202052992,358.531005859375,3359500
2025-06-04,358.5309774265715,360.7316824535805,357.1663696238725,357.87750244140625,2428800
2025-06-05,358.73811402828727,359.2892969654424,355.3730592745836,357.0845947265625,2324100
2025-06-06,359.2409532291427,360.34328957290467,353.8839025487831,355.198974609375,2349700
2025-06-09,355.1893258969253,355.2183339715843,352.3270581517876,353.13934326171875,2619700
2025-06-10,353.8548844573851,356.37867540358127,350.57682457399267,355.75982666015625,3014900
2025-06-11,356.94924497793147,356.94924497793147,347.4438620904067,348.5558776855469,3793500
2025-06-12,348.89431990504414,353.01364370433885,346.6702887466852,351.1667175292969,2921900
2025-06-13,348.1110620927645,350.8089310867107,341.148829047013,342.9474182128906,3364400
2025-06-16,344.12714815158745,345.31650879333654,340.2785761285875,341.8837585449219,3688600
2025-06-17,340.31724174054733,342.58963927897446,335.93684542593684,337.2615966796875,4230100
2025-06-18,338.5186286946033,339.31155535582724,334.37997646324226,335.5693664550781,4453900
2025-06-20,336.01422104726197,339.6113701669426,335.36636415354457,338.0738830566406,8056500
2025-06-23,338.41230077177585,345.27783036746575,337.01017497408736,345.17144775390625,3862400
2025-06-24,344.8910247416213,349.76455803874563,344.0304027308594,348.5171813964844,4089600
2025-06-25,347.26013480279687,351.59219439341547,346.50589531480546,349.9096374511719,4159600
2025-06-26,351.22473152421486,353.16836110937015,348.69126123475854,351.4954833984375,3187900
2025-06-27,351.6018211911906,357.92584695406174,351.0119805125801,356.5624084472656,5503700
2025-06-30,357.0845677463513,358.6994291657198,352.6751636017525,354.5317687988281,4600700
2025-07-01,352.3077282567881,367.15080294914793,350.9636481218092,360.8364562988281,5152600
2025-07-02,361.3102762155556,361.61971536072656,357.171623555552,359.5697326660156,3011400
2025-07-03,359.5310764981941,360.85582791024314,356.165991900266,359.4053649902344,2573600
2025-07-07,358.7477710315114,360.478664766331,352.68484762707243,355.4987487792969,3433100
2025-07-08,353.9322389363761,358.16759487664467,353.0522879958862,355.3633728027344,2531700
2025-07-09,355.3730776284032,358.81550710006275,352.7429038119928,358.7864990234375,3384200
2025-07-10,356.8138205311285,365.4585804950195,356.3400121637835,360.9718017578125,3701700
2025-07-11,358.1289122964318,359.521358911731,354.9862429719945,357.8485107421875,3068900
2025-07-14,358.24498212526095,359.02822967518244,354.3480732561147,357.8871765136719,2481100
2025-07-15,357.76148490395576,358.5060451631887,346.67992818136577,346.7959899902344,3868700
2025-07-16,347.97567451093755,349.02970342692333,340.82006407264356,345.596923828125,4259800
2025-07-17,344.76533187492925,348.42049680003726,342.94741385222386,347.1827697753906,3128900
2025-07-18,348.0917459350541,348.69126584234476,345.1811411163945,347.5308837890625,3361600
2025-07-21,348.8073048437816,353.7001971285355,347.9563619229997,352.0176696777344,3503900
2025-07-22,352.44312995898844,359.90817965032494,351.7082193671252,358.7574768066406,3095400
2025-07-23,359.42465326999735,365.40055225239126,359.2795833985,363.92108154296875,3238000
2025-07-24,363.07985316788535,365.40058771045227,359.9661918911047,360.7687683105469,3088000
2025-07-25,362.28692197230157,363.5729859685138,360.7300765982126,362.9444580078125,2221000
2025-07-28,361.3973309398731,368.4949259388953,360.6624497952527,364.7720947265625,4062800
2025-07-29,364.54961945225097,367.1894721476525,362.39325431580465,364.8783874511719,2931600
2025-07-30,365.2071812018907,366.02911601201936,357.4230427577251,359.7921142578125,3110700
2025-07-31,356.97822916541895,360.4980033669028,354.72516054011356,355.373046875,3091600
2025-08-01,355.672844866703,362.4223132506945,353.6711990093834,361.3199768066406,3008200
2025-08-04,362.460977483312,369.2878199790924,361.34896191429084,368.2434997558594,2844300
2025-08-05,369.24913561818704,374.1613861584563,368.3788638403454,372.6819152832031,2931400
2025-08-06,373.3298081028548,376.08569358960045,371.8213290066929,374.0260314941406,2812800
2025-08-07,375.78591122024596,378.52246766159715,370.69961203945695,373.4168395996094,2433000
2025-08-08,374.29676150013864,376.43379801947555,373.4458480803386,375.0413513183594,2326700
2025-08-11,377.1010041516825,378.59012473254023,370.64158730208237,374.7319030761719,2605800
2025-08-12,378.49347689740523,383.2896660211393,376.1533837366586,382.9222106933594,2911300
2025-08-13,386.2968992928492,394.3518189442157,385.5813471137362,393.7329406738281,5187500
2025-08-14,387.9504607169136,390.28084497237023,386.17120038642724,387.0995178222656,3600200
2025-08-15,388.92707853043134,389.48794065977467,382.3709879963991,386.1905517578125,3841400
2025-08-18,383.4733695525994,384.99152772825846,379.54745252555506,381.6651306152344,4407100
2025-08-19,387.77639008007606,400.6758359064842,387.77639008007606,393.7523193359375,7629300
2025-08-20,396.15041154342725,397.5912247260266,388.40495989263286,388.4726257324219,4195300
2025-08-21,386.7030776065693,391.07379513383484,383.08659959749883,384.5660705566406,2942600
2025-08-22,387.63135707774444,400.8112342300775,385.15590284110766,399.15771484375,5284700
2025-08-25,396.8078935676022,397.4944671454696,394.0906958583752,395.3961181640625,3579500
2025-08-26,394.52588553879133,395.531548019559,391.34452883630235,394.0810852050781,3180900
2025-08-27,395.2897580617879,398.0939799404055,393.75227119912927,394.7579040527344,2487800
2025-08-28,393.5588984371735,395.4445118429186,391.4412204312409,393.9940490722656,4051600
2025-08-29,394.2648042444122,395.39614868954186,392.0117355296734,393.33648681640625,2210300
2025-09-02,390.3485436049629,395.0963954018657,389.4492637468054,392.8916931152344,3328600
2025-09-03,391.56694218438946,395.5121880396359,390.24219087404623,394.2454528808594,3025100
2025-09-04,397.2600894010183,401.8403728256421,395.9861677471998,400.3525085449219,3873100
2025-09-05,405.11754363773105,408.8226178492379,402.61831162671075,407.4125671386719,5855600
2025-09-08,406.9749892700853,408.99769539417065,404.30072112075976,408.3753356933594,3742600
2025-09-09,406.6054488503357,407.1889314722671,401.3833372545098,403.9020080566406,3516000
2025-09-10,404.0770428202423,405.9344471617109,400.4011408925683,401.8501281738281,2897800
2025-09-11,404.2520901069122,413.50990907145683,402.84200964465566,411.7594909667969,5316400
2025-09-12,408.69622210825554,411.84701630125346,407.34451659055753,411.0495910644531,5004200
2025-09-15,410.8356495901566,411.64277925991445,406.24563192743295,411.06903076171875,4884700
2025-09-16,412.0804293843755,412.8389479257134,408.5212178666636,409.8437805175781,3726700
2025-09-17,412.7513785983885,414.9977612941385,404.35903482258374,405.5162658691406,4771700
2025-09-18,406.0511429878587,409.7854199351742,404.4076812634016,405.98309326171875,3677200
2025-09-19,405.8760981858028,407.0527678467049,403.66862209846425,404.24237060546875,6718400
2025-09-22,402.70587046992364,403.4546845448791,399.80795525150035,400.65399169921875,2656300
2025-09-23,400.6539731783087,402.3363415649943,396.2389914749436,399.593994140625,2597000
2025-09-24,395.5874366429679,399.3411220300941,393.8564571706638,398.4853515625,3220700
2025-09-25,395.4512918948509,399.54534472840567,394.4399240629465,396.2292785644531,2554300
2025-09-26,396.91972701956456,400.08022560159,394.66361014003166,398.79656982421875,2316600
2025-09-29,398.75766657857974,399.63290531995125,392.72842549843006,395.59716796875,3008400
2025-09-30,395.4318710489828,395.79167691601566,392.36862444808656,394.0315246582031,3211600
2025-10-01,393.2535498958814,393.97316159749386,384.42358668128367,386.08648681640625,3787800
2025-10-02,384.60839345015114,386.43662520149616,382.94549315596385,384.13189697265625,2964700
2025-10-03,383.27609925380614,386.37825254638744,381.81740759938197,384.18048095703125,2951300
2025-10-06,383.6359134364591,383.6359134364591,375.0977059544146,378.6082763671875,3653700
2025-10-07,378.7250266598306,379.01675314931214,374.8935271531156,376.15771484375,2505700
2025-10-08,375.8173102434433,375.8173102434433,372.43316459219193,373.2208557128906,2517600
2025-10-09,372.3553630865562,373.77514803569323,367.0651721318674,367.2888488769531,3321400
2025-10-10,369.78809206527785,369.78809206527785,364.4589941977949,365.40228271484375,2992400
2025-10-13,368.6308809274205,371.78164577617406,366.8026490897424,368.922607421875,2925900
2025-10-14,368.43634606259553,378.1804256443732,367.60004373018455,377.0426330566406,4399900
2025-10-15,378.51103978401335,383.50947434180813,376.07988706518233,377.60662841796875,3690100
2025-10-16,378.92918616223017,379.259819366573,373.3958802696069,376.7217102050781,2783700
2025-10-17,377.80115149933664,382.28418309319864,376.5369638928536,381.1075134277344,2657700
2025-10-20,380.63101126516386,382.3522567670641,377.40243321809885,378.180419921875,2761100
2025-10-21,376.88702375141975,382.78986978554445,375.23382800086443,380.1350402832031,2306900
2025-10-22,380.47538873488134,382.22580676746367,377.48022173582456,378.2581787109375,2857000
2025-10-23,376.4689017102443,378.01511142661644,370.79943640638646,374.4267272949219,2767300
2025-10-24,378.9681015073717,378.9681015073717,375.04908447214564,376.03125,2426800
2025-10-27,377.02319835539487,378.56940801701535,372.3553670460668,374.66009521484375,3065800
2025-10-28,373.8335013939448,379.26955526933915,372.2872621610022,375.1268615722656,2372800
2025-10-29,372.4526102885826,374.3975325355203,364.8674253963886,367.62921142578125,3852300
2025-10-30,367.30823999904493,374.1057626435103,365.7522964466755,369.0975646972656,2384300
2025-10-31,366.5789579935506,370.4493641725706,364.6826764994138,369.13653564453125,2643500
2025-11-03,366.6275697464224,368.0570887541689,363.3892576559226,367.9306640625,2897600
2025-11-04,366.95818218185974,373.1138475541215,366.3746996179726,372.5303649902344,2590000
2025-11-05,372.24839971795575,372.8610549707219,360.3260169130116,363.54486083984375,4763000
2025-11-06,361.5805182090473,362.3973820280062,357.4280900328899,358.90625,3622100
2025-11-07,358.8284019214945,363.36007408409415,357.4475238166886,360.8900146484375,2766400
2025-11-10,359.60643055581005,360.452467039932,353.4410301931099,360.2287902832031,3257900
2025-11-11,361.74580038362024,365.64537894835036,360.69555543820746,363.933837890625,2407300
2025-11-12,361.81386654389695,363.272558161854,358.84787212491375,360.90948486328125,3375800
2025-11-13,361.42490876665056,363.2336722315698,356.5236963397476,357.93377685546875,3034800
2025-11-14,355.8332360732777,357.2141141827383,349.89148346357575,352.3809814453125,3413300
2025-11-17,351.1848930100947,353.7619090719871,346.29341470792065,348.1702575683594,5127200
2025-11-18,330.6173283766702,339.19441254022405,326.75665670531777,327.2137145996094,10168500
2025-11-19,331.5800630406063,332.3385815128617,322.2444305286613,325.2882385253906,7595000
2025-11-20,327.0969997002432,329.567059191382,322.9835082613831,323.22662353515625,4025300
2025-11-21,325.356351446162,337.36625322520536,323.8295802366419,333.8653869628906,7441300
2025-11-24,332.77619990804084,334.24459598688446,327.2817709576355,327.3109436035156,6132900
2025-11-25,329.66433368202786,343.27878994028265,329.51847044326416,341.4019470214844,6316600
2025-11-26,340.6142414881474,347.4895190539308,339.3889309798961,345.6807556152344,4517300
2025-11-28,345.1556025907452,347.97573377578397,343.7649903745483,347.0908203125,2119600
2025-12-01,344.2998610600955,352.31296118111214,343.16209812463956,347.4895324707031,5107100
2025-12-02,347.0033054241789,347.6548674645102,341.62559635370235,344.2804260253906,3965300
2025-12-03,344.7374624136521,350.54305640922786,344.00811658343986,348.0535583496094,4166700
2025-12-04,348.71911535336596,349.9131924709116,342.56276473239785,343.7079162597656,4022800
2025-12-05,343.19895387165076,348.0633464265518,342.1027577808173,347.0747985839844,5959200
2025-12-08,344.4713302562425,344.60833982606607,338.3541382135411,342.47467041015625,7273000
2025-12-09,340.37039845373465,349.0910719398561,337.62987820622,337.93328857421875,5063100
2025-12-10,336.7881454975472,344.53983485927705,336.6902644468525,343.66876220703125,6316100
2025-12-11,348.4352899865784,355.0124966552466,346.4190656980946,349.8642578125,6609800
2025-12-12,351.62602366535515,353.09414987244986,348.48421207641735,352.0077209472656,3861200
2025-12-15,351.75326163701504,354.9635630414982,348.06335203323914,349.40423583984375,4387400
2025-12-16,349.31615106277945,351.1170489325283,344.3343131247511,345.1858215332031,3497200
2025-12-17,344.49091449028276,349.90340512869824,343.5219607726549,349.1693420410156,3875200
2025-12-18,355.8150530732911,358.5163848099426,347.0258606581617,347.44671630859375,4805200
2025-12-19,346.58541127955135,346.58541127955135,337.5907194306183,337.66900634765625,12825600
2025-12-22,337.97241246450307,340.50737327299396,336.39663812507706,339.02947998046875,3523700
2025-12-23,336.69028944414873,340.11591738907464,334.6740651003779,337.6396789550781,3873400
2025-12-24,337.0230372348798,340.85975340339644,336.59238450568597,339.95928955078125,1368600
2025-12-26,339.616749893519,342.6117251227173,339.2056912607851,342.34747314453125,1786900
2025-12-29,342.56275799846856,342.87596540293737,337.4243166284915,340.06695556640625,3790000
2025-12-30,338.67714901066444,339.60697424818056,336.41623697955146,338.9903564453125,2392600
2025-12-31,338.1583614393335,339.34264140403627,336.6608740870579,336.7881164550781,2317500
2026-01-02,336.1323898352527,341.08486663752296,333.67574556691306,338.47161865234375,3763000
2026-01-05,335.41793317807316,339.9691187237194,333.9987324770484,336.77838134765625,4725300
2026-01-06,334.2434119942842,343.22833754050873,330.53393794584446,341.8678894042969,4680300
2026-01-07,345.83178268284996,350.8821400825564,341.6133693854721,341.6427307128906,4442700
2026-01-08,337.9724478428672,355.5214431146019,336.7881676979742,351.9196472167969,5196500
2026-01-09,355.77590141056635,367.51111346981986,353.632434855731,366.67919921875,7093500
2026-01-12,366.67922605349804,368.42140133976915,361.40374473161967,366.97283935546875,5859800
2026-01-13,367.88307640024254,372.10149016492375,362.9403965662702,371.67083740234375,4785800
2026-01-14,368.68560018174225,372.01334655731694,366.0233971074624,367.9613342285156,4959900
2026-01-15,368.0298576269892,372.10146445701383,366.5030087993679,371.1031494140625,2990100
2026-01-16,371.19124144254374,374.63643351070186,369.4882246061678,372.0917053222656,3709000
2026-01-20,364.33018071485697,369.3218156656606,363.41015259231614,367.1391906738281,5353700
2026-01-21,367.8145223498818,377.7195050958379,366.71832628164384,376.4667053222656,5169800
2026-01-22,378.2382530449191,382.3000628313615,372.44403525172845,372.93341064453125,4828100
2026-01-23,373.3934198383746,376.20242977736825,371.1520722052226,375.61517333984375,3138300
2026-01-26,376.8190408591946,379.1876308298576,373.83386300262646,378.3165283203125,3984800
2026-01-27,376.77014149089877,378.2871933198306,370.2320632887583,372.27764892578125,3466100
2026-01-28,372.1308348268722,372.9040563253842,365.7102319421367,367.3251647949219,3371500
2026-01-29,366.9336686607455,369.07713530060647,362.284602364362,363.9093322753906,4744500
2026-01-30,364.49657950368345,367.1489857391411,360.71858598230574,366.6302490234375,3755600
2026-02-02,366.28767783702625,371.58272307589243,360.41517322936585,370.0852355957031,4757200
2026-02-03,369.27288458137934,383.45497361161824,368.9890384961104,373.0019226074219,5684400
2026-02-04,376.41776544446515,382.23154756833605,376.19264200827143,378.9723205566406,5574700
2026-02-05,378.46334758938633,378.77655501017597,372.73764950494666,374.24493408203125,3759700
2026-02-06,373.23684302396947,378.159958571324,371.0444506929488,376.96588134765625,4685400
2026-02-09,376.19264106698864,377.58248033769564,370.163562457197,372.904052734375,3639300
2026-02-10,375.65433486260844,383.4158213872818,373.8240756812119,381.39959716796875,3160800
2026-02-11,376.8190294616336,383.1026222641518,373.96106419967566,382.3783264160156,3229900
2026-02-12,385.187358063094,389.18067797780816,380.7340539554721,381.9281311035156,3702200
2026-02-13,381.908564252376,385.62780524875825,378.87443087685193,382.740478515625,2875900
2026-02-17,383.89544883635097,385.6278270527202,372.41469084659906,374.9007263183594,3485300
2026-02-18,374.6168560607417,376.93649059942254,371.4750744620919,375.3704833984375,2982600
2026-02-19,375.58581909315217,375.58581909315217,369.3707754637165,370.53546142578125,2930900
2026-02-20,369.42948029989446,376.6428685046932,367.9613541837774,374.1274719238281,3984100
2026-02-23,372.89425117804547,375.977340039125,361.7267011620893,368.979248046875,5495700
2026-02-24,380.8417107584177,385.9703852790173,374.0883361890514,376.31011962890625,5675800
2026-02-25,372.9725454847734,373.3346784735209,363.4786515163307,367.58941650390625,5036900
2026-02-26,370.3593224067619,373.3738918063265,366.9728527674773,367.1196594238281,2889400
2026-02-27,365.9157289111819,374.0687391147384,364.4280385734429,372.6299743652344,4819500
2026-03-02,367.03154064678733,367.13918889487417,361.1590359964387,362.9305725097656,4537600
2026-03-03,356.0010127710523,360.94369199596207,352.46770711379116,359.12322998046875,3964700
2026-03-04,358.41855457469165,361.716939988571,353.8282109374275,361.2666931152344,4324400
2026-03-05,358.3402236370215,359.18196482294223,351.5672851014027,353.99456787109375,4752200
2026-03-06,349.94255357633443,351.81197110412063,345.71434314288405,350.3144836425781,4167400
2026-03-09,348.04377907067123,348.91485172224776,338.2954297848507,346.047119140625,4224500
2026-03-10,345.5381703207324,353.9554326757943,343.5610747056572,349.5608215332031,3986000
2026-03-11,347.906742012967,348.7484832111462,341.6916686197754,343.3849182128906,3197100
2026-03-12,340.9512279608855,343.5425566286561,333.7191718320135,333.9457702636719,3893600
2026-03-13,336.6651978613972,338.36976775473033,333.05901726415016,334.0443115234375,2531900
2026-03-16,337.40418868905533,340.1630007521627,335.6405034404279,337.5421142578125,3194400
2026-03-17,339.81816704201003,341.68035764135743,335.92624251251857,336.4090270996094,3075900
2026-03-18,333.62066680099906,334.8030019580219,325.28508517224077,326.0634460449219,3592200
2026-03-19,324.12242413889567,325.37376721971134,319.8561127917808,323.3834533691406,3845400
2026-03-20,322.93020208868677,325.37374274161465,315.55035751193924,316.03314208984375,9672200
2026-03-23,327.10784167944627,329.7977059156196,323.38343046640387,326.03387451171875,5806300
2026-03-24,321.10742781217783,327.6300717030042,318.26977522756266,326.04376220703125,4566400
2026-03-25,330.07358186100777,332.2313787270356,322.18136510255556,327.6202087402344,4397800
2026-03-26,326.56593457755275,329.2065159991698,321.7872513641968,323.6001892089844,3448400
2026-03-27,322.68389984010173,322.72332003339125,316.0233004076466,316.919921875,3977400
2026-03-30,320.93006084928754,323.16666808726706,317.83622231185035,318.7427062988281,4066000
2026-03-31,323.65932500963066,326.56595531217556,318.6540430408731,324.053466796875,5749100
2026-04-01,324.5264147036482,328.1917111081323,322.9893578310064,324.713623046875,3386200
2026-04-02,318.84123847490497,321.5015150184395,313.9738822734865,316.90020751953125,3732300
2026-04-06,314.9985972226668,321.87593213773096,314.2300688775543,321.84637451171875,2448300
2026-04-07,318.2500813990391,319.60979244017267,310.673165290877,314.082275390625,4661600
2026-04-08,328.3591748751156,333.7979883682909,327.36401804999974,331.2165222167969,4610600
2026-04-09,326.388616523007,335.5617045306175,323.6199418005998,334.58624267578125,3002000
2026-04-10,336.0248127567512,336.2120210994593,330.8717121868362,332.37921142578125,3208300
2026-04-13,330.60565624287267,336.4188865710081,327.0487282012957,336.14300537109375,3741200
2026-04-14,335.9853517224209,337.71947928880917,333.36446531187323,337.6701965332031,2882500
2026-04-15,336.8228540004552,337.2366607575258,331.6697541162465,333.92608642578125,3365200
2026-04-16,334.9902184465357,336.9509746615948,331.7387590995254,332.1919860839844,2856700
2026-04-17,337.7983122720913,346.8433072133841,337.7983122720913,344.2618408203125,4930400
2026-04-20,343.2174366312315,346.00583653193246,338.5668460102951,345.8284606933594,3260900
2026-04-21,347.7399078982703,348.35078554942595,337.92638515117363,338.8624267578125,3081000
2026-04-22,338.8919874460811,340.1629954470494,332.95066400346604,334.5074157714844,2855800
2026-04-23,334.50744745169345,335.81787576813997,331.9259809451064,335.1577453613281,2712400
2026-04-24,332.91125712465214,335.26609496653134,329.75830320236696,330.9505310058594,3255900
2026-04-27,329.56126408981737,332.41861168305576,327.25567892552993,327.4132995605469,3282900
2026-04-28,329.5316980954363,330.9899144482985,322.5459348903251,324.220947265625,4279300
2026-04-29,320.8709611177203,321.0483068839262,314.35814983882847,318.0628662109375,4150000
2026-04-30,317.5012539357068,325.26537852338674,317.5012539357068,323.96478271484375,4317900
2026-05-01,325.24565828599395,325.6594650583568,318.60475417876165,319.11712646484375,3865300
2026-05-04,317.34356938789824,317.34356938789824,307.6680023826615,307.8256530761719,6396100
2026-05-05,308.8011039225745,312.959047256485,305.8353583254913,310.78155517578125,6391400
2026-05-06,317.2253492112466,320.4571133614208,314.6537454823368,318.29931640625,5455900
2026-05-07,320.2304978152761,322.6740083417755,317.6884217799922,317.8953552246094,4411700
2026-05-08,317.93474702110166,319.2353426707153,312.14121191718147,312.78167724609375,4995500
2026-05-11,311.8456552875821,312.45653296086624,305.15549837099616,306.8206481933594,4335700
2026-05-12,308.6237547613812,310.150948950067,304.56431685148686,305.89447021484375,4225700
2026-05-13,303.08638666631595,303.1652270544281,294.86903523029974,298.1007995605469,6307800
2026-05-14,300.57390974137434,301.48039382713375,296.98745373152394,299.8743591308594,5072600
2026-05-15,295.8937302385283,298.47519650583126,292.51417798992316,293.1349182128906,6121500
2026-05-18,294.84933010653106,299.31271224674526,292.92799412343095,295.4010925292969,6366100
2026-05-19,287.57783348316474,298.7313718247998,284.84857918279005,297.9924011230469,8692500
2026-05-20,296.6327042526405,306.4363947204983,292.30727784287797,306.0126953125,5810900
2026-05-21,301.85475235570635,309.3725528012548,299.9038888531578,309.1656494140625,4516600
2026-05-22,309.8750586089163,310.32828556949477,306.8797555054846,308.4660949707031,2963800
2026-05-26,310.42684744524456,312.1314175610734,304.41654566531474,305.97332763671875,6978200
2026-05-27,310.12136308197864,316.27945210266927,309.88490208559824,313.17578125,5990100
2026-05-28,312.7817028577755,317.1465496037087,310.52537038117634,316.48638916015625,6818900
2026-05-29,315.7671367684214,317.36330876728886,312.3383016854047,312.47625732421875,6963300
2026-06-01,310.4958029229232,311.24463622584767,303.1652107990409,306.12109375,4544200
2026-06-02,305.4215416998635,307.6088962755514,304.03227311149993,306.9388732910156,4310000
2026-06-03,303.4115246580221,308.9094535404009,302.60357612746606,308.3675537109375,4328300
2026-06-04,315.5049467263879,318.403599213189,305.85605078553533,307.6826171875,4558600
2026-06-05,308.5561528759146,311.7525986238699,306.3722648476684,308.50653076171875,3946300
2026-06-08,306.62045149296284,311.4746638676563,304.8236946299612,307.4443664550781,4381800
2026-06-09,309.0723663566284,320.52795549693786,308.00024998881105,318.9793395996094,4875300
2026-06-10,320.9051596578416,321.6298303667879,316.4678580086006,316.5870056152344,4823800
2026-06-11,319.93233407887243,324.6376494749074,316.2196730066971,323.6251220703125,4656600
2026-06-12,326.0969127055492,328.59846715733096,322.9104034108394,325.98773193359375,3649000
2026-06-15,331.3184370072605,335.52741021038827,327.12930659108537,327.4072570800781,4695000
2026-06-16,329.48195490895256,335.7954145326594,327.33775250061905,334.6240539550781,5131500
2026-06-17,333.55197998269495,338.6543633465824,323.78396663149965,325.0843811035156,6085400
2026-06-18,329.27351216388143,335.5472561594589,328.4793462633244,331.8346252441406,10604400
2026-06-22,327.585930781475,329.30328611244005,323.9527013683971,324.23065185546875,4713600
2026-06-23,321.5007640397083,326.6130837898613,319.3466553723836,322.0765380859375,4788000
2026-06-24,326.7123600579221,340.4511116799111,325.3126710965327,340.3518371582031,6385000
2026-06-25,339.74631356501925,346.08958287234753,339.3194664460809,342.4761962890625,6974100
2026-06-26,345.35498409810776,347.93597025012764,343.31999268085383,346.3079528808594,7771700
2026-06-29,346.30796611732103,348.779771593463,343.0122759730193,348.24371337890625,5786500
2026-06-30,348.1245733949154,350.91401476625776,344.7593579765289,350.1000061035156,4579000
2026-07-01,351.39054305253717,354.50755727558504,348.27349853515625,348.27349853515625,4041300
2026-07-02,350.2588479333682,355.5697168646199,345.1068121812833,355.2818298339844,3110500
2026-07-06,355.2024317145021,356.2248957008094,343.2703427329958,348.0848693847656,4460800
2026-07-07,352.46261179283084,352.81999402230383,341.96002145419817,342.6846618652344,3592800
2026-07-08,335.51746569664226,335.51746569664226,328.24110074686496,333.75048828125,4192300
2026-07-09,335.2891698936722,338.2374444527704,333.1548737064404,336.2520751953125,2780800
2026-07-10,337.06606773965154,341.8805944502874,335.4281440922459,340.78863525390625,2748000
2026-07-13,341.4835329455154,342.5853984087983,332.9762178919015,334.6439208984375,3650400
2026-07-14,337.0362951640151,339.24999292947075,334.1078935040618,335.2693176269531,2807300
2026-07-15,336.5101711499915,343.7170716460562,334.79284603598825,338.9422607421875,3953100
2026-07-16,339.05141987244593,348.24368914862276,338.148103527179,345.4740905761719,3810300
2026-07-17,346.3774576909258,351.39053349528973,335.61675940843014,336.39105224609375,4434000
2026-07-20,337.4829959680537,337.7113243396537,328.98561793122497,330.60369873046875,4125300
2026-07-21,328.87640129200065,330.5639772575944,324.60786955925937,329.1742248535156,3112600
2026-07-22,331.0901002710247,334.097933459434,328.2907223705125,329.02532958984375,2907700
2026-07-23,322.92030555418336,325.8288946116248,320.6867650845805,322.3346252441406,4523100
2026-07-24,322.69201940343424,331.02062819830684,320.8654832094117,330.5441589355469,3874500
2026-07-27,336.90725567373363,339.3889672822994,332.8968012318786,333.6313781738281,3622400
2026-07-28,340.13347371189195,346.87378048907175,340.0937578445657,341.9500732421875,4308000
2026-07-29,337.89002113209693,342.74423353473367,334.495026147691,335.7954406738281,4028500
2026-07-30,332.5394250801792,333.23431646100056,327.8341094785939,330.91143798828125,6275400
2026-07-31,330.0080852280822,331.55667084801746,326.39469858534585,329.5315856933594,4961900
2026-08-03,337.3142314565633,341.126167165973,331.27872212293863,337.5326232910156,2908100
2026-08-04,337.741121159039,348.29333390946084,336.8675537894677,345.6925048828125,4275000
2026-08-05,347.59845998552333,351.95632983727285,345.6031541488199,350.5566711425781,3140400
2026-08-06,350.9140306560572,350.9636527717977,344.967859180145,346.963134765625,2622400
2026-08-07,348.9386046403958,354.21966416090896,346.1888486641563,353.0185241699219,3584800
2026-08-10,349.52427926105196,351.41037408001614,344.52114002902516,348.21392822265625,3124800
2026-08-11,349.71288949562955,355.7384623950411,348.0352499864083,351.8868713378906,2549700
2026-08-12,349.4250091127092,351.28132462652724,340.5206262766717,340.9176940917969,3965800
2026-08-13,344.4615642861647,345.206077753642,338.0190507751135,339.2003479003906,2439900
2026-08-14,338.3168506868042,338.3168506868042,333.5519765191293,336.381103515625,3073100
2026-08-17,332.26147100502055,336.95688030952056,330.4548079641576,335.4082946777344,5580000
2026-08-18,334.31635102921473,342.01959397178314,328.27090486006995,335.0211486816406,6603400
2026-08-19,338.92240470580333,347.8366934263856,338.92240470580333,341.78131103515625,4971000
2026-08-20,333.54205438988197,336.40099113174557,329.1643112906949,332.0430908203125,4027700
2026-08-21,334.0582233645888,336.10315129465374,330.5639843459303,333.1548767089844,3422800
2026-08-24,333.4229292601251,339.7165463845368,332.7081950914107,334.9615783691406,3298600
2026-08-25,336.8873851133212,337.0065024243307,331.25888010780307,335.4082946777344,2528100
2026-08-26,336.94693389837937,336.9568704387829,332.06294252407247,332.40045166015625,4258100
2026-08-27,328.1517689125653,329.5812372185705,325.4814448058147,326.2060852050781,3618000
2026-08-28,328.08226594055674,329.1841313242223,325.1042120893565,327.7745361328125,3136100
2026-08-31,325.838797551875,326.8414187355763,323.36702248478053,325.4317932128906,3858700
2026-09-01,323.62512835314175,324.43910673216897,316.4678503051231,317.4307556152344,3291000
2026-09-02,319.1481100391916,319.81322207391105,315.38582679146464,316.17999267578125,3499300
2026-09-03,318.2099914550781,320.44000244140625,315.2099914550781,318.07000732421875,3377700
2026-09-04,316.70001220703125,321.79998779296875,316.1000061035156,321.04998779296875,2261000
2026-09-08,320.7300109863281,321.5,313.239990234375,313.70001220703125,5655700
2026-09-09,310.4700012207031,313.3900146484375,309.8399963378906,310.45001220703125,3611700
2026-09-10,308.1300048828125,308.2799987792969,304.29998779296875,305.69000244140625,4493800
2026-09-11,309.0899963378906,311.2099914550781,307.8999938964844,308.739990234375,3488800
2026-09-14,307.1700134277344,312.6700134277344,306.5,310.8699951171875,4178400
2026-09-15,310.6000061035156,311.1300048828125,304.32000732421875,305.4800109863281,4494200
2026-09-16,307.489990234375,308.79998779296875,302.4700012207031,302.4700012207031,3720400
2026-09-17,307.010009765625,310.3999938964844,302.5,302.510009765625,4152600
2026-09-18,298.67999267578125,302.25,298.25,299.9800109863281,8191600
2026-09-21,301.0,301.739990234375,295.3900146484375,297.20001220703125,5434300
2026-09-22,302.0899963378906,306.30999755859375,300.17999267578125,305.3500061035156,5456100
2026-09-23,303.42999267578125,304.1300048828125,296.6700134277344,296.7200012207031,4684900
2026-09-24,296.0,299.1000061035156,291.07000732421875,292.17999267578125,7053800
2026-09-25,292.69000244140625,297.1400146484375,291.3999938964844,293.20001220703125,5968600
