dt,o,h,l,c,v
2008-01-02,38.49689918565321,38.75138732041233,38.01106301494683,38.12095642089844,11970500
2008-01-03,38.02840278747733,38.4043498572659,37.802835428140135,38.132511138916016,9277600
2008-01-04,38.0110721910496,38.404370124857756,38.0110721910496,38.080474853515625,12714800
2008-01-07,38.03419430555906,38.87284187064979,38.02840928152466,38.67041015625,12352700
2008-01-08,38.780289178052655,39.185152456815395,38.520016145123364,38.71666717529297,13478500
2008-01-09,38.745591024868155,39.497485161018446,38.745591024868155,39.214080810546875,19489900
2008-01-10,39.00008238263902,39.46278718441436,38.95381101992549,39.277706146240234,13043400
2008-01-11,38.94801664001991,39.34709932536338,38.94801664001991,39.26034164428711,15541800
2008-01-14,39.497478059578135,39.497478059578135,38.93066504786537,39.30082702636719,11661600
2008-01-15,39.1562465692349,39.42808533607802,39.01165185603584,39.19095230102539,11545300
2008-01-16,38.942243554403646,39.82137734122119,38.942243554403646,39.50905227661133,18310300
2008-01-17,39.543762785485626,39.6536517642021,38.173003349374966,39.23143768310547,18336600
2008-01-18,39.4222986360141,39.4222986360141,38.178783412023556,38.340728759765625,22716600
2008-01-22,37.40376695732198,38.606796274816716,37.30544359139593,37.75079345703125,29488900
2008-01-23,37.59463628582993,37.924312150598396,35.93468911683103,37.13193130493164,22843600
2008-01-24,37.328573235064695,37.328573235064695,36.63451814169481,36.73284149169922,18084400
2008-01-25,36.75018412969434,37.010454993059824,36.056129229499625,36.12553405761719,23938400
2008-01-28,36.24121257782364,36.51305129778562,36.148672065589324,36.47834777832031,10182000
2008-01-29,36.634505013617094,36.66342350582358,36.33953286296766,36.42050552368164,10074000
2008-01-30,36.42050456630838,36.43785521990828,35.85947656562402,35.963584899902344,13653300
2008-01-31,35.77852029396098,36.66343933428909,35.69754759828919,36.51884460449219,21274200
2008-02-01,36.640287365523555,36.77909921523218,36.29326105076124,36.64607238769531,11780400
2008-02-04,36.657643550818676,36.84850737934886,36.437859021485394,36.70969772338867,7976200
2008-02-05,36.8542941530316,36.871644809266044,36.32218456299726,36.3626708984375,11320400
2008-02-06,36.541971475341754,36.65186264919451,36.3106190809423,36.46678161621094,9556900
2008-02-07,36.327964782714844,36.54196427122413,36.14866660208627,36.327964782714844,13693300
2008-02-08,36.35110529052128,36.54775416316373,35.82478069114588,35.876834869384766,13338800
2008-02-11,35.934675725230015,35.9404585424828,35.48932378120412,35.79008102416992,11133400
2008-02-12,35.94045016896371,36.524613860696626,35.865260324155216,36.42050552368164,11421300
2008-02-13,36.20073256788324,36.87165195041363,36.20073256788324,36.67500305175781,11190600
2008-02-14,36.61136693722044,36.802232944682004,36.21806929124453,36.3163948059082,10864100
2008-02-15,36.246994903321294,36.495697940269146,36.11975307968598,36.38002395629883,11916000
2008-02-19,36.58246769087434,36.917928532695775,36.46679146244141,36.819602966308594,10392600
2008-02-20,36.81960308307926,36.84852158869407,36.501495108635254,36.570899963378906,13772900
2008-02-21,36.657648634602026,36.76753981133883,36.29326937607894,36.42629623413086,11085000
2008-02-22,36.53982363364245,36.842575793047445,36.38844866442728,36.78435516357422,10142300
2008-02-25,36.87750214256209,37.22683029162479,36.80181356257464,37.17443084716797,9979000
2008-02-26,37.069653779866364,37.30254083031678,36.91245757493417,37.0987663269043,9219200
2008-02-27,36.80182204445483,37.17443941492695,36.65626824530324,36.70284652709961,9569700
2008-02-28,36.737779062398,36.96484486115164,36.38845082288818,36.51071548461914,8545200
2008-02-29,36.504894960672225,36.53400527765468,36.027478655040625,36.07405471801758,12028300
2008-03-03,36.09734533725743,36.272009467274984,35.876102921381914,36.23125457763672,8841200
2008-03-04,36.15555874061507,36.56310977644126,36.10315928999492,36.46995544433594,14347700
2008-03-05,36.539831576114615,36.84258380132728,36.46996636136558,36.755252838134766,13654600
2008-03-06,36.65046205118337,36.85423656489711,36.39428583854253,36.46415328979492,12137700
2008-03-07,36.13228149429852,36.341877131903914,35.748019493892706,35.81206130981445,14935800
2008-03-10,35.916851906116264,35.945964440478704,35.61409976073813,35.70725631713867,14229400
2008-03-11,35.95760911854728,36.4059150808827,35.80041297187387,36.353515625,13635600
2008-03-12,36.35933994536427,36.755246461886045,36.17885243251692,36.41756057739258,13132300
2008-03-13,36.40008866594445,36.93572549698925,35.89938331980947,36.568931579589844,15810500
2008-03-14,36.89498160705728,36.89498160705728,36.24290111647326,36.47578811645508,20835000
2008-03-17,35.887747225581535,37.43061850802543,35.887747225581535,37.285064697265625,21927300
2008-03-18,37.69261259556276,38.02447509765625,37.512127296409176,38.02447509765625,15062200
2008-03-19,38.07105901398889,38.315588379716566,37.739196462801225,37.77412796020508,15845800
2008-03-20,37.826521590549866,38.13509493041999,37.77994330929982,38.06522750854492,16276300
2008-03-24,37.93713447914576,38.158374597230754,37.63438016813653,37.77993392944336,9887900
2008-03-25,37.80323328090421,37.92549794041113,37.465547397342554,37.581993103027344,9511900
2008-03-26,37.38403496759001,37.756652315401794,37.38403496759001,37.66931915283203,11354700
2008-03-27,37.73920207600393,37.989554875852335,37.564535679104665,37.62276077270508,10772200
2008-03-28,37.75084078043798,37.84399736763304,37.29671352273847,37.366580963134766,8755200
2008-03-31,37.43061324324947,37.84980886998802,37.09875077907298,37.7682991027832,13668500
2008-04-01,37.91966727800849,38.37961773293572,37.558696764432945,38.35050964355469,11204700
2008-04-02,38.33887185363162,38.408739280053815,37.931322971043,38.02447509765625,9791500
2008-04-03,37.72756030377769,38.181687612371974,37.72756030377769,38.001197814941406,7651200
2008-04-04,37.98373133722565,38.39710373693969,37.86146663663003,38.269020080566406,8079600
2008-04-07,38.222429111059334,38.565933950003156,38.13509594188648,38.507713317871094,8901900
2008-04-08,38.414574832029814,38.78136894242833,38.28066333283291,38.612525939941406,8861100
2008-04-09,38.55429210984435,38.7173116587482,38.39127256094049,38.59504699707031,8589900
2008-04-10,38.577596079774764,38.7580814437287,38.51355202638119,38.618350982666016,8272100
2008-04-11,38.54264594910571,38.86286609823053,38.391273189473644,38.426204681396484,9234800
2008-04-14,38.42037602077389,38.67072870979816,38.27482223510742,38.27482223510742,10326800
2008-04-15,38.21078439063391,38.43784797762133,37.83816699445202,38.22243118286133,17362000
2008-04-16,38.30393518151852,38.373802598492475,37.91967105108535,38.25153350830078,12617900
2008-04-17,38.216616321529926,38.426214208934724,38.1642190706541,38.28648376464844,8841500
2008-04-18,38.46696456398997,38.89198368601909,38.39127817434652,38.723140716552734,10741100
2008-04-21,38.57177103878601,38.758079792917954,38.4553297331852,38.612525939941406,8975600
2008-04-22,38.46113745622479,39.101577775836894,38.30394129537895,39.00259780883789,13185600
2008-04-23,39.07828789149871,39.293704684052976,38.862866656994754,39.15979766845703,10643000
2008-04-24,39.130705077781045,39.43927859670319,39.0200827061101,39.22386169433594,9613100
2008-04-25,39.34028483422799,39.415971218721516,38.973490820521,39.188907623291016,9182200
2008-04-28,39.183094128380155,39.39851096116468,39.10740329139054,39.19473648071289,9071600
2008-04-29,39.1539729341022,39.293703340976165,39.08410550969044,39.119041442871094,7706800
2008-04-30,39.27041555703714,39.398503618578445,38.96184219529656,39.06081771850586,13098400
2008-05-01,39.08411202858793,39.520773509606364,38.97931309546549,39.480018615722656,13165100
2008-05-02,39.30536192878225,39.776954969732124,39.30536192878225,39.74202346801758,12562300
2008-05-05,39.61391943380783,39.77693896548599,39.42178736778038,39.53240966796875,10550400
2008-05-06,39.41596282680462,39.57898679569321,39.18889927971745,39.346099853515625,9487600
2008-05-07,39.287878987461305,39.404320236861345,38.88614912571796,38.956016540527344,12628400
2008-05-08,39.02588550673584,39.10157632822403,38.83375341796529,38.950199127197266,9444500
2008-05-09,38.72895925336846,38.990958799830224,38.62998371983742,38.746429443359375,8758400
2008-05-12,38.76969787231368,38.94436416330436,38.600859417490526,38.83956527709961,7707900
2008-05-13,38.8628718798294,39.00842570709468,38.600876767532014,38.664920806884766,9532400
2008-05-14,38.76388962049113,39.07246297006524,38.664914101184245,38.897796630859375,9022000
2008-05-15,38.996779388841766,39.00259834313629,38.624157542349344,38.822113037109375,8407900
2008-05-16,38.95602449903085,38.95602449903085,38.600872841271546,38.822113037109375,9764900
2008-05-19,38.77554114730831,38.88616348444995,38.57759006184492,38.793006896972656,8748300
2008-05-20,38.68237364752173,38.973481204912595,38.44948671321927,38.51353073120117,12612400
2008-05-21,38.653279933588216,38.833765285617325,38.18168688244068,38.269020080566406,11216800
2008-05-22,38.515261748211316,38.55043942499026,38.23382691421496,38.35109329223633,9882700
2008-05-23,38.30419357465727,38.39800222055529,38.02862312871279,38.06380081176758,9073500
2008-05-27,38.00516039025191,38.304184041564234,37.9992959534504,38.198646545410156,8358200
2008-05-28,38.2221021896656,38.292457542628256,37.89962524440378,38.040340423583984,14779300
2008-05-29,37.911369206740254,39.078142164691705,37.841009352520814,38.94328689575195,13264000
2008-05-30,38.9843216895723,39.30093426409387,38.90810188345363,39.13090133666992,10995000
2008-06-02,39.01949361841674,39.28333512472872,38.784965349886825,38.99604034423828,9630900
2008-06-03,39.054679038766054,39.3067961946185,38.95500595868046,39.14262771606445,11363000
2008-06-04,39.107444935056684,39.24816460578333,38.855327783240796,39.019500732421875,8962800
2008-06-05,39.08398722745707,39.34196428518394,38.99017413500769,39.25988006591797,8679800
2008-06-06,39.03708204946139,39.14261954553874,38.50939456907462,38.55630111694336,14267200
2008-06-09,38.62667458557853,38.81429639181378,38.29247310343271,38.48009490966797,8695900
2008-06-10,38.233823761004636,38.65010930382511,38.233823761004636,38.47421646118164,10170100
2008-06-11,38.409728094431145,38.609074247165566,38.17519978813654,38.22796630859375,10392400
2008-06-12,38.25141660229201,38.59734683357062,38.204514523296545,38.515262603759766,9743400
2008-06-13,38.568017628674234,38.913947756882195,38.54456435953694,38.85531234741211,8938300
2008-06-16,38.673570284249976,38.790836675968684,38.40386429318013,38.60321044921875,7984700
2008-06-17,38.72048057334294,38.843606941574585,38.40386799506619,38.456634521484375,7304000
2008-06-18,38.274861533695656,38.679422630457076,37.641636636135374,37.78235626220703,12845600
2008-06-19,37.7061357414536,38.09897247817941,37.6064626847378,37.88789749145508,9089600
2008-06-20,37.69442173833819,37.887907941745524,37.45403121195894,37.559566497802734,16435000
2008-06-23,37.64164124689096,37.79408529051456,37.49506387667951,37.69441223144531,8689900
2008-06-24,37.58300279626919,38.01687709338812,37.58300279626919,37.9465217590332,10692800
2008-06-25,38.01102649613135,38.509396288032406,37.94653110824658,38.27486801147461,10391100
2008-06-26,37.9230791631071,38.31591146799527,37.67682647705078,37.67682647705078,12412700
2008-06-27,37.641656985335274,37.940680760823184,37.17260473128744,37.27227783203125,19081600
2008-06-30,37.254668553759664,37.882029010305686,36.99668704791695,37.72372055053711,12516900
2008-07-01,37.37780283529472,38.098976528819655,37.37194063465233,37.9289436340332,16637300
2008-07-02,38.07552885819477,38.17520194018084,37.81754725940201,37.89963150024414,10708000
2008-07-03,37.72960059837628,38.32178363034337,37.67096963367543,38.181068420410156,7714900
2008-07-07,38.16934119898092,38.661851164991916,38.03449042164586,38.25728988647461,14506700
2008-07-08,38.198637257030015,38.86117531035005,38.198637257030015,38.820133209228516,15476900
2008-07-09,38.78498531134222,39.28335534268005,38.708761012718234,38.802574157714844,13940700
2008-07-10,38.73218688603459,39.400589414670236,38.73218688603459,39.24814987182617,17399900
2008-07-11,38.87878147463896,39.125038664398424,38.69702415625589,38.84946823120117,16631500
2008-07-14,38.95501636625973,39.248175720073824,38.749801239984464,38.93742752075195,11114700
2008-07-15,39.34196215766607,39.85792519172669,39.160204892442465,39.69375228881836,24203400
2008-07-16,39.73479906669821,40.344570786553966,39.57649505471145,39.981056213378906,18883600
2008-07-17,40.1276321462604,40.13349210943237,39.283332231047254,39.76997756958008,14217400
2008-07-18,39.72307608088058,39.998646475686435,39.605814176954844,39.76411819458008,12903500
2008-07-21,39.85791879794132,39.85791879794132,39.283324913070835,39.34782028198242,11279400
2008-07-22,39.29505149419956,40.016224989718445,39.29505149419956,39.8637809753418,15551300
2008-07-23,39.99277261862424,40.074856826689135,39.64684695224416,40.027950286865234,10256800
2008-07-24,40.02212440644544,40.60257879299562,39.70551170289326,40.25665283203125,16543100
2008-07-25,40.38560406166304,40.57909017983992,40.19798237916678,40.47355270385742,10504500
2008-07-28,40.4325113777318,40.450100211857986,40.11589894369885,40.15108108520508,9814300
2008-07-29,40.1921231892508,40.455964647651335,40.04554360719409,40.15108108520508,13012200
2008-07-30,40.280083401492,40.280083401492,39.699629277891695,39.916568756103516,13523100
2008-07-31,39.7523970090915,40.48529515104927,39.74653257144437,40.14522933959961,13798400
2008-08-01,40.162819629345854,40.338716979068515,39.82861824347714,39.92829132080078,9052300
2008-08-04,39.975176573553625,40.702209916662206,39.8520502836665,40.44423294067383,13694700
2008-08-05,40.6377305909643,41.33545098224804,40.532193090377305,41.30613327026367,20179200
2008-08-06,41.24750481827012,41.915907538060466,41.089200794427185,41.669654846191406,18729400
2008-08-07,41.37649051725826,41.68723856261137,41.04815363511227,41.423397064208984,14181000
2008-08-08,41.493763337739786,42.02731538497932,41.26509945271019,41.95109558105469,12071300
2008-08-11,41.88074303395899,42.15631352627059,41.681392358842665,42.01559829711914,10231600
2008-08-12,41.90418504349667,42.13871334448759,41.79864753171352,42.03903579711914,8696800
2008-08-13,42.021442889049375,42.12111595351268,41.628610595043504,41.745872497558594,10600600
2008-08-14,41.745876901721445,42.09767159289051,41.41753996143599,41.74001693725586,9459500
2008-08-15,41.523066529550384,41.86899669181881,41.49374882192871,41.82209014892578,10790800
2008-08-18,41.98626551684243,41.98626551684243,41.511348992987585,41.68137741088867,9846300
2008-08-19,41.423393550680515,41.851403453852136,41.423393550680515,41.716552734375,9133700
2008-08-20,41.73415280846301,41.95109227318907,41.38822255245418,41.67552185058594,10278400
2008-08-21,41.44100297337801,41.94523737769049,41.34132987498648,41.79279327392578,7840100
2008-08-22,41.92850277922107,42.30028097001995,41.79277166062569,42.146846771240234,7717700
2008-08-25,42.04654593186262,42.10555772744505,41.63345886047414,41.78099060058594,8205000
2008-08-26,41.7337811010541,41.910816495173435,41.456420697724376,41.72787857055664,6439600
2008-08-27,41.733757899912646,42.129141679515335,41.49180380945456,42.022918701171875,8399300
2008-08-28,42.18227702981052,42.306203150980366,41.99933461086432,42.140968322753906,8148200
2008-08-29,42.005213223053005,42.13504180053749,41.55671572873626,41.562618255615234,10368300
2008-09-02,41.95209921474606,42.54812836102501,41.763258876618224,42.32978439331055,15122400
2008-09-03,42.294372902624545,42.430104003441286,42.08192696362103,42.199954986572266,9844000
2008-09-04,42.188168672779625,42.188168672779625,41.54493254563258,41.57443618774414,13676200
2008-09-05,41.53902698860968,41.94031341102601,41.49181576189943,41.704261779785156,10746400
2008-09-08,42.017033193719634,42.713383111082855,41.78098603717149,42.61896514892578,15226500
2008-09-09,42.4360433762051,42.93765052793046,42.099666595458984,42.099666595458984,19050100
2008-09-10,42.28258115021721,42.49502713342937,41.91079842844112,42.03472900390625,12611100
2008-09-11,41.85178599244729,42.22356870833026,41.497710860142696,41.9934196472168,15725800
2008-09-12,41.934407578915426,42.412413332660755,41.485914467427264,41.657047271728516,15141200
2008-09-15,41.261661761368224,41.83408543592351,41.0787239074707,41.0787239074707,20929700
2008-09-16,41.08463391791564,41.60394393772491,41.01381707336001,41.19085693359375,23336300
2008-09-17,41.18496062617528,41.899013699652556,41.019725799560554,41.01972579956055,24167100
2008-09-18,41.42690573862336,41.86950090464417,40.836778850595614,41.85770034790039,29279900
2008-09-19,42.40059919356756,42.89630792417655,40.84266518704056,41.30296325683594,27446100
2008-09-22,41.20856168120796,41.72787172196241,40.30566826268325,40.370582580566406,16067900
2008-09-23,40.529910509240054,40.77776269511308,40.16403025701531,40.21714401245117,13635900
2008-09-24,40.27616316375394,40.71875836335563,39.86307611171684,40.24075698852539,12469600
2008-09-25,40.45320435914762,41.29118355040438,40.40009059226753,40.93120574951172,14577700
2008-09-26,40.583020677295245,41.16134695968085,40.56531759252097,40.954803466796875,13087200
2008-09-29,40.60662442596391,41.22625937846537,39.47948455810547,39.47948455810547,25740100
2008-09-30,39.833569788037615,41.002023149503735,39.780460522763036,40.883995056152344,19623000
2008-10-01,40.760069128212166,40.760069128212166,39.70374132484134,40.00470733642578,25547700
2008-10-02,40.10502783951679,40.28206772922797,39.92208992184361,40.00470733642578,30897500
2008-10-03,40.128624481129705,40.34697302928525,39.00738260251841,39.04279327392578,25416700
2008-10-06,38.38185187850857,38.97197874410253,36.759002998125176,38.06318283081055,33471600
2008-10-07,38.42316517616284,38.74183426198815,36.64688183755389,36.87703323364258,24172200
2008-10-08,36.37541997467166,37.68550234889247,36.068553731558886,36.80031204223633,37910400
2008-10-09,36.96553562265163,37.27240177259662,33.979496002197266,33.979496002197266,33493900
2008-10-10,32.69303233288552,34.81748834860965,30.722008326155297,32.958587646484375,50089400
2008-10-13,34.498797193495854,37.05994648238865,34.19783364681201,36.989131927490234,32537300
2008-10-14,39.243440955877304,39.82176732992821,37.17799669504166,37.768123626708984,38915400
2008-10-15,37.95103620542055,38.21659584881715,35.466604021543745,35.726261138916016,25064700
2008-10-16,35.84429300312062,37.75630205068723,34.41028509186842,37.47304153442383,34602200
2008-10-17,37.14848459065038,38.35824414816929,36.61146926262222,36.9714469909668,25254100
2008-10-20,37.437645722732434,38.080884065003296,36.67638381400509,38.027774810791016,18035000
2008-10-21,37.596976439169275,38.29922874485184,37.396333244853544,37.56747055053711,14042400
2008-10-22,36.74719938541702,37.23700350252594,35.55514287290064,36.24559020996094,23324900
2008-10-23,36.49343876074058,37.26060309498409,35.52563123897293,36.853416442871094,23490600
2008-10-24,34.817478567350584,36.87702193413084,34.605032575229416,35.87380599975586,23132100
2008-10-27,35.64956772283917,36.99505640179696,35.466627564268975,35.49613571166992,21067000
2008-10-28,36.257397717095444,38.063186930737125,35.74398791905093,37.8802490234375,27526400
2008-10-29,37.39633056637442,37.39633056637442,35.431209709438185,36.31049728393555,29020100
2008-10-30,36.79440147370689,37.030453071036,35.218764152672925,35.74397659301758,23629000
2008-10-31,35.90331232065342,36.375413280423835,35.307285281034815,36.1983757019043,19784900
2008-11-03,36.286898383571824,36.48163905944557,35.7380802725061,36.09215545654297,11846900
2008-11-04,36.487539238622034,36.68818017914261,36.180673048344424,36.522945404052734,14645400
2008-11-05,36.4403376711467,36.4403376711467,35.248281010794,35.319095611572266,19758000
2008-11-06,35.24826777953153,35.59644262513281,33.932285499012735,34.180137634277344,22899400
2008-11-07,34.49880187665224,35.69676045338946,34.39257890430797,35.53742599487305,16245700
2008-11-10,35.99773590940993,36.14526761395669,35.159756908138796,35.413509368896484,12841200
2008-11-11,34.98861971401573,35.64366084469894,34.23325585328612,35.142051696777344,14393000
2008-11-12,34.71715509632678,35.13614451612441,33.985396992448685,34.180137634277344,18385200
2008-11-13,34.4633953696239,37.18387718589458,33.82605754203735,37.11896514892578,27304500
2008-11-14,36.30459012792242,36.88291394849631,35.18334864342636,35.437103271484375,22065300
2008-11-17,34.69947288727485,36.056764761469864,34.610955173332094,34.97683334350586,16564900
2008-11-18,34.68764413225129,35.997726029429494,34.49880378235321,35.93281173706055,21199500
2008-11-19,35.66727008015503,36.31050851021982,34.23326149066339,34.29817581176758,27534900
2008-11-20,34.227347475850905,34.55191669995994,32.456967433996546,32.93497085571289,31046400
2008-11-21,33.607354783172376,34.81526713689361,32.42324421717555,34.720062255859375,30802200
2008-11-24,35.237740768325054,35.6364104965569,34.46419855975349,35.17228698730469,20508500
2008-11-25,35.69591630869253,35.701865620889414,34.19048609817119,34.92832565307617,21416200
2008-11-26,34.285691340500485,34.80931934397158,33.63115803855924,34.672462463378906,18507700
2008-11-28,34.7914759820089,34.9640333098307,34.29164966896792,34.856929779052734,7688500
2008-12-01,34.309510039491144,34.40471497160405,32.85763425730323,32.92308807373047,18847200
2008-12-02,33.387204812418695,33.91678227778836,32.696968632296866,33.81562805175781,16081100
2008-12-03,33.36934427612706,34.51775217983064,33.02422515791529,34.107181549072266,18783300
2008-12-04,34.16670507352993,34.279762502749584,33.042095986199904,33.42886734008789,17053600
2008-12-05,33.23844673779097,34.73197421023367,32.87547730392682,34.6486701965332,16614100
2008-12-08,35.148491044315165,35.565013317453875,34.363050081191325,34.9699821472168,16361100
2008-12-09,35.07709320733494,35.10684431634206,34.21429742694354,34.39875793457031,13779200
2008-12-10,34.999731411555885,34.999731411555885,33.82157002881495,34.392799377441406,13131200
2008-12-11,34.154792613032086,35.0116367445801,33.9465303260827,34.66056823730469,15953500
2008-12-12,34.04172326995143,34.2975867838308,33.565698919663014,34.06552505493164,14749700
2008-12-15,34.35115434426762,34.743874884808406,33.8870306881369,34.39875793457031,12984300
2008-12-16,34.77958624504452,35.553126621326385,34.291660672165285,35.463871002197266,17915200
2008-12-17,35.13658410627669,35.33889476016157,34.74981527405142,34.97592544555664,15634400
2008-12-18,35.434118681754704,35.85064110709638,34.80338686353822,35.10090255737305,18919300
2008-12-19,35.43411028168351,35.79113039156827,34.83312972134708,35.01163864135742,23131200
2008-12-22,35.213954825725736,35.428166470956924,34.54752036156772,35.0651969909668,14157000
2008-12-23,35.2199040396969,35.666177542698016,34.85693683060877,34.916439056396484,10555500
2008-12-24,34.98782264960793,35.08302751963947,34.66650536205279,34.84501647949219,3633700
2008-12-26,35.0116244345816,35.30913993716307,34.63080495445542,34.84501647949219,4249100
2008-12-29,34.85692635440184,35.035435247978775,34.11908671912313,34.6010627746582,9860100
2008-12-30,34.79742564177048,35.2079963684082,34.67246962973256,35.2079963684082,10880600
2008-12-31,35.21395956561665,35.73163626469636,35.14850574633415,35.600730895996094,11920500
2009-01-02,35.77921806914921,36.296894452832795,35.13063412665652,36.0886344909668,11638900
2009-01-05,35.95177784453173,36.16004009070874,35.32104633348883,35.73161697387695,15540000
2009-01-06,35.89822442859286,35.96367593757643,35.04732984330989,35.51740264892578,22097600
2009-01-07,35.24965026917043,35.594767194459834,34.95808397430418,35.18419647216797,14293300
2009-01-08,35.4995558130376,35.636412695496105,34.8866744981444,35.118736267089844,17345400
2009-01-09,35.190141944735,35.43410462611232,34.839073474473615,35.13658905029297,14698300
2009-01-12,35.15443916416251,35.350798250668724,34.601060048764964,34.714115142822266,15253100
2009-01-13,34.868830143430706,35.17824666405186,34.73792481268396,35.01163864135742,15513400
2009-01-14,34.83907730101042,34.86287909445752,34.14289186666245,34.482059478759766,16707900
2009-01-15,34.56537102575359,34.63082483707866,33.327704734898035,34.28570556640625,20383600
2009-01-16,34.553455275410535,34.553455275410535,33.69661132145618,34.178585052490234,20746500
2009-01-20,33.6252045458873,34.529652038724514,33.61925523396631,33.76801300048828,23153700
2009-01-21,34.26784540820633,34.26784540820633,32.78026747291323,33.53595733642578,22306100
2009-01-22,33.541912310723916,33.898932437371386,33.08968954080747,33.83942794799805,19146100
2009-01-23,33.410999831079025,33.553806035316924,32.78621531048121,33.30389404296875,21334000
2009-01-26,33.44074971853888,33.8870230628169,33.202736360311825,33.649009704589844,16347800
2009-01-27,33.82751005980647,34.357089534852,33.625199437278695,34.23808288574219,14771500
2009-01-28,34.6486551582541,34.958071553322405,34.452296106879174,34.84501647949219,18096400
2009-01-29,34.6129519889029,34.96997194884487,34.30353786809488,34.67840576171875,16159300
2009-01-30,34.6189246101797,34.743880650664956,34.06554526532844,34.32735824584961,13858500
2009-02-02,34.06554526532844,34.59512281107837,33.86918382753918,34.32735824584961,10933900
2009-02-03,34.553462587279306,34.99378668656986,34.05363627423833,34.856929779052734,13181700
2009-02-04,34.93428770418777,35.184202034995174,34.315454596332046,34.488014221191406,11429500
2009-02-05,34.47015708242956,34.833126472183174,33.910828579939775,34.57726287841797,14781300
2009-02-06,34.66650789336471,34.940223900822104,34.39279415577062,34.81526565551758,11458700
2009-02-09,34.78551675426539,34.92832521369241,34.488001211167266,34.80931854248047,9357000
2009-02-10,34.49991555144195,34.80933210924115,33.67877169689271,33.756126403808594,16612000
2009-02-11,33.84537939446592,34.13694344668698,33.637117087301,34.11314392089844,14692600
2009-02-12,33.86918166734649,34.42256097690295,33.36935753728449,34.38090896606445,14424600
2009-02-13,34.339245747861305,34.39279864001327,33.8037190962053,33.97627639770508,12563900
2009-02-17,33.36340168818496,33.79182491046151,33.16109097431704,33.30984878540039,15246500
2009-02-18,33.143241614165504,33.47645766683323,32.97663131796753,33.22059631347656,15517100
2009-02-19,33.47646093060847,33.619269445577785,33.101592834809665,33.28010177612305,12199800
2009-02-20,33.00410595876128,33.2800918683918,32.72812233781785,32.78812026977539,24427000
2009-02-23,32.50013238170115,33.05210187164942,32.14615490829675,32.18815231323242,20500400
2009-02-24,32.75812248011759,32.860117827327464,32.30214960837349,32.72212600708008,18848100
2009-02-25,32.59013734536853,32.85412143514727,32.15216264954384,32.374149322509766,21016500
2009-02-26,32.69211977679532,32.69211977679532,31.378193920297868,31.462188720703125,21284600
2009-02-27,30.952226921457772,31.198212738037114,29.96228271717977,29.998281478881836,29873300
2009-03-02,29.416324855068886,29.65631211023369,28.702366318420125,28.750362396240234,27902900
2009-03-03,28.78634961974071,29.116330246661693,28.402371996509956,28.582361221313477,25987400
2009-03-04,28.666360356308214,29.62030590894852,28.43237409996602,29.458314895629883,24253500
2009-03-05,28.98434466716435,29.164333924868174,28.444374605365304,28.600364685058594,22344000
2009-03-06,28.55835703274148,29.1523238878463,28.204377294356874,28.780345916748047,19202100
2009-03-09,28.47437353745921,28.648364151749643,27.748415539652793,27.958402633666992,23304900
2009-03-10,28.336376401972114,28.720354038598867,28.15638717088923,28.666357040405273,21883400
2009-03-11,28.93034062189539,29.23632205667428,28.540362084517113,28.738351821899414,16569300
2009-03-12,28.63036573974164,29.59031000473134,28.39637946819338,29.3983211517334,16337000
2009-03-13,29.80630226493747,30.472264694550354,29.548316777993957,30.38226890563965,16509600
2009-03-16,30.676239733546492,30.904224998565546,30.388256539295856,30.43625259399414,16547600
2009-03-17,30.418273462648052,30.472270488523833,29.67431469376935,30.430273056030273,17325700
2009-03-18,30.412258644010375,30.94623000676156,30.148274576126965,30.39426040649414,16730400
2009-03-19,30.69425376138424,30.69425376138424,29.6923118588913,30.034292221069336,18963600
2009-03-20,30.652248054630505,31.19821675631858,30.53225445552254,31.000226974487305,27591800
2009-03-23,31.426195071431597,31.93616485595703,31.000217806147077,31.93616485595703,18822300
2009-03-24,31.792179438362428,32.15815654668451,31.384202630747517,31.618188858032227,17093700
2009-03-25,31.786179042684047,31.960169625982292,31.20421164481136,31.714183807373047,15822000
2009-03-26,31.846179889747987,32.2181579763181,31.348207269009993,31.73818588256836,14574000
2009-03-27,31.61219656220695,31.97217740840658,31.52820171803339,31.69619369506836,11293600
2009-03-30,31.522197827932697,32.07416516286777,31.414203820891057,31.804180145263672,15743200
2009-03-31,32.01417613555144,32.098170983149046,31.444208155683167,31.55820083618164,18517700
2009-04-01,31.37819102481486,31.918160818574275,31.126206646851433,31.822166442871094,13730300
2009-04-02,31.972161119373546,32.47613221634182,31.594182224475674,31.78017234802246,17418900
2009-04-03,31.798179807926527,31.978169047215054,31.04822273698486,31.288209915161133,15213700
2009-04-06,31.216200031626727,31.52218367711284,31.000212114503928,31.318195343017578,12768700
2009-04-07,31.132224452723236,31.19822105576202,30.76624495491751,30.81424331665039,13130100
2009-04-08,30.922241190468657,31.120228735538845,30.71825270509105,30.868244171142578,10935000
2009-04-09,31.192217576535953,31.23421499220737,30.658246184008313,30.844236373901367,15056300
2009-04-13,30.760246750317307,30.934237381091492,30.598255710150433,30.688251495361328,12067200
2009-04-14,31.192224295360145,31.474206677223467,30.724249394853363,30.82024383544922,20768400
2009-04-15,31.072229845968263,31.246220480135356,30.808243424835315,31.060230255126953,11502500
2009-04-16,31.14420482214794,31.390190552496364,30.928216905025142,31.318195343017578,12216300
2009-04-17,31.498210957292002,32.02018066946581,31.348219476542994,31.82819175720215,17691800
2009-04-20,31.90017588971092,32.09216702363242,31.402205537600256,31.480201721191406,15308900
2009-04-21,31.52818865577379,31.726178382458794,31.198208066652345,31.474191665649414,12236500
2009-04-22,31.25820501407628,31.28820512326921,30.664240386523044,30.70623779296875,13348300
2009-04-23,30.82622482761523,30.904218686656264,30.184261992417863,30.838224411010742,14595000
2009-04-24,31.054214509296933,31.102212849777466,30.382253763377367,30.550243377685547,14767300
2009-04-27,30.790239193280758,31.02422544744903,30.37626368888208,30.51425552368164,13055900
2009-04-28,30.466255683503817,30.76623851548377,30.24426902867112,30.388261795043945,12084100
2009-04-29,30.628256305557084,30.652255488936877,30.07028787976147,30.616256713867188,18496500
2009-04-30,30.880223300583097,31.564183566368207,30.80822579673136,31.41419219970703,20004600
2009-05-01,31.516212977854828,31.552211761474613,31.000241856081125,31.55221176147461,12504500
2009-05-04,31.564191307972457,32.33814749905361,31.55819037016968,32.254150390625,15114500
2009-05-05,32.24815252795971,32.63813110191226,32.06816329716901,32.614131927490234,13320600
2009-05-06,32.848117572476085,32.848117572476085,32.146158898264254,32.52413558959961,16616500
2009-05-07,32.32615684646736,32.99811787880313,32.122168389850884,32.93212127685547,15243000
2009-05-08,33.040103865583845,33.29808924462818,32.81811724478536,32.986106872558594,13030600
2009-05-11,32.73412684725469,32.92011473490007,32.39814525769193,32.464141845703125,13073000
2009-05-12,32.6861104098392,33.100085657356644,32.33813171381427,32.99809265136719,11826000
2009-05-13,32.81811548271933,33.26208870047854,32.70412056540493,33.08810043334961,10972400
2009-05-14,33.19009434194091,33.238092684943105,32.85411280698649,33.01010513305664,11986300
2009-05-15,32.99810524998315,33.26208926805572,32.824114691198375,33.24409103393555,16430700
2009-05-18,33.47807563625215,33.67006442000445,33.13009682395866,33.62806701660156,12879100
2009-05-19,33.72407811224414,33.72407811224414,33.41809655179878,33.53208923339844,13350400
2009-05-20,33.730085273638515,33.886075408215184,33.478098393244345,33.52009582519531,13729800
2009-05-21,33.550343053773766,33.64113509101207,32.957174721579115,33.28402328491211,12492700
2009-05-22,33.35059906763534,33.55639233598215,33.06612183560979,33.15085983276367,7425900
2009-05-26,33.10243887209214,33.54428867699837,32.75743282841279,33.447444915771484,11389200
2009-05-27,33.55639548303363,33.59271276047867,32.78164536903934,32.817962646484375,12480300
2009-05-28,32.83612015058436,33.24165269208039,32.60006361939264,33.00559616088867,10890800
2009-05-29,33.04191485946145,33.45955317807543,32.684803030291505,33.38692092895508,12505200
2009-06-01,33.74402284865568,33.925604572600975,33.453491628555824,33.76218032836914,12454200
2009-06-02,33.925609553852745,34.18587757633267,33.66534153137282,34.02245330810547,10277000
2009-06-03,33.822722907129155,34.07693696257312,33.68956184440831,33.9921989440918,11191300
2009-06-04,34.11325051676791,34.13746203624107,33.57455690764699,33.79850769042969,12219700
2009-06-05,33.78035693283037,34.01641352236156,33.374821982172186,33.852989196777344,10215400
2009-06-08,33.72586910225193,33.980083082128374,33.386914820146195,33.67139434814453,9891200
2009-06-09,33.913518770645034,34.04667985739196,33.683516195821745,33.71377944946289,11173700
2009-06-10,33.90745900538569,34.046671786283746,33.423240135101636,33.68955993652344,13263900
2009-06-11,33.68349378226394,34.18586992344456,33.65928227188646,33.925601959228516,12778400
2009-06-12,33.82271400127001,34.22219477530741,33.725870247228734,33.931663513183594,11882300
2009-06-15,33.79850463627159,33.8832426378328,33.01164879599803,33.138755798339844,14810500
2009-06-16,33.29612272078091,33.4837584976151,33.04190874146086,33.06006622314453,12606700
2009-06-17,33.09638998429759,33.61087207699258,33.01770370001259,33.4111328125,13061800
2009-06-18,33.51401420709037,33.99823285100783,33.29611524009335,33.76823043823242,12103400
2009-06-19,34.07694378412341,34.28879118167233,33.84088716854634,33.94983673095703,19334700
2009-06-22,33.81665711645446,33.87113186781795,33.52007415487088,33.58665466308594,13237400
2009-06-23,33.61693571767337,33.647198971373236,33.23561225602801,33.296138763427734,12447400
2009-06-24,33.44745664168345,33.79246511525226,33.31429786639995,33.568511962890625,12467600
2009-06-25,33.47770672368738,34.161664700711896,33.362703182695704,34.05876922607422,14239900
2009-06-26,34.022446500753794,34.25850296020508,33.68349458315678,34.25850296020508,32295700
2009-06-29,34.26456870588846,34.50062524603659,33.91350860386683,34.47641372680664,13811100
2009-06-30,34.639826536341,34.639826536341,34.03455260984417,34.37955856323242,15974700
2009-07-01,34.39166931985832,34.609568334512595,34.13140130890318,34.54298782348633,15318000
2009-07-02,34.33720686364828,34.33720686364828,33.86509370210718,33.88325119018555,15118600
2009-07-06,33.961918326757136,34.355344969772666,33.71980784725785,34.270606994628906,12879500
2009-07-07,34.26456979403758,34.325096285097054,33.97403848086435,34.03456497192383,9678600
2009-07-08,34.167737336569644,34.633798860649904,34.034576241421455,34.5490608215332,15414200
2009-07-09,34.56115441495221,34.65194646463552,34.070883811688,34.312992095947266,11324800
2009-07-10,34.10114017021135,34.730625738217995,34.046665413192756,34.458251953125,13661800
2009-07-13,34.446151368568415,35.021162265918754,34.361413358020755,34.936424255371094,13564900
2009-07-14,35.1059081950481,35.53565237915267,34.766953767464386,35.245121002197266,20433700
2009-07-15,35.38432884522773,35.71117746430029,35.239064331598456,35.68696594238281,12986200
2009-07-16,35.67486338873756,36.134873110775196,35.602231125393,35.86249923706055,11596000
2009-07-17,36.05013298668134,36.05013298668134,35.55380831633458,35.85039138793945,11311000
2009-07-20,35.989590507863326,35.989590507863326,35.55379480978297,35.74748229980469,9226300
2009-07-21,35.91091913000577,36.25592523675169,35.60222799727238,36.00776290893555,11222600
2009-07-22,35.983536765506116,36.21959323642021,35.68089979070613,35.82616424560547,9358600
2009-07-23,35.868531683788945,36.5282803526347,35.77168794840502,36.4495964050293,12494700
2009-07-24,36.4738151134217,37.29698823319887,36.44960590496861,37.23040771484375,11413300
2009-07-27,37.21829742581466,37.33935037264747,36.691707409556706,37.08513641357422,7937700
2009-07-28,36.939886811475425,37.266735461265014,36.679618698747205,36.87330627441406,9025500
2009-07-29,36.76434452530538,37.18803448679186,36.734078977538815,37.018558502197266,10522700
2009-07-30,37.32118938567169,37.81146208645109,37.23645140727601,37.39987564086914,12636500
2009-07-31,37.42409208766147,37.62988302865892,36.788552547994605,36.855133056640625,13230900
2009-08-03,37.01857131284588,37.0367288006397,36.57672140800544,36.98225402832031,11178800
2009-08-04,37.01250545220013,37.01250545220013,36.72197190482057,36.958030700683594,8906600
2009-08-05,37.03671138758291,37.060922899216756,36.49196622944248,36.588809967041016,8575200
2009-08-06,36.72196447986955,36.72196447986955,36.134850397721024,36.27406311035156,10835400
2009-08-07,36.29222010526162,36.57669955842953,36.22563961120645,36.25590515136719,9974900
2009-08-10,36.36486799847743,36.75224304199219,36.04407116455514,36.75224304199219,9519100
2009-08-11,36.728021855640996,36.8732863042485,36.40722741510738,36.4495964050293,8302200
2009-08-12,36.47381951701067,36.951986652984864,36.33460673861394,36.673561096191406,8219600
2009-08-13,36.734082596060404,36.734082596060404,36.34670755943571,36.5101318359375,8338200
2009-08-14,36.57065913654655,36.74013745055901,36.09854608873038,36.3648681640625,8961000
2009-08-17,36.07433560159672,36.43750144862201,36.068283876501496,36.207496643066406,12926100
2009-08-18,36.28618082769349,36.28618082769349,36.01380703538629,36.19538879394531,8803000
2009-08-19,36.17722654536768,36.61302455565421,36.12275179408187,36.54039001464844,10498900
2009-08-20,36.6493384627634,37.03671343456739,36.42538774011491,36.891448974609375,9955000
2009-08-21,37.275869424064474,37.477227468543354,36.98298351449955,37.2392578125,12594000
2009-08-24,37.33077909785793,37.39179611206055,37.03179014190533,37.39179611206055,10500700
2009-08-25,37.23316032365191,37.51994548706508,37.129428578899066,37.30638122558594,10808100
2009-08-26,37.37958572011695,37.43450195437516,36.921951210515054,36.995174407958984,10865500
2009-08-27,36.95857649156576,37.056205129984335,36.58026580865007,36.90976333618164,11027900
2009-08-28,37.068413247306395,37.068413247306395,36.64739013232825,36.7877311706543,10897800
2009-08-31,36.635186738777854,36.97078508069406,36.58637124951335,36.87925720214844,10181300
2009-09-01,36.82433121210557,37.06840393864638,36.37890046467111,36.57415771484375,11890800
2009-09-02,36.40940870448856,36.622972920545905,36.28737466977009,36.464324951171875,8587000
2009-09-03,36.51314728616556,36.51314728616556,36.17144587287528,36.4216194152832,8722700
2009-09-04,36.43991214420302,36.82432346530798,36.38499590866666,36.8060188293457,7425300
2009-09-08,37.08060109949361,37.08060109949361,36.60466192925613,36.95856475830078,8792600
2009-09-09,37.08671725283394,37.30028152042114,37.01349634880575,37.172142028808594,9303100
2009-09-10,37.24536531092135,37.25146608307756,36.867052263020526,37.01349639892578,8825300
2009-09-11,37.037898208658596,37.15383148225633,36.751113082603446,36.86704635620117,8480200
2009-09-14,36.8182373046875,37.0562069772173,36.73891330462742,36.8182373046875,6654400
2009-09-15,36.934171418301396,36.934171418301396,36.49484367750441,36.70230484008789,8321100
2009-09-16,36.799930682760774,36.824336096532,36.45212851427972,36.726707458496094,10831200
2009-09-17,36.73282135598487,37.15994764582268,36.71451438071185,37.080623626708984,12261500
2009-09-18,37.24535986822982,37.373497013640524,37.043999501741354,37.08671188354492,14463600
2009-09-21,36.885354366581566,37.1538325313812,36.86704739722799,37.01959228515625,7237900
2009-09-22,37.14163208922644,37.32468550610624,36.82433841373122,37.269771575927734,9997200
2009-09-23,37.31859335639906,37.39181427453808,37.0379112304903,37.080623626708984,11175400
2009-09-24,37.15383546328863,37.22095559169773,36.970782048859554,37.050106048583984,9290700
2009-09-25,36.95857382555515,37.196543469056316,36.909760673692176,36.98908233642578,7883600
2009-09-28,37.03790941623442,37.55046047340292,36.88536448645392,37.385711669921875,8721100
2009-09-29,37.391803650148915,37.47722841831395,37.14773321648458,37.17824172973633,7556800
2009-09-30,37.23315547315777,37.275867854359205,36.812132432322116,37.153831481933594,11039300
2009-10-01,37.178246912227955,37.178246912227955,36.470438598930265,36.49484634399414,12207800
2009-10-02,36.50093446252451,36.73280330494718,36.25686175180066,36.44601821899414,9125400
2009-10-05,36.4887345459045,36.568058534627916,36.26906954799358,36.500938415527344,7113800
2009-10-06,36.659594004484944,36.94027608113704,36.208060045289756,36.7877311706543,11766000
2009-10-07,36.71449365179852,37.080602691091386,36.586356535488385,37.04399108886719,7271500
2009-10-08,37.26364248794477,37.3917795576302,37.14770928122684,37.18431854248047,9221000
2009-10-09,37.10503698644248,37.67250442504883,37.10503698644248,37.67250442504883,9247900
2009-10-12,37.764011225036754,38.28266522879834,37.75180735496175,38.15452575683594,12697200
2009-10-13,37.17215357774073,37.46504194015145,36.99520319866718,37.22706985473633,23501200
2009-10-14,37.34907598914056,37.36738295172378,36.69618429647454,36.94635772705078,18951100
2009-10-15,36.873128183580306,37.18431854248047,36.78770347045669,37.18431854248047,14076600
2009-10-16,36.95856526487062,37.04399000658159,36.76330804734565,36.89144515991211,13911200
2009-10-19,36.982986125877,37.50774095710275,36.86705051156172,37.31858444213867,11443300
2009-10-20,37.41011716449967,37.58096673071703,36.9219715564773,36.970787048339844,15725600
2009-10-21,36.97687321208007,37.26976139223879,36.78161597707416,36.799922943115234,12529900
2009-10-22,36.70227875733307,37.36737415934407,36.63515867483627,37.18431854248047,9926600
2009-10-23,37.13553823905946,37.25147154824054,36.68400422078675,36.94028091430664,10743900
2009-10-26,37.03179819587173,37.17824232051769,36.58636737789709,36.66569137573242,11809200
2009-10-27,36.79381241588026,36.854831744279856,36.57414748894048,36.622962951660156,10269600
2009-10-28,36.62297372602796,36.67178687545894,36.30568010795139,36.348392486572266,13837000
2009-10-29,36.50093329811182,36.622969649580675,36.3117768369526,36.52534103393555,13954500
2009-10-30,36.43381962848373,36.537551360245374,35.86635247235007,36.03110122680664,20966900
2009-11-02,36.09211091065771,36.53143847722726,35.94566683670147,36.2995719909668,12297500
2009-11-03,36.63518161660898,36.63518161660898,35.87855793235146,35.957881927490234,17177000
2009-11-04,36.079912915628285,36.647380012129716,35.98228429298556,36.3178825378418,13928700
2009-11-05,36.49483475584081,36.73280437552476,36.41551077339618,36.59856414794922,9190300
2009-11-06,36.57416962638168,36.81824243241254,36.34840379377615,36.7938346862793,8518500
2009-11-09,36.86703720828518,37.068397521972656,36.787715564392805,37.068397521972656,11773800
2009-11-10,37.062314683243535,37.45893007753883,36.9768875730569,37.36130142211914,11776500
2009-11-11,37.15994286769445,37.26367229441599,37.00739795005638,37.14163589477539,11179500
2009-11-12,37.00129939689739,37.48334195450732,36.98909552266854,37.31249237060547,13683100
2009-11-13,37.27587242736664,37.574861460106895,37.24536391243,37.483333587646484,9950500
2009-11-16,37.49553190550007,38.0446920759722,37.47112416610572,37.94706344604492,13767500
2009-11-17,37.80673829418845,38.09962430682248,37.70300884972793,37.93487548828125,11421400
2009-11-18,37.873856583535066,38.13013328679733,37.80063566588199,38.02640151977539,11522100
2009-11-19,37.97758020006208,38.13012510356423,37.611471035066614,38.09351348876953,13298200
2009-11-20,38.01970592941538,38.5117107156811,37.95820621090612,38.32106018066406,16300200
2009-11-23,38.43177575555689,38.806927930825154,38.38872312141112,38.55477523803711,13868100
2009-11-24,38.702376997055005,38.991430935470966,38.53017584875513,38.85612869262695,9681200
2009-11-25,38.97912949332803,39.01602839781363,38.70237597936292,38.929927825927734,7186700
2009-11-27,38.450213106335,38.80076668240771,38.136558424966346,38.677764892578125,6081200
2009-11-30,38.61010194438221,38.73310369647197,38.27800026362213,38.647003173828125,10815400
2009-12-01,38.71466458994486,39.15131869767141,38.71466458994486,39.05906677246094,12302300
2009-12-02,39.059059384163476,39.50801382006611,39.01600911949223,39.28661346435547,10896100
2009-12-03,39.39116925084584,39.8093738696678,39.280465544149074,39.45882034301758,12520100
2009-12-04,39.81553375024174,40.14763794219095,39.45883341855904,39.58183288574219,14992400
2009-12-07,39.655644752402296,39.82784592400334,39.47729219834978,39.58799362182617,9106500
2009-12-08,39.667923240810055,39.75402378410206,39.31736968822754,39.5141716003418,11073800
2009-12-09,39.60642660011682,39.60642660011682,39.37887246537888,39.59412384033203,8911600
2009-12-10,39.76018656936688,39.97543798934523,39.60028350361336,39.833984375,8841900
2009-12-11,39.815531415013176,40.07383778835407,39.80323334586772,39.883182525634766,7194100
2009-12-14,40.09843265264245,40.2275881812737,39.883181258471176,39.95083236694336,8172500
2009-12-15,39.80938218151345,39.852432458963314,39.63717637958566,39.815528869628906,10717800
2009-12-16,39.94467949351032,40.02463335987732,39.82168004204644,39.85243225097656,13333300
2009-12-17,39.63102946385644,39.84012946966104,39.48957587183168,39.649478912353516,10088900
2009-12-18,39.82169454155187,39.82169454155187,39.30508868068373,39.58799362182617,22171000
2009-12-21,39.75402793296781,39.97543069371866,39.50187765619101,39.563377380371094,11125400
2009-12-22,39.551080066596434,39.85858342196945,39.551080066596434,39.68638229370117,7124600
2009-12-23,39.69253382571518,39.87703302436408,39.69253382571518,39.71098327636719,6360400
2009-12-24,39.78477357065521,39.877020795626585,39.6802188954753,39.79092025756836,2433900
2009-12-28,39.91392532894334,39.96927366524519,39.83397147589286,39.93852615356445,5693500
2009-12-29,40.030773380734196,40.2214285985159,39.926223395190135,39.93852615356445,6661900
2009-12-30,39.84012061433702,39.99387224047578,39.68636898819825,39.920074462890625,5602100
2009-12-31,40.04924120405026,40.04924120405026,39.56338530904209,39.612586975097656,6962300
2010-01-04,39.79709020067066,39.96929135711341,39.61259097253755,39.77864074707031,9506200
2010-01-05,39.717142003065455,39.741742839194394,39.249735500875126,39.317386627197266,10673100
2010-01-06,39.29891810888476,39.69252191174765,39.255867839575615,39.637168884277344,13171500
2010-01-07,39.51417926930576,39.57567899900347,39.200526894144545,39.354278564453125,10901600
2010-01-08,39.31121055745019,39.52031518716228,39.1328604726825,39.48956298828125,7898000
2010-01-11,39.82167646437564,39.82167646437564,39.36657290429287,39.495723724365234,7975700
2010-01-12,39.44036952828027,39.80322584341348,39.372718430410146,39.7048225402832,10820700
2010-01-13,39.692517250960975,40.11687320727045,39.692517250960975,39.95697021484375,13023800
2010-01-14,40.09842980789606,40.14148008367615,39.82167870532805,40.036930084228516,7899000
2010-01-15,40.06152747593883,40.09842636854881,39.34811995069145,39.7048225402832,20995000
2010-01-19,39.44652401446789,40.4366850425921,39.42807456670987,40.19068145751953,15181800
2010-01-20,40.264482280404174,40.559682816616395,39.649475689146136,40.06768035888672,13033000
2010-01-21,40.01848254259568,40.264486141112215,39.23742381527949,39.341976165771484,14473900
2010-01-22,39.30507379328139,39.477277245722725,38.800768542264564,38.8684196472168,14017200
2010-01-25,39.15748469337654,39.17593649404991,38.77618110639091,38.880733489990234,10001700
2010-01-26,38.524016221934396,38.7515680257804,38.26571455476826,38.616268157958984,15630300
2010-01-27,38.61011742610591,39.18822518891603,38.560918113180236,39.016021728515625,14982400
2010-01-28,39.0959754991801,39.40347884735428,38.77002270085606,39.2374267578125,17096000
2010-01-29,39.32967433505345,39.52647392229044,38.6347161884229,38.65931701660156,17844400
2010-02-01,38.90531598576203,38.90531598576203,38.603964069415035,38.80076599121094,10153400
2010-02-02,38.86842272322257,39.4834270583926,38.51786910260415,39.354278564453125,13609300
2010-02-03,39.28046998728953,39.28046998728953,38.92376738739577,39.132869720458984,9255900
2010-02-04,39.04678214269617,39.12673133625686,38.51172454604694,38.524024963378906,18397000
2010-02-05,38.55477483367646,39.114430918924896,38.06276987072147,38.524024963378906,16775200
2010-02-08,38.437911259632386,38.73311413657869,38.29030864812727,38.35795974731445,10081200
2010-02-09,38.46865802948746,39.03446525773483,38.419458726980224,38.597808837890625,11356400
2010-02-10,38.616269836535295,38.788470955464646,38.25956483753674,38.579368591308594,10115800
2010-02-11,38.51170341282212,38.87455731377317,38.290300714470504,38.69005584716797,8353600
2010-02-12,38.50556818988453,38.74542041709627,38.19806485324091,38.573219299316406,12335800
2010-02-16,38.89916837981215,39.18207085951905,38.63471534780577,39.12057113647461,10212400
2010-02-17,39.13286268571216,39.581817131216354,39.12056227467682,39.348114013671875,9485500
2010-02-18,39.348129072003736,39.79093230841708,39.32967962142197,39.68638229370117,8260600
2010-02-19,39.75454842513496,39.94665774176245,39.42609927022907,39.543846130371094,14222300
2010-02-22,39.54384686069133,39.723561649885326,39.283566438110114,39.34553909301758,9839700
2010-02-23,39.38893312206433,39.56864797674318,39.18442683237387,39.234004974365234,12481400
2010-02-24,39.38271766219546,39.56863088633189,39.196804438059026,39.32074737548828,8519300
2010-02-25,38.911739152448476,39.25877655662567,38.74441653371375,39.215396881103516,10528900
2010-02-26,39.326944858003,39.4075081248011,39.04187774658203,39.04187774658203,9357800
2010-03-01,39.20919308615011,39.32693755883601,39.147220444724994,39.2835578918457,9219400
2010-03-02,39.2339914002891,39.43849525520991,39.054274243772404,39.314552307128906,9014000
2010-03-03,39.40752420567302,39.50667812680318,39.17823120631251,39.28977966308594,9360400
2010-03-04,39.37032202439296,39.47567434564903,39.27116815004217,39.395111083984375,8067200
2010-03-05,39.450887129908836,39.70496909255893,39.382718394853825,39.686378479003906,10633600
2010-03-08,39.71117144349912,39.915677668767835,39.673985484703664,39.7855339050293,33380500
2010-03-09,40.00244192057136,40.00244192057136,39.717370023056645,39.82891845703125,8827100
2010-03-10,39.965253002352725,40.0086326830227,39.75455304710733,39.841312408447266,8436600
2010-03-11,39.75454056000658,39.79792022705078,39.413696941781375,39.79792022705078,9957800
2010-03-12,39.82272189721575,39.82272189721575,39.568637532599524,39.77314376831055,8223000
2010-03-15,39.74835121880834,40.014827728271484,39.70497154182737,40.014827728271484,7444700
2010-03-16,40.09538597241094,40.107782866742475,39.804125148037905,39.99003601074219,8882000
2010-03-17,40.10779084606098,40.12018301482803,39.95906118070228,40.06441116333008,8060700
2010-03-18,40.021022183695045,40.37425801188435,39.89088316573369,40.3184814453125,11742100
2010-03-19,40.34947967529297,40.58496871399247,40.163564041351115,40.34947967529297,23117600
2010-03-22,40.324674922890885,40.55397015182085,40.26890309122176,40.343265533447266,8803800
2010-03-23,40.39284232882545,40.522981326502446,40.200733055306415,40.504390716552734,9453900
2010-03-24,40.47340298680639,40.47340298680639,40.126365661621094,40.126365661621094,9312500
2010-03-25,40.30609330001378,40.436232330956685,39.99003866599233,40.014827728271484,10496600
2010-03-26,40.08298739939703,40.10777645606805,39.866089063561965,39.897071838378906,9450400
2010-03-29,39.946645825264135,40.23791130102477,39.90946460811295,40.169742584228516,7812900
2010-03-30,40.25031643027886,40.26891177287338,40.00862898488184,40.21933364868164,8311600
2010-03-31,40.18214230430254,40.473407834841325,40.0953829626139,40.40523910522461,11939100
2010-04-01,40.51061028350759,40.75849151611328,40.430044627682435,40.75849151611328,10600600
2010-04-05,40.758472942558214,40.83284011526982,40.51678554128212,40.52918243408203,8617600
2010-04-06,40.361859345146904,40.56016708685815,40.281298450336855,40.47340774536133,8260100
2010-04-07,40.430029036976904,40.584957111627524,40.33087752777592,40.41763687133789,9409400
2010-04-08,40.399045371706386,40.399045371706386,40.13876261870661,40.237918853759766,8962600
2010-04-09,40.20694213389918,40.38665931212042,40.144971834382055,40.36806869506836,6972700
2010-04-12,40.34947967529297,40.41144997726326,40.23793124053405,40.34947967529297,8692200
2010-04-13,40.318470706591114,40.80804386930425,40.22551766711204,40.702693939208984,12481600
2010-04-14,40.54778352025082,40.65313349611943,40.392855416433264,40.584964752197266,10501900
2010-04-15,40.461032631316996,40.615960767570456,40.36187635465966,40.59737014770508,8656900
2010-04-16,40.49199363165309,40.68410763228583,40.21312502767798,40.29368591308594,15742500
2010-04-19,40.318483525883366,40.962984930019275,40.318483525883366,40.91960525512695,14626300
2010-04-20,40.9195911460442,41.02494107331088,40.733680344049155,40.89480209350586,11916400
2010-04-21,40.88861623621427,40.88861623621427,40.324675820627284,40.52298355102539,13355700
2010-04-22,40.39284433983222,40.43002556158277,39.86608987690624,40.14495849609375,19583000
2010-04-23,40.101588896259656,40.306095123291016,39.86609988600048,40.306095123291016,11674900
2010-04-26,40.275095707061645,40.405234705423524,40.10777548860466,40.132564544677734,9281500
2010-04-27,40.014823030397906,40.20693233046933,39.79172622410804,39.835105895996094,11862200
2010-04-28,39.92807145595131,40.19454798598107,39.816523031100935,40.04581832885742,12476600
2010-04-29,40.18834223536914,40.49199994249504,40.18834223536914,40.287498474121094,7930100
2010-04-30,40.36186128917761,40.492000307691,39.847503662109375,39.847503662109375,14255900
2010-05-03,40.38045936044684,40.66552647665991,39.996235997883105,40.485809326171875,15310500
2010-05-04,40.3246702634706,40.45480925035712,39.91566269440276,40.095375061035156,14895700
2010-05-05,40.02103123534779,40.46102650835945,39.934271870417646,40.36806869506836,13143700
2010-05-06,40.306107945674086,40.343289188587924,37.201346505506976,39.28977966308594,24410000
2010-05-07,39.203017453612674,39.413719829044084,38.477954857108536,39.234004974365234,20467100
2010-05-10,40.22552188483344,40.50439048856749,39.66158150337838,40.126365661621094,18445400
2010-05-11,39.804134837465014,40.337083222708905,39.77314732212282,40.076805114746094,10879000
2010-05-12,40.18834613905427,40.31229144953361,39.9652493082216,40.21933364868164,11036800
2010-05-13,40.182155102059944,40.3804676354004,39.97765357610689,40.076805114746094,12337000
2010-05-14,40.10158353320275,40.151161653373336,39.29595799254975,39.64299774169922,12505100
2010-05-17,39.69875379218028,39.810302154185045,39.16580339639676,39.58720779418945,10260800
2010-05-18,39.31455193341091,39.38891911996165,38.948921540255895,39.02328872680664,18480900
2010-05-19,38.84976538686126,39.01708800080681,38.45314987114512,38.558502197265625,18863200
2010-05-20,38.31061742958912,38.32301196031677,37.523582458496094,37.523582458496094,24098700
2010-05-21,37.04640337822589,37.777664137420004,36.87908076071385,37.72808837890625,21813000
2010-05-24,37.56695010070686,38.08131232307778,37.31286821221434,37.53596496582031,13993300
2010-05-25,37.00302360650316,37.43682272143825,36.65598620576709,37.39963912963867,21179000
2010-05-26,37.69708349171334,37.69708349171334,36.965823115493045,36.97201919555664,18914100
2010-05-27,37.35976115218514,37.45356561327776,36.71562573510124,36.91574478149414,29926600
2010-05-28,36.72188629433911,36.97203394697283,36.390437135828265,36.459228515625,26815900
2010-06-01,36.40295548163389,37.153403429379416,35.990209468215085,36.746910095214844,19508400
2010-06-02,36.94078100589333,37.3535270690918,36.70313861023101,37.3535270690918,15581800
2010-06-03,37.453580299787475,37.616178579745174,37.24095343141767,37.378536224365234,14254200
2010-06-04,36.87198636660356,36.91576227965144,36.1215383941125,36.27788162231445,21785400
2010-06-07,36.37793775884824,36.61558011125202,36.27162551879883,36.27162551879883,13843300
2010-06-08,36.36543219523505,36.715639464575794,36.190326174956574,36.6718635559082,14941500
2010-06-09,36.77192673396665,36.85947855991476,36.23410564816156,36.3779411315918,13173000
2010-06-10,36.721887573958014,36.9782902985666,36.49049794555913,36.58430480957031,16995200
2010-06-11,36.377940753922545,36.571807213372345,36.23410527198558,36.55929946899414,14713000
2010-06-14,36.70939254678243,36.95954029476767,36.509273394150846,36.53428649902344,10524000
2010-06-15,36.85323035061704,36.99706585149396,36.6155879473554,36.98455810546875,11103200
2010-06-16,37.05334130186908,37.25971548712327,36.75941529945544,37.047088623046875,8636300
2010-06-17,37.07210359455212,37.172163160012936,36.67812039745477,37.00956726074219,11723100
2010-06-18,37.00956726074219,37.07835865929804,36.80319306507463,37.00956726074219,16838200
2010-06-21,37.20969699511147,37.3973084356121,36.846979475949205,36.978309631347656,12143600
2010-06-22,37.05333870159337,37.57865195329344,36.97203956896143,36.99705505371094,13823800
2010-06-23,36.99705765003685,37.15965354110323,36.71563939087572,37.047088623046875,12659500
2010-06-24,36.9157469460911,37.48483596494144,36.9157469460911,37.27220916748047,18216100
2010-06-25,37.43480562190838,37.441058298475774,36.66559758132759,36.709373474121094,45006900
2010-06-28,36.90323647327317,37.39102872873284,36.77816386041357,37.178401947021484,15834300
2010-06-29,36.8844903463724,37.15965354110323,36.69687896880101,37.047088623046875,20236500
2010-06-30,36.9220091649801,37.278471455460874,36.85947045618921,36.93451690673828,15802100
2010-07-01,36.94076919555664,37.05333648458629,36.678113778226,36.94076919555664,17973500
2010-07-02,37.159668939133155,37.26598360802952,36.80320645835602,36.947044372558594,10534400
2010-07-06,37.209699932874756,37.27223628944268,36.6906391080465,36.947044372558594,15461100
2010-07-07,37.10337030003286,37.960130389559154,36.92201161093658,37.903846740722656,17280000
2010-07-08,38.10397293882093,38.60427080731516,37.922614215989135,38.38539123535156,15895900
2010-07-09,38.12898360721293,38.191519938263795,37.76001352855336,37.86007308959961,12174000
2010-07-12,37.82254508809769,37.860068313359335,37.559889668089646,37.65369415283203,10797200
2010-07-13,37.89132467370162,38.12271186006342,37.79751783256753,37.83504104614258,10924500
2010-07-14,37.6224243240756,37.94761843844261,37.553632940281545,37.91009521484375,9668500
2010-07-15,37.910093974633675,37.9913930969677,37.459827234216135,37.684959411621094,12839300
2010-07-16,37.522363053552276,37.64118301106979,37.053333515382874,37.17215347290039,17569900
2010-07-19,37.34727445937598,37.391050376342406,37.12839248893527,37.25346755981445,10277500
2010-07-20,36.55303925002114,36.75315834757847,36.27162102357871,36.63433837890625,22304800
2010-07-21,36.77192091954382,36.77192091954382,35.56495119985905,35.72129440307617,25707600
2010-07-22,35.915159000869146,36.03397897043103,35.55869670657565,35.658756256103516,17972900
2010-07-23,35.82135170992662,36.04648629012937,35.64624809670572,36.04023361206055,15076600
2010-07-26,36.05273278678073,36.27786492787869,35.946418200011166,36.10901641845703,11775200
2010-07-27,36.24036296923131,36.54679437912548,36.03398875041368,36.33416748046875,16964000
2010-07-28,36.359173945806525,36.427965335003364,36.0527426119761,36.16530990600586,13502100
2010-07-29,36.334158461442605,36.44047307718533,36.090263452914094,36.16530990600586,13031000
2010-07-30,36.04023663480621,36.496758511569695,35.8151020357211,36.32790756225586,12978000
2010-08-02,36.58429532304613,36.82193756747349,36.52801169635562,36.72187805175781,11455600
2010-08-03,36.74064118474538,37.272206954026466,36.71562570756323,37.11586380004883,10855100
2010-08-04,37.12837828624219,37.47858787361676,37.04082648580046,37.35976791381836,10508800
2010-08-05,37.22844085293669,37.45357543557262,37.215933111056046,37.372276306152344,9796700
2010-08-06,37.22219321299961,37.52237190194217,37.0533422531679,37.49735641479492,8524100
2010-08-09,37.52236267042025,37.67870584821367,37.3910349736196,37.55363082885742,6674700
2010-08-10,37.153397256740604,37.40354732629878,36.834458184381404,37.1659049987793,13550800
2010-08-11,36.846960211829405,36.86572301599623,36.45922978609128,36.58430480957031,11470100
2010-08-12,36.36542595499435,36.715633164240174,36.33415540936223,36.5968132019043,8240500
2010-08-13,36.57804809593706,36.57804809593706,36.3091376600911,36.365421295166016,8546700
2010-08-16,36.265376263393634,36.34042034496024,35.940182062460565,36.27788162231445,8751200
2010-08-17,36.85320635107564,37.197160793148605,36.584295950675106,37.03456497192383,13479100
2010-08-18,37.184655169496146,37.409789692921095,36.915744753806024,37.11586380004883,10534900
2010-08-19,37.00329379960331,37.009548861239494,36.52175902032646,36.72187805175781,11949700
2010-08-20,36.70939002881292,36.84071776641778,36.57806229120806,36.734405517578125,11286200
2010-08-23,36.884484285392034,37.115871533520824,36.77817206362746,36.81569290161133,8842900
2010-08-24,36.58431539925796,36.703135393872444,36.18407711675828,36.27788162231445,14930400
2010-08-25,36.271624869589395,36.39669991522683,36.17156531020106,36.259117126464844,11675000
2010-08-26,36.39669931198237,36.40920705489962,36.13404148193627,36.146549224853516,12834100
2010-08-27,36.26649783245965,36.53794439344341,35.97611392334884,36.36118698120117,11674800
2010-08-30,36.36118320668243,36.48743780000478,36.14655112046627,36.17180252075195,9240100
2010-08-31,36.14023663633351,36.2601771661124,35.98241900910062,35.99504470825195,14563100
2010-09-01,36.40536354002583,36.84094166592261,36.26017163409541,36.7967529296875,11603700
2010-09-02,36.94193436194453,37.112377614001566,36.803054139948834,36.998748779296875,8079700
2010-09-03,37.15025710656127,37.24494861713503,36.929313459362696,37.20075988769531,7533400
2010-09-07,37.118698585753684,37.2260158046599,37.011383774952904,37.055572509765625,5625100
2010-09-08,36.87882582953102,37.263901265514534,36.87882582953102,37.150272369384766,8412500
2010-09-09,37.49113829674126,37.895150855652346,37.40907249317969,37.7625846862793,14077700
2010-09-10,37.83833503975693,37.87621211879342,37.731020261310604,37.86358642578125,8358800
2010-09-13,37.91410256072707,38.116108903909776,37.82572267849227,38.07823181152344,10706600
2010-09-14,38.14766383988174,38.4885503746283,38.03403499496621,38.24235534667969,9912900
2010-09-15,38.29917146031885,38.60218335126264,38.19185665535963,38.53905487060547,9111500
2010-09-16,38.39386913022754,38.75369309926997,38.35599203576308,38.69056701660156,10496300
2010-09-17,38.87995434412009,38.96202019215524,38.589570461049384,38.86732864379883,12240600
2010-09-20,38.91782520529008,39.2839608234788,38.829445317211416,39.19558334350586,10991500
2010-09-21,39.05039072909943,39.2839601231649,39.01251363488381,39.10089111328125,9449200
2010-09-22,39.12613509959833,39.45439596298297,39.075634724980425,39.11982345581055,9353300
2010-09-23,38.905189055569544,39.13875839105318,38.86731197085392,39.01881790161133,8393800
2010-09-24,39.126150580770876,39.391285478763635,39.03146143785689,39.22715377807617,12636900
2010-09-27,39.27765397346375,39.34078006454932,39.094584937967156,39.157711029052734,7687600
2010-09-28,39.11350423732339,39.51751681332053,38.94306098030493,39.41020202636719,12132800
2010-09-29,39.3344612121582,39.4859647662488,39.22083234253747,39.3344612121582,9590000
2010-09-30,39.448096595324124,39.5806628290687,38.85470075419052,39.113521575927734,12845600
2010-10-01,39.19558911770582,39.29659231085527,38.86732813794362,38.98095703125,9773200
2010-10-04,38.84838700858372,39.12614516066921,38.69688102956065,38.930450439453125,8703600
2010-10-05,39.18926671428241,39.732157223371686,39.14507557181049,39.64377975463867,12439400
2010-10-06,39.70059300985135,39.934162371457276,39.45439795192818,39.9025993347168,11339800
2010-10-07,39.95311284770596,40.085679082474215,39.77004381410828,39.9089241027832,9826600
2010-10-08,40.009925150744216,40.01623679620706,39.78897902985094,39.91523361206055,7354800
2010-10-11,39.93417166667343,39.96573711886653,39.79529379106858,39.95942306518555,6172100
2010-10-12,39.852098949404336,40.04779122201846,39.751095786992266,39.953102111816406,8707400
2010-10-13,40.041485530603744,40.26874328184207,39.953108051367884,40.13617706298828,10104700
2010-10-14,40.26873802509896,40.275049669318,40.01622891044026,40.23717498779297,8632700
2010-10-15,40.38867685778021,40.40130255380091,39.858409665437364,40.12985610961914,13265100
2010-10-18,40.20561383277223,40.388682840030036,39.92785570349205,40.312931060791016,10814100
2010-10-19,39.70059300173356,40.19298311747923,39.45439794386072,39.953102111816406,17235400
2010-10-20,39.97202974816743,40.42023102205392,39.807900552133205,40.14878463745117,10206800
2010-10-21,40.31292700438961,40.54018472734499,40.09829497805456,40.39499282836914,11111700
2010-10-22,40.45181156597873,40.47706296190792,40.17405102696903,40.281368255615234,6774800
2010-10-25,40.42655659493865,40.546499510942326,40.30661367893498,40.38867950439453,7794700
2010-10-26,40.30662368817498,40.36975218809173,40.15512010458688,40.30031204223633,7122900
2010-10-27,40.13617016168213,40.20560787763803,39.94678712947696,40.12985610961914,11916100
2010-10-28,40.36342377567784,40.47074098330763,40.091977342861824,40.12354278564453,10116000
2010-10-29,40.1740465050756,40.300301062404955,39.972040176590795,40.23717498779297,9309900
2010-11-01,40.325551277526536,40.45811506709717,39.96572736491734,40.20560836791992,9356000
2010-11-02,40.363440031759474,40.52756932304757,40.224562141625285,40.325565338134766,8632100
2010-11-03,40.394989501372756,40.527553284704695,40.11722901481279,40.521244049072266,9322100
2010-11-04,40.60330868837414,40.98206993484307,40.55280590452214,40.88106918334961,11337400
2010-11-05,40.87476778436606,40.93157982162818,40.46444096691766,40.811641693115234,9276500
2010-11-08,40.754820096073466,40.7863855461309,40.46443625714864,40.6096305847168,8484400
2010-11-09,40.69799423085808,40.71693156797054,40.46442250198147,40.596988677978516,9218500
2010-11-10,40.552813768566025,40.61593985251723,40.11723800984893,40.369747161865234,10795400
2010-11-11,40.211921721249695,40.36973930853238,40.13616995362348,40.350799560546875,9109500
2010-11-12,40.205615047637515,40.45812178876595,40.09198617129271,40.192989349365234,12944800
2010-11-15,40.47074009043155,40.83687802730747,40.3886742755964,40.48967742919922,12729400
2010-11-16,40.180362957112116,40.36974360036392,39.54909254086907,39.85841369628906,15651000
2010-11-17,39.852103471950095,39.95310664582433,39.719534849654345,39.80791473388672,7416900
2010-11-18,40.066737151055214,40.401309726635084,39.95941991987887,40.29399490356445,9400100
2010-11-19,40.33186959024552,40.540189999414224,40.18036602730984,40.29399490356445,12889800
2010-11-22,40.0856671472114,40.28767346617097,39.82684640053787,40.16141891479492,11179200
2010-11-23,39.763715745325726,39.92784495752167,39.549083755158726,39.68796157836914,14766500
2010-11-24,39.78897046783095,40.07935666685783,39.72584439436291,39.953102111816406,9591400
2010-11-26,39.793925060853,39.83849406261488,39.56471166388994,39.66658401489258,4638800
2010-11-29,39.354600802841105,39.481939419326864,39.08718436479848,39.418270111083984,12019300
2010-11-30,39.14449120567012,39.360970273366924,38.998049840585324,39.18906021118164,12633500
2010-12-01,39.59019267090663,39.78120308483491,39.36097920266102,39.74300003051758,15364700
2010-12-02,39.723886533885846,40.035871968526806,39.647482879437845,39.85759353637695,10160400
2010-12-03,39.80030859374907,39.96585275524111,39.62203250798489,39.83214569091797,9882800
2010-12-06,39.67294677491865,39.7811850698915,39.602909088134766,39.602909088134766,8989000
2010-12-07,39.83214175822875,39.946748495998854,39.634762947884845,39.67296600341797,9528800
2010-12-08,39.615670232764685,39.83214939798093,39.56473281561746,39.76211166381836,7871900
2010-12-09,39.74936956695953,40.086821388925365,39.316411320860716,39.513790130615234,12965600
2010-12-10,39.59654611722678,39.68568654912661,39.27819471835554,39.418270111083984,11457300
2010-12-13,39.36734759374961,39.456485624996354,39.19543749256123,39.38644790649414,13672100
2010-12-14,39.4946781941545,40.07407770789859,39.40554018109059,39.96583938598633,13491200
2010-12-15,40.06770674001466,40.214148090149294,39.75572130445591,39.83849334716797,11534100
2010-12-16,39.95310780444248,39.97857650389014,39.501049318976484,39.730262756347656,11141100
2010-12-17,39.63474876553007,39.819393157958984,39.462838720388845,39.819393157958984,15961000
2010-12-20,39.819394163886585,39.88943186132399,39.62201541918375,39.787559509277344,8907000
2010-12-21,39.978579193922464,39.9849451547983,39.65385932618764,39.69206237792969,7908200
2010-12-22,39.685702030344935,39.73027104926681,39.424651449760546,39.48832321166992,8850100
2010-12-23,39.488305209128114,39.768453547322885,39.488305209128114,39.63474655151367,7229500
2010-12-27,39.596552886982096,39.628389975375086,39.360973491612725,39.43101119995117,5163700
2010-12-28,39.51377653021569,39.666583841638015,39.411904179657995,39.507408142089844,6354200
2010-12-29,39.55199266284216,39.75573744390176,39.5456267010469,39.5583610534668,4968700
2010-12-30,39.53925412412863,39.59655748953637,39.411915471070635,39.437381744384766,5770100
2010-12-31,39.411918271113315,39.53289097164463,39.31641184570539,39.38008117675781,4981400
2011-01-03,39.87671177644487,40.226897960054785,39.8130400156244,39.997684478759766,14894800
2011-01-04,40.19505579416917,40.33512878417969,39.95310800585446,40.33512878417969,12346300
2011-01-05,40.37333500504439,40.45610707075421,40.08045222339924,40.30966567993164,11837900
2011-01-06,40.38606999994808,40.44973932607628,40.04861819957619,40.245994567871094,7606000
2011-01-07,40.23961666627374,40.271451319891376,39.83212727077987,39.85759353637695,11084800
2011-01-10,39.660214205352474,39.730251895272865,39.47556982807657,39.57744216918945,9775000
2011-01-11,39.615660606209026,39.69843024571575,39.47558517192204,39.64749526977539,7372800
2011-01-12,39.762099207079274,40.035881666400236,39.67932714456087,39.7939338684082,8312700
2011-01-13,39.832124797284045,40.09953878566038,39.69841537426765,40.054969787597656,9489700
2011-01-14,40.080438141627745,40.09317248794205,39.63474573593989,39.82575607299805,11274700
2011-01-18,39.61565169543694,39.851231067434014,39.48194225240691,39.53924560546875,13944900
2011-01-19,39.50742575889948,39.863980359257354,39.48195705269617,39.83214569091797,9596700
2011-01-20,39.94037932674549,40.17595875919899,39.81940662982704,40.02315139770508,11518600
2011-01-21,40.271452482210606,40.271452482210606,39.76845668251792,39.89579772949219,12932200
2011-01-24,39.83212156153859,39.93399389581043,39.57743951144497,39.61564254760742,11373000
2011-01-25,38.76882976405781,39.23999086415915,38.654223075623115,38.88980484008789,28056700
2011-01-26,38.95347532317191,38.99804432237693,38.58418655395508,38.58418655395508,20262100
2011-01-27,38.60967076160152,38.86435294124809,38.584202057871,38.63513946533203,11219500
2011-01-28,38.78157548029101,38.8388788413084,38.20217590948367,38.20854187011719,15298800
2011-01-31,38.30405414928393,38.34225720542422,38.00480294825826,38.05574035644531,19056200
2011-02-01,38.011153016964755,38.673324431247785,38.011153016964755,38.60328674316406,14780500
2011-02-02,38.49505908449758,38.68606948031011,38.38045236124428,38.59693145751953,9994200
2011-02-03,38.62239458284991,38.81977333970102,38.57782557788814,38.71153259277344,10078900
2011-02-04,38.800684105802716,38.832521202279615,38.616042061915714,38.73701477050781,9725500
2011-02-07,38.762471904551035,38.83250960976502,38.616030534025754,38.756103515625,8217000
2011-02-08,38.8006591796875,38.832496255711796,38.679686548810004,38.8006591796875,7867600
2011-02-09,38.79431253780302,38.80067849888081,38.609668091768754,38.76247787475586,8541500
2011-02-10,38.60967467531304,38.88345719609513,38.4695992194256,38.79431915283203,8627500
2011-02-11,38.67334162794712,38.947121685826,38.52689779929275,38.64787292480469,9630800
2011-02-14,38.64150453460447,38.82614898914327,38.616038260291255,38.64787292480469,8130800
2011-02-15,38.58419710728817,38.64786885844498,38.507793434728946,38.59693145751953,8572800
2011-02-16,38.59055606368379,38.67332810554024,38.52051836894589,38.53325271606445,9426400
2011-02-17,38.43775698644012,38.79431151815246,38.4122907139692,38.70517349243164,7133700
2011-02-18,38.76883725048247,38.97895036279588,38.55235817817261,38.908912658691406,12393000
2011-02-22,38.635139589567714,38.832518400869965,38.48869818589028,38.61603927612305,11050500
2011-02-23,38.68605309281631,38.88980018138146,38.43773944056332,38.45047378540039,12100300
2011-02-24,38.50142260448605,38.52052291300287,38.221271792486604,38.36134719848633,11766700
2011-02-25,38.49626020534773,38.51553570101743,38.13648363010148,38.31637191772461,11863700
2011-02-28,38.502686219835724,39.47922719065609,38.39989256242274,39.472801208496094,20031000
2011-03-01,39.350740026122196,39.51135529153494,38.93313935573128,38.99738693237305,14035300
2011-03-02,38.86889420265772,39.145152655037684,38.7789500462167,39.068058013916016,10264600
2011-03-03,39.267212518366485,39.31861057066985,39.06805119267599,39.22224044799805,7802700
2011-03-04,39.37644543098695,39.37644543098695,38.76610683345881,39.22867965698242,11432700
2011-03-07,39.24793888957359,39.254362420618826,38.74039415921053,38.80464172363281,9584000
2011-03-08,38.856041330655344,39.183697816007246,38.76609718198439,39.003807067871094,8881800
2011-03-09,39.02307854108059,39.2286658456439,38.75324367209499,38.80464172363281,10082600
2011-03-10,38.6375959108996,38.74038955095372,38.16217624469692,38.29709243774414,14852300
2011-03-11,38.05938999949436,38.464138657277736,37.97586938484949,38.34849548339844,10426600
2011-03-14,38.22001780805176,38.22001780805176,37.853812669878955,37.988731384277344,11775000
2011-03-15,37.77027735008916,37.80239990531387,37.275582157088266,37.57111358642578,16016800
2011-03-16,37.628947224030725,37.628947224030725,36.94151402860546,37.044307708740234,16995600
2011-03-17,37.397663318283605,37.5068829892628,37.1985019283486,37.34626770019531,12456000
2011-03-18,37.62252086466949,37.70603903858296,37.32698691204014,37.628944396972656,14371900
2011-03-21,37.693190050891594,38.00799705563224,37.693190050891594,37.79598617553711,10692700
2011-03-22,37.77671009235231,38.00157293534394,37.712464966237256,37.770286560058594,10151800
2011-03-23,37.72530746459961,37.83452464883938,37.5839652724832,37.72530746459961,9899800
2011-03-24,37.89234262541806,37.95659018426244,37.731727404497775,37.92446517944336,8655800
2011-03-25,37.911610838873884,37.96300887940282,37.68032700887406,37.892337799072266,8077400
2011-03-28,37.89235738386164,38.09794475064896,37.89235738386164,38.05939865112305,8382500
2011-03-29,37.892355194456435,38.104368532777855,37.86023262977596,38.046546936035156,9280300
2011-03-30,38.12363492628142,38.374194318162054,38.05938980813556,38.14933395385742,10736400
2011-03-31,38.0401235674896,38.35493060490505,38.0401235674896,38.06582260131836,9680200
2011-04-01,38.30994918107778,38.31637271257153,37.94374661608031,38.22000503540039,9908000
2011-04-04,38.22644219969581,38.6633160208988,38.20074316296739,38.64404296875,9415100
2011-04-05,38.38704781723083,38.5219640498204,38.213583039275214,38.41917037963867,10557700
2011-04-06,38.35491884406385,38.48341152301296,38.2906712791923,38.329219818115234,10011200
2011-04-07,38.36777280799021,38.39346938612582,38.065815345049565,38.21358108520508,9232900
2011-04-08,38.37419796122918,38.40632052335167,38.10436549844698,38.20073318481445,7853200
2011-04-11,38.25212676634319,38.656875413129114,38.226427739336245,38.45771408081055,9845800
2011-04-12,38.32921361672805,38.59904844394326,38.32921361672805,38.50910186767578,9208000
2011-04-13,38.32922466073663,38.515538946212594,38.23285452665063,38.29067611694336,10509000
2011-04-14,38.25854371027798,38.62474620429424,38.2199976271986,38.56050109863281,10436200
2011-04-15,38.701856650109775,39.158003430045746,38.53481539637902,38.90744400024414,18608500
2011-04-18,38.83675426602129,39.31217386618476,38.61189152471729,38.843177795410156,20034800
2011-04-19,39.83258924727545,40.39152973274858,39.70409653373821,40.27588653564453,26083100
2011-04-20,40.60996442192931,41.46443883772628,40.59069137371554,41.36806869506836,26732100
2011-04-21,40.99544060548436,41.31024759927612,40.96974157521679,41.162479400634766,11688100
2011-04-25,40.892636154241764,41.24598669868842,40.802689572018835,41.188167572021484,7226900
2011-04-26,41.16248026528518,41.95270953244879,41.16248026528518,41.72784423828125,14500000
2011-04-27,40.764165437972075,42.14545560875267,40.7320428667065,42.126182556152344,23777500
2011-04-28,42.01052296708919,42.23538332911326,41.71499150534494,42.00409698486328,13091400
2011-04-29,42.1390339625501,42.38317239153062,42.01696964965053,42.222557067871094,12100000
2011-05-02,42.35103159198963,42.60159101144724,42.28036048377452,42.53734588623047,15456200
2011-05-03,42.47311073474641,42.697971176602316,42.408865594443306,42.569480895996094,13105500
2011-05-04,42.40242390994456,42.60801122374743,41.99767526446684,42.19041061401367,13408900
2011-05-05,42.04906358526213,42.15185968114633,41.631467925098576,41.76638412475586,14925200
2011-05-06,41.92059028103689,42.08120556946998,41.837072095623945,41.93343734741211,11904600
2011-05-09,41.830633456364275,42.24823406026897,41.80493442979911,42.164710998535156,9003100
2011-05-10,42.15185986555262,42.27392900455223,41.939846593054675,42.24822998046875,9693100
2011-05-11,42.60801952277542,42.87785200565085,42.280362992661466,42.76863479614258,19986100
2011-05-12,42.42813044527268,43.28260486075035,42.286788222972426,43.166961669921875,15622200
2011-05-13,43.10271094818482,43.20550707242096,42.37030571856384,42.800758361816406,11700900
2011-05-16,42.665843379959504,42.90997682981799,42.524501155771745,42.64014434814453,11513200
2011-05-17,42.55019138291387,42.71080662233036,42.31247906400576,42.65940856933594,10784100
2011-05-18,42.51165758133726,42.730096944092246,42.36389424621751,42.723670959472656,9028400
2011-05-19,42.7429478790788,42.7429478790788,42.30607401563103,42.65300369262695,9685100
2011-05-20,42.563038900735414,42.614436954279725,41.939850980878084,42.20326232910156,12367000
2011-05-23,41.88203211110762,42.20326259540428,41.81136101243529,42.1197395324707,12020200
2011-05-24,42.23539410577578,42.55020359452365,42.081204804129385,42.26109313964844,11017700
2011-05-25,42.58872985839844,42.7814651702906,42.44738768872518,42.58872985839844,14767100
2011-05-26,42.504498509435,42.627626409091185,42.30360978397604,42.452659606933594,12044100
2011-05-27,42.63411796416876,43.398797573661604,42.51099003609964,43.269187927246094,16385700
2011-05-31,43.619110068502586,43.638550272090946,43.41173965672573,43.60615158081055,16473800
2011-06-01,43.43117896796515,43.6061506848666,43.06828199083699,43.08124542236328,11003400
2011-06-02,43.0553235034112,43.26269391092737,42.951635827602864,43.08124542236328,9582900
2011-06-03,42.666509590747594,43.00348967143171,42.64059260986573,42.82851791381836,10364900
2011-06-06,42.68594706181502,42.91275768448232,42.66650191350003,42.80259323120117,8397400
2011-06-07,42.7701835341126,42.95163200653464,42.4461669921875,42.4461669921875,10426800
2011-06-08,42.4396973393487,42.919245517448616,42.238808608369915,42.86091995239258,10020300
2011-06-09,42.98403710437579,43.599666577390025,42.880349434255365,43.27565002441406,14054500
2011-06-10,43.08773221955191,43.210860127198224,42.82851791381836,42.82851791381836,9312900
2011-06-13,42.977563872425925,43.39230474657397,42.93868346050618,43.152530670166016,8146200
2011-06-14,43.38581863311835,43.651514605247264,43.256213977119316,43.48302459716797,11389100
2011-06-15,43.41821626241794,43.41821626241794,42.58225299780476,42.873870849609375,12623500
2011-06-16,42.5757795837741,42.9970021557742,42.42673471534546,42.977561950683594,11683900
2011-06-17,43.17844350399231,43.38581389741603,42.89331230309731,42.95811462402344,14336400
2011-06-20,42.82203446432502,43.249733799616976,42.815552748064285,43.10068893432617,9309200
2011-06-21,43.10716298177287,43.25621278174343,42.87387559624162,43.08772277832031,9811500
2011-06-22,43.07475450376042,43.17196044303774,42.80258182906347,42.8155403137207,7988100
2011-06-23,42.4720814988001,42.60168611531821,41.921254462449326,42.55632400512695,16234800
2011-06-24,42.49153959845395,42.517461521498255,42.011996382387466,42.161041259765625,13186200
2011-06-27,42.31009016589171,42.51746060165855,42.122159935962195,42.2841682434082,7199500
2011-06-28,42.504489130782126,42.84795083066417,42.368402771553505,42.71186447143555,7724600
2011-06-29,42.91924188049631,43.15252928864738,42.72482993891919,42.9710807800293,9227000
2011-06-30,43.04236776806355,43.35990762392883,42.93220330089464,43.10717010498047,9747200
2011-07-01,43.08123823248759,43.651505521959386,42.94514694467645,43.61262512207031,9216500
2011-07-05,43.606151382819284,43.85240220065478,43.5802294634523,43.820003509521484,9773600
2011-07-06,43.82648184081396,43.90424760168215,43.657996775084044,43.77464294433594,7100400
2011-07-07,43.949613406866604,44.098663224988094,43.677440637185114,44.0144157409668,8415200
2011-07-08,43.943124220473216,44.05977037966571,43.54134685088821,43.78759765625,7866100
2011-07-11,43.34046807607435,43.68392989992828,43.30806937547819,43.59320068359375,8918900
2011-07-12,43.35341768967088,43.85888274355746,43.30805556801697,43.437660217285156,10528700
2011-07-13,43.67095049014398,44.053292592498366,43.55430433364098,43.82647705078125,9031700
2011-07-14,43.80703902727313,44.02089114884704,43.72279649942604,43.845924377441406,9636500
2011-07-15,43.891292322479316,44.03385547834264,43.41174417821691,43.7098388671875,10245100
2011-07-18,43.528394905696146,43.6450410956682,43.12661743009368,43.4765510559082,10361000
2011-07-19,43.48302527244269,43.5607910337102,42.867395730735765,43.23677444458008,13677400
2011-07-20,43.13956470213646,43.3534168188237,42.809066425810755,42.92571258544922,8912600
2011-07-21,43.06180082001864,43.28213466184941,42.85443040987821,43.074764251708984,11394100
2011-07-22,43.217334240288395,43.282136569294266,43.08772463817588,43.23677444458008,7721000
2011-07-25,42.9062832754615,43.0488513894467,42.776678595894,42.93220520019531,10247700
2011-07-26,42.88034627725568,42.97755222481188,42.68593932624316,42.71833801269531,10008300
2011-07-27,42.614662691530214,42.68594673583853,42.212880345801565,42.27120590209961,12810400
2011-07-28,42.27120575045784,42.5239382906077,41.97958785821519,42.17399978637695,9920400
2011-07-29,41.95366127842719,42.07678914886064,41.55836069407785,41.98606491088867,16829000
2011-08-01,42.303596530447486,42.33600016044762,41.25378368615032,41.739810943603516,15842200
2011-08-02,41.5454067085964,41.70093328424098,41.10474395751953,41.10474395751953,17118300
2011-08-03,41.06586350941562,41.16954872333547,40.087334457550206,41.0917854309082,17660300
2011-08-04,40.57335331331803,40.92977102853561,40.05492732099699,40.07436752319336,23485600
2011-08-05,40.25581346740335,41.10473767590294,39.56241828283078,40.638153076171875,24037800
2011-08-08,40.04845856946234,40.55392623864177,39.56243358082311,39.60779571533203,32423200
2011-08-09,39.99011805912392,40.417819764011085,38.28579295428334,40.307655334472656,36288000
2011-08-10,39.93182210259315,40.152153583335334,38.888487810609604,39.01161575317383,32688900
2011-08-11,38.998627137620865,41.59724091859263,38.9662259812001,41.11121368408203,33514400
2011-08-12,41.22138786039441,41.46764114236016,40.761284930654625,41.05937957763672,42324600
2011-08-15,41.37690609119722,41.875894270254896,41.221379555432236,41.856449127197266,39362000
2011-08-16,41.32506551398058,41.93421565594316,41.273221686383884,41.70740509033203,13142100
2011-08-17,41.8370117747895,42.02494195100436,41.344507748624586,41.64260482788086,11847600
2011-08-18,40.949223075251076,41.20195813715792,40.191025305683056,40.92978286743164,23376400
2011-08-19,40.767769368942936,41.33155757260423,40.65760490921452,40.91681671142578,19394800
2011-08-22,41.46765042957214,41.53893201342777,40.83257564352467,41.0140266418457,13689300
2011-08-23,41.163069706403135,42.11567684203887,41.098264902313645,42.102718353271484,14879000
2011-08-24,42.36841215710539,42.57578259959576,42.01847360838389,42.46561813354492,14523000
2011-08-25,42.439691341949306,42.439691341949306,41.60372795102515,41.830543518066406,13134400
2011-08-26,41.54939778727761,42.21628063970278,40.86290154021669,42.026676177978516,14150600
2011-08-29,42.262058962873105,43.098930627381705,42.20975323680417,43.0597038269043,12867900
2011-08-30,43.03354681486575,43.177385053613115,42.62165048511948,43.0008544921875,11183000
2011-08-31,43.170857679184955,43.30162201836358,42.71972943828032,43.020484924316406,14555300
2011-09-01,42.928937887682736,43.24276221946188,42.56934231153183,42.71318054199219,11141100
2011-09-02,42.38627959527561,42.49742551099498,41.78477627573995,41.88938522338867,13713600
2011-09-06,41.30094684541643,42.33396209840927,40.86289777838733,42.26204299926758,15848300
2011-09-07,42.523565119782646,42.791623126402996,42.29473389751002,42.77854919433594,10759700
2011-09-08,42.471272585914036,43.105465732985664,42.392814004741396,42.4647331237793,15551500
2011-09-09,42.09859687189314,42.11167579424182,41.379410775283766,41.60824203491211,17008200
2011-09-12,41.255198979430446,41.58864177053846,40.73215415365503,41.575565338134766,13448200
2011-09-13,41.83708551248642,41.87631480642919,41.30750126759319,41.58863830566406,11595300
2011-09-14,41.81092960955219,42.15090931677827,41.17673645433488,41.667091369628906,13429500
2011-09-15,42.02667830068487,42.25550956323858,41.791307576873216,42.10513687133789,10625800
2011-09-16,42.183584797327356,42.32742299682985,41.817454826336814,42.22935104370117,15688800
2011-09-19,41.87630233481088,42.09859411872743,41.60170234714149,41.935142517089844,8571800
2011-09-20,42.11822424277589,42.399361308790056,41.70632783877099,41.987464904785156,10874800
2011-09-21,41.96783116039422,42.23588916978773,41.2551796457765,41.27479553222656,10041300
2011-09-22,40.64060680676145,40.928280732557624,39.97372396170919,40.48369216918945,19456900
2011-09-23,40.07833984340795,40.47062525837329,39.88219838296229,40.2679443359375,10983700
2011-09-26,40.56869344410423,41.091738153256166,40.54254058512815,40.98712921142578,10561700
2011-09-27,41.431723421699644,42.07245358852467,41.000211166732825,41.72593688964844,13118200
2011-09-28,41.77823910566522,42.137829711515344,41.281344736180834,41.35326385498047,8964200
2011-09-29,41.79131032438815,42.00052820507022,41.202885970247536,41.778236389160156,8923300
2011-09-30,41.33364663954146,42.32743029858419,41.28788038527267,41.640933990478516,14556100
2011-10-03,41.614790196899676,41.980920288855444,40.568698162845855,40.588314056396484,16891100
2011-10-04,40.24178125508955,40.75175191560931,39.771042368398,40.64714050292969,18192000
2011-10-05,40.67330284429216,40.86944430067527,40.27448046967128,40.764835357666016,15405200
2011-10-06,40.87599300271643,41.07867396677107,40.60139290644645,41.06559753417969,9595400
2011-10-07,41.196336974572894,41.660541378100575,41.189800008471735,41.27479553222656,12361600
2011-10-10,41.77169594406088,42.124752044677734,41.60824432274646,42.124752044677734,7104000
2011-10-11,42.01360686536845,42.07898651739451,41.7455438074696,41.81746292114258,7628700
2011-10-12,41.92862287103615,42.294758023673054,41.7586342223919,42.05938720703125,9375100
2011-10-13,42.137832740993204,42.137832740993204,41.56248473737982,41.99399948120117,7781100
2011-10-14,42.29474436054247,42.32743169286971,41.954762184934324,42.31435775756836,6678800
2011-10-17,42.105147974402975,42.39281949969445,41.595177106974596,41.70632553100586,10797900
2011-10-18,41.68670523770529,42.32743536828459,41.451336970735134,42.11821746826172,11705300
2011-10-19,42.17706501881705,42.17706501881705,40.64061801761327,40.954444885253906,19964600
2011-10-20,41.16365575679468,41.27480415632446,40.73868303737188,40.88251876831055,11562600
2011-10-21,41.26173788363881,41.739016436572165,41.117899623221426,41.69978713989258,13175400
2011-10-24,41.77824686401981,42.3601343964403,41.58210286938749,42.32090759277344,12552700
2011-10-25,42.20974493215764,42.386275475871265,41.555940943450075,41.640933990478516,10324800
2011-10-26,41.96785860994524,42.23591679466523,41.706334901527065,42.163997650146484,9932100
2011-10-27,42.49088285130961,42.94855039218398,42.307817830218944,42.82432556152344,16450700
2011-10-28,42.915862333715914,43.05316111316801,42.51703993181536,42.88970947265625,10390800
2011-10-31,42.608586036600215,43.05971430445602,42.092078089323955,42.09861755371094,13720400
2011-11-01,41.63440442032167,41.90900199472279,41.307501120849345,41.438262939453125,14749900
2011-11-02,42.09859687189314,42.09859687189314,41.4578668508601,41.60824203491211,10136200
2011-11-03,41.889384768550144,42.18359571594169,41.627861155230974,42.06591033935547,10466000
2011-11-04,41.843610983234015,42.196667049482706,41.45786509471938,41.92206954956055,9725200
2011-11-07,41.817475063653546,42.06591980875237,41.353272914886475,41.8436279296875,8783900
2011-11-08,41.902453833714716,42.4908806482458,41.81092382198888,42.405887603759766,7989500
2011-11-09,41.88938348096709,41.92861027590741,41.25519035930984,41.53632736206055,11072500
2011-11-10,41.928604022310736,42.118208483156174,41.62131670012264,41.92206954956055,7597500
2011-11-11,42.24898467642448,42.81779323124248,42.24898467642448,42.66088104248047,9086800
2011-11-14,42.47782544169335,42.71319627127775,42.26860748074606,42.4385986328125,8276100
2011-11-15,42.477797497800275,42.68701532111424,42.17704718854561,42.49087142944336,10726300
2011-11-16,42.19012991510144,42.60203117584554,42.039757223200745,42.10513687133789,8398100
2011-11-17,41.954765160984394,42.17706198205794,41.38595416021992,41.80438995361328,13924700
2011-11-18,41.96783740458304,41.97437187758314,41.5559386448734,41.745540618896484,12659600
2011-11-21,41.36635404682911,41.41212032054997,41.1113698092201,41.150596618652344,32806700
2011-11-22,41.15712525542322,41.32057690259005,40.99367360825638,41.12443542480469,8680000
2011-11-23,40.92174761136381,40.960976897961736,40.52946472167969,40.52946472167969,10362800
2011-11-25,40.45688415598008,40.6746413117529,40.28531547109719,40.43048858642578,5838800
2011-11-28,40.8330084802108,41.380702653699494,40.76701956235565,41.15634536743164,11678000
2011-11-29,41.4532983439576,41.65786025857868,41.21574322174483,41.426902770996094,8923600
2011-11-30,42.17914905732513,42.720245589642545,42.099964874288865,42.70705032348633,15032600
2011-12-01,42.680654321665145,42.85881810237566,42.462894674010435,42.52888107299805,9852700
2011-12-02,42.80601892594547,42.81921418793583,41.77001465437299,41.88219451904297,15792800
2011-12-05,42.29792142808354,42.396903532713075,41.473078946902355,41.80961608886719,15294500
2011-12-06,41.974588997369416,42.18574849337081,41.743631568029315,41.89540481567383,10417800
2011-12-07,41.94819371369169,42.76643613690509,41.816218398496694,42.52888107299805,11504700
2011-12-08,42.32433952661116,42.52889895983841,41.94161372052027,42.08678436279297,9566800
2011-12-09,42.44310352102924,42.68065860879791,42.218746217827714,42.5816764831543,8835700
2011-12-12,42.14615491452922,42.36391204231185,41.803020106089555,41.908599853515625,10808700
2011-12-13,42.28472616353779,42.28472616353779,41.66444300666907,41.80961608886719,14215500
2011-12-14,41.822824638611344,42.086772790215456,41.5258807654891,41.69084930419922,9802400
2011-12-15,42.00098250763267,42.29792380376011,41.94819137760669,42.231937408447266,9656700
2011-12-16,42.469484316361374,42.47608446495897,41.93498555481722,42.429893493652344,19214300
2011-12-19,42.35071785685127,42.416704256718525,41.809621322836385,41.92179870605469,9024700
2011-12-20,42.24513620361542,42.71365122869469,42.23854108764054,42.5750732421875,12247700
2011-12-21,42.766446784216356,42.891824497615055,42.614678532203946,42.86542892456055,8517800
2011-12-22,42.931410518733145,43.06338836918441,42.64106931662081,43.010597229003906,7428000
2011-12-23,43.04358854900989,43.55168937658322,43.010592831160835,43.53849411010742,6503300
2011-12-27,43.545084956101334,43.762844589896304,43.485698711124094,43.56488037109375,4995100
2011-12-28,43.53189620947899,43.57148704539223,43.08978176031455,43.188758850097656,5943900
2011-12-29,43.096371846815,43.5714819600828,43.05678101552248,43.47249984741211,5702400
2011-12-30,43.28113124771225,43.50549101527501,43.24154042055835,43.2745361328125,4959700
2012-01-03,43.28113577209928,43.551686544436535,43.05678101552248,43.47249984741211,16116200
2012-01-04,43.38672091599336,43.47250273430349,42.96440190603012,43.20855712890625,9243100
2012-01-05,43.10297820918624,43.28774216110016,42.77964129333687,43.15576934814453,11886900
2012-01-06,43.18216381173211,43.195359078913704,42.63446708655652,42.779640197753906,15359900
2012-01-09,42.86541843269291,42.95120024829325,42.50249071951653,42.84562301635742,7934600
2012-01-10,42.964406010290254,43.15577011659148,42.89181945154012,43.0237922668457,8476600
2012-01-11,42.96439720321208,43.24814322895144,42.786228401187344,42.97759246826172,6784600
2012-01-12,43.07658886583604,43.1623757376526,42.84563389256226,43.04359817504883,7402900
2012-01-13,42.87202471511557,43.07658409242741,42.469501077254,43.06338882446289,8978800
2012-01-17,43.248146568784236,43.34712868483751,42.56187694110499,42.97100067138672,8359900
2012-01-18,43.06338859441066,43.135975153928435,42.891819905146804,43.07658386230469,8095600
2012-01-19,42.99740123664937,43.05678749252158,42.753245993258844,43.01719665527344,11699800
2012-01-20,43.076576956749705,43.25474576861867,42.58827157190635,43.069976806640625,14715500
2012-01-23,43.0435884390492,43.109574840139025,42.81262848357527,42.891815185546875,10125000
2012-01-24,42.456295876362574,43.18875650767094,42.456295876362574,42.891815185546875,12367900
2012-01-25,42.77963303032667,43.08977461875177,42.73344205127011,43.036983489990234,10531400
2012-01-26,43.24154424217634,43.47249914505027,43.03698490455075,43.353721618652344,12546100
2012-01-27,43.3009407795673,43.46590930656809,43.19535850575563,43.26134490966797,10466300
2012-01-30,43.1095821088176,43.36033248901367,42.97760424994555,43.36033248901367,7482100
2012-01-31,43.459302412164604,43.51868865613863,43.26133819670625,43.4922981262207,13562900
2012-02-01,43.531893758221806,43.76284867877739,43.320734254508174,43.347129821777344,12275900
2012-02-02,43.51209549899004,43.53189091453888,43.12276720025201,43.28113555908203,8282400
2012-02-03,43.485689865437685,43.564871509300524,43.24153471650483,43.31412124633789,9036200
2012-02-06,43.19536045733021,43.27454716626663,42.92481467873435,43.01719665527344,9535700
2012-02-07,42.997402415759744,43.149170652332955,42.905015402247,43.06338882446289,9248100
2012-02-08,43.02379058830721,43.12277271314478,42.951204032388986,43.05018615722656,6889400
2012-02-09,42.997401779419825,43.12277444376827,42.7730419518212,42.81923294067383,10936200
2012-02-10,42.70045138967254,42.74004222370867,42.396909915036176,42.627864837646484,13954200
2012-02-13,42.82581805570626,42.85880873076648,42.6278538675912,42.68064498901367,9662500
2012-02-14,42.726842408427785,42.799428952726196,42.449696530800686,42.63446044921875,8978500
2012-02-15,42.56849522263559,42.85883650976734,42.542099644816034,42.6608772277832,9023400
2012-02-16,42.62786788410213,42.99740082112749,42.52229064098066,42.839027404785156,8194500
2012-02-17,43.03697753074945,43.07656835461898,42.76642680913854,42.88520431518555,9057500
2012-02-21,43.04358675720731,43.050181872950816,42.72684499613663,42.918209075927734,8081700
2012-02-22,42.944606320194616,43.11616995614022,42.806033367574074,42.891815185546875,8150600
2012-02-23,43.01718928428606,43.584681348323734,42.825825212976675,42.95779800415039,8991500
2012-02-24,43.13087694948056,43.13087694948056,42.7314563600144,42.91119384765625,10478200
2012-02-27,42.7780761582032,43.03104146953575,42.61830378155133,42.90455627441406,8523000
2012-02-28,43.00439791891218,43.550273987063086,42.93782865770531,43.390506744384766,11581400
2012-02-29,43.4171344416779,43.443763161315054,43.07762461494039,43.323936462402344,11489100
2012-03-01,43.34391629385861,43.443772744798544,43.0310351177382,43.15752029418945,8813800
2012-03-02,43.097602510889544,43.18414713475126,42.98443424158869,43.11757278442383,6063900
2012-03-05,43.064329436961195,43.24406701533611,42.96447296945917,43.210784912109375,7601000
2012-03-06,42.911213726963666,43.09095637678253,42.73147615605551,42.83798599243164,9511100
2012-03-07,42.78471977768374,42.91120494397042,42.684868413678124,42.80469512939453,8591800
2012-03-08,43.23739522307769,43.32393983836957,43.09759824327084,43.17082595825195,11311100
2012-03-09,43.15750728421262,43.27067552433822,42.99773497930861,43.097591400146484,8410600
2012-03-12,42.971123840886094,43.37054456151917,42.964465389851036,43.337257385253906,7284700
2012-03-13,43.55028252726353,43.56359942946179,43.29065880240821,43.49037170410156,9884100
2012-03-14,43.41047599204138,43.52364424131756,43.283990843492134,43.323936462402344,9612200
2012-03-15,43.22408563900914,43.52364988568546,43.17082819282814,43.317283630371094,11372900
2012-03-16,43.40382304582847,43.57690720596184,43.144199345083216,43.35057067871094,17707000
2012-03-19,43.237396343109566,43.45042104341578,43.20411424928922,43.41048049926758,7321800
2012-03-20,43.270689242283424,43.35722879236034,43.11092196563753,43.24406051635742,7760400
2012-03-21,43.24403936450443,43.317267055255726,43.031014740202735,43.11090087890625,7839600
2012-03-22,43.05764924887246,43.06430769772092,42.87125331238214,42.91119384765625,10621300
2012-03-23,42.931184737723,43.07764020929058,42.85130362880307,42.97113037109375,8062500
2012-03-26,43.19744653035129,43.44375835053772,43.15750599477288,43.38384246826172,8503800
2012-03-27,43.49036542335981,43.603533681151276,43.417137708574906,43.536964416503906,10723800
2012-03-28,43.53695144390312,43.683406829833984,43.390496057972264,43.683406829833984,10305500
2012-03-29,43.457069539494384,43.63015365600586,43.403812106889575,43.63015365600586,9553300
2012-03-30,43.69006877009662,44.056207306751986,43.65678668061538,43.909751892089844,11307700
2012-04-02,43.96301505807455,44.136099214218824,43.81655962433011,44.0761833190918,8785900
2012-04-03,44.016274875972066,44.03624514912126,43.603537274886236,43.856502532958984,9128400
2012-04-04,43.676755550349455,43.736666356840985,43.510329871550354,43.53030014038086,9432300
2012-04-05,43.44375311459617,43.52363417612553,43.33057981258327,43.497005462646484,7922700
2012-04-09,43.237396572228754,43.42379763003024,43.190797577505755,43.21742630004883,6363400
2012-04-10,43.14420017842342,43.17748735256072,42.71149738809664,42.738121032714844,12793200
2012-04-11,43.06430618562533,43.06430618562533,42.57834101491758,42.69150924682617,10434100
2012-04-12,42.63826853148194,42.704837799072266,42.391956654597216,42.704837799072266,13122300
2012-04-13,42.565042913989515,42.60498600257075,42.28544891228607,42.298763275146484,11226600
2012-04-16,42.41858175596468,42.71149260304657,42.38529458555661,42.5916633605957,10502400
2012-04-17,42.758100406802164,42.79138250516063,42.11902367928869,42.751441955566406,18322900
2012-04-18,42.538410019239514,42.55172184054554,42.01916010739161,42.11235809326172,20567700
2012-04-19,42.0857327491288,42.298757446631726,41.77950752444548,41.95924758911133,15189000
2012-04-20,42.085740878874816,42.58501808624095,42.072426515277094,42.41193389892578,14320700
2012-04-23,42.27211945053189,42.39860204334573,42.1389784089386,42.185577392578125,10120900
2012-04-24,42.30541072717909,42.465180510100325,42.17892811448007,42.451866149902344,9022400
2012-04-25,42.578354195622474,42.99109179606183,42.49847056369593,42.8912353515625,11162800
2012-04-26,42.87791916542115,43.25071110277577,42.77806273108424,43.10425567626953,9139200
2012-04-27,43.23739702956406,43.35722374282056,43.057659499134076,43.16416931152344,10746700
2012-04-30,43.17083166174762,43.530311833990396,43.16417321071257,43.337257385253906,11362300
2012-05-01,43.21076710802483,43.510331308190885,43.13753940062268,43.41713333129883,10107900
2012-05-02,43.383856802155755,43.49037170410156,43.16417362607508,43.49037170410156,8349700
2012-05-03,43.53695107231895,43.59686186846597,43.337238260679975,43.497005462646484,10431800
2012-05-04,43.3971606626601,43.46372991691584,43.097591400146484,43.097591400146484,10301300
2012-05-07,42.99109110026592,43.283996899437696,42.944492104108384,43.13754653930664,8387800
2012-05-08,43.05765712440113,43.25736999511719,42.9711175891758,43.25736999511719,12491900
2012-05-09,42.997740444638985,43.190794861755236,42.771403935618736,42.79137420654297,10649400
2012-05-10,43.14420330900684,43.177490485559495,42.86460931004079,42.98443603515625,7702000
2012-05-11,42.89122997767063,43.26402190625687,42.75809145429243,42.83131408691406,37824600
2012-05-14,42.62494557038165,42.67154455896058,42.312067009845144,42.55837631225586,39687800
2012-05-15,42.40526934179659,42.69817766286635,42.21221491816996,42.34535598754883,8500000
2012-05-16,42.46519135331666,42.558389359045506,42.23885225106581,42.41193389892578,10018400
2012-05-17,42.41192846285227,42.604982901092015,42.25881711028606,42.305416107177734,7993500
2012-05-18,42.51842210820157,42.54505082026589,41.999174920215935,42.17225646972656,13781300
2012-05-21,42.11235959540589,42.49181254198369,42.10570368451547,42.252159118652344,8784900
2012-05-22,42.205558726980335,42.47183832451384,42.15895973392561,42.28544235229492,8409300
2012-05-23,42.20556827910792,42.43856329711391,41.85940243845958,42.11902618408203,11269100
2012-05-24,42.27361793536705,42.57610100911084,42.21312132061829,42.41477584838867,9309400
2012-05-25,42.2668943746909,42.33411169134978,41.870306052380435,42.018184661865234,11208500
2012-05-29,42.24000630457365,42.300502915068456,41.877026641604765,42.07196044921875,10089700
2012-05-30,41.90393199283577,41.94426393797067,41.675389432092686,41.81654739379883,9414700
2012-05-31,41.91737529485896,42.26691112116169,41.76949406260622,41.96442794799805,13297100
2012-06-01,41.70225782455043,41.88374764621788,41.48043607667595,41.527488708496094,12061100
2012-06-04,41.70226088777806,41.97785599332955,41.60143234694222,41.90391540527344,9200000
2012-06-05,41.78293872160842,41.930819956259036,41.675389432092686,41.81654739379883,9523400
2012-06-06,41.73586987997764,42.21311950683594,41.60143267918164,42.21311950683594,11562500
2012-06-07,42.46854993193071,42.48199390842794,42.01818569389055,42.21311950683594,12959300
2012-06-08,42.038354274910255,42.37444600547876,41.897196363473824,42.33411407470703,11249500
2012-06-11,42.327396184254575,42.367725553532885,41.74931795895063,41.756038665771484,12226400
2012-06-12,41.78291899464871,42.52904296022431,41.56109981157754,42.401329040527344,26655400
2012-06-13,43.18107335107116,43.490277193981655,42.468560370814544,43.32223129272461,98440200
2012-06-14,43.25501058627997,44.19606858563725,43.2146812141951,43.99441146850586,34314900
2012-06-15,44.296889946844594,44.4313245841869,44.034738814180216,44.37083053588867,25992800
2012-06-18,44.24311127700058,44.62625561068169,44.24311127700058,44.56576156616211,25750000
2012-06-19,44.63299637256361,45.0094175838134,44.60610841056657,44.84809494018555,23615400
2012-06-20,44.88840804190493,45.03628921508789,44.67330955228041,45.03628921508789,21254600
2012-06-21,44.73382213541551,45.01613802610281,44.47167093286958,44.62627029418945,24545300
2012-06-22,44.80775984204453,45.016135110481315,44.713649422890086,44.78759002685547,18965700
2012-06-25,44.53888033714085,44.78758495106253,44.45821647058745,44.70020294189453,13734500
2012-06-26,44.74051332124822,44.82790042167862,44.63968994129155,44.64640808105469,11100000
2012-06-27,44.64643699575102,45.17073942448735,44.60610761764954,44.92875289916992,17594200
2012-06-28,44.841351989350905,45.03628578201861,44.659864735958,44.99595642089844,12110900
2012-06-29,45.23795569316913,45.50682501480618,45.17745650595328,45.4127197265625,18286000
2012-07-02,45.318616932135605,45.7084846496582,45.26484101350755,45.7084846496582,12552700
2012-07-03,45.68158709925428,45.78913891392932,45.52026450559451,45.7353630065918,8902400
2012-07-05,45.65471321281645,45.8093177119607,45.56060791015625,45.56060791015625,11857800
2012-07-06,45.379105882734336,45.62781047564881,45.2782773401475,45.466487884521484,9758000
2012-07-09,45.533719948202716,45.68160117476999,45.45977933491908,45.56060791015625,12485900
2012-07-10,45.68831442980113,45.77569644072511,45.53370996455521,45.62781524658203,12851800
2012-07-11,45.728644065875955,45.782419978305214,45.52026881565416,45.64126205444336,12026100
2012-07-12,45.45305574380715,45.7891475354191,45.332062493692696,45.5135498046875,16484200
2012-07-13,45.56732846308147,46.205900854213596,45.52699908673538,46.1185188293457,13238800
2012-07-16,46.024409983255914,46.19245587621166,45.95046938008709,46.010963439941406,12921500
2012-07-17,45.60093319848976,46.50166189389732,45.446333841567494,46.38066864013672,24201900
2012-07-18,46.20589653232373,46.689869516624476,46.15212574500976,46.62937545776367,15616200
2012-07-19,46.54871643636933,46.851197018910234,46.367229112515616,46.7369270324707,13499500
2012-07-20,46.61591174032046,46.622635009390294,45.94372842718433,46.13193893432617,13964600
2012-07-23,45.802589614009996,45.91685959400824,45.473221089398784,45.78242492675781,11771400
2012-07-24,45.77569061266015,45.87651915295254,45.036289864436924,45.27155303955078,12145700
2012-07-25,45.486652880256194,45.72191606234198,45.29844233458756,45.392547607421875,9882200
2012-07-26,45.910137203949766,46.36722221001763,45.84963801943538,46.205894470214844,16477200
2012-07-27,46.34705349003891,46.837749735567485,46.30672411831314,46.73019790649414,14015900
2012-07-30,46.62937664174065,46.81758722300238,46.48821870579436,46.68314743041992,8379500
2012-07-31,46.54869479986562,46.757069987500046,46.447866276433835,46.52853012084961,10313900
2012-08-01,46.70331559774472,46.8848029008855,46.548711123818215,46.63609313964844,11681700
2012-08-02,46.25294993606597,46.367225040824664,45.721924298923376,46.010963439941406,13536000
2012-08-03,46.367221316892135,46.595761251347255,46.30672213354308,46.461326599121094,10898800
2012-08-06,46.501654491581775,46.60920118427487,46.23278006731938,46.273109436035156,8723200
2012-08-07,46.25294887276865,46.34033601724306,45.849639764617166,45.90341567993164,11268400
2012-08-08,45.90341528745956,46.08490258965227,45.85636264405008,45.94374465942383,6573100
2012-08-09,45.930311071663155,46.14540963938241,45.82275922362634,45.923587799072266,7764200
2012-08-10,45.78914252117293,46.18572833023618,45.78914252117293,46.138675689697266,7645000
2012-08-13,45.970624671851425,46.07817648297288,45.822743495735736,46.017677307128906,7199200
2012-08-14,46.20589301498811,46.212616286023156,46.044570408619435,46.138675689697266,8217800
2012-08-15,46.05129648913322,46.273113163290205,45.91013855890477,45.94374465942383,9349100
2012-08-16,46.00423083614912,46.010948977341,45.72190992717648,45.84290313720703,13518500
2012-08-17,45.789149453829715,45.82947882943961,45.37911704061587,45.57405090332031,11999500
2012-08-20,45.574035490403894,45.600918312816205,45.48664836833106,45.506813049316406,12645200
2012-08-21,45.50011384202657,45.876535052667364,45.45306119069647,45.56060791015625,9544900
2012-08-22,45.459779534195945,45.66143668555428,45.39256219319463,45.540443420410156,8230900
2012-08-23,45.574048796532885,45.67487223089678,45.41272104484319,45.533714294433594,9062700
2012-08-24,45.594755821154884,46.01529324253425,45.54727562277484,45.85250473022461,11297500
2012-08-27,45.81182116483286,46.09670243140768,45.771125319594994,45.77790451049805,8761000
2012-08-28,45.655800535665996,45.92033381435644,45.594756782869865,45.79146194458008,6750800
2012-08-29,45.635457565875456,46.00852001214469,45.486232587367766,45.69650650024414,9609500
2012-08-30,45.60154709317459,45.72363978964049,45.34379297010532,45.58797836303711,9672700
2012-08-31,45.75075761370942,46.05599188039612,45.55405764122986,45.7371940612793,10151800
2012-09-04,45.777883696755026,45.81180033566903,45.42517445683111,45.62187957763672,8402700
2012-09-05,45.743987058175364,46.035652652524384,45.54049750864657,45.6286735534668,9266000
2012-09-06,45.927109474076225,46.27303953255175,45.84571264415474,46.01528549194336,13075500
2012-09-07,46.10346835198071,46.13060062960237,45.798234109951565,46.04241943359375,8403300
2012-09-10,46.11704883104995,46.44263110706544,46.008524855681266,46.24592590332031,11441300
2012-09-11,46.36800100242169,46.496878025752984,46.24590834214803,46.25947189331055,8821700
2012-09-12,46.374780341306526,46.435824077353594,46.14415859690693,46.225555419921875,8230700
2012-09-13,46.130614783652035,46.9174303762842,46.1238304184268,46.79533767700195,13006300
2012-09-14,46.74108075407686,46.74108075407686,46.17809743453467,46.442630767822266,13024000
2012-09-17,46.45618451104905,46.598625108504145,46.12382311698718,46.29339599609375,11584100
2012-09-18,46.17808935475836,46.57827887998346,46.17130499036109,46.49688720703125,8063100
2012-09-19,46.63255992661546,46.74786828735374,46.53081512451172,46.53081512451172,9911300
2012-09-20,46.401937225305915,46.79534247447683,46.3476726478496,46.73429870605469,8704000
2012-09-21,46.83602858096826,47.046297282961575,46.69358281676596,46.84280776977539,19064400
2012-09-24,46.7207271621522,46.93778028395837,46.67324695347443,46.8021240234375,9082100
2012-09-25,46.80889253926933,47.23621427267635,46.80889253926933,47.019161224365234,11625400
2012-09-26,47.14126984969429,47.14126984969429,46.7749917363424,46.8021240234375,9971900
2012-09-27,46.863173590523985,47.039530891000396,46.72751731320691,46.80891418457031,8253200
2012-09-28,46.64610802959992,46.82924964769591,46.46297158645783,46.74107360839844,10293200
2012-10-01,46.74785251642887,47.10734621095456,46.74785251642887,46.89029312133789,9647200
2012-10-02,46.88351157923199,46.992035531117814,46.55792937366735,46.77498245239258,10062700
2012-10-03,46.93100109340056,47.01917714524366,46.61898755423886,46.8021240234375,8557900
2012-10-04,46.86994406134152,47.14126171049338,46.80890030713306,46.985252380371094,9395900
2012-10-05,47.11411919609739,47.304039956771625,47.01915881576027,47.24299621582031,9429900
2012-10-08,47.20909082098244,47.24300746844671,46.91742524763273,47.10056686401367,6444600
2012-10-09,46.54436090131141,46.781761872491224,46.191646451313055,46.401920318603516,15365900
2012-10-10,46.38158382421867,46.45619632399442,46.1102712886213,46.2730598449707,10710100
2012-10-11,46.266258344694585,46.32730726506336,46.0288573764893,46.10346984863281,9505500
2012-10-12,46.245910429555984,46.46974784598653,45.988161546212105,46.10346984863281,8685500
2012-10-15,46.24593381858574,46.79534850500807,46.17132130870671,46.53081512451172,14868000
2012-10-16,47.00561324533855,47.34475906911457,46.81568723706213,47.17518615722656,13688800
2012-10-17,47.297259822880115,48.280780245966035,47.175167168466814,48.158687591552734,26522700
2012-10-18,48.070509247725774,49.3389107446948,48.03659261066095,49.1896858215332,33591100
2012-10-19,48.9116078125342,48.99978385777159,48.653858866871985,48.742034912109375,18391000
2012-10-22,48.69455520857992,49.03370101292304,48.382541689578765,48.68777084350586,14033400
2012-10-23,48.274012006833,48.518197397217925,47.83990579613851,48.08409118652344,11086000
2012-10-24,48.151918478390144,48.29435909115744,47.934865376798925,47.98234558105469,8572000
2012-10-25,48.16548606783162,48.538543328165005,48.151917338391705,48.253662109375,9672700
2012-10-26,48.1587094809483,48.37576261245579,47.860259484517435,48.09088134765625,8965200
2012-10-31,48.23330333855798,48.32826372345696,47.805981606512546,48.036598205566406,9950600
2012-11-01,48.226530840726234,48.76916618075815,48.04339438906408,48.49784851074219,11226000
2012-11-02,48.63351158894754,48.63351158894754,48.043401136856325,48.09088134765625,7946700
2012-11-05,48.0637460769944,48.15870649270196,47.79921275110127,48.016265869140625,6874500
2012-11-06,48.15868194665699,48.57922441255414,48.08406949020827,48.16546630859375,7927500
2012-11-07,47.94842375361519,48.151908081509255,47.276911499191606,47.71101760864258,12719700
2012-11-08,47.5821419098679,47.76527830767446,47.242996215820305,47.24299621582031,12652100
2012-11-09,47.181945701304215,47.65675276185507,47.09376968682235,47.39221954345703,10511700
2012-11-12,47.3379753808159,47.51433266068948,47.012393108353486,47.263362884521484,9761000
2012-11-13,47.15481996010917,47.55501461195769,47.0734282969864,47.148040771484375,8244500
2012-11-14,47.2294377471124,47.317618958685145,46.822463860861475,46.985252380371094,10470700
2012-11-15,46.79531812290128,46.93775868338398,46.612181737981295,46.84958267211914,11803600
2012-11-16,46.71393524907572,46.98524769622563,46.46974990667822,46.93098831176758,14272300
2012-11-19,47.168388646161134,47.35152506298093,46.82924291690339,46.971683502197266,12337400
2012-11-20,46.978479661244954,47.28370882423338,46.897082802802636,47.25657653808594,9859500
2012-11-21,47.22942948835944,47.39900234255786,47.107336826338475,47.20229721069336,7639900
2012-11-23,47.27073362661303,47.59918975830078,47.18177262454736,47.59918975830078,5450100
2012-11-26,47.29812097355139,47.55814926272372,47.09283191002951,47.277587890625,9884800
2012-11-27,47.22282142515775,47.31862154068228,47.03122119410868,47.085960388183594,8763200
2012-11-28,47.01755460679514,47.476027549810475,46.94228230621445,47.41444396972656,9983200
2012-11-29,47.53760761652579,47.59919118529495,47.2502071875039,47.36653518676758,9853400
2012-11-30,47.482857758765455,47.84553043308497,47.33915756067937,47.715518951416016,13480700
2012-12-03,47.76341107475948,47.845522476745245,47.46232201223894,47.6607666015625,9928900
2012-12-04,47.612881215054294,48.235582161757705,47.52392020787068,47.804481506347656,14278100
2012-12-05,47.852384709698136,48.09872944911027,47.61288432991321,47.879756927490234,11037100
2012-12-06,48.1329487528457,48.1329487528457,47.763436803435624,47.93450927734375,9459200
2012-12-07,47.92765012093157,48.25610624583624,47.80447776891332,48.20820617675781,10021300
2012-12-10,48.07820365005379,48.44772077499779,48.07820365005379,48.31085968017578,9700300
2012-12-11,48.5366680685495,49.008829626718565,48.413495715145224,48.65299606323242,14933700
2012-12-12,48.7282661714875,48.83775502327683,48.4819214756773,48.557193756103516,11783300
2012-12-13,48.51613860466072,48.584566527457625,48.32453833254303,48.41349411010742,8838900
2012-12-14,48.324532646347066,48.488760685878624,48.23557165853457,48.372432708740234,10263600
2012-12-17,48.47509634063383,48.70775763259285,48.4340406152896,48.54352951049805,14317200
2012-12-18,48.62560718841614,48.65297939320697,48.24240676277303,48.55033493041992,16352400
2012-12-19,48.52299209505532,48.79670383775479,48.33138656616211,48.33138656616211,11865600
2012-12-20,48.406649751612974,48.51613860466072,48.23557733426277,48.41349411010742,11775800
2012-12-21,48.28350103266438,48.41351780411097,47.94135603051519,48.08505630493164,22142300
2012-12-24,48.11923699550921,48.17398140798507,47.8592088673207,47.91394805908203,5006500
2012-12-26,47.86604940474656,48.14661061136356,47.81814934760642,48.01659393310547,7737300
2012-12-27,47.989229053259635,48.17399017380645,47.763417446958094,47.961856842041016,10700400
2012-12-28,47.79078833215103,47.94817725430557,47.50338792200716,47.54444885253906,9691100
2012-12-31,47.380218465024754,47.97555239728932,47.33916275270175,47.96870803833008,12770000
2013-01-02,48.59823563683177,48.59823563683177,48.105551606117444,48.47506332397461,12874200
2013-01-03,48.570891480749644,48.584574979403115,48.20821350747314,48.40665817260742,9598300
2013-01-04,48.74880411095192,49.084109873386446,48.59142037984067,48.9609375,11631800
2013-01-07,48.92672338027904,48.94725124008889,48.714595201287736,48.85829544067383,7548800
2013-01-08,48.79669442029203,49.0293556215446,48.755638710953974,48.86512756347656,9825300
2013-01-09,49.02250241291931,49.16620259037575,48.92670229461502,49.08409118652344,7672800
2013-01-10,49.13884655187718,49.52889151066902,49.09094647696297,49.39888000488281,11888500
2013-01-11,49.39887436613803,49.6657469274425,49.37834651076323,49.508358001708984,7766700
2013-01-14,49.679441311867514,49.80945805202376,49.522057572357795,49.652069091796875,7386000
2013-01-15,49.43993992102412,49.56995665857392,49.26886746454999,49.522056579589844,7795100
2013-01-16,49.44678749061177,49.82998814735743,49.43994313010777,49.6657600402832,8779900
2013-01-17,49.87103113112112,49.95999213279893,49.52204714531392,49.88471984863281,10570100
2013-01-18,49.88472541964621,50.11054229736328,49.80945312707385,50.11054229736328,13558600
2013-01-22,49.89840391079194,50.0968485512314,49.55625905914792,49.74102020263672,11469800
2013-01-23,49.624700357044404,49.89157821629761,49.59048899509119,49.85051727294922,10155100
2013-01-24,49.92579101714538,50.11055221574427,49.84367434879946,50.02159118652344,9369700
2013-01-25,50.04210927427946,50.58954318155956,49.9942091989462,50.582698822021484,10421500
2013-01-28,50.61006305439525,50.63743526751224,50.247390366847874,50.37740707397461,9420900
2013-01-29,50.41161357530595,51.06169182768715,50.391085722621916,50.917991638183594,12386500
2013-01-30,50.945388090027755,51.184893765090145,50.64430404201739,50.69904327392578,9245500
2013-01-31,50.69218769176416,50.8837879930972,50.486898671354965,50.582698822021484,10448700
2013-02-01,50.73325170996968,50.92485204265779,50.692195987455804,50.760623931884766,10016300
2013-02-04,50.33633854250832,50.80850001122121,50.33633854250832,50.71269989013672,9200700
2013-02-05,50.972747572619994,51.19856446770994,50.9590640732435,51.089080810546875,10230800
2013-02-06,51.02749790532744,51.58861541748047,50.99328132185857,51.58861541748047,12084000
2013-02-07,51.19856867385223,51.458596949104155,51.10276850819533,51.362796783447266,9798200
2013-02-08,51.43805509062987,51.73914422688605,51.13697117508974,51.65018844604492,8153300
2013-02-11,51.513322484670866,51.66386703850816,51.35593879345228,51.6022834777832,5697100
2013-02-12,51.609133870645316,51.91022304398471,51.609133870645316,51.86916732788086,7598900
2013-02-13,51.86232080884523,51.917065241848704,51.57492036665172,51.77336502075195,8014800
2013-02-14,51.66387891674469,52.067607385116936,51.58176226284945,51.876007080078125,9681800
2013-02-15,51.81442367004333,52.11551284790038,51.67072344080704,52.11551284790039,10528400
2013-02-19,52.026555041723135,52.69031701344096,51.97865496235778,52.66294479370117,9747400
2013-02-20,52.546621089447505,52.66979347803051,52.37554861756653,52.45082092285156,7857500
2013-02-21,52.327647143862094,52.704003439569505,52.26605834084831,52.60136413574219,9465700
2013-02-22,52.69100688070776,52.75998214357036,52.401307619199706,52.59444046020508,8571500
2013-02-25,52.74621158562158,52.87726832442395,52.125423431396484,52.125423431396484,10603300
2013-02-26,52.33923627193994,52.65652675215284,52.07712811762744,52.249568939208984,10742100
2013-02-27,52.20129022196016,52.73240568274981,52.14610789130036,52.642738342285156,8180300
2013-02-28,52.58065250910613,52.759987157095146,52.49787902832031,52.49787902832031,11806300
2013-03-01,52.27716805652775,52.95313323299396,52.23578393704367,52.904850006103516,9528300
2013-03-04,52.925537215622455,53.304903850852504,52.925537215622455,53.24972152709961,12628000
2013-03-05,53.49805511540256,53.60152069239412,53.41528686379158,53.56703567504883,9399400
2013-03-06,53.58770269423872,53.622187695467765,53.263513160328436,53.38077163696289,8535200
2013-03-07,53.53943345798861,53.77395047247372,53.51873613687807,53.62910079956055,7996500
2013-03-08,53.69118052873498,53.95329398871411,53.59461407373545,53.93260192871094,8554100
2013-03-11,53.74635022915347,54.16020711935963,53.69116790713241,54.10503005981445,8807600
2013-03-12,54.14642106023726,54.277477776095296,53.94638906431372,54.18780517578125,8790500
2013-03-13,54.16022232379162,54.26368789100808,53.93949823621927,54.1809196472168,7983400
2013-03-14,54.26368898358147,54.56028747558594,54.139531352917324,54.56028747558594,10130400
2013-03-15,54.22919533870404,54.6568452387858,54.22919533870404,54.62236022949219,18296500
2013-03-18,54.2981761997773,54.62236584281731,54.28437798466057,54.360252380371094,8005400
2013-03-19,54.47751837968996,54.553387516016066,54.146429615595004,54.394744873046875,7095800
2013-03-20,54.6154477789355,54.912046151273714,54.60854867377173,54.80168151855469,8000800
2013-03-21,54.574092946451486,54.83620119604106,54.332671498498975,54.49821853637695,8436300
2013-03-22,54.56717904183435,55.00172805786133,54.505097603843794,55.00172805786133,6873100
2013-03-25,55.06381178121783,55.139686173868306,54.815496543902995,54.96034622192383,9616600
2013-03-26,55.132768412503104,55.78804129552635,55.07758609788689,55.76734924316406,12682900
2013-03-27,55.56734406296451,56.11225784168249,55.36731202299378,56.05707550048828,10703400
2013-03-28,56.12606405679351,56.27780762298614,55.836359355476695,56.23642349243164,11332100
2013-04-01,56.13983719712223,56.53300208604974,56.063962809568096,56.51231002807617,7376800
2013-04-02,56.5605873923175,57.03652572631836,56.49161211872452,57.03652572631836,10342200
2013-04-03,57.071011588695775,57.21586124415851,56.26398982434219,56.60887145996094,12254000
2013-04-04,56.69853650635435,57.05721633993331,56.51230274611306,56.84339141845703,10303000
2013-04-05,56.41575112993276,56.636475215307236,56.298492610744475,56.588191986083984,8581400
2013-04-08,56.05707190673218,56.139845413216975,55.3948996422859,55.946712493896484,15828500
2013-04-09,56.05016515452285,56.38814768550534,56.036366942047394,56.22949981689453,9111000
2013-04-10,56.44333894696805,56.6985480309328,56.38125750595163,56.57439041137695,7583200
2013-04-11,56.657164857619776,57.22277063115365,56.61578073790272,56.78132247924805,9882700
2013-04-12,56.73304323452772,57.07102584838867,56.67786089604667,57.07102584838867,6987000
2013-04-15,57.05722767330079,57.31243675608418,56.36056518554687,56.360565185546875,12385800
2013-04-16,56.788210624765796,57.62282354030794,56.608870703148355,57.55384826660156,12620000
2013-04-17,57.49867809872692,58.236724734619024,57.45039487067705,57.871150970458984,13693300
2013-04-18,57.91253780416866,58.14706011031063,57.27105759432261,57.3745231628418,9921500
2013-04-19,57.60216037412796,58.33330811457104,57.57456919831217,58.27812576293945,10787600
2013-04-22,58.347079653821666,58.581601930930645,58.078072366460354,58.51262664794922,6989900
2013-04-23,58.62299037916988,59.098928813113595,57.94012608099462,58.94028091430664,8982100
2013-04-24,59.09892469639866,59.1403088138668,58.13325494315331,58.209129333496094,9480600
2013-04-25,58.31259219765913,58.933380243406695,58.17463637500603,58.78163146972656,8689400
2013-04-26,58.836811718529276,58.96786316732052,58.49882391183664,58.71265411376953,6784700
2013-04-29,58.64369328986079,59.24378945836674,58.56782414267226,59.029964447021484,8038000
2013-04-30,58.898891655880874,59.11271660901016,58.55400998310374,58.78853225708008,12099600
2013-05-01,58.285023067980234,58.71957223304805,57.85736774979391,58.09878921508789,12312100
2013-05-02,58.24364565503388,58.77476136249073,58.05740651818079,58.74027633666992,8668900
2013-05-03,59.029950657198285,59.31275090331866,58.94027805082505,59.14720916748047,9213800
2013-05-06,59.16791083830202,59.16791083830202,58.31950469964294,58.40917205810547,8815600
2013-05-07,58.5402194201023,59.02305167669899,58.37467242143179,58.995460510253906,9061800
2013-05-08,58.96097228597469,59.04374051832257,58.58160034612481,58.947174072265625,8044600
2013-05-09,58.94025937626288,59.10580632212627,58.60227690445678,58.733333587646484,8342000
2013-05-10,58.829924112479624,59.15411376953125,58.75404971348978,59.15411376953125,7594800
2013-05-13,59.01614310156746,59.367923839210306,58.933374877987546,59.2161750793457,6631500
2013-05-14,59.154125718669036,60.064613427988355,59.154125718669036,59.988739013671875,10360700
2013-05-15,59.968034402291025,60.61640844924006,59.968034402291025,60.45086669921875,13444400
2013-05-16,60.23704071756566,60.54053304381044,60.05080164722177,60.31980895996094,9441900
2013-05-17,60.33359585546045,60.8371201104839,60.29221174202737,60.76124572753906,11437700
2013-05-20,60.768153754946255,60.837129041619335,60.56812173986038,60.706077575683594,7235800
2013-05-21,60.65777918073086,61.14061132918288,60.55431364535522,61.10612106323242,10099600
2013-05-22,61.1820097860322,62.07180517896596,60.83712809555293,61.0164680480957,13825900
2013-05-23,60.53696677880388,61.134622937842146,60.46052201645923,60.60646057128906,14446900
2013-05-24,60.32153350779404,60.48136869785877,60.10609586174149,60.33543014526367,10390100
2013-05-28,60.83577613227674,61.35698736853473,60.648137118084335,60.884422302246094,8380200
2013-05-29,60.51609214360826,60.57168927358026,59.1678909029751,59.522315979003906,11872100
2013-05-30,59.5640402825622,59.98100835704325,59.54319267414366,59.75862503051758,7801200
2013-05-31,59.54318565376837,59.75861798474197,58.500762939453125,58.500762939453125,13302700
2013-06-03,58.570236378022564,58.86906433105469,57.93783624144041,58.86906433105469,11768500
2013-06-04,58.87600677584793,59.091439000792256,58.069864395225885,58.44513702392578,9972000
2013-06-05,58.313134105534274,59.07062546356003,58.01430602346068,58.15329360961914,9839100
2013-06-06,58.09074353321471,58.695350646972656,57.437495537768,58.695350646972656,10671000
2013-06-07,59.0428428572147,59.1957324245681,58.65367326907005,59.00809860229492,8907700
2013-06-10,59.07758156498637,59.564043460831854,58.88299680664817,59.16792297363281,8477100
2013-06-11,58.90383264226332,59.08451542344066,58.46601172147864,58.855186462402344,8967000
2013-06-12,59.19569642623797,59.4180796702323,58.16717060899246,58.194969177246094,8413200
2013-06-13,58.09771216997369,59.0428428572147,57.73634116698765,59.00809860229492,8570000
2013-06-14,58.86910567650184,59.40421916223873,58.83436142158206,59.00809860229492,6357100
2013-06-17,59.32775531792673,60.04355142416892,59.05672582725321,59.50843811035156,8429100
2013-06-18,59.59180916345403,60.07132512625985,59.50841346930352,60.01572799682617,7233600
2013-06-19,60.06438875288555,60.11303492745063,58.93162480113569,58.97332000732422,8288400
2013-06-20,58.52160280673461,58.68838893439977,57.06916322849791,57.4166374206543,15172600
2013-06-21,57.68071078999999,58.598042363976425,57.33323662861444,57.819698333740234,20715800
2013-06-24,57.6251413956548,59.28606826257795,57.548696619182394,58.79960632324219,14777500
2013-06-25,59.18179476889362,59.48061742267347,58.75092495059305,59.3138313293457,11239400
2013-06-26,59.73080159544428,60.6828826326383,59.723855930219635,60.453548431396484,11966500
2013-06-27,60.828825765125075,61.03036141471213,60.10607887413407,60.258968353271484,8890300
2013-06-28,60.26593001278353,60.72459322953187,59.661322956759584,59.66827392578125,11896300
2013-07-01,59.57098027044861,60.90527998361654,59.41809076751641,60.2033805847168,9905200
2013-07-02,60.21728690924192,60.59950539238099,59.911507881101755,60.16168975830078,8572100
2013-07-03,60.14082345915884,60.48829759148444,59.835044526061274,60.30760955810547,3599900
2013-07-05,60.86357741105636,61.07205873362121,60.40490895775049,61.06511306762695,5403600
2013-07-08,61.21800506125132,61.843459712822124,61.134614642399065,61.56547927856445,12051400
2013-07-09,61.607182187457994,61.90601023805756,61.40564649732936,61.76701736450195,9348600
2013-07-10,61.7670071966986,62.18398044668919,61.718361024471044,62.017189025878906,7067100
2013-07-11,62.41329039226172,62.49668607730677,61.85038409879977,62.31599807739258,8941300
2013-07-12,62.329947840704726,62.538429260253906,62.11451014785506,62.538429260253906,7590600
2013-07-15,62.4828067293114,63.108255983022104,62.37856341968129,62.82332992553711,13343200
2013-07-16,63.268096431392934,63.69896630358107,62.635690907795926,62.82332992553711,11409200
2013-07-17,62.94842636750041,63.21945581513107,62.46195931382929,62.63569641113281,12832200
2013-07-18,62.77469221727618,63.20555684551401,62.58705317423946,62.66349792480469,8329300
2013-07-19,62.7121192562404,64.12286314532464,62.58008271378687,64.0950698852539,12506300
2013-07-22,63.99086470367926,64.32443704347625,63.66423803201867,64.12985229492188,9916200
2013-07-23,64.20627184550537,64.53289838889255,64.01168717336867,64.22711944580078,8467700
2013-07-24,64.38695279267422,64.39390375935194,63.7614983425314,64.18541717529297,6846300
2013-07-25,63.935239569335224,64.45645076147655,63.76150250528812,64.33135986328125,7368000
2013-07-26,64.15765207459177,64.58157112846519,63.69203780297239,64.51207733154297,8663700
2013-07-29,64.37308213386535,64.90124451525496,64.35918549579256,64.77615356445312,7925000
2013-07-30,64.95680811083442,65.30428220553063,64.64407824438747,64.74832153320312,8863000
2013-07-31,64.79005786836058,65.61704306579868,64.76225928916412,64.97769165039062,11365700
2013-08-01,65.43633317139495,65.60311927550771,65.11665229396307,65.16529846191406,11098600
2013-08-02,65.01938285312512,65.59619140625,64.94293809056464,65.59619140625,8503100
2013-08-05,65.35987136454513,65.53360839071135,64.92900163092092,65.1861343383789,7192400
2013-08-06,65.24176141591013,65.28346193010893,64.9776829021531,65.193115234375,6415000
2013-08-07,65.04718192873167,65.3460100113829,64.9568405277577,65.08888244628906,9056900
2013-08-08,65.51278015905741,65.58227923731653,64.4286624042666,64.8664779663086,11090000
2013-08-09,64.90121298410983,64.90121298410983,63.782345940530476,64.18541717529297,12135800
2013-08-12,63.99084647008314,64.47035723466378,63.76151223804639,63.93524932861328,11012300
2013-08-13,63.85880949121166,64.87343354183697,63.768468105908156,64.63715362548828,10099800
2013-08-14,64.48425551228544,64.59544448688119,62.89977418454278,63.03181076049805,12716800
2013-08-15,62.767731926403314,62.830280032137985,61.912943161595464,62.23262405395508,12010700
2013-08-16,61.94074869791804,62.40636815332002,61.690566850907736,62.107540130615234,14100700
2013-08-19,62.17702779548294,63.41403497181299,62.093632087335365,62.85807418823242,8687000
2013-08-20,62.927573021761866,63.692015119731934,62.35771560668945,62.35771560668945,8559200
2013-08-21,62.17702844963545,62.28821742630038,61.62801862813323,61.7114143371582,7940700
2013-08-22,61.68364452642196,61.87127833166539,61.23887780832736,61.3361701965332,7191900
2013-08-23,61.567183841056185,61.924279202953784,61.06305046943143,61.90327453613281,7714900
2013-08-26,61.86826727260508,61.952291287404755,61.18908784342133,61.287113189697266,6724500
2013-08-27,60.89503426486099,60.97205497134018,60.18784656990789,60.33488464355469,9941200
2013-08-28,60.46792595677851,60.85302951831909,60.1318350901628,60.58695602416992,8829200
2013-08-29,60.50294061253404,61.01407226719067,60.20885908496875,60.614967346191406,5768800
2013-08-30,60.76197531201267,60.76197531201267,60.11080388566856,60.50291061401367,7471300
2013-09-03,60.83902865933337,61.12610685849004,60.23686958294079,60.50994110107422,7590500
2013-09-04,60.53793692821597,61.09108319358548,60.390898858988514,60.84601974487305,8458800
2013-09-05,60.916045631562476,61.03507570301943,60.64997747030871,60.944053649902344,5647900
2013-09-06,61.070081710014705,61.560208633055424,60.21585592244418,61.028072357177734,10034900
2013-09-09,61.18909832206901,61.3361363666632,60.92303024261022,61.308128356933594,6819700
2013-09-10,61.71425986952326,62.02234275130462,61.51120572852952,61.98733139038086,8658700
2013-09-11,62.05732128856843,62.50543873163164,61.71423253978157,62.47743606567383,8098100
2013-09-12,62.52647944373822,62.71552691267039,62.23239788697807,62.32342529296875,7938500
2013-09-13,62.407436656469685,62.491460711632925,61.75626491940863,62.01533508300781,7738600
2013-09-16,62.61748094138111,62.71550631411063,62.19737143797142,62.337406158447266,7563700
2013-09-17,62.35139281371635,62.470422822096715,62.02230545009264,62.35839080810547,6291100
2013-09-18,62.25338703801597,62.95357131958008,61.8262741989033,62.95357131958008,10115500
2013-09-19,63.05159619912991,63.15661956695846,62.869546791590274,63.06559753417969,6721000
2013-09-20,63.15660820864267,63.520706958241085,62.79251480102539,62.79251480102539,14708600
2013-09-23,62.61747903266711,62.84153778378797,62.183362865253336,62.37941360473633,7376200
2013-09-24,62.33040794179002,62.456441337367856,61.721250981482655,61.770263671875,7797500
2013-09-25,61.91029797802713,61.945309331773394,60.96505018868626,60.97205352783203,7493200
2013-09-26,61.11207634105154,61.40615242403352,60.719974897075566,60.96503829956055,6400600
2013-09-27,60.78301952408494,60.87404693512576,60.523954657545296,60.72700881958008,5461100
2013-09-30,60.446923046329196,60.88103397350227,60.32088963541176,60.69898986816406,7962300
2013-10-01,60.62894407614178,61.25911089088591,60.39788736238661,61.24510955810547,6318700
2013-10-02,61.00702851492847,61.11906051635743,60.5239051992107,61.11906051635742,6383400
2013-10-03,61.049064865539606,61.196102913144784,60.41189465060208,60.621952056884766,7724600
2013-10-04,60.79000594681009,61.210115494588315,60.60795651737919,61.133094787597656,6050000
2013-10-07,60.70598799988555,60.902044127731315,60.41891516115355,60.62896728515625,5705200
2013-10-08,60.649990352029484,60.7340090829109,59.91479440491061,59.94280242919922,8669800
2013-10-09,60.166853901399065,60.37691138680558,59.86577435470774,60.18785858154297,8014200
2013-10-10,60.71998362469674,61.46217727661133,60.70597694712347,61.46217727661133,8647900
2013-10-11,62.05035495896516,62.65251408200016,61.630239967464256,62.63150405883789,8449800
2013-10-14,62.197365405792084,62.93955896790067,62.05732535691579,62.87654495239258,9198600
2013-10-15,63.24764986502157,64.03885621046466,62.967575073242195,62.96757507324219,11024000
2013-10-16,63.31066762849754,63.83580589086129,63.128623543772285,63.79379653930664,8116000
2013-10-17,63.62574112491131,64.41694735958414,63.555718430283015,64.39594268798828,8569600
2013-10-18,64.24190672588225,64.45196414352263,63.81479389413362,64.15788269042969,9082600
2013-10-21,64.15789484473315,64.15789484473315,63.555735831536374,63.856815338134766,6940500
2013-10-22,64.08785980144722,64.80904868207213,64.06685512989218,64.66901397705078,9635500
2013-10-23,64.4659414404216,64.71800811080679,64.08083809900532,64.48694610595703,6449600
2013-10-24,64.87206759093475,65.11012765622411,64.51497215101915,64.6620101928711,5251000
2013-10-25,64.4449668277986,64.60600623332179,64.26291740496225,64.47997283935547,6076000
2013-10-28,64.38893828103008,64.97709578585629,64.36093027204012,64.69001770019531,6551000
2013-10-29,64.97711169224532,65.24317982981117,64.82307027608196,65.21517181396484,6096700
2013-10-30,65.30620120561939,65.4322346201146,64.87209026612298,64.9701156616211,6295400
2013-10-31,65.01212082512338,65.3622130270271,64.64102394582272,64.84407806396484,7773900
2013-11-01,64.68301918956222,65.52324349602014,64.68301918956222,65.37620544433594,6835900
2013-11-04,65.43923257814834,65.46724059484184,64.71804350973527,65.13815307617188,6862500
2013-11-05,64.79503772510785,65.0821104303605,64.61298836203252,64.98408508300781,5350600
2013-11-06,65.13814589206031,65.25717594339261,64.9210904641035,65.14514923095703,5301300
2013-11-07,65.25015459281637,65.36218126515652,64.90006256103516,64.90006256103516,6116900
2013-11-08,64.85808236883523,65.88735434423879,64.80906967200569,65.85234832763672,7229500
2013-11-11,65.79633455807107,66.26545686417472,65.77532987898933,66.02039337158203,4723100
2013-11-12,65.80331298915559,65.88032833597396,65.11713012766107,65.50923156738281,7639600
2013-11-13,65.36919313701155,65.43220714680949,64.64100097478658,65.35518646240234,8954300
2013-11-14,65.39722087213461,65.91535580737263,65.39722087213461,65.76131439208984,7045700
2013-11-15,65.5582515234507,66.09739640488755,65.5022408415465,66.09039306640625,7063000
2013-11-18,66.06936834296422,66.23741102164533,65.82430499030836,66.02735900878906,8492000
2013-11-19,66.006367878643,66.46148871630773,65.81732047880362,66.41947937011719,6624200
2013-11-20,66.47552048460075,66.84661742797513,66.27946967240175,66.62255859375,7076500
2013-11-21,66.83958877090092,67.04264284719396,66.55251600233625,66.65753936767578,6896200
2013-11-22,66.55177943170891,67.39081725897634,66.55177943170891,67.15814208984375,6462100
2013-11-25,67.32735384385327,67.67989000130459,67.03827699196614,67.42606353759766,6374600
2013-11-26,67.39083353712145,67.59530521581488,66.96073886457262,67.0241928100586,7267600
2013-11-27,67.2216098484139,67.24276654209424,66.70690993366115,66.96778869628906,4603800
2013-11-29,67.1440250153651,67.33439213409939,66.57996512850085,66.74213409423828,4106800
2013-12-02,66.5658984039152,66.7421665318197,66.2556647774348,66.47423553466797,5827400
2013-12-03,66.41780937066481,66.6716358323025,65.93131313525492,66.25564575195312,9061100
2013-12-04,66.10757775512423,66.45306166234431,65.66337878085243,66.01591491699219,6218500
2013-12-05,65.86784798621275,66.01591251248553,65.33199695187535,65.55056762695312,8666200
2013-12-06,65.99477254666927,66.61523967303602,65.8678593053011,66.5870361328125,7280400
2013-12-09,66.48832643166784,66.61523967303602,66.06527870759042,66.5870361328125,6974500
2013-12-10,66.68575239252307,66.83381695880226,66.24860554497799,66.37551879882812,7576600
2013-12-11,66.55885150940588,66.5941019102474,65.59290015449797,65.64930725097656,9424300
2013-12-12,65.45893074226417,65.47303520518125,64.21095473792607,64.2744140625,12285700
2013-12-13,64.48592173744379,64.76795177626832,64.21799615916206,64.40836334228516,7909000
2013-12-16,64.45770521969398,65.09227133448618,64.27439030374528,64.42245483398438,6623000
2013-12-17,64.3731209666079,64.39427228078073,63.80906081870991,63.921875,8794000
2013-12-18,64.12632013668035,65.33199843958037,63.29433465157753,65.3178939819336,9691100
2013-12-19,65.14869106871592,65.14869106871592,64.45771774736495,64.8525619506836,7341000
2013-12-20,64.8314126582133,65.395472796307,64.8314126582133,64.93012237548828,11265000
2013-12-23,65.26147423115864,65.34608482277814,64.69741975818229,64.88778686523438,5312200
2013-12-24,64.99356905309634,65.14163360020608,64.76089388794887,64.9089584350586,3147300
2013-12-26,64.85961400167233,65.24740600585938,64.7044971999975,65.24740600585938,3459100
2013-12-27,65.40955528519541,65.54352074434381,64.99356520782372,65.1134262084961,3511300
2013-12-30,64.97949156307497,65.07820129394531,64.67631013846554,65.07820129394531,4370100
2013-12-31,64.9865266262781,65.0217824005974,64.2673550919373,64.57758331298828,6348200
2014-01-02,64.26029765160652,64.67629316189044,64.16864017679335,64.1827392578125,5919600
2014-01-03,64.3660559776874,65.02177348345893,64.3449046677069,64.76089477539062,5637600
2014-01-06,64.81729709008579,65.39545616391109,64.77499447323447,65.09932708740234,7443500
2014-01-07,65.59992943459483,66.71394499353514,65.56467366681161,66.48126983642578,11063300
2014-01-08,66.3966724008519,66.69985377443334,66.1922007415271,66.3896255493164,9096700
2014-01-09,66.9395837420279,67.24981197888616,66.34026782371797,66.79151916503906,7944700
2014-01-10,66.7280396857466,66.96776705650561,66.3755035481933,66.79854583740234,6697400
2014-01-13,66.53767603205605,66.9748174228395,66.31909995738948,66.62933349609375,9589200
2014-01-14,66.69985896599685,66.911382872597,66.50243952211746,66.78446960449219,7567300
2014-01-15,66.73508891770685,67.17223026590577,66.63637923396682,66.84085083007812,7390700
2014-01-16,66.69986956946848,67.04535365118002,66.43899613970306,66.72807312011719,8401100
2014-01-17,66.78447073252067,67.10175121850357,66.54474327570628,67.0241928100586,13714400
2014-01-21,66.93252462387873,67.05238564349706,65.30380906531315,66.29795837402344,16368400
2014-01-22,66.26975097285059,66.66459516047658,65.95247055603672,66.50242614746094,8875500
2014-01-23,66.09350029465722,66.13580830618233,65.15575787773219,65.388427734375,9322300
2014-01-24,64.95126891280488,65.2967528692475,63.8866081237793,63.8866081237793,10604200
2014-01-27,63.668022439248034,63.99235500893191,63.35073671855634,63.4141960144043,8685200
2014-01-28,63.86544893538469,63.8795480142191,63.30844118411943,63.52701187133789,8254400
2014-01-29,63.082814425146395,63.25203025722467,62.42004479553457,62.68092346191406,11160100
2014-01-30,63.18859164423879,63.30140043319302,62.758497041594836,63.103981018066406,6874900
2014-01-31,62.758486265517845,62.99115603380852,62.15212366358823,62.37774658203125,12193800
2014-02-03,62.57516575778579,62.596317065808705,61.066311487038625,61.18617248535156,13944600
2014-02-04,61.29195409010096,61.538728395083425,60.699690378866634,61.07338333129883,11436400
2014-02-05,60.98171510715921,61.81370081896293,60.97466825569015,61.53872299194336,10667300
2014-02-06,61.78547813892135,62.58221320878537,61.729076448258034,62.57516098022461,10037900
2014-02-07,62.6950353133748,63.484718322753906,62.47646459493902,63.484718322753906,9435100
2014-02-10,63.625756408848844,64.21802025049516,63.31552809110799,64.21096801757812,8080200
2014-02-11,64.22502836061223,65.55056762695312,64.12631867643039,65.55056762695312,11556300
2014-02-12,65.53649123997216,65.56469478742906,64.83141869137955,65.16280364990234,7696100
2014-02-13,64.86665110454776,65.30379786374775,64.66217949359655,65.26148986816406,5926000
2014-02-14,65.2896974405173,65.53647168302871,64.88780642292014,65.40251159667969,5485100
2014-02-18,65.40958424193695,65.46599134226287,64.93013464772095,64.98654174804688,6926500
2014-02-19,64.97240418445845,65.39544642781323,64.56346101819678,64.6128158569336,7693400
2014-02-20,64.64810896746852,65.38138512324399,64.38017793444305,65.13460540771484,8160100
2014-02-21,65.23399848890998,65.51095493813663,64.94283608855314,64.99254608154297,7381500
2014-02-24,64.9428477897231,65.37603727153491,64.69429777999106,64.70140075683594,8406700
2014-02-25,65.04226779361593,65.24111321938543,64.38183723260671,64.70140075683594,6383400
2014-02-26,64.70140075683594,65.00676374535928,64.4599483059649,64.70140075683594,6334100
2014-02-27,64.73694780310917,64.92158196438587,64.44578518127078,64.87897491455078,7040300
2014-02-28,64.9215423434717,65.78792128129004,64.66588936450945,65.41864776611328,9643700
2014-03-03,64.71561017513025,65.31923867616737,64.50256960239768,65.0209732055664,7506700
2014-03-04,65.66719542543669,66.37023838350646,65.5109624529804,66.28501892089844,8796300
2014-03-05,66.23529498038275,66.25660390503708,65.60326566519667,65.75239562988281,6842500
2014-03-06,66.1784923908056,66.50515882619594,65.91573648021689,65.96544647216797,7718300
2014-03-07,66.3063148158223,66.38443128669464,65.82341545860352,66.27080535888672,6792000
2014-03-10,66.16428108101552,66.39152751409794,65.89442763484962,66.36312103271484,4878200
2014-03-11,66.54777349658245,66.57617998353344,66.10748107581732,66.39154052734375,5837200
2014-03-12,65.9157525057967,66.48387148163086,65.79502898427677,66.46966552734375,6154900
2014-03-13,66.64717133153201,66.89572123723025,66.02934805422231,66.04354858398438,7659400
2014-03-14,65.95836326612776,66.35604873891548,65.66010322502527,65.90865325927734,7337800
2014-03-17,66.22819836857168,66.88153119975293,66.17138540464745,66.70399475097656,5872600
2014-03-18,66.68271411376423,66.92416116627615,66.3844540778433,66.71112060546875,5891900
2014-03-19,66.6756161853543,67.00938571567666,65.98677360881406,66.46257019042969,5937600
2014-03-20,66.41285154698816,66.8886534847341,66.01517152067777,66.83894348144531,5727400
2014-03-21,67.30051115633448,68.12428283691406,66.66848186464041,68.12428283691406,23988800
2014-03-24,67.6769149293919,67.76923195750202,67.13720246063268,67.60589599609375,13944100
2014-03-25,67.9609691069365,69.38126108758708,67.9609691069365,69.15401458740234,14167300
2014-03-26,69.24635193947866,69.92809158678271,68.91968536376953,68.91968536376953,11215100
2014-03-27,68.94095792664271,69.38124487022077,68.35863856740829,69.0829849243164,8694600
2014-03-28,69.24631948707753,69.75052236228862,68.85573712417613,69.19660949707031,8816000
2014-03-31,69.59430107626265,70.02038755027573,69.31734459725497,69.75763702392578,7545700
2014-04-01,69.81444731398089,70.07720326860172,69.14691379848574,69.55169677734375,7068500
2014-04-02,69.60140405259152,69.87125755527032,69.14691109124644,69.75763702392578,7995600
2014-04-03,69.57299533040303,69.83574584831277,69.26052939777166,69.77893829345703,5471200
2014-04-04,70.03456472693416,70.57427151053552,69.82151886847277,69.89253234863281,10309700
2014-04-07,69.87126256533034,70.56010503306969,69.47358255013395,69.51618957519531,11409200
2014-04-08,69.61557546519384,70.11268065857617,69.23919914696427,69.63687896728516,9601800
2014-04-09,69.89258245455478,70.30446851993752,69.43808935412733,70.26895904541016,8921300
2014-04-10,70.20502579876488,70.25473579624312,68.5432815353801,68.55748748779297,9667800
2014-04-11,68.31602254583841,69.02616833287617,68.20950501216866,68.79182434082031,8710700
2014-04-14,69.0830015488619,69.13981452879625,68.35155204065492,68.98358154296875,8617200
2014-04-15,69.91386273499121,70.45357514411045,69.62980870512318,70.44647216796875,13999100
2014-04-16,70.70922676761859,70.80864675978812,69.64400792181657,70.12690734863281,11308000
2014-04-17,70.08429450174988,70.7660338562254,70.08429450174988,70.27603149414062,9153500
2014-04-21,70.3115445040958,71.1069044154929,70.07009208957665,71.01458740234375,7031400
2014-04-22,71.01459142642794,71.54720086212615,70.8299519716839,71.14241790771484,7937900
2014-04-23,71.1850455702286,71.41229211196814,70.95779902848905,71.17084503173828,5876000
2014-04-24,71.18503845218424,71.2773609060869,70.69504136248344,70.98619842529297,6149900
2014-04-25,70.99328209825343,71.19922504667184,70.58849917701251,70.8654556274414,5895900
2014-04-28,71.41225841912264,72.0797971909011,71.09979795789255,71.96617126464844,8792900
2014-04-29,72.17210378207689,72.4206591054063,71.69630747498513,71.74601745605469,7811200
2014-04-30,71.61112560445319,72.2005481305749,71.51170559016573,71.93069458007812,8513600
2014-05-01,71.56139417855692,71.74603361467757,70.9648742713741,71.39096069335938,6590500
2014-05-02,71.13532315830489,71.2844531673892,70.21923417280068,70.52459716796875,8744200
2014-05-05,70.51038448194508,71.13531090061181,70.33284801343922,71.01458740234375,5438200
2014-05-06,71.02879651511135,71.02879651511135,70.6666259765625,70.6666259765625,5795900
2014-05-07,70.90806927467561,71.76024763242538,70.5529963134424,71.66082763671875,8720800
2014-05-08,71.49039820514722,71.78865823186285,71.27025467371197,71.36967468261719,5667900
2014-05-09,71.62531817340206,71.90227464972529,71.30575467548553,71.66082763671875,5691700
2014-05-12,71.89516360069179,71.89516360069179,71.3128442263746,71.38385772705078,7437300
2014-05-13,71.6537309566499,72.072714487089,71.46198850666491,71.73894500732422,6183200
2014-05-14,71.68922332334917,71.79574628731805,71.56139685018312,71.63241577148438,4187200
2014-05-15,71.46909868428229,71.61112572837175,71.30576812537787,71.50460815429688,7007600
2014-05-16,71.41937254890655,71.64661901892283,71.11400959688625,71.42647552490234,6516900
2014-05-19,71.1708408993055,71.67504396520226,71.10692493484795,71.46910095214844,6997200
2014-05-20,71.58980336622741,71.71053228170223,70.98618046078539,71.19212341308594,5438400
2014-05-21,71.44068585761643,71.8667723700905,71.39097585479419,71.82416534423828,5302500
2014-05-22,71.92428777924127,72.23177898158359,71.56674012329643,72.1960220336914,5124900
2014-05-23,72.25322348747623,72.33903688008647,71.98863628540245,72.21031951904297,5275700
2014-05-27,72.29612337916048,72.4820496581265,71.70259305583195,72.0887451171875,4524400
2014-05-28,71.9886418252847,72.17456812904298,71.5953426876448,71.72406005859375,4352700
2014-05-29,71.90997146117682,72.08159823706151,71.61678526659144,72.05299377441406,3685200
2014-05-30,72.01007689766375,72.61075963958714,71.90281699351925,72.55355072021484,5973900
2014-06-02,72.61077126014075,73.12564070540488,72.23177165619457,73.061279296875,5845400
2014-06-03,72.87536236973177,73.36877440144269,72.82530046277815,73.26866149902344,6681300
2014-06-04,73.10418893788552,73.44743159858348,72.89681066316464,73.42597961425781,5608600
2014-06-05,73.49748253118945,73.91223904950326,73.24004782711488,73.81212615966797,4730900
2014-06-06,73.83357237118076,73.890781291113,73.54038074833522,73.78351593017578,4624000
2014-06-09,73.70486079034634,73.81927863915429,73.42597410355613,73.81212615966797,3748800
2014-06-10,73.99091342254039,74.45572647036514,73.49034342651977,74.44142150878906,5792100
2014-06-11,74.23402393240637,74.47715911435562,73.74775902425077,73.88362884521484,5960500
2014-06-12,73.78351562271637,73.80496760366584,73.30440319570188,73.3187026977539,5930700
2014-06-13,73.30440319570188,73.40451607729467,73.06126801487449,73.3187026977539,4301600
2014-06-16,73.31156157550373,73.57614877826764,72.82529659426481,73.26150512695312,5645500
2014-06-17,73.03268821747078,73.08274467517076,72.49636668965178,72.8896713256836,4834600
2014-06-18,72.87536996361227,73.53325637827702,72.83961301370339,73.51895141601562,5445000
2014-06-19,73.60472716512538,74.276918198149,73.51891380269413,74.2340087890625,5481500
2014-06-20,74.63446454107755,75.42822040017253,74.41993386617665,75.27804565429688,12459700
2014-06-23,75.02064497007595,75.17081431723378,74.68454933111825,74.9062271118164,6063200
2014-06-24,74.82039064959325,75.24945203003512,74.76318719384415,74.79178619384766,5915000
2014-06-25,74.534369050782,75.7071246471962,74.534369050782,75.62846374511719,6411100
2014-06-26,75.68566905789102,75.77863492029567,75.1064437245708,75.5498046875,5106900
2014-06-27,75.42109846951072,75.50690640963127,74.69169824402275,75.07785034179688,6463000
2014-06-30,75.52837355509723,75.80010782663409,74.741764297961,74.81327819824219,6877800
2014-07-01,75.19227617264765,75.80010612114948,75.0778582993678,75.70714569091797,5129200
2014-07-02,75.58554097999713,75.77861968945881,75.29950733830012,75.69995880126953,3764900
2014-07-03,75.70713395650345,75.97886817980823,75.16366005415026,75.38533782958984,4199100
2014-07-07,75.3853250168838,76.32925034172624,75.27805965947707,76.13617706298828,7014900
2014-07-08,75.95025624561171,75.97886070668457,75.4568388396552,75.59986114501953,6268400
2014-07-09,75.80010799435206,75.95027736493454,75.59988216690876,75.8287124633789,5720900
2014-07-10,75.1422272926152,75.80011376306679,74.74177015150747,75.65709686279297,4955100
2014-07-11,75.68566298857854,75.8072333023017,74.98487284372652,75.156494140625,5461000
2014-07-14,75.35671997070312,75.43538086847232,75.16364669346952,75.35671997070312,7784800
2014-07-15,75.2494572881113,75.42107857883488,73.49031859916039,73.85501861572266,14219700
2014-07-16,74.03378813125944,74.13390099974148,72.90393666611389,73.09701538085938,11946800
2014-07-17,72.86819594999947,73.01121279588453,71.69544035536455,71.77410125732422,11218900
2014-07-18,71.98863084514608,72.91110428695492,71.77410556344793,72.79669189453125,8408400
2014-07-21,72.53925678934091,72.63936967805978,72.23891266744103,72.41768646240234,6379900
2014-07-22,72.87537382784865,73.32588195956824,72.78240793545385,73.27582550048828,6554100
2014-07-23,73.51179294501893,73.60475336226591,72.85390117704179,73.0755844116211,4815300
2014-07-24,73.18283077422348,73.46172288578019,72.95400055776729,73.08271789550781,5177200
2014-07-25,73.13279161882237,73.22575749656008,72.79670142127092,73.01837921142578,3951500
2014-07-28,72.8610573774795,73.22575749656008,72.69658851889491,73.01837921142578,4634800
2014-07-29,73.26150506386895,73.30441448812088,72.71803661028567,72.9111099243164,6053900
2014-07-30,73.1327707754179,73.54752722747769,72.80382769625606,73.15422821044922,5994800
2014-07-31,72.77523557271417,72.82529201811936,71.54527642050887,71.5738754272461,9141500
2014-08-01,71.3378906597533,71.8027035786474,70.65139999961826,71.43800354003906,8610700
2014-08-04,71.50237679741664,71.78126352514113,71.02326426063294,71.62394714355469,6790800
2014-08-05,71.38796607933847,71.68115231933918,71.18774026553423,71.38081359863281,6230900
2014-08-06,71.2735276109969,72.10304054928417,71.22347117201353,72.01722717285156,7412100
2014-08-07,72.28895720304887,72.36047107384694,71.20916758750025,71.4594497680664,7417800
2014-08-08,71.65969499678238,72.33188628370795,71.34505133809485,72.28182983398438,5618400
2014-08-11,72.66797818050958,72.78239057866001,72.23176966008995,72.33903503417969,5703000
2014-08-12,72.22460913851829,72.38193094223394,71.73119174609067,71.96002197265625,4577700
2014-08-13,72.33188063010049,72.90395351712068,72.33188063010049,72.7537841796875,4563700
2014-08-14,72.86105721737071,72.97547508025986,72.5821704962584,72.95401763916016,5239400
2014-08-15,73.08987576977997,73.25435005737893,72.08159442949898,72.34617614746094,6986000
2014-08-18,72.8824885566015,73.45456679750114,72.76092370352661,73.44026184082031,5979500
2014-08-19,73.46173659393105,73.62620544433594,72.95401417117584,73.62620544433594,5670000
2014-08-20,73.56183245105713,73.86932355204571,73.44026214174168,73.80496215820312,5183000
2014-08-21,73.89081580269456,74.67026724178747,73.89081580269456,74.50579833984375,8357600
2014-08-22,74.60656160861978,74.89453554739205,74.13140927839467,74.2249984741211,5076300
2014-08-25,74.62098138220281,74.73616768999518,74.21781557331107,74.31861114501953,3678200
2014-08-26,74.49138468456364,74.67136773232082,74.27540283019634,74.46978759765625,3512400
2014-08-27,74.58495830646977,74.67135212869283,74.0882089334625,74.31138610839844,4786100
2014-08-28,74.08100346093649,74.28978439882067,73.94421462409801,74.11699676513672,3482200
2014-08-29,74.22500519923301,74.70016306515556,74.16021394077805,74.6785659790039,5287800
2014-09-02,74.36896862373615,74.66413785115185,74.16738307477947,74.41216278076172,4644800
2014-09-03,74.7433666020315,74.94494675489824,74.54178644916476,74.7001724243164,4725800
2014-09-04,74.86573474494513,74.94492771239909,74.70015344401111,74.75774383544922,6147700
2014-09-05,74.81533458628674,75.17530059814453,74.3977726942968,75.17530059814453,5744400
2014-09-08,75.17528393312331,75.29047566785167,74.75052676976205,74.9089126586914,4900300
2014-09-09,75.16090864070728,75.16090864070728,74.54896748434322,74.72895050048828,5999400
2014-09-10,75.00972808045364,75.83764561042956,74.84414127887081,75.5856704711914,7402200
2014-09-11,75.43447930584088,75.51367227073747,74.94492529222809,75.2688980102539,4834100
2014-09-12,75.26172176382599,75.45610106409069,74.84415972011968,75.29051971435547,5929200
2014-09-15,75.29768645113566,75.52806996776995,75.12490430630531,75.39128112792969,4525500
2014-09-16,75.22570471753586,76.26960957375557,75.08892135148689,76.22640991210938,6081400
2014-09-17,76.22640229390142,76.76635132302344,76.1688119052057,76.4495849609375,6627800
2014-09-18,76.44239446375225,77.3279134083013,76.33440354476144,77.28471374511719,6628700
2014-09-19,77.67344553682283,78.01901523571237,77.47906635739022,77.74543762207031,13033400
2014-09-22,77.75266885605119,77.93265188581056,77.59428291103954,77.66627502441406,5788300
2014-09-23,77.58708406539816,77.82466298908112,77.16952759993134,77.36390686035156,8108100
2014-09-24,77.53666404544147,78.30699096482087,77.27748811998256,78.2134017944336,5890900
2014-09-25,78.13421638411045,78.14861809949467,77.08311635951014,77.1047134399414,5688200
2014-09-26,77.32789608723628,77.38548647083795,76.45677356377819,77.1047134399414,4467500
2014-09-29,76.5863692100897,76.78075393873127,76.34159495049146,76.7015609741211,6581600
2014-09-30,76.67276520789832,77.18391631683349,76.63676640745602,76.73755645751953,6822500
2014-10-01,76.29841449915027,76.51439085656018,74.8369475667081,75.08892822265625,12263700
2014-10-02,74.91613106273077,75.26170088054995,74.33298783109718,74.76494598388672,7566100
2014-10-03,75.03854301145121,75.72967733238629,74.96654539024452,75.68647766113281,6856100
2014-10-06,76.08241710361548,76.3127951333689,75.13930790253832,75.49207305908203,5015100
2014-10-07,75.20413460090532,75.20413460090532,73.67787600138804,73.71387481689453,8407800
2014-10-08,73.74264966885646,75.61447214318467,73.46187657233955,75.52808380126953,8337000
2014-10-09,75.3264927890234,75.49207958690458,73.28188828474504,73.49066925048828,10675900
2014-10-10,73.68504351756268,73.81463150503495,72.87872314453125,72.87872314453125,9984100
2014-10-13,73.04428761468372,73.04428761468372,71.28765207635477,71.35964965820312,10334600
2014-10-14,72.37477288537166,72.6411497388085,68.63832354156983,69.84061431884766,20807400
2014-10-15,69.14947091277254,71.07168803775431,68.46553221604088,70.70452117919922,21905900
2014-10-16,69.81179185989792,70.55332078112136,69.47342301406337,69.67500305175781,14575300
2014-10-17,70.22219344457028,71.3812848249763,70.05660660766345,71.05731201171875,12272900
2014-10-20,71.15089546638167,71.41726684570312,70.78372853316036,71.41726684570312,7988900
2014-10-21,71.87084003393065,72.26679948795291,71.51806926593507,72.25240325927734,7287300
2014-10-22,72.78514241579195,73.28189737843276,72.36758043248943,72.87153625488281,9360100
2014-10-23,73.62027864933339,74.13863078495537,73.38990053268445,73.88665008544922,7570400
2014-10-24,74.11700167312294,74.36178142406176,73.58425349893226,74.24658966064453,5973100
2014-10-27,74.20337745775757,75.04569642556768,74.18178038052821,74.92330932617188,7043900
2014-10-28,75.2689139763152,75.44889702695906,74.55617714105988,75.44169616699219,10347800
2014-10-29,75.59287248589906,75.99603271484375,75.4920824286629,75.99603271484375,8188300
2014-10-30,75.71525609007878,77.06873192568813,75.52807770261248,77.06153106689453,9068300
2014-10-31,77.70948347555615,77.88226566572602,77.21992935953587,77.59429168701172,10800100
2014-11-03,77.6302837286609,77.83906470771747,76.8527557016874,77.36390686035156,7082600
2014-11-04,77.67347515639506,78.27822098690116,77.27751029757283,78.19902801513672,9349000
2014-11-05,78.50860439199937,78.65978948676477,77.71667462039997,78.343017578125,6966800
2014-11-06,78.42222435019045,78.7029975030938,78.14865205810827,78.47982025146484,6200300
2014-11-07,78.47259242179693,78.49418950419066,77.6950644997497,77.89664459228516,6652600
2014-11-10,77.8030684571144,78.41500969573045,77.17672549938938,78.343017578125,7573300
2014-11-11,78.38621144729889,78.76057924563517,78.14863800938348,78.4078140258789,6221100
2014-11-12,78.23502953398395,78.47260847420529,78.03344940021313,78.2926254272461,4895900
2014-11-13,78.50858351369412,78.82534984544762,78.11261873319593,78.52297973632812,4860000
2014-11-14,78.41501101322476,78.51580107809511,77.75987559156745,77.86786651611328,5650700
2014-11-17,77.75267659300415,78.24943156221752,77.47190347805227,77.96865844726562,5233000
2014-11-18,77.84624116877647,78.51577811395994,77.5510719201714,78.3501968383789,5407200
2014-11-19,78.0766220358374,78.3357979913748,77.82464693813303,78.2998046875,5217800
2014-11-20,78.14863241113919,78.16302863651477,77.52949035971359,77.88225555419922,8090700
2014-11-21,78.78803018380768,78.78803018380768,77.98370057015605,78.15760803222656,8417400
2014-11-24,78.20111645659998,78.4257527818348,77.27360223029874,77.447509765625,9098000
2014-11-25,77.51993031434493,77.67210000852677,77.31703186035156,77.31703186035156,7367900
2014-11-26,77.36777239026583,77.71559286074827,77.24458816196908,77.68660736083984,5503700
2014-11-28,77.97643635634604,78.85322676677694,77.77354343868168,78.44019317626953,5881200
2014-12-01,78.17933813660122,78.84598794976203,77.7880422388543,78.2807846069336,5638800
2014-12-02,78.23733556184264,78.64312158027523,77.89676278419249,78.62863159179688,6184400
2014-12-03,78.65036423252775,78.97644147210985,78.00545198292261,78.0561752319336,8957400
2014-12-04,78.32425655951326,78.47643178657808,77.80977647501572,77.9402084350586,6697600
2014-12-05,77.91850053111996,78.79529133718746,77.69386977497618,78.62863159179688,6449700
2014-12-08,78.56339564502971,78.89672059135063,78.36050268017513,78.63585662841797,6499300
2014-12-09,78.41846466698946,78.59961986885243,77.45471766625813,78.29528045654297,7214300
2014-12-10,77.97644371599327,78.23005988701075,76.91849802516467,76.98371124267578,9416400
2014-12-11,76.70110566408863,77.75905130095124,76.34604304277595,77.33152770996094,7114600
2014-12-12,77.2808320784686,77.44024958574441,75.64318704248024,75.67217254638672,8325500
2014-12-15,75.91852222120652,76.12866292613218,75.09245491407432,75.33158111572266,12110600
2014-12-16,74.98377168445603,76.23736272079785,74.27364078396853,74.46204376220703,10209200
2014-12-17,74.83160169846786,75.71564012576484,74.41856798569685,75.41130065917969,10207600
2014-12-18,76.53447143836597,77.40401442050096,75.89680142494215,77.39676666259766,11756800
2014-12-19,77.26632816701927,77.8170416245659,76.44750850220281,76.4837417602539,19154400
2014-12-22,76.5851674732705,77.41123467129195,76.5706719626147,77.34601593017578,8124500
2014-12-23,77.28805466024156,77.46920985433167,75.30258975255323,75.5634536743164,10171700
2014-12-24,75.63591623467877,76.32430930372858,75.63591623467877,75.7880859375,3415100
2014-12-26,76.13588697521983,76.5851537419011,75.86053313472154,76.1286392211914,2951000
2014-12-29,75.8243277603229,76.58518188886086,75.80259001866499,76.3243179321289,4273400
2014-12-30,76.38952955955504,76.66488902391265,76.12866560827858,76.34605407714844,4371700
2014-12-31,76.52721943201679,76.88952990919576,75.75187523199054,75.77361297607422,6202100
2015-01-02,76.12142706945686,76.48373751618742,75.45477164587444,75.73737335205078,5753600
2015-01-05,75.70840241565648,75.88955766063914,75.12870342034424,75.20841217041016,8079300
2015-01-06,75.60694837787835,76.07795310796786,74.59248345573995,74.83885192871094,7428000
2015-01-07,75.29534694778418,76.68661750090575,75.22288044796969,76.490966796875,7931700
2015-01-08,76.8532886391242,77.16487583815585,76.62865793578229,77.09241485595703,9916000
2015-01-09,77.17213208492576,77.17213208492576,75.90404540747393,76.0417251586914,7364800
2015-01-12,76.20836159394368,76.67936617874192,75.57794509085423,75.78083801269531,6839000
2015-01-13,76.40402782293683,77.04893996780218,75.53447944457486,75.91128540039062,10151100
2015-01-14,75.25911109402324,75.67214469795391,75.00549493870047,75.36055755615234,8887700
2015-01-15,74.6142237035165,75.30985918564576,73.87510720296585,74.26640319824219,10834800
2015-01-16,73.95479762821047,75.80983064931307,73.9113221489813,75.3895492553711,14092300
2015-01-20,73.58526121420758,73.94757169674249,72.6504995058572,73.39685821533203,20460000
2015-01-21,72.8678874125667,73.98380443774872,72.75195092508291,73.83888244628906,11702900
2015-01-22,74.19392068555341,75.23737637030362,73.59973187138571,75.18665313720703,9036600
2015-01-23,74.59247495610116,74.61421269789585,73.86785407804591,74.0562515258789,10126000
2015-01-26,73.76639891465706,74.23739800721879,73.33886977214948,74.09972381591797,8962800
2015-01-27,73.78815739199896,74.46929736930603,73.13599738953947,73.97655487060547,10160500
2015-01-28,74.25916694165718,74.5852441997381,73.50556039329834,73.5345458984375,9053200
2015-01-29,73.55625946323052,74.24464701661073,72.94757511225544,74.18667602539062,7569300
2015-01-30,73.60695478324641,73.91129407910526,72.52726621280786,72.5634994506836,10676300
2015-02-02,72.8171331653715,73.07799706168805,72.01280373979834,73.06350708007812,8990700
2015-02-03,73.4765630112662,74.31712041075339,73.27367003650787,74.24465942382812,10005200
2015-02-04,73.99830726205553,74.23742801873767,73.2012196450479,73.44759368896484,9514100
2015-02-05,73.59974724188105,74.31712041075339,73.52003849773757,74.24465942382812,6642200
2015-02-06,73.99100835322355,74.2373766984058,73.0634948892635,73.25914001464844,9215700
2015-02-09,73.23020267237857,73.23020267237857,71.80994605590288,72.30268859863281,9851700
2015-02-10,72.59976940289825,72.96932207972034,72.04905597349884,72.71570587158203,12275500
2015-02-11,72.79539774292958,73.03452391022451,72.42583962332994,72.7374267578125,8177000
2015-02-12,72.82439752275643,72.85338302100158,70.39691871101492,71.33168029785156,25835200
2015-02-13,71.33166908737073,72.22294952255682,71.25196036182821,72.18672180175781,11153600
2015-02-17,72.02007536097014,72.80991506667205,71.82443013810804,72.78092956542969,8627100
2015-02-18,72.96932339395998,73.14323639274605,72.01282401431192,72.43310546875,7878200
2015-02-19,72.42585653118401,73.07076868801877,72.17948807954768,72.96932220458984,10028200
2015-02-20,73.10068081245078,73.23932433192087,72.31990914223223,73.1590576171875,10085700
2015-02-23,73.50928095445695,73.53117085660493,72.82337322964895,73.10065460205078,6878200
2015-02-24,73.15175042332913,73.7355072670208,72.96932710556521,73.48011016845703,6587200
2015-02-25,73.65523442826087,73.91062593843927,73.08607461497259,73.85224914550781,9684000
2015-02-26,73.97629781084713,75.2897478544925,73.85954978869952,75.01246643066406,11437900
2015-02-27,75.1875864116625,75.39919810325739,74.77896000975082,74.80084991455078,8500000
2015-03-02,74.80085766229374,75.45758270990079,74.80085766229374,75.31893920898438,7277600
2015-03-03,75.23135663854578,75.23135663854578,74.29005188222759,74.67678833007812,6419700
2015-03-04,74.51628898918139,74.51628898918139,73.82307694703236,74.17333221435547,8665500
2015-03-05,74.47979150198195,75.31164138056785,74.42871319600273,74.80815124511719,8042300
2015-03-06,74.49438834953072,74.7424869731754,72.88176678075405,73.04959869384766,9287600
2015-03-09,73.1152411452215,73.6406210302504,72.79417998990529,73.4509048461914,5701100
2015-03-10,72.96201621180202,73.29038146823146,72.61176661881758,72.62635803222656,8735700
2015-03-11,72.84526931897982,72.84526931897982,71.67046288891223,71.7434310913086,9138100
2015-03-12,72.21044076994346,73.1444472058077,72.11558265499762,72.84527587890625,8318000
2015-03-13,72.85986360689783,73.0058055845649,71.97693551870164,72.39286041259766,7821800
2015-03-16,72.77958039778717,73.75007345238559,72.77958039778717,73.7427749633789,7726500
2015-03-17,73.04958673955805,73.34875805682982,72.53880372610998,72.88905334472656,7301500
2015-03-18,72.88907245460129,74.23900411587917,72.33450391809276,74.0346908569336,7972500
2015-03-19,73.72819014052513,74.3995064441111,73.63333204342595,74.2024917602539,6863100
2015-03-20,74.33383697887055,75.08541996978451,74.2535702937131,74.72057342529297,12433800
2015-03-23,74.77166896689498,75.41379702916196,74.59654414393448,75.14381408691406,9016000
2015-03-24,75.0343405976864,75.32621894250744,74.37761571361817,74.39950561523438,8390700
2015-03-25,74.31926091865057,74.7935626734178,73.21742248535156,73.21742248535156,8444100
2015-03-26,72.9328286869054,73.56036524618997,72.64824880154575,73.07147216796875,9972400
2015-03-27,73.17364266916684,73.66253584028964,73.0787845450606,73.21742248535156,5847400
2015-03-30,73.87415595247506,74.32656785052346,73.52390624898874,74.1003646850586,6061200
2015-03-31,73.67712349867517,74.05656151419383,73.39983651895258,73.40713500976562,8028000
2015-04-01,73.30497154102078,73.30497154102078,71.95504035714384,72.34907531738281,11368100
2015-04-02,72.56070571334192,72.96203370012775,72.15937215943785,72.7066421508789,6097100
2015-04-06,72.1228770963473,72.64825711935408,71.53912584520901,72.35638427734375,9697600
2015-04-07,72.64096939324048,73.60416431530352,72.55340419410093,73.04229736328125,7900300
2015-04-08,72.85256765669159,73.29768096164266,72.67744284450151,73.08607482910156,7354100
2015-04-09,73.38522818329822,74.17329799587482,73.21010341398654,73.9397964477539,8073900
2015-04-10,73.93980789439735,74.53085756177235,73.64792952228142,74.47248077392578,6786500
2015-04-13,74.09304593225266,74.41411271192048,73.37065124511719,73.37065124511719,10753500
2015-04-14,73.73549693867892,74.03466824300467,73.10796036810247,73.3487548828125,9322200
2015-04-15,73.36335519912198,73.8741382136889,73.21012029475192,73.40713500976562,8237100
2015-04-16,73.1663431033966,73.20282999442695,72.80149646156491,72.81609344482422,7324800
2015-04-17,72.50960691063335,72.85985648858093,72.31988514176035,72.662841796875,11084200
2015-04-20,73.15904548243807,73.61145172631166,73.00581057075983,73.12255859375,6668500
2015-04-21,73.45093774082292,73.69173232336969,73.08609105361546,73.18824768066406,6532700
2015-04-22,73.4290403871781,73.5530924886694,72.94014717491928,73.2831039428711,4763900
2015-04-23,73.33418107759769,73.56768272501078,72.90366467682166,73.30499267578125,7351500
2015-04-24,73.049574448457,74.08573728260563,72.96930776454668,73.75737762451172,6566900
2015-04-27,73.815740330278,74.13680143757699,73.31225042124018,73.39251708984375,9113900
2015-04-28,73.29768851048148,73.66253515427107,72.46583860801066,73.5093002319336,7484600
2015-04-29,73.34147908426411,73.4144473047629,72.8963657019676,73.25391387939453,8926200
2015-04-30,73.02037874135122,73.078755517822,72.07177560860656,72.38554382324219,10170600
2015-05-01,72.69203894131341,73.25390025851142,72.69203894131341,73.06417846679688,6255000
2015-05-04,73.21011714324825,73.37065053152084,73.08607064035293,73.2247085571289,5532400
2015-05-05,73.06419701829329,73.18095063272133,72.45125724390225,72.6044921875,8828000
2015-05-06,72.69203561596544,72.87445890850661,71.99153084066143,72.3636703491211,8030800
2015-05-07,72.1958571141993,72.96933023319336,72.17396720586824,72.72123718261719,6401600
2015-05-08,73.31958970583435,74.18792100015997,73.29040130399976,74.04198455810547,7508600
2015-05-11,73.93253613455607,74.18063478904597,73.70633295876267,73.7209243774414,5698900
2015-05-12,73.61142709144946,73.73547913120298,73.17361240929996,73.312255859375,6903100
2015-05-13,73.4655093540567,73.79386905717725,73.31227445479264,73.37065124511719,5826800
2015-05-14,73.67712040962611,74.33384537733296,73.66252342861202,74.30465698242188,5454000
2015-05-15,74.41409672259293,74.66218967748887,74.18788810046998,74.64759826660156,6023500
2015-05-18,74.6986770427034,76.13616762690943,74.66219016457316,75.46485137939453,10479600
2015-05-19,75.64000497218981,75.97566319915776,75.34812655874708,75.8589096069336,7724100
2015-05-20,76.19454711529806,76.23833248403498,75.38458738261733,75.59619903564453,7146500
2015-05-21,75.64032002073809,75.92697513288597,75.22135651006099,75.28015899658203,6875600
2015-05-22,75.16990223104098,75.27280938151102,74.47899267363465,74.49369049072266,6216600
2015-05-26,74.4055074493921,74.64071182445366,73.92774698537859,74.1041488647461,7918900
2015-05-27,74.2437873568531,74.53779416411679,74.0894350447752,74.33198547363281,9297900
2015-05-28,74.24380863420254,74.75096477417074,74.09680238458384,74.34671020507812,5700100
2015-05-29,74.64070483078673,74.69215560776955,73.37647933039298,73.60433197021484,9957800
2015-06-01,73.70720165228342,73.94240590360164,73.29559561440442,73.53079986572266,7298100
2015-06-02,73.44262018666804,73.6778245149056,72.8399087450772,73.48672485351562,8312400
2015-06-03,73.7366292921575,73.81748130822686,73.38381998497177,73.56757354736328,5375200
2015-06-04,73.45733005486588,73.84688673195633,72.81051388969166,72.93547058105469,8057900
2015-06-05,72.75904889481636,72.80315355691354,72.17838704533428,72.46504211425781,7557300
2015-06-08,72.4724152757987,72.75172432346817,72.00200653076172,72.00200653076172,7054600
2015-06-09,72.35481627029135,72.42831658563976,71.88440752280403,72.18576049804688,7844300
2015-06-10,72.38419858357817,73.1706635282818,72.178389903638,72.6781997680664,10025100
2015-06-11,72.91339356405375,73.35440649260549,72.64144194685414,72.94279479980469,6175200
2015-06-12,72.67820716875188,72.93546664294504,72.11960037517183,72.28865051269531,8717200
2015-06-15,71.84766049764876,71.9358642479834,71.30375138987282,71.65655517578125,6833500
2015-06-16,71.66387739231081,72.39153980798086,71.36987061992801,72.29598999023438,6049500
2015-06-17,72.31070316119764,72.85461776831035,72.14165301638435,72.56796264648438,6155800
2015-06-18,72.66350800115508,73.90568385756748,72.55325474393685,73.76602935791016,8815800
2015-06-19,73.41323450238384,73.64843888046585,73.33973418567973,73.3985366821289,11653600
2015-06-22,73.9424323848018,74.11883423453781,73.49407324394942,73.56757354736328,5055900
2015-06-23,73.57496428697412,73.76606966339068,73.11925879945645,73.33975982666016,6046600
2015-06-24,73.14126732378772,73.36176822733455,72.81785926932947,73.00896453857422,7254700
2015-06-25,73.1339482877621,73.48675774187198,72.84729305967358,72.85464477539062,6581100
2015-06-26,73.08248693297523,73.59699480450311,72.95018410776589,73.2368392944336,9041100
2015-06-29,72.75172453373875,73.02367626066874,71.75210454571737,71.79620361328125,11150900
2015-06-30,72.34744030408758,72.3621381191444,71.51687636441501,71.63447570800781,8967900
2015-07-01,72.25190286648456,72.53120626212159,71.76679077079986,72.3768539428711,6726700
2015-07-02,72.65615792094812,72.78110899833631,72.26660126337684,72.35480499267578,6091900
2015-07-06,71.81822753221664,72.39888934813736,71.0317626641139,72.17838287353516,6817800
2015-07-07,72.49446387731955,72.75172338796276,71.67859749394961,72.7076187133789,7122600
2015-07-08,72.34009555222276,72.46504661922134,71.8035383314815,71.86233520507812,6845500
2015-07-09,72.803161676882,73.16331707918623,72.32540130615234,72.32540130615234,7316400
2015-07-10,73.33972892423189,73.42058094912045,72.83256724224266,73.15597534179688,6969300
2015-07-13,73.53820690732718,73.85426338356608,73.40590406593145,73.69990539550781,6986300
2015-07-14,72.95755468154371,73.4132601690614,72.43569496046325,73.33975982666016,9890600
2015-07-15,73.32502078495969,74.19233779629172,73.2294653466052,73.81012725830078,7990300
2015-07-16,74.19967867075187,74.50103717399129,74.07472760694128,74.3172836303711,5775000
2015-07-17,74.1555707977141,74.17027421977484,73.47200747241355,73.56021118164062,8054200
2015-07-20,73.86893393029652,73.97918719203375,73.57492710156849,73.77338409423828,5016200
2015-07-21,73.9424251415807,74.09677744594396,73.55286852470492,73.7513198852539,5891600
2015-07-22,73.80278377278428,74.02328468386888,73.30297385686,73.63372802734375,6721900
2015-07-23,73.86894405369388,73.94244436902031,73.50143686934715,73.6484375,5016100
2015-07-24,73.31767063161767,73.46467123691642,72.80316290535845,72.87666320800781,6524200
2015-07-27,72.74438253976828,72.75908036168192,71.97261510799204,72.23722076416016,8734000
2015-07-28,72.68557045116678,72.9354782524643,72.34011280074306,72.78112030029297,7757500
2015-07-29,72.9575133043793,73.53817521315052,72.80316099056117,73.30297088623047,7853500
2015-07-30,73.35443919772251,73.50143983430519,73.04572888855516,73.38383483886719,5517400
2015-07-31,73.75132681081843,74.22174108773056,73.47202341589235,73.65577697753906,6216800
2015-08-03,73.50142309341982,73.65577540899037,72.93546460299444,73.51612091064453,6172500
2015-08-04,73.80279801080214,73.86894661457477,73.24418550106908,73.35443878173828,6005300
2015-08-05,73.92038943344416,74.23644581319503,73.75868538691381,73.88363647460938,4571300
2015-08-06,73.86159012007622,73.94244214681981,72.77377202742238,72.81787109375,6988000
2015-08-07,72.78110952555895,72.81786248162818,72.1490024213357,72.65615844726562,6027900
2015-08-10,73.18536476297135,73.5455201561918,73.09716103887692,73.3470687866211,6133500
2015-08-11,72.80315917566656,73.01630836011606,72.59735048799278,72.77375793457031,6682600
2015-08-12,72.32542337580153,72.56797949140834,71.5977606366964,72.55327606201172,7462400
2015-08-13,72.57530070469043,72.75170815064958,72.14164501739586,72.38420104980469,5048000
2015-08-14,72.27395106828676,72.64145818576075,71.93584519313632,72.62675476074219,5177300
2015-08-17,72.35480554363544,73.41322226471353,72.07549653591882,73.40587615966797,6901800
2015-08-18,72.94282802224653,73.26623615509355,72.78112395582302,73.03838348388672,7618800
2015-08-19,72.89872810129181,73.49408796825034,72.60472122101933,72.99427795410156,7642400
2015-08-20,72.7296828395439,73.58965407004524,72.6120834350586,72.6120834350586,10620400
2015-08-21,72.00472090147908,72.96754548885971,70.7382324703617,70.77526092529297,16141500
2015-08-24,67.45724156856372,70.51607135337306,60.57672089078268,68.7459487915039,25636300
2015-08-25,70.87154887242606,70.87895117320573,66.95357887708049,67.19799041748047,15671100
2015-08-26,68.81258693123095,70.52345660668324,67.73865988229682,70.44198608398438,14738300
2015-08-27,71.17521301941504,71.3974063748196,69.87909829764928,71.26409149169922,11131200
2015-08-28,71.04931305220978,71.31594284458427,69.90132335445222,70.4864273071289,9200300
2015-08-31,70.27162543702227,70.48641081120287,69.30880087932167,69.60505676269531,9083500
2015-09-01,68.35339967247472,68.79778080908358,67.7386695140159,68.20526885986328,14593500
2015-09-02,69.00513576005336,69.22732908109904,68.50891041374366,69.1384506225586,11517400
2015-09-03,69.36804732580376,69.68651573405783,68.33115464689973,68.61259460449219,9027200
2015-09-04,67.8275539372238,68.04974169966569,67.07950880725905,67.62757873535156,10996800
2015-09-08,68.94590862267599,69.60508087557574,68.51634337611398,69.57545471191406,11394100
2015-09-09,70.35311402607046,70.4790266230246,68.16082896669373,68.30155181884766,7384500
2015-09-10,68.2200934817843,69.23476848800316,67.85718283309546,68.67188262939453,8359500
2015-09-11,68.46448205169267,68.8792369390439,67.99047485168796,68.827392578125,7381300
2015-09-14,68.80517528544199,69.55322020342457,68.51632732069248,69.11624145507812,7948700
2015-09-15,69.46437138921648,70.17538250219405,69.01999014993226,69.9161605834961,7030700
2015-09-16,69.98279967327146,70.22721127827339,69.48657416053138,70.0716781616211,5630400
2015-09-17,70.01243917007842,71.24189973197778,69.8569060238045,70.24203491210938,8258000
2015-09-18,69.67917060093805,70.15317810293503,69.06444017938676,69.16812896728516,14211100
2015-09-21,69.52360806564505,70.06426999561255,68.41265239240401,68.97553253173828,7053700
2015-09-22,68.33115539065368,69.20510707444971,68.0497097793873,69.05697631835938,10618700
2015-09-23,69.03478249459457,69.39769308659542,68.55336725587604,68.87184143066406,5609300
2015-09-24,68.52372298126458,68.8347947713663,67.97565326159851,68.49410247802734,7407600
2015-09-25,68.82740185126998,68.97552700224908,67.22022079563621,67.3979721069336,10794400
2015-09-28,67.17579633576891,68.19047140280729,66.58328992595183,67.67202758789062,14332800
2015-09-29,68.31636258824379,69.50138078458123,68.01270432415691,68.90887451171875,11520000
2015-09-30,69.71614647654431,69.96796595043682,68.57556501969084,69.1384506225586,10970100
2015-10-01,69.19774000085874,69.50880629648739,67.96087712256346,69.00517272949219,9675900
2015-10-02,68.24228296326545,69.59764983547488,68.020089634814,69.56802368164062,8368100
2015-10-05,69.76059170787902,70.2271909225899,69.67912119649299,70.18275451660156,9419200
2015-10-06,70.00499947293868,70.10869384071698,68.56816768479084,69.19029998779297,8365200
2015-10-07,69.81244359319221,70.6715795550734,69.20512149321375,70.345703125,9397300
2015-10-08,70.14572395551428,70.50863447418205,69.4791495789531,70.41976165771484,7090700
2015-10-09,70.46419539643102,71.07151743859822,70.19756565590775,70.6345443725586,8259700
2015-10-12,70.41235770282735,71.44925060848765,70.34570308669355,71.09374237060547,8957900
2015-10-13,70.20499953426386,71.27151889022797,69.84949119873806,70.69381713867188,12761900
2015-10-14,70.51604639883458,71.07152413549754,69.70875480051137,70.01241302490234,8881900
2015-10-15,70.36053266759046,72.1010289245082,70.25684391360308,71.9529037475586,9561900
2015-10-16,72.48615313817233,72.81202961133505,72.13805280606924,72.76018524169922,9495300
2015-10-19,72.61948018812866,72.7305712483537,72.0714045881558,72.53800964355469,8725400
2015-10-20,72.54540790709015,72.7676013163931,72.07140057448281,72.27877807617188,6041800
2015-10-21,72.31578044811344,72.7453511705248,71.89361767625697,72.3083724975586,7059800
2015-10-22,72.47133618555095,73.92298416500142,71.93807659093396,73.71560668945312,9887900
2015-10-23,73.97484546306987,74.71548270273037,73.71562355931144,74.29331970214844,9178900
2015-10-26,74.10074238172902,74.27108574640093,73.68598177301536,74.01927185058594,7561600
2015-10-27,74.00444684499443,74.73027358303624,73.84150580274351,74.20442199707031,8883200
2015-10-28,74.39696560222323,74.419189453125,73.6933628901494,74.419189453125,7256300
2015-10-29,74.41184013002307,75.19691396211175,74.15261817137254,75.07841491699219,6340700
2015-10-30,75.19687950266815,75.63385830467209,74.81175071924864,74.8265609741211,10520300
2015-11-02,74.93764655366235,75.79678247421036,74.68582705326297,75.6708755493164,6297900
2015-11-03,75.42647186463435,75.76716986845132,74.88581000107887,75.51535034179688,6229200
2015-11-04,75.4709307801315,75.83384142100691,75.31539764832775,75.50055694580078,5592300
2015-11-05,75.73012299705097,75.90787427081426,75.11539301413119,75.78937530517578,6545600
2015-11-06,75.22650357018324,75.48572540283203,74.70065195234938,75.48572540283203,6221100
2015-11-09,75.09321243938862,75.24133763331295,74.47107984416967,74.68585968017578,6625900
2015-11-10,74.80433463931726,75.36722032372498,74.56733103282112,75.13761901855469,5114200
2015-11-11,75.38200137078928,75.81157200694572,75.17462400177844,75.44125366210938,6284700
2015-11-12,74.9080589021618,75.25615935042146,74.2266739165466,74.26370239257812,6918700
2015-11-13,74.09331999108258,74.75989436572414,73.87112664933159,73.97481536865234,8517500
2015-11-16,74.34514707890953,75.019129525144,74.09333318731363,74.96728515625,5755800
2015-11-17,74.34516684374236,75.33021576521836,74.34516684374236,75.1746826171875,5124000
2015-11-18,75.19690318905303,76.1375157121904,75.0339620810693,76.04122924804688,7148400
2015-11-19,76.03379527181374,76.04860552518213,75.58940856219799,75.90788269042969,5164500
2015-11-20,76.46745595370074,76.69874982190261,76.25108720848819,76.45999908447266,7671500
2015-11-23,76.3928539671992,76.8479734888739,76.24363687810822,76.6763687133789,6730600
2015-11-24,75.9601091082552,76.6912864356713,75.9601091082552,76.1317138671875,7492400
2015-11-25,76.2286781784065,76.34805635091202,76.0719985961914,76.0719985961914,5400800
2015-11-27,76.31079326245771,76.56446917921149,75.94520735976477,76.37794494628906,2353800
2015-11-30,76.45997674521594,76.45997674521594,75.5348129272461,75.5348129272461,8983700
2015-12-01,75.90042920956506,76.46745867346243,75.44530971073507,76.37046813964844,7545700
2015-12-02,76.47491667475335,76.79573850410395,76.0944057394151,76.13917541503906,6623500
2015-12-03,76.30328578334071,76.37789998640227,74.84093734111318,75.19906616210938,12008700
2015-12-04,75.65423726447898,76.84799133116968,75.56470357487653,76.81068420410156,7845400
2015-12-07,76.55701042166577,77.21357370497365,76.54954785814292,77.08673858642578,7262900
2015-12-08,76.83304785919582,77.02702892091335,76.0347245431943,76.41522979736328,8005400
2015-12-09,76.20632070291238,77.10163451558829,75.85565432372996,76.21378326416016,7947000
2015-12-10,76.32571364138974,77.10164939288899,75.95266519874808,76.57938385009766,6479300
2015-12-11,76.37792963389663,76.37792963389663,75.67659683718715,75.86312103271484,7796500
2015-12-14,75.8407348935008,76.31823635256347,75.19162867933761,76.21378326416016,10641500
2015-12-15,76.58684277711525,78.10888103391231,76.58684277711525,77.6910629272461,9283200
2015-12-16,78.07158329239172,78.7057645525009,77.2359526709514,78.52670288085938,8178800
2015-12-17,78.45957897257024,78.53418754906525,77.31804555234542,77.32550811767578,8740800
2015-12-18,76.90766831892876,76.90766831892876,76.0645751953125,76.0645751953125,14966000
2015-12-21,76.35556570415996,76.78830333855863,75.24388274679023,75.78853607177734,8321900
2015-12-22,76.03474055885074,76.75844979649763,75.46770530052565,76.6316146850586,5581600
2015-12-23,76.93004725573533,77.34785967345137,76.65398936987737,77.21356201171875,5531700
2015-12-24,76.93749023365814,77.52690728276679,76.85541914503125,77.38514709472656,2546300
2015-12-28,76.98228617520653,77.19865498121706,76.79576193129415,77.01213073730469,4063000
2015-12-29,77.10163884677591,77.73582566633542,77.10163884677591,77.61644744873047,4230000
2015-12-30,77.67616027921584,77.84775940409455,77.24342264664335,77.42994689941406,3847800
2015-12-31,77.12404804513629,77.31057229297396,76.6167018633271,76.63908386230469,4592600
2016-01-04,75.88548432446227,75.96009284583374,74.1993044185935,74.96778869628906,12722800
2016-01-05,75.04243815086505,75.68408203073311,75.03497558697774,75.28118896484375,6467200
2016-01-06,74.47539028954715,75.33340283948955,74.31124806528213,74.90066528320312,7733800
2016-01-07,74.09490174452756,74.67685657620254,73.77407976139018,74.02775573730469,9433100
2016-01-08,74.52016714363761,74.56493683488046,73.0055911274733,73.23688507080078,9766700
2016-01-11,73.29654484503186,73.58752212897421,71.68497878721783,72.79666137695312,8151400
2016-01-12,73.11001512886051,73.58751656859631,72.55044259552015,73.29653930664062,6745000
2016-01-13,73.48307768007514,73.84866923758176,72.25201673045353,72.38631439208984,8290700
2016-01-14,72.44600298445934,74.21425456788053,72.37139443792525,73.7815170288086,10164300
2016-01-15,71.90135993042807,73.11749582192333,71.8118262536747,72.37139892578125,12662200
2016-01-19,73.06526768687539,73.42339669387691,72.29678881122993,72.74444580078125,12457800
2016-01-20,71.70738474913938,72.58031689276184,70.52855009630119,71.43878936767578,12685200
2016-01-21,71.45368747813667,72.10279373832671,70.34200484857915,71.58052825927734,11266400
2016-01-22,72.38631149715123,72.43853804723959,71.58798812164802,72.18486785888672,8380000
2016-01-25,72.16247202412625,72.88618671673292,71.65512605246242,71.92372131347656,9350200
2016-01-26,72.56538341305864,75.60945432673013,72.47584973914253,75.49008178710938,17266600
2016-01-27,74.97527395380715,77.13149348382416,74.97527395380715,76.22126007080078,19330500
2016-01-28,76.47492661733733,76.87781959673487,75.98996252960322,76.3033218383789,12789500
2016-01-29,76.76590327501552,78.1536438503166,76.57191650312743,77.92235565185547,15614600
2016-02-01,77.30308965686804,78.18348410575122,77.0121123611773,77.87012481689453,9803700
2016-02-02,77.07180615019857,77.78805843632651,76.8479748204167,77.15387725830078,10616300
2016-02-03,77.33294621076868,77.87759376986953,76.10934772819934,77.69853210449219,10168600
2016-02-04,77.30308621131663,77.6612094705429,76.64652310789073,77.51945495605469,10389000
2016-02-05,76.59430830372692,76.67637372350225,74.44554564990483,75.01258087158203,15522200
2016-02-08,74.84098486936944,77.22849857693312,74.77383887468993,76.10189056396484,14323800
2016-02-09,75.58707920747659,76.28094958971249,75.333408980039,76.07950592041016,10044500
2016-02-10,76.1391871699113,76.7808309276737,75.63184107522164,75.90043640136719,9833100
2016-02-11,74.9528856677532,76.11679488253363,74.5947623827132,75.87804412841797,12465800
2016-02-12,75.96757507324219,76.08695329215516,75.14686974114922,75.96757507324219,9035000
2016-02-16,76.37793669709899,76.88528278354283,75.84074605353878,76.34062957763672,10452800
2016-02-17,76.66144638061523,77.02703221964184,76.27347854829858,76.47492218017578,8904000
2016-02-18,76.72113122284763,78.10140909086036,76.47491792582053,77.77312469482422,10744600
2016-02-19,77.84076824736304,78.6674213153575,77.69046404094273,78.27664184570312,9343300
2016-02-22,78.27663961301172,78.72002410888672,78.19397373521825,78.72002410888672,6947000
2016-02-23,78.64487151150581,78.75008158174043,78.1263320699789,78.21651458740234,6629200
2016-02-24,77.66040742672674,78.96802829292099,77.38235466337335,78.87784576416016,9076100
2016-02-25,78.87032608110592,79.95249345046096,78.73505515993654,79.94497680664062,8092500
2016-02-26,80.27564431386058,80.35079355523305,79.22353773408717,79.49407958984375,9049400
2016-02-29,79.11830174139526,79.80968370925352,78.93794247445783,79.0656967163086,10111100
2016-03-01,79.58425572597709,80.59126809321015,79.2385646566201,80.57624053955078,8298500
2016-03-02,80.34327793980022,80.71902985817881,79.98255357540829,80.44097137451172,9767000
2016-03-03,80.27563482277985,80.4109057346649,79.38134347567761,80.14788055419922,6927200
2016-03-04,80.04268052364195,80.39588826751509,79.7120169789914,80.03516387939453,6715700
2016-03-07,79.65938119276302,80.35076312518433,79.27611275333749,80.21549224853516,6973500
2016-03-08,80.05020055906098,80.23807655202431,79.63687681465387,79.82475280761719,7632900
2016-03-09,80.29066467285156,80.42593558860649,79.72703681279255,80.29066467285156,7564200
2016-03-10,80.40340180672125,80.77164285112744,79.71201958486772,80.51612854003906,10474700
2016-03-11,80.78665815729332,81.1548934123459,80.56872136819555,80.94447326660156,7763800
2016-03-14,81.1023082937411,81.38788347611592,80.64389040642187,80.90692138671875,7242800
2016-03-15,80.8768532042885,81.42544785016449,80.23055938024181,80.98206329345703,8476600
2016-03-16,80.95952859750558,80.9971003574651,80.32074560946813,80.71904754638672,7065100
2016-03-17,80.76409239647828,80.86178579991255,79.9975555176272,80.21549224853516,8571100
2016-03-18,80.40340588022143,81.04218309002516,79.92996045652409,80.78667449951172,14758300
2016-03-21,80.7190447062218,80.97455330563008,80.07275082904512,80.62134552001953,7674700
2016-03-22,80.62133056051206,80.88435575625094,80.44848788910619,80.69647979736328,7821700
2016-03-23,80.62885086654313,81.78616751388063,80.56121253684132,81.53816986083984,8191300
2016-03-24,81.32773789702713,81.62082390500679,80.97453021214943,81.39537048339844,6284500
2016-03-28,81.4705064704576,81.83874162203243,81.2074756286725,81.33523559570312,4738100
2016-03-29,81.38786643202357,82.10179277141079,80.96702039179355,82.01912689208984,6612800
2016-03-30,82.25208960838027,82.33475548605857,81.86131015041666,81.89888763427734,5248200
2016-03-31,81.80868588435158,81.89886838430883,81.19245313510466,81.31269073486328,8167700
2016-04-01,81.16241785072854,82.1318585297457,80.92945348606844,82.05670928955078,9043200
2016-04-04,81.77863756923425,81.98905770116001,81.3577973053827,81.60578918457031,10668900
2016-04-05,81.33528755049447,82.54520382138803,81.16995573868314,81.8763656616211,7939000
2016-04-06,81.70350279974997,82.28967490913685,81.07223655874284,82.22955322265625,6828700
2016-04-07,81.9139025558647,82.37983690969854,81.63584412532413,82.11680603027344,7822900
2016-04-08,82.19196867515048,82.39487216854006,81.73355092075022,81.98905944824219,6301600
2016-04-11,82.02666652441835,82.37987433804851,81.65091450711319,81.89139556884766,6823900
2016-04-12,81.9138984528966,82.84576138037023,81.72602253901381,82.36479949951172,8412300
2016-04-13,82.665419567039,82.92844475532121,82.14688010048327,82.5677261352539,5758300
2016-04-14,82.66542464416763,82.8833614517064,82.25209522753902,82.54518127441406,4457100
2016-04-15,82.7180161980239,82.96601380756547,82.28965929677867,82.8006820678711,10057900
2016-04-18,82.66542006684128,83.49207312080587,82.41742243059616,83.36431884765625,7772500
2016-04-19,83.90541808790049,85.63387375181661,83.7776637910389,84.6794662475586,10526400
2016-04-20,85.06271081181882,85.81421455753038,84.95750074610068,85.35579681396484,8213400
2016-04-21,85.15289688914224,85.46853285427746,84.74708413412772,85.3482894897461,7884500
2016-04-22,85.24308153120418,85.48356253272469,84.79218037004313,85.16041564941406,7508700
2016-04-25,85.15290318069147,85.33326824081483,84.52915931503695,85.30320739746094,6139900
2016-04-26,85.2581019193479,85.34076779418984,84.65690233283775,84.852294921875,5853600
2016-04-27,84.88987313571167,85.07023245204807,84.51412121545789,84.74708557128906,5759300
2016-04-28,84.24356919277787,84.70198693876608,83.89787815594585,84.52914428710938,6640000
2016-04-29,84.21350522797769,84.33374857555137,83.80018162110954,84.2285385131836,7774500
2016-05-02,84.3337519634866,84.76210887276902,84.11581518739294,84.73204803466797,5178800
2016-05-03,84.58925915731605,84.99507186502291,84.25860141043968,84.68695831298828,7554500
2016-05-04,84.19848458280705,84.57423647451887,83.94297031501321,84.33375549316406,5214600
2016-05-05,84.22854286327765,84.99507417633401,84.1984820248317,84.82974243164062,5404300
2016-05-06,84.60430307833893,84.95751079797664,84.37884963454317,84.72454071044922,6099900
2016-05-09,84.90490258251151,85.66391729895527,84.71702663088342,85.46101379394531,6512700
2016-05-10,85.67145100081663,86.42295495696415,85.61132930827999,86.17495727539062,8356400
2016-05-11,86.09979187783497,86.24257943744861,85.90439928049828,85.94949340820312,6680700
2016-05-12,86.04720286154048,86.24259549525802,85.32575975264518,85.84429931640625,7156300
2016-05-13,85.59628117182514,85.73906299037014,85.19046844505341,85.34076690673828,6779900
2016-05-16,85.21302434685022,86.14488755104988,85.1529026605097,86.00210571289062,6222900
2016-05-17,86.07725296661943,86.09228052109779,85.10029565346154,85.54368591308594,9233900
2016-05-18,85.37835268471314,85.6939829250309,84.82975235257281,85.36331939697266,8267900
2016-05-19,84.91243819321441,84.95001568787882,84.3187493253451,84.8072280883789,8232200
2016-05-20,84.92075973560506,85.46570672611948,84.58774106597892,85.2537841796875,7435200
2016-05-23,85.35215742129957,85.3900032000725,84.79964600772739,84.89047241210938,6462300
2016-05-24,85.16292330117496,85.9046576880518,85.16292330117496,85.29159545898438,6125300
2016-05-25,85.66247129463964,86.07875173735151,85.41270302901252,85.7911376953125,5453800
2016-05-26,85.60949577041946,85.76843764679593,85.41270811537734,85.45055389404297,3973600
2016-05-27,85.55651279766501,85.78357014006406,85.29160967763866,85.57164764404297,4647000
2016-05-31,85.7230106895233,86.0030486092435,85.01155176481019,85.29159545898438,10104700
2016-06-01,85.29161810442994,85.57165609850193,84.82235697798114,85.35973358154297,4748900
2016-06-02,85.42784418025448,86.77507067674202,85.42027387003411,86.65396881103516,7310800
2016-06-03,86.63885979494216,87.33517840698775,86.37395660280053,86.85835266113281,6881700
2016-06-06,87.01727255494718,87.79684708358691,86.98699708715617,87.62276458740234,6349400
2016-06-07,87.80442128877891,87.97093348178774,87.38057049535954,87.59249877929688,6417400
2016-06-08,87.4335566270373,87.75901072264635,87.35030629974723,87.6454849243164,5863800
2016-06-09,87.63032943799963,88.6975179569334,87.5016630387459,88.5537109375,7375500
2016-06-10,88.3569289619231,88.72779911219476,88.06932067906911,88.56128692626953,6067400
2016-06-13,88.65207760110593,89.03808246764761,88.39474487304688,88.39474487304688,7940900
2016-06-14,88.13743203472627,88.6899491918152,88.0239062536746,88.64453887939453,6378400
2016-06-15,89.03810852834201,89.11379430730884,88.05417607840889,88.10716247558594,6371400
2016-06-16,87.56221878283145,88.47045971206758,87.20648925696989,88.28124237060547,6664300
2016-06-17,88.26611283253034,88.30395283842553,87.04755261827157,87.40328216552734,10702200
2016-06-20,88.25097672542951,88.65968692141197,88.12231030478381,88.20556640625,5588200
2016-06-21,88.54615259765744,88.66725447764738,87.93309020996094,87.93309020996094,5493500
2016-06-22,88.20555520664912,88.71265628795163,88.03147271447182,88.14500427246094,5833800
2016-06-23,88.70507190067387,88.84130859375,88.31150243981727,88.84130859375,6775900
2016-06-24,87.09297012800185,88.6445548592312,87.03998949580871,87.51681518554688,13939500
2016-06-27,87.03999236209583,88.28125787817272,87.03999236209583,88.21314239501953,10877400
2016-06-28,88.68240217017808,89.59064907828667,88.21314675338878,89.48468780517578,10089600
2016-06-29,89.94636764536581,90.37778879922514,89.3862858382093,90.3172378540039,8341500
2016-06-30,90.20372287727238,91.8915446956072,90.1885880254095,91.80828857421875,11559900
2016-07-01,91.80825237804639,91.98989940107032,91.42224740147263,91.8006820678711,7051400
2016-07-05,91.85365613383759,93.26900376394651,91.8385155145677,92.54240417480469,9334100
2016-07-06,92.28508740104142,92.83760461115423,91.98990879306982,92.82246398925781,9332400
2016-07-07,92.78461284871022,92.9511250332193,92.3456330048149,92.72406768798828,6058700
2016-07-08,93.09496164963845,93.17064745543784,92.3078165655197,92.98143005371094,6129900
2016-07-11,92.87544185135704,93.43552358128473,92.64838449976996,93.04195404052734,6711600
2016-07-12,92.83004109562866,93.24631583696747,92.79976562407488,93.03439331054688,6415900
2016-07-13,92.8527421981562,93.39768911339911,92.5651338926471,93.09494018554688,5230800
2016-07-14,93.07979147075511,93.6550079960783,93.02681084935811,93.23116302490234,5322700
2016-07-15,93.67772710773663,94.07887275745274,92.87544735721539,93.09494018554688,7192800
2016-07-18,93.09492834230245,93.26144052016079,92.67108336190286,93.20088958740234,6599200
2016-07-19,94.44218297976398,95.17634737848522,93.35228896315049,94.79791259765625,11325700
2016-07-20,95.2444286908267,95.41851116830303,94.63893672344236,94.7146224975586,7334600
2016-07-21,94.76760879862954,95.16874862250472,94.52541084226407,94.72219848632812,5492600
2016-07-22,94.69948415134324,94.87356084792928,94.34375467424887,94.63136291503906,5839200
2016-07-25,94.66165786878267,94.70706818603239,93.95776907913509,94.52542114257812,4880600
2016-07-26,94.63137208727053,95.02494737539867,94.41944959725758,94.72219848632812,5589900
2016-07-27,94.68435384084,94.78275055127483,94.10913152218005,94.43458557128906,4812600
2016-07-28,94.59352643650071,94.6086612815458,94.16211117203504,94.199951171875,4320400
2016-07-29,94.10912636911819,94.85086082686418,94.10912636911819,94.78274536132812,7020900
2016-08-01,94.84327860987031,95.14602744797133,94.68433676911938,94.9113998413086,4615100
2016-08-02,95.10065324050247,95.2898706143298,94.21511731686005,94.49515533447266,7158700
2016-08-03,94.60865516929034,94.60865516929034,93.61715831094148,93.7761001586914,5310600
2016-08-04,94.03344261311666,94.14697416590275,93.57932217642696,93.74583435058594,4728200
2016-08-05,94.13938559963837,94.13938559963837,93.67013040832421,94.0334243774414,5146900
2016-08-08,93.85181723043665,93.96534880939691,93.26903026097602,93.5869140625,5232500
2016-08-09,93.78369476820527,93.85181024583858,93.3447091086054,93.42039489746094,3941500
2016-08-10,93.54148547908058,93.68529251153004,93.27658234650671,93.3674087524414,4333500
2016-08-11,93.73826241718099,93.95775520891166,93.45065415963107,93.6777114868164,4052000
2016-08-12,93.45065378819865,93.67771111448153,93.05707851684778,93.26143646240234,4234800
2016-08-15,93.18574564131852,93.2992714110857,92.54997245835125,92.57267761230469,6469500
2016-08-16,92.42131555131724,92.58025741975163,90.86973109483816,91.07408905029297,11289100
2016-08-17,91.2027564623759,91.83095940728053,90.71079023113187,91.8158187866211,10442800
2016-08-18,91.70985922790017,91.87637141148969,90.74863767870832,91.36927032470703,8728000
2016-08-19,91.36165532461699,91.4226043902232,90.91212036128601,91.36927032470703,7798300
2016-08-22,91.35402974621583,91.35402974621583,90.63020367999403,90.76734924316406,6544900
2016-08-23,91.17879331259992,91.39975039408999,90.68354508256888,91.00355529785156,5603200
2016-08-24,91.03402240287629,91.13306971244666,90.37877204608351,90.44734191894531,6303900
2016-08-25,90.5616247661622,90.8282950532169,90.15780892962562,90.34066772460938,5566000
2016-08-26,90.54643476131099,91.23216289964225,90.33309841004784,90.69882202148438,6482700
2016-08-29,90.89688454812875,91.52927252125554,90.71401991237862,91.36927032470703,5074900
2016-08-30,91.94070522142951,91.94070522142951,90.86640314490406,91.02640533447266,3820500
2016-08-31,91.0797095275298,91.14066438346359,90.67589377967468,90.92732238769531,5693100
2016-09-01,90.81308244854655,90.96546384780949,90.36354743865864,90.7292709350586,4551800
2016-09-02,90.94260970646528,91.28547077067292,90.59212782819273,90.9121322631836,5806400
2016-09-06,91.26259508880054,91.40736146092158,90.94259072061617,91.23973846435547,5280700
2016-09-07,91.30831754253776,91.39212904926991,91.00355476857793,91.1330795288086,4753800
2016-09-08,90.95021464605574,91.29307565042033,90.77497083101761,91.02640533447266,4833000
2016-09-09,90.69116588585918,90.79021901964087,90.04353626803336,90.08163452148438,7957300
2016-09-12,89.7235349771017,91.01117344411905,89.43400219197953,90.79022216796875,7239800
2016-09-13,90.22639749435797,90.53878690462334,89.51781297736657,89.60924530029297,7957900
2016-09-14,89.792115208521,90.157838732359,89.49496738858059,89.79973602294922,6124900
2016-09-15,89.76162531744518,90.62259702612764,89.38828684392425,90.38639831542969,5812100
2016-09-16,90.29494793863228,90.77495442056167,89.99780023844133,90.09684753417969,12408800
2016-09-19,90.18067952392651,90.40925741280164,89.632097241008,89.6473388671875,5457600
2016-09-20,90.03591677909333,90.08925084692282,89.67019911768453,89.86829376220703,5187700
2016-09-21,89.86829970694434,90.66831659028503,89.6321067927864,90.59974670410156,6337300
2016-09-22,90.85878899742436,91.30831816114475,90.7749774901244,91.01879119873047,5340500
2016-09-23,90.98070010829883,91.12546068516544,90.44735361638668,90.52354431152344,4773000
2016-09-26,90.38638379353144,90.39400460567856,89.57113128308296,89.73875427246094,5998900
2016-09-27,90.20355881193932,90.83595275878906,89.69307465324412,90.83595275878906,5349500
2016-09-28,90.70639698030739,91.06449378147171,90.52353236054816,90.96544647216797,5076100
2016-09-29,90.57686311803658,90.87401084808744,89.17493596220453,89.35017395019531,6190200
2016-09-30,89.73875420432944,90.37876872574337,89.44160647355827,90.00542449951172,7941100
2016-10-03,89.90639212404506,90.67593151477438,89.47209876749038,90.52354431152344,6098600
2016-10-04,90.5464018906567,91.03403513320863,90.11972934302344,90.53116607666016,5733900
2016-10-05,90.83592787814376,91.00355088445373,90.36353629790449,90.80545043945312,5778700
2016-10-06,90.28734933953535,90.55401967287946,89.84543517972098,90.47782897949219,4448500
2016-10-07,90.79781645596726,91.10258498568874,90.43209887068247,90.85115051269531,4799300
2016-10-10,91.05687498465478,91.58259475885237,90.9349652432327,91.27783203125,3657000
2016-10-11,90.98068664508348,91.14830382438957,89.19017360295187,89.63208770751953,6394200
2016-10-12,89.87589359267831,90.23399617006213,89.52541182691304,89.88351440429688,4685200
2016-10-13,89.55591746709653,90.82069938426156,89.35781699345218,90.10449981689453,7387400
2016-10-14,90.2873263397648,90.51590417467605,89.57112121582031,89.57112121582031,5640500
2016-10-17,89.52542641130441,90.32544318527708,89.52542641130441,90.27972412109375,6956400
2016-10-18,89.43399618722738,90.2721112321217,87.74254191029365,87.93302154541016,12598300
2016-10-19,88.05494860945605,88.29876237390351,87.2092183424398,87.30826568603516,7400900
2016-10-20,87.49109849166058,88.15396383409177,87.30823387521784,87.52157592773438,6973000
2016-10-21,86.94254438180685,87.04159172134196,86.0891933347329,86.43206024169922,8422000
2016-10-24,86.80538292377945,87.00348337963858,86.43204445206511,86.56156921386719,6141900
2016-10-25,86.58442573131428,86.98062664253112,86.16536819309981,86.82823944091797,5595000
2016-10-26,86.58442904590801,87.7882618263385,86.55395160441864,87.28539276123047,6429200
2016-10-27,87.60538478774806,88.80159650601314,87.46061842399754,88.15396118164062,7548700
2016-10-28,88.24541644699221,88.31399214718118,87.29301814920781,87.87207794189453,8813300
2016-10-31,87.83396986037275,88.5577959735141,87.23967431910498,88.37493133544922,8552500
2016-11-01,87.4377760986495,88.33684023737108,87.3387229649488,87.87968444824219,7591900
2016-11-02,88.01682499313226,88.19968962352593,87.49110516643722,87.51396179199219,6591300
2016-11-03,87.52918946343314,87.95586774835513,87.43014215758191,87.64347839355469,6227100
2016-11-04,87.65111081919412,88.33683867780375,87.65111081919412,87.7044448852539,7160600
2016-11-07,88.29873362905467,88.93112737293168,88.2606353792397,88.88541412353516,6398200
2016-11-08,88.74828564871719,89.57877417518763,88.74066483469163,89.18257904052734,6675300
2016-11-09,91.4302346994839,93.33503125572315,89.98258815414653,91.66642761230469,16220000
2016-11-10,92.01690668293918,92.26834121583151,90.68354913411798,91.07975006103516,11904500
2016-11-11,91.04163485976684,91.04163485976684,90.00542529252047,90.26448059082031,8134800
2016-11-14,90.34830002767963,90.66068359996743,88.76350810165154,88.8396987915039,10054900
2016-11-15,88.6873205408444,88.90827761829593,88.24540638594134,88.6263656616211,7446700
2016-11-16,88.87779452677937,88.9768418394857,88.44350121264105,88.6568374633789,6594800
2016-11-17,88.90065262723725,88.90065262723725,88.47398011868023,88.81684112548828,5730300
2016-11-18,88.8321932723685,88.93192503719443,88.08035073914142,88.50230407714844,7717800
2016-11-21,88.56365969930573,88.74778208916996,88.07266275757094,88.2260971069336,5843300
2016-11-22,87.91154430504783,88.22609231323936,86.13167902468044,86.49225616455078,11649700
2016-11-23,86.11635496380609,87.02163180245124,85.5869964322245,86.74544525146484,7892600
2016-11-25,87.15206363584116,87.63539309336993,86.98328229214204,87.55867004394531,3433300
2016-11-28,87.29780199619812,87.55097392935578,86.7300879047208,86.79145812988281,9065700
2016-11-29,86.65338754690443,87.00629716291068,86.0549852597446,86.29281616210938,7799600
2016-11-30,86.0703203251595,86.32348643643726,85.38752746582031,85.38752746582031,11178500
2016-12-01,85.43357247646968,85.57166576879848,85.15738589181205,85.44891357421875,8143300
2016-12-02,85.70975269701893,86.33116953978383,85.49494222560125,85.89387512207031,6167700
2016-12-05,86.23144381726722,86.24678491495143,85.71743217421775,85.8785400390625,5451600
2016-12-06,86.10868196033063,86.8451774826078,85.80948083731634,85.97058868408203,6530400
2016-12-07,85.8401607461447,85.8401607461447,83.86849939906578,85.23408508300781,11761100
2016-12-08,84.80447370944995,85.31081182905498,84.3364912569906,85.14970397949219,7774900
2016-12-09,85.47192618894182,86.25445087185582,85.31081248499403,86.12403106689453,7672100
2016-12-12,86.45392518859785,88.5329921247441,86.36953452099645,88.50230407714844,9544600
2016-12-13,88.63272607666195,88.97028875539722,88.23379315436759,88.9089126586914,7051600
2016-12-14,89.08535067174266,89.99062744140276,87.90388737214249,88.21842956542969,9378700
2016-12-15,88.47929168804413,88.9319272316694,88.14172900930886,88.9089126586914,6738100
2016-12-16,89.30784206656458,89.34619773312251,88.57901416421043,88.90122985839844,11291100
2016-12-19,89.04699036222756,89.49963167976571,88.94725861239849,89.00862884521484,6310800
2016-12-20,88.97793559397218,89.18507254191154,88.15704956900254,88.73243713378906,5715200
2016-12-21,89.14674413973162,89.14674413973162,88.02665663331199,88.46395111083984,5907600
2016-12-22,88.22610467603096,88.6327110045563,87.36685702770583,88.56366729736328,4602300
2016-12-23,88.53297980773216,89.2387872447981,88.45626262598948,88.96260070800781,2992500
2016-12-27,88.90891604915322,88.9933067220552,88.51765073416648,88.92426300048828,3232600
2016-12-28,88.90124352576778,89.11605987473104,88.26448551406885,88.30284118652344,3278300
2016-12-29,88.40254154465232,88.89353842900279,88.23376026819224,88.60200500488281,2993600
2016-12-30,88.83986365991011,88.9856245644903,88.2107733389298,88.38722229003906,5506700
2017-01-03,88.82453054199463,88.99331189761436,88.4025830060926,88.87055969238281,5953000
2017-01-04,88.60970614000338,89.16975274553673,88.46393938243722,88.72478485107422,5828900
2017-01-05,88.99328265959934,89.73745156316996,88.56366178873195,89.65306091308594,6217200
2017-01-06,89.50730387611097,89.76047585378696,88.80916988532856,89.22344970703125,5221400
2017-01-09,89.26177907590531,89.46124838014109,88.90887544726925,89.20807647705078,5457500
2017-01-10,89.01631310515506,89.76048214146378,88.89356677150373,89.11605072021484,5312800
2017-01-11,89.0546400851387,89.1850598431655,87.47423848541426,88.0189437866211,8887200
2017-01-12,87.66607423721393,88.01898387152032,86.97561362585427,87.9345932006836,6627300
2017-01-13,88.18008068478645,88.24145092149149,87.796488902936,87.91923522949219,4935200
2017-01-17,87.41289994896083,88.26447420046958,87.20575710229855,88.12638092041016,6255400
2017-01-18,88.12635915894778,88.30280806297407,87.77345549775038,87.99593353271484,5014600
2017-01-19,87.9806164300081,88.14939776032992,87.39755524884535,87.61236572265625,5540800
2017-01-20,87.83483707745874,88.24911686889922,87.52029488680587,87.5739974975586,7502400
2017-01-23,87.85020926811477,88.04967282071277,87.30550953020989,87.38990020751953,7989800
2017-01-24,86.62270267510155,86.92190380943227,85.27245790661789,85.74044036865234,12450300
2017-01-25,85.87085539115677,86.5383071899414,84.9732520381728,86.5383071899414,9385500
2017-01-26,85.92456340406349,86.56899482008372,85.61768879270542,85.80181121826172,10164300
2017-01-27,85.92456508311753,87.10602855538798,85.84784789206547,86.9832763671875,8886100
2017-01-30,86.9986009308827,87.15203527350523,86.57664770895329,86.79145812988281,6969400
2017-01-31,86.53064875763319,86.99863127494697,86.25446216206613,86.88355255126953,8713400
2017-02-01,86.29281450545811,86.93724592444413,86.28514103052359,86.86820220947266,7082300
2017-02-02,86.55364070548615,87.16738983589245,86.5152791899062,87.1290283203125,7826300
2017-02-03,87.07534164769949,87.19809383750615,86.43091021065418,87.18274688720703,7267600
2017-02-06,87.04466348821188,87.14439526389904,86.40023197796144,86.9986343383789,6178400
2017-02-07,87.15204820717652,87.1673951556033,86.7301007757736,87.05998992919922,5507900
2017-02-08,86.92191713760822,87.22111831781696,86.80683840987858,86.9986343383789,5272000
2017-02-09,86.99863193241723,87.95761154839813,86.99863193241723,87.52031707763672,5854600
2017-02-10,87.70442506768511,88.98562021868602,87.63538135622635,88.41023254394531,6438500
2017-02-13,88.44092088768042,89.08535812920255,88.39489174655245,88.90122985839844,5710800
2017-02-14,88.56368552510821,89.30018115247778,88.4716213767569,89.26949310302734,5539100
2017-02-15,88.91657480685211,90.11337927441923,88.67874392570137,89.91390991210938,5979700
2017-02-16,89.76046027578245,90.74245411836473,89.76046027578245,90.58901977539062,7119300
2017-02-17,90.67341220849312,91.21811174588383,90.56600699566368,91.18742370605469,8691400
2017-02-21,90.8345327043963,91.97763454512112,90.77315661617251,91.80118560791016,8595100
2017-02-22,91.5096717993577,91.88559017758391,91.48665722460979,91.69379425048828,5103900
2017-02-23,91.69378097875003,93.51968168643403,91.66309878562518,93.36624145507812,9980900
2017-02-24,93.82958240613057,94.78718307890414,93.3662276220063,94.77946472167969,10835000
2017-02-27,94.31611418056558,94.89530919592815,94.2929473226513,94.52462768554688,5946200
2017-02-28,94.22347998567267,94.71772610177429,94.16942200084526,94.3779296875,8885500
2017-03-01,94.5941241938907,96.10775306196139,94.54006623045518,95.6521224975586,9393900
2017-03-02,95.56716061181044,96.03823961223686,95.00340830426109,95.4744873046875,6950200
2017-03-03,95.4744961869174,95.70617653034087,95.16559691818728,95.59806060791016,5585200
2017-03-06,94.9957133348362,96.09232122566226,94.6790838764541,95.53629302978516,6670700
2017-03-07,94.66364218349364,96.11548901531854,94.51691088264032,95.62896728515625,6644000
2017-03-08,95.56717356135039,96.28537558621376,95.37410856425674,95.83746337890625,7909900
2017-03-09,96.2081589252213,97.4669406919544,95.89152947503366,97.26615142822266,8571100
2017-03-10,97.33566665596906,97.68318135473253,96.94953659428649,97.46694946289062,7395400
2017-03-13,97.17350552424546,98.03843320542974,97.14261440822061,97.82992553710938,7162500
2017-03-14,97.96890744246073,98.65621839476101,97.89940097629338,98.11563873291016,7679700
2017-03-15,98.1156405884634,99.62154531201062,97.76812003480723,99.59066009521484,8360600
2017-03-16,99.18908030851648,99.38986367450939,98.67166160970402,99.20452880859375,7610700
2017-03-17,99.19678790281353,99.57519951925129,98.81065792905112,98.8956069946289,13300800
2017-03-20,98.88017981499804,99.17364242912915,98.82612773456842,98.90335845947266,5827500
2017-03-21,99.14275349212595,99.19680557052892,98.18514674448744,98.27009582519531,7578600
2017-03-22,98.11565569147491,98.57901060913117,97.46695409325419,97.50556945800781,10272700
2017-03-23,97.3819963534337,98.07703161411384,97.04220591967213,97.22754669189453,8508100
2017-03-24,97.19666260646792,97.58279268010179,96.63291010653644,96.90320587158203,6490300
2017-03-27,96.6560911539272,97.41290286373822,96.64836690206607,97.15033721923828,5004300
2017-03-28,97.01131469989839,97.13487325061541,96.36261316003412,97.04220581054688,5287600
2017-03-29,96.5711235925465,96.78735546828703,96.03826226170254,96.4707260131836,3971800
2017-03-30,96.33171193084131,96.86457322277202,95.97647303351292,96.26993560791016,4711700
2017-03-31,95.84519362764557,96.40122179677827,95.78341141065827,96.18498992919922,5657600
2017-04-03,96.32401245134868,96.77191886679668,95.97649184385376,96.29312133789062,4956400
2017-04-04,96.15407185887918,96.35485516997304,95.93011580400538,96.28535461425781,5358500
2017-04-05,96.31627716736784,96.9958639099685,96.07687843033699,96.37805938720703,5646300
2017-04-06,96.4166580541315,96.88773711684586,96.14636823746164,96.57111358642578,4324200
2017-04-07,96.62518156148164,96.8954714061573,96.40122543535702,96.4707260131836,3615100
2017-04-10,96.43210700383896,96.4938833251692,95.93786108194033,96.0228042602539,4594200
2017-04-11,95.96105926854406,96.37035625388134,95.72165458717696,95.93016815185547,4161500
2017-04-12,96.17726368671498,96.8877414917213,96.03825664731146,96.8414077758789,5556600
2017-04-13,96.63289620715372,97.03447472542243,96.50161341505209,96.5247802734375,5396500
2017-04-17,96.54793835343986,97.15802443358315,96.4784377846028,97.0885238647461,5367500
2017-04-18,95.12698764003441,95.27371892636701,93.40484523666778,94.07671356201172,13485700
2017-04-19,94.29295647009403,94.43196352294129,93.52842062537252,93.72920989990234,6993100
2017-04-20,94.10760930697383,94.33156542645865,93.71375503533663,94.1153335571289,6330100
2017-04-21,94.04583048740952,94.24661975556027,93.86048972012708,94.03038787841797,6021700
2017-04-24,94.61729207603759,95.15015335844448,94.33155964844354,94.90303039550781,5679000
2017-04-25,95.25055425986503,95.56718371684593,94.99571291444644,95.32006072998047,5090000
2017-04-26,95.59809838538787,95.96106165064134,95.3586995899561,95.38186645507812,5021800
2017-04-27,95.4358897092061,95.99963619495912,95.29688267717948,95.5594482421875,4225200
2017-04-28,95.64441650795368,95.68303187144109,95.08838826824761,95.35095977783203,4381800
2017-05-01,95.29690419091628,95.59036092838795,94.98799895091183,95.25056457519531,4556400
2017-05-02,95.38956502874366,95.55946319356717,94.90304328646658,95.52857208251953,4881600
2017-05-03,95.44362702038126,95.52857610637123,95.01888748230859,95.24284362792969,3736500
2017-05-04,95.52085053384361,95.72163391113281,95.1656116064741,95.72163391113281,3753700
2017-05-05,95.60582263772129,95.60582263772129,94.87989610721435,95.38186645507812,4139800
2017-05-08,95.39728503746242,95.6057985547928,95.00343075396472,95.1810531616211,3608600
2017-05-09,95.16561787452254,95.35095865494951,94.89532211704827,95.1501693725586,3762500
2017-05-10,94.91848590676065,95.03432020116594,94.50918312964767,94.84125518798828,4237400
2017-05-11,94.60185350323599,95.15015741651528,94.47828907055964,95.1424331665039,4095900
2017-05-12,95.0729494538775,95.83748536805972,94.99572461569664,95.48224639892578,4097100
2017-05-15,96.07687142690244,98.35503611754733,96.01508921156682,98.06929779052734,9854600
2017-05-16,98.33960453602927,99.13503154672182,98.1233726370306,98.67167663574219,7233800
2017-05-17,98.6716819920046,98.76435533598212,97.6522987757626,97.82219696044922,6480800
2017-05-18,97.66000923396099,98.7488987773615,97.2738791930746,98.05386352539062,6571300
2017-05-19,98.1001932259913,98.37820731539014,97.64456262451222,98.0770263671875,6957200
2017-05-22,97.7912891644186,98.57899772416492,97.7912891644186,98.27781677246094,4858200
2017-05-23,98.31643326076548,98.96512892864106,98.31643326076548,98.47860717773438,3972500
2017-05-24,98.68711046792914,98.84928436807033,98.30098045086636,98.47087860107422,3965200
2017-05-25,98.52529530243706,99.20939457976135,98.20657208264122,99.1394271850586,5294300
2017-05-26,98.90623732122336,99.24828110137521,98.5952835775813,98.66524505615234,4005200
2017-05-30,98.49419049458429,99.03058539231549,98.09773037368933,98.81291961669922,3665400
2017-05-31,98.99949058905547,100.12669684157069,98.99949058905547,99.69913482666016,8813500
2017-06-01,99.75357153222237,100.11116027832031,99.59808578672207,100.11116027832031,5790900
2017-06-02,100.32104060639004,101.16838322001621,100.15001580302943,101.12174224853516,6562600
2017-06-05,101.0362230888738,101.46378506867711,100.90406972455173,101.33940124511719,4634700
2017-06-06,101.19949847204443,102.09349414188426,101.08289601427742,101.70480346679688,5619100
2017-06-07,101.83691575467928,102.2100553307709,101.51041714286247,101.64257049560547,5765200
2017-06-08,101.64259545509,102.14788850800502,101.02846950484424,101.48712158203125,8101700
2017-06-09,101.34720480111017,102.38112344041508,101.30056381709463,102.24897003173828,5992500
2017-06-12,102.24896378590735,102.48218055363742,102.16345136646959,102.47441101074219,8020700
2017-06-13,102.41997892583538,103.18180922383887,102.14789074560021,102.62987518310547,5733800
2017-06-14,103.01078679337898,103.8270394911439,103.01078679337898,103.2129135131836,7329400
2017-06-15,102.61431172179914,103.66378101825734,102.4666074055085,103.42278289794922,5265000
2017-06-16,103.95143097056965,104.6355303273926,103.4228055052344,104.4411849975586,12639600
2017-06-19,104.28569843817847,104.69770958529045,103.77263578642415,104.22351837158203,7488700
2017-06-20,104.09135069998672,104.75989908844679,104.09135069998672,104.34011840820312,5201200
2017-06-21,104.39451097503354,105.03196922127356,104.18462660196002,104.87649536132812,5841100
2017-06-22,105.29629231593586,106.50123567588919,105.15636937883139,105.76272583007812,7311000
2017-06-23,105.2962676822544,106.120289750818,105.19521620528525,106.05809783935547,9007100
2017-06-26,106.09698444544894,106.42348313091685,105.879318655137,105.98815155029297,5561800
2017-06-27,106.11254123099927,106.29133559818932,104.93869980707831,104.95423889160156,6120500
2017-06-28,105.68495796070106,105.87930323531135,103.83479901249908,104.02914428710938,6557900
2017-06-29,103.70263704814988,103.95917424212941,102.85529447105954,103.11183166503906,5750000
2017-06-30,103.15850429049453,103.54719497121373,102.8320055421182,102.83977508544922,5264400
2017-07-03,103.22846767672223,103.64049071885667,103.1196347585825,103.31398010253906,2931000
2017-07-05,103.37616194537615,104.2157351727446,102.94083031531044,103.88923645019531,4302700
2017-07-06,103.86591268969342,104.14577042333761,102.93305753151175,103.01856994628906,4282200
2017-07-07,103.3217348651355,103.39169632406382,102.3733288822338,103.03409576416016,4994100
2017-07-10,103.18959674173233,103.29064824337837,102.01574340179899,102.26451110839844,4019600
2017-07-11,102.17120567953575,102.4510633867162,101.43269591005549,102.01573181152344,3733100
2017-07-12,102.64540938122222,103.30618815211194,102.43552499583961,102.7931137084961,5053200
2017-07-13,102.69206893628295,102.78535089144486,101.82917526534537,102.5054931640625,4424400
2017-07-14,102.61430086786373,103.39168193504452,102.41218606067847,103.08073425292969,4383100
2017-07-17,103.16627763545348,103.33729060866251,102.41998636754435,102.7309341430664,4939400
2017-07-18,102.31891586700182,104.90759684123591,101.89913521313251,104.52668762207031,10256000
2017-07-19,104.82207160127102,105.26518455125051,104.57331580102421,105.10971069335938,5503300
2017-07-20,105.51399790790671,106.56346777945927,105.4284854601365,106.16700744628906,6088600
2017-07-21,105.20303569193305,105.93377617117446,105.0242412752782,105.18748474121094,6773500
2017-07-24,104.93871398881654,105.0708673965033,103.27511835396837,103.39949035644531,8306700
2017-07-25,103.96696371601394,104.05247612064551,102.18675416374633,102.52103424072266,6262900
2017-07-26,102.35001105362501,102.80089357047439,101.64259131881501,101.79806518554688,5382200
2017-07-27,101.72035441513182,101.95355933066583,100.72530723585992,101.70480346679688,5838100
2017-07-28,101.94577292447396,102.60655170758153,101.4638003628966,102.49771881103516,4970900
2017-07-31,102.72316678999529,103.8425977847722,102.69207675653928,103.1740493774414,5440800
2017-08-01,103.52385478225696,103.66378956887812,102.83198597669181,103.01078033447266,3837600
2017-08-02,102.67653182243079,103.00303057138021,102.22564920857734,102.73872375488281,4032100
2017-08-03,102.5443494680544,103.70263978005465,102.23338989357171,103.66378021240234,4327300
2017-08-04,103.96695195891552,104.1768363140892,103.23621183140787,103.53160858154297,3192800
2017-08-07,103.46164650236139,103.76482465322333,103.0107640463806,103.28285217285156,3010800
2017-08-08,103.00300546914575,103.23622219353042,102.14788143370036,102.82421112060547,5535800
2017-08-09,103.2440045250356,103.7104380315876,102.90195486848373,103.57050323486328,6332300
2017-08-10,103.4227908596387,104.05247960312528,102.90194687286743,103.46166229248047,5607900
2017-08-11,103.88922491101205,104.55000368733033,103.19735610538399,103.46944427490234,4270600
2017-08-14,104.32454691432291,104.45670028507391,103.29062857173521,103.76483154296875,3041100
2017-08-15,104.05248867944411,104.12245014752438,103.54718373221596,103.68711853027344,3931800
2017-08-16,104.231285173562,104.92315404975452,104.06026034017533,104.3012466430664,4469900
2017-08-17,104.30899693379804,104.74434034145807,103.41501335673733,103.42278289794922,5741400
2017-08-18,103.13517023132778,103.99806390348796,102.90973488540155,103.10408020019531,4792800
2017-08-21,102.83199668099063,103.89700525858103,102.76203521134539,103.74153137207031,4660000
2017-08-22,103.60159974243683,104.78321067031969,103.3139606215278,104.71324920654297,4150300
2017-08-23,104.50336771826333,104.5500205626021,103.11962988366005,103.23624420166016,5129900
2017-08-24,103.25179522392423,103.45391010194588,102.82423311474585,103.30620574951172,5398400
2017-08-25,103.19668256595386,103.70518997208757,102.9698012156328,103.01673889160156,4133300
2017-08-28,103.01669481594428,103.36092020891056,102.86806288475329,103.06364440917969,5349200
2017-08-29,102.93069279435295,103.61913192645217,102.71946131852461,103.43138122558594,3277900
2017-08-30,103.26709340515802,103.26709340515802,102.40652951850657,102.53953552246094,5430800
2017-08-31,102.78985734267881,103.65824005763689,102.68033213256484,103.55653381347656,7407100
2017-09-01,103.73648263228726,103.77558940135545,102.43781797815814,102.50822448730469,3820800
2017-09-05,102.26568928616047,102.62555267952048,101.48336302903705,101.62417602539062,5146600
2017-09-06,102.12488676188208,102.48476217156147,101.86672954525268,102.22659301757812,5601900
2017-09-07,102.37522264125705,103.67388719651541,101.89800310889596,103.41571807861328,3800200
2017-09-08,103.26705409717373,103.5330421291267,102.38302170805653,102.46907806396484,4854400
2017-09-11,102.77420977055188,104.31539364990103,102.50040270782333,104.21369934082031,5724200
2017-09-12,104.69873797304129,104.73785667843033,103.21231072972796,103.75994873046875,5465200
2017-09-13,103.7912304806105,104.63614433086724,103.14972911157523,103.6191177368164,4679500
2017-09-14,103.37659382610332,105.1994154850679,103.25924965942494,104.9725341796875,6274500
2017-09-15,105.44977260194815,105.96611090265677,104.97255300959998,105.18378448486328,15522000
2017-09-18,105.17594259433815,106.21643793570308,104.91777350025352,105.91133117675781,5260800
2017-09-19,105.62969283930646,106.23207545247595,105.10553568814997,105.7861557006836,4903800
2017-09-20,104.24496541287726,105.05857940268994,103.53304571094718,104.22149658203125,8705500
2017-09-21,104.29192995347888,104.69092405539367,102.78204573894475,103.07150268554688,6051800
2017-09-22,103.25927185814908,103.57219766146544,102.69599586229624,102.78987121582031,4334900
2017-09-25,102.8524447349522,103.07931412080862,102.35175635552703,102.61774444580078,6017400
2017-09-26,102.87591364532395,103.22013914468396,102.34393746438764,102.43781280517578,4516200
2017-09-27,102.48475920396044,102.55516571554791,101.25650101639546,101.50685119628906,5796100
2017-09-28,101.63202918840884,101.9136671801547,101.14697868535242,101.28780364990234,3992700
2017-09-29,101.37386383695372,102.0701339069204,100.95923176929684,101.71025848388672,5736900
2017-10-02,101.82759636487395,102.74291672399352,101.71807115790287,102.6568603515625,4492900
2017-10-03,102.99324241708453,103.57998708395897,102.76637306499411,103.34529876708984,3900800
2017-10-04,103.58000417893335,104.19021777820511,103.34531582333096,103.96334838867188,3589000
2017-10-05,103.96335115344,104.29192679737416,103.54871913104549,104.19805145263672,3741100
2017-10-06,104.04938386426022,104.24496541287726,103.64257090067869,104.22149658203125,2469500
2017-10-09,104.56575254146601,104.69092763408499,104.1824082968281,104.40145874023438,3750500
2017-10-10,104.48751377672023,104.93344556191668,103.9868253500553,104.75350189208984,4184600
2017-10-11,105.52020550173701,107.24132146909929,105.12121133411817,106.90491485595703,8269400
2017-10-12,106.66238632927433,107.58553775636416,106.41204807034862,107.04573059082031,5172800
2017-10-13,106.86577880482272,107.50728017210315,106.66236632415769,106.73277282714844,4106600
2017-10-16,106.74845697865904,107.38213958379066,106.03653694239878,106.49028778076172,5120100
2017-10-17,107.70286066031188,110.40188401715861,107.22564113817042,110.14371490478516,11717300
2017-10-18,110.14371170276202,110.76175614884528,109.58044776355628,110.05765533447266,6827700
2017-10-19,110.08117451467666,111.85704719492284,109.94816849580607,111.12165832519531,9181300
2017-10-20,111.38763660303421,112.35771369870193,110.95735469575247,111.40327453613281,5634500
2017-10-23,111.19206066643471,112.92882631711845,111.15294195698877,112.35771942138672,6686000
2017-10-24,112.1699526689667,112.1699526689667,110.25324361650362,110.80870056152344,6585800
2017-10-25,110.4332197951899,112.05262956286799,110.27675687105692,111.37200927734375,6563600
2017-10-26,111.48929154832439,112.45938023878645,110.60527114627962,110.94166564941406,5841100
2017-10-27,110.308029730639,111.63798231155174,109.68216618157587,110.91824340820312,5140100
2017-10-30,110.37062512022676,110.4723313861643,108.99373476435431,109.52571105957031,6034300
2017-10-31,109.54134463715639,109.72909533113628,108.72771850539885,109.06412506103516,4832100
2017-11-01,109.3927113468478,109.98727516450363,109.00936708045188,109.51005554199219,5006800
2017-11-02,109.61172641532131,109.75253940403411,108.82940020064835,109.47090148925781,3494100
2017-11-03,109.31443788773049,109.83859501550195,108.97804334764531,109.5882568359375,2737000
2017-11-06,109.53350272071212,109.90902794562294,109.30663334251165,109.33792114257812,4220700
2017-11-07,109.58829108025091,109.64304772459238,108.6729705617919,109.34577178955078,4201900
2017-11-08,109.29096544533718,110.98861183101687,109.103214801205,110.55834197998047,4440700
2017-11-09,110.1984816219369,110.62876346865363,109.36921766500201,109.79949951171875,3517100
2017-11-10,109.62739690510607,109.62739690510607,108.43825749264488,109.18146514892578,4240800
2017-11-13,108.75117640817616,109.54133362374287,108.28960674874448,109.33792114257812,4322300
2017-11-14,109.18930415984656,109.74474923308019,108.68078482447844,109.12671661376953,4078200
2017-11-15,108.92328090441677,109.39268143133692,108.54776764529143,108.82158660888672,4811500
2017-11-16,109.07194450215499,109.27534506730284,108.46173086935804,108.64166259765625,4193800
2017-11-17,108.19572932944983,108.63383014606433,107.8749726825171,107.96102905273438,4247400
2017-11-20,108.07839328996987,108.3991499964594,107.75764852083451,107.90628051757812,4266300
2017-11-21,108.31309190730377,108.94677440598562,108.10969133283614,108.22703552246094,5660600
2017-11-22,108.19572049030326,108.25830802147102,106.8657682807032,107.40556335449219,3917000
2017-11-24,107.56988226596067,108.25833333241603,107.42123833685292,107.96886444091797,2606800
2017-11-27,108.23648131374961,108.86617747273115,108.21286875870264,108.70088958740234,3933100
2017-11-28,108.85831560305742,110.61358366773757,108.81895733936071,110.212158203125,5052800
2017-11-29,110.36958834488131,110.69230931915715,109.36994601477514,110.04686737060547,5851400
2017-11-30,110.24360602897471,110.41677273127272,108.9999597172219,109.66901397705078,8941900
2017-12-01,109.8579627403123,110.61358859091501,109.09445803034608,110.18067169189453,5990500
2017-12-04,110.68440379871676,111.37707069657073,109.35417396554446,109.41714477539062,5916700
2017-12-05,110.03110335378427,110.8339662260553,109.56670710833974,109.93665313720703,6745300
2017-12-06,110.85755686864313,111.7391360874498,110.34593561603448,111.03072357177734,5591700
2017-12-07,110.20426940917969,111.37707830306043,109.61393153831541,110.20426940917969,4713100
2017-12-08,110.1964008836401,110.79460559324478,110.03897985589722,110.66079711914062,5101300
2017-12-11,110.90483749913916,111.1173625613003,110.06262812169214,111.09375,4358600
2017-12-12,112.24291992187501,113.00642458302114,111.80212419167641,112.242919921875,8016700
2017-12-13,112.16420852866894,112.89622180878446,111.93594980994813,112.47118377685547,6118400
2017-12-14,112.96708824144068,113.04579277212142,111.46369118308101,111.49517059326172,5337900
2017-12-15,112.14843175225158,112.66793187771377,111.59745222999749,112.13269805908203,12517000
2017-12-18,112.21141728664581,113.18744686166019,111.2983585239344,111.61321258544922,5833200
2017-12-19,111.68407178562924,112.06976358145202,111.26690058281079,111.59748840332031,6580100
2017-12-20,111.97527288657211,112.22715612036048,111.04648048549822,111.10945129394531,6289800
2017-12-21,111.4478946264773,111.90442393379,110.99924417595858,111.03072357177734,6284700
2017-12-22,110.98352236939425,111.25901818654994,110.22788459206625,110.29085540771484,4665600
2017-12-26,110.55847630466334,110.62143510526012,109.94451389953045,110.2672348022461,3271100
2017-12-27,110.52701339071717,111.10160567532753,110.35384661829369,110.64508819580078,3753600
2017-12-28,110.74738770010461,110.98352526232829,110.45615817928676,110.63719177246094,2485000
2017-12-29,110.96779190151814,111.14883752529053,109.8658325024789,109.97602844238281,4452900
2018-01-02,109.92876808444625,110.15702674019187,109.18887614924222,109.59030151367188,6842100
2018-01-03,109.69265353402155,110.73164199316827,109.33057433721787,110.63719177246094,5350500
2018-01-04,110.55060171783633,111.0937144749861,110.3695681356046,110.62931823730469,4837600
2018-01-05,110.73953354599914,111.62897992780209,110.41681257431493,111.54239654541016,6158800
2018-01-08,111.5345201915952,111.77065778619263,110.92056965191605,111.68407440185547,5129800
2018-01-09,112.06183203754904,114.66718712062335,111.97524869594606,113.45503234863281,8897000
2018-01-10,112.9906403502543,113.47078216921906,112.80960681504015,113.32122802734375,6558600
2018-01-11,113.44721704707332,114.0532887032071,113.10088352330746,113.96670532226562,4962200
2018-01-12,114.12408457446456,115.24965598551894,114.05323492495103,114.73015594482422,5450600
2018-01-16,115.2496977031373,116.54056941638665,114.94272247896383,115.59603118896484,8804000
2018-01-17,116.3673966939863,116.74522157390481,114.50979973764463,115.69047546386719,10619700
2018-01-18,115.65110872949225,116.05254613368211,114.89548304593552,115.64324188232422,5554800
2018-01-19,116.06829476254849,116.21783692523066,115.24968623920974,115.98957824707031,8738800
2018-01-22,115.71410739922732,116.60355377197266,115.4858486718585,116.60355377197266,7010400
2018-01-23,115.67474824399201,116.05256113460638,111.47153329539312,111.63683319091797,17473600
2018-01-24,112.95132414856026,112.9985492613745,111.6132272401807,111.82575225830078,13034400
2018-01-25,112.01464927285575,113.86437953770233,111.93594475739872,113.65972137451172,7938800
2018-01-26,113.73844537583521,114.60427917595838,113.4472158296376,114.39175415039062,8065600
2018-01-29,114.0139093180133,114.08474696989356,112.97490904862403,113.09297180175781,8013400
2018-01-30,112.87258196512055,113.20318170058931,112.10907745361328,112.10907745361328,8376100
2018-01-31,112.21931358919234,112.21931358919234,108.70089847408738,108.77173614501953,13137400
2018-02-01,108.25223197140424,110.72377959981489,107.83506079922182,110.212158203125,9393600
2018-02-02,109.42503886222292,110.47977305041604,108.13416710685604,108.37029266357422,9262500
2018-02-05,107.5044750902656,107.83506289291616,96.14637297016756,102.63221740722656,19954100
2018-02-06,102.33309653691167,104.67871429577512,100.75099538625061,103.76565551757812,19193500
2018-02-07,103.81288579875819,105.02504098780967,103.38784780038966,103.44293975830078,10550400
2018-02-08,103.04151440708519,103.30913136964779,99.26334948633274,99.46012878417969,11680200
2018-02-09,100.37317695575759,103.04937648360195,98.73597783745336,101.95528411865234,15030900
2018-02-12,102.32524048668355,103.36424100125946,100.49912874282263,102.53776550292969,9963900
2018-02-13,101.70340151855767,102.79749376134365,101.30196412767037,102.29373931884766,6339000
2018-02-14,101.88444188927465,102.33309240203948,101.05796651155048,102.06547546386719,6259700
2018-02-15,102.40393139315972,103.33272373248514,101.85293985849242,103.29336547851562,5606400
2018-02-16,103.08086528672227,105.82789640124872,102.98640306341102,104.80464172363281,7970100
2018-02-20,104.5842516922361,105.04078107968343,102.84472951966634,103.01001739501953,6563500
2018-02-21,102.95492833277608,104.2379211539467,102.21503627062283,102.25439453125,6578000
2018-02-22,102.40394871536033,103.12809507117173,101.9159279024022,102.25439453125,5732200
2018-02-23,102.39606460220533,103.96243201532685,102.34097264851839,103.91520690917969,5126800
2018-02-26,104.33504687775392,105.68171191644161,103.77260985703624,104.62022399902344,6684400
2018-02-27,104.731139396924,105.42822971763555,104.24792287993824,104.3033676147461,7158600
2018-02-28,104.52518152094872,104.82620524412776,102.87749244187903,102.88542175292969,7985900
2018-03-01,102.27541664455181,103.07549106564257,100.22372635245299,100.82576751708984,9424000
2018-03-02,100.53271444578891,102.27545858413198,100.53271444578891,102.04573822021484,6910400
2018-03-05,101.89521634945592,103.21811783642163,101.53873582815672,102.8141098022461,5799800
2018-03-06,102.98045846817564,103.13888752526961,101.33276968220136,101.57041931152344,5546500
2018-03-07,100.98423592808817,102.44972602424204,100.81787754260658,102.2199935913086,6391700
2018-03-08,102.44971836215817,104.80242681563658,102.44971836215817,104.6123046875,6423400
2018-03-09,104.96880203835417,106.00653867555907,104.21625471565444,105.99069213867188,7557800
2018-03-12,105.99067320361735,106.33129511796102,104.81828351809797,105.06385040283203,4942000
2018-03-13,105.99065686105646,107.25018415863441,105.71339695096027,106.42634582519531,9152300
2018-03-14,107.1313658661849,107.49575148336667,104.48555109372633,104.81826782226562,6770600
2018-03-15,105.00046878758711,106.33921676581637,104.93709474329285,105.40446472167969,6147200
2018-03-16,105.48367100539309,106.46593834044523,104.64398618516026,105.89558410644531,14233500
2018-03-19,105.63418785417679,105.72924286857797,102.47347566435576,103.17057800292969,6017000
2018-03-20,103.59835373186526,104.39051120777026,102.48933810054382,103.9389877319336,6214300
2018-03-21,104.08948013935249,105.18266124676474,103.50329138454195,103.92313385009766,5158700
2018-03-22,103.35276807800884,103.51911434881434,100.68319569331511,100.90499877929688,7560100
2018-03-23,101.10304173744805,101.23771308192073,98.94045552790361,99.09888458251953,8452500
2018-03-26,100.13659974959948,101.0317352563282,99.18600743406019,100.91291046142578,8358200
2018-03-27,100.69109494266827,102.26749200888224,100.12074083264909,100.77030944824219,7789900
2018-03-28,101.1030607003042,102.2041651980275,100.77035599700015,100.9604721069336,6868500
2018-03-29,101.3723787192567,101.99817771764391,100.4613965429882,101.51496124267578,6119400
2018-04-02,101.25355439834084,101.30108190637827,97.8631218348997,98.6711196899414,8916900
2018-04-03,99.16226492293667,101.78431006231519,98.76618621754767,101.67340850830078,8035000
2018-04-04,100.52477041385406,103.86766940371515,100.12076846713471,103.30524444580078,7717100
2018-04-05,103.30525805753534,103.93105713732926,102.58439186239984,103.54290771484375,5621700
2018-04-06,103.15471894265148,103.48742354000863,100.13660172836258,101.47534942626953,6399300
2018-04-09,101.91103519038771,103.88351128426365,101.1426476605924,102.56852722167969,6395800
2018-04-10,103.17848205566406,103.70130874286271,102.41800577543324,103.17848205566406,6019300
2018-04-11,102.29919361163809,103.25770926657314,102.21205582482582,102.6873550415039,4575400
2018-04-12,103.0517448464226,104.01817776246077,102.86955204376802,103.32107543945312,4559800
2018-04-13,103.84391836615478,104.10533177802486,102.687375245308,103.47160339355469,4742300
2018-04-16,104.09740883433867,105.2618812016934,103.99442450240461,104.3746566772461,6379600
2018-04-17,104.6519189852623,104.72321025328431,102.03779703818681,103.4082260131836,11008700
2018-04-18,102.73489801245022,102.90124430217817,100.55646510154114,101.17434692382812,9383600
2018-04-19,101.10305611500068,101.61004245796688,100.51686127714358,101.03968811035156,5959500
2018-04-20,101.39615145064506,101.63380109808016,99.94650189739055,100.33466339111328,7743900
2018-04-23,100.50892644747917,100.84163714110048,99.63755453605837,100.46932220458984,7501900
2018-04-24,100.55647469064974,100.96839393022802,99.26525410145975,99.96235656738281,6577500
2018-04-25,99.74054677519125,100.48517066359565,99.24148371701371,100.41387939453125,5859600
2018-04-26,100.30299078867058,102.3625992023765,100.30299078867058,101.40408325195312,8211100
2018-04-27,101.18225781764055,102.02193660478211,101.00005897360589,101.61002349853516,4266800
2018-04-30,102.07741233274244,102.17246736143285,100.19999694824219,100.19999694824219,8219400
2018-05-01,100.06533771027284,100.31882787499045,98.99592626673548,99.81977081298828,5122600
2018-05-02,99.4315991553281,99.95442596641001,97.59379413727811,97.8314437866211,7390800
2018-05-03,97.67301522776138,97.98195614731642,96.0728538069916,97.4591293334961,7282900
2018-05-04,97.11851053164766,98.63153429251834,96.48478814323785,98.37804412841797,6127600
2018-05-07,98.33842951188545,99.20980153494314,97.68886061720441,97.90274047851562,6707900
2018-05-08,97.32444312701212,97.82350003370144,96.39762056729748,97.12640380859375,5951800
2018-05-09,97.42742266721321,98.26711349795836,97.0630310418138,97.83934783935547,6808600
2018-05-10,98.40178516315598,99.851434537315,98.22750958239183,99.29692077636719,4948000
2018-05-11,99.62961810638114,101.07926737431733,99.62170088505806,100.7940902709961,5716700
2018-05-14,100.88124351072521,101.08720612660781,99.4949680630687,99.85935974121094,6101600
2018-05-15,99.44742226237716,99.67714859097843,98.54436347749231,99.12263488769531,5875700
2018-05-16,99.368218079262,99.73260972827755,99.0196669177337,99.29692077636719,3818100
2018-05-17,99.40784140922237,99.48705594923204,97.87105999325222,98.10870361328125,6473400
2018-05-18,98.05324898135099,98.57607580351637,97.65717025317059,98.41764068603516,5433900
2018-05-21,98.71864191488007,99.01173623905659,97.68883503856581,98.00569915771484,5558700
2018-05-22,98.06908666669317,98.41763180634096,97.24524226116718,97.36406707763672,7172700
2018-05-23,97.33239284918756,98.20376487835145,97.22940850766103,97.79183959960938,4940800
2018-05-24,97.60963355656713,97.74429886099541,96.28673217938794,96.84123992919922,6923600
2018-05-25,97.00881645337364,97.99838101164492,96.66566227833687,96.93699645996094,4594800
2018-05-29,96.16289137307822,96.40230349654526,94.66259285306064,95.2850570678711,9821900
2018-05-30,95.85966038843092,97.02478703848797,95.39680010472891,96.5379867553711,6423700
2018-05-31,96.49807073073923,96.76142286865355,95.3967882746934,95.46063232421875,10337500
2018-06-01,96.06714435486221,96.81729680786813,95.73995421564979,96.76941680908203,5741000
2018-06-04,97.24026632099176,97.65524666219295,96.577897834251,97.320068359375,4853000
2018-06-05,97.39986268773323,97.80685485238115,96.48212415507798,96.94498443603516,5125400
2018-06-06,97.33601587655085,97.99040222167969,96.92901763491454,97.99040222167969,6799300
2018-06-07,98.15797356157799,98.54900768643262,97.5754072997101,98.42132568359375,7414100
2018-06-08,98.4452859565704,99.63435263173028,98.42134595663836,99.00390625,6208100
2018-06-11,99.17149974447587,99.22736177799078,97.79888890832294,97.88667297363281,5571400
2018-06-12,98.28567584733995,98.30163381681072,97.3200512604933,97.7908935546875,5227300
2018-06-13,98.27768929459872,99.0278355952791,97.72704500138863,97.86270904541016,5836900
2018-06-14,97.92654746675832,98.27768364380448,97.43176522532998,97.68714141845703,5239200
2018-06-15,97.4397501428155,97.94251442731313,96.7534418246947,97.84674835205078,13173500
2018-06-18,97.04874433103882,97.20834841458071,95.96341951513851,96.81731414794922,6787400
2018-06-19,96.2905883106071,98.29364516776118,96.21876223156565,97.81482696533203,8572400
2018-06-20,97.69512634518244,97.88665850764697,97.0886260962238,97.39187622070312,6277200
2018-06-21,97.22430729185776,97.5514974722239,96.64972288013603,96.92105102539062,4417200
2018-06-22,97.10456680025838,98.46121922306246,97.08062680633289,98.03028106689453,9501400
2018-06-25,98.01435307454638,98.50115339491151,96.96893243007611,97.83080291748047,8170500
2018-06-26,97.75099865944665,98.07021287531637,97.04075022560156,97.63927459716797,5496400
2018-06-27,97.46371080940183,98.13406130139728,96.92104844483602,97.04873657226562,5666000
2018-06-28,97.18437911251934,97.68714339226736,96.61777687170323,97.35994720458984,5296800
2018-06-29,97.55148235648636,98.30163478760869,96.71355195965164,96.833251953125,7308700
2018-07-02,96.83325572879805,97.14449398947716,95.85167921301793,97.02478790283203,5481400
2018-07-03,97.0806470147724,98.52508377498123,96.76941485194844,97.92655944824219,4248100
2018-07-05,98.63681970515056,99.84983256295557,98.34155156505061,99.75406646728516,7319100
2018-07-06,99.88174100230387,100.48824126016494,99.44282073417686,100.35257720947266,7297900
2018-07-09,100.72765929786326,101.15061553263583,100.23287697479661,100.59199523925781,6706100
2018-07-10,100.84735773932326,101.76509013907138,100.63986760815656,101.65336608886719,5075600
2018-07-11,101.6773167851055,101.70125678430543,100.59996811307336,100.74361419677734,4827400
2018-07-12,101.91673046084108,102.31575280175943,101.4857921776139,101.95663452148438,6199000
2018-07-13,100.00943077617356,101.74914183700528,100.00943077617356,100.49623107910156,8250200
2018-07-16,100.55208094194538,100.6318829630874,99.0837042697195,99.50666046142578,7314400
2018-07-17,102.57112099061243,104.17516200601112,101.79702845568114,103.03398132324219,12858700
2018-07-18,102.79456434926473,102.9860965329371,101.48579153669414,101.98855590820312,7152000
2018-07-19,101.77308785891138,101.90875192814632,100.44835702146109,100.50421905517578,5984600
2018-07-20,99.99345129823962,100.66379551897256,99.84980523829637,100.43236541748047,5835500
2018-07-23,100.35256619507572,101.09473651067488,100.11315405901011,101.0548324584961,4631100
2018-07-24,101.54165881146247,103.44097406716949,101.46983880525535,103.23348999023438,7158800
2018-07-25,103.05791701793787,103.12973702077267,101.86885029246928,102.64293670654297,6523000
2018-07-26,103.66439518401077,104.71780370851498,103.62450330896712,103.9676513671875,7640600
2018-07-27,103.72824633139795,105.55574731813891,103.6963303937772,104.98116302490234,6620400
2018-07-30,105.16470475240516,105.73131309303142,104.74174857043373,105.47593688964844,11013100
2018-07-31,105.56373972499617,105.85103191642867,105.1567475275542,105.7552719116211,7598900
2018-08-01,105.6514822458352,106.10636644382849,105.40409421268305,105.85099029541016,5770400
2018-08-02,106.0505329997128,106.13831705729167,104.61407213797172,104.74176025390625,6563300
2018-08-03,104.68590368006983,105.89891656118365,104.4624555410502,105.3003921508789,6498700
2018-08-06,105.05298311463409,105.76323145318068,104.55021881333433,105.35623931884766,5840000
2018-08-07,105.24453499765431,105.47595907576691,104.78167466441896,104.90936279296875,4664600
2018-08-08,104.93330901148659,105.18069716457642,104.45448458956308,104.67793273925781,3721500
2018-08-09,104.9731636926401,105.1168158391057,104.27887948624164,104.70183563232422,4057800
2018-08-10,104.69387149145153,105.04500769237573,103.9516950345876,104.34273529052734,4324000
2018-08-13,104.31879310427207,104.46243308690494,103.62450883419791,103.9197769165039,3778000
2018-08-14,103.48087127609844,104.11929970201372,103.22550721193797,103.34520721435547,4542800
2018-08-15,103.5447079883152,104.33476447923235,102.89031554951357,104.08736419677734,5377300
2018-08-16,104.55822980217802,106.04257085627312,104.19911758427011,105.72335052490234,7861500
2018-08-17,105.6994178452269,107.73440345703993,105.49193374821893,107.31144714355469,6700900
2018-08-20,107.67852979681359,109.42622308920627,106.9363653449815,109.23470306396484,7935000
2018-08-21,109.33045885267892,109.67360700265304,107.9738059592521,108.01371002197266,5832100
2018-08-22,108.18127750470637,108.2770375025336,107.27152099432102,107.42314910888672,4688400
2018-08-23,107.42315781297621,108.12543032596874,107.01616561222457,107.82217407226562,5057600
2018-08-24,107.82215602425872,108.65210434677395,107.5987079306197,108.49250030517578,4809400
2018-08-27,108.85402932917536,109.2958747042837,107.81771222952119,108.3880844116211,4325900
2018-08-28,108.27561664583769,108.3720148163796,107.56063494527838,107.90608215332031,6037500
2018-08-29,107.90607788851935,108.40415142751381,107.60080068298878,108.33988189697266,4648700
2018-08-30,108.21134035801839,108.93436336643055,108.131012640301,108.41217803955078,4821900
2018-08-31,108.13101710848233,108.45235250894864,107.6249022074961,108.20331573486328,6139500
2018-09-04,108.2033158542891,108.25151493859626,107.19912740402383,107.42406463623047,4406800
2018-09-05,107.2312480343776,109.2074961505326,107.2151898462474,109.14322662353516,6174800
2018-09-06,108.85401857900055,110.30808136771722,108.59694047408598,109.95460510253906,6562000
2018-09-07,109.88230012062029,110.6133521487177,109.05484993784033,110.31611633300781,6375200
2018-09-10,110.48484147160708,111.23999323226664,110.10726559127731,110.22777557373047,4892200
2018-09-11,110.57319116132774,111.59344999464103,110.2357853343288,111.27210235595703,7856800
2018-09-12,111.58540933245509,112.46107092739562,111.31227303150366,111.9549560546875,6767700
2018-09-13,112.38074493408203,112.85471897261102,111.68183364817791,112.38074493408203,6456100
2018-09-14,112.46911459974751,112.75029228951115,111.74610376629913,112.05941009521484,4534800
2018-09-17,111.93087387933747,112.79045290290429,111.81036389857958,112.4369888305664,5295500
2018-09-18,112.68599722041287,113.14390070900126,112.33252097902793,112.90289306640625,4581200
2018-09-19,113.07964134113598,113.26442083000731,112.50926920254084,112.8386459350586,5049900
2018-09-20,113.12783788698579,114.18825430953454,112.87878890300851,114.0597152709961,5019300
2018-09-21,114.22040528105677,114.98359831030739,113.82677125350624,114.78276062011719,13283400
2018-09-24,114.15612988346594,114.47746523348978,112.65385586380192,112.84666442871094,6708000
2018-09-25,112.89487347827607,113.24032065531769,111.18373255575402,111.37654113769531,7982800
2018-09-26,111.62560863435904,112.46912955767405,110.83029906342507,110.990966796875,7133300
2018-09-27,111.22390602941542,112.13169627621264,110.51696572311961,111.03913879394531,6450500
2018-09-28,110.94274185430434,111.31227632932577,110.38842788361275,110.99897003173828,6638500
2018-10-01,111.07127947284616,112.34861658724293,110.86241267350059,112.22007751464844,4871800
2018-10-02,112.30038426004296,113.055535847748,112.18791565707572,112.85469818115234,6439100
2018-10-03,112.90292045481787,113.48937538763364,111.56936739085536,111.68986511230469,5411800
2018-10-04,111.30424689139947,112.09152718016118,110.31612891869736,111.94692993164062,4738700
2018-10-05,112.30842915317314,112.66993451281245,111.3122698825113,111.74608612060547,4309300
2018-10-08,111.58540344039008,112.21201598391342,111.360466232877,111.97904968261719,5174100
2018-10-09,111.45688155479937,112.1638218417454,110.70975902269355,111.826416015625,4475300
2018-10-10,111.94694450945624,112.83866443259842,110.6455078125,110.6455078125,7265600
2018-10-11,110.7900897679359,111.39260274828165,106.74923702706965,107.52044677734375,11603200
2018-10-12,107.97035353866326,107.97839489269936,106.22708359729903,107.5445785522461,6998000
2018-10-15,107.55259750785913,108.69335405070625,107.25534940814497,107.60882568359375,6398700
2018-10-16,108.25150364329293,110.85436424772736,108.25150364329293,109.70556640625,9592800
2018-10-17,109.44046200233662,112.46909756182157,109.42440381427356,112.03529357910156,8261100
2018-10-18,111.82639807550233,112.31644241871332,110.62941355875853,112.0674057006836,7583900
2018-10-19,111.1355253770042,112.46909039073802,110.79009048329137,111.7059097290039,5924800
2018-10-22,111.35247084582505,111.87464403743843,110.97489493502934,111.40869903564453,4864300
2018-10-23,110.69365514265385,112.0593607392326,110.42051892660022,111.6094741821289,8282700
2018-10-24,111.28014331321113,112.5574679947779,110.19561495601127,110.4366226196289,8279200
2018-10-25,110.42859516280731,111.73804849846398,108.49251698919035,111.23997497558594,9720700
2018-10-26,110.8142244938705,111.90678220214889,108.717478166151,110.03497314453125,11371400
2018-10-29,110.05101060442205,111.74608097622902,109.43242716799553,110.50088500976562,6783000
2018-10-30,110.80616214630221,113.35279478990104,110.05905183890361,113.07161712646484,9646200
2018-10-31,113.27247003477618,113.61790501692231,112.15581284178107,112.46109008789062,9968900
2018-11-01,112.5253327694848,113.7383878524942,112.34859464372737,113.12784576416016,6913500
2018-11-02,114.05168712302921,114.07578666068521,112.19594917457256,113.0153579711914,7673200
2018-11-05,113.2724546445362,114.67028934883173,111.66575316021652,114.2364730834961,5601400
2018-11-06,113.69822270834585,114.74258106187614,113.32064690162215,114.5337142944336,5798900
2018-11-07,114.95948002621891,116.38140181507367,114.8550405217357,116.28500366210938,7173600
2018-11-08,115.93153843442121,117.12049404714867,115.68250167683901,116.72686004638672,5497100
2018-11-09,116.51799499318098,117.08035036142155,115.98779277976854,116.75900268554688,5343100
2018-11-12,116.47782226090088,117.48201063465048,116.2689432339393,116.98392486572266,7013600
2018-11-13,117.44185786171563,117.89173235778888,115.2165726670383,116.22879028320312,7432300
2018-11-14,116.50193774216667,116.73490408316346,115.32904016754979,115.88335418701172,6433100
2018-11-15,115.20853336851168,116.09221183377637,114.46141080086032,116.08418273925781,6657900
2018-11-16,116.25290847295226,117.88370973990563,116.12436939325117,117.28119659423828,8494300
2018-11-19,117.63461975878351,119.24936227273193,117.58642068520125,118.6789779663086,8714600
2018-11-20,118.49420871898373,119.49839692846665,117.5703604695222,117.65068817138672,8937700
2018-11-21,117.47396322512974,117.47396322512974,113.09570459296935,114.06776428222656,10275400
2018-11-23,113.95530938976425,114.66224971793169,113.75447170120856,114.26057434082031,3404900
2018-11-26,114.80225323222545,114.84267902807252,113.76741700688898,114.29291534423828,7590900
2018-11-27,113.64613541962224,115.89367117602058,112.91042798540475,115.78856658935547,5962100
2018-11-28,116.28173248907271,118.48884247200165,115.90175226575647,118.39183044433594,8411400
2018-11-29,117.72889214366974,119.00627074133654,117.09828923720667,117.91484832763672,6900000
2018-11-30,117.50248175818601,118.84453869323684,117.30845775345689,118.76368713378906,12517600
2018-12-03,117.6884915865682,118.54546422845657,117.17915366927843,118.2059097290039,8827200
2018-12-04,118.29484125540473,120.45344564125435,117.89060794712829,118.06037902832031,9803500
2018-12-06,116.82340767831532,118.39991486486181,115.44092455397787,117.96334838867188,11572500
2018-12-07,117.62378232402973,119.11943777942656,116.51617495471734,117.57526397705078,9444500
2018-12-10,117.5429631913461,117.93911628226249,115.10948306885865,117.43785858154297,6848100
2018-12-11,118.27058522155947,119.8228521034592,117.86635188144909,118.44036865234375,9857400
2018-12-12,118.8445939595944,120.04921367274167,118.8445939595944,118.92544555664062,8869200
2018-12-13,118.81223194169299,120.13002383353121,118.682874352243,119.52367401123047,6008300
2018-12-14,116.69404581442818,117.53485784066939,105.26233056948006,107.52603912353516,58140200
2018-12-17,103.74242886444138,106.43461149672534,102.53780931909145,104.40536499023438,36933100
2018-12-18,106.75801288994961,107.36436281662154,104.45387823410792,105.4402084350586,24640100
2018-12-19,104.99556440971482,106.19210398532564,102.74802801281875,103.1684341430664,21232100
2018-12-20,103.25735202456548,104.89853818616817,102.48122485214743,103.70201110839844,16609600
2018-12-21,103.3220305294077,105.5857394017697,102.77227301286895,103.55648040771484,19732900
2018-12-24,102.91778527345504,103.48370934167342,97.82444398705066,99.31201934814453,7531900
2018-12-26,99.78093277517773,102.48121406081108,98.64099823101252,102.44078826904297,9253000
2018-12-27,101.76169739936068,103.0067367553711,99.49798835786707,103.0067367553711,9918700
2018-12-28,103.41096371711754,104.09007268696467,102.47313951901182,102.89353942871094,6537200
2018-12-31,103.62920648272816,104.73681372448127,103.01477652349224,104.33258056640625,7409900
2019-01-02,103.58882983841745,103.79094648926196,102.09316168767955,103.28160858154297,7631700
2019-01-03,103.59688331279135,103.7019878916814,101.34934772265316,101.64039611816406,8654500
2019-01-04,102.77228002239009,104.00922680882941,102.456978530764,103.3462905883789,8831700
2019-01-07,103.18457964499676,103.76668269394135,102.5135571216942,102.68333435058594,8404700
2019-01-08,103.62922432933871,105.50487242720757,103.26542305977067,105.06830596923828,9351600
2019-01-09,104.96320769970275,105.29468192705143,103.75050794364456,104.23558044433594,7403500
2019-01-10,103.23308237564548,105.01170608808742,103.23308237564548,104.8661880493164,6224400
2019-01-11,104.29221710028676,104.97132625094362,103.7343730350242,104.89856719970703,5300400
2019-01-14,104.08199068743208,104.25985431977178,103.15224672997988,103.71009063720703,7374400
2019-01-15,103.9041353114998,104.68834893379777,103.20076711902297,104.58324432373047,5194400
2019-01-16,104.62365210374436,104.62365210374436,103.40286596893071,103.51604461669922,6264200
2019-01-17,103.24926283440476,104.71259149093875,103.04714619597672,104.36494445800781,7632000
2019-01-18,105.01979757342207,106.05463374749539,104.65599010126229,105.65849304199219,10593000
2019-01-22,103.64540830396803,104.69641727669242,102.68333731249714,104.1304931640625,10568100
2019-01-23,103.88795073401526,104.53472643540108,103.42712505141368,104.1304931640625,9267800
2019-01-24,103.87986758460687,104.04963864550525,101.05831498907273,102.69950103759766,9917000
2019-01-25,103.58881559869889,103.84751846138245,102.69949752274361,103.6696548461914,7585100
2019-01-28,103.33011402150547,104.41345630323238,102.90971410408727,104.28411102294922,6927700
2019-01-29,104.25175911327278,105.48063172291965,103.8879516331634,105.36744689941406,6669300
2019-01-30,105.39980325081535,106.87121861533439,105.34321699476176,106.42655944824219,7299300
2019-01-31,106.4184396499913,109.29657815405508,105.80399727077409,107.59071350097656,17298100
2019-02-01,108.3506672762904,108.8923382684173,107.90600830179281,108.49618530273438,9575200
2019-02-04,108.30219973772337,108.45579804145714,106.88738307571886,107.4290542602539,7759000
2019-02-05,107.94647243176667,108.23752092425649,107.32394964634244,107.4290542602539,6449800
2019-02-06,107.59071792064749,107.98687092687837,106.96011506907617,107.52603912353516,5066100
2019-02-07,107.08140785620141,107.23501849712763,106.33762000096809,106.75802612304688,6085300
2019-02-08,106.6771547528027,107.08948057282042,106.34568051920184,107.04096221923828,4436700
2019-02-11,106.96821300219744,107.2592614692791,106.11932061185749,106.71759033203125,4962200
2019-02-12,106.78224789795436,108.5770443652205,106.78224789795436,108.46385955810547,6262300
2019-02-13,108.39113242350363,109.1268277180494,107.69585059350054,108.6983413696289,7902200
2019-02-14,108.57707144706063,108.9974775510129,107.80903061176721,108.58515167236328,3910400
2019-02-15,109.29659743073104,110.282927631753,109.15106703348442,110.25867462158203,6665000
2019-02-19,110.06462072446551,110.25865711123885,109.65230728081842,109.70081329345703,5935500
2019-02-20,109.92720714303269,110.54163733226916,109.73317071348461,110.23442840576172,6089800
2019-02-21,109.12681667254142,109.78167263549676,108.55281230293264,109.4825439453125,6665500
2019-02-22,109.37746734919877,110.46890245775262,108.99749930459168,110.43656921386719,5223900
2019-02-25,110.96553419401505,111.89329829808962,110.56675371089815,110.84345245361328,6846600
2019-02-26,111.03879813558667,111.4619925683501,110.72140541552444,110.77023315429688,5106900
2019-02-27,110.29006518154348,110.88415663545655,110.18426348033867,110.57489776611328,4378100
2019-02-28,110.63999437172376,112.26765155238328,110.42840340873198,111.2015380859375,10133200
2019-03-01,111.67355518491696,112.80477637837288,111.5026457246224,112.59318542480469,5641600
2019-03-04,113.00010726820979,113.45584930212698,111.90956749500617,112.69898223876953,8377700
2019-03-05,112.9675299752566,113.23609486537428,112.601309640746,112.93498229980469,6568900
2019-03-06,113.50463990843525,113.65112304941105,112.79661322431556,113.19538116455078,6236900
2019-03-07,112.73965927720404,113.21981510406259,112.06418014303007,112.50365447998047,6100400
2019-03-08,112.38159159962835,113.36632969765753,111.02249928902162,112.357177734375,7046700
2019-03-11,112.39786349204303,113.14658428090019,111.91770761952132,112.76408386230469,6150400
2019-03-12,112.83734092372055,113.93601460318156,112.71527158957603,113.26866912841797,5552900
2019-03-13,113.6023318819475,113.80578903300109,113.13845603492562,113.45584869384766,6446900
2019-03-14,112.58504179385626,112.95940840132455,112.25951533191399,112.32462310791016,8493600
2019-03-15,112.30829916185338,112.51989003760823,111.35612159390607,111.98277282714844,11922500
2019-03-18,112.02349249478887,112.12929417775142,111.26663792046948,111.63285827636719,7369600
2019-03-19,111.99094841866496,112.97568643827039,111.87701291720997,112.66642761230469,5882500
2019-03-20,112.57690316005122,112.72338633624383,111.20966475873009,111.73051452636719,5475700
2019-03-21,111.49453865754926,112.94315283790476,111.45384473647475,112.38975524902344,5765100
2019-03-22,112.10488529494567,112.62573508199011,111.38057836580512,111.42127227783203,6528800
2019-03-25,111.42127508370886,111.50265049177347,110.46909712488547,111.1771240234375,4500300
2019-03-26,111.43755634413233,113.3419249127362,111.43755634413233,112.77224731445312,4758600
2019-03-27,112.78848435328075,113.51279119278058,112.36530249108183,112.87800598144531,6764900
2019-03-28,113.1709811447256,113.49651997231038,112.88614864088001,113.02449798583984,4602100
2019-03-29,113.35005044152601,113.83835258608943,113.02452395717665,113.76509857177734,7168400
2019-04-01,113.92784009496852,114.17197867605783,112.91055461364418,113.10586547851562,5885200
2019-04-02,113.13027835836756,113.13027835836756,111.42124621534235,112.07231140136719,5517800
2019-04-03,112.47110067112513,112.50366076651571,111.38870723308942,111.63285827636719,5947000
2019-04-04,111.38871675967584,111.50265226721149,109.97266294002418,110.33074951171875,5844600
2019-04-05,110.71323581990781,111.15271021221355,110.43653707988643,110.8271713256836,4759700
2019-04-08,110.7213979841595,111.09575223498331,110.43655296971657,110.79463958740234,4329600
2019-04-09,110.68068984985001,110.89228081583364,109.50877467631831,110.33074951171875,5210300
2019-04-10,110.59116732395808,110.78649065733354,110.1354252974542,110.33888244628906,4194100
2019-04-11,110.6481139102354,110.82714473231933,109.39481122939733,110.0377426147461,4485200
2019-04-12,110.04588540457745,110.9655155385665,109.66338503476094,110.66439056396484,5756800
2019-04-15,110.68067989460125,111.32359896828765,110.51791667248146,111.10387420654297,5380900
2019-04-16,112.56877416338612,114.50567772260816,111.95025650044187,112.32462310791016,10745700
2019-04-17,113.1221481338442,114.05804583104653,112.0397548665719,112.73151397705078,9543700
2019-04-18,113.40700167434777,114.1313085121749,110.47721423030718,111.91769409179688,10485300
2019-04-22,111.47824646950488,112.70713569475006,111.0550645069149,112.17000579833984,4666500
2019-04-23,111.83634532325658,114.62778439284902,111.69799592593586,113.8546371459961,5790500
2019-04-24,113.6511400640707,114.04992048204217,113.00822104125636,113.28491973876953,5676300
2019-04-25,112.73152816722549,113.74881380007793,112.2757861905936,113.6511459350586,5218100
2019-04-26,113.83831656407118,114.35916622504057,113.37442843172077,114.25336456298828,4613600
2019-04-29,114.22086197236882,114.28595733990059,113.59421040202241,113.80580139160156,4275200
2019-04-30,114.09060492843885,115.11602423786147,113.08959947747611,114.91256713867188,6003700
2019-05-01,114.70914347297416,115.84851101134105,113.73255159583074,115.5229721069336,6656300
2019-05-02,115.49043057905976,115.6857415140713,114.03367029255135,114.97771453857422,8835600
2019-05-03,114.9858426200428,115.63690801303696,114.81494556043104,115.5718002319336,5281600
2019-05-06,114.13944516275218,115.75896832040334,113.87901408657147,115.63688659667969,5818900
2019-05-07,114.60333450461167,115.05907647444074,113.17098840739189,113.91157531738281,6606700
2019-05-08,114.09877128996102,114.68472889622136,113.69185697550465,113.76509857177734,4667300
2019-05-09,113.08149386656824,113.38261892580192,112.01538027073622,112.90245056152344,5604200
2019-05-10,112.65827493405456,113.32562027442556,111.0143502811146,113.16285705566406,4771600
2019-05-13,112.18627600212956,112.3571730517807,111.11201630359582,111.65727996826172,5560000
2019-05-14,111.52705330816039,112.17811859837676,111.27476845748546,111.3480224609375,7179400
2019-05-15,111.41312604460357,111.89329433765958,110.13542164962013,111.42127227783203,6429400
2019-05-16,111.8119102671331,113.27680422300915,111.47010374710183,112.47925567626953,6857200
2019-05-17,111.49450701209662,113.14657791087663,111.38057151625101,112.80477142333984,6915300
2019-05-20,112.80477589587578,113.08962085580228,112.04790888643464,112.650146484375,4771100
2019-05-21,113.21983448544759,113.58606730161173,112.3734581782694,112.406005859375,4859000
2019-05-22,112.59318908492234,113.08147878242315,111.89329600893642,112.92684936523438,5456800
2019-05-23,112.71526510441721,113.81393872066519,112.0397858522549,113.76509857177734,6951800
2019-05-24,114.30591098648149,114.30591098648149,113.53567560730976,113.77330780029297,5473300
2019-05-28,113.89619632373076,115.11710249763617,112.29837448741661,112.31476593017578,11919600
2019-05-29,111.34786835028166,111.34786835028166,105.3089158906695,107.61141967773438,23247400
2019-05-30,107.70155477023839,108.83232674763303,107.48031405661611,108.25054931640625,7360600
2019-05-31,107.7671289635802,108.16043613960879,106.20207722780748,107.46394348144531,7811000
2019-06-03,107.75071516865698,108.48816753362746,107.37378701351194,107.70155334472656,8434600
2019-06-04,108.65204704668118,110.04501944409894,108.63565560586281,109.57795715332031,6648900
2019-06-05,110.37277335326871,110.72512056468456,109.68448287427782,110.1105728149414,6860600
2019-06-06,110.53665253341111,112.7981963010544,110.28264145875698,111.99517822265625,9115800
2019-06-07,112.74083156030835,114.37962557965612,112.37210540655633,113.52745819091797,6533900
2019-06-10,113.56842192109343,114.01908023979996,112.74902497361947,113.91256713867188,4994700
2019-06-11,114.4533717626432,115.25638985851353,114.3058862978955,114.53531646728516,8230500
2019-06-12,114.96144903775729,117.10007659035082,114.96144903775729,116.09220886230469,9216500
2019-06-13,116.12494979258838,116.3134076114067,114.88766476024962,115.29736328125,7500800
2019-06-14,115.72343397254069,115.93648519292428,114.74834954910907,114.78932189941406,6548100
2019-06-17,114.71556650332555,114.91222626127,114.06824845080733,114.25670623779297,5562800
2019-06-18,115.1744705745565,115.4776435432347,114.54353121797415,114.90406799316406,7122700
2019-06-19,114.72376813328678,115.51039474545139,114.64183593604423,115.08430480957031,6393400
2019-06-20,115.73982450140157,116.68212603596288,115.53497525449644,116.52645111083984,7335800
2019-06-21,115.9118966451247,116.70670017423822,115.54315801968437,116.42810821533203,11272200
2019-06-24,116.69854012266394,117.74736747010951,116.4281375639151,117.22295379638672,5894700
2019-06-25,117.39503361483999,118.79619574482935,117.32948034223693,118.18984985351562,7517000
2019-06-26,117.87030860483854,117.87030860483854,115.33836140261828,116.23151397705078,7674100
2019-06-27,116.54284903639645,116.76408975994168,115.20724023101226,115.2809829711914,5233500
2019-06-28,115.32194315281801,115.61692658539972,113.49467876346155,114.12561798095703,12792400
2019-07-01,114.87946023805135,114.92862205899915,113.66675614364915,114.19116973876953,5872300
2019-07-02,114.07647128368603,114.74018096923828,113.6421917980035,114.74018096923828,4501200
2019-07-03,115.53501148166448,116.50189422878978,115.36293255898454,116.46912384033203,3436300
2019-07-05,116.1413407397764,116.23966438343574,115.01875829497047,115.18264770507812,4652400
2019-07-08,114.81394431377232,115.60057121377052,114.42063711527844,115.51043701171875,4078100
2019-07-09,115.9119211477701,116.73950773111339,115.46125023485733,115.8709487915039,4217400
2019-07-10,116.1741039196247,116.34618278836982,115.26457276312803,115.7070541381836,4874400
2019-07-11,115.48583384734145,115.70707457394396,113.91259285340718,114.80573272705078,5817400
2019-07-12,114.81391311870563,114.81391311870563,108.42262599341063,110.04502868652344,17780100
2019-07-15,110.93818077034285,111.73299701419346,110.1679454410024,110.38099670410156,10038200
2019-07-16,108.92244888205995,109.65991376289958,107.95556631987951,108.57011413574219,10214500
2019-07-17,108.56190890579886,109.45504860113869,107.67695867906569,108.04568481445312,8862100
2019-07-18,108.26693525958396,108.57829763378464,107.48030859722058,108.2177734375,6203100
2019-07-19,108.36525940703017,108.47997449342773,106.67730349160588,106.77562713623047,8340200
2019-07-22,106.52162237082725,106.64452693389829,104.7517216445594,105.40724182128906,12624800
2019-07-23,105.3826557645803,106.07094629019524,105.0139295903585,105.57111358642578,5803600
2019-07-24,105.6038868302033,106.34952858004972,105.34987576677153,106.34133911132812,6838600
2019-07-25,106.570757096374,107.77527152020635,106.25119281064323,107.43931579589844,8897800
2019-07-26,107.58683618913275,107.58683618913275,106.9231265727996,107.1197738647461,4894600
2019-07-29,107.34100748382669,109.23381256187731,106.6936893522316,108.9961929321289,7832000
2019-07-30,108.54553941898973,108.56193086252372,107.56226535808685,108.2259750366211,5509600
2019-07-31,107.86543139438103,108.16041484407607,106.6691061531158,106.70188903808594,8559200
2019-08-01,106.7346659124527,107.12798553797556,105.71862147070529,106.75924682617188,7870700
2019-08-02,107.22628996726058,107.72612262827761,106.33315025424832,107.39836883544922,6574900
2019-08-05,107.26729603991993,107.71796702399568,105.71043377702271,106.65274810791016,9480000
2019-08-06,106.80020253027145,107.52127589495345,106.18565477710094,107.15254974365234,7880600
2019-08-07,105.99721773588321,107.26728584189178,105.03852455345324,106.69371032714844,6771700
2019-08-08,107.32460276953876,108.11941876506289,106.71005509277295,107.89817810058594,5260500
2019-08-09,107.99655183460136,108.78316613307301,107.52948943618914,108.19319915771484,4677300
2019-08-12,107.75073069976466,108.73400482912271,107.57865178819777,108.10306549072266,6852100
2019-08-13,108.40624616683745,109.88116354725184,108.16042451960033,109.32396697998047,5013200
2019-08-14,108.59468436541346,108.60287383440337,106.62813654930986,106.73464965820312,7736200
2019-08-15,106.66093073934384,107.3983957122695,105.9070868247819,106.96410369873047,7251200
2019-08-16,107.72613576638535,107.89001268278572,107.01326430338978,107.63600158691406,5858900
2019-08-19,108.57012945222043,108.6274932579037,108.01294535534396,108.36528015136719,4958000
2019-08-20,108.12764037744522,108.70121581268265,106.89854480064783,107.01325988769531,7302000
2019-08-21,107.91461035678132,108.49638787882476,107.21813022814817,107.77531433105469,6912800
2019-08-22,107.83264309312236,108.26692247425517,107.17712303573153,107.56224060058594,7213500
2019-08-23,107.39836438490926,107.55403930309791,104.16993214550794,104.66157531738281,15714000
2019-08-26,105.18993871286773,105.73479623731615,104.53776362982269,105.50364685058594,8889500
2019-08-27,107.22074693529343,109.30109105414701,106.57682909897763,107.02261352539062,20183800
2019-08-28,105.55318386358118,106.3869718768172,104.85147852340928,106.23011779785156,9878800
2019-08-29,106.36220469169031,106.65939857321547,104.70287953458158,105.86688995361328,6749900
2019-08-30,105.89164706721391,106.57684437002598,105.35504669394723,105.9659423828125,7371100
2019-09-03,105.66048113610655,106.47776102012487,105.26422689466939,106.2796401977539,5710200
2019-09-04,106.8988232735186,106.98136944068173,105.73481272523885,106.37873077392578,4807200
2019-09-05,107.2372394006404,107.2372394006404,105.9246387390238,106.14753723144531,4754100
2019-09-06,106.39523332515073,106.68416377344026,105.72655024030955,105.84212493896484,6758300
2019-09-09,105.66874207838053,105.80083102918547,104.50473181821641,104.80192565917969,7684700
2019-09-10,105.12389870736659,106.9483413696289,104.2983615491243,106.9483413696289,8239500
2019-09-11,107.20423126464236,108.376492248652,106.56031343675953,108.28568267822266,6203600
2019-09-12,108.44256078913227,108.78103404465507,107.36935997220722,107.6748046875,5250000
2019-09-13,108.41780072061556,108.61593418111141,107.28681880077575,107.96375274658203,5369800
2019-09-16,107.41063330251534,107.93897654617751,106.76671536794882,106.94007110595703,5101700
2019-09-17,106.98960512707492,107.73258342234392,106.58508744378217,107.0473861694336,4976400
2019-09-18,107.23727030049307,107.78212784043521,106.3126727272801,107.6583023071289,4373600
2019-09-19,107.0143674025074,108.30220313184556,106.79146888113881,107.4106216430664,4730100
2019-09-20,108.14534417408628,108.97088115251442,107.55920737685668,108.68193817138672,12053100
2019-09-23,108.16189876728127,109.01220116434926,107.72436501332199,108.75628662109375,5183700
2019-09-24,109.05344362498228,109.61480274313101,108.42602743799834,108.59939575195312,7102600
2019-09-25,108.55814254799984,108.61593619881309,107.50970676970034,108.13712310791016,4522900
2019-09-26,108.21966331677002,108.40128249976553,105.69352162181114,106.37046813964844,7545800
2019-09-27,106.17231333513242,106.82448201804893,104.59553465289667,106.1640625,6006500
2019-09-30,106.55206132726556,107.55095399334476,106.49426769373166,106.80797576904297,6552100
2019-10-01,107.33631905614024,107.9802368771439,107.12993481615972,107.31155395507812,7673000
2019-10-02,109.59831284846366,111.1998570131034,108.32699111795978,108.97090911865234,12051800
2019-10-03,108.67372006780336,109.27635871648988,107.32809035673358,108.30223083496094,6997600
2019-10-04,108.42604119006332,110.39082354617437,108.35174587324313,110.34129333496094,7233300
2019-10-07,109.87073418621284,110.47338536390347,109.08647642792846,109.92852783203125,5427200
2019-10-08,109.3423536187711,110.011036453975,108.54984529434154,108.83877563476562,7870400
2019-10-09,108.26093301471535,108.35174259809399,106.09802987912859,106.6759033203125,7787700
2019-10-10,106.45300602834934,107.41888291923352,106.1888407078656,106.54381561279297,5119700
2019-10-11,108.26094682141732,109.48273833812279,107.9967814703422,108.41780090332031,7161400
2019-10-14,108.44253534916592,108.44253534916592,107.6665285928713,107.91419219970703,5700000
2019-10-15,109.79644138472251,110.82836282630825,109.0534629854597,109.66435241699219,10008800
2019-10-16,111.36494631144276,112.76010598282004,110.45686308750984,111.58784484863281,12434200
2019-10-17,112.2400201323555,113.5030907804187,111.98409307185186,112.41337585449219,8434000
2019-10-18,110.05235298390893,110.94393459752541,105.42108917236328,105.42108917236328,25868700
2019-10-21,106.2218510033016,107.04738805556634,104.89273584528753,105.68525695800781,13823600
2019-10-22,106.29613975570393,107.76559461032555,105.74303147642006,106.65937805175781,7613700
2019-10-23,107.03913807888455,107.71607191689252,106.55207423734646,107.23725891113281,6693400
2019-10-24,107.66654048896139,107.79862944009422,104.10022068689715,105.25597381591797,12111600
2019-10-25,105.5284197738352,106.57685552490364,105.09913691095163,105.95770263671875,6947300
2019-10-28,106.18057691458714,107.31982213434067,106.08976733045176,106.64287567138672,7876300
2019-10-29,107.0721433413126,107.29504185205998,106.13103169189478,106.59333038330078,4506300
2019-10-30,110.04410505004255,110.23397506821908,108.74800567299617,109.66435241699219,9627600
2019-10-31,109.2846060687841,109.66434608320486,108.05455124664607,109.00391387939453,7686700
2019-11-01,109.01216683324074,109.79642448882183,108.26092511616298,108.31045532226562,5541800
2019-11-04,108.80579630153788,108.92962183241396,107.39412226606589,107.50969696044922,6140300
2019-11-05,107.7573287263706,108.5333354147141,107.05561733456385,107.66651916503906,6257300
2019-11-06,107.6665457517824,108.54161305159384,107.07215803932627,108.11234283447266,5450000
2019-11-07,108.74798405064742,109.28459065159694,108.15359641074028,108.50032043457031,5873700
2019-11-08,108.39299937189799,109.8294255409619,108.12057067856325,109.7964096069336,5003000
2019-11-11,109.19379666526744,109.40018094200856,108.41778976924938,108.95438385009766,4371400
2019-11-12,108.97088969365556,109.04518500433066,108.16186691845925,108.43429565429688,5228700
2019-11-13,108.17838063394636,108.54988242207489,107.91421530101393,108.3682632446289,5885400
2019-11-14,108.17012388048283,108.44255263174992,107.43539637434905,108.11234283447266,4217500
2019-11-15,108.35173836152677,111.42273721082341,107.96373493832508,111.3979721069336,10495100
2019-11-18,110.803588925826,112.01712945255733,109.5157530844041,111.30716705322266,9291800
2019-11-19,111.44751795131585,111.6043720290893,110.79534912955506,111.2989273071289,5192200
2019-11-20,111.5383134659586,112.5537205298346,110.67976046005856,112.2235107421875,7594400
2019-11-21,112.22352292618551,112.97476476084461,111.44751598459897,112.63629150390625,6424900
2019-11-22,112.80963696663154,114.44420945499054,112.68581144328444,113.9819107055664,9235800
2019-11-25,113.93202969323089,114.42246805223287,113.25040586417157,114.03177642822266,6111900
2019-11-26,113.44158333514582,114.16477248078073,112.3443185917302,114.0234603881836,10636500
2019-11-27,114.01518440164605,114.92125125891933,113.79904951842606,114.50562286376953,5523000
2019-11-29,114.38092849165017,114.937868965868,113.8322960183117,114.28948974609375,3278900
2019-12-02,114.48065698934543,114.58872440340498,113.75746782502401,114.18140411376953,4717100
2019-12-03,113.80735307004025,114.2562260882752,113.18391057117665,114.01516723632812,5741400
2019-12-04,115.129047635052,116.15981046169613,114.7466639897577,115.86055755615234,7257300
2019-12-05,115.83559796272442,116.16809548802979,114.67183125622051,116.0101547241211,5472900
2019-12-06,115.92704844555503,117.68930833959602,115.92704844555503,116.69180297851562,6640400
2019-12-09,116.70010332788632,117.04922954717922,116.42578715187733,116.79154205322266,4241000
2019-12-10,117.04092288186308,117.20717165237778,116.3011050716997,116.36760711669922,5310300
2019-12-11,117.14900164445201,118.02182372370976,116.89963477949615,117.19056701660156,6631500
2019-12-12,117.47317587240354,118.08829757096927,116.98272489256105,117.48979187011719,5012400
2019-12-13,117.29031282342906,117.87218991402634,116.63361299806485,117.52306365966797,4257200
2019-12-16,117.81400297256535,118.7450190576732,117.61450949173299,117.86387634277344,5353100
2019-12-17,118.86967297553194,119.74249478941839,118.47067342894299,119.33517456054688,10722400
2019-12-18,119.46823693505118,119.60124107680598,118.65360876375591,119.02767181396484,7849200
2019-12-19,119.60951798312239,121.2637232707085,119.37676713754854,120.82315826416016,9414700
2019-12-20,122.09495119530256,122.89295028271535,120.3659362606191,121.41331481933594,14532800
2019-12-23,121.14731767211465,121.99519010524125,120.81480748699641,121.72919464111328,6558700
2019-12-24,121.363453750172,121.37176174926884,120.74831934986727,121.30525970458984,4238900
2019-12-26,121.33851285432591,121.51306961707314,120.66519711579414,121.22213745117188,3019300
2019-12-27,121.52971020433174,121.8206550827031,120.98107781401544,121.15564727783203,3432700
2019-12-30,121.18057765252975,121.52970387802006,120.557135246161,120.78157806396484,2923300
2019-12-31,120.61537348962072,121.3718075800466,120.34936521045826,121.25543212890625,4435000
2020-01-02,121.25540838158445,121.3801044945105,120.59872118246726,121.33853912353516,5777000
2020-01-03,119.28534419631931,120.83979026739351,118.86971581932866,119.93372344970703,5752400
2020-01-06,119.70094977221945,119.86719855455371,118.74500976082058,119.7840805053711,7731300
2020-01-07,119.70924414414715,120.90625553503563,117.52304817159019,120.51556396484375,7382900
2020-01-08,120.42413204381705,121.34682731940926,119.4515634047823,120.49895477294922,6605800
2020-01-09,121.1640216173009,121.3884645696755,120.52396282878847,120.85646057128906,6112700
2020-01-10,121.15563076254395,121.5130649571069,120.44905768794054,120.58206176757812,5042600
2020-01-13,120.93117440084804,121.18886184876594,120.29942411937297,121.11405181884766,4593200
2020-01-14,120.57374450944884,121.87050247641096,120.30773637060216,121.79569244384766,7037500
2020-01-15,121.695966392133,122.52722302782782,121.56297497023877,122.20303344726562,4960300
2020-01-16,122.54386624537828,123.72424928597835,121.52973201483984,123.19224548339844,6476000
2020-01-17,123.36676957812979,124.198026006497,122.96775736005766,123.99851989746094,9083600
2020-01-21,123.50811119562904,124.82980618876906,123.44160914337445,124.08168029785156,9543900
2020-01-22,121.9453297558886,124.00684238764853,121.36345272482346,123.23377990722656,10305300
2020-01-23,123.0592171895683,123.66604361885413,121.9952097934086,123.46653747558594,8671900
2020-01-24,123.50813727817473,123.81569823632984,122.96781274598858,123.2920150756836,9051900
2020-01-27,122.62699473783015,124.2396348021181,122.19473769244026,123.6494369506836,7587100
2020-01-28,123.40836398734518,125.16231597144854,123.15066377935544,124.27286529541016,7336600
2020-01-29,124.23129299364989,125.67768400499722,123.96529748446426,125.13735961914062,6288600
2020-01-30,124.71340053224948,125.11240006507231,123.89877278657934,124.98771667480469,6470600
2020-01-31,124.4806936261165,124.68850780579282,123.5579981609948,123.74918365478516,8651700
2020-02-03,124.20637619255174,125.09582696131986,124.05675607292952,124.82981872558594,5765200
2020-02-04,125.92703967996124,126.97441820333202,125.6859682150483,126.01847839355469,6541400
2020-02-05,126.11826232337846,128.0301551911105,125.77744404631927,128.00521850585938,5979900
2020-02-06,128.2213543887331,128.4291685773696,126.96616125559824,127.62284851074219,6201200
2020-02-07,127.46488682062187,127.56464623992852,125.97694305464036,126.25956726074219,5700300
2020-02-10,126.08500160790776,126.27619976838636,125.42831444043668,126.23463439941406,4835600
2020-02-11,126.59202575795038,126.66684847032637,125.96858348659855,126.34265899658203,3715300
2020-02-12,126.24294552854944,126.47569637979929,125.45325423438244,125.59456634521484,5166800
2020-02-13,124.82145391926744,125.55295086669453,124.58870316090903,124.76325988769531,5480200
2020-02-14,125.153958201973,125.22046023426749,123.98188366521838,124.79652404785156,5716300
2020-02-18,125.07921352399875,125.30365641476472,123.90713837485379,123.97364044189453,7230700
2020-02-19,124.03178533107605,124.48896624926357,123.5080896882471,123.80734252929688,6115200
2020-02-20,123.53304038538306,124.17311150102915,122.52721434651062,123.33353424072266,7464700
2020-02-21,123.10083092865183,124.88804086898087,122.64363709815028,124.63034057617188,7776800
2020-02-24,122.55564613351643,124.64703941224538,121.50994949415195,122.06208038330078,10588900
2020-02-25,122.12899967086597,122.7647785967019,120.32203291552067,121.00800323486328,10529000
2020-02-26,121.5936026879616,122.32140341845779,120.12125374278214,120.19654083251953,10093800
2020-02-27,119.25957135205137,121.10836805445471,116.23959988218502,116.3818130493164,12566700
2020-02-28,113.23640343477182,114.85095299354455,109.43843868136167,112.50022888183594,19820300
2020-03-02,112.75120044440527,117.22678744558976,112.10704770027698,117.134765625,11508200
2020-03-03,117.11801540981313,117.94621168555733,111.34577547055545,113.42879486083984,13662500
2020-03-04,115.1772010273167,120.16308806918892,114.72546570934075,120.02923583984375,10560500
2020-03-05,117.78723448861373,119.35995305311269,116.98413410888327,118.7994613647461,11339200
2020-03-06,115.84643496664506,119.6360379791792,114.95132541980114,118.81621551513672,12239100
2020-03-09,114.04787075443406,116.85033035801695,112.85158704645174,114.139892578125,13848600
2020-03-10,117.09293336153674,118.7493133412389,112.29108957469464,118.48998260498047,12698100
2020-03-11,115.52016284624179,116.07229357654778,110.00725481308852,110.25822448730469,17763400
2020-03-12,106.5020970357211,111.89788852134762,104.15137330314265,104.91264343261719,21539200
2020-03-13,108.18355581318437,112.86826728698537,104.27682982865856,112.34123229980469,20084200
2020-03-16,103.37337507281407,111.89788877592642,102.41970035581201,106.35151672363281,18877900
2020-03-17,107.53942856878706,114.41592964326182,106.92037165720856,114.26534271240234,18911800
2020-03-18,109.60571173355027,113.495697033207,107.67326692927507,112.90174865722656,17521100
2020-03-19,112.9268820076436,112.9268820076436,105.53171166659739,106.28461456298828,18482300
2020-03-20,106.10054671626513,106.61084709725675,98.82249555490932,100.29483795166016,19785100
2020-03-23,97.87719372552658,99.18222093282426,91.31858825226898,92.97496795654297,20815200
2020-03-24,99.34953708730414,100.09407250140869,95.25040543888326,99.70088958740234,17604800
2020-03-25,99.47503741660624,103.69964819889782,97.62624005908886,99.88494873046875,13986100
2020-03-26,100.86369833196,106.32641566338702,100.70475042633801,105.88304138183594,15066800
2020-03-27,101.76719979027717,106.76144803815943,100.87208370846153,103.03040313720703,12133200
2020-03-30,107.46414458015919,112.09030492024199,106.66104404376625,111.27046966552734,21754000
2020-03-31,112.92685747807342,113.52917966435184,108.79426299743783,109.69774627685547,15746100
2020-04-01,106.82834851693411,108.94483714497761,104.9879252879636,107.75692749023438,12606100
2020-04-02,108.01629352662454,112.09869795480647,106.42683948246052,111.38761901855469,11594500
2020-04-03,110.74342092651031,112.75951361674076,110.0741727663993,112.24085235595703,10071200
2020-04-06,114.6166889386986,117.92946082334988,113.38694892404273,116.91722106933594,14994400
2020-04-07,117.00091356734762,118.81624151742689,114.82585931263249,115.00990295410156,11567100
2020-04-08,115.23575124242612,120.57299012156402,114.85930306538447,119.84517669677734,10758200
2020-04-09,120.47260070764243,121.65214945190374,117.352245849885,118.14697265625,11125400
2020-04-13,117.11802564354217,118.3645006546665,115.31105875576309,116.92562103271484,8153200
2020-04-14,121.65217506349413,123.32528985644251,120.5060955150774,122.1624755859375,13838000
2020-04-15,121.7609254833771,123.73520135031443,120.07943703156239,123.52606201171875,11962300
2020-04-16,124.06981630391431,126.0524531029909,122.50545817231223,125.20753479003906,12181700
2020-04-17,127.14835858488973,127.40768932583303,125.14898699182565,127.17345428466797,10920000
2020-04-20,126.26160393117627,127.99328389929623,125.55889876941154,126.88066101074219,12226200
2020-04-21,125.58398387866377,126.85555461045884,124.28733021269235,125.21589660644531,9951100
2020-04-22,127.8343373430411,129.66640013572234,126.93085379740981,127.98492431640625,11515600
2020-04-23,129.03892973391658,131.33946170648235,128.57882078643382,130.09298706054688,10665000
2020-04-24,130.14318597362256,130.75386904398505,128.52862423463725,129.54922485351562,8653400
2020-04-27,129.50743157635029,130.54476720772294,128.82982221616095,129.07241821289062,8924000
2020-04-28,126.52928294828551,128.0769189530973,126.06917391186711,126.64640045166016,8558700
2020-04-29,126.63804674903194,126.84718607170382,124.7808885425175,125.68437194824219,9285200
2020-04-30,124.19529484656844,125.84330088401305,123.10776786951747,125.51704406738281,14829600
2020-05-01,125.16568505452734,125.20751546778983,122.79822663018982,124.05306243896484,7309000
2020-05-04,124.45462505853666,124.71395576241423,123.04920224756872,124.03634643554688,7198400
2020-05-05,124.64703660027239,126.13610755994661,124.3458754643354,125.06531524658203,6562300
2020-05-06,125.48355305968703,125.75125743334097,123.84389568317438,123.87736511230469,6191600
2020-05-07,124.9565544291229,125.0904066549166,123.08267432741448,123.46748352050781,5570500
2020-05-08,124.58008545870977,124.79758571575162,123.71843264159385,124.39604187011719,4712100
2020-05-11,124.1869437582164,125.56727113025352,123.91087828380898,124.73907470703125,5887500
2020-05-12,125.567241242909,125.76800680207177,122.99900450325276,123.09102630615234,7039200
2020-05-13,122.20430717963943,124.60522284577195,122.14574203419572,123.08269500732422,6970500
2020-05-14,121.62705411006272,123.60969064331022,120.68174036356402,123.50930786132812,6871400
2020-05-15,123.701696146382,125.88511072070258,121.85291207598611,125.85165405273438,10340400
2020-05-18,127.56659762068412,128.51189846985883,125.86838771760524,125.9185791015625,7388400
2020-05-19,125.56722526122017,126.4037823575245,124.14506798562418,124.66374206542969,6107300
2020-05-20,125.27445004606153,125.8098461834106,123.19979160944024,123.54277038574219,5713400
2020-05-21,124.22873970062987,124.22873970062987,121.98677261295833,122.73130798339844,6487300
2020-05-22,121.77944343871643,123.22828429472163,121.3498335455189,121.6109619140625,6140900
2020-05-26,123.14407923068993,123.35466832223885,121.55202621271349,121.77103424072266,7072300
2020-05-27,121.56888239332554,122.35226767943294,120.46538470729519,122.04901885986328,7950000
2020-05-28,123.0008961212876,124.7614180698494,122.82399560600646,123.80113220214844,6189600
2020-05-29,124.63505832214112,125.80593320140224,122.4196568820023,125.3005142211914,8504000
2020-06-01,124.07063995695927,124.95511654414517,122.99242504127945,123.98641204833984,6141800
2020-06-02,123.87690464160632,124.96355137191429,123.08508773197688,124.87931060791016,6078300
2020-06-03,125.10671949884866,125.62897611738698,123.3630363705038,125.21621704101562,6339500
2020-06-04,123.65789383361926,124.98038639568057,122.63021823218617,123.59892272949219,8170500
2020-06-05,124.40758944935573,126.05018147152498,123.48942427457082,124.07907104492188,9725400
2020-06-08,122.88295560172293,124.34022857308817,122.76502621999404,123.63265228271484,7555600
2020-06-09,124.87929968841587,125.78904587610097,122.6891685491738,122.95030975341797,8247200
2020-06-10,123.48945714743789,126.37873351795065,123.48945714743789,124.50028228759766,10137100
2020-06-11,125.15730810336595,125.65429526537446,118.56165633635672,118.66273498535156,11913300
2020-06-12,120.3222024828156,121.05506139701478,118.1657718436549,119.74097442626953,8687400
2020-06-15,118.77222954404037,119.9515231357673,117.41603548688633,118.98281860351562,8649600
2020-06-16,121.37510991114289,122.49544527465926,120.2632063363266,121.6867904663086,7579100
2020-06-17,122.05744996670826,122.49547893939213,120.85288635850259,121.3161849975586,5100100
2020-06-18,120.05261061633824,121.40037283997985,119.50507136798183,120.80230712890625,4797400
2020-06-19,122.80710841562224,122.88293024442505,120.66752925909631,121.15609741210938,12206900
2020-06-22,120.85286673506693,121.01291649832916,119.6398715328035,120.78547668457031,5285600
2020-06-23,121.08028974524619,121.36668778010697,120.18738134008763,120.3390121459961,5921600
2020-06-24,119.18499269911108,119.77463951462184,116.85166224344357,117.77825927734375,8211200
2020-06-25,118.41000658092251,118.41000658092251,115.8576556988277,117.6518783569336,7421200
2020-06-26,117.5339750378774,117.59294614924544,115.41966532460707,116.08512115478516,12849700
2020-06-29,116.86851920969453,117.67717407034658,116.22832018722961,117.1212158203125,5309800
2020-06-30,117.42447134214065,118.78909738444227,116.11039747819969,118.46057891845703,7738300
2020-07-01,118.5110902060919,119.10073694742071,117.98040171222848,118.24996185302734,6174800
2020-07-02,118.98282987105203,119.47981701367705,118.20786360119504,118.7469711303711,5152200
2020-07-06,119.75779506886335,121.10557030640716,119.51351739439387,120.44010162353516,6156400
2020-07-07,119.10075112833597,121.27403182228576,118.96597104188875,120.33059692382812,5622600
2020-07-08,120.34743698478117,120.78546584703791,119.361881684706,120.68438720703125,6257400
2020-07-09,120.25478596522902,121.6615195047097,118.41845532135744,120.02735900878906,5738600
2020-07-10,120.24637670732962,120.34745536277178,119.13446008411111,119.92627716064453,4282400
2020-07-13,120.97077504134059,123.52311331268685,120.6927959514577,122.31855010986328,6951900
2020-07-14,122.41123758958696,124.99726504058359,122.36068540904186,124.60135650634766,7447100
2020-07-15,126.12603670501784,126.5303770844205,124.86250193940019,124.88777160644531,8512800
2020-07-16,125.2415532203644,125.79751157283727,123.55684028802692,125.7217025756836,9304700
2020-07-17,126.3534652621702,126.84203353691795,125.24998038874818,125.80593872070312,7441100
2020-07-20,126.5471934100776,126.62301525164133,125.03094937887465,126.01651763916016,6191500
2020-07-21,126.01651581489544,127.76018678553318,125.93227503808329,126.13444519042969,5575900
2020-07-22,126.29450263845452,126.69884300889927,124.54241244655401,126.36189270019531,5910200
2020-07-23,126.53031350798587,127.06942088963584,125.74691566319214,126.02489471435547,6566300
2020-07-24,126.77463343673432,126.85887421490462,123.8516558102914,124.76982116699219,5405900
2020-07-27,124.13805422251485,125.44370916761522,123.7084571007097,123.9780044555664,5675200
2020-07-28,124.16330287014809,124.6603028132206,123.6157764632636,123.68316650390625,4842200
2020-07-29,123.31254024408904,124.22228660525364,123.04299290744989,123.43888854980469,4489100
2020-07-30,124.19702357076214,124.24756289574498,123.10195773389476,123.69160461425781,5922500
2020-07-31,123.53999647607887,124.20545239690256,121.26563669739137,122.78186798095703,8259600
2020-08-03,123.31254805251378,124.49184182499303,123.11037789722957,124.1212158203125,4078700
2020-08-04,123.81793465878151,124.01167297363281,122.83237950931863,124.01167297363281,4162200
2020-08-05,125.5953513235845,125.77223897949229,124.5002853723873,125.00569152832031,5467500
2020-08-06,125.00569867766319,125.72170683952584,123.40522647899856,124.28970336914062,4837900
2020-08-07,124.25597801772359,125.2162637229326,123.9527292237977,125.17415618896484,3635100
2020-08-10,125.39315750535546,125.51950580717994,124.43287185147878,124.69400024414062,4096600
2020-08-11,125.6290442111345,125.70485320910936,123.29571317563645,123.80113220214844,6388400
2020-08-12,124.28121293509241,126.5555846803766,124.23910541289634,126.0670166015625,5257300
2020-08-13,125.12361374785463,125.6711531187521,124.2728384127746,124.66874694824219,5155500
2020-08-14,124.34021443104616,125.79748723666606,124.31494477021681,124.87090301513672,4240200
2020-08-17,124.93830070221617,126.54719157120154,124.86247886175421,125.50267791748047,4306900
2020-08-18,125.73010294782308,126.43769204346026,125.14888786879423,126.42926025390625,4322600
2020-08-19,125.99966970254616,127.6843824737742,125.78066166948834,126.68197631835938,7816300
2020-08-20,126.14286511278677,127.68437879646545,125.97439641118353,127.54959869384766,4874700
2020-08-21,127.85283914530126,129.4280413250557,126.85043308424402,128.6783447265625,6722800
2020-08-24,129.5178708604275,129.6535351043399,127.49123984581202,129.01756286621094,5387900
2020-08-25,129.55172674230815,129.79764314540307,128.5002484461117,128.94119262695312,3863500
2020-08-26,128.77165436286546,129.4415394015986,127.73713852667925,129.14476013183594,8008300
2020-08-27,129.24648690195193,129.95877254023497,128.79706765835294,129.72134399414062,5575400
2020-08-28,129.51782933506743,130.33186629310262,128.80553082318147,130.28099060058594,5395700
2020-08-31,129.7383306222733,130.9254735700593,129.11083338479347,130.08599853515625,6362700
2020-09-01,130.4760423791235,130.65412027454144,127.25379383132875,128.48333740234375,6307700
2020-09-02,127.86433908409894,130.86613544395146,126.55848171628493,130.44215393066406,6881900
2020-09-03,131.29008601268936,131.83278170423046,125.75288978936226,126.8128433227539,8672800
2020-09-04,127.33860822979979,128.00001836622974,124.76080627998168,125.99882507324219,7200100
2020-09-08,127.40640794300512,127.94910360570611,124.56572744892146,124.8709945678711,8756800
2020-09-09,125.62566533458855,128.12716558110495,125.60022748940693,126.94001007080078,6960700
2020-09-10,126.5584563586803,127.00787563760693,124.24352138284691,124.57422637939453,6191800
2020-09-11,124.69296419248035,125.94794583429709,124.33682127813594,125.31197357177734,3934700
2020-09-14,125.6002397060017,126.74499460605404,125.50696328496866,125.79528045654297,4375800
2020-09-15,126.72802324168734,127.6947002045307,125.93942413939482,126.25316619873047,3658800
2020-09-16,126.6771802102641,127.24531381448656,125.79530446581558,125.83769226074219,4323000
2020-09-17,125.53243956700632,126.03274758148233,123.84500144106167,124.79471588134766,5461400
2020-09-18,124.23501785326812,126.89762037090061,123.97215147097113,126.49907684326172,12174000
2020-09-21,125.14235767575208,125.43913690688497,121.22477348926343,123.03941345214844,7574500
2020-09-22,122.69173224181176,123.25139076156977,121.86920734004508,122.28471374511719,5295900
2020-09-23,125.05754507233999,125.11690867660842,122.42886826179515,122.47974395751953,8784400
2020-09-24,122.58149774630796,123.16659413635116,121.54698211673002,122.67477416992188,5614800
2020-09-25,122.10667575671168,124.0145925654103,122.01339930628642,123.51429748535156,5531200
2020-09-28,124.4215597158157,125.74437941897656,124.15869335671111,124.74378967285156,5843200
2020-09-29,125.15932320541306,125.430664592162,123.8534531563441,124.701416015625,6768600
2020-09-30,125.03212678600553,126.9654811593193,124.5148689004066,126.24472045898438,8487700
2020-10-01,126.60928161397885,126.89758576504431,124.19259619868612,124.92184448242188,6457800
2020-10-02,123.98065803501177,125.84617377807488,123.65842800105922,124.00609588623047,5485600
2020-10-05,124.65049116255341,125.82068358737858,124.15867134543676,125.6934814453125,4992800
2020-10-06,125.7359370721669,126.01576638026498,123.69234338928791,124.0230484008789,5118200
2020-10-07,124.21810622346003,125.69355358270982,123.64148464736765,125.39677429199219,5603100
2020-10-08,125.9224612624652,127.0672160858594,125.53239272638834,126.25316619873047,4413500
2020-10-09,126.89762021647783,128.44939359986515,126.72803025444918,128.01693725585938,5054100
2020-10-12,128.55118163183766,129.85703881301941,128.05936159404823,128.7546844482422,7273200
2020-10-13,126.34644470524856,127.29615880688533,125.30345418728074,125.80374908447266,11057600
2020-10-14,126.19384732268436,126.37191228920102,124.98125362503558,125.58331298828125,7706400
2020-10-15,125.0575337356948,125.41367651236564,124.08238181901636,124.81163024902344,5978600
2020-10-16,125.1593315304395,126.14295867907805,124.65902357663192,125.58331298828125,6097000
2020-10-19,125.94788311112256,126.26162513060821,122.21685287131548,122.37796783447266,7250800
2020-10-20,122.66632789807281,123.59060444173788,122.20842064269992,122.57305145263672,5325400
2020-10-21,122.20837144142268,123.2428868965297,122.03030653293553,122.04725646972656,5221300
2020-10-22,122.24230628636052,123.53968818595412,121.97095201092144,123.02243041992188,5279700
2020-10-23,123.70083019099047,125.04908807702293,122.4034480079952,123.15813446044922,4154400
2020-10-26,122.4712782313046,122.75959545743854,121.0467067374596,122.08122253417969,6929500
2020-10-27,121.8862104253642,122.3525797401223,121.19087453103784,121.38590240478516,4890100
2020-10-28,119.9273895206669,120.39377171427222,117.17151003168414,117.32415008544922,8426100
2020-10-29,117.01888679689338,117.61245827257834,115.36536163645397,116.33203887939453,7205400
2020-10-30,115.89957511914633,116.62882380719967,113.33024829773609,116.26420593261719,7364100
2020-11-02,117.8498539936564,117.87529183988468,116.5863978347045,117.60395050048828,7088000
2020-11-03,118.73176300203065,119.52885015878577,116.83232154207982,117.44285583496094,6363000
2020-11-04,118.28232776221425,120.86860377907455,117.61242994899796,118.20600128173828,10263500
2020-11-05,119.18117410275241,120.26656545141367,118.08729484520622,118.51127624511719,8016200
2020-11-06,119.05393713775052,121.41975990385275,118.41796522368374,120.62267303466797,5942500
2020-11-09,125.86308866039633,126.33795860827252,122.88674444688968,123.8703842163086,12351600
2020-11-10,124.86250795972042,126.13445201363947,124.0230202261356,125.73590850830078,7386500
2020-11-11,126.49063118274185,126.51606903602703,124.53183884645591,125.32892608642578,6382400
2020-11-12,125.1677875178288,126.0496631232782,124.43853900338812,125.75288391113281,4710300
2020-11-13,126.42277133962517,127.54208845154012,125.84616284358576,127.109619140625,5893500
2020-11-16,127.97454995022065,128.29677996908387,127.0248357121641,127.91519927978516,6266400
2020-11-17,127.19443548204184,127.72865625151027,126.44822398676999,126.64326477050781,7297700
2020-11-18,126.23619260237486,126.99087882560752,124.96424865722656,124.96424865722656,6661000
2020-11-19,124.90491084371094,125.04058798380859,123.45488890404623,124.76923370361328,7987700
2020-11-20,124.69290725871124,125.44759348142884,123.91278319221867,124.1078109741211,6354900
2020-11-23,124.67137315542429,124.67137315542429,122.1354225740344,122.84412384033203,7318300
2020-11-24,122.95512916782272,123.6040543258425,122.62212621414497,122.84412384033203,11034800
2020-11-25,123.00636149662914,123.10028607715851,121.98173800008705,122.68189239501953,7594600
2020-11-27,123.38206672668457,123.51868667488452,122.2891331986757,122.95513916015625,3059000
2020-11-30,123.15151914815597,123.68945203789744,122.15251023063256,123.53575134277344,15663200
2020-12-01,124.91043455765497,127.33539251083621,124.54328318398998,125.90090942382812,9738200
2020-12-02,126.24248479359164,127.8306558390766,126.11439870822315,126.49009704589844,7745500
2020-12-03,126.40469679467758,127.71964087742833,126.10585534226637,127.22440338134766,7310500
2020-12-04,127.89896276123636,128.34297110665446,127.45496744461445,128.30882263183594,6747100
2020-12-07,127.5232606014645,128.00141735862752,126.80601243692549,127.19879150390625,6634700
2020-12-08,128.07828569144465,129.90553537949071,127.6940534401297,129.40176391601562,8339800
2020-12-09,130.4946447400258,131.06672595435202,129.58101375154027,130.72518920898438,8440100
2020-12-10,130.48615438825098,130.62276131467058,129.51274697893652,129.99945068359375,7392900
2020-12-11,129.38469498355718,130.98994714675806,129.12853578301264,130.59716796875,5977400
2020-12-14,130.85331110434853,131.04969415484342,127.2158925953383,127.2842025756836,8547300
2020-12-15,128.07822264758065,128.71861376081856,127.67690984098166,128.56492614746094,7612600
2020-12-16,128.2489974169765,128.863773958723,127.69399696927343,127.79645538330078,8486100
2020-12-17,128.15509751733185,131.39974921662196,128.04410522371182,131.16920471191406,9920300
2020-12-18,131.19483749831878,132.43293787859088,129.50420796339762,131.9291534423828,17137200
2020-12-21,129.79450417098957,130.98990908323293,128.12095553416094,130.6569061279297,7893400
2020-12-22,130.12750171298723,131.40828426145677,129.66642572820749,130.40074157714844,4699500
2020-12-23,130.46907243625947,131.1521591772569,129.70059496683893,129.73475646972656,4607300
2020-12-24,129.65788519459218,130.67396168655912,129.63227058724473,130.18727111816406,2114900
2020-12-28,130.91308359065104,131.38269352070083,130.0421476514091,130.8020782470703,3855500
2020-12-29,131.58759034918,132.28774465174308,131.32289739227957,131.6132049560547,5212000
2020-12-30,132.12554671960234,133.52586860330996,132.00600752326616,133.2440948486328,5412800
2020-12-31,133.65393294545063,134.61879334290327,132.44146031058864,134.3797149658203,5099900
2021-01-04,134.26016856488525,134.37970774700514,131.60467892105635,133.62831115722656,11765900
2021-01-05,133.41487809061798,135.55805000189886,132.40733518510004,135.19943237304688,9602300
2021-01-06,134.26016779892365,136.81318596580346,133.81615954124268,136.47164916992188,8230100
2021-01-07,135.76291654582946,137.4962407902434,135.2079161236678,136.9326934814453,7747200
2021-01-08,137.05228341587235,137.55606784883082,136.51436353888275,136.65097045898438,8228900
2021-01-11,137.0949622563381,137.7439004209939,135.5665674772343,136.07887268066406,7066200
2021-01-12,135.89101854772784,136.3264929377875,134.3370092168768,135.0200958251953,6903200
2021-01-13,135.10546257999235,135.3018585955737,133.8417609255356,134.81515502929688,6643100
2021-01-14,137.00104555388762,138.28182817925048,136.28381041059512,137.17181396484375,10030800
2021-01-15,136.8729705810547,137.82075023166735,135.8568809612598,136.8729705810547,7630800
2021-01-19,138.3245487652267,139.21255248141918,137.55608426138312,138.9905548095703,9057600
2021-01-20,139.34915651639915,140.15178243418555,138.1537645295655,138.6490020751953,6839900
2021-01-21,137.74387775958508,138.73433953478425,136.66801225467398,138.0939483642578,6818000
2021-01-22,138.63192055632865,141.02271754554732,138.21352684885687,139.64801025390625,8137000
2021-01-25,140.8946141906165,141.81677918896332,139.7419177142783,141.7228546142578,9924400
2021-01-26,144.89919492942047,148.27191966758605,144.63450195665618,145.56520080566406,14205700
2021-01-27,144.40397157960058,145.9409133785234,142.97803511384285,143.34519958496094,14207300
2021-01-28,143.61844936143905,145.8897074362264,143.27691247553292,144.4381561279297,8944400
2021-01-29,140.2542303123765,141.7399428373022,137.08643527159546,139.2893829345703,22505900
2021-02-01,141.1507863458345,141.1507863458345,138.83684629064098,138.93077087402344,9971400
2021-02-02,139.50284324647612,139.74192161990055,137.62435169986398,137.6841278076172,11443300
2021-02-03,137.419414684925,137.9146521083787,136.24963759862442,137.04371643066406,8601900
2021-02-04,137.4706730115747,138.4013719566056,136.4118879824858,138.3159942626953,7758100
2021-02-05,140.76658771221247,141.2618253582281,139.91273239745414,140.41650390625,9495300
2021-02-08,140.91168885287516,141.67161927765272,139.9297608196524,140.81776428222656,6035300
2021-02-09,141.05684314098363,142.24370106770098,140.86046013939836,141.97047424316406,5544200
2021-02-10,143.35372938428233,143.39642474419736,141.48378466763694,142.4315643310547,5921300
2021-02-11,142.59382473875547,142.91829389839404,141.398432617135,141.79119873046875,4871300
2021-02-12,140.3737427099564,142.4656976731823,140.03220595572753,142.2351531982422,4413100
2021-02-16,142.23517827403512,142.63649119684035,140.5786973635274,140.94586181640625,5656100
2021-02-17,140.8604990585507,141.81681275184522,140.3396468444249,141.4496612548828,6676700
2021-02-18,140.85190804806567,141.87653130784125,140.288360695112,141.51791381835938,5189100
2021-02-19,141.3983788743481,141.70576716433206,139.1015070726338,139.16127014160156,8190900
2021-02-22,139.07537841796875,139.65102709713227,137.71787326455268,139.07537841796875,6447100
2021-02-23,138.74029685999426,140.20949951909526,137.81238146109442,137.8467559814453,7042800
2021-02-24,139.53073879066056,141.24051063237405,138.25915686312567,139.69398498535156,10286100
2021-02-25,140.15796271804254,140.6476882391903,139.1784985657076,139.84005737304688,9719700
2021-02-26,139.1870892508162,139.53935601816917,135.72459665961452,136.14559936523438,14417500
2021-03-01,138.7145035514234,138.78323947268524,136.68683975932734,136.88446044921875,10551400
2021-03-02,137.2797419218818,138.1389216876265,136.26591609112361,136.62677001953125,7610900
2021-03-03,135.96515690903155,136.5236183442632,134.08355169211552,134.2210235595703,8499600
2021-03-04,134.023405042952,134.11791530538522,130.13991031847456,131.5146026611328,11033200
2021-03-05,132.29648064176587,134.6248632934616,131.56618579532343,134.11795043945312,8331600
2021-03-08,134.89121190658673,136.89310216604872,134.01484494822907,135.23487854003906,6546700
2021-03-09,134.7966813962165,138.1131150407251,134.7966813962165,135.49261474609375,7461300
2021-03-10,136.45491609482062,137.38281856494956,135.20050805772792,136.73843383789062,6635600
2021-03-11,137.0734791466778,138.00999467980273,136.54079210052492,136.7298126220703,6305600
2021-03-12,136.85007160253406,137.7350251922978,136.7727486154755,137.12501525878906,5474800
2021-03-15,137.25392588995732,138.03578238572416,136.17995150897175,137.82957458496094,5524100
2021-03-16,137.86393914148948,138.9121260003291,137.67491861529598,138.64578247070312,6369100
2021-03-17,138.18184347328597,138.95509979558304,137.06490747771534,138.1302947998047,6001400
2021-03-18,137.64911566954095,138.74886407878347,137.43432085351648,137.87249755859375,4801800
2021-03-19,138.06157214068554,138.75750551967934,137.01337197897826,137.5030975341797,14891500
2021-03-22,136.01669509899787,138.02717184293087,135.75035157010564,137.89830017089844,7544100
2021-03-23,137.64913984477874,138.4997190751999,136.5064296496308,137.76942443847656,7178300
2021-03-24,137.55459840235406,139.59943603167082,137.31402926949326,139.10971069335938,6370100
2021-03-25,139.56508545522885,139.57367252848468,138.0185601168728,139.16127014160156,6269800
2021-03-26,139.26438615876427,141.85052454985794,138.65437612481185,141.70445251464844,7619200
2021-03-29,140.75936295370772,143.50873441714012,140.58752969537517,142.65814208984375,8535100
2021-03-30,141.78177828440474,142.33165253731937,141.10301926453485,141.77317810058594,7236300
2021-03-31,141.73023090773196,142.0996717342762,140.64765653964415,141.2061309814453,8281500
2021-04-01,139.70263036856917,140.76800485117062,139.41049929459044,139.90023803710938,7229700
2021-04-05,140.59612864844752,141.54981838931116,139.75413643445384,140.4156951904297,7387100
2021-04-06,140.97416832648932,141.35220938906036,140.046252930189,140.38133239746094,5074200
2021-04-07,140.5188401104495,141.14603760971772,140.32123245370175,140.5703887939453,4608000
2021-04-08,140.9054464429335,140.99995671799803,139.91739520274584,140.02049255371094,5039400
2021-04-09,139.29016071894142,139.98609393826405,137.27968406088996,138.5426788330078,8418300
2021-04-12,138.40521053469456,139.25580288572093,137.76082596544242,138.8777618408203,5022800
2021-04-13,134.77088104974473,137.40855498742022,134.48735027487405,137.0219268798828,18424100
2021-04-14,135.60431175942935,137.56324011076933,135.3551423449819,137.39999389648438,7718300
2021-04-15,138.08730272426342,139.52213062964307,137.66630013368862,137.80377197265625,7524600
2021-04-16,138.61999547668867,139.62523375962053,137.94983662140078,139.3932647705078,9049400
2021-04-19,139.6166610329794,140.1407610234124,138.1904199954026,139.7799072265625,8353500
2021-04-20,138.32790880068646,144.16173222951537,138.32790880068646,143.0362091064453,14050700
2021-04-21,142.94168625223045,143.40565051421999,142.0137708382899,143.13070678710938,6333200
2021-04-22,142.48631205263146,142.86435309553158,141.43811211005837,141.91925048828125,7233000
2021-04-23,141.36081800207836,142.67536173628037,140.90545386461181,142.21141052246094,6015300
2021-04-26,141.9450913243734,142.1169246512251,140.6992702071031,141.00857543945312,6027800
2021-04-27,140.6992381870777,140.828122985417,139.59090233758084,140.20091247558594,6217700
2021-04-28,139.9259581688732,140.21807601963434,138.88634532229267,139.1698760986328,7448000
2021-04-29,139.1011400015387,141.12880391556035,139.0238170017333,141.07725524902344,6394300
2021-04-30,141.0343032809625,141.18896240116433,139.6338496743403,139.81427001953125,9079100
2021-05-03,140.56175845026783,142.03954810246174,140.14934288916425,141.94503784179688,6594100
2021-05-04,141.61857170546975,144.21329770716392,141.48109982629816,144.14456176757812,10179500
2021-05-05,143.9125928158479,144.68584926457328,143.30256948982228,143.54315185546875,7792300
2021-05-06,143.30251305422863,144.2476155505058,142.82997491612605,144.11874389648438,5529900
2021-05-07,144.5999104987667,145.35597953362287,144.19609509047416,144.77174377441406,5316200
2021-05-10,145.97462085203398,147.3750879109115,145.39897204569596,146.2925262451172,8357500
2021-05-11,146.61894350062323,146.80796399697266,144.58269273817405,145.09820556640625,8217900
2021-05-12,144.80611019928898,145.88868478242375,144.2991974300644,144.5139923095703,6758300
2021-05-13,143.45720214026076,146.66193800392398,143.45720214026076,146.02615356445312,8018600
2021-05-14,147.33208836455333,147.4437858882271,146.20656538304624,146.24952697753906,5797700
2021-05-17,146.40417118122284,147.68435326511818,146.32684817811153,146.3955841064453,5722600
2021-05-18,146.04329770634823,147.23755644135525,145.6566696328635,146.44711303710938,5846000
2021-05-19,145.9831525234743,146.1979473404025,144.3764783780276,146.12921142578125,5533800
2021-05-20,146.00896611087714,147.42660703975736,145.79417123619598,146.97984313964844,4853200
2021-05-21,147.20322241373216,148.41466863132067,146.80799408308653,146.8853302001953,6501800
2021-05-24,147.74981605989586,148.1388694430917,146.7728952578964,147.44723510742188,5195100
2021-05-25,147.55101467672347,147.86224955052379,146.74699894797416,147.0409393310547,7444700
2021-05-26,146.9718015207706,147.0409663045063,145.4847916500373,146.16778564453125,5726400
2021-05-27,146.33198762163727,147.11872192945418,145.57120164179034,145.9429473876953,8114700
2021-05-28,146.55677841935153,147.84493417160908,146.25418423774735,146.32334899902344,6400800
2021-06-01,147.10143886492716,147.14466849246205,142.97759359633483,143.10726928710938,10448400
2021-06-02,142.90845800911612,144.1447438196871,142.7441933060427,143.68653869628906,6806000
2021-06-03,143.41849631336956,144.5078116319444,143.26288549292863,143.5481719970703,5808800
2021-06-04,144.38677112684863,144.8709244419261,143.4011963925702,143.48765563964844,6510300
2021-06-07,143.51361155476548,143.79027063201013,142.32919621091023,142.5107421875,5362800
2021-06-08,142.89112061927847,143.21964992679852,140.1159555685641,141.25714111328125,7746800
2021-06-09,141.77589333879467,143.32341385047917,141.49059360811586,143.15914916992188,5552600
2021-06-10,143.5136068341255,144.87958130146998,143.47037720574914,144.4473114013672,6463100
2021-06-11,144.4386815961826,144.44732224577436,141.9747377038835,142.614501953125,7389900
2021-06-14,142.21678775030247,143.0467517081439,141.69805862767288,142.96893310546875,4931300
2021-06-15,142.84792675481967,143.39259112377346,142.12171639076942,142.2081756591797,5062900
2021-06-16,142.47616923098002,143.2974794461513,141.33497030240682,142.15628051757812,6988500
2021-06-17,141.94878899541186,143.2542393178916,141.35225443481065,142.83926391601562,5874700
2021-06-18,141.15342603351127,141.94880111829707,139.87389754805335,140.0381622314453,12993000
2021-06-21,140.72115891184814,142.0093148806691,140.271594483888,141.64620971679688,6592300
2021-06-22,141.53384279218974,141.81912937045132,141.16208374927893,141.45602416992188,5627800
2021-06-23,141.51652299899214,141.51652299899214,140.47042402900027,140.60011291503906,4493400
2021-06-24,141.1534373453916,141.9574531441142,140.747102525016,141.23988342285156,4549200
2021-06-25,140.8680953828594,142.4588452033235,140.82486576116483,141.966064453125,10963800
2021-06-28,142.16492397335907,142.70958825782841,141.36954895632,141.80181884765625,5604000
2021-06-29,141.7845354408937,142.33784041738005,141.2744600952861,141.8104705810547,3749500
2021-06-30,141.78455209286872,142.62315690144754,141.49925232575947,142.42431640625,6151700
2021-07-01,142.42432508064175,143.52228138816145,142.32922515247992,143.47906494140625,6320200
2021-07-02,143.53090481923118,146.36659437761622,143.2023754657667,146.08993530273438,9059900
2021-07-06,145.16486556804506,145.98617565245874,144.36949061953072,145.21673583984375,6098500
2021-07-07,144.79313165456247,146.53950586059622,144.79313165456247,146.46170043945312,6293500
2021-07-08,145.84786225475062,146.50492094837438,144.87958189593314,146.1763916015625,5755500
2021-07-09,146.42711637365537,147.2916562602648,146.31473515884176,146.75564575195312,6120900
2021-07-12,146.73833648797944,147.99191655899563,145.70953201579354,146.52220153808594,7840500
2021-07-13,146.0813183565702,146.76429912177943,145.82195372974195,146.34068298339844,4691200
2021-07-14,146.97180991964558,147.6893797510969,146.14184565922162,147.3349151611328,6162900
2021-07-15,146.36658990410555,146.88530586590895,145.000615445245,145.56256103515625,6656900
2021-07-16,145.53662845049723,146.1850333080023,145.1994584522678,145.3291473388672,5834900
2021-07-19,143.92859020818483,145.40695915274097,142.92573401024873,144.2744140625,8219700
2021-07-20,144.2916897750267,147.67204361603535,144.23981949684537,145.63172912597656,9902800
2021-07-21,146.36657335955127,146.70374331375208,144.79310477872824,146.5308380126953,7585200
2021-07-22,146.41845733245324,147.89682615726576,145.8046282856567,146.9544677734375,5281900
2021-07-23,147.83630646869116,148.85645710522687,147.30029601165242,148.519287109375,5014900
2021-07-26,148.54523876249755,148.8218846461848,147.71527472777422,148.5884552001953,4484900
2021-07-27,148.52794905780036,149.32332413779503,147.55101480466837,149.27145385742188,7089300
2021-07-28,149.33199072793968,149.8939496438739,148.770045003839,148.8564910888672,5750700
2021-07-29,149.34064457072594,149.85936065639578,147.9141456535085,148.8564910888672,4214100
2021-07-30,149.16773500777697,149.54813474196274,148.5625596087697,148.87379455566406,5346400
2021-08-02,149.10721627636707,149.42709185802883,148.0957060497472,148.93431091308594,3721500
2021-08-03,149.33198088772627,150.86222028287602,149.08127010828142,150.76712036132812,6033000
2021-08-04,150.6028430166416,150.94001303894223,149.7901734265243,149.8766326904297,4793100
2021-08-05,150.30025580937124,150.30025580937124,149.06395698377688,150.16192626953125,4291000
2021-08-06,150.37803092830518,150.37803092830518,149.08986208278702,149.66046142578125,4581100
2021-08-09,150.18787038614795,150.6460754714031,149.50487648725925,150.17922973632812,3950200
2021-08-10,149.79017059134378,150.52503474513588,149.37519515448173,150.23109436035156,3678300
2021-08-11,150.64605931243966,150.83625912272865,150.04952474306342,150.25701904296875,4221300
2021-08-12,150.27430556651726,151.54516686159894,150.07545192604618,151.4673614501953,4300400
2021-08-13,151.54515815420567,152.40969785389538,151.39818798827787,152.3751220703125,5882100
2021-08-16,152.6345053145745,153.7929854880204,152.11577615449067,153.749755859375,4782800
2021-08-17,153.29154176978213,155.19352659144124,153.29154176978213,155.15895080566406,6041900
2021-08-18,155.18490540739305,155.18490540739305,153.13595015348372,153.1878204345703,7134100
2021-08-19,152.69501151164974,155.03792011662415,152.21952518676954,154.38087463378906,5615000
2021-08-20,154.65754179964918,155.54801683909352,153.9486259431605,155.13304138183594,5428700
2021-08-23,155.1416954568282,155.61131524623667,154.40246462270488,154.46334838867188,6461700
2021-08-24,153.92417316109288,154.11550320765005,152.4370193028933,152.53268432617188,5734800
2021-08-25,152.79358399334473,152.97620876756923,151.22816243460375,151.5238494873047,5700300
2021-08-26,151.280342229802,151.94999737150894,150.49763807887635,150.71505737304688,5031600
2021-08-27,151.5673649993326,151.5673649993326,150.23675973737198,150.39329528808594,7046100
2021-08-30,150.2714938796693,151.56731748084218,150.2628018863179,151.0281219482422,3252700
2021-08-31,150.88026870152902,151.74994570841272,150.001886431637,150.5671844482422,7106800
2021-09-01,150.36717837219211,151.09771728515625,149.63665272944854,151.09771728515625,5327400
2021-09-02,151.61955343534834,152.3587845271202,151.24559852625183,152.13265991210938,4544300
2021-09-03,152.28046325658423,152.3848202605642,151.15857238292244,152.228271484375,4096900
2021-09-07,151.62822132000483,152.21959543144663,149.2974795820256,149.86277770996094,6859900
2021-09-08,149.25398901693814,150.43675047793127,148.7843691923795,149.49749755859375,4661700
2021-09-09,148.88004516959663,149.1322457240835,145.84486689952067,146.16665649414062,7114600
2021-09-10,146.5841291224188,147.05374908175767,145.12306418294136,145.2100372314453,6699300
2021-09-13,146.03618567984788,146.2101184560948,143.60979226618613,144.19247436523438,6273500
2021-09-14,144.71432140757713,144.8360757189568,143.0706315688392,143.32284545898438,5259600
2021-09-15,143.49673668349635,144.33163262673386,142.89665729776638,143.86199951171875,7935300
2021-09-16,144.0619887954558,144.76643830781074,142.7922678151196,143.6880340576172,5665400
2021-09-17,142.88800571710212,143.41850948508983,142.2444396357028,143.27935791015625,13419800
2021-09-20,142.17482743630075,143.64458405333855,141.03555240753545,142.46182250976562,7270800
2021-09-21,143.15755794301165,144.34901140661174,142.83578164004706,143.08798217773438,6663600
2021-09-22,143.80113067291987,144.32292903203856,142.3052848237152,142.56617736816406,5657100
2021-09-23,142.97491217125943,144.16637884067,142.7574928928541,143.37496948242188,4697900
2021-09-24,143.2793286299945,144.06203285615155,142.53140565535077,142.94015502929688,4399300
2021-09-27,142.62710734147228,142.9401917664455,141.62698354320452,141.9052734375,5775500
2021-09-28,141.84437694138035,142.54881345102615,140.68770450730875,141.5921630859375,7610400
2021-09-29,141.75738051569348,143.2010478211357,141.5660504742387,142.6444549560547,5124100
2021-09-30,143.1836825459374,143.84463257391883,140.37462833923672,140.45289611816406,6972300
2021-10-01,140.47895407790418,140.80073038861568,137.94819029467317,139.55709838867188,8568300
2021-10-04,139.13965636283453,140.01802553456073,137.1219989419474,138.47000122070312,8620700
2021-10-05,139.02658959483347,140.11368603127806,138.40911298003607,138.7830810546875,5129000
2021-10-06,139.03530435396652,139.10488012971737,137.2698605137335,139.07009887695312,7312600
2021-10-07,139.16570826146352,141.41816836103607,139.16570826146352,140.3136749267578,5309200
2021-10-08,140.29634018685582,140.5485407501835,139.3657791606632,139.9571533203125,4343200
2021-10-11,139.89625672763867,140.75724182093688,139.09615540012788,139.36575317382812,4101600
2021-10-12,139.14835657164267,139.3048921030795,136.83501195878597,137.139404296875,6686400
2021-10-13,137.25244557440413,139.21791103285335,137.191561808017,138.4525909423828,6901100
2021-10-14,138.89618342028663,140.13981573282433,138.8005183754588,139.24404907226562,4579200
2021-10-15,140.04412934492916,140.72247655206323,139.50493368546927,140.27894592285156,6918400
2021-10-18,139.36577835264538,139.9223712580031,138.45261459239026,139.25271606445312,7465500
2021-10-19,139.93108004094003,143.6272087714147,139.78323648414784,142.51402282714844,10081300
2021-10-20,142.60969332032363,143.279348619824,141.9835245439484,142.43576049804688,6003200
2021-10-21,142.8879572590515,142.9662250170742,141.13120571440558,142.10523986816406,4524100
2021-10-22,141.80957001182253,142.67924726028969,141.7226102491088,142.38356018066406,4304300
2021-10-25,142.3835556842784,142.89666205981723,140.63550924734142,142.69664001464844,6715400
2021-10-26,143.11406889038656,144.3924953554438,142.67053832361535,144.14898681640625,6939100
2021-10-27,144.08811788868292,144.15769365989192,142.02698708872464,142.4009552001953,7018800
2021-10-28,142.42702395583302,143.67065585286417,141.16599480094825,141.62692260742188,6278800
2021-10-29,141.19208731958,141.9747914282481,139.6788443365725,141.65301513671875,8526800
2021-11-01,141.8965345501252,142.6096629506616,138.6265397987049,141.7747802734375,5846400
2021-11-02,142.36613748502222,145.21867728874457,141.73996891637887,144.00982666015625,8450600
2021-11-03,143.53153767462823,144.16641166668776,142.13135667207445,143.54893493652344,6717800
2021-11-04,143.44458237398783,143.48806889496913,141.47041109939966,143.14889526367188,8224400
2021-11-05,141.30514174654994,143.1488663560943,141.0616332024966,142.13133239746094,6215900
2021-11-08,142.34876935203877,142.77491599212206,140.89640990184984,141.6443328857422,5578800
2021-11-09,141.41821082154837,142.27049076670022,140.90510445550333,141.33123779296875,6112800
2021-11-10,141.34863433526084,143.357586545175,141.19209880887732,142.86187744140625,6225100
2021-11-11,142.1835384306491,142.46182825023337,141.31386118033794,141.8095703125,4118800
2021-11-12,145.61003390920828,145.7752746853312,143.15755133002037,143.5054168701172,18995200
2021-11-15,143.4967284399391,143.89678576418362,141.94870418868948,142.20960998535156,7496200
2021-11-16,141.91389796020968,142.9314318102416,141.42688092408235,141.47036743164062,7594700
2021-11-17,141.64434463180012,142.5053299787955,140.70509150877513,142.00091552734375,5414500
2021-11-18,142.1487442131589,143.03581872603448,141.00077714080965,141.23558044433594,6358700
2021-11-19,141.79215891293484,141.92261844960566,140.69637046408985,141.66171264648438,7620700
2021-11-22,140.9614134384002,142.3707655056687,139.75339356441538,139.7971649169922,7634500
2021-11-23,139.63961746635783,140.93516681258535,138.99183611467268,140.66380310058594,7734000
2021-11-24,140.18235474123756,140.60253041008116,139.51707548580654,140.2698974609375,5230900
2021-11-26,140.58504371650864,141.07525092861357,138.886816333756,139.35951232910156,8523100
2021-11-29,139.6221294373227,140.4274717785552,138.676724074012,139.84097290039062,9188500
2021-11-30,138.7555059601623,139.18444396081506,136.42702164029845,136.49703979492188,14981700
2021-12-01,137.3286283433069,140.1298214713485,136.77713864600062,138.3790740966797,9835800
2021-12-02,137.6612630978497,139.43827063826998,137.2148273199256,137.512451171875,11334700
2021-12-03,138.23025896706045,139.7709118124692,137.95013298218132,139.51705932617188,8750500
2021-12-06,140.22608466458365,143.14108005492017,139.91094966678673,142.63336181640625,9692000
2021-12-07,143.56127618996558,143.7976308114975,142.16943531554514,143.00103759765625,8311300
2021-12-08,143.09737671278063,144.06029337397655,142.37081475154116,143.85894775390625,6216400
2021-12-09,143.71884351547854,145.29451880152772,143.1148468998734,145.2244873046875,8574200
2021-12-10,144.93564735200644,145.91606173963638,144.13029169685987,144.86561584472656,6572200
2021-12-13,144.21781557182777,148.11322582479767,143.38621323692402,147.45669555664062,11142300
2021-12-14,147.35162765901657,149.66261324002986,146.32744223350227,149.06735229492188,10482400
2021-12-15,148.68223614679866,149.95152540746133,148.30581849018807,149.81146240234375,8552200
2021-12-16,149.91652105230233,151.88611221887342,149.54886563739979,151.44842529296875,8998600
2021-12-17,148.49837912068594,149.49630450485506,146.76514310757983,147.26409912109375,16726200
2021-12-20,146.8964686527593,147.50922761384908,145.79350252279764,146.8439483642578,7954500
2021-12-21,147.11530598936426,147.15032841834125,145.29452703970753,146.37124633789062,7954200
2021-12-22,146.23990935588,147.2115745720599,145.41705604668286,147.00148010253906,4178200
2021-12-23,146.95774746083976,147.89439041511105,146.5025493769213,147.28163146972656,3501500
2021-12-27,148.0606959866798,148.68221714424004,147.67552945040492,148.52464294433594,3704800
2021-12-28,148.62969831912696,149.3737713253732,148.4546262462287,149.1199188232422,3187000
2021-12-29,148.81353244207062,150.55553095393455,148.73475201296267,150.1703643798828,3662000
2021-12-30,150.6693244346245,151.33461702815774,150.34544042386332,150.8356475830078,4231800
2021-12-31,151.02825198702152,151.159552724024,149.7151911884161,149.75021362304688,4409500
2022-01-03,148.99737051231398,150.2141394794846,148.02570512434724,150.16160583496094,6012200
2022-01-04,149.74141517851453,150.8181210333836,149.33875077750616,149.75892639160156,6748400
2022-01-05,150.56428316385524,151.85108362923407,150.231636868626,150.75686645507812,7016100
2022-01-06,150.69554104322154,151.00192710774522,149.51379484535764,150.2403564453125,7301600
2022-01-07,150.09156844471366,152.57762634766584,149.8026935440187,152.271240234375,6986000
2022-01-10,152.04367749897182,152.04367749897182,150.70435665319252,151.51844787597656,7698400
2022-01-11,151.43091581396786,151.7810599849675,148.9098350399099,149.9077606201172,8341100
2022-01-12,148.4721388470944,148.88356556867583,147.36041047023764,148.62969970703125,8116200
2022-01-13,147.9381981951843,149.1812276067478,147.46550213726724,147.7281036376953,6159400
2022-01-14,147.6142822464452,147.63178010459947,146.3187194572755,146.9227294921875,5847700
2022-01-18,146.2749481201172,146.81767553058268,145.3207806519492,146.2749481201172,7815600
2022-01-19,146.36249064288958,147.69306250392907,145.5921708135666,145.81976318359375,5926500
2022-01-20,146.44124332321428,146.9402126854711,144.37536109777648,144.65548706054688,6011300
2022-01-21,145.4783758187622,147.05405135033257,143.97273179494434,144.3228759765625,10550300
2022-01-24,143.56128655082458,143.7100984767092,138.5366367129744,142.65965270996094,14054600
2022-01-25,142.125653872231,147.42166666126548,141.44286355373893,146.73887634277344,14081200
2022-01-26,146.66010744097574,148.13074223899065,145.5133700028128,147.3954315185547,9963200
2022-01-27,148.27957117486858,150.48551694631757,147.93817591857305,149.33001708984375,9066700
2022-01-28,149.5663107006507,150.42417295598733,148.20073023297303,150.38040161132812,9783100
2022-01-31,150.1265759511591,151.1069901320651,149.5313283005066,150.818115234375,8054800
2022-02-01,150.3366688862678,150.54675000451144,148.31454462318376,149.58384704589844,8154700
2022-02-02,148.50715183450075,151.4309103205739,148.50715183450075,151.2383270263672,7382800
2022-02-03,150.79185116491942,151.98235979234303,149.72389430691553,151.2295379638672,6240400
2022-02-04,149.6888668720257,151.4221026431764,148.91853392611895,150.2403564453125,6392200
2022-02-07,150.04781070162795,150.33668562852483,148.82227949444643,149.74142456054688,6065700
2022-02-08,149.70640565941684,150.60803945213073,149.23369640748143,150.1353302001953,6296100
2022-02-09,150.6255466765584,150.77435859055544,149.90773388971692,150.11782836914062,5387500
2022-02-10,149.8727431167756,149.8814920455582,148.2007760764272,148.30581665039062,10355300
2022-02-11,148.04319621178286,148.94483005629476,146.66010415972997,146.80892944335938,13125300
2022-02-14,146.8089070499493,147.03649936918816,143.39494211852255,144.9618682861328,8967600
2022-02-15,145.42582105225927,147.15030812006373,145.32076713696267,146.45875549316406,6631400
2022-02-16,145.74097618773473,146.9227227014198,145.05818575125633,146.37124633789062,8482400
2022-02-17,146.3712326336338,146.58131375925458,144.36661951239068,145.4783477783203,6227600
2022-02-18,145.34621060012066,145.6809922170238,143.5489909282353,143.91900634765625,6423200
2022-02-22,144.1039690779239,144.2537362099412,141.34645787996615,141.96315002441406,6868900
2022-02-23,142.2891428868775,143.28466905678627,141.7076978530239,142.03366088867188,8016900
2022-02-24,140.76507964398795,141.07343261315597,137.18824972750218,139.32025146484375,12883400
2022-02-25,140.95886965832076,147.1170151159574,140.69456908913435,146.2448272705078,11340400
2022-02-28,143.48730200243665,145.5223933467714,143.0556241069015,144.98500061035156,9373500
2022-03-01,143.6370747736073,145.1435785293579,143.08205839444418,144.4828338623047,8737800
2022-03-02,144.84403537433067,147.68083338131473,144.5180588838918,146.28004455566406,6793300
2022-03-03,146.86153623206795,149.18735730653307,146.52676801996262,148.42970275878906,7333700
2022-03-04,147.68963018571498,149.6454352471037,146.99365179927412,149.31065368652344,6302500
2022-03-07,148.27111931982373,152.51749843862947,147.44298377838936,151.71580505371094,11663400
2022-03-08,151.56598696544876,152.51746074966385,148.45608362988472,148.64109802246094,11100300
2022-03-09,149.77759605475396,149.9714155655516,147.9098954338508,149.2049560546875,7248200
2022-03-10,148.50015600595307,149.90093144286288,148.0772831923903,149.46925354003906,6171400
2022-03-11,149.0023169826364,151.05503182552596,148.90540723664992,149.19613647460938,5188000
2022-03-14,150.36784855754928,153.39846601913752,150.0771327557346,151.25765991210938,7729500
2022-03-15,152.70249748550248,155.5128669232319,152.01532411461443,155.17808532714844,10554400
2022-03-16,154.57903582942265,155.89170678013417,152.024148094523,153.7509002685547,9603300
2022-03-17,154.35879159750021,155.79480106636356,153.46898005164397,155.7595672607422,7472100
2022-03-18,155.93573897521048,155.93573897521048,152.99322599711178,154.0327911376953,13809500
2022-03-21,153.87420828140046,156.07669031871737,153.5746739506174,154.90496826171875,7574900
2022-03-22,154.9049928554733,155.38072313619512,153.21348799540527,154.17376708984375,8442100
2022-03-23,154.3763835657531,154.64948921647925,153.37205218795214,153.59230041503906,5254200
2022-03-24,154.1737345083982,154.64946468858426,153.3544176861659,154.3851776123047,5012300
2022-03-25,154.7816473712477,156.55243829077645,154.36757962580958,155.86526489257812,4809500
2022-03-28,155.6273831063949,156.97530110472485,155.3630960031021,156.66696166992188,5604200
2022-03-29,157.36294158366235,158.05011494441231,155.75954155620715,156.58767700195312,5933400
2022-03-30,157.20434724300952,158.45535532517215,156.53478415475178,158.2174835205078,6277600
2022-03-31,158.21751046490465,158.76373519985512,155.9181184759168,156.13836669921875,11490400
2022-04-01,155.97978430524284,157.19554527778416,154.70234738159616,156.98411560058594,6525600
2022-04-04,156.9841198293535,156.9841198293535,154.63187050697252,155.46881103515625,6860600
2022-04-05,155.4688131949007,158.27036407523346,155.31022748764323,156.47314453125,7446100
2022-04-06,158.0412882693937,160.8692809007502,157.36292009052806,160.54330444335938,10330900
2022-04-07,160.04998632236956,161.1776562138428,158.78135433374084,160.1292724609375,7385200
2022-04-08,159.75043270662448,161.3890799207523,158.95753108779138,160.4464111328125,7144500
2022-04-11,161.22168465383572,162.27887334003827,158.22631446911458,158.437744140625,5932000
2022-04-12,157.87393870851045,159.29233793846535,156.9929457319642,158.49063110351562,5957500
2022-04-13,158.49062353393458,159.3187590431977,157.90917841377748,159.16018676757812,5643100
2022-04-14,158.57873577832464,159.81212056833502,158.3408639106491,158.49063110351562,6188200
2022-04-18,158.34084490756047,158.92230342859057,155.7066848272698,156.51719665527344,6318700
2022-04-19,159.21301653233044,163.81179992673526,158.53464832663542,161.2921600341797,14380800
2022-04-20,160.55216530192408,162.38463231104257,160.25261747252756,162.00579833984375,8044900
2022-04-21,162.0410384216189,162.86917400466555,160.8340822955839,161.53887939453125,6969200
2022-04-22,160.7547704247132,161.35383912507172,159.7944914205527,159.93544006347656,8003600
2022-04-25,160.64021703807953,164.4725409309177,160.42878737859013,163.8734588623047,11176500
2022-04-26,163.07179582608373,164.36685650151415,162.26127050518852,162.70176696777344,10190000
2022-04-27,162.31414207937942,162.82511959134874,160.11165975686612,160.42881774902344,11090100
2022-04-28,160.560945868562,162.54317976817387,160.27021661680618,161.626953125,9403900
2022-04-29,160.78118236924186,160.82523469682374,158.75489628642276,158.9839630126953,8463100
2022-05-02,158.99281889134852,159.820954520057,155.96220060879287,157.38059997558594,7145400
2022-05-03,157.52153483572036,159.1337534725202,156.53481363636618,157.0722198486328,5898700
2022-05-04,156.94889033359325,159.01922916525362,156.06789737422898,158.7549285888672,5923000
2022-05-05,158.06776408864096,158.32325958931105,154.41164847782088,155.7243194580078,7089200
2022-05-06,154.29705902598218,155.8211726140662,153.90061500447703,155.38067626953125,6434000
2022-05-09,154.5702151077673,157.31010380362827,153.8125606099216,156.2264862060547,7855200
2022-05-10,157.01936127855296,157.85630184751082,155.49524732094466,156.01502990722656,8186700
2022-05-11,155.01952907274338,157.09867302176016,154.94904802192585,155.16929626464844,6138900
2022-05-12,155.46882473745796,156.77269052079407,153.91828200708218,156.70220947265625,6898600
2022-05-13,157.43341755269586,157.60080834287368,154.87854369817794,155.8035888671875,7732200
2022-05-16,155.80355929201127,157.81222150708615,155.20447728524647,156.88717651367188,5516700
2022-05-17,157.45106463738946,158.31443398378158,155.57454531000027,157.53916931152344,5751100
2022-05-18,157.55675539653217,158.02368052368533,154.32351330499378,154.61424255371094,8608800
2022-05-19,153.92707203011474,153.99755307135362,152.13865761769057,153.23989868164062,6874500
2022-05-20,154.0416155820751,156.07670705187903,153.3368185659949,155.91812133789062,7522100
2022-05-23,157.46978637699775,159.53567869223838,157.34565533407425,159.10122680664062,7040800
2022-05-24,158.93276444432854,161.14053826028461,158.79977172679415,160.8390655517578,6419800
2022-05-25,160.0676616911054,160.97205265056783,158.76427909723145,159.26080322265625,6558900
2022-05-26,160.48441432856868,160.48441432856868,158.35644960553313,159.1189727783203,6897600
2022-05-27,159.38491181153665,160.62623547957958,158.02833232799247,160.5641632080078,5853600
2022-05-31,157.82443527691308,159.74847311716997,155.17333455537664,159.18101501464844,16391400
2022-06-01,158.84406167922262,159.44699344579394,155.96243612496352,157.56729125976562,5175400
2022-06-02,157.5939064711116,157.65596522362733,154.80093790547036,157.07077026367188,8666500
2022-06-03,156.99984094716962,158.4184793260513,156.18410730596025,156.4235076904297,4234200
2022-06-06,157.1240088169296,158.26778687000186,156.05115119955366,156.4058074951172,5386500
2022-06-07,156.92008034990144,158.97712490023144,156.40581921231893,158.1259307861328,5447800
2022-06-08,157.91311332959725,159.1100883433618,156.76046020098514,157.18605041503906,4333100
2022-06-09,157.12399585946795,158.40076653576816,153.95863388905434,154.0207061767578,5509600
2022-06-10,152.65523934375796,154.2512194773928,151.28092274175938,152.99217224121094,6647300
2022-06-13,150.80213288358212,152.72617068172065,150.80213288358212,151.4493865966797,7997000
2022-06-14,151.67105101744457,151.71538642912716,148.301762668588,149.12635803222656,7116800
2022-06-15,150.4120166950936,152.00799694766565,149.52536250247238,150.72235107421875,7796100
2022-06-16,149.31255327671855,150.91740865096008,148.43477432795913,150.80213928222656,7056700
2022-06-17,151.28980993423815,152.68184998803903,150.0573611418171,150.25242614746094,12486600
2022-06-21,151.3962060330825,154.15370116144442,150.34108536076033,153.40003967285156,8219700
2022-06-22,152.50448121638263,157.7534710393881,152.22962065329145,155.82057189941406,10593100
2022-06-23,156.93774667285194,159.4381172664329,156.51215657176394,159.29624938964844,10223500
2022-06-24,160.28934610781542,161.8409909666647,159.5800200379161,161.62818908691406,9374400
2022-06-27,161.0518268739777,162.5680111184199,160.92769585911375,161.4774169921875,5908600
2022-06-28,161.52176407982896,162.2310900143296,156.32597088881704,156.8845672607422,9245700
2022-06-29,157.13285122903676,158.09043934480965,156.43238686664077,156.92892456054688,7097900
2022-06-30,156.81366430539234,158.0815733331276,155.19108547568004,157.38998413085938,10777200
2022-07-01,157.33676915596087,159.3494777743972,156.66291690271612,159.17214965820312,5498400
2022-07-05,158.56035612268357,158.8263550615504,154.8186746959564,157.9485626220703,5676400
2022-07-06,157.88649693582497,159.10120868387406,157.30130200187108,158.09042358398438,5335600
2022-07-07,157.7003183360133,158.81749777010634,157.38998395079716,158.2677764892578,5725800
2022-07-08,158.1169977560918,159.58884653432213,157.62047371747562,158.07266235351562,3828300
2022-07-11,157.55843233705153,158.7288222540413,157.3988410916082,158.134765625,3645200
2022-07-12,157.80671616665543,158.22344473735964,155.34181848804363,155.91815185546875,4708800
2022-07-13,155.74964565177567,156.3437022111806,154.72112375970156,155.55458068847656,5291700
2022-07-14,152.97445483601552,156.06000780082454,152.77052814915623,155.7674102783203,5359600
2022-07-15,157.56730045556122,158.27661288690027,156.53877848914527,158.02835083007812,5691100
2022-07-18,157.59396194677444,157.99295373109825,154.19807388463232,154.48179626464844,7605700
2022-07-19,156.34367224963657,156.7160652365881,150.62475772337623,152.22959899902344,13256400
2022-07-20,152.6818236399988,152.99215796704271,150.5183856083946,151.3607177734375,7455800
2022-07-21,150.77555127763267,151.96366467327886,150.52728918090867,151.89273071289062,5729200
2022-07-22,152.14985048339835,152.93897209906797,151.67104968825117,152.61090087890625,4257000
2022-07-25,152.6108961046065,153.37341915549842,152.25623988388506,152.91236877441406,4437300
2022-07-26,153.00103131433875,155.14673264063669,152.9389725617537,153.99407958984375,4525500
2022-07-27,153.06309566317492,154.36647822185705,151.73311456486806,153.5684814453125,4648500
2022-07-28,153.74581318511324,156.1309148424457,152.0079787519889,154.45513916015625,5513000
2022-07-29,154.091593917827,155.0314585297953,153.3113475915977,154.73886108398438,6451400
2022-08-01,154.4285232128406,155.3063155300549,153.86992687195277,154.197998046875,5461400
2022-08-02,155.1733092728317,155.59891292733008,153.125140729148,153.32020568847656,5794200
2022-08-03,152.99219561386872,155.395021087496,152.30060637185073,154.80096435546875,5010000
2022-08-04,154.9959819206636,155.24424395567198,152.14983018743675,152.3182830810547,5651600
2022-08-05,151.88382896914422,152.08775559566402,150.54497280511583,151.71536254882812,5235500
2022-08-08,151.8838484712302,152.04343971353762,150.2346713210484,150.9085235595703,4629800
2022-08-09,151.2100194557224,151.72428057693043,150.49183163224484,150.8908233642578,5532500
2022-08-10,151.6356059900315,151.83067099755377,150.3144863534979,151.3252716064453,5603400
2022-08-11,149.41896058694252,150.68686952264798,148.05350562466276,148.19537353515625,9328700
2022-08-12,148.5500464374755,148.9047162534746,146.43094333048498,146.56394958496094,14606900
2022-08-15,147.18457815864474,147.84956872261452,146.41319343380545,147.26437377929688,10072000
2022-08-16,147.060445219617,149.17954791479917,146.82992003096848,148.57662963867188,7453600
2022-08-17,147.54808102204854,149.45438152474853,147.54808102204854,148.58546447753906,7406600
2022-08-18,148.67413918534143,149.2238738761851,147.1224946544556,147.86729431152344,8312100
2022-08-19,148.15993220448746,150.83761832765097,148.07126136681117,150.1194305419922,8128500
2022-08-22,150.76204630962997,150.7799023496544,149.21783254162617,149.5927276611328,5462600
2022-08-23,149.0661337556404,149.75344848540735,147.99500258442467,148.28956604003906,5566300
2022-08-24,148.6734006606321,148.7001779216738,147.34341796164858,147.79864501953125,5684300
2022-08-25,148.12885565508904,149.2803319615584,147.0130914310824,149.18214416503906,5678700
2022-08-26,149.47673599925963,149.5124344683468,146.56681363239886,146.62930297851562,5667100
2022-08-29,145.91524088382437,146.24550286612754,144.620956596777,145.49571228027344,5259200
2022-08-30,145.7634586975924,145.97767673777858,144.62983829431568,144.98687744140625,6973300
2022-08-31,145.7009664075963,145.9866086156253,143.95145555401405,144.01393127441406,8741700
2022-09-01,144.14783502477982,147.72720221135242,144.13890019293345,147.58438110351562,7509600
2022-09-02,148.048554561284,148.35203922422625,144.61199459154986,145.26361083984375,5803700
2022-09-06,146.33473502603985,148.3698882056145,145.33501448033186,145.65634155273438,7394600
2022-09-07,145.41534253903058,146.7631809989635,144.74588391492745,146.45077514648438,4590600
2022-09-08,146.2811746215019,147.65579031647835,145.56708270897354,147.62901306152344,5838400
2022-09-09,147.2719610309522,148.35201320676376,146.73638873836902,147.91464233398438,5500600
2022-09-12,148.27170135904805,148.68230865452128,147.47727764448052,147.8521728515625,6365300
2022-09-13,146.00449034788366,146.7810581048217,143.54087354076015,144.00503540039062,6726400
2022-09-14,144.94226380456792,147.60224233572492,144.94226380456792,146.9774169921875,9555700
2022-09-15,146.78996056909497,148.23600048167683,146.4775547116894,147.35231018066406,7174500
2022-09-16,147.56656165495792,149.6284923472577,147.05776648663846,149.60171508789062,20201500
2022-09-19,148.44130269982648,148.55733293899308,146.4597039797482,148.42344665527344,7380900
2022-09-20,147.47730331130907,148.08427271788656,146.67395824491575,147.254150390625,7143400
2022-09-21,147.298769812341,148.88761736821064,145.70992225647134,145.74562072753906,8071200
2022-09-22,145.6295857783379,149.2089672247484,145.34395713179043,148.33419799804688,7401100
2022-09-23,147.94143715733205,149.4945724739818,146.97741508828867,148.81619262695312,9598600
2022-09-26,147.99501307229318,148.92332318775365,146.72750617417756,147.90574645996094,8735500
2022-09-27,148.49481659378876,149.6641352189871,146.74529245078276,147.22731018066406,8686700
2022-09-28,148.3966547242214,149.405310029072,147.37015699675342,148.49484252929688,8660900
2022-09-29,148.60197909999494,149.21788329874687,146.29011826656375,146.86138916015625,7008100
2022-09-30,147.28088351900405,147.94142086956234,145.78130287903727,145.81700134277344,8985200
2022-10-03,146.64715296453386,146.72749835942275,144.33529220209087,145.67420959472656,8657000
2022-10-04,146.2544225322749,148.17353210850268,145.4242866253218,147.83433532714844,6236100
2022-10-05,147.29877283757648,148.20922688030947,146.5757596070999,147.3791046142578,4539400
2022-10-06,147.0934785919866,147.28093304510236,144.32639044627388,144.52276611328125,5890700
2022-10-07,144.39777508744353,144.7994475632189,142.0769795960303,142.99636840820312,6363500
2022-10-10,143.38018298359387,143.96037498373818,142.0858854722151,143.18380737304688,5315600
2022-10-11,143.14812048981727,146.4864928366943,143.14812048981727,145.2546844482422,6212200
2022-10-12,145.4421164926821,147.1737849402787,145.04936526289686,145.21896362304688,4341700
2022-10-13,143.61228941284912,148.16461432629248,143.48732432527325,147.41481018066406,6465100
2022-10-14,146.78104837394298,147.8878780009972,146.03125792590532,146.7989044189453,5684600
2022-10-17,147.63793965033292,149.25357793908847,147.28982170306978,148.7001495361328,6710800
2022-10-18,147.28090134674605,149.21786671791608,145.5403116003187,148.18243408203125,10883600
2022-10-19,148.17353048107296,148.39668338842395,146.29011939822348,147.00421142578125,10044600
2022-10-20,147.28091679158985,147.94145429137177,146.68286864267498,147.3791046142578,5659900
2022-10-21,147.02206751932096,151.181627362351,146.77212373244865,150.59251403808594,8487600
2022-10-24,151.57434438395322,153.6005761388198,151.07448416358443,152.6186981201172,6855500
2022-10-25,151.89569822428982,152.73475521850912,150.42289468859553,152.37771606445312,5661900
2022-10-26,152.92220535559304,154.03796970606226,152.20811344725865,153.7166290283203,6123800
2022-10-27,153.8416050333865,154.80561351501115,153.27925540229606,153.80589294433594,5390900
2022-10-28,154.42179370835618,156.55513470668788,154.05581971454157,156.09097290039062,6073900
2022-10-31,155.7785519298357,156.3498227051891,154.79667390024247,155.28761291503906,7810000
2022-11-01,155.36795521464308,155.87675030635518,152.11884990564263,154.5021209716797,6985000
2022-11-02,154.32359198561142,155.26083672570724,152.00279678348554,152.1277618408203,6877300
2022-11-03,151.57436268977065,153.05610110779338,150.79779501220852,152.3866424560547,4819900
2022-11-04,153.13644352122057,153.97550060228082,151.0655916970591,153.06503295898438,5300900
2022-11-07,153.2346420859011,155.18054258780217,153.0293452176851,154.40396118164062,6621000
2022-11-08,154.5378537205686,155.9303256648603,153.68986178767213,155.17160034179688,5148400
2022-11-09,155.55542202083012,156.20702465287692,153.832674609312,153.9308624267578,6150000
2022-11-10,155.62683871980266,156.00173395933743,153.5648944721032,155.73394775390625,7877500
2022-11-11,154.18079312608344,154.51998988213637,148.90546908319283,151.0745086669922,11074700
2022-11-14,151.96709900789025,154.6538545628597,151.96709900789025,153.44883728027344,6581500
2022-11-15,153.69878449174254,154.42179766574782,152.20812484233767,153.87730407714844,9351000
2022-11-16,154.99307626858172,156.19810736568343,154.53784925998676,154.83241271972656,5500900
2022-11-17,154.42180368031242,156.19810563168886,154.40394763502496,156.08206176757812,4464100
2022-11-18,156.20702132931075,157.67090372724715,155.8678245816837,157.2781524658203,6555700
2022-11-21,158.01481370147962,158.60774312368898,157.0625405914311,158.08668518066406,5706600
2022-11-22,158.47298257794264,159.18270488354148,158.4101035997725,158.85031127929688,4707900
2022-11-23,158.50893062387246,159.37136100727162,158.12262311466034,159.02099609375,5389200
2022-11-25,159.3534022830882,160.01818950970838,158.88624449902377,159.22763061523438,3058600
2022-11-28,158.7874137406887,159.70375795810608,158.61672069245495,159.3084716796875,6183100
2022-11-29,159.02100532796635,159.24559858578073,156.90983692936217,158.1945037841797,6700500
2022-11-30,158.446047955517,159.91937918607354,157.01763811837253,159.910400390625,13288000
2022-12-01,160.80875207712543,161.6711961086486,159.7037572279313,160.57518005371094,6282600
2022-12-02,159.4611689078297,160.77279920195105,158.97605363679241,160.700927734375,5823900
2022-12-05,160.23378428592605,161.1321571483257,159.91036950713888,160.61109924316406,5120600
2022-12-06,161.63525336222622,161.70712484045856,158.0507404933529,158.20347595214844,7943500
2022-12-07,158.62570313452107,159.80256939275756,158.3202459426993,159.1647186279297,5702600
2022-12-08,158.85030851532642,159.43424543825788,158.41907963787727,159.19168090820312,4798500
2022-12-09,159.11981125765698,159.8115622619437,157.80819443756775,157.88006591796875,4561000
2022-12-12,158.06870785979294,159.79358217023486,157.75428557193715,159.76663208007812,4882400
2022-12-13,160.89859969252265,161.88680170569737,160.18887739050558,160.99742126464844,9177500
2022-12-14,160.43142745644823,162.6414170220336,160.43142745644823,161.4915008544922,9533600
2022-12-15,160.98843484663666,161.56339300398565,158.47298776770347,159.4522247314453,7602400
2022-12-16,159.01199144354297,159.01199144354297,157.08947412921546,157.81715393066406,18841800
2022-12-19,157.52970521081343,158.26636391538221,156.37978890996197,157.646484375,5736000
2022-12-20,158.1136186105286,158.50890485034796,157.36796751415687,157.81715393066406,6174700
2022-12-21,158.35622915995407,160.0721113518075,157.7992285200271,159.6229248046875,5472000
2022-12-22,158.80541413876975,159.47020144876743,157.52073349848905,159.0389862060547,5709100
2022-12-23,158.71554217379745,159.47916463923445,157.9429409140679,159.44322204589844,3683400
2022-12-27,160.00921620026574,160.2248306560141,159.00304282294175,159.3983154296875,3067300
2022-12-28,159.69477553667332,160.3146550844075,158.69758098338002,158.70657348632812,2645400
2022-12-29,159.50614266409593,160.17992247227312,159.07492742512642,159.51512145996094,2828800
2022-12-30,159.45218380886635,159.70372708139402,157.57457434939025,158.69754028320312,4216600
2023-01-03,158.25738913289425,160.2517782663902,158.12262495960812,160.08108520507812,6344900
2023-01-04,160.7099110984366,161.87779849062463,160.34157495716292,161.8238983154297,9788800
2023-01-05,160.8267019498681,161.69812465956483,160.27869399539983,160.62905883789062,6255300
2023-01-06,161.82394705366616,162.5426345501617,161.15914604051397,161.93174743652344,5706000
2023-01-09,161.07826109660292,161.4915049473679,157.37695548719535,157.73631286621094,7925300
2023-01-10,157.84410884337242,158.23939509527338,156.60436361741637,157.35899353027344,5047500
2023-01-11,157.7273471871394,157.86209764792312,154.61897071358734,157.1074676513672,6494800
2023-01-12,156.5504512835907,156.95473004127825,155.238834570819,156.31687927246094,4269400
2023-01-13,155.58919360413327,156.3258522011857,154.86151380052823,155.80479431152344,6088000
2023-01-17,156.31689802877798,156.83795600051064,154.60100235243004,154.84356689453125,6053300
2023-01-18,154.20570625310043,154.52014225837095,152.46287430288285,152.50778198242188,7047800
2023-01-19,151.8519762517965,153.87331535748183,151.56450404052444,152.30116271972656,6939500
2023-01-20,152.81323359778148,152.82221239174393,150.45948731179328,151.59144592285156,8620600
2023-01-23,151.91487675130773,152.39101333515825,150.8817395970767,151.2051544189453,8425400
2023-01-24,151.84300526777204,153.6128011390971,149.13889381856703,151.2051544189453,10541800
2023-01-25,150.18101358348372,152.283203125,150.10016330298328,152.283203125,7099800
2023-01-26,152.31909504739704,152.6425097698876,151.5105513871308,151.72616577148438,6946100
2023-01-27,151.41176367147003,151.70822837566624,150.72002640309486,151.13327026367188,6058100
2023-01-30,150.86375210255983,151.4117601111123,144.70990606090112,145.53640747070312,23259100
2023-01-31,145.26690072791385,146.82108206591704,144.68296380387935,146.81210327148438,11612500
2023-02-01,146.4257996433147,149.11192576294613,145.89574922960222,148.15965270996094,9865300
2023-02-02,146.43479817038317,149.32756031064116,146.27309761117965,148.71665954589844,10099000
2023-02-03,149.15685243186374,149.43534583932845,147.23433496205172,147.88116455078125,6868500
2023-02-06,147.8272598883593,148.09677449350673,146.52462195624267,146.75819396972656,7021000
2023-02-07,145.17706814194926,147.22535728578453,145.01535388949765,146.79412841796875,7310800
2023-02-08,146.7043099150942,147.83625493143072,146.34495249937197,146.98280334472656,6054700
2023-02-09,147.0007877940243,148.0518826263914,144.7009549599816,144.99740600585938,7949500
2023-02-10,145.32978546206928,146.24611593505944,144.9524704952941,145.67115783691406,7028000
2023-02-13,144.93451706895723,146.27309776771637,144.7728028014966,146.210205078125,6414700
2023-02-14,146.2012139293844,146.40783586271226,145.32079859800282,145.5723419189453,6316000
2023-02-15,145.4915411392029,145.51849123932294,143.10186506924964,143.17373657226562,12621800
2023-02-16,142.90420534160836,143.42524963910114,141.87106812589826,142.15855407714844,11177000
2023-02-17,142.07708610835468,145.77785509364287,141.71514410318633,145.12637329101562,12401900
2023-02-21,144.45680792260137,145.0902030544556,142.86430433263143,142.96383666992188,9423900
2023-02-22,143.41628303709672,143.73298066742169,142.39381552853683,142.76480102539062,9820200
2023-02-23,142.70142619392175,143.49767100425788,141.76039077260268,142.71951293945312,9385100
2023-02-24,141.74227956339735,141.92325745851204,140.43932984262614,141.1269989013672,8689700
2023-02-27,141.56130806204166,141.9684806913781,140.32168962413377,140.81935119628906,7267100
2023-02-28,140.23122773031872,140.49363743110473,138.47584683176402,138.67491149902344,9062300
2023-03-01,138.44871370342452,138.65683556694998,137.45340409617444,138.05059814453125,6767000
2023-03-02,137.30863521364256,138.2225130871643,136.83811740832545,137.9420166015625,8762500
2023-03-03,138.77444397546526,139.45306975818156,138.2948828602132,139.3625946044922,5747200
2023-03-06,139.94166667073176,140.90983212666842,139.86023490285083,140.75601196289062,8148200
2023-03-07,141.2356026957204,141.3803795179494,138.75636519676735,139.42593383789062,7457700
2023-03-08,139.3264093881275,139.5254740782955,137.96915766789763,138.4034881591797,6230500
2023-03-09,138.8558551154356,138.98253134451667,136.36756119609913,136.8471221923828,7439400
2023-03-10,137.40815440385578,138.88303891403845,136.7204852209131,137.18194580078125,8504300
2023-03-13,137.61626700602835,141.0727412025742,137.14576303687386,138.49395751953125,10799600
2023-03-14,138.6930469090026,139.37167286157404,137.4443707381334,139.2721405029297,8421200
2023-03-15,138.29488508024764,140.14979834411767,138.01438862795706,139.66119384765625,7757700
2023-03-16,138.84682225047817,139.6792681597303,138.0777213701954,139.3716278076172,7605500
2023-03-17,139.77879048355268,140.20406368378985,137.8062584540908,137.87864685058594,20540700
2023-03-20,137.96010141453874,139.4078419703047,137.87866963252966,139.24496459960938,7129000
2023-03-21,139.34449693540174,139.4621298249774,137.68864833449797,139.24496459960938,8376800
2023-03-22,139.2087708861394,139.39877836874132,136.65713138064424,136.67523193359375,7943500
2023-03-23,136.79288082870255,137.254355286108,135.82471503835305,136.74765014648438,9051500
2023-03-24,137.06430081012752,138.2224876510996,136.47616401672065,138.12295532226562,5696200
2023-03-27,139.5254507198136,139.83309107795964,138.53918461516392,138.7111053466797,6772300
2023-03-28,137.88771192299342,138.8468341658168,137.29051791293006,137.37196350097656,6115300
2023-03-29,137.75200337316292,138.78351410688597,137.59818317152718,138.7201690673828,6012000
2023-03-30,138.96445352184827,139.1635181724841,138.26772724462285,138.82872009277344,4555700
2023-03-31,139.15447294078166,140.4212493541981,138.6568250781406,140.24932861328125,9890000
2023-04-03,140.20407011915253,142.0680265427647,139.29019245896978,141.9232635498047,6841900
2023-04-04,142.0318591280007,143.84152795673825,141.68801763240378,143.40721130371094,8314500
2023-04-05,148.72760986960373,149.89485385145582,147.27082609045064,149.849609375,16704200
2023-04-06,150.19346677353724,151.31545259137482,149.11671163028169,149.4333953857422,9615400
2023-04-10,148.9628847475228,149.152892230928,148.06709376286852,148.68238830566406,5354000
2023-04-11,148.77285035635677,149.55100838783142,148.42900891252427,148.6371307373047,5903800
2023-04-12,148.3385809038633,149.15292649028808,147.57852318230948,148.3204803466797,5764100
2023-04-13,148.5557402630033,150.5011429666361,148.2209558740429,150.3020782470703,5640600
2023-04-14,150.1753568816476,150.31107651030902,148.44711997441817,150.05772399902344,7225100
2023-04-17,149.9672604413296,150.41967764740818,149.2433901502684,149.90391540527344,8046400
2023-04-18,148.61904627874029,149.01717561330415,144.45680262588868,145.6873779296875,14571500
2023-04-19,146.57413960563056,147.1984637873795,145.83216871889735,147.062744140625,6752000
2023-04-20,146.9722343551338,148.22996733475048,145.64214058529396,148.01280212402344,9498800
2023-04-21,148.79096440283735,149.2705255092172,146.55602242857194,147.20750427246094,7014200
2023-04-24,147.20753986382414,148.2209501741476,146.46556888185162,148.1033172607422,5278900
2023-04-25,148.67333925526552,149.61437477060235,148.53761961684066,149.46054077148438,6263100
2023-04-26,148.4742573088123,148.74571036076068,146.8003221340362,147.14414978027344,5518200
2023-04-27,147.39751762949913,147.85899200786955,146.7008050851798,147.48800659179688,5739700
2023-04-28,147.31608162963673,148.17567152014564,147.08987303704612,148.1213836669922,6024900
2023-05-01,148.03091430664062,148.66429562934414,146.80033896252635,148.03091430664062,4893400
2023-05-02,148.7004759231456,149.7319865448465,147.99470622443852,149.32481384277344,7541700
2023-05-03,149.79533999585485,150.3653762881221,147.04463564561388,147.37037658691406,5937200
2023-05-04,147.19846884918314,147.39753354238727,145.90456215003513,146.70082092285156,5128000
2023-05-05,147.3432173565614,147.6056270411024,146.30266341122217,147.1984405517578,5194500
2023-05-08,146.5741229040828,147.09892848953103,145.98597228624823,146.86366271972656,4994900
2023-05-09,146.35696837285602,146.70080987279616,145.4883212491516,145.7235870361328,5520500
2023-05-10,145.85927632905427,146.55600255782394,144.82776585053315,146.26644897460938,6756600
2023-05-11,146.4293691919114,146.75511016506863,144.2215707968101,145.6693115234375,5867600
2023-05-12,146.00408419070348,146.18504831538482,144.7825521874183,145.47927856445312,3904200
2023-05-15,145.49739139967323,145.70549947028832,143.81439866539546,144.36634826660156,5104500
2023-05-16,143.92293230684228,144.999687263766,143.4433712631716,144.17628479003906,5599200
2023-05-17,144.58347557962978,144.82778472146603,142.75572012246317,143.859619140625,6840700
2023-05-18,143.56102494963775,143.80532028956742,142.5657016165571,143.3981475830078,5173000
2023-05-19,143.49767782293972,144.71015255160333,143.09050512232002,143.7872314453125,6527100
2023-05-22,144.04249563645504,145.08178903587907,142.93026765854617,143.01231384277344,5675900
2023-05-23,143.22201594705018,144.28865814883525,142.55649308859455,142.95762634277344,5793000
2023-05-24,143.2038037901044,143.2585012596014,142.14627301032263,142.82090759277344,5015100
2023-05-25,142.2647621793048,142.48355200917356,140.14058947895313,140.76963806152344,6886100
2023-05-26,141.02488153153624,141.5627583325052,140.57816250941042,140.7149200439453,6845400
2023-05-30,140.36848011194172,141.65392577949655,139.77590587924578,140.73313903808594,5593100
2023-05-31,141.0340144774044,141.93656426285997,140.25911064116883,141.36221313476562,11324600
2023-06-01,140.88816833496094,141.34399910516845,139.62095935021813,140.88816833496094,7901300
2023-06-02,141.05223200283126,143.41343134006178,140.47788095453578,143.1034698486328,7659700
2023-06-05,142.9028984421232,144.62593761810155,142.9028984421232,144.33421325683594,6430500
2023-06-06,145.48293840272098,145.51028713383093,143.49550917334733,144.20660400390625,5073600
2023-06-07,144.13367492086678,144.77183512762525,143.53197504984482,144.51657104492188,6504300
2023-06-08,144.49834034717793,146.24872866820138,143.8784172361456,146.1028594970703,5818400
2023-06-09,146.24870818816623,146.53132097337567,145.38263271098788,145.8749237060547,6264400
2023-06-12,145.86581464282693,146.09372997820637,144.70800084406204,145.77464294433594,6510600
2023-06-13,145.61966417932214,146.63160883869566,145.09089892470058,146.5404510498047,6066800
2023-06-14,147.32446862609297,147.76206214609067,146.75922917229678,147.28799438476562,6699100
2023-06-15,147.73472722695917,149.4304179251229,147.16948772033896,149.2663116455078,7138300
2023-06-16,149.95003750336042,150.41499364069662,149.39392358814118,149.7221221923828,13426600
2023-06-20,149.74947269025952,150.7067197898712,149.33922790781077,149.63096618652344,7995800
2023-06-21,149.1295749669805,150.35119791654694,148.31819686933125,149.403076171875,7177500
2023-06-22,149.42127561934973,151.08050579719267,149.3209923238664,150.9893341064453,5485900
2023-06-23,151.4360759880402,151.58194515091134,150.4514800049334,150.86172485351562,9450700
2023-06-26,150.40587476798592,150.40587476798592,147.07831664508979,149.17514038085938,6978800
2023-06-27,149.22072070422334,149.4030640999856,148.09026955124617,148.86517333984375,4927500
2023-06-28,148.78312086298803,148.78312086298803,147.60708391083043,148.5643310546875,6780400
2023-06-29,148.27260596264864,149.80420431134198,147.89882145906205,149.6036376953125,4547500
2023-06-30,150.29649351855736,151.28108946420937,149.83155122929745,150.898193359375,7580000
2023-07-03,149.8224118655954,149.86799771190147,148.56432875480115,148.9198760986328,4033700
2023-07-05,148.5916880633296,149.4395264394481,148.35464720999462,148.42758178710938,7224600
2023-07-06,147.91705245624004,148.02644736559915,146.77747578092232,147.32447814941406,6332500
2023-07-07,146.2942650633772,146.81390468243166,145.13645151409276,145.18203735351562,7022200
2023-07-10,145.3461785737385,146.13933349613038,144.9541708266981,145.4191131591797,5739200
2023-07-11,145.07266719809547,146.1393092503645,143.67782652121693,144.61683654785156,6606700
2023-07-12,144.8994620831422,144.8994620831422,143.9331032452763,144.1154327392578,6940400
2023-07-13,144.04251649632602,145.07269843919596,143.50463955181095,144.7809600830078,6401700
2023-07-14,145.11826581440238,146.07551313807377,144.93593630295305,145.747314453125,5362200
2023-07-17,145.6378672344403,145.7472621198596,144.17920384490603,145.0179443359375,5486800
2023-07-18,145.0179756139728,146.67719201436032,144.21570918560852,145.00885009765625,6332500
2023-07-19,143.96046713214417,146.23962082401835,143.43170180632737,144.71714782714844,7522600
2023-07-20,147.6344377593021,154.19839654216696,147.05097506551073,153.5055389404297,21892900
2023-07-21,153.3232216804875,155.73002135232747,153.3232216804875,155.15567016601562,12080000
2023-07-24,156.34990655909405,158.46496736584632,155.88496432300397,155.96701049804688,15155400
2023-07-25,155.39267540218756,157.42567633173857,154.75451523493481,157.1613006591797,13790100
2023-07-26,156.80576088191418,158.49234003713482,156.25875847728884,157.462158203125,14288200
2023-07-27,156.96984848860737,158.8934545416139,156.84221645285166,158.34646606445312,12446400
2023-07-28,158.62908732097617,159.86894741049363,157.927104131472,159.06668090820312,14138800
2023-07-31,154.69985951375048,155.1830390500817,151.98311183404522,152.7306671142578,22632700
2023-08-01,151.67309893543032,154.1528189952981,151.3904861341183,153.97048950195312,15810300
2023-08-02,153.9340317741448,156.1129019470057,153.9340317741448,154.900390625,14595600
2023-08-03,154.9368389131692,156.18582438385852,154.6815748558417,155.56588745117188,17424800
2023-08-04,155.29240138580778,157.42568574859604,153.0588337113919,154.10723876953125,23415100
2023-08-07,154.5174955427848,158.02738358284265,154.39897510942902,157.80859375,17736400
2023-08-08,157.70831152102463,158.21883968229002,156.24964770811,157.8815155029297,27378700
2023-08-09,157.71742702284084,158.85700380768796,156.8513514485269,157.78125,42974400
2023-08-10,158.6290502992334,160.42502399307514,156.47752929046513,156.96070861816406,48213800
2023-08-11,157.24333937091743,158.5834826138928,156.45931008530494,158.49232482910156,45905600
2023-08-14,158.19148010895753,160.08773737141834,156.57783563704916,158.11854553222656,64036900
2023-08-15,157.5350724446197,159.1395912943878,156.93337265938894,157.66270446777344,88958100
2023-08-16,157.28893269263023,159.29458489435956,156.92427371444248,157.1613006591797,85832700
2023-08-17,157.58977862483303,159.89628068512874,157.49860692716723,158.63818359375,70904200
2023-08-18,157.87239496720085,158.61996395451908,156.17670429271013,157.25247192382812,49631700
2023-08-21,154.6998279545972,154.8456971198061,151.2993347669038,152.56654357910156,151319500
2023-08-22,152.11981135002787,153.01323556584816,150.79790519266308,151.35401916503906,56834800
2023-08-23,151.24465370178683,151.7916562254988,149.02932269354258,149.9956817626953,119011400
2023-08-24,149.5398209344699,151.94660651596786,149.38484016307166,150.5061798095703,70755100
2023-08-25,150.87346439519408,154.06907609173734,150.65307206680117,152.6641082763672,18185500
2023-08-28,151.5163042615109,152.62742999130953,149.8358490237339,150.86431884765625,18458000
2023-08-29,151.39689472703463,152.14069965661207,149.46851417106492,150.88265991210938,12208600
2023-08-30,151.61728336549663,152.2784464004388,150.30413505570814,150.3500518798828,9939100
2023-08-31,150.01947126145268,150.203138559252,148.10026850133863,148.4675750732422,15333000
2023-09-01,148.22884759686147,149.2022227569912,146.9340686332099,147.36566162109375,8610100
2023-09-05,147.43911197339338,148.73389081607974,147.181994559337,147.54930114746094,9019800
2023-09-06,146.77795873845986,146.92488698829195,144.491449152288,145.09750366210938,9753800
2023-09-07,146.13513886059798,147.89823550573448,145.98821063720828,146.95240783691406,9931800
2023-09-08,146.54838421002424,147.5493066097874,146.1810776083025,147.43911743164062,6957000
2023-09-11,147.89828376255068,149.39508575154142,147.3381319884748,149.36753845214844,6309300
2023-09-12,148.96344887591985,150.53370052664096,148.32983315263527,150.21231079101562,6045800
2023-09-13,150.37760681156865,151.4703628279419,149.67971868894077,150.5888214111328,7397500
2023-09-14,151.22242482293447,151.76422096267086,150.0837659794882,150.3592529296875,7758400
2023-09-15,150.57961112989219,151.35097728959616,148.03598459384918,148.25636291503906,13392100
2023-09-18,148.87163514995234,149.8174629756042,147.6135953067132,149.1930389404297,5789000
2023-09-19,148.99101570573453,149.54198962741364,148.19211612996384,148.94509887695312,5550800
2023-09-20,148.93591334921862,150.17558359057688,148.44922581558308,149.59707641601562,3837400
2023-09-21,149.28487265486805,150.13886682303638,148.38494764592963,148.44923400878906,4526700
2023-09-22,148.11867580490443,148.21049546537125,147.15447829297028,147.38404846191406,4976700
2023-09-25,146.98917372012403,147.25546891324356,145.75866713951035,147.16363525390625,6722500
2023-09-26,146.75039878060247,146.99833842931923,145.878035141752,146.02496337890625,4904800
2023-09-27,145.6209306523467,145.78621442492346,142.57223251422707,144.27105712890625,10211600
2023-09-28,144.6291896988004,145.05160492599163,143.45379169076762,144.0598602294922,7861900
2023-09-29,144.5097807714085,144.72099535004872,142.65486446853254,143.0221710205078,7680700
2023-10-02,142.7191463106435,142.7191463106435,140.79076576663044,142.47120666503906,7259700
2023-10-03,142.03962241913092,142.79261916226554,141.31418698216945,142.64569091796875,5740800
2023-10-04,142.8569062079266,143.18747374140506,141.9386256944456,142.8109893798828,4955200
2023-10-05,143.49969968069647,145.125046100072,143.31604638047787,144.29859924316406,5993300
2023-10-06,144.24350137240324,145.3638046936503,143.7935388870341,144.7577362060547,5802200
2023-10-09,144.33532071221342,145.89640875490514,144.25267883094574,145.5841827392578,4414100
2023-10-10,145.4372843300401,146.2545534946776,144.99649955830202,145.41891479492188,5273500
2023-10-11,145.51074582083297,146.05252799627516,143.28849450285895,143.41705322265625,6922900
2023-10-12,143.17825028195332,143.76594906252984,142.39772050172743,143.55474853515625,5792400
2023-10-13,143.9220844206417,144.5006055614652,143.29766046889645,144.03228759765625,5359800
2023-10-16,144.92301692165333,145.31787076106806,144.02309205684665,144.65670776367188,6408100
2023-10-17,143.23338494931127,145.9606790882852,141.97534517899635,143.3343963623047,12244400
2023-10-18,142.70997670167318,143.20584200935713,139.62455364317165,140.2489776611328,9097300
2023-10-19,139.27562199851045,140.59794835261792,137.8798315123025,139.8725128173828,7733800
2023-10-20,140.25815460393417,141.29580193722705,139.8816562736988,140.4969024658203,7207000
2023-10-23,140.36836719876788,140.95606619768492,138.85320987695275,139.01849365234375,5874000
2023-10-24,138.43078081151978,139.54190634510397,137.86145140407967,138.87155151367188,6155300
2023-10-25,138.88075784605599,139.73475204674793,137.95328550681265,139.1837921142578,5880800
2023-10-26,139.5511012130742,139.5511012130742,136.71361757661123,136.8238067626953,7612500
2023-10-27,136.3554749520692,136.51158095388752,133.10475417208087,133.70164489746094,11385800
2023-10-30,134.15161498415048,135.20764612450088,134.0689730896106,135.01480102539062,8205300
2023-10-31,135.48308527334532,136.4013656816316,134.65663851062646,136.21771240234375,7576900
2023-11-01,136.99826376413353,137.52167633900675,136.32792295314408,136.53912353515625,5733000
2023-11-02,135.63921490196643,138.10937760565747,135.4830948910497,137.96246337890625,5349100
2023-11-03,138.85318251705314,139.8265574786029,137.87979354365675,138.97254943847656,4926800
2023-11-06,139.37662574914643,139.97350252328096,139.00012734732016,139.30316162109375,4851400
2023-11-07,139.51433968948862,139.80819615421873,138.36648914635052,138.56851196289062,4840400
2023-11-08,138.9817416874753,139.42251234836513,138.0542695322914,138.06346130371094,5460000
2023-11-09,138.20121516559286,138.20121516559286,135.22598130314455,135.37290954589844,6973600
2023-11-10,136.13510805398784,136.36467821934025,133.73839496723448,135.21682739257812,6930700
2023-11-13,135.21679906005946,135.81367576016942,134.66582517392104,135.5657501220703,5889300
2023-11-14,135.57492270433232,136.40136949012657,134.95967649502373,135.59329223632812,6713600
2023-11-15,135.30861772971255,137.20945080391004,135.23515361890517,136.64012145996094,6729100
2023-11-16,137.28296457419643,137.89821096143453,136.49324261215844,137.8339385986328,6875600
2023-11-17,138.24712697534247,138.46750531962635,136.88807580881598,137.54922485351562,7023300
2023-11-20,136.9105722267492,139.21539258633808,136.5680779325802,138.7618408203125,8851700
2023-11-21,138.93768406598764,140.0391767808315,138.4841182723069,139.88182067871094,5916300
2023-11-22,140.35391793452237,140.73341722134361,139.20612644457017,139.60415649414062,4633500
2023-11-24,139.6411556442879,141.32580229848259,139.6411556442879,141.15919494628906,3351400
2023-11-27,140.96482318210585,140.99260520166254,139.7429934079363,140.02993774414062,6449700
2023-11-28,140.1410063271629,140.5205197229502,139.62265345684682,140.35391235351562,5909000
2023-11-29,140.07620905170748,140.8815061932827,139.83554927207896,140.79820251464844,5190000
2023-11-30,140.93705410495645,143.60288504305794,140.62234187589075,143.15858459472656,12481900
2023-12-01,144.80621142491063,146.67599639801404,143.90834515250268,146.60194396972656,10342900
2023-12-04,146.2501805546485,148.1199652987534,146.2501805546485,147.0647430419922,8920300
2023-12-05,146.99070113262064,147.7589791473781,146.4538316479447,146.75929260253906,7268200
2023-12-06,146.73153755369032,146.86112577691787,144.55629153088088,144.9728240966797,6642900
2023-12-07,144.93577660672625,144.93577660672625,143.20484550830417,143.84352111816406,6532400
2023-12-08,143.8620507298547,144.2600807390312,142.39954715084056,142.93641662597656,6254700
2023-12-11,143.01050141448366,143.91761908684234,142.8716619171028,143.5288543701172,6090400
2023-12-12,143.4732847712825,143.76949446132465,142.22367309300722,143.5380859375,5324400
2023-12-13,142.23293779930884,144.34338239666374,140.4834899324474,144.20452880859375,10764600
2023-12-14,144.83397562487772,145.47266544401293,143.51957683543625,145.2042236328125,9240700
2023-12-15,143.92687518315847,145.03763346271504,142.3255177550395,143.6214141845703,21727800
2023-12-18,143.66767756575695,144.80620357534028,143.25113091371276,143.8805694580078,7231400
2023-12-19,143.75096816309693,144.86172617798948,143.41773934622373,144.82470703125,6651500
2023-12-20,144.89877728752518,145.00986300035663,141.72385863323967,141.87196350097656,7008300
2023-12-21,142.26072163825546,143.59363713842538,141.89972486729752,143.3251953125,4598600
2023-12-22,143.70468900035306,144.8894994770016,143.49179711953238,143.89907836914062,3798900
2023-12-26,143.4733114357559,144.72292334627116,143.33447194527997,144.52853393554688,4170000
2023-12-27,143.93612091440693,144.88027177160404,143.86206848207215,144.72291564941406,5288100
2023-12-28,144.39890633327445,145.5466975964805,144.38965507778437,144.93577575683594,4377500
2023-12-29,144.8709868115546,145.23198354286433,144.38040187218635,145.08389282226562,4313700
2024-01-02,145.25976415261727,149.6195073269326,145.13017593321388,148.07369995117188,9622100
2024-01-03,148.69386765226102,149.434377788911,147.9163383646038,148.99932861328125,8232000
2024-01-04,149.57321695176958,149.9342137005842,148.49022670532577,148.6846160888672,6766600
2024-01-05,148.56427640405857,149.3418056758391,147.61087438945853,149.14743041992188,5602500
2024-01-08,149.1196690267337,149.63802189718376,147.74046904181336,149.51768493652344,6569800
2024-01-09,149.61024475097656,151.13753537297228,148.65684275376978,149.61024475097656,6357000
2024-01-10,149.78612705202778,150.52662308326083,149.2122242665488,149.8323974609375,4945100
2024-01-11,150.017519842074,150.1378426662853,148.8234439875754,149.16592407226562,4946000
2024-01-12,149.80461912409598,150.3877731258979,149.66577965893146,150.313720703125,4496900
2024-01-16,149.5546974901169,150.18412185300556,148.2680526251653,148.58277893066406,6923200
2024-01-17,148.3328738322646,149.3047925230595,147.98112833249627,148.49948120117188,5072100
2024-01-18,148.10147297804963,149.36958732072588,147.81452863400378,149.22149658203125,5368500
2024-01-19,149.16593968185595,149.87868194192987,148.3606424799382,149.65652465820312,7071300
2024-01-22,149.95275288388012,151.41525673652345,149.3418308712459,150.38780212402344,6824200
2024-01-23,147.78675866518427,148.57353925491208,145.24126463407202,147.92559814453125,9149800
2024-01-24,147.8700539605896,148.65684862972066,146.39829906681166,147.13880920410156,7247900
2024-01-25,147.17583048322814,147.74971913899932,146.6852455115419,147.69418334960938,5478900
2024-01-26,148.49947430491213,148.78643274479793,147.50905314627101,147.63864135742188,5591900
2024-01-29,147.1850708822974,148.1662548773445,147.13880047725667,147.50904846191406,6483200
2024-01-30,147.49982121212662,147.87932051474672,146.37054631385402,146.96295166015625,7200500
2024-01-31,148.47171849757993,148.67535914940214,146.8703753028479,147.08326721191406,8256800
2024-02-01,146.3982958006264,146.7037567550957,145.37084136252275,146.5834197998047,8012000
2024-02-02,146.22244038779462,146.53715263610195,144.34340403152896,144.9635772705078,8295900
2024-02-05,144.96356756833103,145.2227440053623,143.78800822061726,144.21380615234375,9121600
2024-02-06,144.2415950750863,146.9259289031153,144.0287031402158,146.30575561523438,9229900
2024-02-07,146.0650820738333,147.51832044808756,145.96326174513595,146.231689453125,8690300
2024-02-08,145.63929403857364,145.63929403857364,143.76025758250904,144.76919555664062,9755000
2024-02-09,144.64883483612698,145.50966771051117,144.09344876461464,145.10238647460938,6529200
2024-02-12,144.9357992979085,146.62971151529834,144.7229073946248,146.11135864257812,6701500
2024-02-13,145.91694394812478,146.66670523214572,144.16749624405793,144.83395385742188,8621000
2024-02-14,144.72288622456867,144.8247065328199,143.32516980002407,144.1582489013672,9098800
2024-02-15,144.3803998273031,146.69448502704086,144.2970961498858,146.17613220214844,7462500
2024-02-16,146.05489095627058,146.67043712818858,145.1875078005998,146.0082550048828,8541000
2024-02-20,146.01760817884897,147.9295687501628,145.9056932562756,147.23007202148438,9501700
2024-02-21,147.37926585475066,148.00414774054616,146.54919717286782,147.99481201171875,7472500
2024-02-22,148.27464570643298,149.91614043187724,147.14613231398707,149.64566040039062,8065000
2024-02-23,150.04671454443027,151.32445733431663,149.3751965536571,150.9420623779297,6726000
2024-02-26,150.90473589905224,151.1005869773707,149.75756546073112,149.96273803710938,5465400
2024-02-27,149.5430503878831,150.19591106702242,148.89018970874383,150.13995361328125,5078600
2024-02-28,150.15861801372034,150.7275425394217,149.49642157313178,150.6715850830078,6071100
2024-02-29,151.09126170079992,151.2684697785672,150.10264214198696,150.5130157470703,9849100
2024-03-01,150.93272026836178,151.622895395551,150.24254514117254,151.20318603515625,5670100
2024-03-04,150.45708688067094,150.72755268196988,147.61246406074784,149.0767364501953,8532900
2024-03-05,149.80419224344263,150.38245246246427,148.47981367817857,149.19796752929688,8298200
2024-03-06,148.72232648452152,150.09332687929597,148.4984824245092,148.6103973388672,5773700
2024-03-07,149.2259557129169,149.56171468252282,147.58447532334145,148.1720428466797,5188700
2024-03-08,148.17205077860737,149.58970141853248,147.76167710142138,148.77828979492188,5284000
2024-03-11,148.75031513610114,150.45708885039946,148.18139056466836,150.37313842773438,4620800
2024-03-12,150.69954166943862,152.12651352351693,150.27984657670274,151.78143310546875,8018700
2024-03-13,151.58559225787909,151.725485900926,149.04874983445467,150.25189208984375,6260000
2024-03-14,150.10266800200793,150.662256825197,148.00417789463094,148.48916625976562,6988300
2024-03-15,147.41658850536396,148.47050137004607,146.52124074193347,147.52850341796875,13165500
2024-03-18,147.89224730530185,148.00416221182158,145.96162978006453,146.20411682128906,6602300
2024-03-19,146.1201787329609,146.29738682016622,145.17819507570042,145.691162109375,7840600
2024-03-20,145.2154964044674,145.90567153059519,144.7585010511421,145.27145385742188,5982300
2024-03-21,145.11288613378164,146.38130710143326,144.65589083356252,145.26211547851562,5915800
2024-03-22,145.2061915518567,145.8310735669744,144.66524572579283,144.77716064453125,7248600
2024-03-25,144.93567934767617,145.47662505365093,144.4693483147283,144.76780700683594,7498100
2024-03-26,145.1315628715314,145.70980887099935,144.33879432343232,145.28079223632812,6864100
2024-03-27,145.48597291984245,147.56580551554248,144.9730058945456,147.3233184814453,8461600
2024-03-28,147.54717855574717,148.42388342768456,147.46324236110578,147.53785705566406,6181500
2024-04-01,147.0994990819811,147.50053703992424,146.21347274331598,147.15545654296875,4364700
2024-04-02,146.02693304737934,147.20208234087585,145.44867278407153,147.1088104248047,6102300
2024-04-03,147.16476349579548,147.4072647778344,143.86314554220485,143.87246704101562,8098200
2024-04-04,144.85176609157293,145.02897418913292,142.14705136513,142.23098754882812,6947400
2024-04-05,141.7926285008757,142.70663344228936,141.4009120974127,142.12838745117188,6783000
2024-04-08,141.75532131308424,142.73460515799334,141.35426919959556,141.3822479248047,5935400
2024-04-09,141.34494960080787,142.25895450960823,140.77602512841997,142.0351104736328,6135300
2024-04-10,141.32631904799072,141.59679908809133,139.6755027704135,140.08587646484375,6809500
2024-04-11,140.64547326031825,140.7107522189894,138.3977537725399,138.77081298828125,8374400
2024-04-12,138.0899349346088,139.0319326728114,137.24120908993083,137.5863037109375,7100200
2024-04-15,138.37907136960317,139.42366259999005,137.44640926861499,137.65159606933594,8502300
2024-04-16,135.24535685546354,136.40186324659925,133.7344484627472,134.7230682373047,12774900
2024-04-17,135.23599265444847,135.61838749746448,133.874299845952,135.021484375,9378100
2024-04-18,135.21734568282452,135.9821354268504,133.49192935689524,135.92617797851562,9887700
2024-04-19,136.30856353942588,138.155244788895,134.80697695263436,137.95005798339844,9750800
2024-04-22,138.50964305583003,140.15113745639897,137.3811298867331,139.0785675048828,10118700
2024-04-23,139.7687541355194,140.35633585987125,138.22053150927846,139.48895263671875,10110400
2024-04-24,138.1645521734779,138.95732058930633,136.9707459168774,138.52828979492188,9756300
2024-04-25,139.31174891584752,139.50761424053977,136.47646207626948,136.9334716796875,7642700
2024-04-26,136.82152861661461,137.26920244440964,136.12203203449357,136.2992401123047,6183000
2024-04-29,136.2992539804279,137.3065308689255,136.15936034228758,136.9334716796875,6149600
2024-04-30,136.9894113175234,136.9894113175234,134.79764972975633,134.85360717773438,8817700
2024-05-01,138.72419390027466,141.62477418645875,137.67960245998168,140.9998779296875,14470900
2024-05-02,141.80196169863976,142.07244171965564,139.0972468762597,139.82472229003906,8459800
2024-05-03,139.79673661066192,139.79673661066192,137.8661332566331,139.21849060058594,6532700
2024-05-06,139.77809453753338,139.94598115203684,137.9500843965679,138.57496643066406,5042800
2024-05-07,139.3210657580507,139.64748894655654,138.4536826252852,138.70550537109375,7333500
2024-05-08,139.07861010157274,139.64753472487448,138.6868936081795,138.92005920410156,7735100
2024-05-09,138.94800417769636,139.99259547091177,138.8640679990696,139.75942993164062,6546200
2024-05-10,139.89932008767468,139.98325626421652,139.14386603620838,139.8153839111328,5710600
2024-05-13,139.93663682080765,141.76466108072427,139.6288708038443,141.0371856689453,5628500
2024-05-14,141.62476902405106,141.96052800488903,140.55219889270634,141.18641662597656,8254200
2024-05-15,141.59678726547045,142.6506859131193,141.11179891879263,142.38954162597656,5548000
2024-05-16,142.69733714941526,143.98441572477824,142.07245509318338,143.89114379882812,7591000
2024-05-17,144.43206975834843,144.43206975834843,143.35951391420488,144.2268829345703,6521800
2024-05-20,143.94481312545295,144.21746516801264,142.2148319701704,142.2242431640625,7742300
2024-05-21,142.70374729415454,143.46530802574028,141.77294287425374,142.196044921875,5492400
2024-05-22,141.81995355791082,144.86621078227856,141.33105923571543,144.32089233398438,6609800
2024-05-23,143.61573982856947,143.70035449729633,140.4472662313613,140.7481231689453,8000400
2024-05-24,140.58830969594845,140.8515649318184,137.98394788430534,138.181396484375,9520600
2024-05-28,138.01213571482793,138.01213571482793,135.53000497897455,135.7462615966797,10499800
2024-05-29,135.2197683382552,136.72408192711165,135.11634561338164,135.8026885986328,8263800
2024-05-30,135.97190147015198,136.90270588113495,135.40778932261634,136.59243774414062,8490300
2024-05-31,136.86512483521477,138.66089860798118,136.5078437119935,137.8993377685547,14621200
2024-06-03,138.4446459148245,139.9959723716014,137.9933532931622,138.9053497314453,7329200
2024-06-04,138.6609053841227,139.44127430667913,137.4480518299019,138.96177673339844,8876400
2024-06-05,139.12159842627557,139.14040647072486,137.1283761046841,137.24119567871094,5891300
2024-06-06,136.79927746371035,138.20957929323313,136.0095118822973,137.6642608642578,5016300
2024-06-07,137.90873139720793,139.43186738682493,137.58906637144105,138.28482055664062,5111600
2024-06-10,137.76770632224444,138.73611259072584,136.89332592979082,138.3318328857422,5749900
2024-06-11,138.03096069162453,138.36003690931818,136.74288940688282,137.98394775390625,5661200
2024-06-12,138.26598689404835,138.40702568257927,136.12232929463147,136.71466064453125,6180500
2024-06-13,136.39500682801622,137.269387133793,135.27616500733436,136.7522735595703,6840400
2024-06-14,136.46079356678825,137.2411622384426,135.8402573681719,136.8368682861328,4075300
2024-06-17,136.3479860773623,137.6736589053948,136.08473088127553,137.2223663330078,6666600
2024-06-18,137.2317973496265,137.63607704975226,136.57364491800942,136.94032287597656,6156600
2024-06-20,136.58303228259436,139.22499535805204,136.3385707890465,138.94293212890625,8749700
2024-06-21,139.0463762212983,140.1652181163211,138.5574675053358,139.85494995117188,15172300
2024-06-24,140.09000025376744,140.76694636914337,139.3096314166998,140.20281982421875,6914700
2024-06-25,140.25922074474272,140.2780287874072,138.15317904897665,138.3882293701172,5912500
2024-06-26,137.45744013943937,138.3882446788026,137.06255727780078,138.04037475585938,5267800
2024-06-27,138.02156121440618,138.54807167562268,136.17876025381432,137.08135986328125,5739200
2024-06-28,137.3069964067593,138.27541697871374,136.94031846061495,137.41983032226562,10495700
2024-07-01,137.3352202956774,139.80794013055018,136.91211820428637,137.68309020996094,5144400
2024-07-02,137.67368223821228,138.3506283846871,137.02495533198066,137.297607421875,5492000
2024-07-03,137.4574179984809,137.88050568592092,136.0847322262238,136.97792053222656,3246200
2024-07-05,137.0531377658674,137.78649357997833,135.85907818285818,137.72067260742188,4888500
2024-07-08,137.6454552173524,138.41642711714266,136.56422953444226,136.7804718017578,5260200
2024-07-09,136.9591246424828,138.33182488286783,136.4984208307348,138.25660705566406,5890400
2024-07-10,138.45407286253885,140.53192456702376,137.90875425074492,140.4943084716797,6093200
2024-07-11,140.63530361064286,141.57550485338308,139.75151214705386,140.7481231689453,6350400
2024-07-12,141.03019322097674,141.8575749453664,140.3156454066704,140.91737365722656,5336400
2024-07-15,141.1054089376664,141.2652414327025,139.9677590836255,140.31564331054688,6711400
2024-07-16,140.7387390705312,142.04561834247528,140.24043351444467,141.97979736328125,6469600
2024-07-17,142.48750921207176,148.0723072031384,142.3652784528217,147.2167205810547,13801400
2024-07-18,146.29531179055414,147.67740869595008,145.37390428940236,146.12606811523438,10166200
2024-07-19,147.1509174056219,147.1509174056219,144.9038366112367,145.43975830078125,7398000
2024-07-22,145.51495285838257,145.83461784329194,144.40550791277647,145.0166473388672,6840600
2024-07-23,144.14223963375454,144.3208801521572,142.50629877329098,143.23965454101562,6261900
2024-07-24,143.62513427046403,147.05687735678046,143.22085462909735,146.9346466064453,7168200
2024-07-25,147.1226951943851,150.97752625734688,146.6714025880107,150.09373474121094,10019600
2024-07-26,150.19715696766903,151.91772706012625,149.93390175261544,151.033935546875,8356900
2024-07-29,150.40401070735362,150.4322156000719,148.59882584171282,149.0783233642578,5625000
2024-07-30,149.05949355345047,151.88950837781874,148.890264221853,151.6826629638672,6545700
2024-07-31,150.29116901984605,150.76126962441694,148.30734389470362,148.4107666015625,8293200
2024-08-01,149.00310117138523,151.19377196846818,148.27915648437087,151.14675903320312,7213400
2024-08-02,152.21857479806067,154.99217992912875,151.3723994218133,154.3246307373047,11280400
2024-08-05,153.9955572682671,155.86656293069092,150.97751927318905,151.60745239257812,12032200
2024-08-06,151.4194111762982,151.8236908195342,149.43558600432112,149.4637908935547,7607100
2024-08-07,149.3697901011499,151.01514253213725,148.7304600427783,149.3979949951172,5993000
2024-08-08,149.08774204082567,151.09036125598882,148.58002525375042,150.63906860351562,5094800
2024-08-09,150.54502083098947,151.30658155451,149.81166499750063,151.01512145996094,4579200
2024-08-12,151.34419764192646,152.03054054326591,149.219347963611,150.3193817138672,7605400
2024-08-13,150.68607063369268,150.78008215855402,147.085097831194,148.91848754882812,9711400
2024-08-14,148.39195723344608,150.00910444641553,147.9876632570378,149.00308227539062,5141200
2024-08-15,148.89968351756085,149.96211563609174,148.40137794873385,149.57662963867188,7237800
2024-08-16,149.62363802365533,150.3758019516,148.721038440855,149.8586883544922,5012800
2024-08-19,149.92450283067186,150.70485727043015,149.61423468586446,150.08433532714844,4408400
2024-08-20,150.43222119603524,151.3066015954966,150.12195301825827,150.58265686035156,7275100
2024-08-21,150.80829660082586,151.82371581943409,150.72368191919216,151.77670288085938,5019400
2024-08-22,152.31258645628617,152.77329018493805,151.1749367512332,152.64166259765625,6552100
2024-08-23,152.78269873891176,154.39984599019326,152.03053489123837,154.3152313232422,7093400
2024-08-26,154.35284964934402,155.80076772234304,153.76051822435954,154.76654052734375,6870600
2024-08-27,154.88967558193858,155.40123145292043,153.62024684764583,154.36863708496094,4388700
2024-08-28,154.4160031671855,156.31067805267242,154.14128166908765,155.2875518798828,5187000
2024-08-29,155.96018147636997,156.04543838442643,154.75705877130923,155.58123779296875,7390100
2024-08-30,155.47703939012942,157.23908787151527,155.18336705243584,157.1254119873047,7971000
2024-09-03,156.53804740160572,158.97269716186992,156.09279763811378,158.35693359375,6956500
2024-09-04,158.9727162543186,159.9579554279036,157.2959246979835,158.54641723632812,6939100
2024-09-05,158.39484705741881,158.55589271807435,156.14966152532847,156.30123901367188,4600400
2024-09-06,156.4812013314259,157.20118708286037,155.47702589413367,155.7233428955078,6016900
2024-09-09,156.15913059790427,158.5937952320723,155.8086203024112,157.83592224121094,7538200
2024-09-10,158.67902926646232,159.58847961539206,157.96852615034385,158.5653533935547,6559600
2024-09-11,158.0064241765716,158.0064241765716,155.44861567335087,156.1401824951172,5920200
2024-09-12,155.55281944276598,156.40543189239477,154.1412957752456,155.9696502685547,4540900
2024-09-13,156.06439208165418,157.0211977964731,155.19284327647554,156.80331420898438,3693400
2024-09-16,157.59908029206122,158.4422101595443,157.04962276136533,158.19590759277344,5187800
2024-09-17,157.4853908812419,158.88744633090707,157.1917041144562,158.2716827392578,5066500
2024-09-18,157.85486366623135,159.48428544048377,157.01173380846782,157.40013122558594,4722800
2024-09-19,157.47591745948571,157.60854413875717,155.7612388006102,156.1401824951172,4956100
2024-09-20,155.64758030736854,156.18755525642916,154.93707706292398,155.51495361328125,11839000
2024-09-23,155.74227142154962,155.83701094889625,154.1507514397272,154.62442016601562,4671600
2024-09-24,154.21706399623713,154.88021180496108,153.04237475724193,154.2075958251953,6041600
2024-09-25,154.41603001287783,154.7191849857668,151.91505930744265,152.14242553710938,5420000
2024-09-26,151.80139084450875,153.03291823023363,151.59297540426059,152.8908233642578,6122000
2024-09-27,153.46867684360495,154.82336254637158,152.8434306168404,152.9002685546875,7553800
2024-09-30,153.0613569976944,153.63921910963649,152.21821257940948,153.52554321289062,6010000
2024-10-01,153.87602963190776,154.1791845831131,152.69185770730627,153.45921325683594,4408000
2024-10-02,153.00447959730695,153.58235607006563,152.18976874153614,152.68238830566406,4684400
2024-10-03,152.31290651469368,152.9381526699957,151.7823998817907,152.0476531982422,4791200
2024-10-04,151.22349258946696,152.0476716042672,150.41824991726156,151.84872436523438,5331100
2024-10-07,151.81083783406876,152.38871430044483,150.83508134325365,151.12875366210938,4266000
2024-10-08,151.09086985520352,151.81084118361343,150.579299487335,151.28033447265625,4766300
2024-10-09,151.49822118674416,152.72976290844042,151.10980931705416,152.1897735595703,6047200
2024-10-10,152.862402200084,152.89082117287185,151.57402243120973,152.05715942382812,4793900
2024-10-11,153.63919252039454,154.09392493913253,152.71080579544542,152.95712280273438,5253500
2024-10-14,152.9002731251471,153.60130810840406,152.42660435529817,153.08975219726562,5964000
2024-10-15,151.5739947099147,157.96852261173925,150.62665724297776,155.4580841064453,10548000
2024-10-16,155.3633477345045,156.30121704970887,154.0749681750826,155.62860107421875,5982100
2024-10-17,155.60967700101435,156.31071206506607,155.0128641117737,155.80862426757812,4798000
2024-10-18,156.2064786067396,156.5854078217635,155.29702825337003,156.4243621826172,5908000
2024-10-21,156.40545011384313,156.54754497772373,153.76237000386195,154.25498962402344,6082700
2024-10-22,153.7718340994137,155.10756902458775,153.37393961805077,154.84231567382812,5680300
2024-10-23,154.2455120972498,157.25803867062515,153.8665683911739,157.1254119873047,7441600
2024-10-24,156.31069615300817,156.79383310087323,154.73811234669992,155.0507354736328,5386300
2024-10-25,155.06020263272137,155.28756884770345,152.15188388243095,152.4076690673828,6400400
2024-10-28,152.64450239718974,153.44026246128226,152.52134389135745,153.08975219726562,4842500
2024-10-29,152.95711817808706,153.62971970406292,151.63083701303637,151.6592559814453,5216900
2024-10-30,151.0529557996391,152.78658509402717,150.6550757992386,152.15187072753906,5820500
2024-10-31,151.5645495062466,152.39819677392538,151.06246172910465,151.44139099121094,8613900
2024-11-01,152.12348840164955,152.5782064466023,151.46035490792133,151.6971893310547,5256400
2024-11-04,151.2897971719615,151.83925466135688,149.74564686311192,149.9066925048828,4644000
2024-11-05,149.3666977764175,150.238246517786,148.116219827575,150.01089477539062,6547100
2024-11-06,151.47927003240187,152.37925227840577,149.06357081905168,149.56565856933594,8926600
2024-11-07,150.12459953228623,150.3898529196004,148.26781136586158,148.47622680664062,7522800
2024-11-08,148.73198747419,148.80777620880363,147.22572431870492,147.28256225585938,8926100
2024-11-11,147.42467115998508,149.2814591970599,146.75206956587456,146.87521362304688,7146800
2024-11-12,146.39207573232454,146.87521269639342,144.34582308116632,144.6016082763672,7181400
2024-11-13,144.46897842689697,145.42578416210594,143.44585212373863,145.17001342773438,7161900
2024-11-14,145.11314107225442,145.50155288910148,142.82058621864473,143.87213134765625,7716400
2024-11-15,142.95323191496675,146.2973323428471,142.95323191496675,145.88998413085938,11328500
2024-11-18,144.55422725246436,147.14993723501638,144.30792470362405,146.6194305419922,7510600
2024-11-19,145.84260997512632,145.8805115712834,144.04267444870177,144.94264221191406,8233700
2024-11-20,144.9710709989879,145.17948642629514,143.81531797672926,145.04685974121094,9061300
2024-11-21,145.52999015592064,147.84149609632505,144.76264905140786,147.3109893798828,10141100
2024-11-22,147.68993501081812,148.8456881092974,145.99420696432256,146.99838256835938,8266000
2024-11-25,146.99837166257822,148.76988832486654,146.96995269138182,147.5762481689453,12256200
2024-11-26,148.16830440056026,148.25424539355322,146.25842684315538,147.55714416503906,5683500
2024-11-27,147.66218384869805,149.57206135223436,147.6335368518417,148.39747619628906,4140400
2024-11-29,147.91048218789024,148.65533334681842,147.22292503023178,148.0250701904297,5687800
2024-12-02,147.77677407322818,148.0155087647843,146.99371729074375,147.82452392578125,6946500
2024-12-03,147.8245293244356,147.8245293244356,145.44672646406246,145.49447631835938,8674400
2024-12-04,144.4727091196942,144.73054671932016,143.00210952985245,143.68966674804688,10333100
2024-12-05,143.24082199478045,143.60370340662107,142.238133326575,142.78245544433594,7898100
2024-12-06,142.6583212988134,143.288584468184,141.69383825808168,142.58192443847656,8389600
2024-12-09,142.56281292114443,144.09072089265194,141.75112365038945,142.85885620117188,8410300
2024-12-10,143.1739626469328,144.03341628178802,141.6460693592056,142.50550842285156,9398700
2024-12-11,141.8084287848774,141.8084287848774,139.77440423446825,140.03224182128906,13446700
2024-12-12,140.56698637048675,141.11130847263126,139.4306068838702,139.65025329589844,6176300
2024-12-13,139.09638946807885,140.30915125597272,138.50431750211118,140.01312255859375,8324900
2024-12-16,140.1181798038951,140.61475210859803,137.0528341147506,137.3679656982422,8732400
2024-12-17,137.35839187155833,140.05132624991293,137.23425973744799,139.81259155273438,10343000
2024-12-18,139.11548789025048,140.12773533447105,138.15100487508684,138.22740173339844,9336100
2024-12-19,137.64488610858214,138.67622182151445,136.9095791095895,137.11012268066406,9516700
2024-12-20,136.60401050360704,138.9149608582862,136.31752592367584,137.96002197265625,17702800
2024-12-23,138.11280823490046,138.78126250451018,136.9859728336639,138.72396850585938,8720800
2024-12-24,138.46612820981196,139.27783203125,137.8263209521463,139.27783203125,3164100
2024-12-26,138.95313630504873,139.77438423676378,138.55206376693806,139.01998901367188,4656300
2024-12-27,138.3419889250498,139.99404365534244,138.16054820902372,138.51388549804688,5588300
2024-12-30,138.31332857159666,138.35153428244564,136.5084948710301,136.88092041015625,6268700
2024-12-31,137.28199303751342,138.15099081978497,136.85227350303924,138.10324096679688,5811400
2025-01-02,138.68575647298846,139.20143157976784,137.30109814091938,137.53028869628906,6051300
2025-01-03,137.5780542067936,138.0555236564105,137.1483200451694,137.69264221191406,5878800
2025-01-06,137.04327386231438,138.29425603894032,136.48940756159422,137.1865234375,7910500
2025-01-07,137.2820012137064,140.5478902699118,137.11966336084586,139.6407012939453,8422000
2025-01-08,138.93406580051453,139.02955094778358,135.0665603414427,135.85916137695312,11175600
2025-01-10,134.64638222977248,137.1960672936633,134.34079479365133,135.6586151123047,8821500
2025-01-13,136.53715778743165,138.53299113251865,135.8973504826049,137.96002197265625,10376400
2025-01-14,137.98866701537875,138.28469573432943,136.42256784801805,138.22740173339844,8681700
2025-01-15,138.76216044958142,139.4688204365145,137.75947175376876,138.43748474121094,7434600
2025-01-16,137.8167917690558,141.39781271491069,137.56849832456783,141.111328125,8964000
2025-01-17,140.7961915258505,141.69383640908086,140.00359050281116,140.4046630859375,10773100
2025-01-21,140.91077171513027,142.1521951109424,140.4237581564577,141.47418212890625,11111700
2025-01-22,137.5111921066466,138.91495335843211,135.7063582930953,138.72396850585938,16834700
2025-01-23,138.88631803827982,141.24501832248615,138.2847018594351,140.03224182128906,10506400
2025-01-24,140.19455810804132,140.97761489147547,139.78394143224725,140.20411682128906,9887300
2025-01-27,141.76066441551183,146.53535849869652,141.3309448622672,146.00059509277344,15152300
2025-01-28,145.7809734783312,146.07700220087548,143.5273171300188,143.6037139892578,10320600
2025-01-29,143.71830007896412,145.03612038367163,143.24083064348582,144.33900451660156,7156400
2025-01-30,145.0647731549473,147.19428284195575,144.53955384078517,145.98150634765625,8911000
2025-01-31,145.74275244756828,146.27751583483416,145.2079890603024,145.29393005371094,8457800
2025-02-03,145.15068172739103,145.5995040800079,143.98565535309294,145.0265350341797,6687500
2025-02-04,144.53953830189957,147.2324581585896,144.14800989423304,146.5735626220703,9645000
2025-02-05,146.88872069081174,147.75770408726584,146.401692486122,147.71951293945312,8947000
2025-02-06,147.81495649135113,147.86270634108692,146.4685039845354,146.59263610839844,7418100
2025-02-07,146.61174322327008,147.5284908227307,145.91464202473563,146.22021484375,6204900
2025-02-10,146.68814830303756,147.4138965387337,145.42762210443897,147.28976440429688,6936200
2025-02-11,147.16563903311925,149.34289862705256,147.00330116362204,149.09461975097656,7554500
2025-02-12,148.27335265895783,148.64577821087994,147.31841385185393,148.2637939453125,7746000
2025-02-13,148.2638051781984,151.00448967065122,147.81498273915872,150.1641387939453,10704700
2025-02-14,150.2023229262142,150.37421949352108,149.02775223925636,149.1136932373047,6411800
2025-02-18,148.37251831565297,149.63349948553457,147.5061996351102,149.1907196044922,9670700
2025-02-19,149.2003143954194,152.37684015560075,148.95966872703968,151.982177734375,7974700
2025-02-20,151.07738350351235,153.9651322089806,151.07738350351235,153.70523071289062,7224000
2025-02-21,153.89773954560965,157.39190504879872,153.32018400254907,156.22718811035156,12546900
2025-02-24,156.59294650949553,158.70100497152328,155.9865293965267,157.61329650878906,10201900
2025-02-25,157.95982085324465,160.20262553244362,157.80580410210135,159.87535095214844,12303700
2025-02-26,158.90316232854656,158.95129440367535,156.47744968295726,156.97799682617188,11396400
2025-02-27,156.23680248198454,157.81543759112859,155.67850272916147,157.60366821289062,8364600
2025-02-28,158.1619577838395,159.73097225218257,156.61219908169133,158.84539794921875,12037200
2025-03-03,158.78764408501763,161.06896031825443,158.67212417660656,161.0208282470703,9191500
2025-03-04,161.79092740061927,163.6294641715902,159.13420401879515,159.23045349121094,11999700
2025-03-05,158.35448955976102,160.23153775130362,157.41116253777426,158.94166564941406,8744800
2025-03-06,158.82616132836026,159.66360366070757,157.39190767480014,159.62510681152344,8037900
2025-03-07,158.95131495855085,162.15671769705472,158.53739668433371,160.45294189453125,9637600
2025-03-10,161.21334050211055,163.54278878714246,160.79943700663335,161.42510986328125,17559000
2025-03-11,160.94383380792385,161.04009795862825,158.8742867584048,159.6539764404297,9890300
2025-03-12,157.6036698897816,158.06572018604263,156.15979576162204,156.75660705566406,8010700
2025-03-13,157.31491206627007,158.38337964405048,156.57373382845364,156.89138793945312,5286700
2025-03-14,156.05392462416808,157.045383769915,155.07210070700123,156.71810913085938,6235800
2025-03-17,156.33305998972546,157.3822716087003,155.6784961153853,156.74696350097656,6669800
2025-03-18,157.32452784770112,158.69139359743707,156.87211277776453,158.10421752929688,7348800
2025-03-19,157.83471504348702,158.2101217768775,156.1405744726722,156.89138793945312,5936400
2025-03-20,156.90098654218272,157.09350015251783,155.871015960727,156.9202423095703,7485900
2025-03-21,156.9009991555119,157.98872243872594,156.4004519781238,157.50743103027344,17047100
2025-03-24,156.74697070710167,158.2389768997674,156.419696098809,157.1801300048828,8046400
2025-03-25,157.40154367149503,158.0464723853749,154.55229211897932,154.99508666992188,7456200
2025-03-26,155.17798757070264,156.4100924425596,154.6293082965319,155.6688995361328,7223500
2025-03-27,156.27532488979918,157.93096849602637,155.2838657717251,157.02613830566406,6752500
2025-03-28,157.46890696330888,158.36411654948375,156.81435775006014,157.5844268798828,5760300
2025-03-31,158.21972203009707,160.39516844686892,158.08496103251497,159.6347198486328,12481400
2025-04-01,154.71590704072668,155.75549807748948,147.40028762743242,147.5157928466797,23303100
2025-04-02,148.2473671265155,149.96076328216213,147.70832312534768,149.54685974121094,10356900
2025-04-03,152.81001049363928,154.6389118307078,151.587526297093,153.83998107910156,13249300
2025-04-04,153.20468354010333,153.83999171968495,147.2077820595149,147.50619506835938,16601700
2025-04-07,145.619515284852,146.99601623650406,141.8846895650138,144.9842071533203,18083000
2025-04-08,147.8430737728905,147.8430737728905,142.46223999023437,144.3874053955078,12018400
2025-04-09,136.87925188127502,147.45804064610837,136.20544695405383,145.32110595703125,18773700
2025-04-10,144.74356632852965,145.54251178964003,139.6996420173064,143.12643432617188,13830500
2025-04-11,143.74248066567873,146.64948461948305,142.64513694227333,146.05267333984375,9943900
2025-04-14,145.91793093942584,148.88268788470197,145.5136479043221,148.58428955078125,10685300
2025-04-15,149.87415293212752,150.45170854086913,146.40886334322556,147.87197875976562,10847700
2025-04-16,149.55648571702037,149.80676664655024,146.54361152502074,148.151123046875,7986900
2025-04-17,148.39176472867018,153.4742006265208,148.39176472867018,151.57791137695312,10981100
2025-04-21,152.04957141699035,152.30945817358227,149.67199094696886,151.04847717285156,6285400
2025-04-22,151.65492899700845,152.78114915442566,150.41318891134569,151.84744262695312,7136300
2025-04-23,150.63456843335868,151.2217444539283,148.5553863256519,149.56610107421875,9099400
2025-04-24,149.97039152900174,150.06664098881706,147.698695709936,149.1329345703125,8310400
2025-04-25,148.54576955182586,149.10405459341425,146.74572991221044,148.79603576660156,8643600
2025-04-28,149.68162825171314,149.98002657534252,148.06449616707076,149.53724670410156,5815200
2025-04-29,149.63345373543783,151.14471538178577,148.51685445776158,150.0762481689453,5246700
2025-04-30,152.28058447749746,152.28058447749746,149.2195784557302,150.4613037109375,9598200
2025-05-01,149.2003455405287,149.2869744741459,147.62171021393644,148.68055725097656,7325800
2025-05-02,150.23029447876922,150.8559673812853,149.23882074905086,150.27841186523438,5974500
2025-05-05,150.80784414042418,150.92334937526124,148.94043117537043,149.20033264160156,5464100
2025-05-06,149.02706485891864,150.06664127887538,147.939341677191,148.69015502929688,8644200
2025-05-07,148.95003650460325,152.03029788068514,148.7190113934553,151.41424560546875,7853100
2025-05-08,149.98964908717855,151.15436597342557,148.98855481578678,149.83563232421875,7606100
2025-05-09,149.60462037415962,150.22067279248463,148.0548614438321,148.44952392578125,6520400
2025-05-12,146.33184197306454,149.54686501326165,145.52326125496006,148.3725128173828,9023800
2025-05-13,146.02380248964167,146.02380248964167,142.53925758100854,142.8857879638672,10549600
2025-05-14,143.10718516565112,143.25158140043052,140.6525960528821,140.8836212158203,10216000
2025-05-15,142.46226491587166,144.0505207779698,141.8173361548079,144.01202392578125,7945800
2025-05-16,144.06974234495752,145.8312703433293,143.63658309338803,145.66763305664062,8051200
2025-05-19,146.20670042818765,146.9478932943705,145.39813440390523,146.7842559814453,12639900
2025-05-20,146.63023979706358,148.27624816110944,146.42809094625815,147.9104766845703,7351500
2025-05-21,147.45806052112863,148.65165378512776,147.2751674402648,147.44842529296875,7032200
2025-05-22,146.93826186486518,147.58320528074356,145.70615702805415,146.89976501464844,7535300
2025-05-23,147.27515984115055,147.7371954457021,146.514725935996,147.2174072265625,6727300
2025-05-27,148.07173598904868,149.54739430031267,147.49893216707943,148.7804412841797,6990700
2025-05-28,148.80956000481822,149.15906113252257,147.49892707248608,147.98434448242188,8459300
2025-05-29,147.32418530456823,149.54739054497975,147.13972431685121,149.10081481933594,6810600
2025-05-30,149.41148243505967,151.1687060152862,148.75132182581495,150.68328857421875,15529700
2025-06-02,149.97457049030925,151.00365310920873,147.85815752898998,150.86773681640625,6669300
2025-06-03,150.28525809293072,151.1201767695379,149.58625572117742,149.9163360595703,8209800
2025-06-04,150.41144693088043,150.41144693088043,148.66395592721838,148.75132751464844,6983900
2025-06-05,149.1979033469359,149.59594921931134,148.18824154851782,149.17849731445312,5295400
2025-06-06,149.50857092576155,151.47936453922725,149.50857092576155,150.50852966308594,5391500
2025-06-09,150.3337753429122,151.4405264270542,149.94543253300756,150.7026824951172,5319000
2025-06-10,150.89685974350843,152.84824735194303,150.49882869732974,151.88711547851562,6791600
2025-06-11,151.74150341105252,152.03275685451254,150.21728545141227,150.73182678222656,6016000
2025-06-12,151.68323930786653,152.11039418988705,150.64443892823047,152.0909881591797,7075500
2025-06-13,151.4211098589502,153.07152610979966,151.4211098589502,152.51815795898438,6587500
2025-06-16,151.8579920720398,151.9356606410736,149.94544614915642,150.6929931640625,7024000
2025-06-17,150.45028027933915,150.75123671741724,147.6639889559865,147.93582153320312,6407100
2025-06-18,148.12028605196923,148.19793980693774,146.31453256677307,146.3339385986328,8325200
2025-06-20,146.8484847191876,146.98440101548601,144.69323001090936,145.42135620117188,22605500
2025-06-23,145.3728023237102,147.01350062486947,145.3728023237102,146.90672302246094,7397900
2025-06-24,147.08147961624732,148.26589931707005,146.57664134693826,147.75135803222656,9544200
2025-06-25,146.9649995870065,148.60571302399958,146.3339479807507,147.8387451171875,7153700
2025-06-26,148.24649286087973,148.75133117918787,147.11061775501065,147.5766143798828,7156900
2025-06-27,147.57660771353423,148.85811689125123,146.6057728142086,147.96495056152344,10010800
2025-06-30,147.7222548595183,148.50862882709444,147.10092106172524,148.2950439453125,9039300
2025-07-01,148.53773775923037,153.1492034739777,148.35327676043812,151.37257385253906,10896700
2025-07-02,151.4502257037425,151.74147910054077,150.54735646880727,151.02305603027344,5544000
2025-07-03,150.89684446345694,151.7220599613611,150.36289717938598,151.45993041992188,3482500
2025-07-07,151.46967284237644,151.79005015309582,150.37262460995237,150.74154663085938,6270900
2025-07-08,149.97457701017015,152.18807948276114,149.71246224293358,151.24636840820312,6438200
2025-07-09,151.24637719479634,152.12013757764228,150.54738962779254,151.7220916748047,6147400
2025-07-10,151.54733370701027,154.59575469827723,151.27550112030607,153.09095764160156,6732900
2025-07-11,152.50845086934666,152.59582245503373,150.6541526552419,152.32398986816406,7872000
2025-07-14,152.29485252152176,152.877359335388,150.98423441096818,152.24632263183594,10185600
2025-07-15,151.7997662737174,152.6055611283416,150.28526599322544,150.64447021484375,6873200
2025-07-16,155.6248160060078,161.2750666429119,155.13939862284107,159.97415161132812,22134800
2025-07-17,158.42083333055885,159.896506540005,157.5665086840501,158.22666931152344,11295700
2025-07-18,159.148947043396,160.28483683397772,158.59557889181167,158.9256591796875,9792600
2025-07-21,158.99364768876623,160.11010198229897,158.03251573246365,159.56643676757812,8254000
2025-07-22,160.18776361914905,163.1585161378835,159.90622800720854,163.0323028564453,9288000
2025-07-23,163.68276493825223,164.1875884045282,161.7313773695686,164.16818237304688,10617600
2025-07-24,164.5565136294213,165.03222805782448,163.95460073885116,164.61476135253906,6636900
2025-07-25,164.79921759495198,164.92543086724078,162.55659143705802,163.39151000976562,6254900
2025-07-28,162.9643457562342,163.04201432533776,160.23630207669302,161.37217712402344,8014600
2025-07-29,161.80904196073075,163.85750407777874,161.5177885442579,163.20704650878906,7663400
2025-07-30,162.80900565290742,163.69246894488504,161.91583934513037,162.3818359375,6189200
2025-07-31,161.09061424182374,162.1973801555685,159.44019801395916,159.93533325195312,11036200
2025-08-01,160.65376326107594,162.73134946001136,159.98388477586158,162.44981384277344,8927800
2025-08-04,162.15854746259484,166.19722408485885,161.77992245511788,166.0515899658203,12679100
2025-08-05,165.56618188142107,166.55643765450975,164.70213938920838,165.76036071777344,7934400
2025-08-06,164.95455498052752,167.15833945166182,164.7312522963263,165.61471557617188,8957200
2025-08-07,166.17781206743317,166.61468482022772,164.96426841313416,166.52731323242188,9315900
2025-08-08,166.03218459824058,168.88644150314138,165.4205538861148,168.27481079101562,7686800
2025-08-11,168.34277035231864,169.5077841152882,168.00298701625698,168.7505340576172,7256800
2025-08-12,168.92526443239652,169.6630935877668,166.7991337339934,167.7408447265625,7916700
2025-08-13,167.9544392779886,169.4495185199788,167.6631858424992,169.33302307128906,5878700
2025-08-14,169.2262065080516,170.5950870900218,167.6825827779642,169.62425231933594,8241700
2025-08-15,170.449495579225,172.09991199561782,169.85728568003967,171.48828125,9477600
2025-08-18,171.35234310068984,172.39114345275658,170.96401510415402,171.10963439941406,9284000
2025-08-19,170.90576208507196,172.98334809108246,170.84751436372582,172.61444091796875,9274200
2025-08-20,173.29401944019594,175.34248155105917,172.80860201879483,173.6240997314453,9030000
2025-08-21,173.3425948429589,174.8279712303959,172.96396977976454,173.7115020751953,8859600
2025-08-22,174.78911558281357,175.87646078588406,172.29407749726226,174.0609893798828,9524000
2025-08-25,174.28429241400747,175.00270078812704,173.09015477301065,173.2066650390625,6229100
2025-08-26,172.85459100282205,173.25555855769375,171.8961934884329,172.60032653808594,9145000
2025-08-27,173.06973272921007,173.77386573464747,172.27758682871757,172.89369201660156,5951100
2025-08-28,172.48295893045014,172.6003243855948,170.78131651709248,171.58323669433594,6424700
2025-08-29,172.09176980348101,173.50003579736554,171.5832259895787,173.26531982421875,6942300
2025-09-02,173.55871833290118,175.2505864747156,172.99149923256772,174.13571166992188,9049000
2025-09-03,173.754312735633,174.36064372340013,172.63943789740028,174.07704162597656,7111700
2025-09-04,174.0770522777431,174.9572111798103,173.6369728267095,174.82029724121094,7854800
2025-09-05,174.07704256383926,175.5537581707923,172.66877646111618,174.49755859375,9733800
2025-09-08,173.45114379394553,175.49507846966029,172.8056860260886,174.2041778564453,8382500
2025-09-09,174.07705515729546,174.16506806445807,172.5612126475493,173.0599822998047,6005700
2025-09-10,172.4145258819289,172.7176914018626,170.48794153380138,171.91575622558594,6891600
2025-09-11,171.87663224164177,174.9083170723718,171.75928170606494,174.56602478027344,5792500
2025-09-12,173.79343431588362,174.85940809224365,172.8252476738922,174.13571166992188,7220200
2025-09-15,173.84233142809236,175.04523412922416,173.03062205669843,173.49026489257812,4768100
2025-09-16,173.65652106316145,173.70540716928593,171.7788230370183,172.57098388671875,7959300
2025-09-17,172.81548641822724,174.57580419407594,172.69812095667075,173.294677734375,6714900
2025-09-18,172.7079129408542,173.118654756769,170.0380687536577,170.32168579101562,8200900
2025-09-19,170.83998921597149,173.2555537932855,169.50996181681276,172.3069305419922,25621000
2025-09-22,172.20913129583226,172.74701277532031,170.2825471290745,170.37057495117188,7193900
2025-09-23,171.0355829083302,173.06974339129886,170.97690764134543,172.68833923339844,8350400
2025-09-24,172.25804742843013,173.05019343926608,171.86686900314092,172.79592895507812,6676800
2025-09-25,173.2946549796862,174.4682049836574,172.03309208297918,173.81297302246094,8475000
2025-09-26,174.66380677519905,175.94493304972775,173.4120181311941,175.7493438720703,8634400
2025-09-29,175.86672025116357,177.861754032588,175.83738261632647,177.6172637939453,8597100
2025-09-30,177.69551050190114,181.89097154345833,177.07940521994215,181.33352661132812,11569000
2025-10-01,181.90072970718464,182.44838543053112,179.85679498165965,181.9496307373047,13063800
2025-10-02,180.13063621234386,182.47773660731235,180.032834144845,181.8811798095703,7728100
2025-10-03,182.93737906053053,185.59743412762745,182.79069088210622,184.48255920410156,8675100
2025-10-06,183.85664523656718,185.7343283333897,183.2405251076493,184.01312255859375,5806100
2025-10-07,179.71988044308327,185.05953865015417,178.90817109783274,184.72703552246094,8776800
2025-10-08,184.70746433960892,186.0277174802343,184.12069677238543,185.5093994140625,5751200
2025-10-09,185.81257482959435,187.86629873092122,185.54852120285247,186.8687744140625,7484800
2025-10-10,187.77827139842617,187.83696158868858,185.6658871464611,186.51670837402344,9598000
2025-10-13,185.64632333935597,187.08392708636944,185.1084418485517,186.69273376464844,7979500
2025-10-14,188.66821591723416,190.1155938776849,181.78337771502342,186.6438446044922,13613300
2025-10-15,187.2599678902216,189.30391771901375,185.12802007542956,186.95680236816406,9473000
2025-10-16,187.12304066781874,188.7953604231518,186.23309264058008,187.88584899902344,10611800
2025-10-17,188.2574910371791,189.33325409782032,187.4555558606101,188.9616241455078,7764400
2025-10-20,189.23542420173737,190.19382165505388,188.09121179958947,189.45057678222656,8034700
2025-10-21,188.75623930068377,189.28434657507717,187.5435772620767,187.65115356445312,6716000
2025-10-22,187.7685042274453,189.18654463424633,187.55335162255136,188.6877899169922,6343100
2025-10-23,188.31614705419025,189.7244131268554,187.31862276563595,188.22813415527344,8882500
2025-10-24,187.9640678233363,188.0716441111252,185.24533792012375,186.2037353515625,6903400
2025-10-27,185.8027915483585,186.59493746752628,185.35292298108493,186.10595703125,7126000
2025-10-28,185.0888771601165,185.3333673885486,182.5070609447738,182.8102264404297,8329500
2025-10-29,182.58529018458387,182.97648348338365,180.59025658944984,182.4875030517578,10551100
2025-10-30,182.95691510358742,185.20622801228868,182.79066355206362,184.8834991455078,7072500
2025-10-31,183.32856020199483,185.32359390824723,182.64397562159022,184.7074737548828,8791700
2025-11-03,184.83461711915595,184.86395475347013,181.43131723621426,182.15499877929688,7542600
2025-11-04,182.71243787931192,183.68062454846097,181.52909861701866,182.7417755126953,7209400
2025-11-05,182.52662069373764,183.69039654541731,181.31394381284895,181.90072631835938,5049400
2025-11-06,182.64398686311296,183.38724675672773,181.28462170071253,182.849365234375,6767400
2025-11-07,183.60240349717566,184.1989603040272,181.6073547007375,182.45819091796875,6959200
2025-11-10,181.9007248187872,184.26738837250383,181.04011446379977,184.2576141357422,5323800
2025-11-11,185.2160176409071,189.64617940511584,184.88351451022683,189.55816650390625,7465600
2025-11-12,189.09852116392503,191.2402579332056,188.8149190674103,190.10581970214844,8803000
2025-11-13,189.92979610949115,191.68033958366678,189.18653626274676,190.94686889648438,8631600
2025-11-14,190.7023809412554,192.8343286012861,189.2843405802947,191.61187744140625,8824800
2025-11-17,192.61918942480105,195.8660119204403,191.5825383144018,195.1814422607422,13257000
2025-11-18,194.62400687307817,195.88558487842093,194.1545897867298,195.59219360351562,12468600
2025-11-19,195.59218321397532,198.99548302359867,194.9858522212118,198.04685974121094,14690800
2025-11-20,197.54808768840363,200.00276399995727,197.1275716942422,198.59451293945312,10612600
2025-11-21,199.46490967071523,202.37922894432938,198.51628641370846,199.40621948242188,13189100
2025-11-24,199.2204251313988,201.57729960220274,198.52606631385947,201.50885009765625,14803900
2025-11-25,201.93203375943375,204.4318344688182,201.93203375943375,203.39845275878906,10275300
2025-11-26,203.22131396059922,204.52041084092286,202.68001733661194,204.2743682861328,6729000
2025-11-28,203.723236152328,204.17596106247692,201.39075752943597,203.64450073242188,5638300
2025-12-01,203.23114910855648,204.41215036142825,202.08950805664062,202.08950805664062,8473700
2025-12-02,201.99109997809214,202.35523815148406,199.88497632238054,202.16824340820312,8393600
2025-12-03,202.6406353348706,203.74291615515872,201.7450518785209,202.0796661376953,8363300
2025-12-04,201.3513800209524,201.61711018295784,198.516980022795,199.2747802734375,9049900
2025-12-05,199.7668717489871,200.2294329646455,197.63122412342938,198.73348999023438,7785300
2025-12-08,199.45193591844364,200.04242902685974,197.80837348995507,198.4283905029297,7785700
2025-12-09,199.70781308614636,202.28633417756814,196.74546622144234,196.794677734375,7509400
2025-12-10,197.41469808815052,203.5264016771889,197.01118469940698,203.2705078125,11599800
2025-12-11,204.60897767896304,207.89611754570484,204.54009357423172,206.68557739257812,9009000
2025-12-12,206.95130391403598,208.90980797527408,205.65220708750627,208.23072814941406,6922700
2025-12-15,207.02021685633432,211.7835972337083,205.70141731611412,210.7797393798828,8467000
2025-12-16,210.61242873186924,211.33086879327527,205.50458284724823,205.98683166503906,9949800
2025-12-17,206.0753964132944,208.1716837329721,205.16012534074213,207.00051879882812,8457600
2025-12-18,206.47891598813604,207.7189650641044,204.47120032162059,205.0124969482422,7499900
2025-12-19,204.27436010709684,205.92777381805197,202.76858093345197,203.1031951904297,24803900
2025-12-22,202.86701252411635,204.7861414522214,202.2469804791725,204.03817749023438,8187800
2025-12-23,201.77458850774815,203.26068017644639,200.06212686952762,202.52255249023438,7047300
2025-12-24,202.73906868364486,204.64836134488127,202.31588269030175,204.4908905029297,2376500
2025-12-26,204.2448234412372,204.74674479534215,203.43781175323053,204.34324645996094,2316700
2025-12-29,204.70740558532265,206.1541370088678,204.09722485496195,204.2743682861328,4348900
2025-12-30,204.22513661756275,204.40229504849634,203.25081780778308,203.6346435546875,3937400
2025-12-31,203.63466628756984,204.21532312025465,203.10320595268348,203.6740264892578,4083800
2026-01-02,203.54607900663632,204.10704818695953,200.4557702982002,204.06768798828125,6325500
2026-01-05,202.6111087313451,202.68000785174,197.72963308240787,201.0758056640625,9477000
2026-01-06,201.36123804146013,203.43783785814668,200.88882551165975,201.5482177734375,8107900
2026-01-07,202.01077964740008,204.96329039065657,201.78442469524603,204.2054901123047,7545900
2026-01-08,203.6543250611801,205.67187690313673,201.72535994719092,202.49301147460938,6557800
2026-01-09,202.65049925535806,203.4279871432506,200.78056677486651,201.15455627441406,6154300
2026-01-12,202.2961890410606,206.5773204309254,200.62310269270267,206.40017700195312,11794300
2026-01-13,206.58715762456725,210.99623564550944,205.55377597445334,210.2679443359375,11379600
2026-01-14,211.3308708111333,215.39549869594197,210.7600502715364,215.0904083251953,11858800
2026-01-15,214.7754540862871,216.27139696408693,212.49218707861442,216.09425354003906,8492100
2026-01-16,215.57264391506672,216.6257132857775,214.68689670122748,215.19866943359375,10021500
2026-01-20,213.6535174405211,215.26755606095267,211.1045200795966,214.75579833984375,14057100
2026-01-21,207.65991685181098,215.2183369488501,207.16783174078773,214.55894470214844,14762900
2026-01-22,215.30692327179185,218.65309601347732,214.6475310263463,215.03135681152344,13160000
2026-01-23,216.3206133966017,217.70829698551927,214.39163319315116,216.6552276611328,6950600
2026-01-26,216.7241195858665,218.51530148499805,216.51743724272882,217.98385620117188,6856700
2026-01-27,218.48578357321077,221.9303792601758,217.20635931460325,220.8871612548828,8154100
2026-01-28,222.81613770071385,224.95180034983713,222.5012110309432,224.11524963378906,9026500
2026-01-29,225.18797472711546,226.3591396349424,223.4853645338204,223.69203186035156,9645300
2026-01-30,224.6466859457881,224.88289220157367,221.7630744488117,223.65267944335938,11045500
2026-02-02,224.70574839064855,227.53031207318796,223.65267906312954,227.09727478027344,8187500
2026-02-03,227.83540162689715,231.47682836867276,226.83154381662808,229.4100799560547,9346600
2026-02-04,231.27998605513156,232.09684908454457,229.25259794183296,230.7583770751953,8641400
2026-02-05,231.2799897072634,235.78749088320203,231.27015341178193,234.02581787109375,10267500
2026-02-06,235.1773306195327,237.12598351858577,234.2128329577192,236.19102478027344,8274000
2026-02-09,236.4468956382332,236.92914445281934,233.28770262066075,234.8623809814453,9378500
2026-02-10,236.1811524926561,236.69292518436984,234.11440415212087,234.57696533203125,6723300
2026-02-11,235.55129826274083,237.4409032943991,233.6420056217357,237.0472412109375,6803900
2026-02-12,236.67325295914287,242.45034242715968,235.88591377085012,240.6788330078125,10254300
2026-02-13,240.71819063332237,241.0724925134001,238.76953780151774,239.5962371826172,13268500
2026-02-17,240.26547331078993,240.61977517991008,238.04123907016248,239.47813415527344,12703000
2026-02-18,239.38956433634297,241.1905976005163,238.97621465530662,241.1118621826172,8129700
2026-02-19,240.7476915851859,243.05066109474427,240.40324105119132,243.00144958496094,7553900
2026-02-20,242.56842126641303,242.97193463736588,236.47640555492436,238.65142822265625,13565800
2026-02-23,239.77338707530683,242.90304105661139,238.75969298572113,241.94839477539062,9622700
2026-02-24,242.74983087068327,244.62968897361037,241.9484024234396,243.6699676513672,7246300
2026-02-25,242.26501930596683,244.62968992113937,241.13710142042595,242.5717315673828,7698200
2026-02-26,242.51237425588351,242.86855965236887,239.4551250760139,240.88975524902344,7172600
2026-02-27,241.44381655451372,246.3017849576054,239.93003240320007,245.79718017578125,16428600
2026-03-02,246.54912469567304,249.04242234613034,244.2537044562187,245.92579650878906,9042400
2026-03-03,243.84805926874753,245.25300850282142,241.7703087256774,244.13497924804688,6178700
2026-03-04,243.1455911306439,243.95690818284584,240.6028202250193,242.7003631591797,5768000
2026-03-05,240.05866070262033,240.42473468568537,233.42965388259424,237.0904541015625,9375400
2026-03-06,235.59644388499382,238.23814591204697,232.93494958702288,237.85227966308594,7179800
2026-03-09,238.3172853623119,241.5031614171852,237.49607978572496,240.01905822753906,7844000
2026-03-10,239.732151823879,242.40353469704283,238.26784082105456,241.12721252441406,7214100
2026-03-11,240.29608691960013,241.10740390076984,238.80209516039704,240.41482543945312,6933200
2026-03-12,238.9010440853151,241.80987365541034,237.75333399538243,239.47488403320312,7710200
2026-03-13,241.6218975517249,242.98726220669954,238.94061117286776,238.9604034423828,6415300
2026-03-16,241.3349607287423,242.4628785296478,239.1088059824489,240.61270141601562,7571500
2026-03-17,240.99857884994995,241.55264164150105,234.70598053704475,235.5865478515625,7281800
2026-03-18,235.349078713635,236.57594278395305,232.9250465260699,234.7653350830078,6811500
2026-03-19,235.81410287893596,236.72435103784144,233.80561773863002,235.0819549560547,7511500
2026-03-20,234.32011361954207,235.76463230802105,232.01480479225953,232.87557983398438,17156600
2026-03-23,234.88406082839504,235.78442039461373,231.7674501417346,232.925048828125,7313700
2026-03-24,231.65861261497415,233.49890116874656,229.77875461897233,232.77664184570312,9046200
2026-03-25,234.29043431536925,238.90105200048887,233.2317667584392,237.3872528076172,6456400
2026-03-26,237.45653008741147,239.0890376929306,236.3978624775069,236.70458984375,5171400
2026-03-27,238.63391169766768,240.10811126821832,236.59574564385582,237.90174865722656,7617600
2026-03-30,240.90953765922094,241.62190842303258,237.96110834902544,239.92013549804688,7241300
2026-03-31,240.43461907362286,242.73003938495026,240.0784336838334,241.84947204589844,7554200
2026-04-01,242.99717824988343,244.58021265880902,241.1568896154117,241.53285217285156,6314600
2026-04-02,242.5123641523277,244.59011472810894,239.30669571751412,240.46429443359375,6878700
2026-04-06,240.0784175573595,240.93920766482614,237.9512090454724,238.41622924804688,4442400
2026-04-07,238.22825540792763,238.22825540792763,233.50880278778567,235.8833770751953,6241100
2026-04-08,234.13213423473948,238.77243293320464,231.42116679227811,238.7427520751953,8771100
2026-04-09,238.7427511835681,241.61201149233705,237.9907958579282,238.7526397705078,6216500
2026-04-10,239.43532307826192,239.69256220529843,235.38867186110593,235.93284606933594,7354500
2026-04-13,235.19079033309842,235.8635765445355,232.68758901903882,235.43814086914062,7663600
2026-04-14,232.5193972079424,239.62331259842583,230.77805483364233,237.5554656982422,10318700
2026-04-15,237.3971547010872,237.8720635067345,234.24095942154312,236.14060974121094,6463500
2026-04-16,234.90386545418738,235.61623623667953,229.66003084303983,232.05438232421875,8668900
2026-04-17,231.87629665489436,233.0437839864675,229.58087633934963,231.6981964111328,8946300
2026-04-20,232.32152567058696,232.7667536363879,227.09748331847635,228.2451934814453,7810500
2026-04-21,226.91937872287346,227.25577181512992,222.31864987835766,223.76318359375,11681200
2026-04-22,223.7829810531976,225.06920692516337,221.40842182578342,223.70384216308594,9003400
2026-04-23,224.8416507297823,228.93777524810503,224.62398103726102,228.2056121826172,7097600
2026-04-24,226.6027733404394,227.55260604771448,224.61408045271432,225.0889892578125,6067500
2026-04-27,223.37733983631023,225.49465994910125,221.972390518204,222.95188903808594,7897800
2026-04-28,225.31655381218496,228.58158401963007,223.97096624596244,225.37591552734375,7179800
2026-04-29,223.12997454989514,226.2861697879244,222.47696551504524,224.94058227539062,7071100
2026-04-30,225.53421985117495,228.71020743451083,225.3957041523519,227.41409301757812,8157200
2026-05-01,226.63244949097316,227.33493164601464,224.61407578841013,224.7822723388672,6863600
2026-05-04,223.12007375353997,224.66355379145187,221.2105348477109,221.82395935058594,8215200
2026-05-05,223.00135999434525,224.12927789209027,222.51654748413543,223.15966796875,5556700
2026-05-06,222.86284542864004,223.94129020275372,220.58721735046336,222.23951721191406,7982300
2026-05-07,222.39781787364097,222.39781787364097,218.29180491973372,220.15187072753906,7269700
2026-05-08,220.5773139289545,221.00274959951292,218.578717393272,218.9744873046875,5550600
2026-05-11,218.97449324390374,220.91371302266228,218.034549114472,219.08331298828125,6223200
2026-05-12,220.63667479230432,225.23738865385062,219.30097587916978,221.88331604003906,8632500
2026-05-13,223.42680175059942,228.35402025227188,223.0508241008666,227.97804260253906,7464500
2026-05-14,228.55191184757024,229.30385209662222,226.73141539381513,228.35403442382812,6974400
2026-05-15,228.324343449484,229.6798195939985,224.0402302332647,224.307373046875,12167000
2026-05-18,224.30737192600984,227.26567474324526,223.46637404521803,226.4939422607422,10141600
2026-05-19,226.5137209227187,228.40348257147707,225.62324996765844,227.56248474121094,9677900
2026-05-20,229.2345877493695,229.54130000194294,226.74129009113187,226.88970947265625,7353800
2026-05-21,226.88970696918975,229.43246262946704,224.94058353722363,229.27415466308594,5239000
2026-05-22,230.53071103197314,233.0042165151488,230.25367962562382,231.85650634765625,5462300
2026-05-26,231.85650632452897,232.0953339431715,227.9557463234551,229.0503387451172,6619600
2026-05-27,228.85132348090337,231.74704572535882,227.89604337347495,230.15489196777344,5835500
2026-05-28,228.90107206919134,230.7320381891827,228.60254135347682,229.66729736328125,7193400
2026-05-29,230.09517449736785,230.36385365376995,223.48776262843438,224.22413635253906,13897700
2026-06-01,222.10459450044488,223.3385143974124,219.75617610550876,222.41307067871094,8041000
2026-06-02,221.48763589098954,224.39330345287865,220.08455216761314,221.79611206054688,5669000
2026-06-03,221.35827776443833,223.82610240207563,220.91048926891716,222.1444091796875,6507200
2026-06-04,225.97549994238426,227.5477475509985,224.79133771170055,227.05020141601562,7274800
2026-06-05,228.87122983792332,234.06561287765282,227.87613753428016,231.6276397705078,8034900
2026-06-08,231.62763678757383,233.7969306933057,229.42847614392605,231.0206298828125,7559800
2026-06-09,231.23954685180908,236.5433904796373,229.2792138627353,235.8368682861328,8354500
2026-06-10,237.67779864975017,239.7475772433621,235.886629497679,237.31956481933594,8350800
2026-06-11,238.822141602048,240.41429528628944,236.97126939727602,237.16033935546875,7399000
2026-06-12,238.82214080935248,239.72767840405794,236.35431627248195,239.6878662109375,6459400
2026-06-15,237.8270530309927,238.32459916704082,232.43365473829965,234.50344848632812,7732000
2026-06-16,235.20994955683125,235.20994955683125,229.88621514589735,234.02578735351562,7718100
2026-06-17,232.88144953454835,234.27457267967245,229.5677903566066,233.0506134033203,8548000
2026-06-18,230.64248139608736,231.60772209709037,226.48300306302522,227.2691192626953,18989800
2026-06-22,227.8263796240252,230.31411038031268,226.3834988221592,230.15489196777344,8518300
2026-06-23,234.48354214543076,238.62312963718077,233.19987979667957,237.9066619873047,11802000
2026-06-24,238.71267722908183,241.84721171654783,237.5782726810186,239.81723022460938,8139200
2026-06-25,240.0859235854152,246.97196048258556,239.70778365238823,243.67820739746094,10130400
2026-06-26,247.05156300573913,253.85799051268404,246.6535169859773,253.4102020263672,16316800
2026-06-29,251.94740453022743,257.3109358669097,250.7930938975173,257.2413024902344,8608400
2026-06-30,257.7288999793201,258.62447695588,251.92751017702224,252.7235870361328,8469500
2026-07-01,252.00712264580847,252.95245728529045,249.8477741968348,252.73353576660156,6516500
2026-07-02,254.52470472933535,261.8087875806335,252.753441667793,261.74908447265625,7998700
2026-07-06,258.9528582650781,260.0972082397536,254.67394351620698,258.0572509765625,6803700
2026-07-07,263.5899938466549,268.1076906797339,262.75408965465317,265.9284362792969,9089700
2026-07-08,267.28179179450893,267.28179179450893,261.8386358221884,262.1072998046875,6769400
2026-07-09,259.35088953644544,262.1570568783993,256.8631589924022,257.8283996582031,6426100
2026-07-10,258.91306402533775,260.01760188497747,254.26598487714244,255.7188262939453,6534700
2026-07-13,256.68405301110437,258.2562853735001,254.89286877547602,256.5049133300781,5272200
2026-07-14,254.27593479130442,255.13172996253974,250.9025724938729,252.60418701171875,8770600
2026-07-15,248.86261881363527,255.5695309055475,244.84245277781295,245.8076934814453,10547300
2026-07-16,247.67845384783817,252.30564190006208,245.09122311970796,248.7432098388672,11097600
2026-07-17,251.35035299448896,254.40529355359888,250.7134945486414,251.7981414794922,10167700
2026-07-20,250.7731932271148,252.93254159418385,247.40979173683036,247.59886169433594,8114700
2026-07-21,246.2355858738711,250.10649430212794,244.28521347459443,249.3800811767578,7793100
2026-07-22,251.51951735745217,255.03220704893891,249.97713648203677,254.3754425048828,9100200
2026-07-23,253.98735319581928,258.9230174724852,253.17137025663587,257.99755859375,8063300
2026-07-24,260.14696680341433,262.41577598127003,258.33589157019617,262.1072998046875,6351800
2026-07-27,261.26146783773044,267.48079463226605,260.0673753138636,264.6448059082031,9647900
2026-07-28,268.67490010822394,273.55084592551594,264.87364052953075,265.42095947265625,10491000
2026-07-29,267.1822622796963,268.0181361041443,263.49047862976664,264.2268371582031,6105600
2026-07-30,257.75875187348953,259.2414296518399,253.31068817063203,254.56451416015625,8216500
2026-07-31,254.75357596655473,257.2114550322676,252.04690865509698,255.09190368652344,6782100
2026-08-03,253.71867195954576,256.4850271972422,249.67859985775465,253.1614227294922,8136300
2026-08-04,253.16142648061836,254.2659795008061,249.21090897857138,253.67886352539062,7362400
2026-08-05,253.9972934738065,258.04732616634374,253.2211227437212,256.3258056640625,6472600
2026-08-06,260.42559336590404,260.8236242062839,254.02715726257253,255.7188262939453,6931800
2026-08-07,254.63416238175625,258.32596141364326,253.86793707628854,257.96771240234375,6532100
2026-08-10,257.78861210678537,260.71418593564044,257.28110530959395,260.5251159667969,8985100
2026-08-11,259.9479684253454,262.85362089025904,257.09202805973007,258.52496337890625,5945900
2026-08-12,254.7436088096904,260.1270613743755,254.00723509927005,259.5797424316406,4629300
2026-08-13,260.44550421552646,261.3311205223152,258.37569533996134,260.79376220703125,4852700
2026-08-14,259.37078114396394,260.42557646804266,257.8881034534354,259.072265625,4998100
2026-08-17,257.5995438259766,262.98299691726805,256.7437790079673,261.0823669433594,5515500
2026-08-18,266.3563600087168,270.3964321763198,265.02290964957547,269.7794494628906,7838200
2026-08-19,271.6601848020655,275.1131561312948,269.2321572777068,272.06817626953125,7728500
2026-08-20,272.05823633214175,272.05823633214175,266.0578308105469,266.0578308105469,6475900
2026-08-21,266.51555077860934,271.32186347512464,265.68963755179993,268.9137268066406,6186800
2026-08-24,268.4161893708204,272.635401405727,267.2519483767422,271.70001220703125,5436100
2026-08-25,271.0,273.79998779296875,270.17999267578125,273.1400146484375,4687000
2026-08-26,271.9700012207031,272.9100036621094,269.54998779296875,270.0,7214100
2026-08-27,268.45001220703125,268.45001220703125,263.8299865722656,265.7699890136719,7306200
2026-08-28,265.7799987792969,268.3800048828125,264.2699890136719,268.0400085449219,5765600
2026-08-31,267.1300048828125,267.7699890136719,265.1700134277344,265.8500061035156,7900100
2026-09-01,270.8299865722656,271.9100036621094,267.0199890136719,271.19000244140625,6033600
2026-09-02,274.739990234375,281.07000732421875,273.5299987792969,275.2099914550781,7910600
2026-09-03,277.32000732421875,278.8900146484375,273.1600036621094,278.42999267578125,5940300
2026-09-04,275.1300048828125,277.79998779296875,274.75,275.2300109863281,4320100
2026-09-08,271.2799987792969,271.989990234375,266.8800048828125,269.1199951171875,8084700
2026-09-09,268.510009765625,270.1000061035156,266.7300109863281,267.0799865722656,6124600
2026-09-10,270.2099914550781,271.2699890136719,265.7200012207031,266.3500061035156,4929500
2026-09-11,268.0299987792969,270.3999938964844,265.25,265.5799865722656,4701200
2026-09-14,271.0,271.54998779296875,266.19000244140625,266.32000732421875,4740800
2026-09-15,265.80999755859375,267.20001220703125,260.67999267578125,267.20001220703125,5283500
2026-09-16,266.80999755859375,268.6499938964844,266.29998779296875,267.2799987792969,4887300
2026-09-17,268.0,270.8699951171875,267.1099853515625,270.2200012207031,6568800
2026-09-18,269.45001220703125,272.1099853515625,267.20001220703125,269.989990234375,16428400
2026-09-21,271.739990234375,273.7300109863281,268.5,269.4700012207031,4485300
2026-09-22,267.510009765625,270.1000061035156,265.0400085449219,269.19000244140625,5680700
2026-09-23,269.4700012207031,272.1400146484375,266.5,269.1700134277344,6632700
2026-09-24,269.5199890136719,275.2300109863281,269.010009765625,270.67999267578125,6320600
2026-09-25,271.70001220703125,272.25,269.260009765625,271.2200012207031,4085700
