dt,o,h,l,c,v
2008-01-02,16.193649146247836,16.200758022148335,15.660495656625429,15.767126083374023,10201100
2008-01-03,15.788449555239087,15.980385115032668,15.433013936012136,15.468558311462402,8190700
2008-01-04,15.297946398656954,15.297946398656954,14.899857606391635,14.985162734985352,14752600
2008-01-07,15.077585362828147,15.212651340899493,14.821672519389708,15.006499290466309,12646000
2008-01-08,15.070472722668727,15.340603231200655,14.515992597729142,14.587080001831055,12749400
2008-01-09,14.572866119080963,14.793235910015838,14.174778448645101,14.686605453491211,17731900
2008-01-10,14.608404471827154,15.013602246195616,14.345382853735366,14.771905899047852,16087700
2008-01-11,14.622623304547101,14.95673370342807,14.36670918725606,14.437796592712402,14320400
2008-01-14,14.629732269887418,14.89275526491586,14.459123309279573,14.814558982849121,11886400
2008-01-15,14.658162999834987,14.892750413741043,14.302727442045263,14.764793395996094,14739900
2008-01-16,14.721981716756147,15.67109637291787,14.679164892880616,15.428466796875,16430600
2008-01-17,15.506965517698681,15.820958764506559,15.22151773020171,15.549783706665039,16750800
2008-01-18,15.635417645577283,16.484626019745686,15.635417645577283,15.83523178100586,18016100
2008-01-22,15.021705525209759,17.662100960762718,15.021705525209759,17.51224136352539,34442000
2008-01-23,17.248196330427387,18.703980496578648,16.984156318123873,18.582666397094727,30833400
2008-01-24,18.48275890988404,18.661163921294357,17.854773868613513,18.133085250854492,19564800
2008-01-25,18.340033701903668,18.497029604687274,17.40519056484263,17.633548736572266,15654200
2008-01-28,17.43373703370125,18.14022067911659,17.319557941176882,18.125947952270508,10840000
2008-01-29,18.154504649463217,18.511314874863157,17.733468474601455,18.404272079467773,11202300
2008-01-30,18.3614431681654,18.51844044693474,17.961816329804005,18.083131790161133,21036800
2008-01-31,17.71918487913204,19.174970359876916,17.53364351230443,18.860977172851562,19133000
2008-02-01,18.611209350941586,18.80388707559611,18.004632085060013,18.232990264892578,15784600
2008-02-04,18.218719105056458,18.282945013999292,17.56218865006914,17.683504104614258,10473500
2008-02-05,17.405198056170583,17.726327724083298,17.18397615223219,17.191112518310547,13464000
2008-02-06,17.32670250856246,17.576468541019057,16.784350881714367,16.891393661499023,13109300
2008-02-07,16.82002385315155,17.797683891043004,16.82002385315155,17.112607955932617,18658400
2008-02-08,17.126877377116987,17.233920088499584,16.73438698167349,16.84856605529785,9865700
2008-02-11,16.948478207736745,17.36237783162816,16.613077234261382,17.319561004638672,8870900
2008-02-12,17.39092592158397,17.676373746572256,17.141158564298248,17.262474060058594,10314400
2008-02-13,17.362382420485527,17.54792386797488,17.15543323440459,17.24820327758789,9124700
2008-02-14,17.269609846544057,17.276744850947164,16.655896022563283,16.805755615234375,10047600
2008-02-15,16.75579684491171,16.7629332080639,16.30621685530049,16.648754119873047,12078600
2008-02-19,16.820025189357775,16.998430210646884,16.463215146779554,16.513168334960938,12335600
2008-02-20,16.46322789907634,16.755812251734415,16.199189025274347,16.634496688842773,11148000
2008-02-21,16.67016586008175,16.841434519601755,16.527441296587252,16.577394485473633,10496700
2008-02-22,16.50603311775807,16.88425227917698,16.37044627216464,16.834299087524414,13725700
2008-02-25,16.448944290824606,17.776278235867906,16.406127461955535,17.483694076538086,27034800
2008-02-26,17.183968526737303,17.91899757316224,17.183968526737303,17.833362579345703,14411600
2008-02-27,17.65495353538407,18.32575652267421,17.547910838537774,18.190168380737305,15384300
2008-02-28,18.090264119281606,18.1116718444323,17.562185574654798,17.612138748168945,11374700
2008-02-29,17.38378337880101,17.51223519468332,16.96988383935918,17.105470657348633,11623900
2008-03-03,17.08406576029054,17.53364582926977,16.663029787837093,17.362377166748047,13312600
2008-03-04,17.16970155583907,17.32669887027126,16.984160141315346,17.176837921142578,16115900
2008-03-05,17.176831131643542,17.55505017649557,16.727251184208313,16.94847297668457,12015900
2008-03-06,16.83428744696841,16.877104244331928,16.127804165423886,16.149211883544922,14214300
2008-03-07,16.0921291601991,16.420395041558518,15.699638736241864,15.985086441040039,13166900
2008-03-10,15.977955222602288,16.056453877116265,15.371379165031419,15.421332359313965,14390300
2008-03-11,15.856637974065848,16.120678007329865,15.31428654013292,15.849501609802246,22743100
2008-03-12,15.542641994768207,16.220580086705052,15.521232907650306,15.56404972076416,14416600
2008-03-13,15.321416405864628,15.585456327136919,14.921789704459554,15.45700454711914,21850300
2008-03-14,15.69964127939378,15.69964127939378,14.814752570617165,15.071656227111816,15666800
2008-03-17,14.507899680245048,14.943208469870239,14.45081011448458,14.65062427520752,17792400
2008-03-18,14.98602204253754,15.963682174682617,14.98602204253754,15.963682174682617,26369800
2008-03-19,16.02077471115928,16.341902998050085,15.656828230451643,15.692508697509766,15811900
2008-03-20,15.763868012473022,16.64875676722088,15.763868012473022,16.577394485473633,17389700
2008-03-24,16.855708150612127,17.783413779627768,16.855708150612127,17.333833694458008,15629400
2008-03-25,17.32669564124677,17.333832005220337,16.64161967212905,16.898523330688477,10699400
2008-03-26,16.784343072876727,16.784343072876727,16.313353972051495,16.563119888305664,10679300
2008-03-27,16.705843551496127,16.891384908837626,16.420395832940777,16.427532196044922,9768000
2008-03-28,16.398984770350168,16.477483393927987,16.134946172878827,16.177762985229492,8109200
2008-03-31,16.16349477195344,16.54171390979033,15.992226113627954,16.370445251464844,8150900
2008-04-01,16.591666171462155,17.54078078402994,16.563120716108067,17.47655487060547,12964100
2008-04-02,17.569326476858084,17.911863779003646,17.383785097915343,17.540781021118164,12411100
2008-04-03,17.433736595373084,17.55505204827032,17.14115250799542,17.35523796081543,8366300
2008-04-04,17.34810607771375,17.61928250651389,17.17683739900325,17.31242561340332,7614000
2008-04-07,17.440870825418457,17.476551276150335,17.048379061758084,17.276737213134766,9320500
2008-04-08,17.19110269375207,17.298145401508158,17.034106813117937,17.141149520874023,12134800
2008-04-09,17.15542501470179,17.23392228713169,16.527438668530007,16.648754119873047,9619800
2008-04-10,16.620211554928268,17.712049356177246,16.605938827312958,17.50510025024414,21843300
2008-04-11,17.255335370898976,17.42660404283098,17.062657604554566,17.119747161865234,12843900
2008-04-14,17.07692835550489,17.376648836938692,17.012702440831774,17.148290634155273,8363600
2008-04-15,17.22678555126132,17.319556909110496,16.912793746091037,17.269603729248047,8936000
2008-04-16,17.505880275766437,17.598957972016645,17.183685624060644,17.527359008789062,8268200
2008-04-17,17.441444003629,17.713518466595982,17.355524961533888,17.563161849975586,6444100
2008-04-18,17.82090368844955,18.07149923855176,17.684867235635224,17.792264938354492,8753500
2008-04-21,17.792272257970513,17.87818990923749,17.555996668531655,17.777952194213867,6246000
2008-04-22,17.663397438640317,17.749316470249347,17.276763844854692,17.41280174255371,9413700
2008-04-23,17.448603053841353,17.842395340952613,17.212327408447244,17.491561889648438,7728800
2008-04-24,17.448602590590845,18.17174820908525,17.448602590590845,17.91399383544922,10130800
2008-04-25,18.214707726051554,18.651458820989394,17.885353030932677,18.629980087280273,11032700
2008-04-28,18.608494332485403,18.629974425303025,18.236180917464207,18.357898712158203,7028200
2008-04-29,18.214699504863212,18.47245375249227,17.935463801947307,18.2719783782959,9193300
2008-04-30,18.286306989016005,18.60134025739206,17.99275108906175,18.03571128845215,11120600
2008-05-01,17.93546309773546,19.460515262160225,17.93546309773546,18.80896759033203,21272100
2008-05-02,18.98081026151029,19.34596369395676,18.60849679717627,18.7087345123291,15534000
2008-05-05,18.730222517673905,18.744542587496305,18.186072155155916,18.221872329711914,10821600
2008-05-06,18.150270837400814,18.307787486763274,17.899675112695707,18.19322967529297,9581200
2008-05-07,18.171755122313062,18.536908769988926,17.770802659735292,17.84956169128418,9650000
2008-05-08,17.89966721389315,18.014224974811167,17.248119436558337,17.276758193969727,14038000
2008-05-09,17.104926396474507,17.606117766648566,17.0190087342734,17.32688331604004,10391700
2008-05-12,17.40563954002691,17.734994193568276,17.305401820340478,17.677715301513672,12034200
2008-05-13,17.684874215489806,17.82091072199493,17.412798471206717,17.46291732788086,9264800
2008-05-14,17.51303888383218,17.935471263247024,17.462920019433238,17.828073501586914,10931800
2008-05-15,17.8853544542753,18.042872464073326,17.63475873784491,17.99991226196289,12582600
2008-05-16,18.057183136775006,18.071503197777812,17.548833261901038,17.820907592773438,15893300
2008-05-19,17.17652747136365,17.684878936852026,17.09776846662847,17.36268424987793,22453100
2008-05-20,17.24096983214496,17.24096983214496,16.947415221563038,17.01185417175293,15147400
2008-05-21,16.961729714586752,17.169365201430832,16.632375036840017,16.73977279663086,13765400
2008-05-22,16.746931616178337,16.89728956150249,16.532136112156984,16.79705047607422,9874300
2008-05-23,16.746932136173413,16.818531094949194,16.482017764030545,16.682493209838867,9586100
2008-05-27,16.78989638522488,17.190848739299568,16.560779388688175,16.832855224609375,11344500
2008-05-28,17.090610856921252,17.32688652012123,16.91161410099288,17.298246383666992,12863100
2008-05-29,17.26960193294294,17.54883634334826,17.176522885716885,17.46291732788086,9010100
2008-05-30,17.39848275395434,17.49872185797949,17.16220710944117,17.183687210083008,7388100
2008-06-02,17.38416250877012,17.441441406425184,16.91161126170668,17.22664451599121,11132700
2008-06-03,17.391323620246414,17.391323620246414,16.96889121172841,17.162206649780273,9582900
2008-06-04,17.16935824139952,17.434273882754212,17.047640465474835,17.212318420410156,7749800
2008-06-05,17.31256132202461,17.770792444419392,17.269602495709215,17.627595901489258,10562900
2008-06-06,17.298246677328905,17.405644459581783,16.82569534290673,16.840015411376953,12721600
2008-06-09,16.968890441412068,17.176525936749176,16.374621356249325,16.632375717163086,13786300
2008-06-10,16.532138667699556,16.86865204018774,16.36030196479261,16.689655303955078,9352100
2008-06-11,16.689655310731748,16.71829544404623,16.345981904778306,16.360301971435547,15307700
2008-06-12,16.489176140162446,16.754090485695126,16.489176140162446,16.66817283630371,15657600
2008-06-13,16.811370981677655,17.298242260248188,16.725453324069058,17.28392219543457,8524900
2008-06-16,17.20517134645307,17.405646870254355,16.954575576064386,17.21949005126953,8076000
2008-06-17,17.29108201374785,17.348360906656552,16.761251912933236,16.782732009887695,9454600
2008-06-18,16.711134021028595,16.81137174802012,16.317341780159087,16.575096130371094,9243200
2008-06-19,16.539295410286453,16.933087605392807,16.417577599240346,16.875808715820312,10066200
2008-06-20,16.732617149030325,16.840014928201736,16.25290579413696,16.345983505249023,11046500
2008-06-23,16.381777869428145,16.41757802987277,15.52259450330436,15.594193458557129,14168700
2008-06-24,15.601354412964975,15.995146641680641,15.207560818612743,15.687272071838379,12053300
2008-06-25,15.780350990558539,16.396098759209966,15.651473137741375,15.844788551330566,13566700
2008-06-26,15.637157756828003,15.715916771727137,15.178926467895508,15.178926467895508,11488900
2008-06-27,15.186085143100733,15.300644331017953,14.863891780051373,14.94265079498291,17689600
2008-06-30,14.871049574483397,15.214722989553428,14.692052833429827,14.856729507446289,17021900
2008-07-01,14.656250663792813,14.785128518248547,14.283938531143171,14.756489753723145,16341900
2008-07-02,14.785132535570348,15.085847155796458,14.484417915344238,14.484417915344238,14546200
2008-07-03,14.577484361081908,14.742160914593473,14.31256877729898,14.477245330810547,8457300
2008-07-07,14.677735625911307,14.999930368832462,14.269623195302525,14.384181022644043,13596700
2008-07-08,14.434303144161811,14.921174702560645,14.334065364128168,14.906854629516602,11683700
2008-07-09,14.89967743982596,14.985596413539161,14.412806441934585,14.477245330810547,12015500
2008-07-10,14.448612911131013,14.5989694739334,13.897302782916222,13.904462814331055,17149800
2008-07-11,13.76842876928511,13.897306639241322,13.324517623476757,13.532153129577637,20947400
2008-07-14,13.746951037105884,13.840028746840815,13.40327623695061,13.603753089904785,11740100
2008-07-15,13.317357176336182,13.439075009109258,12.930723578479345,13.088241577148438,27158200
2008-07-16,13.178159665629883,13.904685020446777,12.947973686285255,13.904685020446777,18841800
2008-07-17,14.005391569643919,14.602436990508657,13.523439142775995,14.458571434020996,13847100
2008-07-18,14.775073593358139,14.775073593358139,14.012581012961224,14.336280822753906,12409500
2008-07-21,14.42979483129722,14.537694321715428,14.03416290909164,14.206802368164062,8067800
2008-07-22,14.098902495429511,14.890167690400595,13.919069558936831,14.847006797790527,14135700
2008-07-23,14.947713727847983,15.703011489706405,14.731913387305305,15.249833106994629,14972300
2008-07-24,15.285803081729188,15.393702593785108,14.580858139479341,14.667177200317383,8965200
2008-07-25,14.674366104939178,14.990872430618973,14.300313299319084,14.372246742248535,8408700
2008-07-28,14.314703407711963,14.5592763442029,13.998197012485466,14.127676963806152,8892700
2008-07-29,14.206802107601899,14.969293380857955,14.149255622299865,14.904553413391113,10183400
2008-07-30,14.969292269883587,15.249832565424553,14.40821442283432,14.753493309020996,10742000
2008-07-31,14.638398870756072,15.156317147806853,14.566465433717193,14.61681842803955,10520400
2008-08-01,14.703149219563995,14.88298225326506,14.365062238115005,14.602441787719727,9690200
2008-08-04,14.552078001341938,14.911743802889783,14.37943858124091,14.70313835144043,8082500
2008-08-05,14.882977906439768,15.46563638129116,14.77507839213644,15.429670333862305,10186200
2008-08-06,15.386501102324267,15.386501102324267,15.077188322596523,15.27860164642334,9540800
2008-08-07,15.1059694727675,15.264221992365727,14.875783490800377,15.062809944152832,9259500
2008-08-08,15.199478880216748,16.465502892074568,15.185093288321756,16.386377334594727,17824400
2008-08-11,16.314444533392596,17.832234985765268,16.134611593424896,17.127288818359375,31603400
2008-08-12,16.961838632413187,17.49414383794078,16.918679121699085,17.307117462158203,22198400
2008-08-13,17.084128991641467,17.285542374731996,16.27847683129578,16.602176666259766,16647500
2008-08-14,16.48708399111962,17.465375623589182,16.451117951932655,17.127288818359375,13913800
2008-08-15,17.192029273774615,17.65240254611126,17.00500284626543,17.623628616333008,16879200
2008-08-18,18.170329128639334,18.321388212052096,17.458190509656788,17.65241050720215,26769500
2008-08-19,17.486956981355874,17.64521086727928,17.069744561041066,17.156064987182617,15340600
2008-08-20,17.263962145643262,17.853813966096777,17.163256138838936,17.479761123657227,15967700
2008-08-21,17.199223728199897,17.738722593882496,17.076937263764513,17.673982620239258,11464800
2008-08-22,17.738720536558258,17.9113599889121,17.623627568322362,17.882587432861328,10214900
2008-08-25,17.817843746070686,17.825037226585366,17.32150456668684,17.36466407775879,9355600
2008-08-26,17.314315694265513,17.717141106184044,17.04816370446838,17.66678810119629,8633000
2008-08-27,17.645205552896638,17.904164009294934,17.494145195649434,17.695558547973633,8279800
2008-08-28,17.84661982158241,17.911359786987305,17.666786889239134,17.911359786987305,10481000
2008-08-29,17.8897878452897,17.94014086689735,17.587668343626834,17.724340438842773,10102800
2008-09-02,18.184708414232823,19.306865639074477,18.184708414232823,18.940006256103516,27962000
2008-09-03,18.853680679378446,19.48669325913033,18.76736165524074,19.213346481323242,21026900
2008-09-04,19.08387421753081,19.21335279629389,18.486828844948526,18.537181854248047,18955600
2008-09-05,18.15593345399615,18.60911323103146,17.832234985273086,18.52279281616211,21755900
2008-09-08,19.42195974490607,20.49376402544593,19.285286310684672,19.680919647216797,37274100
2008-09-09,19.515471745445705,19.688112590261934,18.443667494304126,18.45086097717285,24022300
2008-09-10,18.580340117692437,18.77456003066183,17.983294785688248,18.148740768432617,24405100
2008-09-11,17.868203152751896,18.256641635890006,17.73152971793635,18.184709548950195,30354900
2008-09-12,17.96890925181138,18.479635577853205,17.83942929951862,18.285415649414062,18833800
2008-09-15,17.522917086200113,18.299795109272157,17.450983656430914,17.638010025024414,24314900
2008-09-16,17.31431920447053,17.82504558435195,17.12729273944471,17.551698684692383,22171200
2008-09-17,17.249573353508634,17.379053275404164,16.13460979854833,16.321636199951172,25655100
2008-09-18,16.61656446037035,17.702755617255196,15.659853243937754,17.314315795898438,34474100
2008-09-19,18.565954040588963,19.70249827052468,17.96171519712779,18.36454200744629,36762900
2008-09-22,18.191905313268215,18.24945181324622,16.983427441713253,17.11290740966797,15048600
2008-09-23,17.14886255399535,17.501334813752546,16.9042897415898,16.990610122680664,15102000
2008-09-24,17.127290643311248,17.33589753446922,16.72446519902623,17.02658462524414,14884100
2008-09-25,17.24237896511077,17.429405356675936,16.947453101646996,17.17763900756836,16255200
2008-09-26,16.81797245544132,17.63801142465724,16.724459949732083,17.594850540161133,12369600
2008-09-29,17.235183535160434,17.580463727015747,15.890034285030682,16.515851974487305,22208500
2008-09-30,16.954643740329566,17.40062988729655,16.580591019907708,17.040964126586914,21517700
2008-10-01,16.839555306394583,16.997807789468023,16.31444348472619,16.71007537841797,19759500
2008-10-02,16.566208489313517,16.7820074367561,16.091449707326845,16.13460922241211,13600100
2008-10-03,16.52305181821127,16.530245301230334,15.357735009454696,15.480021476745605,19581700
2008-10-06,15.01964579416064,15.177899651538791,14.213995031570771,14.890167236328125,24859200
2008-10-07,15.127549337138124,15.257027917966944,14.005390660488677,14.048551559448242,22088400
2008-10-08,13.573789138587097,14.61681923088369,13.422728775306682,13.753622055053711,33543900
2008-10-09,14.17083945612691,14.257158518705058,12.947974636130137,13.1278076171875,26916600
2008-10-10,12.379698323451379,13.660109287336269,11.336668145851917,12.87603759765625,38277000
2008-10-13,13.59537504412383,14.580860525397657,13.27167645498812,14.386640548706055,23294100
2008-10-14,15.12754843956622,15.134741922299334,13.357991475700356,13.789590835571289,20014400
2008-10-15,13.554765029446676,13.930483789265232,13.005637929279631,13.106792449951172,24050800
2008-10-16,13.114018206426552,13.439159711777817,12.19639784965921,13.258525848388672,27174900
2008-10-17,13.012866077774923,14.31342958217751,12.911711536669266,13.95216178894043,22682800
2008-10-20,13.822102268186843,14.335103143774685,13.785976047679757,14.270074844360352,15576200
2008-10-21,14.00996181790756,14.645793780367246,13.800427255777361,13.887130737304688,12725600
2008-10-22,13.533088221335104,13.713722078143508,12.825003833396634,13.265750885009766,18703900
2008-10-23,13.359679228919958,13.547538596161965,12.398707212957278,13.085116386413574,18508900
2008-10-24,12.283099927099363,12.969509003687948,12.246973713858573,12.427607536315918,19019900
2008-10-27,12.22529801749948,12.918931282941847,12.14581868903666,12.174720764160156,13970300
2008-10-28,12.528765932232446,14.183371543884277,12.095244347887911,14.183371543884277,25953300
2008-10-29,13.916036945282238,14.91313554743534,13.53309255022851,13.988290786743164,23886500
2008-10-30,14.530182371949689,14.739716849753345,14.16168927844005,14.508505821228027,16882700
2008-10-31,14.349558071493718,16.105319875181298,14.161698642073715,15.679023742675781,20950000
2008-11-03,15.592313917314153,15.715144990757794,14.797524699627456,14.949257850646973,13011500
2008-11-04,15.29607620950104,15.744048814729716,14.768625638376502,15.621217727661133,15233600
2008-11-05,15.346657915277744,15.476714560190452,14.732502302149658,14.819207191467285,16283000
2008-11-06,14.631339899405836,15.122664126404677,13.64869144540815,13.800424575805664,18155600
2008-11-07,13.887129741637066,14.47238440155689,13.684820713826959,14.205045700073242,11447800
2008-11-10,14.486833876647298,14.689144279995489,13.807651608937343,14.031637191772461,8493600
2008-11-11,13.785980727610763,14.298981777347224,13.366910088082465,13.764304161071777,11290600
2008-11-12,13.23684928865625,13.605342535345349,13.186272027407611,13.258525848388672,13523400
2008-11-13,13.374126608381612,14.342323878741329,12.74552038312882,14.255619049072266,24406900
2008-11-14,13.901582601316145,14.537414601481466,13.106793290173032,13.171821594238281,17799100
2008-11-17,12.933383558756086,14.450708194839631,12.875580781101805,13.720947265625,29420700
2008-11-18,13.836550789738693,14.082212903238114,13.005635466138521,13.800424575805664,21179300
2008-11-19,13.706498992780924,14.060541249628342,13.005640000016918,13.034542083740234,18580200
2008-11-20,12.832230348113312,13.352455399936408,12.001314817987105,12.153046607971191,21592200
2008-11-21,12.427608038689726,12.463734253390882,11.45218508236422,12.391480445861816,21780800
2008-11-24,12.658818025457764,14.457930648885156,12.196394524141429,14.060535430908203,21937400
2008-11-25,14.371234456559897,14.985390069687984,14.118348067149036,14.819207191467285,21509000
2008-11-26,14.400131012939061,15.895779098527473,14.327877195956733,15.361103057861328,18044200
2008-11-28,15.245497760343984,15.332201239690812,14.732496891388573,14.927581787109375,6489300
2008-12-01,14.544638700947344,14.92758300397231,13.648694865275358,13.728174209594727,16095100
2008-12-02,13.981060945922753,14.306201064867437,13.338003471506248,14.270074844360352,13832400
2008-12-03,13.90880671121154,15.556187950275538,13.800426674801512,15.361103057861328,23755600
2008-12-04,15.072084718462536,16.57495787988211,14.992605405433245,15.520055770874023,31170400
2008-12-05,15.317745979803812,16.40877286125609,15.129886672380342,16.141435623168945,28029100
2008-12-08,16.603867730455484,17.145769429581005,16.264276495129312,16.51716423034668,18455000
2008-12-09,16.300398957146896,16.943456428638925,15.722371162900432,15.960807800292969,26274500
2008-12-10,16.047516952389877,16.712249839787816,15.765728475361959,16.466588973999023,14080500
2008-12-11,16.31485875942229,16.31485875942229,15.404463460905703,15.548971176147461,17094800
2008-12-12,15.245499370827444,16.11976666691859,14.992611669452227,15.888555526733398,15673800
2008-12-15,15.939132878935766,16.25704888750025,15.57063960544384,15.852429389953613,11851800
2008-12-16,15.953584551776636,16.40878133228239,15.577865742965026,16.285951614379883,18074000
2008-12-17,16.19923961230809,16.856746549205003,15.903000283733725,16.603858947753906,19017000
2008-12-18,16.60386120649859,16.943453686520026,16.148664564464134,16.401552200317383,21609000
2008-12-19,16.4882606821037,16.618317298855963,15.635668530618569,16.285951614379883,24687800
2008-12-22,16.02583459170821,16.083637365694795,15.04318605580939,15.426130294799805,13653600
2008-12-23,15.483943529059026,15.693478209515273,15.151576320508324,15.252732276916504,8587400
2008-12-24,15.303298390011314,15.59231224412177,15.216593544714797,15.346650123596191,3290200
2008-12-26,15.426130524162927,15.671792661790255,15.115440092567962,15.267171859741211,3388700
2008-12-29,15.158805362931762,15.41891877103121,15.057650761172237,15.353890419006348,5157300
2008-12-30,15.33943512685968,15.599548463043766,15.288857839963377,15.548971176147461,7077900
2008-12-31,15.527294605422885,15.910239086124154,15.48394284210144,15.548971176147461,10909300
2009-01-02,15.534512016970686,16.423230280679462,15.534512016970686,16.35820198059082,8291400
2009-01-05,16.199244276506455,16.63276580694134,16.148667017278996,16.589412689208984,10745300
2009-01-06,16.741145845018323,16.741145845018323,16.257047055355976,16.589412689208984,13041500
2009-01-07,16.141441098837692,16.300398392214653,15.888553430821725,15.989707946777344,12310800
2009-01-08,15.939137184963405,15.996939985942891,15.520066533330269,15.859659194946289,10044700
2009-01-09,15.823529321987,15.895783157418906,15.17324755935441,15.310529708862305,11593600
2009-01-12,15.267171499833063,15.38277842492666,14.472383708968232,14.616889953613281,13070100
2009-01-13,14.609673843344133,14.855336133387615,14.42903988761379,14.667476654052734,12422900
2009-01-14,14.482445015041467,14.482445015041467,14.08338018165475,14.192215919494629,11116200
2009-01-15,14.199468538822057,15.03387751468406,14.199468538822057,14.903275489807129,16442200
2009-01-16,15.164484376493458,15.345877733590083,14.779931345158367,15.26606559753418,15466600
2009-01-20,14.888775110754036,15.309607870777038,14.359106554572405,14.417152404785156,10481400
2009-01-21,14.511474797755113,14.736402269622134,14.192221964706318,14.69286823272705,13372400
2009-01-22,14.388117452730349,15.012110888875835,14.308303952594212,14.721881866455078,16104100
2009-01-23,14.213980750791382,14.743648916213166,14.213980750791382,14.547743797302246,13104000
2009-01-26,14.758167731470396,15.193512185858209,14.656587866217924,14.983095169067383,15559600
2009-01-27,15.041138882496062,15.091928807958348,14.250263627356151,14.467936515808105,14432600
2009-01-28,14.779933353844063,14.823467377965784,14.337333059521267,14.467936515808105,19012300
2009-01-29,14.206730172198576,14.511471121098513,13.967290954057319,14.054360389709473,10802000
2009-01-30,14.163196359343956,14.330077947605227,13.169159963673112,13.256229400634766,21416100
2009-02-02,13.060325884140536,13.575482518621332,13.060325884140536,13.357810974121094,14190500
2009-02-03,13.365060700280349,13.83668308469046,13.118365659095744,13.742359161376953,10205600
2009-02-04,13.785899544370565,13.894735316620684,13.314276942005431,13.357810974121094,11131800
2009-02-05,13.343298152524047,13.82217662108981,13.176416555522426,13.662550926208496,19068700
2009-02-06,13.677064877612716,14.08338577268557,13.677064877612716,13.960038185119629,34763400
2009-02-09,13.931011202513641,14.105148669554865,13.52468906216255,13.79315185546875,12039300
2009-02-10,13.749616134750463,13.814917849807518,13.067576768555321,13.198180198669434,17339400
2009-02-11,13.241717597154198,13.43036689063632,12.951488447151608,13.256229400634766,16091800
2009-02-12,13.038562861735274,13.488419301666559,12.77735719125099,13.44488525390625,17330100
2009-02-13,13.394085277421802,13.531944620982873,12.878928790100131,12.915206909179688,15112700
2009-02-17,12.632236093579724,12.71204963134982,12.342006934309092,12.385540962219238,21876700
2009-02-18,12.458098270037832,12.552422225346884,12.182380921969884,12.254937171936035,18041800
2009-02-19,12.400053563655144,12.516145234829668,12.291217794919262,12.320240020751953,23179400
2009-02-20,11.826844146338274,12.218654389635782,11.282664867444284,11.50759220123291,33059200
2009-02-23,11.66722365653818,11.6817354609579,10.85458129197881,10.948905944824219,15900400
2009-02-24,11.03597140303017,11.41326920988929,10.81829924540032,11.326200485229492,31154300
2009-02-25,11.282667771473625,11.493084053351053,10.948903942430725,11.152064323425293,29620800
2009-02-26,11.311692026586726,11.834104496907838,11.18834446477069,11.551131248474121,23838200
2009-02-27,11.289925448254486,11.826849050788896,11.253646630094337,11.493085861206055,16534500
2009-03-02,11.217366796617481,11.536618845216367,10.622396723702776,10.66593074798584,23504400
2009-03-03,10.811048559230477,10.948907958731539,10.136265444697289,10.259613037109375,27017200
2009-03-04,10.382957731390174,10.419235855064425,10.09998379978939,10.274121284484863,19524400
2009-03-05,10.129008588717504,10.288634991881235,9.59208423221157,9.737198829650879,20190800
2009-03-06,10.005662354671161,10.034685278065522,9.54855079223915,9.715433120727539,21445500
2009-03-09,9.577570446054018,10.274121061692174,9.432455878621244,9.925846099853516,23701400
2009-03-10,10.070960762906651,10.825557212682556,10.020170836813158,10.615140914916992,21876500
2009-03-11,10.811046227279366,11.12304309278386,10.644164633518942,10.956161499023438,18428600
2009-03-12,10.977925586590304,11.384246301669357,10.745742320830846,11.326200485229492,14599400
2009-03-13,11.522106777762831,11.54387378809705,11.02871659711531,11.529362678527832,15448100
2009-03-16,11.616435728129339,11.783317355967647,11.188347111380931,11.21737003326416,13898000
2009-03-17,11.420527314559992,11.928429344395596,11.268156844001481,11.913917541503906,17099900
2009-03-18,11.848615833711118,12.69753692949723,11.630944325631274,12.472609519958496,24934900
2009-03-19,12.458095822342768,13.002275893702082,12.429072220921292,12.777348518371582,28590400
2009-03-20,12.84990564099981,12.871673343568354,12.10256584379372,12.35651683807373,18408900
2009-03-23,12.581445533557417,13.111113895688169,12.320238611335467,13.10385799407959,18090600
2009-03-24,12.958746305057266,13.343299467889608,12.944234499386095,12.95149040222168,16428100
2009-03-25,13.089346348611398,13.81491983443895,12.987765119528856,13.394085884094238,25688700
2009-03-26,13.553714951315708,14.12691737068128,13.517435441278773,13.872967720031738,22291400
2009-03-27,13.69157618946796,13.923759549692457,13.423113314257142,13.648040771484375,14002800
2009-03-30,13.314273658654933,13.495667028980145,13.02404454291891,13.386831283569336,14489200
2009-03-31,13.33604417290289,13.423113626976535,12.835399309725998,13.241720199584961,17600100
2009-04-01,13.009533074785994,13.5029232761512,12.806371996599843,13.408597946166992,13866100
2009-04-02,13.611761088698737,14.453426365524894,13.611761088698737,14.032593727111816,18957400
2009-04-03,13.996315286313717,14.170452782725604,13.713340643712822,13.872967720031738,13409800
2009-04-06,13.756878952619466,14.170457192204555,13.669810869281093,14.076131820678711,15069900
2009-04-07,13.84393911856956,13.931008527330949,13.401338943214999,13.502920150756836,11167100
2009-04-08,13.677062304445911,14.112406730651855,13.677062304445911,14.112406730651855,14365900
2009-04-09,14.417145120248106,14.961325210006132,14.279285776678043,14.74365234375,24146800
2009-04-13,14.598537539021581,14.82346490740478,14.511468121367939,14.714629173278809,10816600
2009-04-14,14.467934169123996,14.620303920796639,14.22849499940881,14.388120651245117,12342200
2009-04-15,14.413633706913082,14.413633706913082,13.96912789026076,14.158589363098145,18364400
2009-04-16,14.22416455999043,14.756112991034515,14.020128917041868,14.668668746948242,18205800
2009-04-17,14.879996445158039,15.207910731536078,14.821700726455227,15.105892181396484,18530800
2009-04-20,14.814412104758684,14.931003530491923,14.326184988295967,14.369906425476074,11385500
2009-04-21,14.35533243555431,15.02573377689742,14.165871035840025,14.974723815917969,19864300
2009-04-22,14.74154534437222,15.907461246901274,14.74154534437222,15.229772567749023,27124300
2009-04-23,15.186046372398591,15.46295063509638,14.595802161201135,14.843559265136719,17797600
2009-04-24,14.938293609414433,15.594120855754248,14.828989300004414,15.36822509765625,15033500
2009-04-27,15.273490766240945,15.397369330599249,14.931003624723017,15.164186477661133,10957200
2009-04-28,15.00386591434002,15.601397015834255,14.894561681850856,15.419222831726074,12700300
2009-04-29,15.557686439820838,15.987617925038776,15.368224989565501,15.492103576660156,14829500
2009-04-30,15.623266933951864,16.096919792828142,15.120465522588685,15.666988372802734,13037000
2009-05-01,15.696133989436829,15.849159691732217,15.011158422788887,15.19333267211914,11433800
2009-05-04,15.375507812365756,15.557682072251891,15.127750707730266,15.317212104797363,16369500
2009-05-05,15.280776418892556,15.382794949546717,15.15689786657481,15.317212104797363,9022600
2009-05-06,15.375506921449396,15.43380262563991,14.748827058991967,15.19333267211914,12073300
2009-05-07,15.375507768930467,15.390082043251219,14.726966460450004,14.843559265136719,17030300
2009-05-08,14.792548261097167,14.938288214261151,14.071138411681767,14.428199768066406,26317600
2009-05-11,13.932686413907625,14.078424971218222,13.823380758575748,13.867103576660156,20261100
2009-05-12,13.954546477260056,14.09299928854083,13.677642244577656,14.012842178344727,15708400
2009-05-13,13.837959646628974,13.939976809759973,13.531906767356377,13.786951065063477,17210800
2009-05-14,13.786949283432358,14.180444997430365,13.714079294949933,13.75051498413086,16321000
2009-05-15,13.837957527086374,13.925401789147505,13.335156147463502,13.444461822509766,22605000
2009-05-18,14.799834256433853,15.04759132377898,13.983694473315037,14.530217170715332,54292900
2009-05-19,14.450060666111339,14.858130574683736,14.195016452048907,14.610373497009277,26381600
2009-05-20,14.763403529735323,15.040307818381905,14.224167838249242,14.369906425476074,20882300
2009-05-21,14.136725167973083,14.413630877721145,13.881680874219734,14.063855171203613,14419300
2009-05-22,14.10757911747339,14.311613456687954,13.91083052761961,14.114866256713867,11265400
2009-05-26,13.983697484514241,14.850846017071747,13.983697484514241,14.603090286254883,15964600
2009-05-27,14.777973473526377,14.807120626476012,14.23145080440027,14.304319381713867,12935100
2009-05-28,14.442776546233839,14.522933673363958,13.670357996210807,13.859819412231445,19222400
2009-05-29,13.9836913515343,14.092995588636983,13.53918587878744,13.85252571105957,18123500
2009-06-01,14.012843979713523,14.836272427001303,14.012843979713523,14.705106735229492,17693200
2009-06-02,14.63223905681611,15.127753352724708,14.435490488167774,15.003874778747559,12236900
2009-06-03,14.836271955755498,15.062167645587735,14.595801991771687,14.792549133300781,11302000
2009-06-04,14.807125419391301,14.86542113403932,14.318898288009349,14.639525413513184,10345400
2009-06-05,14.821698856337749,14.87270743003179,14.36261891333258,14.603090286254883,11059500
2009-06-08,14.624949009046047,14.843558949571916,14.304321930202335,14.654097557067871,11315700
2009-06-09,14.690532973199483,15.09131580992702,14.639524400148275,14.909141540527344,16328000
2009-06-10,15.251629216962675,15.29535065004563,14.632236457123716,14.843559265136719,14603000
2009-06-11,14.828978796737456,14.967431565194147,14.508351845003594,14.537500381469727,13325200
2009-06-12,14.471920123381198,14.522928681338096,14.238737349933112,14.464632987976074,11532300
2009-06-15,14.326181411743164,14.399051382104195,14.209590015117143,14.326181411743164,9750800
2009-06-16,14.420919994685073,14.464641442792741,13.867109889095433,13.918118476867676,12527900
2009-06-17,13.859819412231445,14.114863679562282,13.517330879860529,13.859819412231445,19347700
2009-06-18,13.881676467138139,13.939972168070383,13.408023723328752,13.415310859680176,19927800
2009-06-19,13.51733131122159,13.816097025666869,13.502758424816065,13.684932708740234,16475000
2009-06-22,13.553762211426298,13.867102091408212,13.138405213265711,13.59748363494873,13926500
2009-06-23,13.619350115038277,13.655784416566066,13.255001540242343,13.34244441986084,11995600
2009-06-24,13.415315980432023,13.517333148534576,13.131124503643669,13.247715950012207,17091100
2009-06-25,13.21856504112476,13.852532134078597,13.203992155331816,13.75051498413086,13558100
2009-06-26,13.721365650235489,14.297036997547847,13.670357078170717,14.0055570602417,20434100
2009-06-29,14.08571364891586,14.391766459601287,13.976409371502342,14.18773078918457,12944500
2009-06-30,14.165871957093298,14.318897680345453,13.859819120709574,14.144010543823242,11183400
2009-07-01,14.19502128907517,14.377195591213855,14.093004124638988,14.216882705688477,8192800
2009-07-02,14.027418852409227,14.158584549773495,13.488183177595644,13.568340301513672,13313900
2009-07-06,13.553766432192141,13.881679295543911,13.495470719382087,13.75051498413086,11814500
2009-07-07,13.743232589986263,13.757805480809267,13.531909689433771,13.575631141662598,9649000
2009-07-08,13.61206709311183,13.808815716570455,13.42989275062346,13.735945701599121,21406200
2009-07-09,13.830667391414115,13.91811163452036,13.568337441853572,13.808807373046875,11440000
2009-07-10,13.699509999173486,13.903545763117236,13.626641374082084,13.735945701599121,8945000
2009-07-13,13.728649550914094,14.071136589659035,13.619345295134135,14.03470230102539,15193800
2009-07-14,14.027419148201673,14.311610571897333,13.932689136929591,14.260601997375488,10000500
2009-07-15,14.407014040210667,14.685197635715635,14.245959130333464,14.663236618041992,10369500
2009-07-16,14.604674912434545,14.780370075451822,14.38505491143717,14.714484214782715,10552000
2009-07-17,14.736447454605099,15.051235192651172,14.714486428611998,14.948746681213379,15579700
2009-07-20,14.999985190900446,15.19764272692932,14.934099345557488,15.190321922302246,8550800
2009-07-21,15.204965508836334,15.263530557168119,14.80232957979204,15.051231384277344,9460300
2009-07-22,14.97070336869286,15.351375435195749,14.941420150184562,15.190321922302246,9107500
2009-07-23,15.190316714585315,16.03218940986855,15.043903464840302,15.849173545837402,17840900
2009-07-24,15.739364537325772,16.14931968779902,15.629555296557967,16.105396270751953,10519500
2009-07-27,15.900426644817454,16.10540502968177,15.387982777108187,15.578319549560547,12478600
2009-07-28,15.505114697862604,15.841863444930251,15.439228830601339,15.819902420043945,7585000
2009-07-29,15.746691192140794,16.105402256664966,15.666163734041222,15.841858863830566,7103900
2009-07-30,15.915063968872657,16.52267675723571,15.915063968872657,16.2152099609375,11685900
2009-07-31,16.207884313654564,16.60319924632917,16.17860250177138,16.4421443939209,10292000
2009-08-03,16.62516283459688,16.69104866692768,16.33233768884911,16.647125244140625,9872800
2009-08-04,16.61784966320539,16.800865622508088,16.486077949099293,16.551963806152344,12678600
2009-08-05,16.559281189948504,16.720334698183304,16.281096207369423,16.44947052001953,9297700
2009-08-06,16.500717548019633,16.837466201831894,16.405548478863448,16.639808654785156,9711900
2009-08-07,16.764257663367307,17.635413816415618,16.698371821757735,17.459718704223633,12829500
2009-08-10,17.371869513237705,17.38651112087268,16.837463401266174,17.079044342041016,10188500
2009-08-11,17.064402228023948,17.166892082126843,16.830142098018207,17.027799606323242,8601300
2009-08-12,17.00583123924525,17.188847076248663,16.63979956523842,16.72764778137207,15725100
2009-08-13,16.78622370985006,17.101011377618,16.42019179780379,17.064407348632812,13547600
2009-08-14,17.042445778763927,17.13761345845908,16.52267975431857,16.713016510009766,11454100
2009-08-17,14.956058302967891,16.317696930301942,14.824286642735514,14.985340118408203,41075300
2009-08-18,15.102477349262346,15.131760574918038,14.546110024814714,14.633956909179688,41510400
2009-08-19,14.524143571115777,14.838931177968794,14.414334298011406,14.802327156066895,30199500
2009-08-20,14.838938565358404,14.985350536953476,14.743769457335318,14.926785469055176,18285000
2009-08-21,15.021941222807953,15.534384762288465,14.992658016740434,15.490461349487305,18461600
2009-08-24,15.49778411663973,15.68079998887388,15.124431569726031,15.168354988098145,13778600
2009-08-25,15.46849921924413,15.549026641057702,15.23423915175025,15.424575805664062,35281800
2009-08-26,15.329420299019366,16.076124505558028,15.30745787671187,15.805261611938477,17144800
2009-08-27,15.856510447711534,16.032205688015896,15.636891746406492,15.885793685913086,12831100
2009-08-28,15.966319798364054,16.068809735767836,15.622250127305715,15.885793685913086,10567900
2009-08-31,15.775972018508222,15.819896845404886,15.570995078193189,15.73936939239502,8610800
2009-09-01,15.563671512743353,15.819894038984415,15.124433095801592,15.270846366882324,15016400
2009-09-02,15.234242350961923,15.344051606122255,15.043905657077145,15.270846366882324,10583400
2009-09-03,15.278163388725709,15.607591072673454,15.22691777912042,15.60027027130127,9293300
2009-09-04,15.644200242571605,15.849177163440695,15.54171038583651,15.827216148376465,8820600
2009-09-08,16.024874797954315,16.05415801773514,15.856500473116878,15.937027931213379,11099200
2009-09-09,15.929714867006055,15.97363832172028,15.768661268852934,15.900431632995605,10432100
2009-09-10,15.944355084179097,16.061485217334575,15.834544362582177,16.002920150756836,9882000
2009-09-11,16.05416039503215,16.06880200709069,15.622242613412057,15.688128471374512,10675400
2009-09-14,15.563676124748627,15.710088042915366,15.446546031694895,15.636882781982422,8143500
2009-09-15,15.70276752259308,15.754011760139976,15.285490024781033,15.527070999145508,17213100
2009-09-16,15.607602660608864,15.915069565020344,15.55635840925714,15.812581062316895,12479800
2009-09-17,15.87845444570016,16.083431289980826,15.739362018295402,15.856492042541504,13622400
2009-09-18,15.915060783824623,16.149320887207818,15.900419178288084,16.08343505859375,13641800
2009-09-21,15.988276308289425,16.376270693017826,15.812581133025942,16.068803787231445,13044800
2009-09-22,15.89309594065182,15.973623362465394,15.322087375210526,15.424575805664062,23918700
2009-09-23,15.688127758584907,16.14932734706651,15.556356048647045,15.761334419250488,23684800
2009-09-24,15.812575226738927,15.915063691619352,15.607596900677462,15.658841133117676,16353700
2009-09-25,15.439232537954966,15.534400260017229,15.292819154149859,15.40994930267334,14175000
2009-09-28,15.45386415082441,15.724726920316394,15.409939326338732,15.556352615356445,8242900
2009-09-29,15.563675023322398,15.732049345633841,15.497789176104746,15.527070999145508,8732400
2009-09-30,15.58563694358583,15.629560374904473,15.197642677419145,15.329414367675781,12404200
2009-10-01,15.409942507686747,15.409942507686747,14.90481948852539,14.90481948852539,17532200
2009-10-02,14.714480854348116,14.795006912986,14.597350772419631,14.663236618041992,19365900
2009-10-05,14.831610673710125,15.058550028891428,14.69251818026966,14.978022575378418,15603200
2009-10-06,15.117109059683196,15.278163902689014,14.904811397948443,15.139071464538574,18792400
2009-10-07,15.073197530400533,15.175686041263472,14.751088986729707,14.78769302368164,15144200
2009-10-08,15.153720948379457,15.336736895116886,15.007307632469168,15.212285995483398,15740400
2009-10-09,15.20496348202237,15.336735172279008,15.021947555843866,15.329414367675781,17089300
2009-10-12,15.409938059987475,15.629557975466216,15.344052224973902,15.380656242370605,10092500
2009-10-13,15.387984421511879,15.775977417783599,15.25621268832482,15.70277214050293,18071500
2009-10-14,15.923314197118389,16.165913112502242,15.923314197118389,15.974774360656738,17717900
2009-10-15,15.915953636169434,15.989468715297157,15.680706504707526,15.915953636169434,11666900
2009-10-16,15.82774551692694,15.842447419229853,15.548388340407248,15.702770233154297,11405400
2009-10-19,15.702765278487691,16.03358111196226,15.680710328715847,15.996824264526367,11391800
2009-10-20,15.974771615373902,16.099746877711734,15.68071258698608,15.724821090698242,10759100
2009-10-21,15.688060727272575,15.945362845351509,15.261674880981445,15.261674880981445,28537400
2009-10-22,15.269025656599611,15.607193093673494,15.070535342395205,15.563084602355957,18710400
2009-10-23,15.563086287682035,15.666006579296077,15.180808915710154,15.2249174118042,17631300
2009-10-26,15.246983929101493,15.394014230547898,14.908816198833582,14.952924728393555,16922100
2009-10-27,14.967621404076766,15.011729914084167,14.614749117464802,14.651507377624512,21423700
2009-10-28,14.695617433670495,14.754429253929024,14.328043206508598,14.335394859313965,17836400
2009-10-29,14.555928458262558,14.776473678650415,14.357439582751908,14.688255310058594,14692500
2009-10-30,14.702964314159527,14.776479416167112,14.305983604628926,14.386850357055664,19405200
2009-11-02,14.408906488077331,14.70296551800053,14.217767768081238,14.394203186035156,12994800
2009-11-03,14.357444419912811,14.555933362296292,14.078087327073451,14.298632621765137,17817600
2009-11-04,14.357447176502072,14.629451269340132,14.217768603264501,14.342743873596191,14021600
2009-11-05,14.438315745422882,14.842648252047558,14.423613841435284,14.754429817199707,12327900
2009-11-06,14.86470086536213,15.482225663537113,14.86470086536213,15.39400863647461,27174300
2009-11-09,15.46017127711444,15.658660278431489,15.357249548159512,15.621903419494629,14602000
2009-11-10,15.585143649694414,15.798335915641648,15.394004934116605,15.445465087890625,15444200
2009-11-11,15.577784130430937,15.776272994418207,15.445457286317211,15.658649444580078,19021100
2009-11-12,15.6219030014135,15.945368679701415,15.6219030014135,15.783635139465332,17345600
2009-11-13,15.89390075901241,16.121796251879086,15.73216729772726,16.062984466552734,17585200
2009-11-16,16.085040805580807,16.3423429369266,15.87184857253462,15.982120513916016,25807100
2009-11-17,15.879203520159114,15.945366979166018,15.364599150590768,15.790985107421875,15744700
2009-11-18,15.69541555413824,15.967419623775587,15.62190044806349,15.871850967407227,13487800
2009-11-19,15.798338890075684,15.879205662479505,15.555739975048516,15.798338890075684,13200300
2009-11-20,15.724817831455239,15.88655131518449,15.54838245099186,15.695412635803223,12593900
2009-11-23,15.783632285780858,16.195316311781728,15.783632285780858,16.08504295349121,16228100
2009-11-24,16.136504063297718,16.246776016362688,16.055637310030896,16.180612564086914,13404400
2009-11-25,16.2026696419667,16.349698464620992,16.107099575166476,16.28353500366211,7700900
2009-11-27,15.857150532805418,16.320294803286266,15.768933511312868,16.143857955932617,5806900
2009-11-30,16.136502474649998,16.27617961376182,15.842442092515217,16.033580780029297,10674000
2009-12-01,16.23942504571528,16.68051427862489,16.187964892276227,16.599647521972656,17239500
2009-12-02,16.511419769502417,16.761370146613277,16.504069525043178,16.651098251342773,11129800
2009-12-03,16.68786995059174,16.70992350613171,16.445271024361627,16.52613639831543,11753300
2009-12-04,16.73197912173624,17.018686572503615,16.62170713314759,16.8201961517334,13239800
2009-12-07,16.783430426708797,16.908405655028965,16.64375190042539,16.746673583984375,9302900
2009-12-08,16.599650367459944,16.75403225642503,16.40115996829809,16.695219039916992,12111900
2009-12-09,16.842245264511597,16.842245264511597,16.562889563570263,16.76873016357422,11442600
2009-12-10,16.761381354091135,17.106901966402745,16.761381354091135,16.97457504272461,11644600
2009-12-11,17.099543104254746,17.570037388102666,17.018676373399547,17.555334091186523,19077500
2009-12-14,17.614148059582956,17.834693334106447,17.614148059582956,17.768529891967773,18617400
2009-12-15,17.60680355289969,17.70237222149035,17.533288437423074,17.6435604095459,13216900
2009-12-16,17.680317123371648,17.80529239801709,17.40096136943817,17.415664672851562,15213500
2009-12-17,17.283337746499424,17.621505311902276,17.283337746499424,17.415664672851562,13647200
2009-12-18,17.503873890992274,17.503873890992274,17.261275101485783,17.36419677734375,18193300
2009-12-21,17.41566226338449,17.643557826025805,17.40095896200531,17.52593421936035,7558200
2009-12-22,17.57003935020592,18.011128491662983,17.503875908878175,17.540634155273438,17401900
2009-12-23,17.555338447863427,17.60679999984104,17.13630419704745,17.320091247558594,14383800
2009-12-24,17.290686611864164,17.408310215848225,17.253928359254168,17.386255264282227,3338600
2009-12-28,17.423013516892222,17.533285470354283,17.26863166029817,17.386255264282227,5692300
2009-12-29,17.430371031301885,17.452425992061773,17.29069381970957,17.356857299804688,4503100
2009-12-30,17.253928578972307,17.415662088147936,17.195116776231348,17.298038482666016,4635300
2009-12-31,17.283332527398766,17.34949597059526,17.17306058946587,17.195114135742188,5132800
2010-01-04,17.283333633912903,17.34214543138795,17.0113281942259,17.026031494140625,9616700
2010-01-05,16.996633913626034,17.003984164693595,16.717276698786257,16.8496036529541,14428400
2010-01-06,16.790785068323125,17.033383919220398,16.724621617879873,16.893705368041992,12448200
2010-01-07,17.08484344528263,17.503877681334263,16.9598681992511,17.378902435302734,16572300
2010-01-08,17.28333982330935,17.378908502611786,17.09220106252012,17.342151641845703,8668900
2010-01-11,17.34949597059526,17.356847620081954,17.055437002046276,17.195114135742188,7975300
2010-01-12,17.07014374816296,17.253930830989717,16.91576327163688,17.151010513305664,10248100
2010-01-13,17.24657816686471,17.275984771438925,16.989277387760758,17.07014274597168,10514000
2010-01-14,17.195116880381427,17.217171832361867,17.033384772410173,17.04808807373047,10643500
2010-01-15,17.018569828245063,17.217833564174267,16.974289467254337,17.07023048400879,12862400
2010-01-19,17.025952145038737,17.15879465143473,16.966911187490236,17.05547332763672,9619900
2010-01-20,16.930007662143613,17.21045180135954,16.760263712138187,16.826684951782227,15221200
2010-01-21,16.811929835359702,17.003813306535424,16.64218584431934,16.893110275268555,13639900
2010-01-22,16.804549672208335,17.26211676215634,16.428163022810608,16.465063095092773,12236800
2010-01-25,16.5757596799516,16.605280854919844,16.22151402621528,16.32483673095703,13266300
2010-01-26,16.243656155994945,16.524100301513833,16.191995503476768,16.206754684448242,13760700
2010-01-27,16.2362746136994,16.605280854919844,16.184613965152078,16.32483673095703,14136200
2010-01-28,16.39863464382613,16.42815581481722,16.07391020880559,16.221511840820312,15261200
2010-01-29,16.37649070124178,16.420771037989716,15.948443692287686,15.9779634475708,21935300
2010-02-01,16.0296239329148,16.2288875579834,15.992723887226472,16.2288875579834,12454300
2010-02-02,16.21413568773843,16.708604166907737,15.918930940692709,16.664323806762695,16244400
2010-02-03,16.487199740148263,16.59052104206711,15.985351003433005,16.31745719909668,38815000
2010-02-04,16.15509152040126,16.302694568346748,15.918927769806073,15.941068649291992,18434400
2010-02-05,15.933690071105955,16.103432609160112,15.712286883004634,15.933690071105957,15147100
2010-02-08,16.05914878845215,16.428154960776013,16.029627618995757,16.05914878845215,12352900
2010-02-09,16.251031298190494,16.28793135039145,15.985346417873961,16.118188858032227,16562900
2010-02-10,16.118188082351036,16.155088132776193,15.845122923206109,16.088666915893555,9638600
2010-02-11,16.162472595534357,16.40601665107464,15.955830007589302,16.361736297607422,12708300
2010-02-12,16.265796054688167,16.37649764733536,16.073912637197708,16.35435676574707,11256900
2010-02-16,16.45029542897706,16.78978042340624,16.398633383712497,16.782400131225586,8992800
2010-02-17,16.944769165679226,17.107132843799018,16.87834932457711,17.01119041442871,11773500
2010-02-18,16.959527363087798,17.121891018298918,16.8340651784461,17.084989547729492,8571100
2010-02-19,17.033330417791067,17.136651729318526,16.819307499963152,17.07023048400879,18888700
2010-02-22,17.291632512213116,17.321152279232773,16.885724806427927,17.02594757080078,25810200
2010-02-23,17.04070655659888,17.12188837165563,16.752882168884145,16.834062576293945,16679500
2010-02-24,16.848821798456786,17.45399169679463,16.848821798456786,17.446611404418945,16583800
2010-02-25,17.05547186664152,17.616361619129414,17.05547186664152,17.57946014404297,16795100
2010-02-26,17.57207920400106,17.690161104648528,17.490898777085484,17.49827766418457,13102300
2010-03-01,17.557315130335027,17.71229705388602,17.4170923845173,17.69753646850586,9701600
2010-03-02,17.697541518965682,17.712302108558166,17.424477649741235,17.483518600463867,9887000
2010-03-03,17.483511067016018,17.69753389329781,17.365429216450888,17.43185043334961,9627100
2010-03-04,17.365438091317,17.579461026978404,17.365438091317,17.557321548461914,10692700
2010-03-05,17.616354068445812,17.82299660976986,17.594213192883917,17.749195098876953,10758900
2010-03-08,17.771336949649037,17.808237003297027,17.653255088799288,17.675395965576172,9528200
2010-03-09,17.631111073044828,17.882035334588622,17.601591316911385,17.71967315673828,11145800
2010-03-10,17.697541831921647,17.955846523768667,17.653261470008463,17.926326751708984,9675300
2010-03-11,17.896799835125652,18.169865029294257,17.82299831716277,18.147724151611328,8535900
2010-03-12,18.280567727785844,18.450310244197187,18.169866147850055,18.413410186767578,16217100
2010-03-15,18.450302905842488,18.50934381883533,18.280560456943874,18.47982406616211,8989200
2010-03-16,18.472450142468315,18.634812357243895,18.34698798316317,18.48720932006836,12994700
2010-03-17,18.5536312141483,18.679093377971327,18.48720998579217,18.568391799926758,12615600
2010-03-18,18.59792293182372,18.649583602068883,18.317477282424722,18.37651824951172,10390100
2010-03-19,18.28795051574707,18.45769305531565,18.192008101105937,18.28795051574707,16328800
2010-03-22,18.19200863209041,18.47245418253006,18.17724804361523,18.383892059326172,12325400
2010-03-23,18.265812941871342,18.324853897094727,18.051788599406944,18.324853897094727,12291600
2010-03-24,18.265805822357926,18.265805822357926,17.970601161303737,17.992740631103516,9807300
2010-03-25,18.08867890997346,18.169860701159486,17.96321678161621,17.96321678161621,12777600
2010-03-26,18.03702000601743,18.147721563349858,17.941077624055097,18.066539764404297,12185400
2010-03-29,18.08868312857355,18.16986493869261,17.90418003840978,17.94108009338379,7946500
2010-03-30,18.000116827984474,18.118198665538763,17.94107590920733,17.96321678161621,6960400
2010-03-31,17.90417250510727,17.963213412811935,17.830371018564865,17.88941192626953,9008600
2010-04-01,17.98536621160505,18.1698693465275,17.970605622975924,18.110828399658203,10097500
2010-04-05,18.155106419303472,18.3543701171875,18.103445773403248,18.3543701171875,7051800
2010-04-06,18.361754862200943,18.494597369847444,18.25105324171135,18.435556411743164,9998200
2010-04-07,18.398655212823172,18.752900939730992,18.354374848871544,18.63481903076172,15400800
2010-04-08,18.58315713986543,18.95954372762613,18.546255665978716,18.8857421875,13680000
2010-04-09,18.915258407592773,18.944779581159498,18.656955177119094,18.915258407592773,8599600
2010-04-12,18.885737611673914,18.893117904663086,18.72337538885301,18.893117904663086,7762400
2010-04-13,18.767656040589255,19.417106349951357,18.767656040589255,19.350685119628906,17079500
2010-04-14,19.45401005590926,19.653272362177663,19.284266110177242,19.62375259399414,18419100
2010-04-15,19.586850521258306,19.778732513872313,19.527808175657697,19.675411224365234,12021600
2010-04-16,19.60161370593122,19.71969560597048,19.27688918464691,19.40235137939453,13036500
2010-04-19,19.402345572549482,19.594886684601878,19.194991758631584,19.587482452392578,10543800
2010-04-20,19.654138954457984,19.97997896390763,19.654138954457984,19.713382720947266,13457700
2010-04-21,19.77262261420089,19.83927201500581,19.572674411786128,19.743000030517578,9195900
2010-04-22,19.705968168127615,20.513165004560438,19.587480688695475,20.387271881103516,16084500
2010-04-23,20.409478151462345,20.920456057748194,20.22434137219024,20.898239135742188,18839200
2010-04-26,20.839011415425865,21.135231619575716,20.824201535204466,20.853822708129883,18536500
2010-04-27,20.79457864833468,20.79457864833468,19.93554345871194,19.994787216186523,23812600
2010-04-28,20.2021332304592,20.40207995150843,19.809642606766182,20.016996383666992,14724000
2010-04-29,20.17251857281309,20.431710542527263,20.142897400193455,20.291006088256836,12925500
2010-04-30,20.335437392925048,20.542791239359637,20.068841204632022,20.08365249633789,17271200
2010-05-03,20.209547652434097,20.68349773410191,20.06884319225797,20.54279327392578,10810800
2010-05-04,20.365061198169993,20.461331775068995,19.9207323077134,19.972570419311523,17534400
2010-05-05,19.8022412808028,20.120676952709825,19.06909937715941,19.735591888427734,19311300
2010-05-06,19.61710180489195,19.81704995563117,17.876815012776188,18.898771286010742,19162800
2010-05-07,18.906175034740446,19.224609220221318,18.350764502242008,18.743253707885742,22869200
2010-05-10,19.728185379477488,19.942944837165943,19.506021689611487,19.772619247436523,17308800
2010-05-11,19.676347424532928,20.187325609973996,19.57267122349474,20.068838119506836,18227400
2010-05-12,20.157702575680727,20.29840699711232,19.80224011231043,20.039215087890625,16967500
2010-05-13,20.05403529157546,20.07625223509302,19.37273122768217,19.439380645751953,15105500
2010-05-14,19.298672310791904,19.498620525102293,19.091319862602713,19.30607795715332,16935900
2010-05-17,19.083911506839062,19.180182070904408,18.20265948970124,18.70623207092285,40981500
2010-05-18,18.639583667633705,18.698827420784415,17.99530661619755,18.291526794433594,26834500
2010-05-19,18.165635879990255,18.506287149446123,18.03233706586138,18.380393981933594,19058900
2010-05-20,18.01011835957748,18.05455082243494,17.484330213730356,17.550979614257812,25295300
2010-05-21,17.306595044310367,18.00270865109079,17.099241243630672,17.921249389648438,22426500
2010-05-24,17.89903318299547,18.180440612312893,17.758328762095626,17.90643882751465,14303800
2010-05-25,17.469520567906727,18.09158075645103,17.425088100862894,18.08417510986328,18928700
2010-05-26,18.335955220641292,18.476659633087724,17.9582758477475,18.024925231933594,20492300
2010-05-27,18.27672238673772,18.624779391029406,18.113800944848954,18.602563858032227,13537400
2010-05-28,18.802515932708047,18.802515932708047,18.202672363193194,18.32856559753418,11274000
2010-06-01,18.2026674752927,18.43223693068661,17.9879093170166,17.9879093170166,10536700
2010-06-02,18.032335681356443,18.098985083303607,17.81757618341946,18.09157943725586,16284300
2010-06-03,18.10638559389848,18.291522455134732,17.832382417776675,18.098979949951172,12868800
2010-06-04,17.810170083507135,17.83979266694324,17.328814402530664,17.417680740356445,16140300
2010-06-07,17.484324837940527,17.58059537994578,17.269565410608823,17.32140350341797,16814800
2010-06-08,17.37325622374105,17.402878823134106,17.02519915577235,17.306608200073242,16035200
2010-06-09,17.425081313135756,17.59540688085776,17.15107814605427,17.239944458007812,11686700
2010-06-10,17.45470914495696,17.669468656956976,17.328815978866555,17.6546573638916,12304600
2010-06-11,17.469516482323026,17.647247721415138,17.202918917443697,17.3880558013916,10495800
2010-06-14,17.536174216529997,17.70649989180023,17.32141465098518,17.365848541259766,10096900
2010-06-15,17.513942567345484,17.721296310424805,17.180697144964434,17.721296310424805,9964600
2010-06-16,17.52875318081022,17.573185619597485,16.995559677917772,17.180696487426758,18229500
2010-06-17,17.210326229316923,17.225137520463157,16.558644956189717,16.79561996459961,22320700
2010-06-18,16.810430118945742,17.01037688596871,16.684536977681162,16.75118637084961,30122400
2010-06-21,16.891889116739723,17.017782255969394,16.6178873159049,16.66972541809082,13461300
2010-06-22,16.78821319779815,16.832645655786894,16.092098097723426,16.114315032958984,20283600
2010-06-23,16.077285903448836,16.38091168466403,15.862527858178336,16.18096351623535,13977400
2010-06-24,15.81069732054757,16.018049820336188,15.595937760071681,15.729236602783203,15902100
2010-06-25,15.707009242278234,15.995823680790775,15.640361277602143,15.795875549316406,21273000
2010-06-28,15.832908420346616,15.914369115306533,15.677394089040487,15.721826553344727,8009500
2010-06-29,15.507066785948039,15.53668795478183,15.18122545388184,15.255280494689941,16668000
2010-06-30,15.240475848466145,15.447829770633039,15.077555817645539,15.121988296508789,11343100
2010-07-01,15.218257352372762,15.373773131274904,14.825767906181573,15.114581108093262,22597500
2010-07-02,15.20344014914423,15.210845793381818,14.81835512368292,15.010897636413574,11921600
2010-07-06,15.136791116912415,15.284899767675684,14.61840730803536,14.781327247619629,16062300
2010-07-07,14.840574298844693,15.121981759983374,14.544354134510387,15.099764823913574,18584100
2010-07-08,15.21084533174873,15.284898946912739,14.840571606000013,14.981274604797363,14387500
2010-07-09,14.973868347892706,15.136789684542235,14.82575971114472,15.12938404083252,19708600
2010-07-12,15.077549934387207,15.18122614877469,14.892413030133858,15.077549934387207,17236900
2010-07-13,15.218256878669315,15.78107338185015,15.15901311057043,15.669991493225098,17774900
2010-07-14,15.618145875463215,15.618145875463215,15.284898957074942,15.455225944519043,11120400
2010-07-15,15.47003877836849,15.514472650972017,15.181225668857772,15.46263313293457,9586200
2010-07-16,15.395980005816591,15.395980005816591,14.803541281354818,14.840569496154785,14778100
2010-07-19,14.915037082532438,14.937375219841734,14.706538805883017,14.84057331085205,8218900
2010-07-20,14.676757161451748,15.20544882179587,14.624632931617555,15.138431549072266,11511000
2010-07-21,15.19054757178092,15.197994089202433,14.78844557296509,14.877800941467285,10141500
2010-07-22,15.04162013327777,15.585203073726513,15.019280583019576,15.51073932647705,13812300
2010-07-23,15.458628993714171,15.741589782704974,15.332040935941652,15.71925163269043,12254300
2010-07-26,15.808592628121058,16.24792716716499,15.6968977192728,16.233034133911133,12603400
2010-07-27,16.344736991463762,16.374521649590257,15.66711933081493,15.749028205871582,14993100
2010-07-28,15.696906846703369,15.868172567876737,15.317142799572,15.413946151733398,11207700
2010-07-29,15.6224385350343,15.644778091438234,14.989498639705253,15.250121116638184,14500600
2010-07-30,15.123533328504257,15.495850751600814,15.034177942316907,15.443726539611816,11694200
2010-08-02,15.68945240795932,15.935181794414328,15.495847221619325,15.883057594299316,9355800
2010-08-03,15.801150924917732,15.845830038289662,15.376709289832176,15.443726539611816,11929000
2010-08-04,15.57776180833832,15.734134452026362,15.495851516723635,15.495851516723633,11262100
2010-08-05,15.428833501821174,15.592654076961743,15.242674790272895,15.443726539611816,10953600
2010-08-06,15.279903669895331,15.354367420466648,15.041620804289447,15.101191520690918,15673200
2010-08-09,15.18310302204135,15.235227230469091,15.108640678732094,15.12353229522705,10990000
2010-08-10,15.011833433442035,15.034172982758504,14.758657555633214,14.833121299743652,13426500
2010-08-11,14.691641404458448,14.833122386607204,14.408680860438826,14.751212120056152,19107200
2010-08-12,14.60974410681962,14.766116826268076,14.483156058575103,14.69909954071045,9941000
2010-08-13,14.609739998731957,14.937378391242268,14.557614353293912,14.587400436401367,13805000
2010-08-16,14.95226833830706,15.168213135308797,14.579950898189576,14.669307708740234,25994300
2010-08-17,14.90758773755718,15.145870625544507,14.728875571566682,14.885248184204102,18203600
2010-08-18,14.92248005319465,15.495847692147917,14.907587018344442,15.480956077575684,19607100
2010-08-19,15.354373309632642,15.525639007441047,14.989500933914277,15.190552711486816,17823900
2010-08-20,15.093750472089456,15.428835340645152,15.02673321432263,15.369264602661133,12040200
2010-08-23,15.592655414778084,15.637333111705011,15.063963890075684,15.063963890075684,20860700
2010-08-24,14.877803505582035,15.212889745910639,14.728877392319049,15.05651569366455,22442200
2010-08-25,14.93737528481399,15.510744482885114,14.929928765585732,15.421387672424316,19268100
2010-08-26,15.56286672700524,15.622437453011573,15.369261512415125,15.376708030700684,15372200
2010-08-27,15.46606542149925,15.74902602578437,15.279906718073244,15.71179485321045,17964900
2010-08-30,15.667113216799304,15.674558313216723,15.227778673724183,15.235223770141602,13174400
2010-08-31,15.153315720007466,15.443722784929898,15.078851969436151,15.101191520690918,16637800
2010-09-01,15.250130399621618,15.853286007173537,15.242683876287497,15.81605339050293,13041400
2010-09-02,15.883065783488485,16.456435120934394,15.845834598575339,16.33729362487793,18434900
2010-09-03,16.61280683572485,16.75428788666805,16.188365103173833,16.352184295654297,11768700
2010-09-07,16.240484983996904,16.270271058452447,15.98730903223758,16.0319881439209,8348200
2010-09-08,15.994755321939515,16.15857588854406,15.96497066818844,16.0394344329834,8348400
2010-09-09,16.173466321701746,16.26282311697218,16.009647187363715,16.061771392822266,7083500
2010-09-10,16.061776851743236,16.240489082745,16.00965262856921,16.024545669555664,6703000
2010-09-13,16.143685116017384,16.359628501907316,16.06922134077733,16.16602325439453,6542500
2010-09-14,16.143683082572785,16.218146848433445,15.964970896674124,16.0319881439209,9771800
2010-09-15,15.95007995500773,16.039436769836087,15.778814265221639,15.994757652282715,8163900
2010-09-16,15.890504568413643,15.987306454228115,15.734130543294299,15.868165016174316,8565100
2010-09-17,15.935190978001062,15.987315208155714,15.607551133813432,15.652230262756348,14891700
2010-09-20,15.74157930308394,16.04687945912133,15.696901612518955,15.979862213134766,11164800
2010-09-21,16.05432924404036,16.381969022161563,15.93518776477419,16.151132583618164,13061200
2010-09-22,16.113897891718743,16.292610087417042,16.05432715981931,16.20325469970703,10494000
2010-09-23,16.061776851743236,16.307506346905484,15.972421446381636,16.024545669555664,8182200
2010-09-24,16.25538080372553,16.77662583369562,16.188363545007135,16.73939323425293,12670400
2010-09-27,16.694718045857638,16.73194923062094,16.56068350826388,16.583023071289062,7121700
2010-09-28,16.530902220585336,16.739399170286656,16.3075108055467,16.687274932861328,11880500
2010-09-29,16.61280625502323,16.828751084192305,16.45643358861406,16.52345085144043,12385400
2010-09-30,16.597909927368164,16.80640675678306,16.47132195796135,16.597909927368164,11853300
2010-10-01,16.664920066498958,16.90320430784562,16.52344052916276,16.642581939697266,10985400
2010-10-04,16.57556961048846,16.761728296922143,16.35962485249192,16.56067657470703,12470300
2010-10-05,16.67981719942379,16.97022570175555,16.605353444459805,16.880868911743164,11410900
2010-10-06,16.895761946791563,16.932993114134558,16.724494884290987,16.880868911743164,9561900
2010-10-07,16.910654478639323,17.05958199664375,16.709604175694835,16.851083755493164,11956400
2010-10-08,16.93300007037983,17.007463855934287,16.813858581604133,16.903215408325195,13676500
2010-10-11,16.895766187594674,17.00001461854361,16.754285159679444,16.82130241394043,5210300
2010-10-12,16.71705870278,16.754289889979564,16.38941885836457,16.411758422851562,21676600
2010-10-13,16.516007044208138,16.530900087344623,16.20326023973582,16.30006217956543,15558800
2010-10-14,16.359623897624207,16.38196344999245,16.00964609885626,16.143680572509766,12710300
2010-10-15,16.233041133731987,16.3000583919949,15.845832044108802,16.05432891845703,20615200
2010-10-18,15.971996023689499,15.994450140108608,15.627706709737836,15.75494384765625,23215100
2010-10-19,15.590284609934256,16.024387534439153,15.567830493515148,15.75494384765625,18267300
2010-10-20,15.784882229925927,16.233954552869847,15.71752131010626,16.204015731811523,15242800
2010-10-21,16.29383283155349,16.742905211386613,16.24892459427696,16.503398895263672,21890300
2010-10-22,16.525851022664938,16.525851022664938,16.33873767257699,16.465974807739258,7189900
2010-10-25,16.51837301789385,16.600703382148872,16.338744300251925,16.36119842529297,7775000
2010-10-26,16.256412506103516,16.45101062332287,16.15911416127485,16.256412506103516,6384000
2010-10-27,16.11420821850906,16.121692926604524,15.852249145416272,16.06181526184082,14100200
2010-10-28,16.129171194469222,16.166594723315946,15.897151025866156,16.001934051513672,6832200
2010-10-29,15.986969536857503,16.024391646263517,15.882185060909126,15.972000122070312,7759100
2010-11-01,15.949545303874217,16.16659752613075,15.7848860310865,15.859731674194336,9258300
2010-11-02,16.016908777726186,16.495920112976506,15.972001955770953,16.406105041503906,11238800
2010-11-03,16.51837281017306,16.533342226678847,16.174084795912705,16.406105041503906,8872900
2010-11-04,16.59321527736875,16.705483024469814,16.49591694389765,16.690513610839844,8339500
2010-11-05,16.668061667849877,16.817751528198535,16.555793915697905,16.68303108215332,8690800
2010-11-08,16.480939422987706,16.615661224261576,16.346217621713837,16.5333309173584,7195300
2010-11-09,16.53333562564527,16.548305036174433,16.136654811991857,16.204015731811523,10207200
2010-11-10,16.248929227649885,16.37616641442485,16.129176749221934,16.36119842529297,11885300
2010-11-11,16.21898850199062,16.690513610839844,16.12917344777265,16.690513610839844,12176600
2010-11-12,16.60070324596907,16.608187954254685,16.166600158338266,16.23396110534668,14403800
2010-11-15,16.278867513922936,16.825238356832802,15.986971036010397,16.06181526184082,21399500
2010-11-16,16.046841925836702,16.53333636942781,15.971996297385386,16.144140243530273,22655500
2010-11-17,16.159115315400996,16.204022137178356,15.994456017175928,16.10672378540039,14166300
2010-11-18,16.271373089779424,16.361188105732058,16.159105390509566,16.1965274810791,10614600
2010-11-19,16.181558435468638,16.57823770859597,16.12916551353679,16.5333309173584,14257900
2010-11-22,16.480946729205613,16.765358436541845,16.368678987561356,16.712966918945312,13749900
2010-11-23,16.578242073253147,16.600696188564147,16.413582843657085,16.51836585998535,11923800
2010-11-24,16.525844833534766,17.01233907605309,16.525844833534766,16.95994758605957,13171400
2010-11-26,16.817747116578783,16.825231821767122,16.64560317993164,16.64560317993164,4467300
2010-11-29,16.578246143753653,16.840205176455335,16.44352427393211,16.735422134399414,11814900
2010-11-30,16.21898361340512,17.13958086074203,16.21149890884611,16.989891052246094,20740900
2010-12-01,17.177007973143574,17.783254893501073,17.177007973143574,17.77577018737793,20397200
2010-12-02,17.603624268267367,18.741273776145405,17.603624268267367,18.651458740234375,37056700
2010-12-03,18.441889570647387,18.666426425895292,18.284715056779145,18.606550216674805,18646300
2010-12-06,18.531711378125813,18.61404173126026,18.49428784144563,18.576618194580078,12216800
2010-12-07,18.67392042203476,18.913425378086668,18.62901217210342,18.823610305786133,24580800
2010-12-08,18.778694550410943,19.23525154792753,18.75624043612667,19.205312728881836,18275400
2010-12-09,19.242735354842072,19.31009627198773,18.65145793802755,18.84605598449707,22861200
2010-12-10,18.85354485103806,19.04814294046153,18.83857543779891,18.87599754333496,15847700
2010-12-13,18.823613461130588,19.010726917856662,18.681406834301306,18.711345672607422,15995100
2010-12-14,18.636488979252288,18.890963244060423,18.606551586219204,18.793664932250977,16494300
2010-12-15,18.80115733652875,19.003238748049228,18.74128109838155,18.83109474182129,15947000
2010-12-16,18.81611987476662,19.08556358215801,18.81611987476662,19.048141479492188,9729800
2010-12-17,19.0855611056681,19.197828826659723,18.831086843387602,18.838571548461914,22489800
2010-12-20,18.883484453555145,19.250226555340188,18.846062343652132,19.130474090576172,12928500
2010-12-21,19.205319815300385,19.35501111063933,19.19783510777724,19.22028923034668,10857800
2010-12-22,19.205312460260256,19.34003428895862,19.137951545911076,19.212797164916992,5773300
2010-12-23,19.175376247996684,19.302613379860183,19.010715590548898,19.10053062438965,7362200
2010-12-27,19.003233858568574,19.130471010338866,18.920904944525507,19.070594787597656,5792100
2010-12-28,18.928394794730448,19.033177856112623,18.733796661047737,18.823610305786133,7131700
2010-12-29,18.786180954477306,18.988263718630755,18.726304738531276,18.733789443969727,5645700
2010-12-30,18.718824929318778,18.823607977741716,18.66643340510731,18.703855514526367,5599600
2010-12-31,18.688883190513874,18.801152356418513,18.576615452170977,18.77121353149414,5001000
2011-01-03,18.868516855327492,19.025692872690225,18.81612532539396,18.83109474182129,7423700
2011-01-04,18.88348690428181,18.88348690428181,18.299693919682227,18.382022857666016,11745200
2011-01-05,18.35207983175452,18.561645894336834,18.24729537290163,18.471832275390625,12308700
2011-01-06,18.434401538994294,18.45685564873498,17.962876654929318,18.0601749420166,13235300
2011-01-07,18.120063583435527,18.247300770883868,17.8805586253121,17.95540428161621,9215400
2011-01-10,17.903006040183005,18.247293931551127,17.835645117513305,18.194902420043945,9647200
2011-01-11,18.314659863837505,18.49428856423674,18.194907396904682,18.254783630371094,8830600
2011-01-12,18.307173797130783,18.404473561516674,18.224844874452618,18.292205810546875,7136900
2011-01-13,18.23232188586275,18.46434199694211,17.618590440552715,18.374526977539062,11305300
2011-01-14,18.276795537356957,18.915844633205854,18.246723397898315,18.79555320739746,13379300
2011-01-18,18.833144115766316,18.983509118018663,18.727889474581833,18.803071975708008,7933500
2011-01-19,18.74292772431447,18.75044611841252,18.23920679164142,18.34446144104004,12044500
2011-01-20,18.397086787411464,19.171464088393623,18.389568394121902,19.021099090576172,18477200
2011-01-21,19.15642786681801,19.163946260329322,18.788035188685384,18.803071975708008,11254300
2011-01-24,18.74293182051825,18.900813829120757,18.697822880058585,18.848186492919922,6561600
2011-01-25,18.803077706025896,19.231616228861007,18.79555931022332,19.21657943725586,11001000
2011-01-26,19.284233949630515,19.75036421904801,19.239125031295487,19.434598922729492,18679100
2011-01-27,19.479708693328444,19.76540186791863,19.366935675563568,19.72780990600586,12367800
2011-01-28,19.615041747796155,19.69774265050638,18.96847418257892,18.983510971069336,12166100
2011-01-31,18.893294410046668,19.021104262749184,18.615120952627084,18.645193099975586,17394300
2011-02-01,18.7128523144091,18.908326239844463,18.539933569057904,18.79555320739746,12794000
2011-02-02,18.690301864771076,18.750447588283336,18.224171432060693,18.239208221435547,18374200
2011-02-03,18.284313286984297,18.562488095614345,18.21664918310096,18.419641494750977,11599800
2011-02-04,18.39709271212861,18.667749221769217,18.35198377185096,18.577529907226562,11168000
2011-02-07,18.61511754722594,18.66022647699022,18.45723414207042,18.509862899780273,10225300
2011-02-08,18.517374270094965,18.7053297603614,18.472265353947268,18.607593536376953,10912300
2011-02-09,18.547452097517155,18.607597810859446,18.329422990409526,18.39708709716797,12913900
2011-02-10,18.36701774597168,18.442200257560486,18.23168951190926,18.36701774597168,11646400
2011-02-11,18.31438661722632,18.915843717140632,18.14146644626247,18.863216400146484,12499400
2011-02-14,18.86322082253855,19.01358584976291,18.795556703686305,18.92336654663086,8313800
2011-02-15,18.78803791554132,19.2391315537822,18.75044737651589,19.231613159179688,13664400
2011-02-16,19.254165725784812,19.569931086232998,19.254165725784812,19.389493942260742,11011200
2011-02-17,19.284239055399333,19.690223729864623,19.20905654894424,19.652631759643555,12717200
2011-02-18,19.599998088759257,19.87817284237284,19.509780257415688,19.772916793823242,16534900
2011-02-22,19.92328733998251,20.005988236873367,19.344383929720486,19.539857864379883,21878600
2011-02-23,19.366934600944965,19.983428402239657,18.893285945032556,19.344379425048828,25671300
2011-02-24,19.299275873333993,19.344384803681997,18.795554943489005,18.87825584411621,15930100
2011-02-25,18.99854278564453,19.17897989832897,18.923360296862672,18.99854278564453,13123500
2011-02-28,19.096282744789303,19.675186157226562,19.096282744789303,19.675186157226562,17264100
2011-03-01,19.81051206658252,19.863139382669676,19.15642622695989,19.171463012695312,13438600
2011-03-02,19.03613999249663,19.464678464737297,18.97599426716438,19.38197898864746,12932300
2011-03-03,19.509785631086324,19.810514208373576,19.381975806490868,19.75788688659668,16293600
2011-03-04,19.750365083153522,19.95335737552233,19.47219030094589,19.72780990600586,13938100
2011-03-07,19.720293465293743,19.90824899149895,19.442120089542676,19.547374725341797,12491100
2011-03-08,19.562410134668163,20.133795066192718,19.547373349473283,20.005985260009766,13295700
2011-03-09,19.938329444152956,20.299203834837545,19.900737465547877,20.163875579833984,11550500
2011-03-10,19.84058939726083,20.141319454736852,19.772925277727442,20.058618545532227,16060600
2011-03-11,19.900735771298173,20.45708410140236,19.900735771298173,20.254093170166016,14946500
2011-03-14,20.103731378805136,20.22402285152598,19.825557885883484,20.15635871887207,11427900
2011-03-15,19.88569638928418,20.118760853660607,19.660148884479657,20.028541564941406,14875900
2011-03-16,20.058613986057864,20.07365077231113,19.53233793908853,19.547374725341797,19004500
2011-03-17,19.863140695579684,19.92328640851005,19.52482016410456,19.607521057128906,15306600
2011-03-18,19.840581885948726,19.90072758787634,19.607517470227567,19.697736740112305,19753300
2011-03-21,19.915767964039016,19.953359930765846,19.667666719589555,19.7879581451416,15661300
2011-03-22,19.780440335180277,19.938323732115606,19.705257833496166,19.885696411132812,11005700
2011-03-23,19.83306855049893,20.291680540864025,19.765405873317746,20.276643753051758,12990400
2011-03-24,20.344312292622515,20.61496879620984,20.17891189264544,20.509714126586914,12413100
2011-03-25,20.434532537952002,20.637524924908785,20.374386804852296,20.44205093383789,9449700
2011-03-28,20.434521020573538,20.457074761531988,20.01350112617234,20.088682174682617,9113500
2011-03-29,20.148836701592245,20.284164942579963,20.09620937098307,20.24657440185547,8411900
2011-03-30,20.329272510394695,20.396935187575878,20.156352318527635,20.276643753051758,5161900
2011-03-31,20.20898184799553,20.22401863744929,19.742852846826377,19.870662689208984,12918300
2011-04-01,19.90073687159995,20.17891176902581,19.84810953711089,20.103729248046875,8607500
2011-04-04,20.06613366548285,20.284161344183943,19.855622946403386,19.98343276977539,7130500
2011-04-05,20.07365478354693,20.27664570258138,19.960880298099053,20.133800506591797,9479900
2011-04-06,20.178911538578692,20.276647810944016,19.93832862138346,20.051101684570312,8510900
2011-04-07,19.98343733044485,20.20898345422922,19.863145873228216,19.99847412109375,11326800
2011-04-08,20.126285035216267,20.254094894498813,19.990956780212706,20.163875579833984,9821400
2011-04-11,20.133800506591797,20.366865004142255,20.043581205030925,20.133800506591797,8499700
2011-04-12,20.005996437742965,20.44957181091862,19.99095964414674,20.366870880126953,10722100
2011-04-13,20.434529219223602,20.44204761388844,20.11124541857124,20.231536865234375,7926500
2011-04-14,20.178915262136847,20.434535017322396,20.066142178140296,20.366870880126953,8900300
2011-04-15,20.43452777458498,20.53978242447735,20.26912597162604,20.336790084838867,10331900
2011-04-18,20.110318477363386,20.25374833240507,19.898949680293477,19.974437713623047,11365100
2011-04-19,19.989540727466693,20.223558294841926,19.898954489640783,20.12542152404785,8336900
2011-04-20,20.42737804987137,20.6311992447431,20.110323337796103,20.12542152404785,11029200
2011-04-21,20.170714836084983,20.261302514620514,20.042383131400992,20.132970809936523,7398900
2011-04-25,20.057488333860874,20.080135621377302,19.83102121806782,19.88386344909668,8965500
2011-04-26,19.710228228085747,19.99708652031502,19.559249270170096,19.831010818481445,10300000
2011-04-27,19.876306390279023,20.223557460532167,19.763072877746865,20.18581199645996,12362400
2011-04-28,20.19336314748659,20.28395083065082,19.92915063142016,20.080129623413086,10977200
2011-04-29,20.095226749892685,20.15561805553374,19.732877476204052,19.815916061401367,20025200
2011-05-02,19.914039611816406,20.08011668395846,19.84610069302546,19.914039611816406,7899600
2011-05-03,19.808367870393383,19.808367870393383,19.506411328435416,19.66493797302246,14394900
2011-05-04,19.664932294054974,19.831009424052795,19.355426747948798,19.446014404296875,19315100
2011-05-05,19.4158180389002,19.612090094452743,19.295035456997393,19.446014404296875,17750900
2011-05-06,19.59699388379294,19.74042375417655,19.35542869567871,19.35542869567871,11247400
2011-05-09,19.400721296043812,19.506405695248276,19.32523182239407,19.446014404296875,8619400
2011-05-10,19.453565594352856,19.86120649229181,19.438467410025684,19.785717010498047,9825300
2011-05-11,19.68758406629544,19.83101395501642,19.347882077177925,19.581899642944336,12585600
2011-05-12,19.498865153644058,19.65739326180316,19.234652599940613,19.612098693847656,16015700
2011-05-13,19.657384642547758,19.680030476753313,19.26484053144267,19.446014404296875,11922800
2011-05-16,18.736418157448817,19.310136218011742,18.62318465177609,18.751516342163086,31368400
2011-05-17,18.872299579658893,18.94778906594597,18.592988912349377,18.683576583862305,16095200
2011-05-18,18.64582891120435,18.947785357410343,18.59298527325663,18.9100399017334,14940600
2011-05-19,18.894947443174658,18.894947443174658,18.66847897729371,18.70622444152832,15087900
2011-05-20,18.676023240665113,18.743963618876318,18.442007182294226,18.46465301513672,15534300
2011-05-23,18.306127236430893,18.54769239639259,18.306127236430893,18.40426254272461,12697200
2011-05-24,18.43446544197974,18.46466037775698,18.18535110248714,18.23064422607422,14148100
2011-05-25,18.215543054861637,18.49485372422748,18.15515175335581,18.37407112121582,13865600
2011-05-26,18.283482871521482,18.472205862746343,18.275933779091428,18.351423263549805,13474400
2011-05-27,18.43445922161339,18.472203238559533,18.260834439914014,18.306127548217773,15929900
2011-05-31,18.328775058667336,18.37406816755522,18.200443383616694,18.22308921813965,14117000
2011-06-01,18.185350903709626,18.238193120624025,17.90604019165039,17.90604019165039,18203300
2011-06-02,17.921136807514937,17.958882273316473,17.626729373474436,17.807903289794922,16658900
2011-06-03,17.55123906748909,17.80035337085331,17.49839685766065,17.664472579956055,16135200
2011-06-06,17.415362799271985,17.581440004539015,17.256836128618115,17.264385223388672,17453600
2011-06-07,17.37760675657646,17.732405326555668,17.31721547998762,17.35495948791504,17804500
2011-06-08,17.23418643342451,17.287028649583732,17.053012503803306,17.151147842407227,21615400
2011-06-09,17.249277928900657,17.505941256250672,17.166239370098637,17.188886642456055,16354100
2011-06-10,17.15114946977646,17.15114946977646,16.758606638272358,16.80389976501465,20135500
2011-06-13,16.834097369229863,16.879391942988853,16.63782664231197,16.645374298095703,17150300
2011-06-14,16.8718385741821,17.226637339709995,16.84919129303855,17.151147842407227,18425900
2011-06-15,17.12849968127916,17.143596426821137,16.630271082338666,16.690662384033203,17569500
2011-06-16,16.7284065153888,17.422907209269948,16.7284065153888,17.12095069885254,22543400
2011-06-17,17.264376814814607,17.370061210443854,17.143592797155886,17.234180450439453,28177400
2011-06-20,17.060552176103112,17.536133298746474,17.03790490746615,17.445547103881836,11944500
2011-06-21,17.505944267663153,17.943781529664736,17.42290569457665,17.87584114074707,17278400
2011-06-22,17.792801582453603,17.845643784276504,17.505943298339844,17.505943298339844,18991000
2011-06-23,17.302115835832154,17.928675817328283,17.226626386527737,17.898479461669922,20020700
2011-06-24,17.86829565331651,17.94378514954744,17.41536011577331,17.551240921020508,26641200
2011-06-27,17.505942520108434,17.664469118529794,17.339865390514305,17.475746154785156,13019100
2011-06-28,17.543690850059242,17.890941937439308,17.49084863759413,17.717315673828125,14497500
2011-06-29,17.785252874069855,17.79280196589896,17.513492767432343,17.649372100830078,12124700
2011-06-30,17.709768257844683,17.83809997448888,17.50594848186826,17.596534729003906,11038900
2011-07-01,17.588981274623762,18.049465809572453,17.588981274623762,17.981525421142578,8819700
2011-07-05,17.973983146530415,17.973983146530415,17.694673834682522,17.724868774414062,8326500
2011-07-06,17.7097639136844,17.792802486391626,17.51349327975438,17.558786392211914,14712400
2011-07-07,17.739966284690748,18.27593904301867,17.724868095481984,18.10986328125,16905700
2011-07-08,17.845643882156445,17.989073744921015,17.71731220280752,17.822998046875,10516300
2011-07-11,17.626723768334855,17.70221323609066,17.36251135111046,17.49839210510254,12983800
2011-07-12,17.445549909626028,17.679565963811367,17.385158623389753,17.49839210510254,13399800
2011-07-13,17.588991253515726,17.777714341814576,17.551247211793115,17.573894500732422,9157000
2011-07-14,17.5814278360204,17.777698404840983,17.41535074569922,17.445547103881836,11512400
2011-07-15,17.48330108635878,17.48330108635878,17.090756845079667,17.256834030151367,14004700
2011-07-18,17.150494647251616,17.27961711883545,16.998585345842002,17.089731216430664,9699000
2011-07-19,17.226448070625324,17.477097385993076,17.180875862935107,17.439119338989258,12257600
2011-07-20,17.439121592550762,17.46950403407997,17.226450296704492,17.294809341430664,8283300
2011-07-21,17.401142386738762,17.65938730625425,17.34037896148302,17.42392921447754,11012400
2011-07-22,17.40874212952981,17.423933351629344,17.104924931112514,17.180879592895508,14051600
2011-07-25,16.998584592449674,17.203661705649115,16.990990431558792,17.173280715942383,11737300
2011-07-26,17.15048950933884,17.408734375141975,17.066939273721935,17.347970962524414,13850700
2011-07-27,17.21885589924223,17.32519155465579,17.028969972452487,17.059350967407227,13178500
2011-07-28,17.08213275478077,17.26442301681191,16.497283925317795,16.550453186035156,18249600
2011-07-29,16.216254585807032,16.550454143216044,16.185872149354257,16.390949249267578,20663400
2011-08-01,16.41373703731039,16.466904855500378,15.935223776171712,16.018774032592773,20701500
2011-08-02,15.897255490334329,16.011186795850783,15.53267473319562,15.540268898010254,18600300
2011-08-03,15.669386413854067,15.669386413854067,15.312401384537957,15.509882926940918,24264000
2011-08-04,15.2896112015413,15.570642955737718,15.152894577874404,15.357970237731934,27540600
2011-08-05,15.517480453819228,15.593435125461491,15.084540708787657,15.304807662963867,26207700
2011-08-08,15.000988383562394,15.251637751769534,14.173085617635701,14.180681228637695,27609600
2011-08-09,14.393354315247553,14.58324024843702,13.785718459812434,14.560453414916992,21270000
2011-08-10,14.264228127516647,14.264228127516647,13.724951463628999,13.75533390045166,27372500
2011-08-11,13.778117488888222,14.689570193124268,13.747736504727893,14.49968433380127,22410500
2011-08-12,14.659187336781464,14.818692207336426,14.408538067664322,14.818692207336426,22857600
2011-08-15,14.606027273197311,15.000990406269128,14.507287214286787,14.947822570800781,34152300
2011-08-16,14.788310184698377,15.327586777856494,14.757929200574697,15.259227752685547,23935600
2011-08-17,15.319999234752125,15.357975847077775,15.061754214535982,15.266831398010254,20300400
2011-08-18,14.788312158756238,14.985793652420975,14.62880871120837,14.871862411499023,27595700
2011-08-19,14.659195350067984,15.160494162331704,14.628814350177851,14.666790962219238,17361600
2011-08-22,15.13010864204258,15.145299861806434,14.78831344092817,14.833887100219727,13528700
2011-08-23,14.879462796755206,15.282021522521973,14.803508128855748,15.282021522521973,13371200
2011-08-24,15.266825477022184,15.479496741508601,15.084535200870539,15.449115753173828,16428000
2011-08-25,15.525070043306373,15.646596891304856,15.168083659685815,15.274420738220215,13244100
2011-08-26,15.304799432051912,15.471899909541326,15.107317971473387,15.37315845489502,19044800
2011-08-29,15.608622486531027,15.616218097391878,15.418736561153692,15.563050270080566,15440800
2011-08-30,15.44911546706306,15.53266571868646,15.1377027366486,15.21365737915039,18916200
2011-08-31,15.259232676050905,15.395950770504658,15.016178929784058,15.13770580291748,18002100
2011-09-01,15.145299859864881,15.380757971316594,15.008581779436645,15.046558380126953,17670800
2011-09-02,14.826296646337664,14.826296646337664,14.324997809514246,14.385761260986328,18192400
2011-09-06,13.9376243393947,14.628808849393092,13.884456523043184,14.59083080291748,13974500
2011-09-07,14.826284458041222,15.008574662601513,14.765521056521125,14.93262004852295,15678200
2011-09-08,14.879458020722398,15.046557077493638,14.765526779800444,14.871862411499023,15870100
2011-09-09,14.689570118412094,14.697165726592079,14.309798401697643,14.4009428024292,13284200
2011-09-12,14.21866030430175,14.537668778214686,14.203470528374405,14.530073165893555,12254400
2011-09-13,14.628808775141623,14.636404384398192,14.332587257707084,14.545258522033691,15571100
2011-09-14,14.613617492761623,15.08453512361051,14.560449676912333,14.871862411499023,16988600
2011-09-15,15.031372104350806,15.221258049385769,14.87946276883692,15.183279991149902,9380800
2011-09-16,15.327596669188965,15.532673877043939,15.282024439237327,15.479504585266113,19529900
2011-09-19,15.198470115661621,15.388356046968665,14.93262952208882,15.198470115661621,10628600
2011-09-20,15.282017172193603,15.53266649080917,15.114916660640302,15.130107879638672,15439500
2011-09-21,15.145297900310757,15.221252540578538,14.552853444679178,14.568044662475586,14472800
2011-09-22,14.150301908431842,14.644006591548393,14.0743486790739,14.355379104614258,20543400
2011-09-23,14.317394029213881,15.092128680049065,14.317394029213881,14.993387222290039,19994400
2011-09-26,15.069343706955433,15.08453492520237,14.659189506574002,15.054152488708496,17336000
2011-09-27,15.365562846944222,15.699762353208964,15.289608216150313,15.37315845489502,14722100
2011-09-28,15.36556529537435,15.57064239658174,15.054152563339859,15.099724769592285,13325200
2011-09-29,15.33518574094945,15.426330161974317,14.864268069939468,15.206063270568848,13661500
2011-09-30,14.932629915671711,15.076943632908888,14.681980537688574,14.689576148986816,14668600
2011-10-03,14.727543646613318,14.841476296895895,14.324986637822818,14.416131019592285,14002100
2011-10-04,14.157885592606394,14.978192237484581,14.089526584807064,14.93262004852295,16503400
2011-10-05,14.864264780484175,15.046555030907607,14.659187705490016,14.993387222290039,13745400
2011-10-06,15.023769181442766,15.38834967079662,14.719950658267136,15.37315845489502,28775200
2011-10-07,15.502283569295432,15.684573845447078,15.228847430710797,15.449115753173828,32585800
2011-10-10,15.555448846613855,15.851671764638809,15.555448846613855,15.844076156616211,17096700
2011-10-11,15.806103731782654,15.851677396108755,15.555454372847553,15.593432426452637,21172200
2011-10-12,15.676971073905685,15.844071503904562,15.578231096035717,15.661781311035156,9663600
2011-10-13,15.471902780193528,15.783315520385298,15.37316130722676,15.532666206359863,6978200
2011-10-14,15.745336130291422,15.950413219374799,15.601023910904658,15.897245407104492,10959100
2011-10-17,15.729023414572854,16.363689842757154,15.729023414572854,15.973713874816895,16940000
2011-10-18,16.042530656364775,16.600730860892053,15.897246630618739,16.432506561279297,12855600
2011-10-19,16.4248677220039,16.562506514622083,16.05018515236032,16.08841896057129,12162900
2011-10-20,16.09606338741728,16.501332981565355,16.08841808466198,16.455453872680664,12482400
2011-10-21,16.654260977522718,16.975417573512527,16.60073366279925,16.921890258789062,15755900
2011-10-24,16.906601723931754,17.18952458268225,16.623677406710755,16.654264450073242,16838300
2011-10-25,16.761309458925012,16.860714393022892,16.40956589375653,16.447799682617188,17920100
2011-10-26,16.60837566193169,16.7613078860837,16.333099700315767,16.547203063964844,13731800
2011-10-27,16.952479420869796,17.051884386591137,16.661909825440166,16.746021270751953,15974300
2011-10-28,16.707783451957226,16.707783451957226,16.256634957039115,16.340747833251953,14365600
2011-10-31,16.18782242883375,16.38663383749824,16.05783041003276,16.073123931884766,12529500
2011-11-01,15.591386478025356,16.011949531607065,15.553154136095364,15.751965522766113,14893500
2011-11-02,16.08076468241824,16.3942744708534,15.889600106129972,16.310161590576172,14293100
2011-11-03,16.35604247958689,16.55485383581122,16.103705269469494,16.539560317993164,12121000
2011-11-04,16.432507480057055,16.562499455630036,16.218402620739784,16.470741271972656,10412100
2011-11-07,16.516619744855163,17.06717320157801,16.424860106166367,17.059526443481445,16891300
2011-11-08,17.18951664765145,17.43420704771527,16.85306807679861,17.41126823425293,15432200
2011-11-09,17.105398553300077,17.457140501394147,16.86070679033594,16.975406646728516,14451500
2011-11-10,17.17422866821289,17.434212666689923,16.906599368430914,17.17422866821289,18154200
2011-11-11,17.395977636234704,18.160635993871395,17.395977636234704,17.671255111694336,27393900
2011-11-14,17.74008159132543,18.351807939245347,17.74008159132543,17.969478607177734,29351000
2011-11-15,17.847118183691588,18.01534242191351,17.503021493613318,17.740066528320312,14969300
2011-11-16,17.503025399422064,18.39002877792638,17.434206046049336,17.961820602416992,23133400
2011-11-17,17.97712440957859,18.29063432846753,17.763019469995903,17.877717971801758,18690600
2011-11-18,17.908301129440694,17.9388867093301,17.53361866035636,17.824188232421875,14795300
2011-11-21,17.54126921070717,17.755372691612674,17.449509534268685,17.655967712402344,12693700
2011-11-22,17.663604140474394,17.717129979388268,17.418913757742548,17.441852569580078,11564400
2011-11-23,17.365389031169656,17.365389031169656,17.128345370114427,17.189517974853516,11759900
2011-11-25,17.243042799878456,17.602433107584538,17.120697597650384,17.342449188232422,6049700
2011-11-28,17.709486878405748,18.1071095616615,17.55655462839353,17.86241912841797,13338100
2011-11-29,17.984770684057565,18.65002285160834,17.946536878843386,18.58120346069336,26520800
2011-11-30,19.02470141508762,19.192927205924132,18.16063801645277,18.35944938659668,27751200
2011-12-01,18.282981205769378,18.520024888153028,18.221808595526173,18.252395629882812,14051400
2011-12-02,18.4435583687603,18.64236823825157,18.313566402726824,18.588842391967773,19223500
2011-12-05,18.741769997910218,18.864115175874147,18.48943288605092,18.61942481994629,13785400
2011-12-06,18.58119576232616,19.03999102551926,18.512376399923696,18.94058609008789,18040200
2011-12-07,18.787658270717323,19.29997950112486,18.787658270717323,19.269393920898438,32269400
2011-12-08,19.09352145104981,19.28468606835156,18.986469732071317,19.024702072143555,26498300
2011-12-09,19.15468799591687,19.307620224648552,19.062929825453722,19.093515396118164,20340300
2011-12-12,18.902352420035324,18.994112056641153,18.64236848453375,18.879413604736328,14919900
2011-12-13,18.925295986111852,18.955883023124798,18.382389205363832,18.48944091796875,15660600
2011-12-14,18.474135982934673,18.79529238075346,18.443550423292994,18.718826293945312,22526300
2011-12-15,18.864124497136665,18.92529711634564,18.772364839088066,18.856477737426758,18239000
2011-12-16,18.978817870691522,19.131750106811523,18.741774217328423,19.131750106811523,28728600
2011-12-19,19.162335300583077,19.307620776181352,18.841178777848395,18.90235137939453,15501000
2011-12-20,19.23115979216109,19.697601914980982,19.200574212460086,19.67466163635254,18940600
2011-12-21,19.69759414720669,19.91169895456219,19.483489339851186,19.85052490234375,18322700
2011-12-22,19.827592980246013,19.84288649861429,19.44526377186015,19.468202590942383,15130100
2011-12-23,19.575255149545608,19.598193967911264,19.23115828935938,19.322917938232422,11578700
2011-12-27,19.277038301851803,19.65936751648722,19.238805963776347,19.529376983642578,9002800
2011-12-28,19.58289733508889,19.62877641957571,19.124102114811286,19.162334442138672,12285200
2011-12-29,19.169979273045612,19.689947039881115,19.154685760263476,19.63642120361328,11245800
2011-12-30,19.582902651060596,19.682307604178128,19.40703010559082,19.40703010559082,7981200
2012-01-03,19.621131742247368,19.888762437317187,19.45290744231746,19.514080047607422,14332300
2012-01-04,19.5140825280103,20.27109416162232,19.46820197435856,20.240507125854492,19041200
2012-01-05,20.15638904070142,20.21756163357353,19.865818130706643,20.16403579711914,14015900
2012-01-06,20.156399172378247,20.232863858051356,19.949941020731913,20.14110565185547,12612900
2012-01-09,20.171689725877616,20.171689725877616,19.850533111269133,19.95758628845215,12291100
2012-01-10,20.118165034743697,20.2940376008747,20.079932692546297,20.209924697875977,9626300
2012-01-11,20.332269405683785,20.339916165615232,20.04934512210155,20.28639030456543,11601900
2012-01-12,20.301681786320962,20.40108820412128,19.965233109765258,20.179336547851562,16742600
2012-01-13,20.110517103792215,20.209923521270685,19.919352486993922,20.125810623168945,16140500
2012-01-17,20.271093460166888,20.56166299755575,20.23285966678014,20.492843627929688,19179400
2012-01-18,20.43932012539012,21.08163334342784,20.40873454563465,20.997520446777344,19208200
2012-01-19,20.982228053397684,21.028107151538464,20.60754559189579,20.898115158081055,14240800
2012-01-20,20.836943893396686,20.898116514377936,20.20227740378984,20.28639030456543,15995000
2012-01-23,20.34019527574979,20.34019527574979,19.93277732262017,20.240262985229492,14759200
2012-01-24,20.155711156258285,20.693812359784328,20.117275984381205,20.663063049316406,13896700
2012-01-25,20.624618139201395,20.893668613928,20.509311211806317,20.686115264892578,17001800
2012-01-26,20.732238722044492,20.76298801944631,20.178764564676527,20.71686553955078,18113400
2012-01-27,20.670740616918,20.847546136211395,20.54774636553563,20.686115264892578,11442800
2012-01-30,20.509316100917783,20.632310381620133,20.278700724945267,20.61693572998047,11088800
2012-01-31,20.79374872349802,21.070486706606733,20.59388403148407,20.624631881713867,18581800
2012-02-01,20.878303823968388,21.047420632918485,20.65537718790725,20.663063049316406,13939100
2012-02-02,20.66305821869198,20.73993001068282,20.370947168575768,20.61693572998047,12355200
2012-02-03,20.816801637545574,20.97823254606654,20.693807357818866,20.909048080444336,14013600
2012-02-06,20.878301736545964,20.985921380008183,20.724558131993362,20.76299476623535,11062200
2012-02-07,20.786050751590544,20.924418196330222,20.693804322223507,20.724552154541016,12073400
2012-02-08,20.670750376933388,20.78605882498027,20.632315205056308,20.663063049316406,17096300
2012-02-09,20.724550418621895,20.762987038558343,20.586182985472078,20.686115264892578,15698000
2012-02-10,20.555442814045467,20.847555390402164,20.51700764325485,20.824493408203125,10492800
2012-02-13,20.970539950273498,21.108907380537797,20.885980854383845,21.055097579956055,11777700
2012-02-14,20.90904879147437,21.139662707252295,20.793740367377886,20.9013614654541,10580800
2012-02-15,20.932104303348154,21.162719630247313,20.909043797003257,21.085847854614258,17441800
2012-02-16,21.01666472668994,21.201156120103313,20.86292116574183,20.993602752685547,12233500
2012-02-17,21.10890838101571,21.401020835457427,21.085847874648902,21.278026580810547,9268500
2012-02-21,21.700816808888607,21.877620847611002,21.25496231729773,21.339521408081055,15633200
2012-02-22,21.224217217023213,21.270339696918743,20.56312198495608,20.71686553955078,21692000
2012-02-23,20.5938759019948,20.93979677811936,20.43244498683731,20.801427841186523,19962400
2012-02-24,20.80142791830846,20.88598703923815,20.540064695623542,20.878299713134766,15136000
2012-02-27,20.939790824969474,21.570136721828238,20.909042995619032,21.01666259765625,21943500
2012-02-28,21.01666277056935,21.316461073686522,20.8398587182801,21.30108642578125,18008400
2012-02-29,21.370271334367143,21.92374694119339,21.339523504102992,21.816125869750977,19593100
2012-03-01,21.839187842104458,21.985244067928846,21.593199335162637,21.816125869750977,12494000
2012-03-02,21.785378017451443,22.039053848254504,21.60857396154174,21.623947143554688,15007800
2012-03-05,21.50095039488254,21.777688165898528,21.46251524500009,21.70850372314453,15773900
2012-03-06,21.416394697867236,21.593198749157594,21.354897572800716,21.401020050048828,14060600
2012-03-07,21.485577192756693,22.2927270691214,21.454827899916484,22.192794799804688,30483500
2012-03-08,22.18510826036744,22.630962758853084,22.18510826036744,22.56946563720703,22110700
2012-03-09,22.646333323512,23.01531747697042,22.561775707396144,22.88463592529297,19918000
2012-03-12,23.03069864502454,23.115257756679807,22.830834053087795,22.938453674316406,12880500
2012-03-13,23.08451242387304,23.315126341845957,23.023015281333095,23.23825454711914,23876400
2012-03-14,23.391995495810804,23.522677092231262,23.19981676379291,23.43811798095703,20702200
2012-03-15,23.40737410158357,23.67642319890599,23.22288119740875,23.59186553955078,20820300
2012-03-16,23.53804638486939,23.568794212565493,23.169062189066924,23.376615524291992,17419800
2012-03-19,23.330497432124865,23.530363481417673,23.16137921630394,23.4688663482666,11950100
2012-03-20,23.376619034628508,23.630294882594335,23.322809228424735,23.51498794555664,10104100
2012-03-21,23.591864013728507,23.830165255747882,23.5534273835915,23.722545623779297,12579800
2012-03-22,23.5841755790283,23.830164135511357,23.507303788575484,23.791728973388672,12701900
2012-03-23,23.545739496423263,23.684108429203853,23.138321490133176,23.630298614501953,17540700
2012-03-26,23.807113026085297,23.97623133552283,23.760990517242387,23.968544006347656,10578600
2012-03-27,23.953169347997314,24.206845345945492,23.830175013610813,23.968544006347656,16181100
2012-03-28,23.907032153845414,24.03002641268056,23.807098402162342,23.999277114868164,11400200
2012-03-29,23.82246996772294,24.053085272845685,23.714850371723212,23.991586685180664,10789300
2012-03-30,24.183769623722238,24.268328730417316,24.00696555173006,24.122272491455078,13346000
2012-04-02,24.06846268399722,24.206831598150156,23.953155744272205,24.122272491455078,12793700
2012-04-03,24.15302268138713,24.160710006479924,23.76097789889875,23.88397216796875,11494700
2012-04-04,23.737914212339795,24.083836485541017,23.54573549749628,24.0377140045166,13497000
2012-04-05,24.053084451471747,24.314446109087868,23.976212685722547,24.099206924438477,13355800
2012-04-09,23.69947746463775,23.983902588640632,23.599545184759897,23.899343490600586,12396500
2012-04-10,23.853225566360532,24.037716979498665,23.31512451171875,23.31512451171875,12941600
2012-04-11,23.468867050570893,24.00696661519353,23.445805075121374,23.845537185668945,13711700
2012-04-12,23.876288293501442,24.27602045885232,23.86091510730145,24.214523315429688,7571300
2012-04-13,24.206831161293078,24.491256309275276,24.137646705465173,24.36057472229004,8871200
2012-04-16,24.552752392722606,24.82180287988279,24.39132151394362,24.637310028076172,11216900
2012-04-17,24.729557121523275,24.806430371581587,24.545067186212634,24.660375595092773,10793300
2012-04-18,24.545066170610802,24.691120941056305,24.491256364003803,24.568126678466797,7322600
2012-04-19,24.522007070793165,24.714187278098052,24.28370584237041,24.598878860473633,12186900
2012-04-20,24.606562722678607,24.691121831084676,24.222206737887156,24.32982635498047,9225200
2012-04-23,24.15223679281117,24.252613085802817,23.87426940803168,24.028696060180664,8440600
2012-04-24,24.090466100693018,24.49197273995128,24.07502314114263,24.229448318481445,9385200
2012-04-25,24.337546268378823,24.592349196523433,24.337546268378823,24.499692916870117,7472500
2012-04-26,24.42248973211987,24.530589015367262,24.075031852836574,24.268064498901367,13035900
2012-04-27,24.352994562359793,24.56146865998943,23.997813797384325,24.40704345703125,10010900
2012-04-30,24.31438743555587,24.43020670728148,24.098190381671962,24.2989444732666,13206600
2012-05-01,24.337551600247398,24.708173854613335,24.190846405623493,24.40704345703125,7152000
2012-05-02,24.399317641958216,24.847153154615807,24.275776912447274,24.785381317138672,10966500
2012-05-03,24.823991446120715,24.885760341284367,24.352991470543525,24.445646286010742,7181700
2012-05-04,24.36843008818538,24.37615156735194,23.97464348702029,24.005529403686523,8042200
2012-05-07,24.198570269218745,24.22173471466806,23.719848705654073,23.77389907836914,12497500
2012-05-08,23.557697434790136,23.804778914086814,23.07125448379324,23.681238174438477,16270600
2012-05-09,23.465039489380093,23.542252814397123,23.078974337016636,23.426433563232422,11657200
2012-05-10,23.580861994251755,23.743008663584405,23.078976080096112,23.302894592285156,19543400
2012-05-11,23.109862477030223,23.217960258809534,22.831895069344203,22.870502471923828,19887900
2012-05-14,22.746965345964995,23.10214616555923,22.708359407469214,22.82417869567871,13406600
2012-05-15,21.99799448769074,23.001764871630705,21.928502635236363,22.414945602416992,26255000
2012-05-16,22.515319969373856,22.978598455012676,22.461271082714973,22.63886070251465,14050700
2012-05-17,22.58481430176621,22.600257263289045,21.88989723317932,21.90534019470215,19689300
2012-05-18,21.866729884306494,22.384057244781783,21.78951655967762,21.990270614624023,19092800
2012-05-21,20.206650764445314,20.48461815409583,19.627553017821228,19.766536712646484,50428400
2012-05-22,19.843752540679073,20.19121034880529,19.542620673036726,19.681604385375977,25461700
2012-05-23,19.542619916099476,20.291587342979977,19.519456946754705,20.222095489501953,30028300
2012-05-24,20.330187795221907,20.963334313873872,20.23753152464582,20.924728393554688,25268400
2012-05-25,20.80891226253154,21.133207048818736,20.78574782325328,21.03282928466797,16809700
2012-05-29,21.17953699900014,21.38029107869704,21.001947361364287,21.22586441040039,18137300
2012-05-30,20.978783592363058,21.303078428012853,20.60043986289195,20.839799880981445,24427500
2012-05-31,20.832073080898738,20.924729355735433,20.538664243905338,20.631319046020508,19424500
2012-06-01,20.175754863921807,20.561819837360748,20.175754863921807,20.35334587097168,19817900
2012-06-04,20.11399714284046,20.61588310127727,20.09855565348576,20.584997177124023,16113000
2012-06-05,20.453731351291292,20.523223195704784,20.21437137204575,20.40740394592285,15109200
2012-06-06,20.816633422390975,21.218141555786133,20.654486756628557,21.218141555786133,17718300
2012-06-07,21.310806736547196,21.720035048144783,21.272199319504345,21.380298614501953,21908500
2012-06-08,21.287634472398413,21.611929292909544,21.17953668980198,21.557880401611328,12203200
2012-06-11,21.65825628652146,21.673699247372635,20.816634065516013,20.832077026367188,15812300
2012-06-12,20.9092941268823,21.318523826872784,20.862966708699894,21.1872615814209,15011700
2012-06-13,20.994229073242323,21.218146156329205,20.54639343434648,20.754867553710938,15853500
2012-06-14,20.739420115299378,21.57332077178704,20.739420115299378,21.442058563232422,15661600
2012-06-15,21.519268614372063,21.68141524413383,21.326236070719617,21.65825080871582,22257500
2012-06-18,21.526985824385882,22.052034510567214,21.49610138722764,21.951658248901367,11708800
2012-06-19,22.013439483745596,22.167864691357725,21.77407945467752,22.036603927612305,11322200
2012-06-20,22.082933294508113,22.129260713614382,21.75091693334865,22.106096267700195,11667200
2012-06-21,22.144695459357038,22.152416938462885,21.194975620161063,21.23358154296875,14978600
2012-06-22,21.36484133376646,21.496103518324965,21.040546611487883,21.08687400817871,16842000
2012-06-25,20.91700728245087,20.96333468219214,20.67764733227925,20.793466567993164,10083100
2012-06-26,20.847522801247205,21.23358803830734,20.67765462712067,21.048276901245117,13961400
2012-06-27,21.055995814103095,21.249028409085216,20.893847668502765,21.079158782958984,9672800
2012-06-28,20.978780399073717,21.272189266323238,20.72397745789961,21.03282928466797,12967200
2012-06-29,21.50382981661201,21.959386825561523,21.12548613460206,21.959386825561523,12927300
2012-07-02,21.97482929348741,22.106091513326252,21.542436705139018,22.098371505737305,9952100
2012-07-03,21.61964555220745,21.61964555220745,20.893842753449903,21.326236724853516,13071900
2012-07-05,21.372562429343617,21.426611303302113,21.17180841698251,21.29534912109375,9684700
2012-07-06,21.086878871510358,21.511551436070885,21.071437384199687,21.503829956054688,9529500
2012-07-09,21.29535348052672,21.40345125057272,21.01738610301225,21.0637149810791,10852300
2012-07-10,21.148650808607677,21.318520436128598,20.839798948644873,20.978782653808594,10561700
2012-07-11,21.00194388197622,21.133206086465634,20.569549871468976,20.592714309692383,18575400
2012-07-12,20.237531772578027,20.63131835008816,19.99817182367945,20.515499114990234,16794800
2012-07-13,20.57727016599974,20.700810883967645,20.376516131121505,20.631319046020508,10226400
2012-07-16,20.500066962843842,20.515509928389033,19.866920102713493,19.920969009399414,25123900
2012-07-17,19.766535559443334,19.874633327902323,19.534895590674815,19.727928161621094,24927800
2012-07-18,19.581225791881696,19.936405039528925,19.45768505594164,19.812864303588867,18466300
2012-07-19,19.84375164104314,20.31475017817953,19.766538307386107,20.098554611206055,13278700
2012-07-20,20.03678115850948,20.19892780881229,19.913240432739258,19.913240432739258,12072100
2012-07-23,19.563613707176792,20.278408222071548,19.50922740961667,20.022014617919922,9853200
2012-07-24,19.998705569573243,20.099709963826726,19.8433163596751,20.022014617919922,8218100
2012-07-25,20.255102710171762,20.29395113086565,19.858857710588445,19.889936447143555,8399400
2012-07-26,20.16186594313286,20.72126976618526,20.130787212005547,20.66688346862793,13969200
2012-07-27,20.767885898296264,21.17190050206884,20.59695732681499,21.03204917907715,12371100
2012-07-30,20.993196966799665,21.039813568764576,20.67464746986185,20.868885040283203,6866500
2012-07-31,20.472648169839836,20.612499511964256,19.664618851750124,19.71123695373535,22722000
2012-08-01,19.765621597583564,20.1230181246296,19.392684222598586,19.532535552978516,28243100
2012-08-02,19.478141340660056,19.851077082221376,19.237287192807734,19.307212829589844,15421900
2012-08-03,19.470379201320682,19.812237837771505,19.43930195177905,19.804468154907227,10237700
2012-08-06,19.88993056143471,20.03755155255692,19.687923279350443,19.7423095703125,12584800
2012-08-07,19.812240066822568,20.29395008519604,19.765623446307604,20.177406311035156,12326200
2012-08-08,20.138553848637603,20.5581062819867,19.975393498729726,20.527029037475586,12004700
2012-08-09,20.433797455089767,20.954354346764237,20.426029254214214,20.907737731933594,12020300
2012-08-10,20.744575350927537,20.822269201942785,20.534798396589846,20.798961639404297,10123100
2012-08-13,20.775653676386654,20.79119304016466,20.464873810402974,20.628032684326172,10952400
2012-08-14,20.892191639195534,20.977656640462065,20.480408957271315,20.62026023864746,14279800
2012-08-15,20.666890366205802,21.047596058083144,20.58919499437215,20.84558868408203,15330300
2012-08-16,20.89219627994536,21.40498343761915,20.798963059594843,21.327289581298828,12592700
2012-08-17,21.389441299160858,21.65360450744629,21.171894691774316,21.65360450744629,13596000
2012-08-20,20.348331299682375,21.047586360163447,20.177401264023146,20.40271759033203,47478900
2012-08-21,20.44156297586339,20.75234281465025,20.29394347863661,20.53479766845703,16205200
2012-08-22,20.519269714214115,21.241834167317403,20.511500028685308,21.164138793945312,20086800
2012-08-23,21.10197738086813,21.39721942759581,21.09420769733155,21.257368087768555,16086900
2012-08-24,21.195211100517596,21.606993935102093,21.171902051008544,21.544837951660156,11341700
2012-08-27,21.630300833746976,21.707996175802446,21.404984489977654,21.521528244018555,10870700
2012-08-28,21.54483065359627,21.754607582371605,21.490444371746747,21.638065338134766,9961500
2012-08-29,21.73130362050578,22.23632260010662,21.6846870082973,22.018775939941406,14765000
2012-08-30,21.886696716935838,22.119781285593042,21.855617984093254,21.894466400146484,11664300
2012-08-31,22.0032362656894,22.306246463654816,21.94108028964738,22.127548217773438,15045500
2012-09-04,22.18970223726452,22.23632032662206,21.90223142913585,22.088699340820312,10066600
2012-09-05,22.18970237060044,22.36063240210806,21.606989587366808,21.832305908203125,14271000
2012-09-06,22.01877512486569,22.33732468001,21.87892381150178,22.04985237121582,17720500
2012-09-07,22.10423732800478,22.12754488931748,21.917767946012347,22.003232955932617,15806500
2012-09-10,22.003236226984363,22.632565668542185,22.003236226984363,22.290708541870117,12697200
2012-09-11,22.244096526835087,22.430565987502543,22.04985886372927,22.220788955688477,10131100
2012-09-12,22.259625978176373,22.391707589518425,21.84784326428035,21.925537109375,11582000
2012-09-13,21.979924793981187,22.61702380564758,21.82453414053885,22.54709815979004,13246300
2012-09-14,22.609259728043796,23.129816619595765,22.609259728043796,22.842344284057617,11767500
2012-09-17,22.912273450944344,23.114280788607434,22.640340439401115,22.71026611328125,10046500
2012-09-18,22.74133716453338,22.811262814784534,22.415017957333063,22.671411514282227,11937200
2012-09-19,22.7646453049647,23.254124869157035,22.72579837913398,22.989961624145508,11956700
2012-09-20,22.904500923535426,23.355132164867122,22.79572832518776,23.308515548706055,13396400
2012-09-21,23.285200959663136,23.471668861858564,23.098733057467708,23.456130981445312,20802200
2012-09-24,23.308518385625195,23.378444059335326,23.075433794535222,23.153127670288086,11027800
2012-09-25,23.269674572436088,23.74361350221571,23.044358153133018,23.052127838134766,15131500
2012-09-26,23.098739400444973,23.43282837267171,23.067662149169415,23.316286087036133,15004400
2012-09-27,23.33182079330114,23.65814001705064,23.22304673077446,23.51051902770996,8243600
2012-09-28,23.386205378369695,23.74360182112729,23.386205378369695,23.494977951049805,10694100
2012-10-01,23.549367904663086,23.689219223839093,23.38620902023467,23.549367904663086,14660100
2012-10-02,23.549362800149478,23.665905046896217,23.33958734877137,23.533824920654297,10445100
2012-10-03,23.642607544724314,23.930078443534352,23.355135163998572,23.852384567260742,16087600
2012-10-04,23.9145377663514,24.256394931420928,23.86014998462552,24.046619415283203,11189600
2012-10-05,24.24085430687278,24.862414065750396,24.24085430687278,24.6837158203125,17144900
2012-10-08,24.5360997312717,24.66818139170074,24.326322714958113,24.51279067993164,6963300
2012-10-09,24.435093526232308,24.520557072510126,24.17093024083079,24.18646812438965,8701300
2012-10-10,24.209773138504282,24.29523815245644,23.906762971823298,23.999996185302734,11359800
2012-10-11,24.163160493458008,24.202007425124425,23.766915566415673,23.906766891479492,10637300
2012-10-12,24.077707364700018,24.489491860679063,23.976704403302385,24.22532844543457,11409000
2012-10-15,24.644867756982357,25.04111266457704,24.51278612111746,25.017805099487305,14301600
2012-10-16,25.13434410095215,25.351892227028195,24.986724592832786,25.13434410095215,8967300
2012-10-17,25.320818935329353,25.62382918031068,25.173199395521607,25.47620964050293,10707900
2012-10-18,25.445135865650506,25.60829480415643,25.24312998423819,25.30528450012207,9609600
2012-10-19,25.320817983117465,25.86468394885683,25.157659082544978,25.359664916992188,14524900
2012-10-22,25.336244652350466,25.55486152162115,25.109818335787853,25.53924560546875,9510900
2012-10-23,25.2035041136588,25.29719958551459,25.016119126808547,25.219120025634766,7902500
2012-10-24,25.44554789263708,25.508008566064756,25.18008332910003,25.211315155029297,7004500
2012-10-25,25.445542436716327,25.468964811925726,24.711611066114607,24.820920944213867,7751900
2012-10-26,24.88339594011409,25.04736009730586,24.33685073509604,24.485198974609375,13419900
2012-10-31,25.523626827856486,25.64074469665365,24.820928550366904,25.281587600708008,14441500
2012-11-01,25.445550963868186,25.765669772203772,25.35185845320273,25.734437942504883,10238400
2012-11-02,25.80470813003922,26.257560726431162,25.78909221515351,25.882787704467773,13513400
2012-11-05,25.78128533686303,26.070172311575742,25.78128533686303,25.812517166137695,7020200
2012-11-06,25.789092033611652,26.093594925661414,25.789092033611652,25.992095947265625,6865900
2012-11-07,25.843747151993067,25.921826728608846,25.39089752134677,25.586091995239258,10337700
2012-11-08,25.539244199685672,25.69540037418275,25.04735627090213,25.062969207763672,9520300
2012-11-09,24.953666046331616,24.97708992421515,24.45396856521053,24.57108497619629,13777000
2012-11-12,24.80530431292351,25.148845379197486,24.594494006881483,24.969266891479492,8802200
2012-11-13,25.18789254878809,25.671976968297738,24.89900557345123,24.961467742919922,16624300
2012-11-14,25.070768811817533,25.453348161781484,24.914612698627497,24.969266891479492,11598600
2012-11-15,24.9692694445272,25.117616129089253,24.383686194012686,24.51641845703125,9935600
2012-11-16,24.610109916043502,25.164461288359504,24.53983981402949,24.969266891479492,14885200
2012-11-19,26.37466708061454,26.936827920754045,26.335628795256017,26.515207290649414,25972800
2012-11-20,26.515214186612862,27.303801456726543,26.491791804992207,26.897796630859375,16199000
2012-11-21,26.663568366757602,27.124227479554516,26.58548878416315,26.97587776184082,10951600
2012-11-23,27.069571327533392,27.444347381591797,27.053958388843302,27.444347381591797,4507500
2012-11-26,27.241341072142596,27.60049819946289,26.97587646098599,27.60049819946289,12503400
2012-11-27,27.42872877545235,27.616113805679323,27.15545472026026,27.59269142150879,15864800
2012-11-28,27.405311470361152,27.93624084282317,27.100808472891043,27.928434371948242,12373300
2012-11-29,27.944033719613483,28.318806646423656,27.772261677914063,27.80349349975586,22956600
2012-11-30,27.74103934200665,28.264162112229812,27.530228940134467,28.17827606201172,17225900
2012-12-03,28.053352305503797,28.474973118192768,28.014314003239605,28.139238357543945,15285400
2012-12-04,28.04554260435144,28.115812739164088,27.577077024554807,27.811309814453125,12560600
2012-12-05,27.75665233102639,27.850344840278193,27.171068935948064,27.483381271362305,14365700
2012-12-06,27.45214112033468,27.522411225579752,27.17887014350954,27.45994758605957,11640700
2012-12-07,27.491183500935296,27.709803293391506,27.217912483403417,27.41310691833496,7773600
2012-12-10,27.45214406830435,27.52241418109543,27.1164094159059,27.17887306213379,6701700
2012-12-11,27.202305294044756,27.31942318393166,27.01491726591204,27.186689376831055,9153600
2012-12-12,27.163258946875388,27.350643941089604,26.90560085679236,27.116411209106445,11917100
2012-12-13,27.186680930797174,27.498993221182353,26.92902582289553,26.960254669189453,7611400
2012-12-14,26.94464552500717,26.999302721219955,26.702606268670426,26.905607223510742,7668800
2012-12-17,26.913409822583255,28.006496878497824,26.913409822583255,27.990880966186523,12348300
2012-12-18,27.88938328518413,28.217308523495777,27.725417687597446,27.975269317626953,11575200
2012-12-19,27.95184248651097,28.092382717936136,27.405297473016503,27.41310691833496,11063800
2012-12-20,27.42873355879004,27.631734540009464,27.24134551745283,27.62392807006836,9292200
2012-12-21,27.358467102050778,27.584893480467443,27.108618332222832,27.35846710205078,18425700
2012-12-24,27.303796146947466,27.600489517881112,27.256948414385622,27.514606475830078,3300800
2012-12-26,27.514613100589962,27.678575736388414,27.303802720950024,27.483381271362305,6747800
2012-12-27,27.420912936401162,27.623916813328428,26.968063403556126,27.428722381591797,8244900
2012-12-28,27.217911056248745,27.748840129698056,27.01490718664313,27.311603546142578,8115000
2012-12-31,27.20230513704282,27.811311012703776,27.02272655776925,27.733234405517578,9869000
2013-01-02,28.20949718164334,28.404691593127446,27.975264483548482,28.2563419342041,8229700
2013-01-03,28.357847459425294,28.4203111086705,27.881572558438137,27.990880966186523,8564600
2013-01-04,28.061152574499484,28.147038607563196,27.756649714314246,27.780075073242188,7705000
2013-01-07,27.31941303499742,27.467759725770502,26.88217645073861,27.13983154296875,12497600
2013-01-08,27.272562935096577,27.569259269337405,27.0539461511456,27.155445098876953,6513700
2013-01-09,27.25695433405687,27.506803005121313,27.171068294922637,27.233531951904297,5400700
2013-01-10,27.3584555467144,27.764460370809438,27.171067559273993,27.756650924682617,8024800
2013-01-11,27.795687807011493,28.014307610983455,27.686379394240944,27.975269317626953,8307700
2013-01-14,27.951853419368632,27.99089172593792,27.569273845184977,27.62392807006836,9530900
2013-01-15,27.6785774105022,28.10019819528343,27.491189402233427,28.0533504486084,8270100
2013-01-16,27.95185676300526,28.10801298639389,27.75666222837752,27.928434371948242,4543400
2013-01-17,28.100194416671197,28.95124234035737,28.084578503212715,28.888778686523438,11461600
2013-01-18,29.061292630818315,29.131867932336245,28.72409985593999,29.00640106201172,11866400
2013-01-22,29.03777242151366,29.359281539916992,28.857413939615878,29.359281539916992,8718800
2013-01-23,29.24950147700037,29.774896233327212,29.053459237889957,29.704320907592773,12682100
2013-01-24,29.75921137157045,30.214027793622485,29.704319786001534,30.11992835998535,13364100
2013-01-25,30.19049992109569,30.786466915025066,29.97877397826946,30.25323486328125,15477200
2013-01-28,30.355186884116105,30.386554367843463,29.931734827900442,30.072885513305664,7698000
2013-01-29,29.955241386697164,30.21401547150577,29.81409079812307,29.9787654876709,7748800
2013-01-30,30.017988209061894,30.127771389880998,29.845473064075012,29.963096618652344,6144900
2013-01-31,29.955250132323886,30.245391764050073,29.767048295489754,29.947406768798828,10543000
2013-02-01,30.15128407914078,30.70020271217618,30.112076246359514,30.2375431060791,11080200
2013-02-04,30.025816934473923,30.4335849725343,29.735672393641085,29.75135612487793,8536400
2013-02-05,29.97093470312461,30.22970887069453,29.955250967004186,30.057193756103516,8637200
2013-02-06,29.97092753215378,30.33164440251639,29.782725735105505,30.323801040649414,8650300
2013-02-07,30.206177604339288,30.504162537281157,30.041502901147503,30.402219772338867,9693900
2013-02-08,30.40224408372349,30.739437121631024,30.355192848886926,30.60612678527832,5914000
2013-02-11,30.676684981676242,30.74726029876786,30.527693975090298,30.629636764526367,5049900
2013-02-12,30.794322899807486,31.296190677520165,30.715904189934935,31.202091217041016,7696600
2013-02-13,31.264805597467323,31.351064634095838,30.958980279505294,31.186389923095703,5722600
2013-02-14,31.14720001116968,31.272666957190417,30.90410649453102,31.029573440551758,8023000
2013-02-15,30.89625120483095,31.1628687103439,30.394380671643948,30.692365646362305,9977700
2013-02-19,30.786464370156313,31.147184275172098,30.496322764948484,30.904090881347656,8142900
2013-02-20,30.904089905721374,31.07660798565799,30.292439246115336,30.30027961730957,8441600
2013-02-21,29.641588960939075,29.92389029250275,29.19461284975241,29.53964614868164,13460000
2013-02-22,29.78273962672091,29.892522813136235,29.45339006747494,29.53964614868164,8770400
2013-02-25,29.853313032645552,30.096406494993673,28.12030029296875,28.12030029296875,20372000
2013-02-26,28.347713793461388,29.186774480257046,28.16735227039973,28.692747116088867,18853100
2013-02-27,28.606477598033415,29.641580179536493,28.59079386299651,29.57100486755371,17520600
2013-02-28,29.59452190326624,30.159121215790726,29.484735795336615,29.916030883789062,13931600
2013-03-01,29.727837130932684,30.206180546055084,29.641578089993708,30.096397399902344,11073400
2013-03-04,29.89252093239697,30.1434547688062,29.727846163134778,30.1356143951416,8527400
2013-03-05,30.221857886050334,30.433583762279223,30.033656110058292,30.394372940063477,7843600
2013-03-06,30.386539127121072,30.75509939764211,30.33164755381365,30.44927406311035,6575800
2013-03-07,30.44928817471725,30.496336407147144,29.986628277160715,30.34734535217285,6206800
2013-03-08,30.504161220325408,30.888402177850747,30.42574256169149,30.82567024230957,6696100
2013-03-11,30.684537413867478,31.123670191002667,30.684537413867478,31.107986450195312,6308600
2013-03-12,31.04524103771469,31.123656716434763,30.48848194124953,30.613948822021484,7364600
2013-03-13,30.739419219068637,30.99035300931681,30.582584852321844,30.89625358581543,5383400
2013-03-14,30.88056673915271,31.013873993069975,30.66099745127951,30.739416122436523,7326300
2013-03-15,30.606108860629288,30.817834806342567,30.37870217052249,30.43359375,9708100
2013-03-18,30.15911959952915,30.57473093600428,30.072860586461378,30.37868881225586,7319100
2013-03-19,30.394379343683532,30.58258115932675,29.76704494381677,29.986614227294922,9333700
2013-03-20,30.16697957248745,30.378705541696295,30.072877147483254,30.11992835998535,5842100
2013-03-21,29.955250439235016,30.182660121924265,29.508274437461946,29.610214233398438,10148600
2013-03-22,29.74351767488497,29.7592014071342,29.44553274488173,29.665102005004883,7641400
2013-03-25,29.88467290349027,30.394380819406816,29.81409759311825,29.892513275146484,10506700
2013-03-26,30.104227769822725,30.14343559594199,29.735667623297772,29.97092056274414,5646600
2013-03-27,29.77488713128771,30.072869089859523,29.73567630235845,29.93956184387207,3464100
2013-03-28,29.84546385743614,30.0650301513432,29.7043132423912,29.73567771911621,9215400
2013-04-01,29.641580546955307,29.73567996697655,29.273023238802672,29.422014236450195,11165800
2013-04-02,29.476905532320725,29.90819777727609,29.476905532320725,29.814098358154297,5622400
2013-04-03,29.876836393140557,29.99446293452873,29.406336210322287,29.69647789001465,9207100
2013-04-04,29.743536659594856,30.386555135408912,29.743536659594856,30.292455673217773,11629700
2013-04-05,29.931712838346378,30.190489901932764,29.5474719147593,30.104230880737305,7626000
2013-04-08,30.080714545329645,30.606106186238506,30.049347076550067,30.566898345947266,7895600
2013-04-09,30.645321968084442,30.770788872103164,30.417912269748335,30.48064422607422,6667100
2013-04-10,30.480634729048724,30.645312419749377,30.30027629767755,30.590417861938477,7302100
2013-04-11,30.70020856914635,30.911931504830758,30.4257477045842,30.457115173339844,7878200
2013-04-12,30.33949130322043,30.88056971659091,30.23755150793715,30.51984977722168,6995900
2013-04-15,30.26891390093043,30.723733232033425,29.71999814458753,29.72783851623535,10045400
2013-04-16,29.955251680953495,30.08855895410409,29.382808760065256,29.790576934814453,11945000
2013-04-17,29.657262371898142,29.774888882873093,29.312229193133497,29.476903915405273,8839500
2013-04-18,29.594527266466514,29.61020800764688,29.084816428487304,29.265174865722656,8215600
2013-04-19,29.39064573088615,30.072871736904634,29.382805359229934,29.892513275146484,7786800
2013-04-22,29.947640543101198,29.97126680997308,29.443657574807503,29.679899215698242,5180100
2013-04-23,29.766510259752113,30.18387343356811,29.624764729622044,29.9318790435791,8800300
2013-04-24,30.042138726943058,30.191757727551696,29.656275088354505,29.695648193359375,7076300
2013-04-25,29.711406007028707,29.87677489479895,29.467287884146803,29.758655548095703,8312400
2013-04-26,29.75864744852571,29.939766134022246,29.68777465820312,29.687774658203125,5232900
2013-04-29,29.7507795776481,30.278388947049677,29.57753726570495,30.120893478393555,10374100
2013-04-30,30.073642016190334,30.380759512247458,29.971272521480646,30.2547607421875,5850700
2013-05-01,30.191759218132,30.333504806327845,29.908268041740303,30.065763473510742,7105500
2013-05-02,30.15239348521827,30.609127044677734,30.018521284082333,30.609127044677734,5687700
2013-05-03,30.829599051175677,31.191836261532504,30.7508498724194,31.17608642578125,6987500
2013-05-06,31.136729197056003,32.19194469804397,31.105229509509964,32.13682174682617,10498100
2013-05-07,32.18407230156286,32.39669071314157,31.5934666040584,31.727338790893555,8953600
2013-05-08,32.05019504677576,33.38890155809088,31.672207856047116,33.349525451660156,14062900
2013-05-09,33.17627134670853,33.302267031935166,32.719535110278166,32.89278030395508,9947700
2013-05-10,32.98727517445024,33.13689711070728,32.78253331953796,33.12902069091797,4584900
2013-05-13,32.9794217811275,33.30228609710519,32.9794217811275,33.14479064941406,3863200
2013-05-14,33.239299694043225,33.782659050522355,33.239299694043225,33.68815994262695,6416800
2013-05-15,33.656635205667435,34.08186882103981,33.656635205667435,34.04249572753906,6682500
2013-05-16,33.99526193591693,34.29450299207705,33.640900926542116,33.67239761352539,7490700
2013-05-17,33.71175796102798,33.83775366195603,33.381017368607814,33.60150909423828,7812700
2013-05-20,33.27864321859425,33.6802565599674,33.1998970360374,33.37314224243164,7161200
2013-05-21,33.924389456192614,34.17638095599924,33.21566148550171,33.428279876708984,10779500
2013-05-22,34.09763348798493,34.52287029226339,33.43615501598813,33.8377685546875,19588200
2013-05-23,33.420387710311026,33.69600534863122,33.1920225864133,33.61725616455078,8272600
2013-05-24,33.17628940632538,33.63302288740596,33.12116645178076,33.57789993286133,7603100
2013-05-28,33.955874864196666,34.192116441314376,33.633010674541715,33.75113296508789,6755800
2013-05-29,33.51488322906355,34.07398885972681,33.41251080244352,33.93224334716797,7309000
2013-05-30,34.05037958394789,34.24724809841481,33.57001992801258,33.59364318847656,6775400
2013-05-31,33.42039878870072,34.06612729233907,33.1605339050293,33.1605339050293,7494500
2013-06-03,33.168415285077934,33.3574104309082,32.77467815157614,33.3574104309082,6169800
2013-06-04,33.207785045427585,33.4361532807599,32.26281842359497,32.278568267822266,9221300
2013-06-05,32.152571070250744,32.16831790979338,31.176101799955244,31.183975219726562,12360700
2013-06-06,31.333585076983745,32.05018615722656,31.152466452743727,32.05018615722656,9583100
2013-06-07,32.29431648105832,32.81404934675282,32.19982041565271,32.75892639160156,10925100
2013-06-10,32.74317150718768,32.89279049099004,32.27068528827627,32.42818069458008,7370100
2013-06-11,32.00295670183527,32.56206276236608,31.971457007276182,32.199825286865234,4589200
2013-06-12,32.52266488154038,32.695910065720355,31.955685831088136,31.97930908203125,6525200
2013-06-13,31.971444316696545,32.56204983735455,31.908447956560035,32.42818069458008,5622400
2013-06-14,32.31794137757329,32.94792012680973,32.28644168911756,32.412437438964844,7450400
2013-06-17,32.5856886203518,32.90855297553079,32.349446922119206,32.57781219482422,5958300
2013-06-18,32.60930852897254,32.758927554842245,32.404566545994214,32.648681640625,4486900
2013-06-19,32.75103739987716,32.79828691210338,32.27855429351232,32.31005096435547,7614100
2013-06-20,31.963579026626523,31.995078716692774,31.349350090213516,31.357223510742188,12013600
2013-06-21,31.687958963658517,31.711582225280495,30.924108128811575,31.14459991455078,16890200
2013-06-24,30.750875500740815,31.35723116462857,30.609129864820222,31.065866470336914,8683000
2013-06-25,31.341470180852923,31.435966236568884,31.089478696293387,31.113101959228516,9647300
2013-06-26,31.459583674983588,32.018689436699866,31.459583674983588,31.916316986083984,9528600
2013-06-27,32.08958058355318,32.58569027786013,32.04233103991279,32.404571533203125,7787200
2013-06-28,32.34943676786885,32.52267902340599,32.05019577524982,32.20769119262695,12195300
2013-07-01,32.43605246944727,32.62504754822974,32.247060394639675,32.333683013916016,5924500
2013-07-02,32.640812811716245,33.73540169110851,32.55419015150944,33.36528778076172,12271900
2013-07-03,33.152663371680106,33.467654260427366,33.02666761697635,33.32590866088867,4074000
2013-07-05,33.46766803215831,33.77478262287592,33.31017252297629,33.68815994262695,4048600
2013-07-08,33.76689756121025,34.29450388055331,33.75902113627847,34.255130767822266,5727200
2013-07-09,34.30238373203906,34.63312151678922,34.18426137807044,34.49925231933594,5482000
2013-07-10,34.444128252791664,34.50712463664275,33.99526512446296,34.16851043701172,5247600
2013-07-11,34.664599689276656,34.80634522444204,34.08186771093293,34.152740478515625,7224800
2013-07-12,34.16850878134049,34.538622656950885,34.13700908895322,34.51499938964844,4507900
2013-07-15,34.648864397321425,34.97960211556937,34.451995849609375,34.451995849609375,8203400
2013-07-16,34.37325170689179,34.719739290347846,34.25512936954441,34.483497619628906,4093700
2013-07-17,34.68823831475516,35.05047573003603,34.60949209542479,34.853607177734375,5563200
2013-07-18,34.86148175407406,35.08197355969158,34.7039863197863,34.87723159790039,5431500
2013-07-19,34.90084236227582,34.9402154557528,34.57010477229978,34.86146926879883,4335500
2013-07-22,34.90890458434634,35.35959686683837,34.750766253452795,35.32796859741211,5506600
2013-07-23,35.39124552065416,35.70752239156294,35.375434391724525,35.66007995605469,6578200
2013-07-24,35.78658906148822,35.818217350908185,35.25682878678251,35.383338928222656,5612800
2013-07-25,35.26473016768128,35.34380088185129,34.616365392683896,34.89310836791992,8425800
2013-07-26,34.687530840776915,34.82194955958634,34.48195299677614,34.7666015625,5130800
2013-07-29,34.750783459239074,34.86147944080095,34.300090953600446,34.347530364990234,6020700
2013-07-30,34.624272935283614,35.03543158793616,34.624272935283614,34.82194519042969,7083400
2013-07-31,34.798209828918935,35.60471269891535,34.79030426872992,35.248905181884766,6857900
2013-08-01,35.533562042903505,35.73123428994817,35.391237783732215,35.612632751464844,5794500
2013-08-02,35.55728308803684,35.79448917006483,35.33588813073693,35.573097229003906,6763600
2013-08-05,35.43076696159696,35.968435598243296,35.39913868503224,35.95262145996094,4488300
2013-08-06,35.87354718871625,35.944709295766344,35.335878605724034,35.47820281982422,7986700
2013-08-07,35.3833337036087,35.430776130733406,34.92473262345424,35.027523040771484,6507900
2013-08-08,35.79449430756301,36.56936922873118,35.73914631435382,36.498207092285156,11217200
2013-08-09,36.395415186705875,36.40332376612182,36.000070670608736,36.118675231933594,6613800
2013-08-12,36.04751801620267,36.56937272799584,36.04751801620267,36.21356201171875,5075200
2013-08-13,36.19773296575362,36.553543535557175,35.865645111429274,36.4744758605957,5708400
2013-08-14,36.45866646261938,36.49029474321158,35.54937300114608,35.58100128173828,8957600
2013-08-15,35.154035601765116,35.23310631912387,34.6005526452117,34.671714782714844,8911900
2013-08-16,34.67962598796331,35.296362548853814,34.62427798974184,34.75869369506836,8342100
2013-08-19,34.84566139600012,34.940543224393444,34.43450278464378,34.52938461303711,6126100
2013-08-20,35.09078278476017,35.201478775159366,34.41078968231995,34.85357666015625,10291200
2013-08-21,36.0633238549171,37.36005326336475,35.992161728051606,36.22146224975586,30111000
2013-08-22,36.34797943964617,37.565638379643694,36.30844257105905,37.47075653076172,10274400
2013-08-23,37.352156795954166,37.55773464793421,36.822393496686004,37.146575927734375,8124400
2013-08-26,37.17028347461937,37.51027993937643,37.027962249041735,37.15447235107422,6085100
2013-08-27,36.6800493323725,36.92516392204751,36.33214738052503,36.371681213378906,7316000
2013-08-28,36.276805233735075,36.90144713205326,36.26099109480772,36.672149658203125,7153900
2013-08-29,36.59308134976118,36.98052023814931,36.37168942281869,36.70377731323242,4470600
2013-08-30,36.767038884103634,36.86192072054789,36.09495443357807,36.2293701171875,5610200
2013-09-03,36.569372163231904,36.759138881062235,35.715426457354916,36.063331604003906,7003400
2013-09-04,36.1503082155278,36.3875143527676,36.079146072731895,36.34798049926758,5468500
2013-09-05,36.276811914056296,36.54564629284957,36.19774120485878,36.2609977722168,4558000
2013-09-06,36.42704859920849,36.52983903240909,35.778683742847235,36.055423736572266,5596100
2013-09-09,36.22937936851856,37.00425443253269,36.213565222366434,36.86983871459961,5714200
2013-09-10,37.00424761824565,37.30471030732618,36.87773748856534,37.28099060058594,5887700
2013-09-11,37.391675813311515,37.620976299863244,37.13074704939296,37.45492935180664,4680700
2013-09-12,37.38376983734395,37.46284053626347,36.86982386744145,37.15447235107422,7086100
2013-09-13,37.280974341779086,37.391670279943234,36.8381875728844,37.051673889160156,6199800
2013-09-16,37.39958578225735,37.52609589039597,36.751221101017045,37.03586959838867,6485000
2013-09-17,36.9726305665254,37.20193118882267,36.84612039840283,37.043792724609375,5347900
2013-09-18,36.98053418788803,37.96889568633627,36.70379115857857,37.755409240722656,7535200
2013-09-19,37.95308358462853,38.87818854920861,37.95308358462853,38.72795867919922,11076500
2013-09-20,38.79909632053759,38.85444429116698,37.8265495300293,37.8265495300293,11704700
2013-09-23,37.68424951985129,37.747506107622215,37.31262460729744,37.37588119506836,7187300
2013-09-24,37.31260806062904,38.29306362260413,37.178192395584055,37.98469543457031,7195300
2013-09-25,37.96889353004596,37.96889353004596,37.431224664125665,37.58936309814453,5916600
2013-09-26,37.73959017661419,38.07958672907158,37.73959017661419,37.8661003112793,4354400
2013-09-27,37.7870200407031,37.96887811028545,37.6605099481137,37.77120590209961,4107600
2013-09-30,37.40748165741083,37.921427477588146,37.32050542205707,37.64468765258789,5846500
2013-10-01,37.66840479737377,38.25351569435837,37.55770887486692,38.1032829284668,6662500
2013-10-02,37.83445775540739,38.332592542399254,37.684227969722144,38.277244567871094,5951600
2013-10-03,38.380041062748774,38.58561885567168,37.59725770149854,37.89772033691406,7403300
2013-10-04,37.92935460380291,38.127026865834424,37.83446974633546,38.06377029418945,5518600
2013-10-07,37.589364535527714,37.8107565418761,37.36796951293945,37.36796951293945,6404200
2013-10-08,37.36004936643066,37.63678926635319,36.75912714821087,36.79075241088867,7306200
2013-10-09,36.790751874338305,37.2177245847679,36.45075542154126,36.846099853515625,6652000
2013-10-10,37.37587069207559,37.86609704458124,37.28889441645183,37.81074905395508,5738400
2013-10-11,37.92144952709472,38.59353708982731,37.8977298186565,38.585628509521484,6949900
2013-10-14,38.308891048469484,38.72004978052178,38.23772890222505,38.648887634277344,4959300
2013-10-15,38.617255747957834,38.617255747957834,37.913542931860334,38.30888748168945,7282700
2013-10-16,38.522360162181705,38.577708138119675,37.82655315808347,38.32468795776367,9179900
2013-10-17,38.20608823026097,38.8386387606483,38.198182668235624,38.75957107543945,6769800
2013-10-18,38.33258766523264,38.33258766523264,37.62096964773817,37.68422317504883,12981900
2013-10-21,37.77154941407326,38.120770465083474,37.62075003407044,38.11283493041992,6482500
2013-10-22,38.24774169921875,38.5175951622705,38.19218390044394,38.24774169921875,7711400
2013-10-23,38.23187136633658,39.13667638029763,38.192187652980195,39.089054107666016,9541700
2013-10-24,39.12082368936556,40.06530990566433,39.06526585474063,40.03356170654297,8420900
2013-10-25,39.882753387249835,40.18435515613603,39.62877390640069,40.15260696411133,6014300
2013-10-28,40.0732233513606,40.09703297194029,39.549390504896486,39.77162170410156,5916400
2013-10-29,39.914489074064406,40.2478359028635,39.835118618869416,40.1684684753418,8843200
2013-10-30,40.21610493591937,40.2716657921762,39.50178869942992,39.80339050292969,6991100
2013-10-31,39.882741984997466,39.954173882793945,39.41446688337016,39.509708404541016,7212200
2013-11-01,39.54939035553914,39.676380044272896,39.00968342150242,39.03349304199219,9961600
2013-11-04,39.27954260352898,39.54145755004294,39.27160404376203,39.501773834228516,5592500
2013-11-05,39.31923903544624,40.017681137146575,39.208123384160935,39.82719802856445,5153500
2013-11-06,40.01767902762012,40.081175412249905,39.541468253593784,39.6605224609375,4104400
2013-11-07,39.77162832622954,40.02560774694474,38.91444551056058,38.94619369506836,4694500
2013-11-08,38.8985588756781,39.0969804233615,38.4779061634445,38.668392181396484,8931200
2013-11-11,38.74777378940848,39.23985856025072,38.66840635231812,38.97000503540039,5530100
2013-11-12,39.184306583368446,39.9938672784645,39.184306583368446,39.779571533203125,10150000
2013-11-13,39.53351662964675,40.700233459472656,39.53351662964675,40.700233459472656,7433500
2013-11-14,40.827239452066465,41.295514688255025,40.77962019163408,41.23202133178711,9024800
2013-11-15,41.311388391528425,41.335201049192456,40.89867098155098,41.08915710449219,10833100
2013-11-18,41.06535207893997,41.08916171159944,40.29547499442195,40.390716552734375,8655100
2013-11-19,40.87487081720967,41.152659990334335,39.82720446760392,40.03356170654297,12070900
2013-11-20,38.4937778042497,38.81125347143616,37.4302382551491,37.56516647338867,26083700
2013-11-21,37.731858537206556,38.72396670429124,37.43819233982431,38.25569152832031,11977200
2013-11-22,38.271565200152736,38.28743929397185,37.842973750058086,38.01758575439453,6142600
2013-11-25,38.13664590488389,38.32713204793478,37.708054353775275,37.89854049682617,6472200
2013-11-26,37.98584155607735,38.35093666923829,37.969967460591114,38.10489273071289,6901400
2013-11-27,38.0810830999304,38.263630656504205,37.78741990263116,38.00965118408203,4561900
2013-11-29,38.00964596270952,38.07314233592966,37.66042499301993,37.684234619140625,3343900
2013-12-02,37.76360362704975,37.77947469206804,37.081032779666124,37.168338775634766,6834800
2013-12-03,36.36671460777088,36.94610538020929,36.31115679587087,36.90642166137695,11475200
2013-12-04,36.660363542503305,37.33499861170684,36.57306060599996,37.192134857177734,8019100
2013-12-05,37.06516054455198,37.36676226546608,36.946106357232956,36.99372863769531,5232900
2013-12-06,37.454060767604346,38.477916967784026,37.41437705245926,38.08107376098633,8217900
2013-12-09,38.00964370957643,38.239813507344856,37.850905813609465,37.906463623046875,6269600
2013-12-10,37.84298403136174,38.07315391276147,37.55725632033788,37.58900451660156,5477500
2013-12-11,37.57311458548548,37.93820960564603,37.47787306450302,37.5493049621582,5307800
2013-12-12,37.54931522707313,37.61280858252759,37.16040744959562,37.215965270996094,4552400
2013-12-13,37.22388676237911,37.60485580342146,37.22388676237911,37.390560150146484,3815800
2013-12-16,37.67629807314184,37.874719692608274,37.36676083120199,37.40644454956055,4228200
2013-12-17,37.43026102332834,37.485818844729984,36.858805685855266,37.025482177734375,5502000
2013-12-18,37.06516173781145,38.47792279926529,37.001665361817466,38.35093307495117,10359700
2013-12-19,38.14456777061913,38.82713550089351,37.898523907643806,38.4064826965332,7668100
2013-12-20,38.5572806732112,38.82713110000827,38.03344482541115,38.0731315612793,8169900
2013-12-23,38.065208485063664,38.723969814196174,38.065208485063664,38.414432525634766,4715100
2013-12-24,38.438234965624446,38.850952282407455,38.31918078721017,38.652530670166016,2281800
2013-12-26,38.75571670709355,39.07318951882264,38.67634623340578,38.914451599121094,3124500
2013-12-27,39.00969770164204,39.247803076721084,38.61285440061892,38.75571823120117,3828600
2013-12-30,38.874758422333656,39.23191789788759,38.81920061810007,39.089054107666016,3202800
2013-12-31,39.0652563160721,39.37479361273758,39.03350812470278,39.327171325683594,3457300
2014-01-02,39.32716653646449,39.573210448102536,39.009693744455255,39.23986053466797,5458300
2014-01-03,39.216047187061136,39.31128871286001,38.755710622638624,38.8509521484375,4257500
2014-01-06,38.86683012851004,38.9700071969156,38.12870141746871,38.30331039428711,4923000
2014-01-07,38.414437482327095,38.74778444296747,38.09696159132955,38.398563385009766,5541900
2014-01-08,38.3191896584447,38.69222334467476,38.295380028319116,38.533485412597656,4875800
2014-01-09,38.69222640991211,38.79540652808739,38.382689083060725,38.69222640991211,4941400
2014-01-10,38.82713646568277,39.509707240591084,38.795391311343266,39.43033981323242,5736400
2014-01-13,39.20811022580424,39.612888966452125,38.49379123916279,38.62078094482422,6403800
2014-01-14,38.58110185224246,38.83508129399689,38.390615757089755,38.81127166748047,5498900
2014-01-15,38.87477980537252,38.9144635405569,38.17633456096265,38.3271369934082,6224600
2014-01-16,38.18425313789091,38.319178372429135,37.91439964114113,38.239810943603516,4146200
2014-01-17,38.31947450028792,38.35134173752625,37.889278953678485,37.92911148071289,5764000
2014-01-21,37.91318058992806,38.12827989822257,37.650280422336806,38.096412658691406,7430100
2014-01-22,38.11234536708219,38.120310657260895,37.58654808350022,38.040645599365234,7916600
2014-01-23,37.88131824193217,38.4150839364079,37.64231999264156,38.359317779541016,6938800
2014-01-24,38.06455361317101,38.478818699171704,38.02472107469607,38.10438919067383,9086200
2014-01-27,38.06454417095665,38.4947427734387,37.71401366469005,38.239810943603516,8050300
2014-01-28,37.243979341821735,37.74587766837167,37.108548148402555,37.411277770996094,13364000
2014-01-29,37.100585565573695,37.355517413041646,36.47122123756273,36.622589111328125,9922000
2014-01-30,36.8934578447351,37.2678873193931,36.61462402255499,37.044822692871094,5772900
2014-01-31,36.65447282383698,37.28383748685309,36.34377465929279,36.877540588378906,6767300
2014-02-03,36.85362098235465,37.068720309992386,36.23222495075286,36.327823638916016,7755000
2014-02-04,36.28799353778131,36.431393099151734,35.674562756147346,35.770164489746094,8399200
2014-02-05,35.70642296156546,36.38358505974276,35.41165860531468,36.27205276489258,8036000
2014-02-06,36.383607472407284,37.15637176136704,36.32784129062967,37.10857391357422,6486400
2014-02-07,36.734130126666,36.853627749054056,36.20036435510959,36.70226287841797,9641200
2014-02-10,36.73412684073289,36.98109039499369,36.5747936527734,36.74209213256836,7342900
2014-02-11,36.63057583654849,37.39537182647646,36.62261054122864,37.25197219848633,6922100
2014-02-12,37.26789751341605,37.51486415963881,37.09263370422005,37.188232421875,6788200
2014-02-13,37.020914176183275,37.29177959770682,36.670380666548795,37.15634536743164,5051600
2014-02-14,37.12448683392971,37.75385120190441,37.01295452345875,37.66621780395508,3459900
2014-02-18,37.8414838855256,37.98488343600347,37.19618590837516,37.387386322021484,5454500
2014-02-19,37.291790013264446,37.5785860934852,37.052788721205644,37.076690673828125,5460600
2014-02-20,37.180263724861135,37.514863791916355,37.124497553523334,37.172298431396484,7724200
2014-02-21,37.172292774874556,37.68215657182166,37.172292774874556,37.49095916748047,7675200
2014-02-24,37.610455130984064,38.064552745103946,37.610455130984064,37.61842346191406,7786700
2014-02-25,38.11233908678619,38.53456929430538,38.04860461975034,38.32743835449219,10095100
2014-02-26,39.99247325961569,40.852867505296636,38.88511245131792,40.40673828125,18638100
2014-02-27,40.29520324661157,40.64573376162991,40.143835379536554,40.48640060424805,7249300
2014-02-28,40.53420175456027,40.54216704492438,39.41090739353248,39.85703659057617,9573400
2014-03-03,38.717814424374524,40.29520958775534,38.717814424374524,39.9845085144043,7203400
2014-03-04,40.16774713531737,40.454546302519006,40.04824950833547,40.33504867553711,6390300
2014-03-05,40.42268540219283,40.454549615247046,40.072151707340595,40.11198425292969,5217200
2014-03-06,39.61804326375558,40.032308311462984,39.58617602031018,39.904842376708984,4380800
2014-03-07,40.23147053482935,40.25536944582664,39.84907276373603,40.1677360534668,4340500
2014-03-10,40.056202313400895,40.231469091834235,39.81720409491822,39.825172424316406,5132100
2014-03-11,39.912802515974484,39.99247061430415,39.25953930480724,39.40293884277344,4553000
2014-03-12,39.28344054724252,39.34717198573273,38.98867314726543,39.33920669555664,4435900
2014-03-13,39.45870991746573,39.633976716641214,38.733746846822946,38.80544662475586,5587200
2014-03-14,39.10818099975586,39.53041135473578,39.00461397416594,39.10818099975586,5298700
2014-03-17,39.23564835784143,39.6897459738861,39.20378111204198,39.418880462646484,4965200
2014-03-18,39.426842660776245,39.77737319296172,39.31530731782748,39.69770812988281,3910600
2014-03-19,39.78533499630887,40.05620044167296,39.2595377246053,39.498538970947266,4315500
2014-03-20,39.36311900208241,39.522452211076654,39.21971941789042,39.47465133666992,4145500
2014-03-21,39.705684217224594,39.88891634335186,39.187852049322366,39.235652923583984,7777500
2014-03-24,39.29140671929755,39.49854073685087,38.83730919338932,39.179874420166016,5388400
2014-03-25,39.25158597324117,39.323285764069,38.391188483307296,38.5266227722168,5955600
2014-03-26,38.60627837253749,38.90104579521633,38.36728014149502,38.662044525146484,7082300
2014-03-27,38.5505203967471,38.693919973594056,38.41508915140723,38.670021057128906,5300800
2014-03-28,38.90901254225329,39.05241209405126,38.741714078164826,38.97274398803711,4016300
2014-03-31,39.12411994024822,39.14801885746845,38.8452860702237,38.95682144165039,6694100
2014-04-01,39.09225583735696,39.66585420902975,39.076322211585115,39.37905502319336,3571000
2014-04-02,39.34718141233929,39.80924736795825,39.26751633538396,39.450748443603516,4846000
2014-04-03,39.43480806706214,39.50650783965426,38.94884327938529,39.07630920410156,4765600
2014-04-04,39.20377804811107,39.22768000010654,38.383216286586446,38.59034729003906,5951900
2014-04-07,38.59832376820522,38.65408993625382,37.108564777854546,37.25992965698242,8818100
2014-04-08,37.243995300730475,37.37146125934297,36.9731297588004,37.22806167602539,6887600
2014-04-09,37.29975383488859,37.92911820632331,37.052787261039796,37.87335205078125,6023000
2014-04-10,37.833520628908694,38.128285036728954,37.243988774240535,37.275856018066406,6203400
2014-04-11,37.17230164495418,37.22010252695973,36.797869000149056,36.893470764160156,4931500
2014-04-14,37.15634536743164,37.554676690905865,36.86158103898822,37.15634536743164,4698300
2014-04-15,37.41127042317537,37.41127042317537,36.479176753107424,37.21210479736328,5437900
2014-04-16,37.419262133458226,37.58656063431934,37.09263042457444,37.22806167602539,4270900
2014-04-17,37.05280331225865,37.5069041225745,36.87753947849996,37.283836364746094,4281000
2014-04-21,37.31581866742913,37.49176220976127,37.19585660660959,37.33181381225586,3140900
2014-04-22,37.387782746174345,38.29148829564252,37.32380218833972,38.01957702636719,4687200
2014-04-23,38.011588018445714,38.13155007083969,36.93993779641769,36.963932037353516,7862500
2014-04-24,37.155857677837645,37.7316704934099,37.059889892162566,37.715675354003906,4674800
2014-04-25,37.57173437773126,37.59572556926767,37.06789800013333,37.09189224243164,4589200
2014-04-28,37.26783273163516,37.74767791769667,36.52407528638742,37.09189224243164,7024100
2014-04-29,37.17186041578106,37.251836129159386,36.899949091817795,37.131874084472656,3888400
2014-04-30,37.02789717424077,37.08387863309368,36.508068906212195,36.715999603271484,6618800
2014-05-01,36.82796903548565,37.339801350256536,36.70001095679292,37.083885192871094,4367100
2014-05-02,37.091889467975165,37.85963804733207,37.091889467975165,37.57173156738281,4732300
2014-05-05,37.33182577568346,37.459783924541114,36.891969829657974,37.019927978515625,3984700
2014-05-06,36.9399346351277,36.987920062131074,36.23616667698027,36.30014419555664,4586800
2014-05-07,36.46809180993653,36.62004415005004,35.7323335026394,36.07622146606445,5148500
2014-05-08,36.04421681729537,36.620029559329204,35.81229190166946,36.00423049926758,3718200
2014-05-09,35.9962430059292,36.57205593353369,35.90027520158228,36.556060791015625,4023700
2014-05-12,36.65203703237978,37.14787432026045,36.64403793456447,37.01191711425781,2820500
2014-05-13,37.02790613550151,37.29182140604553,36.39611174610351,36.596046447753906,3962300
2014-05-14,36.5320558229439,36.54805095942871,35.98023734263993,36.12418746948242,5480300
2014-05-15,35.916259044717656,35.916259044717656,35.29246393656861,35.69233322143555,7721200
2014-05-16,35.80431130108582,36.308147667674525,35.80431130108582,36.27615737915039,5727100
2014-05-19,36.180191095681366,36.540071179143546,35.98825240717451,36.42810821533203,4567700
2014-05-20,36.7959763963257,37.01990530776616,36.18817632415541,36.40410614013672,8853200
2014-05-21,36.308139361573254,36.66002330255383,35.436424028662124,36.31613540649414,8572000
2014-05-22,36.148201918132315,37.707693513916595,36.148201918132315,37.499759674072266,8780800
2014-05-23,37.44377300210449,37.69968919201992,37.37179638301818,37.635711669921875,5096400
2014-05-27,37.73166776021224,38.25149907558854,37.707676578221566,38.211509704589844,5534400
2014-05-28,37.51573368330945,37.77964885809355,37.24382246569567,37.35578536987305,6889900
2014-05-29,37.47575939827225,37.707684374670585,37.14786662330822,37.59571838378906,3947800
2014-05-30,37.563731127745754,37.67569406779534,37.24383439838011,37.651702880859375,4288900
2014-06-02,37.65969895000707,37.9156151133565,37.49975058522335,37.59571838378906,4070800
2014-06-03,37.44376752958425,37.891622321861725,37.42777238870707,37.76366424560547,3560600
2014-06-04,37.65968964512612,37.90760970182336,37.47575013883871,37.72366714477539,4501900
2014-06-05,37.859645480743204,38.075575383101096,37.635719530488615,37.907630920410156,4300100
2014-06-06,38.011586875307145,38.307492448776905,37.93961025618769,38.20352554321289,3860500
2014-06-09,38.11554021248351,38.587386091907206,38.01157334392967,38.07555389404297,3700200
2014-06-10,37.947599759616566,38.187520745772915,37.81164260197942,38.05956268310547,3588100
2014-06-11,37.891625283401204,38.00358822753109,37.44377045612023,37.5157470703125,4244900
2014-06-12,37.24384230265275,37.31581892949758,36.40411702330441,36.42810821533203,11318400
2014-06-13,36.54006871194353,36.65203471895702,36.068222645767115,36.3481330871582,6139500
2014-06-16,36.27616388012875,36.48409469127483,36.156201802046,36.32414627075195,6713500
2014-06-17,36.260164698255814,36.84397377505463,36.18019202227429,36.6600341796875,8366900
2014-06-18,36.596053598292656,36.748005953724395,36.38812281028347,36.6600341796875,10408400
2014-06-19,36.739991224128715,36.93992587977957,36.47607906506516,36.708003997802734,4751200
2014-06-20,36.85196339000665,36.979921469106905,36.508075480407,36.803977966308594,13871100
2014-06-23,36.77198733780206,36.971922025187304,36.66002440098812,36.85196304321289,6532800
2014-06-24,36.75599841055601,37.475764627128434,36.54806764285827,37.19585418701172,11137700
2014-06-25,37.25182199552276,37.491742943106786,37.0998697231366,37.3477897644043,5059500
2014-06-26,37.45177052453647,37.939608643654324,37.38778995436669,37.74767303466797,5272000
2014-06-27,37.691700138607715,38.043584202334884,37.643714700060386,37.923622131347656,5216600
2014-06-30,37.84362913462364,38.43543702260973,37.643694490822476,38.37945556640625,7388700
2014-07-01,38.411448859933735,38.7233464654224,38.363466490326886,38.491424560546875,5843800
2014-07-02,38.51542687396116,38.699366462377164,38.387468766769075,38.483436584472656,3097900
2014-07-03,38.5634074574326,38.73934792596456,38.531417171968044,38.57140350341797,2132400
2014-07-07,38.467432911875996,38.70735697908902,38.36346907022901,38.55540466308594,4538000
2014-07-08,38.45144117196591,38.507422641289615,38.09155811862688,38.243507385253906,5011300
2014-07-09,38.39546024638986,38.643380384291284,38.059571399002344,38.2755012512207,5830900
2014-07-10,37.3238093841969,37.92361350111187,37.17186010618592,37.74767303466797,8008700
2014-07-11,37.73168256500517,37.99559482273599,37.659705940030975,37.939613342285156,4430800
2014-07-14,38.14753847437422,38.14753847437422,37.699683682096754,37.76366424560547,4358900
2014-07-15,37.86763212007038,38.171533727596014,37.80365460050586,37.99559020996094,5921700
2014-07-16,38.09156361947021,38.203526574286315,37.77166684791415,38.11555480957031,5318100
2014-07-17,37.923623622341836,38.211530163420676,37.763678255753426,37.82765579223633,5010000
2014-07-18,37.947605333802144,38.28349415360812,37.89162386383448,38.235511779785156,5211200
2014-07-21,38.26765363689092,38.38015780053245,38.10693208932792,38.235511779785156,3117900
2014-07-22,38.243544816838714,38.637312437992044,38.203365198070024,38.404266357421875,3222400
2014-07-23,38.388197734294685,38.57302645151381,38.251583338214374,38.500701904296875,3917900
2014-07-24,38.55694466203355,38.86231523924531,38.476585435902656,38.57301712036133,3934600
2014-07-25,38.420332869478166,38.677486068393286,38.211393979417174,38.33193588256836,4531100
2014-07-28,38.38015420668037,38.45247874303595,38.050676444506806,38.32390213012695,3192900
2014-07-29,38.34802172961229,38.781965988347466,38.33194926588003,38.60517501831055,4181400
2014-07-30,38.73374430511782,39.00697000564864,38.62124014587132,38.95071792602539,4380500
2014-07-31,38.717671315484516,38.95071739388753,38.45248031616211,38.45248031616211,4740700
2014-08-01,38.484633992345714,38.67750049623086,37.98639986678029,38.243553161621094,5231200
2014-08-04,38.25962110207666,38.613206074299065,38.251583338214374,38.500701904296875,3528100
2014-08-05,38.380168912871774,38.75786419917393,38.21141261854889,38.28373718261719,4879400
2014-08-06,38.2435481107997,38.7498199343145,38.1872960265768,38.653385162353516,3968500
2014-08-07,38.78195369315247,38.974820131285455,38.41229634103128,38.50872802734375,3175700
2014-08-08,38.78196169955808,40.01147898228103,38.73374737920218,39.95522689819336,7386400
2014-08-11,40.05166130161121,40.14005831556151,39.70611101008306,40.06773376464844,4070500
2014-08-12,40.0034421893131,40.140056586490275,39.85075839529977,40.04362487792969,3287300
2014-08-13,40.10790212899238,40.42130740645597,39.874856078644775,40.05968475341797,4397800
2014-08-14,40.14808571571583,40.509708404541016,39.97932948276685,40.509708404541016,3605200
2014-08-15,40.63024885748921,41.136517538079644,39.83467897076276,40.18022918701172,6642200
2014-08-18,40.582030658974766,40.74275218557728,40.45345405079438,40.54185104370117,4816800
2014-08-19,41.63476042262115,41.787444211348735,41.20884784899807,41.40171432495117,9344800
2014-08-20,40.14004787656488,42.31781547085266,39.93914673911011,42.05262756347656,18405900
2014-08-21,42.30175572174639,42.62319886445628,42.181216842361934,42.325862884521484,7154100
2014-08-22,42.1812141582479,42.510691979080846,41.89191596131969,42.213356018066406,5062200
2014-08-25,42.43032337774624,42.550865297105396,42.189242604536275,42.3499641418457,3779300
2014-08-26,42.293715845908736,42.56694156411663,42.23746376264611,42.253536224365234,4814000
2014-08-27,42.333891251670664,42.46246786711087,42.157097255874774,42.20531463623047,4927900
2014-08-28,41.90798065573544,42.34192480518116,41.811545897629074,42.22138595581055,4357500
2014-08-29,42.189242371749415,42.37407106570751,41.99637591494061,42.1972770690918,3510600
2014-09-02,42.31780946097805,42.54281772200967,41.81153780814926,42.27762985229492,5144200
2014-09-03,42.34997009047669,42.623195822628496,42.07674435832489,42.51872634887695,5820100
2014-09-04,42.59104987070873,43.15357378398964,42.550870248083385,43.08124923706055,6665100
2014-09-05,43.01695154970937,43.50715082673485,42.67140134018347,43.4830436706543,5073300
2014-09-08,43.25806299394651,43.499143905212875,42.96072690672488,43.02501678466797,4019800
2014-09-09,42.94464358789445,43.02500591502093,42.518733983406776,42.61516571044922,3342000
2014-09-10,42.67946012742582,42.92857570433324,42.50266605438727,42.90446853637695,3265100
2014-09-11,42.62319336412888,42.75176999151881,42.32585742256392,42.655338287353516,6348500
2014-09-12,42.68746769219102,42.896406566690445,42.32584507517871,42.56692886352539,5443500
2014-09-15,42.55086179912135,42.78390785578655,42.35799535710336,42.69551086425781,4418200
2014-09-16,42.591055721360306,43.370553382506614,42.518731164496124,43.15357971191406,5177600
2014-09-17,43.225901993708156,43.595559457998526,43.129467212625386,43.28215408325195,5878700
2014-09-18,43.35447239272591,43.6598430244929,43.23393046648648,43.515193939208984,4199900
2014-09-19,43.70002608795598,44.04557636719326,43.250006335447054,43.46697998046875,7181400
2014-09-22,43.33036606244172,43.33036606244172,42.83213198252362,42.96070861816406,3885200
2014-09-23,42.81606138244466,42.97678295036404,42.639270416691375,42.68748474121094,3488500
2014-09-24,42.71159067174792,43.22589718493819,42.6633732865706,43.097320556640625,4567100
2014-09-25,42.95266751922619,43.201782989310175,42.60711728765,42.64729690551758,4217000
2014-09-26,42.71962242463621,42.87230620224165,42.50264880456002,42.735694885253906,4428700
2014-09-29,42.566927901514205,42.9446199014066,42.398168640383936,42.87229537963867,4370900
2014-09-30,42.91248536406868,42.944627217157276,42.245492097972544,42.52675247192383,5349800
2014-10-01,42.39818035173935,42.63926420123046,42.14906487001098,42.26960372924805,5502900
2014-10-02,42.28568783300399,42.8642843262773,42.25354596766273,42.61516571044922,4471800
2014-10-03,42.840165777635725,43.169643567533896,42.75980347186269,43.0651741027832,4172500
2014-10-06,43.20981458569355,43.49107493613613,42.89640931934099,43.07320022583008,3237100
2014-10-07,42.83212658345163,43.25000136298633,42.71962242463621,42.735694885253906,4886100
2014-10-08,42.7758755372433,43.73216397578074,42.70355099547099,43.667877197265625,5806900
2014-10-09,43.59554852565948,43.99735081621856,43.25803607303379,43.322322845458984,6799500
2014-10-10,43.378588081931916,43.86075281619618,43.13750724755434,43.15357971191406,7372000
2014-10-13,42.9928539678376,43.11339590610049,42.076745046667895,42.16514205932617,8235900
2014-10-14,41.859772488383314,42.22942994594685,41.14456473533375,41.79548263549805,11281900
2014-10-15,41.36153829057995,41.52225679138681,40.05969636238032,41.1525993347168,10547500
2014-10-16,40.75883774835239,41.65083959553342,40.41328742799381,41.313323974609375,5330200
2014-10-17,41.691008367796805,42.51068544459465,41.650828750068236,42.1972770690918,7948100
2014-10-20,42.25377749728283,43.286918784370165,42.25377749728283,43.173919677734375,5876200
2014-10-21,43.31113096916644,44.07791456181423,43.149702358241434,44.061771392822266,4316700
2014-10-22,43.98913564431575,44.271633448965595,43.52906603160307,43.53713607788086,5093300
2014-10-23,43.93263694901074,44.5460620850492,43.89228055883634,44.36042022705078,8477000
2014-10-24,44.271631489802665,44.667131477805434,44.053706380999614,44.659061431884766,4586200
2014-10-27,44.5622136435841,45.062642828712775,44.5622136435841,44.772071838378906,3365400
2014-10-28,44.92540711821876,45.24826431274414,44.893120782967344,45.24826431274414,4646400
2014-10-29,45.24827473890146,45.51462936861339,44.812418349560005,45.04648971557617,3540200
2014-10-30,45.57113353994299,45.651849404837414,45.12720705950765,45.41777801513672,5001900
2014-10-31,46.00697882849715,46.337906096910764,45.942406152223924,46.16840744018555,7772500
2014-11-03,46.16840848202997,46.41054986552943,45.95048031318203,46.37019348144531,5337200
2014-11-04,46.321779377470435,46.370208901873475,45.902066069631346,46.21685028076172,4333100
2014-11-05,46.483199436273104,46.531628951705414,45.81327166160451,45.95855712890625,4889600
2014-11-06,46.08769186715951,46.57197770508618,45.982765886087556,46.46704864501953,4127800
2014-11-07,46.418633578704906,46.84641999714348,46.41056353110975,46.56391906738281,3907300
2014-11-10,46.56390820744408,46.822192776189176,46.434765923071524,46.676910400390625,3271900
2014-11-11,46.71726530587782,46.910977186797965,46.5961930710566,46.81412124633789,3128800
2014-11-12,46.93519203591062,47.09661757204178,46.79797663540544,46.99169158935547,5107500
2014-11-13,47.10469159003012,47.42754574741317,47.048192035513225,47.30647659301758,3830700
2014-11-14,47.306477925234695,47.42754708303977,47.18540568843474,47.282264709472656,3748700
2014-11-17,47.23383736809189,47.75040652137052,47.20155102626322,47.53247833251953,4721900
2014-11-18,46.98362064780005,47.37912061928193,46.78183563926733,47.241905212402344,6582100
2014-11-19,49.42117227559913,50.430097080537045,49.106388229097576,50.252525329589844,11704900
2014-11-20,50.20412480273948,50.712624028809614,50.05076618273657,50.389766693115234,6089300
2014-11-21,50.680319615939794,51.32603097818808,50.43010511600842,51.05967330932617,7490800
2014-11-24,51.22917790319473,51.543962017424754,51.03546294420982,51.366390228271484,4630000
2014-11-25,51.46325265650683,51.769966763987476,50.80139800494004,50.809471130371094,6361400
2014-11-26,50.8659701448917,50.90632653462695,50.30904457695683,50.7368278503418,5405700
2014-11-28,50.96282387973165,51.75382386331956,50.94668070874057,51.519752502441406,2945300
2014-12-01,51.293749888141484,51.55203445946565,50.77718074549316,50.978965759277344,4908200
2014-12-02,51.108094081952665,51.68923574815871,51.027381330088105,51.63273620605469,5063800
2014-12-03,51.479377467082074,52.092805463250315,51.40673475908831,51.89909362792969,4213500
2014-12-04,51.721534315988336,52.1089580797843,51.560105695076786,52.10089111328125,4930400
2014-12-05,52.03632060585541,52.36724482799777,51.979821048026714,52.351104736328125,4710600
2014-12-08,52.31880338397493,53.521440002983205,52.2865170519091,53.343868255615234,6444600
2014-12-09,52.65782601876404,53.287394402577135,52.39954139571274,53.14210891723633,5377100
2014-12-10,53.06945982408464,53.586028978402304,52.528677452844285,52.56903076171875,5625500
2014-12-11,52.91610201010514,54.29631081670661,52.819249141004086,53.07753372192383,7175100
2014-12-12,53.004881111503884,53.473023778729456,52.32688648282357,52.35917282104492,5567100
2014-12-15,53.10174988219957,53.23896222635741,52.02017890603718,52.72239303588867,5549000
2014-12-16,52.33494886564467,53.02102271628399,51.713453843781906,51.83452606201172,7126800
2014-12-17,52.020178188612135,53.40039321066297,52.020178188612135,53.23088836669922,4799800
2014-12-18,53.836245456385214,53.965390836015814,53.18246390647953,53.77167892456055,6990400
2014-12-19,53.981534411571836,54.23175206124885,53.31967969324842,53.9976806640625,10180300
2014-12-22,54.21559959390884,54.780601364485065,54.08646037874221,54.75638198852539,4333800
2014-12-23,54.93395003320919,55.16802138752343,54.635312154731295,54.83709716796875,3897800
2014-12-24,54.84516966773735,54.84516966773735,54.393173163043066,54.49003219604492,1607400
2014-12-26,54.61916117173171,54.97430473480856,54.47387572847203,54.48194885253906,2969500
2014-12-29,54.280179112193046,55.48281630062717,54.21560641748744,55.345603942871094,2936600
2014-12-30,55.159955292290846,55.59581171538769,55.01467597591592,55.32946014404297,2879400
2014-12-31,55.482802153535594,56.15272983480705,55.45051581441522,55.53123474121094,4352000
2015-01-02,55.692659857234524,55.95901753446921,54.35280450483422,54.643375396728516,4212000
2015-01-05,54.23174136855042,54.38509378902951,53.18245685121858,53.3358154296875,7335600
2015-01-06,53.69902077099374,53.91695200955027,52.754668491886676,53.45688247680664,5247400
2015-01-07,53.9653940161556,55.200317531190834,53.949247763754975,55.046958923339844,4719600
2015-01-08,55.6442254320622,56.491718613314596,55.555439552408814,56.20922088623047,5536700
2015-01-09,56.13659791994935,56.20116444960402,55.10345339159909,55.151885986328125,5644000
2015-01-12,55.377885938149234,55.466671846894094,54.59495901084851,54.76445770263672,4604800
2015-01-13,55.28909109020292,56.023591460520926,54.36087884030232,54.77252197265625,6034500
2015-01-14,54.199453707341576,54.611096842786864,53.965382362009535,54.393165588378906,4810800
2015-01-15,54.59494508798656,55.05501460779586,53.448807850284645,53.553733825683594,5288300
2015-01-16,53.45655727909233,55.165547710701084,53.37556373121845,55.06835174560547,4817200
2015-01-20,55.08455423732071,55.384230982800496,53.65904431104855,53.87772750854492,5924700
2015-01-21,54.493278079066656,54.971150416170744,54.06400680401013,54.52567672729492,5182000
2015-01-22,54.817262734975436,56.39665834020887,54.59047835877892,56.33186721801758,7069200
2015-01-23,56.30756805488497,56.80973791295652,55.99168890882084,56.46146011352539,4862600
2015-01-26,56.445250780796336,57.10130636588686,56.226561466159595,57.052711486816406,5062700
2015-01-27,56.4047674983211,56.7044504259146,56.10508457072759,56.57485580444336,5846600
2015-01-28,56.89073453167452,57.59539137681881,56.00789435249765,56.06459045410156,5372700
2015-01-29,56.23466318569884,56.89071877677684,55.764892085697596,56.6396369934082,6409400
2015-01-30,56.26704744311436,56.388540790240604,54.809139636416,54.88203811645508,8963700
2015-02-02,54.73626173606743,55.47331085823206,53.59423262380176,55.40851974487305,5695300
2015-02-03,55.95118850973446,56.42095965804302,55.359923970737746,56.39665603637695,5101400
2015-02-04,56.29945860898639,57.7654617668154,56.234661318845625,57.23899459838867,6143700
2015-02-05,57.35239444451261,57.9112603328282,57.287603325107604,57.886962890625,4924500
2015-02-06,57.93556185739578,58.51872522900651,57.72497371111169,58.23524475097656,4836300
2015-02-09,57.87076366572305,58.178547762354896,57.31999895425702,57.465789794921875,2800400
2015-02-10,57.58729194730274,58.22715150197865,57.53869705282997,58.12186050415039,4090000
2015-02-11,57.984164555647155,58.21095514803059,57.60349425068007,57.854576110839844,3049600
2015-02-12,57.9760471613483,58.510609331509876,57.86265499860465,58.470115661621094,3437000
2015-02-13,58.364822626998674,58.58351194152301,58.18663316461879,58.356727600097656,2560100
2015-02-17,58.1461461745045,58.79410062741507,57.91126059977336,58.6969108581543,3690600
2015-02-18,58.696914004766924,58.92369838441357,58.41343353020863,58.73740768432617,3765300
2015-02-19,58.75362299732473,59.00470487570681,58.38914272481513,58.5511360168457,3023000
2015-02-20,58.421520877356684,59.587847452948964,58.11374299964653,59.57974624633789,4289900
2015-02-23,59.879443913470304,60.21151931377265,59.344875374246364,59.71745681762695,4902900
2015-02-24,61.24015753314634,61.41024584039549,59.87944489574142,60.462608337402344,9780200
2015-02-25,61.47501324682223,61.53981052646629,59.32865124903018,60.28438949584961,9318100
2015-02-26,60.34921721121407,60.77038738249041,59.57976303105416,60.01713562011719,7552300
2015-02-27,59.8227524610666,60.559801837668196,59.65266414338931,60.009037017822266,4913700
2015-03-02,59.54737449646839,60.91618859975161,59.54737449646839,60.818992614746094,5187200
2015-03-03,60.665067118107146,60.8999526274045,60.11430258788789,60.7541618347168,3591100
2015-03-04,60.63269088676786,60.69748819177942,59.86324297284176,59.95233154296875,4988500
2015-03-05,60.24394144600119,60.73801031409806,60.24394144600119,60.389732360839844,3516500
2015-03-06,59.90373104213719,60.24390759246346,59.39346621664778,59.53925704956055,5833200
2015-03-09,59.55545254005357,60.2763054883853,59.46635779997568,60.1467170715332,3292100
2015-03-10,59.74176819932752,60.05764743549163,59.174800872802734,59.174800872802734,3844600
2015-03-11,59.263862479000004,59.60403897686373,59.16667272498727,59.18286895751953,3526700
2015-03-12,59.531171354322346,60.72989697944597,59.531171354322346,60.6974983215332,3572700
2015-03-13,60.69746620690993,60.867554436400276,59.72552552201081,60.06570816040039,4138200
2015-03-16,60.494994377345314,61.19154987857917,60.494994377345314,61.102455139160156,4163300
2015-03-17,60.729870465528855,60.883756299164624,60.389687795670504,60.397789001464844,3902800
2015-03-18,60.3168213759397,60.519308351860325,58.826514019869656,60.35731506347656,7011500
2015-03-19,60.49502957564299,60.729915281739366,60.06575804289974,60.389732360839844,3786200
2015-03-20,60.45447037425131,61.23201909727032,60.138591398631334,60.932342529296875,8080500
2015-03-23,61.19155194332975,61.69371556855157,60.85947041621541,61.04576110839844,5934600
2015-03-24,61.11863801648097,61.758497287281564,60.932353550706445,61.24013137817383,4899900
2015-03-25,61.30494251313537,61.418334695159885,60.09811600822951,60.1467170715332,4142900
2015-03-26,59.57977086223685,59.68506805345509,58.705031748546666,59.01280975341797,7672900
2015-03-27,58.93180069739295,59.733647248871534,58.93180069739295,59.66884994506836,3651700
2015-03-30,59.81463715429122,60.73797704944138,59.79033971169421,60.58409118652344,3959700
2015-03-31,60.349202475513614,61.045757964376435,60.15481058600982,60.25200653076172,4518300
2015-04-01,60.19531044117569,60.624581716528525,59.69314066240636,60.25200653076172,5902500
2015-04-02,60.13863075145666,60.80278777318516,60.0738334372851,60.61649703979492,3379000
2015-04-06,60.12242578057046,61.26444892477228,60.106223364674776,60.794677734375,4714000
2015-04-07,60.74608343681212,61.15105732639087,59.976635518376966,60.025230407714844,3124800
2015-04-08,60.09002235067961,60.70557815873115,60.01712384376709,60.592185974121094,3439200
2015-04-09,60.43019247766245,60.875666140832685,59.36106186546385,60.13861083984375,4473100
2015-04-10,60.34113107859774,60.69751020600442,59.97665691968699,60.66511154174805,3140400
2015-04-13,60.74606224618644,60.94044791513972,59.74982410640902,59.782222747802734,3448900
2015-04-14,59.76606410871183,60.187234352921465,59.134305652690934,59.91995620727539,3679500
2015-04-15,59.984712911266996,60.44638276247769,59.433948336190255,59.458251953125,3088300
2015-04-16,59.74983518423667,60.535485390321746,59.644544214742545,60.00092315673828,3846100
2015-04-17,59.61214867167131,59.84703424299935,58.69691000773278,58.7617073059082,5547400
2015-04-20,59.224853484096855,59.41985744125514,58.94859839471128,59.01359558105469,3610900
2015-04-21,59.200482395748615,59.728624086218716,59.15985372761076,59.509239196777344,4046400
2015-04-22,59.468591162781294,59.614845626514146,58.956697440185415,59.37108612060547,3152500
2015-04-23,59.273599694101975,60.045500905864266,59.24922497566825,59.614864349365234,4170800
2015-04-24,59.65547314063101,59.81798155804823,59.30608779201182,59.44422149658203,2401000
2015-04-27,59.77737293777283,59.77737293777283,58.331081632890644,58.3717041015625,5629100
2015-04-28,58.17668680099947,58.729203080634505,57.729802553643275,58.29043960571289,4181000
2015-04-29,58.11980520539738,58.16043386019166,56.80352109731091,57.23415756225586,4526700
2015-04-30,57.17729475002572,57.59980434458554,55.739124335854186,55.950382232666016,10950700
2015-05-01,54.98349191123299,57.50231481117054,54.92661548507221,57.445438385009766,9932000
2015-05-04,57.59979828562048,58.02231403479941,57.33979097807314,57.89230728149414,4888600
2015-05-05,57.819177159403594,58.022308041162496,57.17728282915796,57.22603225708008,4017500
2015-05-06,57.226056565553286,57.58356905301306,56.82792160392366,57.50231170654297,4356300
2015-05-07,57.591685107752944,59.05423043742043,57.58356433302373,58.73734664916992,5523400
2015-05-08,59.35484915754255,60.06986766614778,59.306093528070626,59.52547836303711,4171200
2015-05-11,59.338610898605666,60.06988354333997,59.28173448174102,59.49299240112305,3940400
2015-05-12,59.5986123530408,60.06987758838062,59.26548085844809,59.858619689941406,3850000
2015-05-13,60.02922764300534,60.02922764300534,59.31420926977167,59.403587341308594,3292400
2015-05-14,59.50923284258607,59.671741298721,58.51795295688613,58.71296310424805,5763000
2015-05-15,58.859212783391094,59.40360211885988,58.53420209686563,59.38734817504883,4784800
2015-05-18,59.493005772492396,59.54175522674321,59.00549263278652,59.362998962402344,4982900
2015-05-19,59.86675031291279,59.92362672760693,58.3392078903671,58.363582611083984,8728300
2015-05-20,55.787878008741195,56.59227470415483,55.34098751180938,55.65787124633789,16012500
2015-05-21,55.657883167237834,56.77916383733778,55.45475220677346,55.836639404296875,8765500
2015-05-22,55.95039413493681,56.74666405536028,55.755390142046494,56.50291061401367,4862500
2015-05-26,56.48665237620002,56.84416483524116,56.21852423098387,56.53540802001953,6815900
2015-05-27,56.82790250640865,57.8273030618554,56.7466451872458,57.461669921875,5265300
2015-05-28,57.274788370891876,57.59167208750172,57.14478781490328,57.242286682128906,2814500
2015-05-29,57.05542421008757,57.469813098222495,56.69791174196608,56.86042022705078,4131300
2015-06-01,56.84413631763181,57.193521627579024,56.63287849790378,56.99039077758789,4165400
2015-06-02,56.76290255440419,57.437298670128726,56.68977220255934,56.99853515625,4807600
2015-06-03,57.031044048282716,57.75418969051797,56.99854235436532,57.40480422973633,3433100
2015-06-04,56.90913967740375,57.510405257640265,56.7141357971495,56.99039077758789,4554600
2015-06-05,56.91729736244387,57.079799650506175,56.64916300798264,56.70603942871094,4291500
2015-06-08,56.63290591043085,56.827916084139176,55.804134368896484,55.804134368896484,4433000
2015-06-09,55.89351271412187,56.08851668957517,55.06473497008225,55.682254791259766,5228600
2015-06-10,55.85285090234373,56.29161423605594,55.53596730561729,56.20223617553711,4768600
2015-06-11,56.332274176521466,56.99854341658387,56.007263430354946,56.096641540527344,3605600
2015-06-12,55.860987770642915,56.584133152767,55.84474002906057,56.08849334716797,4350900
2015-06-15,55.95038013088434,56.218514428411815,55.64162336949926,56.15351104736328,4989000
2015-06-16,55.95850833688242,56.551647154601,55.92600664564166,56.38914489746094,3426000
2015-06-17,56.389138052698925,56.844149276710816,56.16975321321962,56.608516693115234,3380600
2015-06-18,56.68165142940372,57.44541944328434,56.68165142940372,56.99853515625,4462400
2015-06-19,56.81977702521418,57.2747882689594,56.64102083686763,56.868526458740234,11947400
2015-06-22,57.274791682859345,57.477922600076674,56.925406257283,57.11228942871094,4052800
2015-06-23,57.63229670927419,57.6647983957594,57.12040909502357,57.36416244506836,3634300
2015-06-24,57.32354896188468,57.681055171074,56.92540788939775,56.9416618347168,3543900
2015-06-25,57.2422949455031,57.567305680987346,56.57602572733925,56.600406646728516,3398400
2015-06-26,56.47039131087475,56.65727447013885,55.64161995015909,55.74724578857422,9297500
2015-06-29,55.49534784276471,56.13723584054659,54.84532667660269,54.86970138549805,5311200
2015-06-30,55.405983096249656,55.41410386845938,54.18719776601319,54.414703369140625,10150900
2015-07-01,54.80470817240122,55.08096938882233,54.4065733889468,54.63407897949219,5782900
2015-07-02,54.80471666999566,55.06472398508544,53.95969754525141,54.1953239440918,6064900
2015-07-06,53.8946847636815,54.27657179713671,53.610302781021964,53.829681396484375,10279900
2015-07-07,54.000323672404804,54.78847264324694,53.48843597956785,54.739723205566406,8437900
2015-07-08,54.10593936994122,54.772214621586514,54.01656748398132,54.05718994140625,4941600
2015-07-09,54.68284937547392,54.86159938842482,54.31720997842579,54.45533752441406,3767900
2015-07-10,54.81284269384907,55.4709848427395,54.61783876067103,55.12972640991211,4157900
2015-07-13,55.576612443873934,55.7878703040714,55.292230439221264,55.495361328125,4158300
2015-07-14,55.25160536340081,55.576616046527576,54.90221996387561,55.56848907470703,4981900
2015-07-15,55.38161732511591,55.7959999409901,55.19473415004547,55.47098922729492,3532800
2015-07-16,55.210968593084914,55.68223370443854,54.71532876891338,55.438480377197266,5654600
2015-07-17,55.19471196857906,55.33283945169357,54.47969364504984,54.86970138549805,6601200
2015-07-20,54.25779207714222,54.74733482083342,53.849838753253934,54.42097091674805,5332000
2015-07-21,54.323065482514664,54.600470751651095,53.98854077280746,54.16804122924805,5375100
2015-07-22,54.33935475450819,55.081832426523114,54.33935475450819,55.02471923828125,4921000
2015-07-23,55.17160202025397,55.612192295201176,54.845238161973874,55.23686981201172,4169300
2015-07-24,55.39189590793846,55.42453291735123,54.73101358573078,54.81260299682617,3629000
2015-07-27,54.698368072509766,55.00841027642007,54.4372782626716,54.698368072509766,3422500
2015-07-28,54.86973023227342,55.48166030921327,54.3883482263539,55.3184814453125,4398000
2015-07-29,55.44900876911471,56.191486722616595,55.30214534011835,56.08541488647461,5205900
2015-07-30,55.79169640616295,56.29756078752724,55.497969504064194,56.18333435058594,3566900
2015-07-31,56.49338989906405,56.95030197888193,56.1507105078572,56.59130096435547,4316400
2015-08-03,56.43625613542457,56.58311956749439,55.742736793656604,56.224124908447266,5576800
2015-08-04,56.387324246988236,56.98293277577033,56.11807348609339,56.59130096435547,3132500
2015-08-05,57.04820016813409,57.28481387967869,56.72183621342171,57.06452178955078,3914900
2015-08-06,57.0645049893395,57.195046797867164,56.379140263732474,56.550479888916016,4840900
2015-08-07,56.54232545134373,56.81156987739937,56.264913992088424,56.72998046875,3310300
2015-08-10,57.09713985825696,57.260318669020435,56.6402279833485,56.76261520385742,5759400
2015-08-11,56.20780260394929,56.819732525947465,56.19148721164015,56.64023208618164,5486000
2015-08-12,56.256764927790705,56.33836057834666,55.53876926696714,56.27308654785156,5001700
2015-08-13,56.41994611480416,58.68000479725419,56.305719681748855,58.100711822509766,8551500
2015-08-14,58.165982620216454,58.97372841624053,58.043595384485926,58.835025787353516,5864600
2015-08-17,58.639209773949595,59.218502714851624,58.255732674720825,59.13691329956055,5238500
2015-08-18,59.69989809673632,59.96914883035275,59.32458172178983,59.577510833740234,10796100
2015-08-19,59.210336106038135,60.809512143618164,58.94924626775717,60.67897033691406,11734100
2015-08-20,60.34446754062044,61.013510882699485,59.70806121826172,59.70806121826172,7023200
2015-08-21,59.18585039287385,59.626440591316694,57.937514609721674,58.01910400390625,8210600
2015-08-24,55.163448831428965,57.17057843350875,52.39752579961027,55.734580993652344,10961200
2015-08-25,57.129773341337334,57.268482184403666,54.584148913795296,54.65757751464844,7464100
2015-08-26,56.05278051897291,56.56680565712212,54.11908587507311,56.09357833862305,6497100
2015-08-27,56.50969690743524,56.827900006242096,55.2776761102062,56.34651184082031,6607900
2015-08-28,56.33020030163779,56.57496858100056,55.56324599824447,55.848812103271484,6282600
2015-08-31,55.889577829863505,56.672847078742805,55.67744046301995,56.43623352050781,6775100
2015-09-01,55.383737430365656,55.86512555837342,54.98394494176055,55.277671813964844,7114300
2015-09-02,56.052788676042574,56.346515590622865,55.54693049805646,56.3302001953125,4452600
2015-09-03,56.46888534041109,57.06449979505781,56.20779552224854,56.37913513183594,3419500
2015-09-04,55.726434829939066,55.88961369383984,54.89420643937107,55.3184814453125,3235700
2015-09-08,55.89775839653198,56.583116897266144,55.60403154625366,56.550479888916016,4103000
2015-09-09,56.99106371028535,57.03186152232101,55.4326856435031,55.571388244628906,4096800
2015-09-10,55.375577630165054,55.99566210207723,55.1552793843264,55.424530029296875,4538100
2015-09-11,55.30213961900322,56.028295880342654,55.13896081472089,55.99565887451172,3415200
2015-09-14,55.97118605335447,56.297549906482544,55.46532799463507,55.60403060913086,2645100
2015-09-15,55.95487124821157,56.999230609266476,55.48980477571453,56.656551361083984,5798900
2015-09-16,56.64839447158227,57.32559843141311,56.45257863405677,57.17057418823242,3765500
2015-09-17,57.31743138768266,58.410743105217065,57.00738915992049,57.50509262084961,4367400
2015-09-18,57.05635653689579,57.11346975765848,55.4816563360111,55.636680603027344,8800900
2015-09-21,55.79986668860822,57.137953369826015,55.74275346044191,56.787113189697266,5276100
2015-09-22,56.24045400133063,56.493383108503544,55.50613666209918,56.028316497802734,3926200
2015-09-23,55.94673386467596,56.23230002439367,55.750917958708875,56.0772819519043,2391100
2015-09-24,55.726427567304654,56.02830904866536,55.05738435270618,55.873291015625,4180000
2015-09-25,56.41177979544805,56.72998286000435,55.76721285766466,56.04462432861328,3628600
2015-09-28,55.840655906611595,56.289400851597435,54.706546104464664,54.78813552856445,5607500
2015-09-29,54.788113894698476,55.47347225636202,54.029320722930066,54.478065490722656,4355300
2015-09-30,55.24503075581784,56.30571174161166,55.24503075581784,56.232276916503906,4936000
2015-10-01,56.330204772887086,56.99108727196108,55.750911706743565,56.942134857177734,5185200
2015-10-02,56.1507044667267,57.325612224316366,55.61220922774793,57.3011360168457,4389900
2015-10-05,57.80698456788004,58.62289121308618,57.643805728788294,58.5576171875,4492000
2015-10-06,58.32915696065371,58.57393141327018,57.725387862372116,58.084388732910156,5256800
2015-10-07,58.427073023147265,58.688162890170354,58.00279809868886,58.573936462402344,4679400
2015-10-08,57.81513661965474,59.781468099813935,57.72538640428723,59.69987869262695,3966000
2015-10-09,59.60197243795929,59.92833005873477,59.234810777277964,59.83042526245117,3403500
2015-10-12,59.71619172635559,60.36075853277693,59.650917720038315,60.222049713134766,2789400
2015-10-13,60.107844844150925,60.344458533148234,59.39801000203308,59.536712646484375,4102000
2015-10-14,59.479592313033756,59.74068217572303,58.386274233421986,58.77791213989258,3758200
2015-10-15,59.12876367098736,59.38985358421126,58.50051198221843,59.27562713623047,3016300
2015-10-16,59.65909100735733,59.88754385238683,59.21033990113999,59.38167953491211,4149500
2015-10-19,59.27520676995522,60.159784318444835,59.19329600252159,60.14340591430664,3765600
2015-10-20,60.094262053758555,60.127025109641124,59.41444270425167,59.66015625,3632100
2015-10-21,59.97959554843142,60.13521225549639,59.4062514336694,59.56187438964844,2982700
2015-10-22,59.57826004411982,60.31541328200334,59.10321128985251,60.13521957397461,3810200
2015-10-23,60.430075172750925,60.552935075636064,59.4308237943594,60.241695404052734,3344500
2015-10-26,60.2990182984961,60.95426058064932,59.79120037447404,60.741310119628906,4114400
2015-10-27,60.61026886379389,60.78227022826738,59.92226340589993,60.241695404052734,3387800
2015-10-28,60.40550892145485,60.76589633026607,59.62740656033758,60.626651763916016,3770000
2015-10-29,60.6102632342414,60.700360071394584,59.79939794877643,60.503787994384766,2942000
2015-10-30,60.479213451492,61.07712828131218,60.430071992489815,60.47102737426758,4418900
2015-11-02,60.528371770512734,60.84780380785372,59.83217390063917,60.42189025878906,3880200
2015-11-03,60.43006713134043,60.7003576319374,60.03692299312066,60.569305419921875,3174200
2015-11-04,60.74951088331079,60.77408161560649,59.807593235516435,59.87311935424805,5475900
2015-11-05,60.08607598218359,60.667606224576815,59.79940702451293,60.26626968383789,3334400
2015-11-06,59.946831541828296,60.26626352615413,59.50453965993546,59.90587615966797,4223300
2015-11-09,59.78302385782436,59.88950536540461,58.53805881828765,58.9885368347168,5622000
2015-11-10,58.963975256010556,60.10246521363213,58.93121219081593,60.0697021484375,3789300
2015-11-11,59.99598287850528,59.99598287850528,59.06225750153799,59.07044982910156,3213700
2015-11-12,58.90661281290455,60.40548950997587,58.80832991402295,59.55366897583008,5641300
2015-11-13,59.070441497680996,59.27520591548491,57.27670319806623,57.40774917602539,6960900
2015-11-16,57.21935531553704,58.73461038423297,57.12925849398477,58.677276611328125,5583600
2015-11-17,60.73313545958034,60.91332917048098,59.46359340471854,59.668357849121094,10214000
2015-11-18,60.83959518011917,61.085314950201244,58.64452064687974,60.18435287475586,9541400
2015-11-19,60.184356099334586,60.700360145457594,59.9058732617267,60.11063766479492,7321800
2015-11-20,60.52835625780024,62.264754323678304,60.47102247730263,62.05998992919922,6589700
2015-11-23,62.06820768854845,63.2804161501168,62.06820768854845,62.79716873168945,5280900
2015-11-24,62.608750226870015,63.83733633807916,62.485890365966675,63.3868522644043,5431700
2015-11-25,63.39505722325153,63.9929657504832,62.911810007093756,63.56705856323242,5265000
2015-11-27,63.804600973885734,63.88650550038531,63.19030765176664,63.345924377441406,2255300
2015-11-30,63.386871051856964,63.452397163615196,62.600576457500004,62.73981475830078,6815000
2015-12-01,62.993743639919366,63.378695588867,62.62516384989651,63.17393112182617,3477300
2015-12-02,62.96914733191429,63.32953468296977,62.44495095705924,62.49409866333008,7085400
2015-12-03,62.404017660020536,62.67430199298065,61.331047660461756,61.527626037597656,5191700
2015-12-04,61.69960473048347,62.96095406624638,61.503026425672346,62.87085723876953,4374800
2015-12-07,62.62515094485389,62.838107696389145,62.02724232369729,62.61695861816406,3277900
2015-12-08,62.51050892143194,63.468805321724965,62.19107678800093,63.20670700073242,4019600
2015-12-09,62.98554374812494,63.58345242069347,62.14191524504765,62.3466796875,3039400
2015-12-10,62.223798575868074,62.86266241886569,62.182843201763,62.38760757446289,2942700
2015-12-11,61.724184182692234,62.3548558152792,61.24093692618643,61.43751525878906,3686500
2015-12-14,61.64229887814972,62.21563690462534,61.24095601070096,61.96173095703125,4430900
2015-12-15,62.354872666520535,62.87088311791059,61.30647960496982,61.347434997558594,4646300
2015-12-16,61.462084774229595,62.526855934685024,60.520167258082054,62.354854583740234,5063200
2015-12-17,62.42859112339721,62.739830860758964,61.15086286074672,61.347434997558594,4419200
2015-12-18,61.232758417543295,61.24094449572815,60.50379752855352,60.52017593383789,6948400
2015-12-21,61.01980897071735,61.51124242405414,60.64304311486196,61.33924102783203,3418500
2015-12-22,61.35563361570257,61.7979194066411,60.87238617906055,61.56039810180664,3428300
2015-12-23,62.33849635774126,62.60059463195366,61.78972907250214,62.379451751708984,3258200
2015-12-24,62.10914869184621,62.7725834484326,62.043622574206566,62.47772216796875,1758900
2015-12-28,62.24019256530735,62.7070552020405,62.13371731444341,62.60877227783203,2860300
2015-12-29,63.01012204775976,63.61622312050423,62.928217510726554,63.17393112182617,2661100
2015-12-30,63.05108614339079,63.501564283708696,62.89546312730682,62.952796936035156,2209200
2015-12-31,62.62515356627153,63.01011170092112,62.2647661638056,62.281150817871094,2388200
2016-01-04,61.17543878300388,61.896207511695714,61.01981577667197,61.6586799621582,6534600
2016-01-05,61.78971481323242,62.63334324339006,61.355615232581556,61.78971481323242,5198800
2016-01-06,61.02799317957705,61.224565284976556,60.118838599846846,60.56113052368164,5326500
2016-01-07,59.660163138606535,60.51198394316615,58.76739319615102,59.02949142456055,6401600
2016-01-08,59.52093147686633,59.62741299491387,57.891008131978275,58.05481719970703,5325500
2016-01-11,58.52166630084021,59.864920340222625,58.39062032692954,59.529109954833984,5443300
2016-01-12,60.02054813125881,60.839605843200474,59.2752088628274,60.01235580444336,4649500
2016-01-13,60.31541037244314,60.3891288171328,56.957274949539176,57.25213623046875,7755300
2016-01-14,57.211174863174605,57.833660418823925,55.40925055603283,57.26032257080078,8323000
2016-01-15,55.714302527454045,57.86063999759378,55.7060772574339,56.73401641845703,7995100
2016-01-19,58.23069456504302,58.41983812793401,56.5695476705317,57.120521545410156,6642800
2016-01-20,56.635342576503284,57.16986596160444,55.039978869715156,55.97745895385742,9844100
2016-01-21,56.38861916375636,57.51524251907403,56.1254670417749,57.0053825378418,7615500
2016-01-22,57.860628936774134,58.30469932233137,57.72083074336951,57.97575759887695,5722200
2016-01-25,58.10734962496814,58.38694607349781,57.43301549230569,57.48236083984375,5640100
2016-01-26,58.115564314106344,58.13201485341415,57.23564868241249,57.56459045410156,4638400
2016-01-27,57.58104181592543,58.345828862890436,56.758690422373526,57.194541931152344,5342100
2016-01-28,57.474125950628775,57.5645850862591,56.67644426772963,56.93137741088867,5036200
2016-01-29,57.564589007114094,59.020147997143944,57.19453344454242,58.92969512939453,6143600
2016-02-01,58.008672587295685,59.941197258356866,58.008672587295685,59.75205993652344,5385000
2016-02-02,59.45600159986456,59.7273727610498,58.641869294181255,59.10239028930664,5250800
2016-02-03,58.699447090740804,58.699447090740804,53.50218592550493,55.442935943603516,17607500
2016-02-04,55.78830137795521,56.18303270732712,54.521886074232384,55.886985778808594,8986900
2016-02-05,55.985675629560085,56.347505919828095,53.88045212471397,54.14360427856445,7501800
2016-02-08,53.76532684647669,53.773552116378575,51.495638591859915,52.26042556762695,8311000
2016-02-09,51.865700418819415,53.33771011730325,51.72590219232618,52.753841400146484,6025600
2016-02-10,53.00053751183492,53.7817749926355,52.630481945274155,52.6798210144043,4219000
2016-02-11,51.8739175571614,52.60580965647041,51.544975807417096,52.13706970214844,4746300
2016-02-12,52.13707457120516,53.39527107799062,52.13707457120516,53.34593200683594,4260000
2016-02-16,55.01530001241534,55.66495825436631,53.905127077047844,55.45114517211914,7764900
2016-02-17,55.919883728027344,56.15014106894309,55.55804717856432,55.919883728027344,6145300
2016-02-18,56.150150993698,56.19127107214765,55.04820316052999,55.68963623046875,5887600
2016-02-19,55.73896550709581,56.38862373333058,54.965953341239405,56.347503662109375,4967900
2016-02-22,56.34751229284114,57.45769164543973,56.34751229284114,57.12874984741211,6246600
2016-02-23,58.76521066841954,58.781661204390666,55.788297335805545,55.837642669677734,10980400
2016-02-24,54.34919079931108,56.94782374642838,53.32947701170249,56.429744720458984,12532500
2016-02-25,56.42975346264509,57.26032383189819,55.83765947035645,56.49553680419922,5839600
2016-02-26,57.07117840637227,57.4412339618592,56.60243844153581,56.82447052001953,5287900
2016-02-29,56.61065672491409,57.35899936980952,55.484039534040974,55.53337860107422,6373100
2016-03-01,56.067912413690586,56.84914364644071,55.031748009187496,56.7751350402832,5590400
2016-03-02,56.61889108823389,57.178090275917015,56.30639982342744,56.816253662109375,4286200
2016-03-03,56.40505770122454,57.53990620973818,56.33104911538627,57.50701141357422,4530900
2016-03-04,57.30966769031048,58.37050168656735,57.13697465939093,57.885311126708984,5022600
2016-03-07,57.44124551035268,58.551418674054624,57.42480124250941,58.19780731201172,4779000
2016-03-08,57.82773788551217,59.11060378869615,57.68793968304559,58.37871170043945,5702400
2016-03-09,58.460942850339855,58.92968904983384,57.975758661732016,58.263580322265625,3358300
2016-03-10,58.59254701466204,58.98727851302452,57.433028335883236,58.14025115966797,3961700
2016-03-11,58.68299837146909,59.414890640059845,58.56786967353639,59.307987213134766,3912300
2016-03-14,59.20929018000966,60.11387530295138,59.1763953770246,59.826053619384766,4127400
2016-03-15,59.456006639718545,61.11715364874962,59.390217024260686,60.11388397216797,5604600
2016-03-16,59.768498989185176,61.051365143731715,59.669814564203456,60.6730842590332,5099500
2016-03-17,60.45927335806469,61.043148384721206,60.17967688809928,60.87044906616211,4150000
2016-03-18,60.91978093450733,61.80792177320177,60.82932179682316,61.618778228759766,6499900
2016-03-21,61.3885179131985,61.97238650830354,61.10069624998358,61.85725784301758,5383400
2016-03-22,61.45433414731046,62.16977598106502,61.45433414731046,61.881954193115234,5431300
2016-03-23,61.89016906064405,62.103975910579926,61.38030892624534,61.49543762207031,3778000
2016-03-24,61.14180807654264,61.57765319166864,60.71418822982699,61.4871940612793,3677400
2016-03-28,61.56944319870577,61.91482923393761,61.42141971588607,61.668121337890625,2925900
2016-03-29,61.70923499637512,62.474021865759575,61.503647195723836,62.22731399536133,4421400
2016-03-30,62.40823712743235,62.720728350120595,62.23554411431182,62.515140533447266,3170200
2016-03-31,62.49870919709158,62.81120048442136,62.17799263866157,62.293121337890625,3681600
2016-04-01,62.19442607829229,63.11546178580889,61.9559434502556,62.909873962402344,3548300
2016-04-04,63.73222432703243,63.73222432703243,62.53981747827264,62.64672088623047,3847300
2016-04-05,62.21088542739045,62.934552409605594,62.12865154119108,62.39180374145508,4080500
2016-04-06,62.358893703392724,62.82763364170501,62.0792910297451,62.57270050048828,4577800
2016-04-07,62.39180625662051,62.4987096855849,61.585899081674576,61.96417999267578,4450700
2016-04-08,62.186209834319904,62.32600805465204,61.40497230638089,61.701019287109375,3758700
2016-04-11,61.75036015778393,62.5644925155214,61.68457681773925,61.799705505371094,3852100
2016-04-12,61.98882537758397,62.506910600330755,61.84080192451934,62.27665328979492,3864100
2016-04-13,62.589139649294175,63.1565638881222,62.19440838010061,63.04143524169922,4192900
2016-04-14,62.918099232070496,63.24704100432946,62.44935924566527,62.909873962402344,3670500
2016-04-15,62.98384936998503,63.69929687699956,62.77826165493892,63.57594299316406,4967200
2016-04-18,63.65026293455579,64.07118206447278,63.46043184504247,63.84834289550781,3613400
2016-04-19,63.83183449328367,64.0711840060761,62.668107603470695,63.064273834228516,4822000
2016-04-20,63.22933808258529,63.39440366873779,62.742383898793015,63.006492614746094,4043900
2016-04-21,63.52645895024558,63.52645895024558,62.51954253817464,62.5855712890625,4000600
2016-04-22,62.61034938124894,62.98175019753228,62.148160579322976,62.76716613769531,2754800
2016-04-25,62.45351744998911,62.88269805908203,62.23067827373409,62.88269805908203,3258300
2016-04-26,63.006490458988914,63.303613541376166,62.43700979845356,62.989986419677734,3480500
2016-04-27,63.13030572160152,63.74106234761575,62.86619696059656,63.501712799072266,3245800
2016-04-28,62.96522744751265,63.245840194788784,62.08211336513147,62.22241973876953,3188900
2016-04-29,62.280185811284085,62.8331623678889,61.78498283078952,62.742374420166016,6631900
2016-05-02,62.17289926733579,63.32837718751158,61.91703943915772,62.84142303466797,4256400
2016-05-03,62.62683668176346,62.80015743614707,62.01608645724284,62.48653030395508,3020500
2016-05-04,62.007829164066116,62.800155284175645,61.77673483280687,62.5855712890625,2764700
2016-05-05,62.56081434765169,62.65985118072235,61.917043448449995,62.01608657836914,4079100
2016-05-06,61.99130629318955,62.412231581171596,61.5373666397926,62.3462028503418,3420800
2016-05-09,62.56079533600135,63.00647354307876,62.329694769752685,62.59380340576172,3153800
2016-05-10,62.8249302553484,63.71629333925904,62.66811352257142,63.542972564697266,4664900
2016-05-11,63.163321228874345,63.320137973056234,61.90055099605085,62.007843017578125,4770200
2016-05-12,62.16464599263763,62.57731624120715,61.908792453515986,62.230674743652344,3898100
2016-05-13,61.96656416956416,62.97348055323395,61.892280252698505,61.908790588378906,5646900
2016-05-16,61.91704665914377,63.848346863199,61.90879778719247,63.55122375488281,6820800
2016-05-17,63.02299127856912,63.27059590878587,62.36271646255601,62.78364181518555,9063100
2016-05-18,63.963884280137,65.60630999724506,63.848337121959425,64.87175750732422,13724600
2016-05-19,64.88002169141514,66.02724456193079,64.56639454661152,65.91169738769531,7037500
2016-05-20,66.1345309039395,66.29960277931738,65.6228238323886,65.87867736816406,4900600
2016-05-23,65.69709950309583,65.99422257310607,65.02857574399678,65.0946044921875,5122000
2016-05-24,65.2596607739289,65.98595801007022,65.14411362947114,65.69709014892578,5556000
2016-05-25,65.7466202307508,66.53069110327274,65.73836506351493,65.97771453857422,4137500
2016-05-26,65.9777486540043,66.36565985565025,65.77966231900368,66.1593246459961,3805100
2016-05-27,66.15929067725273,66.59672008963018,66.00247398343905,66.31610107421875,2683500
2016-05-31,66.31610502334608,66.42340331364933,65.82915717207082,66.13452911376953,5581100
2016-06-01,66.1345367487876,66.48943344115487,65.60631929459193,66.25008392333984,4205800
2016-06-02,66.37387621722624,66.65449523925781,65.8786732160004,66.65449523925781,4693900
2016-06-03,66.41514779919757,66.48942541808314,65.66408495838758,66.03549194335938,3685300
2016-06-06,65.32568971378532,65.41647765568831,64.34353268602412,64.7479476928711,6643100
2016-06-07,65.01206730739865,66.14278604001082,64.90477531109094,65.6475830078125,5259700
2016-06-08,65.47426651800112,65.60631772997642,64.78923235888642,65.10285949707031,4251100
2016-06-09,64.99558657408853,65.25144020148328,64.72322260481967,64.92955780029297,3367000
2016-06-10,64.70670733272273,64.79749530672666,64.32705139454693,64.6324234008789,3883400
2016-06-13,64.61591754698405,64.74796877111038,63.89786894459037,63.963897705078125,4697600
2016-06-14,63.73279208122464,63.798820830047795,62.403993421186925,62.79190444946289,8076700
2016-06-15,63.12205503018308,64.36006599238698,63.080785479369865,63.58424377441406,6237000
2016-06-16,63.43567449737929,64.67368530912073,63.26235373935732,64.5168685913086,5775100
2016-06-17,64.26927203397348,64.97906542329622,64.19498810879614,64.72320556640625,7968600
2016-06-20,65.15239202220278,65.62283593430284,64.7974952957519,64.86351776123047,4146600
2016-06-21,64.91301918011838,65.06158069360364,64.44257543688958,64.64891052246094,3765000
2016-06-22,64.86350812232023,65.39998071702678,64.55813616141914,64.6654281616211,3572400
2016-06-23,65.16889006713023,65.30094757963334,64.34354950453205,64.84700775146484,3701900
2016-06-24,63.155076616277775,64.41785335704306,63.05603974811238,63.60076141357422,5995300
2016-06-27,63.01474562706863,63.27060546275382,62.189405130848094,62.989986419677734,5755800
2016-06-28,63.54295896510406,64.43432815509126,63.155047949266226,64.40131378173828,4652000
2016-06-29,64.58292018894132,64.95432104508947,63.9556593926781,64.17850494384766,5958800
2016-06-30,64.17848197844057,65.86217743106934,63.980395715649955,65.34220886230469,7606600
2016-07-01,65.48249989628401,66.21705859583288,65.37520791838668,65.69709014892578,4136600
2016-07-05,65.59807055291499,65.69710739024275,65.05334276021723,65.54854583740234,4100800
2016-07-06,65.53202850456829,66.1180194283432,65.48250379910101,66.10150909423828,4372800
2016-07-07,65.95294193282332,66.49766321960479,65.91992756743561,66.42338562011719,3838100
2016-07-08,66.8856178878665,68.02458590286729,66.83609945582096,67.95855712890625,5307200
2016-07-11,68.239160292424,68.7178593462841,68.239160292424,68.33820343017578,3479400
2016-07-12,68.5940493545002,69.03973397944466,68.18963427323234,68.45374298095703,5347200
2016-07-13,68.42073671990724,68.42073671990724,67.09193785558675,67.3890609741211,5405700
2016-07-14,67.85123840374955,68.08233272485894,67.43031300638712,67.78520965576172,3332100
2016-07-15,67.87600723110445,68.29693268813087,67.29827134643988,67.40556335449219,5409100
2016-07-18,67.87802729555361,68.39194308099117,67.61278186654225,67.90289306640625,3728000
2016-07-19,67.76196225276854,68.01063253373401,67.28120308234084,67.4884262084961,5296100
2016-07-20,67.82826952961508,67.84484459579186,66.92477348626892,67.3143539428711,6853500
2016-07-21,66.80046136569288,67.00768454599189,66.03788157994042,66.43575286865234,6020600
2016-07-22,66.69268998047936,66.94964463254557,66.48546685489102,66.85018157958984,3384900
2016-07-25,67.02426526692015,67.28951068207398,66.66784114743692,67.13201904296875,2865500
2016-07-26,66.96624994473308,67.6542324851852,66.93309347392152,67.19004821777344,2889200
2016-07-27,67.45527746736488,67.92774599609865,66.72585425646234,66.94136810302734,2946600
2016-07-28,66.94137734864853,68.30905159144245,66.88335511163058,68.19300079345703,4343500
2016-07-29,67.94433161775859,68.41680017589466,67.86972799071128,68.20128631591797,3471400
2016-08-01,67.89459092675304,68.41679094986911,67.72880862453097,68.22614288330078,2912800
2016-08-02,68.43336422859417,68.48310207993426,67.38896420967295,67.94432067871094,3768200
2016-08-03,67.88632334673491,67.98578643798828,67.16518431539615,67.98578643798828,3398600
2016-08-04,67.2895009942176,68.04378996585974,66.7424288470047,67.09056854248047,4027700
2016-08-05,67.49674190777105,68.10183644283298,67.49674190777105,67.73712158203125,3706000
2016-08-08,67.73710094278208,67.86972046378747,67.38896758570101,67.65421295166016,2410800
2016-08-09,67.42213439941406,67.9692066592405,67.24806767781926,67.42213439941406,3172300
2016-08-10,67.66250871548115,67.83657542332708,66.77559378086654,67.12373352050781,3785200
2016-08-11,67.61277859107985,68.04380002086151,66.96624328443257,67.64593505859375,4117700
2016-08-12,67.14031774579216,68.07696434636445,67.14031774579216,67.73712158203125,4095000
2016-08-15,68.04380071727924,68.53285071317777,67.39726540401476,67.5879135131836,5315400
2016-08-16,67.63765584450282,68.23445971318162,66.98282972881084,67.53819274902344,6050200
2016-08-17,64.3800837562204,64.69506697702629,62.83834308538139,63.725257873535156,19108700
2016-08-18,63.72527507228167,63.82474448316317,63.285962907801,63.35227584838867,7807000
2016-08-19,63.261078605393664,64.54586457614755,63.13674345920002,64.5044174194336,6491200
2016-08-22,64.65362993439155,65.13438921319,63.99051325163855,64.06511688232422,4502700
2016-08-23,64.5210065396407,64.65363241085107,64.04025356637709,64.07341003417969,3252600
2016-08-24,64.68679742133114,64.76968543980918,63.65068138047938,63.79159164428711,5404300
2016-08-25,63.55951399650405,64.41327275457076,63.55951399650405,64.21434020996094,4935500
2016-08-26,64.181171620962,64.64534957877899,63.526345531069964,63.741859436035156,3827400
2016-08-29,63.750143546147314,64.11485205075925,63.61751767250681,63.973941802978516,4544200
2016-08-30,63.94078124795196,64.16458581442897,63.35226820017244,63.46002197265625,3026100
2016-08-31,63.484887741387176,63.5926478378203,63.21964233500839,63.46002197265625,4638600
2016-09-01,63.5677998589884,63.69212873743737,62.89639229560853,63.36057662963867,3852200
2016-09-02,63.617524908298066,63.891061060831035,63.45174887134196,63.79159164428711,3314900
2016-09-06,63.73356999893185,63.824748717301176,62.63114100333944,63.004146575927734,4779700
2016-09-07,62.97098943505552,62.99585520817405,62.17525307551053,62.53167724609375,5481100
2016-09-08,61.81051935431914,62.21667494726604,61.271737913255734,61.445804595947266,7495400
2016-09-09,60.956759770239444,61.14740151809425,59.48961639404297,59.48961639404297,7632800
2016-09-12,59.017163418695844,60.2273524428236,58.73534290893324,60.0947265625,6165800
2016-09-13,59.622259336155544,59.76316959435834,58.751919366879136,58.917701721191406,5405700
2016-09-14,58.892813960282574,59.34041033993163,58.760188126351125,58.950836181640625,5596400
2016-09-15,58.710491386198825,59.290713943557556,58.362357851783585,59.10835647583008,3942800
2016-09-16,58.86797403528439,59.000599941674444,58.37893023436147,58.80995178222656,6527100
2016-09-19,58.809954496630844,59.39018337794116,58.768513641934696,59.10835647583008,5222600
2016-09-20,59.43161087083036,59.754878554958424,59.10005881199657,59.1580810546875,4488100
2016-09-21,59.149787439861,59.77974770369754,58.942564251331206,59.72172546386719,4511800
2016-09-22,59.88749990738457,60.169320400864656,59.48134423927224,59.74658966064453,4210800
2016-09-23,59.837770765796655,60.492596809423176,59.45648085253627,59.97039031982422,6053000
2016-09-26,59.61397263734028,59.74659852968883,58.652460213615754,58.69390106201172,7550300
2016-09-27,58.859663955520894,59.43159553620368,58.62757504464109,59.26581954956055,4821900
2016-09-28,59.5808206773077,60.0284236119626,59.06691111540662,59.48135757446289,8176200
2016-09-29,60.069842661374345,60.989913875596976,59.68855285644531,59.68855285644531,6404500
2016-09-30,59.73001204649914,60.07815182230249,59.16636469990097,59.854347229003906,6714200
2016-10-03,59.730000836170255,60.04498408259187,59.63882214104283,59.83776092529297,5366800
2016-10-04,59.87921573672968,60.550623223353455,59.829484191035455,60.26050567626953,6389100
2016-10-05,60.227345987181195,60.69152387065949,59.85434048171526,59.88749694824219,4503700
2016-10-06,58.428648050756266,59.904076130741615,58.26287203069379,59.75487518310547,6920000
2016-10-07,59.680274238735194,60.40141316240837,58.92597884827768,59.10005187988281,5418500
2016-10-10,59.47306205373364,59.555950074035835,58.768504395239106,58.8265266418457,4335100
2016-10-11,58.76849140655356,58.83480433771943,57.997620972610534,58.097084045410156,4919400
2016-10-12,58.246283121856465,59.4979127809304,58.22970805156795,59.11662292480469,5764100
2016-10-13,58.909406995653725,59.14978665001239,58.29602813650215,58.93427276611328,4403500
2016-10-14,59.32384450965773,59.62224635851819,59.05030842754418,59.14148712158203,5659900
2016-10-17,58.84994523618799,59.20812632415116,58.258531133760066,58.29185104370117,4986800
2016-10-18,58.74999127069196,58.858282577406456,57.95033241901485,58.508426666259766,5955100
2016-10-19,58.49176443541133,58.50842121290217,57.383901256141264,57.966983795166016,6770200
2016-10-20,57.91701554821254,58.408476349977086,57.783742243493926,58.216888427734375,6163800
2016-10-21,57.858705905475816,59.074854174467816,57.80039764446674,58.849952697753906,5725000
2016-10-24,59.19146943981055,59.59963361333229,58.97489953501695,59.12483596801758,4524700
2016-10-25,57.81707129883037,57.96700140716997,56.90078938036636,57.0340690612793,8714200
2016-10-26,55.967842353940384,56.659209863172286,55.80957436315169,56.11777877807617,9071900
2016-10-27,56.43431409463539,56.642558796091606,55.77626007541886,55.9428596496582,5300400
2016-10-28,55.94285169091755,56.36766624576252,55.56800746854941,55.83456039428711,8565100
2016-10-31,55.56801639900087,55.79292423959177,55.29313186277824,55.51803970336914,6272400
2016-11-01,55.343128588247104,55.55137334499984,54.293573234778144,54.66841125488281,6392300
2016-11-02,54.74337781722422,56.0344913815172,54.693401113675804,55.443077087402344,5432300
2016-11-03,55.85957214781816,55.8762352874167,55.32646607292769,55.46807098388672,4572300
2016-11-04,55.59299127061912,55.90952721321999,55.15984518485284,55.18483352661133,4748900
2016-11-07,55.90118470658739,56.36765060844224,55.81788813198777,56.00114440917969,4539700
2016-11-08,55.90953387657649,56.01781882214294,55.509701295420705,55.65130615234375,6790100
2016-11-09,54.56011005042328,56.77583665407545,54.03533570724849,56.50927734375,7621100
2016-11-10,56.975766948217384,58.70836485661362,56.85081882263701,57.85872268676758,9759600
2016-11-11,57.74208999191057,58.358492522662345,57.6088166889671,58.083614349365234,6572300
2016-11-14,58.34183328623996,58.68335127418971,58.05029199039905,58.31684494018555,9023400
2016-11-15,57.34226549051487,58.1835759745748,56.675886171213506,57.51719665527344,11251900
2016-11-16,55.16820414022182,57.34227356917813,54.24359690537657,55.82625198364258,17592100
2016-11-17,55.8262320788493,56.67587394826162,55.43473741131443,56.60090255737305,9521500
2016-11-18,56.575917027045584,57.95866484777554,56.45096893943012,57.73375701904297,10624600
2016-11-21,57.82538377511192,58.05861681020941,57.333929359031316,57.81705856323242,6062400
2016-11-22,58.46678832180862,59.94948967844563,58.058624103987675,59.63295364379883,10677700
2016-11-23,59.83285428375471,60.28266348977193,59.65792954060175,59.78287124633789,5490800
2016-11-25,59.891169810913176,60.25767611748996,59.64127365882266,60.149391174316406,2710600
2016-11-28,59.841184606294526,60.12440065877715,59.26643364544013,59.30807876586914,5315900
2016-11-29,59.42471493869441,59.716262653803724,58.766667164069126,58.899940490722656,5870400
2016-11-30,58.933259657320704,59.23313258236159,58.67503822108408,58.766666412353516,6377300
2016-12-01,58.59171813449979,59.15814389916494,58.24186860915096,59.14148712158203,7626900
2016-12-02,59.25813910835388,60.64921283136628,59.20816239056061,60.232723236083984,7248600
2016-12-05,60.324322914283854,60.92406866455368,60.29933456720992,60.52424240112305,7497000
2016-12-06,60.45760287135566,60.89908061884345,60.25768338352715,60.357643127441406,6478500
2016-12-07,60.490935519559685,63.697903305848065,60.40763253786693,63.63959503173828,9268200
2016-12-08,62.864935467806475,63.614617949987014,62.44844590605355,62.67334747314453,7711500
2016-12-09,62.55672808149877,62.79829277903043,62.081930256729926,62.2152099609375,5553800
2016-12-12,61.882001656004626,62.440095979456544,61.690413717665045,62.06525802612305,6036500
2016-12-13,62.36512586206004,62.6316788273522,61.9486364565958,62.18186950683594,6357700
2016-12-14,62.2318527861945,62.66500537257576,61.182297593943375,61.27392578125,6790100
2016-12-15,61.4155149588574,62.04857411901059,61.223927084651585,61.36553192138672,6211200
2016-12-16,61.54047073671369,61.773710136291065,60.51591038356074,60.774131774902344,7663200
2016-12-19,60.490939571332916,61.24061561578015,60.44095650794428,60.74082946777344,5056300
2016-12-20,60.84911975316175,62.040280002053834,60.64087499884583,61.86534881591797,5348500
2016-12-21,61.71538403358026,61.90697191593665,61.47382582187208,61.79868698120117,2942800
2016-12-22,61.26560530129716,61.71540834903167,60.707504565913325,60.8157958984375,4008500
2016-12-23,60.89073284026088,61.0490008038746,60.174370754071276,60.2243537902832,3591800
2016-12-27,60.465931755770306,60.59921142241673,59.941157367379695,60.16606521606445,3868800
2016-12-28,60.34932939289825,60.36599253270311,59.524681916079516,59.616310119628906,4227400
2016-12-29,59.55800428225724,59.89119718563074,59.34142794179555,59.42472457885742,4009800
2016-12-30,59.66628890452747,60.04113330166796,58.95825796120789,59.24147415161133,3877700
2017-01-03,59.73290387005699,59.907828640462135,58.71666880426417,59.09983825683594,6412200
2017-01-04,59.291448634406215,60.16607917307371,59.18316364647984,59.81622314453125,5863700
2017-01-05,59.508014508188445,59.799555851470515,58.94158860332986,59.19981002807617,4420200
2017-01-06,59.30808293900255,59.47468249780986,58.75832028274683,59.09983825683594,4645500
2017-01-09,59.08319349076334,59.40805475258117,59.058205140642684,59.19981002807617,3563600
2017-01-10,59.09983383202453,59.72456783175047,58.86660082227984,59.316410064697266,4133800
2017-01-11,59.27477376553368,59.44969854887393,58.77498140727717,59.358070373535156,3432200
2017-01-12,59.349734026395275,59.67459522002463,58.97489614301474,59.62461853027344,4310600
2017-01-13,59.474695896981075,60.4825996231253,59.46636432838284,60.099430084228516,6948000
2017-01-17,59.65794485888745,60.98237812074234,59.46635693569432,60.2910041809082,5468500
2017-01-18,60.05777266331556,60.05777266331556,59.191473913298246,59.45802688598633,8788300
2017-01-19,59.38307112673214,60.51592302657432,59.26645458014178,59.641292572021484,6274000
2017-01-20,59.66626771233725,59.91616388833977,59.3580696310744,59.774559020996094,5613900
2017-01-23,59.63223712478289,60.971533745629685,59.63223712478289,60.753902435302734,5361300
2017-01-24,60.77904317756907,61.96766911472534,60.695338294974285,61.94255828857422,5736800
2017-01-25,62.18530059916599,62.5703481289917,61.138973707376834,61.15571212768555,5372700
2017-01-26,61.42356206368051,61.80024351827298,60.99666535592253,61.29800796508789,5268800
2017-01-27,61.3482224451026,61.46541051429406,60.87109776731714,61.31473922729492,4183700
2017-01-30,61.18079982596185,61.64118603883978,60.74553081346191,61.58259201049805,3856000
2017-01-31,60.97154407303456,61.55749083446377,60.89621161891613,61.17244338989258,4537500
2017-02-01,61.03016786244569,61.13061117305867,60.53629816892879,60.56140899658203,4006600
2017-02-02,60.879491151672184,60.92971280255819,60.184728511808395,60.22657775878906,3538300
2017-02-03,60.36888695529378,61.44032481812649,60.09265508514283,61.34824752807617,6311700
2017-02-06,61.07201156340436,61.27290455264844,60.603259126410514,60.7790412902832,5166800
2017-02-07,60.97992639399216,61.09711448808661,60.360502698596925,60.46931838989258,3749500
2017-02-08,60.779032537616544,60.91295904906845,60.444206679578684,60.64509963989258,4029600
2017-02-09,60.645109074024646,61.68307003403748,60.6283706523413,61.549137115478516,4041000
2017-02-10,61.45705213998632,61.97603255504908,61.19756512559106,61.91743850708008,3661300
2017-02-13,62.009496959249454,62.16016823490515,61.590966347569214,61.85882568359375,3007800
2017-02-14,61.99277982886281,63.524604084045016,61.90907494641926,63.38230514526367,8106600
2017-02-15,63.17303959890136,64.84716278896623,63.072589908439134,64.37841033935547,10410300
2017-02-16,64.37840253049342,64.78856087415214,63.332075663618454,63.8845329284668,4686200
2017-02-17,63.75062355869757,64.23611450195312,63.56646895878811,64.23611450195312,5446200
2017-02-21,64.87226739284675,64.88900581318177,64.00172265115779,64.66300201416016,5294100
2017-02-22,64.72996510532812,64.83040839466524,64.11890742134773,64.28632354736328,3711600
2017-02-23,64.57928463104336,64.62950626859309,63.390659043043605,63.44925308227539,5663400
2017-02-24,63.54134107676942,63.901271388378234,63.12281032975744,63.70037841796875,11147700
2017-02-27,63.78409568837366,63.99336110255635,63.35719884155799,63.9682502746582,4005300
2017-02-28,63.54131804182745,63.55805645568009,62.08482697211549,62.25224304199219,10698500
2017-03-01,68.0363509940709,69.35053716412351,67.46714897470768,68.17864990234375,21443900
2017-03-02,68.11168658086366,68.13679740038323,67.1992863585994,67.29973602294922,8424000
2017-03-03,67.46715732719024,68.53022903535953,67.43367409999165,68.37118530273438,6554000
2017-03-06,68.02797567254805,68.22050260027518,67.81871032714844,67.81871032714844,6611900
2017-03-07,67.80197794232842,68.06983735282253,67.5090077099555,67.66804504394531,4718000
2017-03-08,67.66805180018774,68.40467004229747,67.66805180018774,68.07821655273438,4869200
2017-03-09,68.10330332352306,68.4799783288192,67.86055479640783,67.94425964355469,3806600
2017-03-10,68.27074603543664,68.63905520453193,68.17030272479144,68.28749084472656,4091100
2017-03-13,68.28749084472656,68.63068279988697,68.10333626017892,68.28749084472656,4303500
2017-03-14,68.37119123797986,68.78972203488564,68.06147614921125,68.58882904052734,4383400
2017-03-15,68.6390599911218,69.74398118918646,68.62232156693818,69.7021255493164,4786400
2017-03-16,69.7439679390871,70.31317004730188,69.53470255204155,69.66026306152344,4847300
2017-03-17,69.99506997990794,70.09551325124148,69.4593512452255,69.91973114013672,5706500
2017-03-20,69.91974730822983,69.91974730822983,68.75623231357979,68.93201446533203,6068300
2017-03-21,69.32541607275769,69.72720830359998,68.3962775260638,68.57205963134766,5110800
2017-03-22,68.84830959110799,69.41751167661303,68.46326206065936,68.93201446533203,4569100
2017-03-23,68.93202692217292,69.51797392017393,68.73950631529411,69.01573181152344,3407200
2017-03-24,69.07430633541175,69.38402136330855,68.54695993401418,68.8148193359375,3456900
2017-03-27,68.02798808303467,68.6892674614886,67.83546750645715,68.27073669433594,4498100
2017-03-28,68.23726620757812,69.183150005169,68.19541695481256,68.97388458251953,4351300
2017-03-29,68.85667496191098,69.1580175873587,68.4046610237394,68.8148193359375,3968400
2017-03-30,68.71437108323524,69.09942496857522,68.54696134843074,68.8901596069336,3740800
2017-03-31,68.64740960458738,69.09942354275897,68.47999348696538,68.8148193359375,4557000
2017-04-03,69.56817128360667,69.59328210301587,68.42976730439935,68.67251586914062,5422900
2017-04-04,68.56371850310218,68.70601744194353,68.01962718757994,68.29585266113281,4994700
2017-04-05,68.429784334541,69.21662426529784,68.27911299431676,68.32096862792969,4083100
2017-04-06,68.5302553591005,69.02411878086845,68.46328887898025,68.61396026611328,3471800
2017-04-07,68.56370503268717,68.97386334664269,68.56370503268717,68.7562255859375,3243700
2017-04-10,68.70601796487773,69.46774070338793,68.70601796487773,68.99061584472656,2987900
2017-04-11,68.87342430863677,69.26684426463231,68.43815510629946,68.98224639892578,3111700
2017-04-12,68.51345997214194,68.78131930862524,68.04470772986377,68.53020477294922,3713800
2017-04-13,68.32931280416986,68.57206135172949,67.84382209532161,67.85218811035156,3846400
2017-04-17,67.85218395536002,68.6222851711148,67.84381794084237,68.59716796875,3308100
2017-04-18,68.47163070897285,68.9068998628312,68.34607021138628,68.74785614013672,3036500
2017-04-19,69.04919937820412,69.25846474723782,68.60555781765623,68.63066864013672,3937300
2017-04-20,68.99060341900895,69.9448529644643,68.91527095365451,69.7188491821289,4538900
2017-04-21,69.69373234174641,70.06203500657134,69.450983775003,69.86951446533203,5233500
2017-04-24,70.60923812104967,71.00431464616648,70.25619346960367,70.75213623046875,4553600
2017-04-25,71.26489642936305,71.71040608562768,70.66808100180442,71.0379409790039,5825200
2017-04-26,71.12201497658721,71.99622559183628,70.95390026383997,71.64318084716797,4407700
2017-04-27,71.828078824013,72.08866487285935,71.33213610923964,71.67677307128906,6586300
2017-04-28,71.58433042106127,71.69360432832207,70.65127914062386,71.34896087646484,4795000
2017-05-01,71.31531859511905,71.53387276745588,70.80256699616231,70.94546508789062,3842000
2017-05-02,71.24809718581774,71.8112884724179,70.76896324729508,71.76925659179688,4251500
2017-05-03,71.79448895898864,72.29043186673171,71.56752703501115,71.89535522460938,3711800
2017-05-04,72.09706928107744,72.1727253673419,71.44982078516831,71.78605651855469,3429400
2017-05-05,72.03823447860317,72.29041290283203,71.52547638565788,72.29041290283203,3027900
2017-05-08,72.29041290283203,72.44171867473659,71.79447012518933,72.29041290283203,4111000
2017-05-09,72.45851811777051,72.50054998737617,71.9625754048707,72.16431427001953,5666200
2017-05-10,72.1811438030721,72.39969161122016,71.8280927030557,72.34085083007812,5151900
2017-05-11,72.08028059959297,72.13912138845379,70.76056026671594,71.19766235351562,6382000
2017-05-12,71.1976579126444,71.47505293418537,70.85302086028878,71.29853057861328,3569200
2017-05-15,71.60955047607422,72.34085646824187,71.32374779313477,71.60955047607422,7388000
2017-05-16,72.29043914244033,72.45855387750517,71.47506920972717,71.7524642944336,5682600
2017-05-17,71.75242235890187,71.75242235890187,70.33182994915144,70.39907836914062,4973500
2017-05-18,70.39908959677403,70.97909608864927,70.29821695070254,70.6512680053711,4590800
2017-05-19,70.7437481289983,71.38258911796596,70.52519388900163,71.10519409179688,3882900
2017-05-22,71.30692417192746,71.38257384660858,70.5924272317869,70.6512680053711,7376500
2017-05-23,70.72691717250319,70.76894904468885,69.05415255275919,69.21385955810547,9510000
2017-05-24,66.68370942974978,67.48226381010443,65.90196395277383,67.12081146240234,18988900
2017-05-25,67.29732774981738,68.64227077296941,67.23008572919068,68.36487579345703,10284700
2017-05-26,68.30602175639093,68.49095170683059,67.7176076947045,68.0118179321289,4571600
2017-05-30,67.89413725392382,67.92776146788903,66.64166574624417,66.75094604492188,6942300
2017-05-31,66.84339881708038,66.94427145022362,65.64976818411667,66.21295928955078,8678100
2017-06-01,66.212961457408,67.60833740234375,65.80948373794993,67.60833740234375,6340100
2017-06-02,67.27212552825671,67.86894107572797,67.27212552825671,67.43183898925781,4387700
2017-06-05,67.45705699764511,67.52430544720737,66.75096751673668,66.77618408203125,3426600
2017-06-06,66.28864882858565,66.56604389987992,66.00284609699483,66.1541519165039,7719900
2017-06-07,66.23817666551555,66.34745053232335,65.31352697267283,65.3891830444336,5741200
2017-06-08,65.38921179151968,65.96921841508014,65.18747286673707,65.26312255859375,7231000
2017-06-09,65.37237881419291,66.2802133502257,65.32194569991212,66.11209869384766,5979000
2017-06-12,65.96079996554022,66.52399117889043,65.86833497073182,66.43152618408203,6262700
2017-06-13,66.43993961564938,67.08718822239294,66.33066570918118,66.95269775390625,4459000
2017-06-14,67.08717365399934,68.12109736438444,66.67528826642418,67.71761322021484,5195000
2017-06-15,67.3309439271345,67.65877198626384,66.99470821149434,67.57471466064453,6004900
2017-06-16,67.36456969486994,67.54949966339856,66.60804092050873,67.07877349853516,7752900
2017-06-19,67.44024230084065,68.38169486121072,66.88545225933866,68.15473937988281,4477800
2017-06-20,68.08749282788546,68.46575411166337,67.55792574796344,67.63357543945312,4234300
2017-06-21,67.65038334098048,67.92777192586412,66.43993710452804,66.52399444580078,4752000
2017-06-22,66.57442904773683,66.70051826903065,65.81790654630224,65.85152435302734,8240900
2017-06-23,65.88513010744276,65.9103530751637,63.741639598855606,63.94337844848633,13573700
2017-06-26,64.16194103179149,64.68310032950814,64.13672447392304,64.47295379638672,5210800
2017-06-27,64.28803073180158,64.81759769062694,63.708024243685735,64.16194152832031,7801700
2017-06-28,64.41411526932946,64.91006443963134,64.32165027847934,64.741943359375,4368400
2017-06-29,64.80919385108834,64.88484994289888,64.01904719484511,64.38890075683594,3877400
2017-06-30,64.3300604725419,65.51529008572386,64.3300604725419,65.17064666748047,4681300
2017-07-03,65.56572465841498,65.94398588925567,65.5573170005934,65.7842788696289,2287900
2017-07-05,65.76747701048365,65.8935662509506,64.75036825353656,65.03617095947266,3930000
2017-07-06,64.78397735674292,64.97731500208563,64.24600270861147,64.3804931640625,4439700
2017-07-07,64.49818972860452,64.97732366387882,64.43094128533262,64.85123443603516,3904900
2017-07-10,64.97730185277153,65.12019993688392,64.59903429621461,64.65787506103516,4611900
2017-07-11,64.70832677638982,64.8260083282061,63.90135840227308,64.09469604492188,5139100
2017-07-12,64.38890900922196,64.65789636749165,63.90977507689271,64.06948852539062,4379300
2017-07-13,64.31323114345078,64.64946679726474,64.1198935582302,64.3216323852539,4648200
2017-07-14,64.33003579781106,64.47293385698067,63.66597218894131,63.934959411621094,4778400
2017-07-17,63.93499818586259,64.4477563921215,63.83413192441176,64.24601745605469,3960600
2017-07-18,64.0862847210266,64.22918923705375,63.78367320133639,63.850921630859375,3174100
2017-07-19,64.0862956372904,64.85123222379407,64.06107907521479,64.58224487304688,4233600
2017-07-20,63.850925669848266,64.00223143926445,60.16916049827261,60.9929313659668,23892100
2017-07-21,61.15266114152032,62.295859168696815,61.127444575403466,62.06889724731445,11614600
2017-07-24,62.12806197356047,63.19311627024816,61.75613681780257,62.81273651123047,7749200
2017-07-25,63.13394166001577,64.39340658343133,62.98179105894077,63.97922134399414,6507000
2017-07-26,63.97922570603722,64.52020422474901,63.64956712272762,64.22435760498047,4481600
2017-07-27,64.09754944350661,65.66131531192343,64.0806402411832,65.0865249633789,6934800
2017-07-28,65.05272619685977,65.38238477032071,64.41031180671713,64.6469955444336,5000600
2017-07-31,64.72306837908923,65.52608153941397,64.55401501343323,65.42465209960938,6833300
2017-08-01,65.31476304209092,65.89800812966472,64.45258053995684,65.78812408447266,3741200
2017-08-02,65.5683522817985,66.05861610199057,65.50918295515277,65.81348419189453,3739000
2017-08-03,66.05013882065506,66.70100763926014,65.81346159533348,65.85572814941406,3833200
2017-08-04,66.32064758152981,66.41362886878454,65.66133041661273,66.24457550048828,2493000
2017-08-07,66.35442867748361,66.64182055968959,66.0078610500321,66.20227813720703,4236500
2017-08-08,66.16003241122401,66.21075357325816,65.19641416920639,65.2640380859375,4411300
2017-08-09,65.0865135788426,66.23609407485404,64.74840053019747,66.21918487548828,3508400
2017-08-10,65.76277305727103,65.92337183894554,64.76534260440638,65.09500122070312,4028600
2017-08-11,64.88368028372041,65.51764014378432,64.80760174704669,65.30632019042969,3089300
2017-08-14,65.7627456708241,66.04168299608598,65.23867007520283,65.69512176513672,3602800
2017-08-15,65.84728871669653,65.84728871669653,62.70284725831314,62.804283142089844,9113400
2017-08-16,63.10858346310472,63.860881855935446,63.06631689987832,63.69182205200195,4900400
2017-08-17,63.624196567561334,63.84397108279026,62.6436755247211,62.652130126953125,6006800
2017-08-18,62.5675990678117,62.71130151461162,61.89137919328407,62.246395111083984,5153600
2017-08-21,62.440809808602324,62.964879062090446,61.99280617882079,62.42390060424805,8139500
2017-08-22,62.61833380154744,64.1821002583715,62.47463777258478,64.08911895751953,7612800
2017-08-23,60.81786264095906,62.05197649148122,59.81198433532904,61.713863372802734,26364300
2017-08-24,61.87447874032018,62.440821107172766,61.13063483843245,61.37576675415039,10580200
2017-08-25,61.39266026898796,62.2379399411705,61.30813359156413,62.00126266479492,6425500
2017-08-28,62.8888078933349,63.59039155776746,62.237938944750276,62.38164138793945,6499800
2017-08-29,62.31402550489844,62.69439882076343,61.942100343449766,62.08579635620117,6833300
2017-08-30,62.12804169317841,62.77890405432177,62.05196963559062,62.474609375,6621500
2017-08-31,62.9733159626677,63.25225971535583,62.45769500732422,62.45769500732422,9008900
2017-09-01,62.71129272009,63.2100045657792,62.31401029442097,63.100120544433594,4817300
2017-09-05,63.62420020223361,64.35959586310385,63.421334879879595,63.970767974853516,8208700
2017-09-06,64.66388066236576,65.52606290031687,64.59625675575019,65.48380279541016,8196700
2017-09-07,66.21074122383561,66.55730244674265,64.66387827422861,65.66130828857422,10408600
2017-09-08,65.97409381145691,67.072953729407,65.6190713789446,66.40518188476562,11616600
2017-09-11,65.88108795588656,66.14312254382718,64.73995544291853,65.50916290283203,7582200
2017-09-12,65.83037677371367,66.60803895238118,65.53453018621774,66.48970031738281,5239100
2017-09-13,66.6334066103947,67.14057318864,65.69514553860306,65.81348419189453,7471900
2017-09-14,65.84728602364413,66.43052459683302,65.84728602364413,66.32064056396484,5601200
2017-09-15,66.29527252287365,66.59111906289867,65.88953551871725,65.92334747314453,14518200
2017-09-18,65.7881409557631,66.0924422578417,65.34859176432765,65.65289306640625,8341900
2017-09-19,65.720514639055,66.05862790126939,65.25560809738845,65.50074005126953,5989100
2017-09-20,65.2809378383599,65.99942411493493,65.25557403652911,65.85572814941406,6672100
2017-09-21,65.93180236427152,66.10931028906805,65.50070800463942,65.96561431884766,6188200
2017-09-22,65.99941986861712,66.30372098130103,65.9317959660273,66.12621307373047,5981200
2017-09-25,66.15158653122892,67.21663423596497,66.15158653122892,67.06448364257812,8822400
2017-09-26,67.23352137906276,67.47019856912165,66.72635505051234,67.02220153808594,5260600
2017-09-27,67.25043391147969,67.4533056315867,66.4643237307344,66.97149658203125,5100400
2017-09-28,66.86160890142563,67.36032717287813,66.69255557661143,67.15745544433594,4631700
2017-09-29,67.26733130746781,67.74914027246753,67.05601147283689,67.5716323852539,4451600
2017-10-02,67.65617099918018,68.69586115808546,67.49556583277582,68.29013061523438,7335000
2017-10-03,68.37464578543911,68.98324794642467,68.34928843689299,68.76347351074219,3967700
2017-10-04,68.73812196876422,69.09313777633876,68.51834751451656,68.85646057128906,4277500
2017-10-05,68.78885698004025,69.93843784309824,68.70433030313319,69.53270721435547,5202900
2017-10-06,69.43974253160216,69.85392786172018,68.96638141963655,69.19461059570312,4076400
2017-10-09,69.228395098728,69.65948946662007,68.91563934963438,69.09314727783203,3815400
2017-10-10,69.00863688830437,69.20305406444821,68.48456113219827,68.55218505859375,4070400
2017-10-11,68.61134490182566,68.94100343623855,68.50146087334527,68.64515686035156,4912100
2017-10-12,68.63670708897817,69.16923741202473,68.24787921202304,68.949462890625,3463000
2017-10-13,69.07624450820741,69.75246426561256,68.94945128839049,69.59186553955078,5530000
2017-10-16,69.5158028088689,69.68486262332678,68.55218443786279,68.63671112060547,4688000
2017-10-17,68.7043191412393,69.04243224290887,67.81677950444907,68.56062316894531,5517700
2017-10-18,68.60288481655367,68.7381261781625,68.22250518602704,68.25631713867188,4062000
2017-10-19,68.19715000917033,68.80575227824998,67.98583013512716,68.69586181640625,3339400
2017-10-20,68.94098019322169,69.00860408747451,67.57163180393435,67.65615844726562,6506600
2017-10-23,67.81679775002014,68.63671369727413,67.72381646082086,67.96894836425781,5818100
2017-10-24,67.85000033431335,68.95449829101562,67.74804458257931,68.95449829101562,4930400
2017-10-25,68.93748637445081,69.28583025025502,68.41922276734162,68.81004333496094,4258900
2017-10-26,68.91199404672396,70.07596421570467,68.7845510165109,69.26882934570312,5134000
2017-10-27,68.60613534967916,68.83552762507449,67.47615038823447,68.48719024658203,7317100
2017-10-30,68.19832670737854,68.24080988419128,67.45916869420947,67.46766662597656,7204600
2017-10-31,67.54414513847709,68.14736880149353,67.50166195124066,67.92646789550781,5066600
2017-11-01,67.64607561810259,68.39373146707189,67.47614941468555,67.90095520019531,4605500
2017-11-02,67.28924776469727,67.37421412500966,64.02674176782567,65.12274169921875,11445200
2017-11-03,65.41160491578113,66.36317238164398,65.09725272591535,66.20174407958984,5412000
2017-11-06,66.53307781983054,66.58405892015597,65.64948103777596,65.7684326171875,3870900
2017-11-07,66.02331563644205,66.54157922298366,65.60700777385063,65.9553451538086,4611900
2017-11-08,65.84491591545118,66.71151711798989,65.58153832603698,66.34618377685547,4745700
2017-11-09,66.18473903890482,66.53307639321416,65.75143534654887,66.3376693725586,4536400
2017-11-10,66.2102417543863,66.28670369799484,65.65799283868466,65.83641052246094,7451900
2017-11-13,65.84490453268506,66.16775463428492,65.58152698880157,65.87039184570312,6964100
2017-11-14,65.56453096601568,67.34022272555374,65.5390436530596,67.31473541259766,6499200
2017-11-15,67.11933669343397,67.15332194555201,66.49911718582177,66.5840835571289,5200400
2017-11-16,66.86445667926124,67.58663200949673,66.46514451478618,67.51866149902344,5529000
2017-11-17,67.55261460389298,68.39372820410789,67.26374331287658,68.15583801269531,6966500
2017-11-20,69.05645070995226,69.58321239489808,68.29179874213543,69.20938110351562,7507100
2017-11-21,67.71403819184034,69.85506293566607,67.54411847402257,68.4701919555664,13081200
2017-11-22,68.68259451918276,68.97146581653355,67.58660132500196,67.5950927734375,7001400
2017-11-24,67.9094610553703,67.9264504366836,67.21277974511796,67.32322692871094,2842000
2017-11-27,67.92645028930147,68.63162952969174,67.57811287594241,67.82450103759766,6651100
2017-11-28,67.7055753786901,69.4472759100314,67.7055753786901,69.39630126953125,7636900
2017-11-29,69.45574356003107,71.67323020326168,69.32830053232392,70.77264404296875,10573500
2017-11-30,70.90007916900403,71.94510419685179,70.60271643165598,70.83211517333984,9110000
2017-12-01,70.7216772821872,71.7242193643254,69.77011631068176,71.56279754638672,4935300
2017-12-04,72.16601743234654,75.17364352650279,71.97060389586332,74.79981231689453,13046100
2017-12-05,74.79131978957705,75.23312152049697,73.3044992574093,73.32998657226562,9666000
2017-12-06,70.94258251111332,73.14307387523651,69.98252354838355,70.00801086425781,12291000
2017-12-07,70.01649594254025,71.1464744583276,69.86356559334781,71.05301666259766,10391100
2017-12-08,71.23992542932065,72.83719925276212,71.23992542932065,72.72674560546875,7696300
2017-12-11,72.7097664938105,73.15156169930212,72.39540785008019,72.67578125,6775400
2017-12-12,72.66728718657929,72.82021755085572,72.11503828880203,72.20849609375,7125600
2017-12-13,72.51434272316187,72.88817387026887,72.31043777111331,72.72674560546875,5956700
2017-12-14,73.10057546255281,73.36395295771855,72.53982875178795,72.70975494384766,3908500
2017-12-15,73.04960857020153,74.03515466027356,73.04111063919461,73.65283203125,7933000
2017-12-18,74.01816361459606,74.8422814071016,73.95019313211458,74.2900390625,7188500
2017-12-19,74.63840353939143,75.89583199372436,74.11164831397473,75.49651336669922,5659300
2017-12-20,75.81084611291266,77.26368117476525,75.55596003945551,76.62647247314453,6527400
2017-12-21,76.43106152764372,77.34014571330358,76.38008690404372,77.08526611328125,5826400
2017-12-22,77.238184037533,77.52704883414756,76.62646272467715,77.47607421875,3620900
2017-12-26,77.56956342562827,78.23225962234451,77.40813510211188,78.07083129882812,2757600
2017-12-27,78.13028553442227,78.50411672978076,78.07081297898091,78.25772857666016,2761200
2017-12-28,78.62306775170086,78.96291372921137,78.30870908814963,78.89494323730469,3563800
2017-12-29,79.36223204951426,79.4811771690141,78.93742619929404,78.9629135131836,3372000
2018-01-02,79.03086643336952,79.40469760335512,77.75644906153347,77.84141540527344,6572600
2018-01-03,77.95187447481582,78.24073934514986,77.45909812680996,78.18126678466797,4572000
2018-01-04,78.32570148218349,78.86095449768453,77.80743784789502,78.79298400878906,3542800
2018-01-05,79.8635222565485,80.54321440047794,79.65961720617955,80.49223327636719,5524200
2018-01-08,80.18634180240174,80.82355051295427,79.58311833425469,79.61710357666016,6191600
2018-01-09,80.13538172928054,80.6451474938718,79.4896749703858,80.33079528808594,4112200
2018-01-10,80.25433040124175,80.56868910292887,79.73606668112109,80.00794219970703,2778000
2018-01-11,80.32228834832836,81.37580500794846,79.87199519873359,81.3418197631836,3172600
2018-01-12,81.5712254583435,86.89828824779038,81.2483688467252,85.69184112548828,14247600
2018-01-16,86.23557906930002,89.71898540032542,85.03762357874005,85.78528594970703,13570400
2018-01-17,86.03172951041228,86.90682900189074,85.4369971066121,86.38856506347656,5296100
2018-01-18,86.67737082821553,86.77082862088857,85.649341590834,86.11663055419922,5956600
2018-01-19,88.59751732685483,89.50660169213715,87.05972204553275,89.16675567626953,9558300
2018-01-22,90.90844192393227,91.23129200097527,89.5065814763644,91.00189971923828,7084300
2018-01-23,91.25776847013653,92.37503439442243,90.5328248818065,91.3515853881836,6118200
2018-01-24,91.59038460015334,91.80360367343928,90.31960074530947,91.01895904541016,4127500
2018-01-25,92.91234883254224,92.94646466633888,90.49870727360147,90.7289810180664,4864800
2018-01-26,90.95071972056294,91.59890747070312,90.00402659434806,91.59890747070312,4017200
2018-01-29,92.11066250053915,92.43475322980503,90.9848657746987,91.12132263183594,3787300
2018-01-30,90.15755165094545,90.52428871517368,89.23644369796344,89.70552825927734,6360800
2018-01-31,90.12344620481386,90.57546964857518,89.1596982305101,89.32174682617188,7082200
2018-02-01,88.56266600410068,89.6202372310583,88.0594721437482,88.57972717285156,4922900
2018-02-02,88.5711982153239,88.57972879985604,86.26843491828716,86.56694030761719,6247900
2018-02-05,86.46464455602772,87.94012423042626,82.7631624994426,83.22371673583984,8339800
2018-02-06,81.2705632389428,86.07225327381424,80.86117985349023,85.4752426147461,9031200
2018-02-07,85.28763779983284,87.26631073651174,85.07441870533326,85.21940612792969,5257300
2018-02-08,85.21938751665145,85.38143607529865,80.92942131332532,81.03176879882812,7673100
2018-02-09,82.03819285021864,83.71836060109956,78.89960706102733,82.87400817871094,9667800
2018-02-12,83.79508655828317,84.43474370758305,82.8739787016284,83.39423370361328,8067600
2018-02-13,82.69489721115863,83.24926818761485,80.91238861002932,81.92730712890625,5541700
2018-02-14,81.10000056031836,83.07014914855148,80.51152036475789,82.66929626464844,8395800
2018-02-15,83.73542914236113,83.74395973073958,81.55206701661317,82.31112670898438,5729300
2018-02-16,82.28551975434405,83.30043826807066,81.6970329431151,82.1405258178711,5331500
2018-02-20,82.34520374958178,83.30895156033316,81.38998001625939,81.5776138305664,6648700
2018-02-21,81.87612628400939,82.89957525978754,81.2108837990606,81.31322479248047,4248700
2018-02-22,81.89318050872907,82.88252015268927,81.64585210466889,82.63518524169922,4461200
2018-02-23,83.01045479184593,83.25778970847074,82.40491337814933,83.14691162109375,4358200
2018-02-26,83.51364685133909,83.56482385473583,82.48166729536784,83.16397094726562,4733600
2018-02-27,83.2578177742302,83.93159108314104,81.43266233264677,81.69705200195312,8503300
2018-02-28,74.54141490672893,78.65227979036185,73.98704382452476,76.40921020507812,34109800
2018-03-01,76.39212853077342,76.50300010524688,74.29405365205396,75.01899719238281,15153400
2018-03-02,74.09792335610256,74.49024584669507,72.56274924164478,72.78449249267578,12476800
2018-03-05,72.54565812065908,74.21729493679008,72.53713404239885,73.62881469726562,8324600
2018-03-06,73.77379616573896,74.37080694234311,73.59469293275772,74.30258178710938,6359000
2018-03-07,73.76528333985723,74.03820354728465,72.9294680513931,73.44119262695312,6417100
2018-03-08,73.72264531665608,74.03820545111812,72.88682349976845,73.48384094238281,4711800
2018-03-09,73.98704049680576,74.48171045602726,73.54354755514862,74.4390640258789,6370400
2018-03-12,74.4134676520373,75.10429547008481,74.20877913315854,74.78020477294922,5797500
2018-03-13,74.82285864269261,75.07018710302978,73.26209307696269,73.46678161621094,5792000
2018-03-14,73.97852202883819,74.13204009281783,72.71626817561246,73.6714859008789,7045600
2018-03-15,73.81645458829223,73.90174092640413,72.74182850867687,72.95504760742188,4737800
2018-03-16,72.94651933674079,74.49022357843164,72.94651933674079,74.20024871826172,8772400
2018-03-19,73.86761697375837,74.21729287367658,72.75035110130905,73.16825866699219,6767000
2018-03-20,73.50938762541809,73.73113070979119,72.5541641225994,73.1170654296875,4797800
2018-03-21,73.25353993823416,75.03605466843037,73.06590612379989,74.4134521484375,6808700
2018-03-22,73.77378759836088,74.43049937636124,73.0488441661211,73.09148406982422,12067700
2018-03-23,73.29618864892693,73.45823071534441,71.41985695274266,71.44544219970703,7383700
2018-03-26,75.36016688406737,77.0403346039464,74.75462535935256,76.16187286376953,13886800
2018-03-27,75.90599247409392,75.90599247409392,72.9294559394659,73.31324768066406,10944900
2018-03-28,73.42413655269723,74.14055621377703,72.56273595167576,73.24503326416016,7725100
2018-03-29,73.5435130166207,75.05310093371617,73.32176339646743,74.83988189697266,8515600
2018-04-02,74.4987621666287,74.66934137351912,70.8569823163594,72.14482116699219,9611700
2018-04-03,72.51155114422646,73.35590349408609,71.93159491211969,72.87828826904297,7352900
2018-04-04,71.91455982012332,75.28342002946584,71.76957234936697,75.10431671142578,7860800
2018-04-05,75.48809102954947,75.94864506054617,75.24928668168387,75.69277954101562,5098000
2018-04-06,75.17251091899848,76.03391773928163,74.38786634355704,75.25779724121094,8757100
2018-04-09,75.44543566234533,75.56483782212156,72.55418556632307,72.69917297363281,7343900
2018-04-10,73.2535532460148,74.4475815036612,72.81858446143657,74.31964874267578,5633700
2018-04-11,73.6543984882563,74.85695069907682,73.54352691069776,73.9017333984375,4643900
2018-04-12,74.14055044006851,74.45611707068655,73.91880073998743,74.23436737060547,3931300
2018-04-13,74.49875843763772,74.73756280839969,73.15121205184538,73.54354095458984,4826100
2018-04-16,73.98703882764411,74.18320329219668,73.22797923803607,73.39855194091797,5093300
2018-04-17,73.84204750379273,74.1405529716343,73.38149342186662,73.48384094238281,5132200
2018-04-18,73.6458749938274,74.58403772167969,73.3985400598329,73.69705200195312,5119500
2018-04-19,73.60324814263727,73.60324814263727,71.62457482640832,72.39215850830078,5719400
2018-04-20,72.81857777814308,72.9720957758496,71.02753880952041,71.31752014160156,7568700
2018-04-23,71.78661410941162,72.12776601396327,71.17254198260491,71.94013214111328,5084400
2018-04-24,72.61718961361127,72.90858082756566,70.7574030412343,71.057373046875,5437000
2018-04-25,70.75741071898246,70.92882310347865,69.68610783605835,69.8318099975586,10821900
2018-04-26,70.06320753749011,72.06011765188666,69.96893236204899,71.37448120117188,9228400
2018-04-27,71.27161164383038,72.37719000438422,71.05735115650099,71.99152374267578,3985900
2018-04-30,72.2486675269811,72.31722594063005,70.64599609375,70.64599609375,4193700
2018-05-01,70.06320697317103,71.1173718633794,69.55755516234481,71.10022735595703,3967400
2018-05-02,70.84309420652865,73.03711961394674,70.7145365999696,71.95724487304688,6604200
2018-05-03,71.57159664137777,71.61444482856213,69.72895458590844,70.98880767822266,5679100
2018-05-04,70.78307467118633,72.6257157330268,70.4574011616067,72.18862915039062,3242700
2018-05-07,72.31723035679457,72.43721576139953,71.42590553779048,71.86299896240234,4805900
2018-05-08,71.50304370898081,72.23152840064247,71.13451523596879,72.20581817626953,3725700
2018-05-09,72.00012515283846,72.96000834004876,71.36590914561589,72.35150909423828,4222400
2018-05-10,72.68573656475078,73.27709769113731,72.06866522221041,72.9085693359375,5140900
2018-05-11,73.01998889403232,75.1968767495015,73.01998889403232,74.94833374023438,6844500
2018-05-14,75.15401489475465,75.35970314342926,73.75703225328115,74.20269775390625,5065400
2018-05-15,73.44852238015177,74.26271648711233,73.02857348464552,73.43995666503906,4735500
2018-05-16,73.7142037918198,73.81704467430662,73.00285717395737,73.28568267822266,3975100
2018-05-17,73.36280166767675,73.8598876496516,73.02855577534834,73.25138854980469,3180900
2018-05-18,73.11427206709698,74.45126241998403,73.03714140337777,73.99702453613281,5824100
2018-05-21,74.42552825019159,75.03403385785123,74.21126773836302,74.89690399169922,4311300
2018-05-22,77.17665535587486,77.43376410140998,73.3456755451106,73.49137115478516,10770300
2018-05-23,77.73373216681775,81.53900198173562,77.57946429489638,81.15333557128906,26304800
2018-05-24,80.43341570592607,82.9188395958706,79.76492378173492,82.69600677490234,10167500
2018-05-25,82.87595920582358,83.55302317391089,82.31888713396089,82.86739349365234,7642200
2018-05-29,81.84753075415506,82.9188335127173,81.7618278412127,82.0875015258789,5033600
2018-05-30,82.54170962832673,83.97297468053823,82.31888342510567,83.49302673339844,4928200
2018-05-31,83.47588867151067,83.8444169778889,81.29900129647547,81.42755889892578,7602100
2018-06-01,81.7961098990826,82.567442650363,81.55613912857642,82.13035583496094,4786000
2018-06-04,82.23318443110207,83.90442039957003,82.181763999021,83.63873291015625,5010400
2018-06-05,83.23594130626043,83.7244551015779,82.91026108357339,83.56161499023438,3836700
2018-06-06,83.97297798540666,84.5386223049289,83.25305930571926,84.41006469726562,4138000
2018-06-07,84.57291579783838,85.40424769192659,84.57291579783838,85.07856750488281,4242200
2018-06-08,84.94142887636876,85.96131089752635,84.42720500994128,85.89274597167969,3680400
2018-06-11,86.08130814452466,86.50125693062618,85.70420753896532,86.13272857666016,3568300
2018-06-12,86.77551013320239,86.84407506852448,85.58422217150775,86.13272857666016,3401900
2018-06-13,86.21846767235516,86.41559030948338,85.22430184766668,85.24143981933594,4309700
2018-06-14,85.27569754022052,85.68708066669448,84.55578524228228,84.98430633544922,4129900
2018-06-15,84.29866007740587,85.42138311734965,84.13581998872559,85.00143432617188,6197800
2018-06-18,84.35867283739134,85.18143265086424,84.25582540868957,84.49579620361328,3766100
2018-06-19,83.95584595220289,84.63291001698427,83.68159273319003,84.12725830078125,6228100
2018-06-20,83.99012503402382,84.79574669306461,83.71587182607345,84.36722564697266,4419700
2018-06-21,84.2815035690629,85.1814002464045,83.87869933865386,84.89857482910156,4388100
2018-06-22,85.15570022292356,85.24997537330496,83.99012248976456,84.17867279052734,5477300
2018-06-25,83.7844587664323,84.40153028105561,82.45604055918967,83.00454711914062,4219200
2018-06-26,83.44162177222992,83.70730273846179,83.08166564919722,83.24449920654297,4443400
2018-06-27,83.37307248054283,84.19583228991104,82.45603749668011,82.54174041748047,3296500
2018-06-28,82.29319234995333,82.9102638040149,81.59041798031951,82.27605438232422,3945100
2018-06-29,82.79026883126063,83.50161537172528,81.90751647949219,81.90751647949219,4212900
2018-07-02,81.72754313837491,81.89038324562152,80.52768277378051,81.3075942993164,6036300
2018-07-03,81.63327621988452,82.44746376092286,81.32474047957842,81.4704360961914,2193100
2018-07-05,81.77897450714065,82.001807335464,81.24761246714924,81.86467742919922,3182400
2018-07-06,81.63325210998708,82.71312688212382,80.99904284831831,82.3960189819336,3818600
2018-07-09,82.75599770963771,83.75874211328086,82.49888895742454,83.09881591796875,2646000
2018-07-10,83.98156432177333,85.19856922931871,83.68160085603485,84.85575103759766,4547800
2018-07-11,84.41864141691187,84.76145954259094,83.62159205366056,84.5129165649414,3796900
2018-07-12,84.86431832807207,84.9071730548506,83.91300747297865,84.24725341796875,2995100
2018-07-13,84.84719030964247,86.33844212666898,84.73577716115273,85.34427642822266,5197600
2018-07-16,85.42141321746031,85.57568110880337,84.63293579002448,85.38713073730469,2502200
2018-07-17,85.36140876570647,86.09846564084337,85.17285842015326,85.91848754882812,2866300
2018-07-18,85.9956201968995,86.64697416781276,85.90135156066343,86.6041259765625,2922700
2018-07-19,86.56125427878932,87.40115843496353,86.40698643535784,86.89550018310547,2742300
2018-07-20,86.65554096328265,86.77552635316775,86.08988994921293,86.2698745727539,5424700
2018-07-23,85.84133744089951,86.97263271927774,85.81562068611026,86.69837951660156,3626200
2018-07-24,87.2064457275666,87.38728842236625,85.75114360710722,86.1128158569336,3017400
2018-07-25,86.01809718398029,86.1644874042905,84.25278170884741,85.26891326904297,4288700
2018-07-26,85.33778897880283,85.61334969374393,84.37332976145183,84.83833312988281,3063400
2018-07-27,85.25171529030314,85.59616797919116,83.99446856026711,84.39058685302734,3718900
2018-07-30,84.45082608870942,85.71668535072736,84.4336064187674,85.49279022216797,4518400
2018-07-31,85.58753841166364,86.2506108601102,85.21725299198096,85.54447937011719,3239400
2018-08-01,85.24307823877865,85.5272521200858,84.14083519964551,84.35611724853516,2942100
2018-08-02,84.13222142349174,84.29583788173854,83.30553915057428,83.90833282470703,4253500
2018-08-03,84.24415948516028,84.77805467635697,83.94276597885799,84.07192993164062,3546800
2018-08-06,83.97723817657453,84.41641549752487,83.83084792622051,84.17530059814453,3247200
2018-08-07,84.09780387202872,85.25171279059744,83.85668239795511,85.06226348876953,2754800
2018-08-08,85.08808308479695,85.51004067152421,84.838355095679,85.13975524902344,1816100
2018-08-09,85.6219799906229,86.61227876700603,85.14835683716971,86.0611572265625,4206500
2018-08-10,85.39807191065,85.78558349672136,84.41638640442015,84.65750122070312,3068300
2018-08-13,84.6575342223246,84.91587538041334,83.56390400217785,83.6069564819336,3399300
2018-08-14,83.91693258460829,84.88139844323135,82.87496834880581,84.7350082397461,3754500
2018-08-15,84.17527001106707,84.34749299950366,82.89219100852269,83.3830337524414,3979200
2018-08-16,83.75329523157305,84.58859028429926,83.66718376188544,84.1149673461914,4325100
2018-08-17,84.1063978155541,84.58863412151005,83.81361735290889,84.37335205078125,2575800
2018-08-20,84.37336060751667,85.37226610066098,84.31308188439493,85.22587585449219,3467000
2018-08-21,85.50141858831344,86.36254677644847,85.08807416725848,85.88892364501953,5599900
2018-08-22,90.3926324939336,94.55188347404547,89.7898387834015,90.86624908447266,24973400
2018-08-23,92.08043295875572,92.6918331543227,91.4518065211241,92.26988220214844,7492700
2018-08-24,92.00292231341581,93.01044717545787,91.84792556374808,91.9684829711914,5107100
2018-08-27,92.49378958912874,92.99323898697094,91.94266145825978,92.1148910522461,3119400
2018-08-28,92.04596737133663,93.33765931488037,92.04596737133663,93.23432159423828,3794600
2018-08-29,93.21713979489509,93.74242859092385,92.67463132337303,93.5874252319336,3297800
2018-08-30,93.2515718736876,93.4237948826067,92.64877820269741,92.89850616455078,2533300
2018-08-31,92.81240199271846,93.71658928569556,92.73490360354812,93.64769744873047,4263300
2018-09-04,93.33770277958925,94.92218238452344,93.02769604318665,94.6638412475586,3883800
2018-09-05,94.43133749456103,95.39579703652198,93.3290876939247,93.35492706298828,4722900
2018-09-06,93.38074475955962,94.44854189541479,93.24296109305608,94.19020080566406,3621600
2018-09-07,93.85437230361264,95.14606476360687,93.70798206825299,94.37104797363281,3826200
2018-09-10,95.34411355484926,97.21276013679176,94.93076913590404,96.78219604492188,6210600
2018-09-11,97.2644254738222,98.62500957738389,96.53246783351435,98.32361602783203,5757700
2018-09-12,98.4355777236318,98.63364013113494,97.16971802190112,98.46141052246094,5515400
2018-09-13,97.72944959850636,97.91028575436161,96.45498338489206,97.09221649169922,4856500
2018-09-14,97.53136710797011,98.36666238756743,96.58412754436257,98.0738754272461,5294700
2018-09-17,97.893051818762,98.29778311476534,97.6605501007849,97.94471740722656,4780000
2018-09-18,97.5658186628219,99.64974713727939,97.49692683642176,99.50335693359375,4439400
2018-09-19,99.62394134190922,100.32145320604201,99.44310517601879,100.11478424072266,3587400
2018-09-20,99.90808493973125,100.63143600111272,99.90808493973125,100.49365234375,4663800
2018-09-21,100.70033774480147,101.05339690425463,100.18365554870488,100.61421966552734,9171800
2018-09-24,100.07170414543238,100.39032393444073,98.88334963245137,99.0383529663086,5647500
2018-09-25,99.30530308048212,99.89087051526361,98.97807673188444,99.20196533203125,3999100
2018-09-26,99.7014225543467,100.05448827205085,98.83168122746122,98.84890747070312,4293700
2018-09-27,98.67667288050731,99.18474191217328,97.79832504645822,98.59917449951172,4419900
2018-09-28,100.43338055503038,101.35478747498894,98.7541831770315,98.87474060058594,5745200
2018-10-01,99.52919483334307,99.57224729963775,98.20305667157793,98.22888946533203,4430100
2018-10-02,98.49586553321465,98.83170508875985,96.9372252077414,96.9544448852539,5055600
2018-10-03,97.30750481180964,97.74668211557318,96.05025819289317,96.23109436035156,6153900
2018-10-04,96.23108558544412,96.2999774248286,94.7413307657199,95.39579010009766,5750200
2018-10-05,95.2752380647132,95.67996943167113,93.33769931897761,94.5002212524414,5278500
2018-10-08,94.31073712093959,94.80157982569953,93.66489111099833,94.63796997070312,4187000
2018-10-09,94.80160530483006,95.56801548690397,93.99214922234083,94.00936889648438,3425800
2018-10-10,95.52497808630135,95.6799814682552,91.33128021946946,91.52934265136719,5258200
2018-10-11,91.61543524033308,93.6390853414315,89.39372274828536,89.75540161132812,6025200
2018-10-12,91.06430932907817,92.16655240027187,89.57455461667965,90.72846984863281,4504400
2018-10-15,90.72847319906295,91.20209636584099,90.10845980614884,90.13429260253906,3802200
2018-10-16,90.46152534217632,91.761824270101,89.75540043956808,91.26237487792969,3637300
2018-10-17,88.15369528844165,88.97176444203545,87.3097867704099,88.21397399902344,5960100
2018-10-18,87.97286632661653,88.15370247310031,85.69948167252282,85.86309814453125,7071800
2018-10-19,85.92339739490029,86.59507654804705,85.20865919044358,85.75978088378906,4686600
2018-10-22,86.0180868249675,86.33670659246614,84.54555853767604,84.72639465332031,3770500
2018-10-23,83.80048857391611,85.56580331862082,82.72745645140414,84.90814208984375,6968500
2018-10-24,85.08118816686753,87.14937356577455,83.35048864630303,83.53221130371094,5724500
2018-10-25,83.99084087197085,85.47924343184584,82.86589020845894,84.76100158691406,4534900
2018-10-26,83.38509237865935,83.61873387805139,80.56405068540097,81.1524887084961,6600000
2018-10-29,82.08707611208408,82.68416953988086,79.27468948286493,80.35637664794922,4245000
2018-10-30,80.57274291707346,82.22555806375765,80.46889853530656,81.98326110839844,4913000
2018-10-31,82.91782923810017,84.41488750765168,82.24285735546972,82.39862060546875,5792000
2018-11-01,82.45919841548852,84.63987740804289,81.86210483088956,84.3197021484375,4626900
2018-11-02,85.16771554257407,85.76480894581204,82.9005035631497,83.78315734863281,4535500
2018-11-05,83.63605116464389,84.49274553277534,82.80531623159303,83.99949645996094,3309700
2018-11-06,83.74853328075157,84.44946434449248,83.35912860136074,84.38024139404297,2432200
2018-11-07,84.89080957426562,87.10610943464201,83.85239250996973,87.05418395996094,6632600
2018-11-08,86.0071177812132,87.13207518412183,85.65232778934195,86.07634735107422,4918600
2018-11-09,85.62634982537078,85.71289007669368,83.44567149517506,83.78315734863281,5187000
2018-11-12,83.59277040068254,84.51004547006853,82.55435351703422,82.77069091796875,6183400
2018-11-13,82.16494962017369,83.24663672208274,81.14383673188779,82.7187728881836,5196700
2018-11-14,83.65338232957302,84.2850907300709,81.68038539972771,82.13037109375,4380800
2018-11-15,81.438079725485,81.72364677736782,79.24874553190838,81.06597900390625,6747700
2018-11-16,80.33908914167674,80.88426385555496,79.6208536743727,80.69388580322266,4090600
2018-11-19,80.74577479063421,81.25633452393689,78.3833739122413,79.04969024658203,5898000
2018-11-20,74.29891694522038,77.55263327934254,73.33837836414202,74.5758285522461,10061000
2018-11-21,74.89603365932912,77.03344228590477,74.601811271343,76.4709701538086,7344500
2018-11-23,76.16807364829172,76.66997803216786,75.75270951149997,75.9863510131836,3008400
2018-11-26,76.73057750714536,77.43151544716542,75.54505231604884,77.2844009399414,5151100
2018-11-27,77.11131771183868,79.30065155029297,77.11131771183868,79.30065155029297,5608100
2018-11-28,79.64678715357499,81.11787900224458,78.41799216448918,81.07461547851562,6964000
2018-11-29,80.78040804736439,80.95348198048625,79.57757227107334,80.65060424804688,5398800
2018-11-30,80.43425380043017,81.80150794197644,80.01023428638916,81.66305541992188,6881000
2018-12-03,82.63225877521755,83.12550794621141,81.20443014273141,81.59384155273438,5645500
2018-12-04,81.79284064038151,82.29474498891562,77.82088917679073,78.16703033447266,6114000
2018-12-06,76.87769366812077,78.76415700182348,75.7008236986179,78.70358276367188,5954300
2018-12-07,78.20166454017227,79.86313458733663,77.0594030574849,77.36227416992188,4968600
2018-12-10,77.65650099496855,78.1237907501744,75.54505165178549,77.38824462890625,3262700
2018-12-11,78.18436110292134,79.68141931489801,77.01614007390485,77.43151092529297,4137000
2018-12-12,77.8728305287048,81.11789244019322,75.8652191568811,79.7073745727539,10837300
2018-12-13,80.30447207103036,81.77556423656415,79.73333797719764,81.59384155273438,7984600
2018-12-14,81.0659818433783,82.1649733514119,80.4515841842923,80.78907012939453,7103900
2018-12-17,80.29580348555845,80.38233713948301,77.70840960127515,78.27088165283203,6047700
2018-12-18,79.06699627682497,80.44289898831818,78.53047714163804,79.1448745727539,4574500
2018-12-19,79.40448051677247,81.30824698088288,77.6045517785012,78.16703033447266,5188700
2018-12-20,77.54400687401643,78.70357259802942,75.65754378397622,77.15460205078125,6819300
2018-12-21,77.4574627966895,79.14489227347856,75.75272262664897,75.8392562866211,8070300
2018-12-24,75.34601405709576,76.47962029128107,74.33355627837625,74.3854751586914,3121700
2018-12-26,74.86140023848573,78.7900884505745,74.83544080526235,78.78143310546875,4335100
2018-12-27,77.50939100890547,79.54296197263864,76.4363589713864,79.49104309082031,4700400
2018-12-28,79.81122130515756,80.65926047941667,78.91125664934495,79.49969482421875,3825300
2018-12-31,80.30446206982288,81.03135271461419,79.19680880780132,79.9237060546875,4034100
2019-01-02,78.93721184319315,80.33907432991877,78.55645580872684,79.8458251953125,4198200
2019-01-03,79.30932228671882,80.06217249935534,78.44397235800851,78.89395141601562,3798900
2019-01-04,79.56889331338915,81.71496323262767,79.51697444990624,81.2303695678711,4107400
2019-01-07,81.06595114226971,83.76584428268627,81.06595114226971,82.77069091796875,4885000
2019-01-08,83.64472411781729,84.683141352197,82.73610408616321,84.4841079711914,4663500
2019-01-09,84.26776829101851,84.99466561773042,83.66202602050492,83.96489715576172,5692200
2019-01-10,83.38509729262236,83.53220515654188,81.92265419269681,83.05626678466797,4494000
2019-01-11,82.83129294566974,84.46680371786609,82.55438124355437,84.19854736328125,3682100
2019-01-14,83.36781290488591,84.10336566074616,83.22936034283563,83.86106872558594,2931600
2019-01-15,82.87456601460869,82.87456601460869,81.56789227727039,82.13037109375,4922000
2019-01-16,82.0524670355238,82.54571615301326,81.21307668072184,81.30826568603516,4579200
2019-01-17,80.15735443969709,80.23523935949167,78.92855923396614,79.65545654296875,6947600
2019-01-18,80.33042969408956,82.23419675960803,80.2006258936916,82.19093322753906,7206500
2019-01-22,81.24289144013339,81.24289144013339,78.92936633277094,79.63385772705078,5950000
2019-01-23,79.28598561398326,80.22530550534043,78.47712221057144,79.86871337890625,4842300
2019-01-24,79.87739718938647,80.16441470227268,79.24248689974903,79.84261322021484,4047200
2019-01-25,80.49492896862905,81.63429317123324,80.49492896862905,81.59950256347656,4750900
2019-01-28,80.95588750857434,81.19941511099574,80.02526037896143,81.01676940917969,3631900
2019-01-29,80.37316243954636,81.34727288125084,80.1470268145951,81.26029968261719,3125500
2019-01-30,81.54732299150288,83.84345010349067,81.3385793372275,83.27811431884766,4965900
2019-01-31,82.87803141048946,84.79146843879874,82.54753058141934,83.63471221923828,5400500
2019-02-01,83.67817323138337,84.50443503758395,83.35636516341535,84.46094512939453,5324100
2019-02-04,84.92194202348196,85.24375021674481,84.2870315847378,85.12198638916016,2801400
2019-02-05,84.94803829697236,85.73950985823457,84.78279117022336,85.32202911376953,3667000
2019-02-06,85.16546613744202,85.43509171785202,84.23483884495168,84.53055572509766,2952600
2019-02-07,83.92170234862564,84.48703798743432,83.43464721888449,84.26090240478516,3990200
2019-02-08,83.89562710753863,84.66969985923433,83.47815309807318,84.51314544677734,6217700
2019-02-11,84.53052789643056,84.74796417015477,84.06086474891082,84.26090240478516,3045600
2019-02-12,84.84364821699226,86.8788488311399,84.5914213088439,86.51355743408203,3553200
2019-02-13,86.93104454896113,88.5052881351049,86.87886195168058,88.2443618774414,6576400
2019-02-14,87.6703158923369,88.6792168401846,86.80057072132415,88.28783416748047,3009800
2019-02-15,89.35762125622061,90.88837468788756,89.08800236380148,90.66223907470703,4666100
2019-02-19,90.47091411671869,91.94078597470535,90.27957570153104,91.37545013427734,3342800
2019-02-20,91.89727783203125,92.11471412449512,91.14929645510523,91.89727783203125,3328300
2019-02-21,91.76683527810943,92.49741819928022,91.35805389504125,91.77552795410156,3395400
2019-02-22,92.09732511752074,92.49740714113611,91.67115179778716,92.42782592773438,2734600
2019-02-25,93.06275400285283,93.06275400285283,91.00145510013088,91.33196258544922,4665100
2019-02-26,89.78378988370487,91.39281699679472,89.3576100056709,91.34932708740234,7954700
2019-02-27,94.81093515862378,95.60239991563304,91.50590042894332,93.60198974609375,8874700
2019-02-28,93.50630039490945,93.50630039490945,90.54046632885759,91.4015121459961,8144300
2019-03-01,92.10603990194997,92.27998632904763,89.80121324693633,90.41873168945312,4655200
2019-03-04,91.02755788251478,91.22759561105228,88.98365085856084,89.74903106689453,4015300
2019-03-05,89.9751516945212,90.2360779476581,89.09671368926286,89.59246826171875,3460100
2019-03-06,89.80989046911023,90.05341806140062,88.89665536239204,89.00971984863281,2730700
2019-03-07,88.74011990863445,88.76621120828914,87.33113664223661,87.59205627441406,4704800
2019-03-08,86.78317498306089,87.46157517727235,85.23502958896206,86.39179229736328,6181300
2019-03-11,86.82667130717608,87.58334544013587,84.84365316673976,87.32242584228516,4598900
2019-03-12,87.32242925067956,88.05301211593357,86.6092383717092,87.7225112915039,4928400
2019-03-13,87.93125218611328,88.64444309656201,87.50507882923826,87.99213409423828,6268200
2019-03-14,87.82688549041929,88.07041311875417,87.19196848600599,87.67902374267578,5393400
2019-03-15,87.90515395287423,87.97473516685078,86.47877224450417,87.0962905883789,6677500
2019-03-18,86.96582406781236,88.69662186069034,86.96582406781236,88.6096420288086,4471400
2019-03-19,89.14020390632058,90.75793087605868,89.09672061783648,89.97515869140625,5801500
2019-03-20,90.26215464924638,90.78400043550047,88.81838108608912,90.0969009399414,4636000
2019-03-21,90.34913417676349,92.79312284137237,90.19257976634594,92.49740600585938,4835300
2019-03-22,92.23650278008827,93.08884956034736,91.25368622642745,91.27977752685547,4106600
2019-03-25,91.11452724674254,92.88880860614424,91.11452724674254,92.21910095214844,3994500
2019-03-26,92.9409982361999,93.25410712540642,91.766843219491,92.1582260131836,4633200
2019-03-27,92.22779219630894,93.96728279231108,92.18430227715687,93.40194702148438,4230100
2019-03-28,93.82812299288045,94.7065676264921,93.68896719182239,94.25430297851562,4099900
2019-03-29,94.61090260930136,95.61981044836958,94.31519236134528,95.21102905273438,5318700
2019-04-01,95.85462110044391,96.72436633133692,92.0538320526148,94.74134826660156,10408000
2019-04-02,94.71524453897091,95.69805413204897,94.68045393802629,95.59368896484375,3722400
2019-04-03,96.1503248126428,97.59409824843821,95.67196234665806,97.35057067871094,4127200
2019-04-04,97.53323249780314,98.58562346151216,97.15924177221814,98.55953216552734,3007800
2019-04-05,98.82913468872286,100.23812415900326,98.82913468872286,100.0032958984375,3776800
2019-04-08,100.02070986247652,101.03831027461311,99.93373665928733,100.70780944824219,4988100
2019-04-09,100.22074801158381,100.24683930736599,98.1768413669178,98.4029769897461,3694400
2019-04-10,98.99440518739205,99.02049648348064,97.32449588142438,98.94222259521484,4434900
2019-04-11,99.03789195961701,100.21204669572609,98.59432003330754,100.1337661743164,2540500
2019-04-12,100.5251577415011,101.59494068468682,100.33381272450731,101.11658477783203,3214100
2019-04-15,101.25572464305392,102.1254697576013,101.09047758351738,101.91673278808594,3110800
2019-04-16,102.19506672900741,102.57775676186219,101.37750407177386,101.78628540039062,2687800
2019-04-17,102.1950637844597,102.82998071743586,101.69060996216406,101.86456298828125,3874700
2019-04-18,101.77759891888999,101.82108884106158,98.89004459446694,98.92483520507812,6321400
2019-04-22,98.73347102553397,100.29031571153752,98.32469636026016,98.65519714355469,4674200
2019-04-23,98.6901292234402,100.21865147679267,97.86036266572299,99.17052459716797,4033900
2019-04-24,99.41508690548734,100.28852819148314,99.17926069035288,99.54610443115234,2940200
2019-04-25,99.20547264224038,99.70333395778323,98.37569934044973,99.22293853759766,4164800
2019-04-26,99.1268763383223,99.45878838110627,97.8778546969167,98.24470520019531,4064500
2019-04-29,97.8429163399202,98.27090748355964,96.59389469719339,98.01760864257812,3186900
2019-04-30,97.44985663273519,98.96091318528934,97.1266809160841,98.82115936279297,3367100
2019-05-01,98.73382071975419,98.73382071975419,96.6899642944336,96.6899642944336,2953100
2019-05-02,96.60261050479345,97.97391313683858,96.40172272909948,97.9215087890625,3206000
2019-05-03,98.36696630466334,98.81241659098929,97.95644780783743,98.1398696899414,2575200
2019-05-06,96.98692575073983,97.53719138777726,96.16588877092624,97.2576904296875,2730500
2019-05-07,96.0785582609881,96.0785582609881,92.7332759513092,93.56304931640625,4885500
2019-05-08,93.52810764025094,94.07837332873778,92.7682112157251,93.22240447998047,3366500
2019-05-09,92.35768595458104,93.02150324265415,91.38816552852315,92.83808135986328,2919700
2019-05-10,92.31403208824455,93.68533494432013,90.61955348581915,93.143798828125,3795300
2019-05-13,91.49298946435033,91.72881571751964,90.41865357721868,91.41438293457031,4714900
2019-05-14,91.72007981483685,93.07390993539393,91.36196565572789,92.36642456054688,2961900
2019-05-15,92.06945884326603,94.37534354782046,91.82488965983728,93.99976348876953,5104200
2019-05-16,94.5674991356294,95.72917781770502,94.37534762181247,94.84700012207031,2860300
2019-05-17,94.01722567173029,96.11348622868412,93.89494441675895,95.22257232666016,3712900
2019-05-20,94.41027084335275,96.20082824832427,94.41027084335275,95.37979125976562,4452200
2019-05-21,94.11330983260036,97.57213693954968,93.99976485080629,97.03933715820312,6415500
2019-05-22,88.43593423702005,89.53647217339717,83.33504009299898,85.54484558105469,22721500
2019-05-23,84.88975483059879,85.16051947805286,82.29563332490105,82.80223083496094,12687500
2019-05-24,83.3525065813829,83.6407438202689,82.44412679642092,83.30010223388672,7096200
2019-05-28,83.14289800535255,83.57088247184427,80.06838021254366,80.24307250976562,11747200
2019-05-29,80.17318857547626,81.8938692355266,80.00723257359451,81.43094635009766,9281500
2019-05-30,81.9637874142952,82.74115686178966,81.57074121179966,81.99872589111328,5709600
2019-05-31,80.7933413084281,82.15590795915003,80.60991938727938,81.47462463378906,6530400
2019-06-03,81.25625208871773,83.02933705824097,81.14270710609733,81.96373748779297,8393900
2019-06-04,82.98566955488658,84.76749081645102,82.98566955488658,84.57533264160156,5560500
2019-06-05,85.19546566877466,85.19546566877466,83.2302227329995,84.0687255859375,5136800
2019-06-06,84.11241620758058,84.52292810077125,83.09048462340036,84.06000518798828,4569600
2019-06-07,84.70635649238099,85.26535849875276,84.46178728374248,84.51419830322266,3974600
2019-06-10,85.1605369300412,85.96410142278005,83.97265608693635,84.12113952636719,5789500
2019-06-11,84.9683752632005,85.27407840941598,83.95518674091082,84.15607452392578,3256100
2019-06-12,84.0337878539984,84.7587457425027,83.97264722869252,84.13860321044922,2878600
2019-06-13,84.59279892339369,86.18246201735896,84.48799021941892,86.1387939453125,3617400
2019-06-14,86.46196360497132,87.33540501795083,86.0339791784835,87.02096557617188,4437100
2019-06-17,87.1432301472866,87.9992055001164,86.75892053059971,87.41400146484375,4212700
2019-06-18,87.94683930235138,88.71546553292374,86.64540648390273,86.74148559570312,3960900
2019-06-19,86.63668380802429,86.75896511214516,85.18676739654634,86.23490142822266,5558100
2019-06-20,87.26552639653923,88.94253214923692,87.1257725852335,88.60189056396484,5355300
2019-06-21,88.92507437941886,89.9295334077807,88.02543072696741,88.07783508300781,7188200
2019-06-24,87.9555409080441,88.25251443098092,86.46195700551074,86.4881591796875,4920200
2019-06-25,87.03844263319004,87.51010182022769,85.68460570759144,85.78942108154297,4767800
2019-06-26,86.13004748801757,87.37033253991036,85.67585427836525,86.68031311035156,4399900
2019-06-27,86.72399273366334,87.30919684081825,86.3833511391207,86.7851333618164,3395800
2019-06-28,86.81132732928128,88.3747880029086,86.7414504283327,88.13896179199219,4298900
2019-07-01,89.17838135946671,90.63702715579906,88.60191339883204,89.2657241821289,4072900
2019-07-02,89.30939393232461,89.92080032060811,88.93381381842767,89.69371032714844,2560200
2019-07-03,90.00813144320034,90.51472234852133,89.65001730037204,90.09547424316406,1851200
2019-07-05,89.78103087551995,91.16106971114438,89.71989025185701,91.0300521850586,2536400
2019-07-08,90.94272376440246,91.86856954445645,90.65448649421722,91.41438293457031,3882900
2019-07-09,90.68069325166286,91.85110828798128,90.68069325166286,91.58907318115234,3719600
2019-07-10,91.41437889761048,91.41437889761048,89.19583697168126,90.03433990478516,4302200
2019-07-11,90.94271258944683,91.8248835242254,90.48851937154228,91.59779357910156,2977700
2019-07-12,92.06071923604902,94.12204134649637,92.02578078253634,93.80760192871094,4814200
2019-07-15,94.08710535594332,94.6024325651308,93.66785056664484,94.30546569824219,4492200
2019-07-16,93.87752894796333,94.523874023398,92.96914866322241,93.02155303955078,4722400
2019-07-17,92.89922127040114,93.20492440602631,91.60652515769232,91.65019989013672,5159100
2019-07-18,90.89030968368682,91.09994041702586,90.26143081132771,90.61954498291016,5147100
2019-07-19,91.0038585271232,91.10866722673542,89.50153830361258,89.52774047851562,4190700
2019-07-22,89.78105048081709,90.19156904241015,89.0560924534859,89.57142639160156,4501200
2019-07-23,89.95778881638215,90.89741009992953,89.81728144325791,90.0982894897461,5064200
2019-07-24,89.96656757041565,91.31892091890123,89.76459659160729,90.27392578125,5989100
2019-07-25,89.98417077854928,90.86232213705995,89.36946080773392,89.61534881591797,4215100
2019-07-26,89.82608012859936,91.23990398760941,89.21137031612112,90.91498565673828,4785700
2019-07-29,91.04669843612112,91.67018485918855,91.01157159118992,91.2925796508789,3909600
2019-07-30,90.80083602235615,91.52970313113457,90.4232307358605,91.12574768066406,3981400
2019-07-31,90.64276768750761,91.1520969900544,88.55276354938873,89.0445327758789,5533400
2019-08-01,89.34310405685844,90.42323301514631,87.12138252207808,87.36726379394531,5469600
2019-08-02,87.33213416942371,87.93806064141226,86.80524478931983,87.13894653320312,3917900
2019-08-05,85.6987689154711,85.76024592874859,84.39910894406265,85.21578979492188,4685100
2019-08-06,85.35629360427149,86.13784763303246,84.2147010688876,85.98856353759766,4167800
2019-08-07,85.18064069389493,86.72618821540766,84.31127314418899,86.39248657226562,3686700
2019-08-08,87.5428647250656,88.23660473496616,87.07744582342893,88.22782135009766,3495800
2019-08-09,88.14003633194581,88.47373136836883,86.21688310418355,86.54180145263672,5370900
2019-08-12,85.7690217080836,85.97099942164562,84.25860064939536,84.37276458740234,2878800
2019-08-13,83.66146125280287,86.40129538830462,83.55608739743558,84.81184387207031,5129600
2019-08-14,83.24871821230536,83.70535378842814,82.14224606663798,82.18614959716797,5746100
2019-08-15,82.82719589512178,83.03795024352262,80.63181855831326,82.0017318725586,4745100
2019-08-16,82.72184104390266,83.40680461336486,82.00175732194067,82.47595977783203,4368300
2019-08-19,83.6614569730225,84.32885372184224,83.11700754877828,83.46826934814453,7212000
2019-08-20,84.1444288764362,87.04232986751349,83.7580402910231,85.94464111328125,9298100
2019-08-21,96.61419455282804,96.80738889374253,94.05877797919567,94.84033203125,19753500
2019-08-22,95.17399965823668,95.37597732910713,93.90068343242275,94.9808120727539,7264400
2019-08-23,94.04120152568392,94.69981487479379,92.87326561174775,93.42649841308594,5520700
2019-08-26,94.48907393370364,94.48907393370364,92.68886787632135,93.43529510498047,4720200
2019-08-27,94.03241854528468,94.4275838484005,93.06645370452082,93.119140625,3722600
2019-08-28,92.73274376316216,95.34963667703478,92.48686255644132,94.99837493896484,4187800
2019-08-29,96.04339910940755,99.10814491999017,95.77116768170124,98.87104034423828,5996600
2019-08-30,99.44183482809206,99.44183482809206,98.21242187222985,98.52855682373047,4610100
2019-09-03,97.79967859153459,98.80954687459746,97.16740880403619,97.63282775878906,3893500
2019-09-04,97.97531752370062,98.38804961082863,96.15754502276752,98.28266906738281,4114000
2019-09-05,99.39790624481796,101.20689502277696,99.24861549439849,100.29361724853516,3662500
2019-09-06,100.75027856584363,101.33863819440427,100.18825569853777,100.73271179199219,3462600
2019-09-09,100.89077702486601,101.33863595150875,100.1443499469688,100.80296325683594,3782200
2019-09-10,100.52196841341437,101.8304118186793,99.18717484448639,101.23326873779297,4771600
2019-09-11,101.38252920285152,101.57572349277945,99.36278594396941,99.6613540649414,4073700
2019-09-12,100.17949474091824,101.11033290836313,99.9863003967854,100.00386047363281,3471400
2019-09-13,100.52194355644947,101.11908648967488,99.36278453310132,99.54719543457031,3476500
2019-09-16,98.92371759082033,100.01262302204287,98.47585867726684,98.9061508178711,2433400
2019-09-17,98.10703832429152,99.12569007862477,97.36938794378177,98.99397277832031,2827300
2019-09-18,98.77442505953343,99.35400122176124,97.966521067087,98.87979888916016,2246400
2019-09-19,98.91494295487448,99.12569735058372,98.07191867227606,98.23876953125,2369100
2019-09-20,99.16958704441235,99.39790816732888,97.43084521564202,97.43962860107422,6226500
2019-09-23,96.76347156403435,98.37048298041806,96.23657554579844,96.9830093383789,5319700
2019-09-24,97.70310142677539,98.5461257492538,96.37709127903038,96.61418914794922,3937700
2019-09-25,96.781038961604,97.69431697595738,96.56150117064679,97.25524139404297,2908900
2019-09-26,97.54500908436309,97.84357719132652,96.06093183569419,97.22887420654297,3992600
2019-09-27,97.89629577957272,98.21242403828386,95.55162705427173,96.19268035888672,3939600
2019-09-30,96.4473433106674,96.86007542697308,95.68334939113808,96.5615005493164,4024400
2019-10-01,96.67565574487416,98.29145732565084,95.58675020767865,96.17510986328125,3966100
2019-10-02,95.9906992589308,95.9906992589308,93.01376742133496,93.39137268066406,5040700
2019-10-03,93.32991370934582,93.6987356261314,91.84583595401418,93.40895080566406,5002800
2019-10-04,93.89190289550265,94.65589667402693,93.33867017987086,94.33097839355469,4311800
2019-10-07,94.51539375159273,95.68333623937795,94.13778853748776,95.04228973388672,3686800
2019-10-08,93.86560320702137,95.04232957438256,93.50556461460846,93.52312469482422,3261700
2019-10-09,94.12900407919126,94.54173610468936,92.76786740358176,93.34745025634766,3224000
2019-10-10,93.4879597409391,95.2793886823481,93.47917635452843,95.00716400146484,3218500
2019-10-11,96.5000400820599,98.04558815407808,96.06974784658338,97.30793762207031,4498500
2019-10-14,96.99178036829358,97.68552049873003,96.82493622536082,97.18497467041016,2129900
2019-10-15,98.01044808121199,99.23107761500862,97.6504029022986,98.72174835205078,3340700
2019-10-16,98.53733490935089,99.03788077233445,98.10704274286778,98.64271545410156,2900400
2019-10-17,99.10812001961851,99.59988242390395,98.31778279861672,98.87979888916016,2615600
2019-10-18,98.49343979982079,99.33646413066194,98.39684263380923,99.090576171875,3712300
2019-10-21,99.51208279052793,99.94237495535259,97.82603427958291,98.30901336669922,2827300
2019-10-22,98.58258128182017,100.18870668973663,98.49433396480384,99.2532730102539,3574700
2019-10-23,98.8032214087243,99.07679016246101,97.74423994090996,98.4061050415039,2181200
2019-10-24,98.54727858658018,99.65038685427139,97.47947059139572,97.84129333496094,2084800
2019-10-25,97.594221017868,99.32390123094275,97.3824260514501,98.46788787841797,2260000
2019-10-28,98.81202755830594,99.27091763658349,97.98248798402277,98.52080535888672,2489300
2019-10-29,98.19429268136354,98.41491435756514,96.37637222397082,96.65876770019531,3034800
2019-10-30,96.96762712985304,98.36195760171178,96.35871594196526,98.20310974121094,3064900
2019-10-31,99.13855817519004,99.71217590874852,97.77953450629586,98.49434661865234,3413100
2019-11-01,98.7679120097785,99.69452575819429,97.20591347904146,99.67687225341797,2801800
2019-11-04,99.77392487062626,100.28576867361666,98.58256940237047,99.38563537597656,2518000
2019-11-05,99.42095683402717,99.50037740684624,97.98249917535891,99.01500701904297,2360400
2019-11-06,99.72100129185756,100.43581339439676,98.32667063136427,99.42977905273438,3229200
2019-11-07,100.11810084059563,100.74467224375648,98.94439879404584,99.36798858642578,2656300
2019-11-08,99.49155751084592,100.66526654199033,99.06796762760752,100.6034927368164,2792400
2019-11-11,99.91514027621109,101.03589536695644,99.47389694818179,101.00059509277344,2936700
2019-11-12,100.93883419761858,101.96252208125148,100.77116628986747,100.8858871459961,4174600
2019-11-13,99.69453151252196,100.96531461619227,98.78557121641768,99.58863067626953,4252300
2019-11-14,100.17986941604597,101.34475138369169,99.45623071997572,101.08000946044922,2852400
2019-11-15,101.59185786,102.10369496118903,100.16222717170108,101.9448471069336,3623200
2019-11-18,102.13901550553994,103.07445604753238,101.50362396240234,101.50362396240234,5506900
2019-11-19,101.5918680199963,101.5918680199963,99.61509302871576,100.07398986816406,7154000
2019-11-20,104.38052237573598,106.9750353431612,103.21564023925019,103.98340606689453,16114700
2019-11-21,105.00708498930575,105.01591174103349,102.96854297472353,103.26858520507812,5747800
2019-11-22,103.33037564191355,104.3099365234375,103.03033336323988,104.3099365234375,4473300
2019-11-25,104.85705610682578,105.14827829671916,102.97736209838722,103.25093078613281,4468900
2019-11-26,103.74513712178067,104.43347568926528,103.20681968149874,103.93928527832031,4752300
2019-11-27,104.18637166946768,104.98061100046351,103.86867593706934,104.53936767578125,2946000
2019-11-29,104.53055525358334,104.7953039778211,103.33037270729439,103.52452087402344,1596000
2019-12-02,103.78043904313105,104.03636100509401,102.33316133142567,102.36846160888672,3324300
2019-12-03,101.30947359880167,101.71541666382795,100.25931229466127,101.08885192871094,5091700
2019-12-04,101.48597888945328,103.65689554297384,101.37125803279186,101.89192199707031,4147400
2019-12-05,102.34198727965492,102.61555601177857,101.45067379607733,101.99781799316406,2651200
2019-12-06,102.52729986123148,103.53333410944192,102.39492551639562,102.61554718017578,2463100
2019-12-09,102.65966945210359,104.42464268061252,102.4919948408869,104.0186996459961,2589500
2019-12-10,103.93929731583715,104.009897877817,102.70381441255041,102.79206848144531,2561600
2019-12-11,102.10370190755914,103.8422016716186,101.68893884091098,103.83338165283203,3611200
2019-12-12,103.84221959912857,104.83060723380173,103.42744972803501,104.3099365234375,2533200
2019-12-13,103.84221091883391,104.6717505916788,103.09209855201257,104.57467651367188,3118900
2019-12-16,105.4306919491617,106.93091671465352,105.26301731398291,105.96900939941406,3749100
2019-12-17,106.507318489399,107.18683026369577,105.21888875753571,105.29830932617188,3533900
2019-12-18,105.59838079184064,106.06609774990994,105.25420472257791,105.28950500488281,3309500
2019-12-19,105.30714668005164,106.40142837718764,104.92767710396194,106.08373260498047,4501900
2019-12-20,105.66014862060547,106.14551232592764,105.28067902336231,105.66014862060547,5996100
2019-12-23,105.92487925563461,106.41024964170617,105.28948774399157,105.53658294677734,3190300
2019-12-24,105.53659430470094,106.01313798971918,105.36009963595643,105.69544219970703,1126000
2019-12-26,105.83664328929717,106.16316583250084,105.43952691832084,105.66014862060547,1714200
2019-12-27,105.77485689019785,106.4984957182336,105.56306196641255,106.10137939453125,2419700
2019-12-30,106.38377876860078,106.56027342274903,104.96297458433696,105.94253540039062,2327900
2019-12-31,105.51893273605434,105.74838115952306,104.52172520507115,105.68660736083984,2651300
2020-01-02,105.94252814118204,106.3043441772461,105.24536285923921,106.3043441772461,2788800
2020-01-03,104.75998994301312,105.7395506680909,104.17755225214569,105.54540252685547,2774200
2020-01-06,104.70707322484778,106.24259856315177,104.39820415289594,106.2072982788086,3635400
2020-01-07,106.3308386434912,106.48086652491062,105.20125655304113,105.5718994140625,4191100
2020-01-08,106.03077464123834,108.30759186344719,105.52775750915396,107.24860382080078,4030100
2020-01-09,107.28391529401325,108.43997079672228,107.2221414900404,107.70751190185547,2932400
2020-01-10,107.3986294194777,107.62807784821648,106.71911761835497,106.78089141845703,2391100
2020-01-13,106.75441928315101,107.40745756884434,106.51614409905848,106.82501983642578,3817200
2020-01-14,106.6485207672071,107.38098637443682,105.56306585162334,105.9601821899414,3823400
2020-01-15,105.85425432018538,106.06605593050632,105.1923894368174,105.47478485107422,3673700
2020-01-16,105.84545208698124,105.94252615814605,104.91001164965111,105.25418090820312,3781000
2020-01-17,105.6777881489989,108.09579995506276,105.52776701761252,107.9810791015625,5913800
2020-01-21,107.41373237144991,107.92788738009318,106.5184011731887,107.20098114013672,3477800
2020-01-22,107.4403168443529,108.9473220840984,106.99708120264644,108.06971740722656,4843500
2020-01-23,107.46689616709826,109.16005247860137,107.30733109598779,108.77886962890625,3365200
2020-01-24,108.66365047889198,108.92072796015074,105.91559087989422,106.5804443359375,3670600
2020-01-27,104.82522956507546,107.13892016249693,104.82522956507546,106.16380310058594,3497400
2020-01-28,106.4297540106449,107.86584011193895,105.68512128176357,107.39601135253906,3228600
2020-01-29,107.61761568744534,108.51295358179601,106.69568473657995,106.74887084960938,2566900
2020-01-30,105.95992520360534,106.70456469539194,105.10891347244927,106.12835693359375,3471800
2020-01-31,105.9067319134119,106.08402347585071,102.91045446022297,103.04342651367188,4370300
2020-02-03,103.7171362594364,105.68510351673368,103.46892539153204,103.87670135498047,3979400
2020-02-04,105.32165866452077,106.65136568617834,104.88728959781973,105.80035400390625,4119600
2020-02-05,106.83751309366163,108.45975711981907,106.31449829752549,108.26473236083984,3215300
2020-02-06,108.5395599657682,108.92074293684222,107.70627468871336,107.71514129638672,2469100
2020-02-07,107.83922845694407,108.11403237904,107.07686264412422,107.68852996826172,2068800
2020-02-10,107.17438428657152,107.98993628042639,106.78433474027595,107.44918823242188,2975800
2020-02-11,107.53781429843833,109.20438440837835,107.40484903497565,109.06254577636719,2316300
2020-02-12,109.83379251678006,110.98620111834727,109.58558164146525,110.83550262451172,2727500
2020-02-13,110.13519751648695,111.04826191563471,109.89585323023292,110.60502624511719,2532100
2020-02-14,110.94188436291913,111.30533407842952,110.35681005953847,111.18122863769531,2774700
2020-02-18,110.48978925900464,111.61561166841888,108.87641166178618,109.2398681640625,3430000
2020-02-19,109.62991001330533,110.34795640438035,109.17781449523696,109.426025390625,3170500
2020-02-20,109.71853861389924,112.34249934542788,109.044825364273,112.2006607055664,4696000
2020-02-21,111.47377454179795,111.87268395215857,110.29476599901332,111.08372497558594,3861600
2020-02-24,108.43317801930918,110.29476654900802,108.15837405805664,108.9561996459961,5399600
2020-02-25,110.26814813146036,110.26814813146036,105.06455993652344,105.06455993652344,6522600
2020-02-26,106.64250164371232,106.77546693005151,99.24932737748126,100.43720245361328,12739800
2020-02-27,97.60047568654048,99.7634675326625,95.3222450216412,95.40203094482422,8830100
2020-02-28,92.25506659387948,95.00312623171561,91.2444898674703,94.47124481201172,9987300
2020-03-02,95.0297381776839,98.55789757808306,93.15928284872271,98.43379211425781,8794000
2020-03-03,98.67311709157981,100.19784879197141,94.985400043338,96.23532104492188,8337500
2020-03-04,98.14122454701278,100.65880624128299,97.12178132676152,100.4283218383789,5206700
2020-03-05,97.7600475325669,98.61105911370673,94.7460439556724,95.31338500976562,6619100
2020-03-06,92.1487073322081,94.01030284456839,90.57078918520918,93.35430908203125,7886900
2020-03-09,86.71463407887948,88.48757691979974,82.57481416850837,83.5233383178711,8188200
2020-03-10,87.09581726242617,92.31713339999993,84.2591114156636,92.21075439453125,9289500
2020-03-11,88.93968282914375,91.58136398136607,86.66145145710053,87.89364624023438,6205500
2020-03-12,80.85504318809434,84.12612431690522,78.9934548861063,79.71149444580078,9903400
2020-03-13,83.02690536973662,85.59766673426591,78.34633121529237,85.53561401367188,10007100
2020-03-16,75.83764609146564,77.65490876574344,63.0990470996064,64.34896850585938,14770800
2020-03-17,65.19996850277946,67.0349638706019,56.95578249474271,65.4127197265625,15323900
2020-03-18,60.73216475324502,62.15938441857601,54.074761851288756,57.63837432861328,11133900
2020-03-19,57.097615797936584,64.89855864969553,53.18827438433344,61.937747955322266,12141200
2020-03-20,64.04753974447738,64.69466665128438,58.09045261276914,58.82622528076172,11541400
2020-03-23,57.815651597124756,61.2640239555348,55.89200737291208,60.10274887084961,9594400
2020-03-24,64.49964345232976,68.7812940122158,63.87024974073772,68.52422332763672,9004100
2020-03-25,71.01520859515524,77.11412803546341,69.42842433060405,74.21537017822266,9907500
2020-03-26,76.30744388404801,80.6156945341665,76.19219829751403,78.10697937011719,10103600
2020-03-27,74.53448772189965,79.53418391724404,73.93168713563358,77.10525512695312,6885800
2020-03-30,77.47758745381898,79.37463535963066,75.73123803509543,78.63886260986328,5717100
2020-03-31,78.07151440051635,78.84274674062796,75.81987685378009,76.28084564208984,5523700
2020-04-01,71.57368670327949,74.39266554376714,70.10214794779566,71.2900161743164,8115400
2020-04-02,70.78473747364069,73.81646793294162,70.2528560048012,73.45301818847656,8246500
2020-04-03,72.80589770852127,74.67635300791896,71.9371594754754,72.86795043945312,6448500
2020-04-06,77.202797656005,79.22395830391301,74.46360403947965,78.69207000732422,9422300
2020-04-07,84.17929186737159,85.26078765324203,80.44724947994554,80.63340759277344,7854900
2020-04-08,81.06780435843187,84.01088904636674,80.30543843656561,83.6385726928711,4715600
2020-04-09,85.49128743427742,87.2287702304167,84.01087534273353,84.48957061767578,6543100
2020-04-13,84.56051395983968,84.95942342065521,82.47730733390398,84.39208221435547,5489700
2020-04-14,86.7323605652554,88.487576954276,85.82816269185949,87.82272338867188,5655000
2020-04-15,84.11725395643438,85.01259178693613,82.05177438005697,83.62969207763672,7379600
2020-04-16,83.32829703070972,85.17215884350274,81.36919639083169,81.94540405273438,9034700
2020-04-17,85.54448876023594,87.46813004493102,84.51617870598571,86.07637023925781,7136000
2020-04-20,84.43641136464633,86.70577626700761,83.798150795047,84.33003234863281,5271900
2020-04-21,82.10987551042908,83.5453946215672,81.57490100748993,82.58244323730469,5541500
2020-04-22,83.63455487193849,85.62287783538385,83.06391454858984,84.65991973876953,4770900
2020-04-23,84.9363348720724,86.18461322349852,84.54401706953482,84.61534881591797,4096200
2020-04-24,85.65855925262646,88.85950198735853,85.34649133205744,88.0481185913086,5432100
2020-04-27,88.5563100997736,91.81074695019198,88.54739193343845,90.91912078857422,5336500
2020-04-28,94.021986415192,95.0206102755208,91.32927810257172,92.3011474609375,5588400
2020-04-29,95.163271238493,96.11731103968305,93.78124785054621,94.65504455566406,5205500
2020-04-30,93.36219179666065,95.15436261697607,92.25657705693263,93.39785766601562,4814100
2020-05-01,91.39171047214384,93.34437456051738,91.22229927103163,93.13929748535156,3811100
2020-05-04,92.20307679760145,95.74282741187916,91.6859319230473,95.71607971191406,4088100
2020-05-05,97.12486876426918,99.58575965309211,97.08028472106542,98.21265411376953,5237000
2020-05-06,98.33745444992032,99.44306903360165,97.14267180415224,97.74006652832031,4435200
2020-05-07,99.1042755564042,100.86969201604184,99.03294381190562,99.79082489013672,3206700
2020-05-08,101.44030982873409,102.20710890530134,99.95129570664784,101.8504638671875,3951300
2020-05-11,100.842944251908,102.3141291691018,100.37038334938559,101.10151672363281,3863700
2020-05-12,102.37655673927591,102.58163383197684,99.13103675115775,99.18453216552734,3685200
2020-05-13,99.76406915293522,101.10150864302112,97.01785843400894,98.46229553222656,6643300
2020-05-14,95.62692944755553,98.45338344523024,94.6907190256426,98.4266357421875,6097900
2020-05-15,96.92869646623788,101.78806399355129,96.67012401703532,101.4492416381836,8950400
2020-05-18,105.21189879630994,105.56855066121791,103.82987537075473,104.07953643798828,7729700
2020-05-19,103.42862854014963,105.74685506070848,102.93823145966508,104.204345703125,7041000
2020-05-20,109.32229768522694,109.39362941955845,103.00066388339538,104.31135559082031,19289700
2020-05-21,106.01437556612781,108.10969615164586,104.32028412158817,107.56580352783203,9727900
2020-05-22,107.88680961624489,109.25991528221465,106.16597014943667,109.0013427734375,6064700
2020-05-26,111.39979164034327,112.2022498649856,109.97318412415959,110.19609069824219,7684000
2020-05-27,111.72968905171618,114.53832004912874,109.9018592252014,114.13707733154297,7615500
2020-05-28,114.93063595113907,117.15970192075106,112.9779787875062,114.23516845703125,7994100
2020-05-29,114.21731378359527,116.38395876967954,113.85174380157882,116.22347259521484,7402000
2020-06-01,115.81336529291094,116.03627191743384,114.39568242617908,115.30514526367188,5136200
2020-06-02,116.94571520430534,118.10483217907496,116.10758425939287,117.67684173583984,6023200
2020-06-03,118.14049957717853,118.93404653956684,117.10620967413735,118.44364929199219,4585200
2020-06-04,117.11514412593456,117.57878010195492,114.06577638042836,114.73448944091797,7448700
2020-06-05,116.11652050302949,117.15081055473705,114.53835132281883,116.77632904052734,5550400
2020-06-08,116.01838937094776,117.01701990257762,115.40316515546975,116.63361358642578,4951600
2020-06-09,115.51912831131266,117.18646552923917,115.20706719629553,115.5280532836914,4472600
2020-06-10,116.18782900984242,117.01704860084936,114.99305295046413,116.00059509277344,3708400
2020-06-11,113.44160690124635,114.85037115811856,109.89293155447095,110.5081558227539,5998600
2020-06-12,113.0225420227438,114.47589031847355,110.08909093041557,112.38948822021484,4463100
2020-06-15,110.02669958168178,114.1014319746579,109.75029077077592,113.88744354248047,5063000
2020-06-16,117.55200694404776,117.82840891744479,114.66314646840137,117.46285247802734,5023900
2020-06-17,118.8448956460065,121.95667717148599,118.70224573937506,120.94913482666016,7238800
2020-06-18,120.56573375125755,121.29686039041042,118.86272390869775,119.96834564208984,3898100
2020-06-19,122.41135885157524,122.41135885157524,118.0067367137241,119.32633972167969,6684300
2020-06-22,118.51495835043944,120.38737889905762,118.39013122087403,120.11988830566406,3449200
2020-06-23,121.60892472534023,121.89425170515273,119.62951301959357,119.72759246826172,3384200
2020-06-24,118.82704734496896,119.87915990636061,114.99305132310253,117.67684173583984,4150100
2020-06-25,117.11511972258816,117.7035827395557,115.59934413138325,117.4896011352539,4022800
2020-06-26,117.8016681185389,118.44364017410082,114.95737790670115,115.38536834716797,5710700
2020-06-29,116.2413260339839,119.06778000717213,115.29620425429091,119.04995727539062,3328000
2020-06-30,119.74542829693647,121.20769504941363,118.7022270410661,120.47655487060547,4462400
2020-07-01,120.72618296140125,121.51972974126579,120.14663136902261,120.93126678466797,4802300
2020-07-02,122.36681181284376,123.20492919901315,120.4676432306293,121.00262451171875,3522900
2020-07-06,122.52725991367153,123.26731122670846,120.60134422710324,121.04715728759766,3698700
2020-07-07,119.93265200396077,121.93881123397395,119.78107716142078,120.38739013671875,2991700
2020-07-08,120.96692205725226,121.58214629750739,119.85238933364104,121.03825378417969,2753700
2020-07-09,121.55542422095778,122.0993168489225,119.5225171930231,120.9134521484375,3397700
2020-07-10,121.49300785544717,122.72345663591945,120.20907727316114,122.53620910644531,3252200
2020-07-13,123.44567162189163,125.53207412020056,121.17202159443953,121.7515869140625,4227000
2020-07-14,121.34142965503273,124.97926688405386,121.08286399351012,124.88118743896484,4360700
2020-07-15,126.8605880032729,126.91408340408303,124.0430456494138,125.91546630859375,3496200
2020-07-16,125.91548338907097,129.23233474060672,125.57666099779537,127.27967071533203,4124800
2020-07-17,128.65276002355253,128.95592332238306,126.51286222613494,128.74192810058594,3898800
2020-07-20,127.79685732365824,129.0273065308146,127.41345076564328,128.48341369628906,2769000
2020-07-21,128.84134597186608,130.60458052707676,128.44752514530455,129.78114318847656,2628300
2020-07-22,129.92438092118215,133.49559198486753,129.92438092118215,132.94961547851562,4613000
2020-07-23,133.6298553909194,133.94311208892995,130.13918125301078,131.1237335205078,3664800
2020-07-24,131.38328363651686,132.12617055644284,130.13917509766856,131.5980987548828,3740100
2020-07-27,131.77708987795,133.74618044368108,131.77708987795,133.46871948242188,2791100
2020-07-28,133.62984028955907,134.0594568407957,131.95610162396147,132.20672607421875,3571600
2020-07-29,132.50208562992944,134.08631467823574,132.46628993914234,133.10177612304688,2732600
2020-07-30,132.34995114396278,134.16688661521457,131.48175868836756,133.5403594970703,2574600
2020-07-31,133.78201388983868,134.1847803144621,131.22219159603915,133.28079223632812,3928300
2020-08-03,134.16690228930256,135.464725198044,133.80889065347156,134.49807739257812,3136700
2020-08-04,134.03260356825464,134.91870048842597,133.16441132067385,133.96099853515625,2381400
2020-08-05,134.2026682224944,134.66809412428884,133.10176982413324,134.48907470703125,3039700
2020-08-06,134.48016039541446,136.2613002151047,133.93418382355836,135.32150268554688,2449900
2020-08-07,136.00168108861806,137.9439213312178,135.7779205031951,136.74456787109375,2904700
2020-08-10,137.1473617478418,138.4720345129161,136.9594104663919,137.5859375,3065300
2020-08-11,138.7852717035157,139.10748751228476,136.82512667160907,137.7201690673828,3723000
2020-08-12,139.74296953785023,141.39878972727487,138.33774646207326,140.19049072265625,3791200
2020-08-13,139.94888579323666,140.65596356086814,138.85693253896883,139.358154296875,2272300
2020-08-14,139.24176597181304,139.6982327226294,137.75599216870413,138.14085388183594,3404900
2020-08-17,140.7543842954854,142.061152407249,139.49238469924038,141.78369140625,5159600
2020-08-18,143.0278116250534,143.74384844358352,140.52168958883115,141.336181640625,5741400
2020-08-19,144.1018135670572,145.79344300611913,139.8593080522575,141.66729736328125,9727100
2020-08-20,140.14572171601398,142.45493243522145,140.07411669480663,141.93580627441406,4288500
2020-08-21,142.39231066683828,145.0684927076871,141.83738867695413,144.74627685546875,4568800
2020-08-24,146.50946548999994,148.26374062082994,145.9008296690156,148.245849609375,4872700
2020-08-25,148.9261184479867,149.85695662265988,147.11812880528305,148.5054473876953,3490900
2020-08-26,150.0628545193711,152.60477237681857,149.49897327750665,152.50631713867188,5319000
2020-08-27,152.78375891104628,153.33869457302097,147.98633034833037,148.85452270507812,4425000
2020-08-28,148.64865427143468,149.37363648314366,146.86751484892602,148.1384735107422,3291400
2020-08-31,148.3711731268229,148.90819033864076,146.50052424912636,147.40452575683594,3421300
2020-09-01,147.1539392796912,150.04492270269984,146.88542380083496,150.0001678466797,4284400
2020-09-02,150.24184364935667,152.90012112711668,149.11409494801762,152.59580993652344,4262700
2020-09-03,151.88868541610958,152.58681736274542,143.52899307040988,144.56724548339844,5734400
2020-09-04,145.829280449564,146.04409558456314,137.33533513830267,139.9757080078125,6303800
2020-09-08,137.78287238174352,140.39639536918045,135.94803215579222,137.60386657714844,4892800
2020-09-09,139.52816365962974,144.2718912630523,138.82108615017364,142.78611755371094,4382600
2020-09-10,143.2873363780016,145.82925354889554,140.5753589637621,141.71206665039062,4129200
2020-09-11,143.520077985747,145.52496455193318,142.70558598960113,144.8984375,4870800
2020-09-14,146.04409152038005,148.39805780164963,145.89193592546462,147.85208129882812,3583300
2020-09-15,149.86594792226168,152.04985423785044,149.132006372122,151.2890625,3998100
2020-09-16,152.48836921636607,153.69668191846858,148.67549351151402,149.2125244140625,3814700
2020-09-17,145.99035015311904,148.50541683188453,144.92524763056446,146.59002685546875,3717800
2020-09-18,144.42405906379207,146.6527198164794,141.8731824632134,143.2963104248047,5484700
2020-09-21,141.37194201165576,142.86666115607633,138.91057545234239,142.84877014160156,3929500
2020-09-22,143.2336478094425,144.80891766672943,142.88458178651612,144.5941162109375,3526300
2020-09-23,145.39070669367706,145.8113777635976,141.20190066860556,141.9626922607422,3245500
2020-09-24,142.10590173857972,143.96759177993465,140.3516124270433,141.88214111328125,3888600
2020-09-25,141.32721817680678,143.38581884601388,140.16367374649778,142.80404663085938,2828600
2020-09-28,144.6299056734854,145.98142850854828,143.66325819225142,145.5249481201172,2815700
2020-09-29,146.32156737426172,146.76014318571,145.18487305150026,145.2296142578125,2212000
2020-09-30,145.87403989580906,150.0270370354926,145.42651859344116,148.45176696777344,4198600
2020-10-01,149.7764231789904,150.61776539564175,148.01318819062948,149.624267578125,2677200
2020-10-02,147.20763539562824,149.8838172841295,146.8317191989842,149.015625,2026600
2020-10-05,150.4655869101438,151.23532396391704,149.48103475162083,150.85044860839844,2437400
2020-10-06,150.79673915013996,151.24426034842514,147.1628692052264,147.6730499267578,2765600
2020-10-07,150.11651421249485,151.98714957308113,149.14986677008457,150.7877960205078,2587400
2020-10-08,151.70073340749903,153.59821882654714,150.58193046565228,152.93588256835938,3105700
2020-10-09,153.38340788714433,156.63241608832922,153.38340788714433,155.04818725585938,4593700
2020-10-12,156.48921759290255,156.48921759290255,154.27846166418271,154.60067749023438,3377900
2020-10-13,154.7170544956347,157.47378716634722,154.51119853482376,156.9278106689453,2987800
2020-10-14,156.73983011123397,157.4379621324926,153.24022449701948,155.38832092285156,3474800
2020-10-15,153.55348618636665,157.88548852600604,153.06121008930208,157.66172790527344,3631600
2020-10-16,158.23454983509617,161.70731893575527,158.1808494728821,159.04904174804688,3879100
2020-10-19,159.52341806104016,161.0270965355772,156.4713335708529,156.74879455566406,4073200
2020-10-20,157.6199518429195,161.00586575672517,156.73080871951925,159.04795837402344,3603800
2020-10-21,159.00303399661706,161.3112071633651,156.56016212148342,156.72181701660156,3431800
2020-10-22,157.1170107928397,157.3954256155195,153.31796954954248,153.80294799804688,3266800
2020-10-23,153.99159541968774,154.62925267281196,151.97980254593125,154.60231018066406,2963100
2020-10-26,152.65336043486468,153.78498598182352,148.96208903371408,151.00082397460938,4380800
2020-10-27,151.8270796534004,152.18632191359612,148.1986697860402,148.3154296875,4425700
2020-10-28,144.85768161322002,147.71370862102265,143.17820260906836,144.9744415283203,4947700
2020-10-29,145.72886670774506,147.33650830443977,144.27391748740678,144.37271118164062,3697800
2020-10-30,143.5823526052513,144.32779339595214,139.90007106946769,141.99269104003906,3948900
2020-11-02,143.60034330645692,146.13304717430591,142.0286339953956,143.90570068359375,2978900
2020-11-03,145.82765490242093,148.61183075912774,144.86667418949307,147.8753662109375,2908200
2020-11-04,148.55792140132613,153.97357985530198,148.4142190197693,151.08163452148438,5006500
2020-11-05,153.95563139013694,155.87760642646336,151.24330686829555,152.0067138671875,4088100
2020-11-06,152.14144059186916,152.2402342868388,150.38113401413955,151.35110473632812,2672900
2020-11-09,152.23124086225238,152.90483042358977,137.34939557574836,137.81642150878906,10765200
2020-11-10,139.74739771447207,141.31011685177555,137.42125782701282,139.84619140625,5925100
2020-11-11,141.57958469476662,143.35785781001508,141.00478865225102,141.9029083251953,4551700
2020-11-12,143.0524609476896,143.69910803016253,140.68142621336054,141.88490295410156,3893900
2020-11-13,142.28905481524623,143.68114267355162,141.68731644123602,143.00755310058594,4036000
2020-11-16,142.86386686424765,145.49535026320706,142.49563460234765,145.40553283691406,5005400
2020-11-17,143.51947928782832,145.0462794889747,140.60956757075533,143.5733642578125,5642100
2020-11-18,135.05020300169792,138.58879545243533,131.77207283822338,131.7900390625,18087800
2020-11-19,133.45154853895286,135.84054925620546,132.92166142094817,134.35865783691406,9393700
2020-11-20,134.11619629793518,135.58013557436539,133.72102149662516,134.65505981445312,6005800
2020-11-23,134.96936840596348,138.43610948034228,134.81668976822664,138.0139923095703,6978500
2020-11-24,138.71455769409127,140.10664569666423,138.04995801725428,139.172607421875,7190200
2020-11-25,139.50487421569028,140.5197534224216,138.31935014720275,139.10072326660156,5228300
2020-11-27,139.82824096909883,141.33707530021698,138.36430165404556,138.9121551513672,2081300
2020-11-30,138.72353382803357,139.98089555415186,135.9663005871824,139.94497680664062,7292400
2020-12-01,139.94496047041633,140.80714735219019,137.16078506788372,137.77149963378906,6103700
2020-12-02,136.8734083419866,137.4122855316403,135.11310177032144,136.34352111816406,5133100
2020-12-03,136.50522514323634,137.54703363350515,135.93940531784312,136.4872589111328,4870100
2020-12-04,136.28966603597004,136.87343836596855,134.56527783672635,134.71795654296875,4709100
2020-12-07,134.81670386979368,137.03505988721815,134.09820560795086,136.5051727294922,7306800
2020-12-08,137.106916702651,137.43921650938293,135.13105667977067,135.8315887451172,6737300
2020-12-09,143.2500525524381,144.57926550383218,141.20234129880942,143.8158721923828,11093300
2020-12-10,143.2411354000697,145.00144257751137,141.90293193124916,143.89675903320312,6647400
2020-12-11,143.49254103470665,143.79789834309867,141.43583992489346,141.7412109375,5292600
2020-12-14,142.59442721049263,145.8905239081173,142.23517121225453,143.77993774414062,4654000
2020-12-15,144.71397477210584,147.5520214935146,144.5433299034962,146.68983459472656,4764700
2020-12-16,147.3993271487822,149.25844057713093,146.0072532725352,146.57305908203125,4443500
2020-12-17,147.86640072217176,148.55795660610997,146.46533643050645,146.8784637451172,4471500
2020-12-18,146.51917411962327,148.47708121379074,145.39652505541622,146.57305908203125,11916900
2020-12-21,145.5132981932664,148.9620731435304,144.83970869340797,147.58795166015625,5153100
2020-12-22,147.30957502544285,148.96211173756723,146.95031897657864,147.83946228027344,3274200
2020-12-23,148.18971974855452,148.7555394274891,145.76479980260325,145.8815460205078,3613700
2020-12-24,145.88151865588162,146.5730743888326,145.5851513316877,146.1868896484375,1044600
2020-12-28,146.61798041763544,147.1388912728132,145.14506526666204,145.53125,2635000
2020-12-29,146.34859953158863,146.6629469021706,143.23212313678326,144.1841278076172,3326100
2020-12-30,144.23798933717237,145.2169362499196,143.86076710797786,144.20205688476562,3227000
2020-12-31,144.24698296495905,144.47151285478034,143.0345160782373,144.15716552734375,2335300
2021-01-04,144.39068661516703,144.93854009917305,141.12153193965048,144.04042053222656,7243400
2021-01-05,143.1961775807558,145.56721255080427,142.90877275809964,144.525390625,3911900
2021-01-06,142.23518706486345,148.32443644546268,141.90288722064543,146.45635986328125,4937000
2021-01-07,146.7976081230492,148.0459934977978,146.20484605049444,147.0311279296875,4144100
2021-01-08,147.05809998213584,149.31237511806955,146.42940533405476,148.23463439941406,4971200
2021-01-11,148.10895285464417,150.34526258748005,147.5610991791026,149.37530517578125,3005200
2021-01-12,149.34829018947042,152.8958732862631,148.3334244423214,151.77322387695312,4036900
2021-01-13,152.7970722531321,154.1981364560006,151.97978023338683,152.5276336669922,3291800
2021-01-14,152.99469037412499,154.9974933893661,152.653400516165,153.03060913085938,4090900
2021-01-15,151.3241567562457,154.48552747212923,150.88407327567398,153.8837890625,3727200
2021-01-19,155.8305388409089,156.65070290117256,153.79366102593,153.9018096923828,4683100
2021-01-20,154.33443397836635,156.86701613659028,152.9013953663558,155.3708953857422,3899800
2021-01-21,156.4524460698033,157.78634401269227,155.25374773386466,155.3258514404297,5322600
2021-01-22,154.9202677089851,156.9301085160533,154.1451701159975,155.37991333007812,3612300
2021-01-25,155.83957390634126,157.85842253444906,154.51469761795806,156.91209411621094,4764100
2021-01-26,157.08329340871433,157.63307198778648,155.92065411978965,156.55154418945312,2496200
2021-01-27,154.15414340319845,154.8931958564912,150.5490416853724,151.1529083251953,4762700
2021-01-28,152.21645301383364,156.57862411819812,151.19800706811964,155.3258514404297,3816600
2021-01-29,154.61381498113658,154.8391338564363,150.06237094960787,150.37782287597656,4400500
2021-02-01,150.62116201820993,151.58553343545904,146.13281373408225,147.2413787841797,3898500
2021-02-02,147.70105878251175,151.2250361427194,147.3044952938234,150.20660400390625,3181900
2021-02-03,149.84612138451232,153.41517988526445,149.710935504793,153.10874938964844,2996500
2021-02-04,153.69453428145258,156.04686425948452,153.04561471838343,155.94772338867188,2679800
2021-02-05,157.43480745399876,157.9034745935841,156.09191567764887,157.75025939941406,2562700
2021-02-08,158.60649566624335,161.51762611255919,158.18289498216336,161.4815673828125,3421800
2021-02-09,161.17508645681175,161.7428943772716,159.86823983654594,160.22874450683594,2723800
2021-02-10,161.3283206783704,161.3283206783704,157.84939656504358,159.74208068847656,2837900
2021-02-11,159.51679602821906,160.10261975039012,157.61510369229862,158.3811798095703,2783900
2021-02-12,158.41718014273002,160.12959789350214,158.0927204502039,159.66995239257812,2035500
2021-02-16,158.8678319321665,159.79614457183004,156.75883686749282,156.87600708007812,2947700
2021-02-17,156.68677657570348,159.94939001383108,156.37132459861795,159.64295959472656,2244100
2021-02-18,158.58842466828145,160.47208694460502,158.03864612684475,159.66995239257812,2758700
2021-02-19,159.9854292624387,161.41846794025392,159.3275019149981,160.01246643066406,2842000
2021-02-22,158.82277355333684,159.06612179488968,155.199642105001,155.388916015625,3767700
2021-02-23,153.89283436063238,154.03704178124786,148.71049879651153,151.94607543945312,5149500
2021-02-24,152.00914685295814,152.86535592730698,144.30323767906978,146.28604125976562,9972300
2021-02-25,147.34956520858353,147.35857301448766,142.35649026260336,142.87022399902344,6639300
2021-02-26,144.5105243201786,146.38517919143862,143.41998856122925,143.97877502441406,6030400
2021-03-01,144.88901786100777,147.3585172290326,144.88901786100777,145.95252990722656,3361100
2021-03-02,146.39414185129561,148.5211521307984,146.36710469221308,146.95294189453125,4330900
2021-03-03,146.17790141428583,146.75471728626923,142.6088437516305,142.6629180908203,5238500
2021-03-04,141.65348873733313,142.65390523404804,135.94841236443173,138.5891571044922,7792700
2021-03-05,139.65265106928842,143.3839314924998,136.15571110292498,142.92428588867188,5143100
2021-03-08,143.9697656945005,148.98085570480472,143.56418068274382,146.8358154296875,4613400
2021-03-09,149.37743376914423,152.51386923480382,148.71048482573735,149.60275268554688,4585200
2021-03-10,150.51301956170158,153.57735098596038,150.02633680697764,151.82888793945312,3394900
2021-03-11,153.95591816432653,156.0378627834697,153.54132530073556,153.892822265625,4989600
2021-03-12,153.2889997300173,154.86623248307194,152.52290974901092,154.61387634277344,3638700
2021-03-15,155.52412103632983,158.00262902717913,155.52412103632983,157.00221252441406,3745200
2021-03-16,156.83996121691354,159.09314989301757,156.794894692917,158.0206298828125,3737200
2021-03-17,157.5519428228448,158.5523590183591,156.71376334268527,157.21847534179688,3119900
2021-03-18,155.8395260591752,159.19227150418016,155.29875534132125,157.60601806640625,3888100
2021-03-19,157.0382320851777,162.72527771088636,157.0382320851777,161.76992797851562,8525100
2021-03-22,161.82404743190745,165.47421660376816,160.73349783274466,163.9330291748047,4700200
2021-03-23,163.35623885723507,165.65449489921923,162.1755697588404,162.59014892578125,3324400
2021-03-24,163.23900113287476,165.96986457976382,162.81540058148798,162.84243774414062,3555400
2021-03-25,161.9682339095869,167.79046621697287,161.79698935600965,166.88919067382812,4543300
2021-03-26,167.49305628292674,172.90973150769656,167.0424184773319,172.69342041015625,4795200
2021-03-29,173.04491206497647,173.86507614668753,169.2505358066738,169.99859619140625,3970900
2021-03-30,168.4393642267395,172.1616361459763,168.26811969500153,171.26036071777344,3547600
2021-03-31,172.13458560773395,173.2070917319649,170.49425785472675,171.404541015625,3564200
2021-04-01,172.32387494058966,172.9367494392604,170.96295386992975,172.43203735351562,3192200
2021-04-05,172.91874492965346,175.4513272789793,172.368966238875,174.6041259765625,3507200
2021-04-06,173.84702602887748,175.72168066938593,173.4865213393988,175.02769470214844,2917700
2021-04-07,174.3968641127885,175.5234588421993,173.65781136915405,174.55007934570312,3276300
2021-04-08,175.09081750055904,175.8478857162599,174.20755749653358,175.0367431640625,2684300
2021-04-09,176.10927853198785,179.0564541267051,175.11788344443627,178.91224670410156,3168500
2021-04-12,178.59680509478804,181.1383955468006,178.59680509478804,180.84097290039062,3647900
2021-04-13,180.8950296253082,181.35467522511306,179.3718716786252,180.0027618408203,2964500
2021-04-14,181.20146040699532,184.02244365654934,180.90403781153933,181.62506103515625,3371900
2021-04-15,180.84096479375305,184.82461551384824,180.8049198165812,184.3739776611328,3656300
2021-04-16,186.1765220425218,188.34858595879385,185.00486091922497,187.69065856933594,6359800
2021-04-19,185.67178339707252,186.825415077259,183.40057876241602,183.86923217773438,3828800
2021-04-20,183.87829267760333,184.40257616695644,181.1755244634229,183.29074096679688,3006200
2021-04-21,184.22176421143465,185.2432003201738,183.69748080141125,184.32119750976562,2716600
2021-04-22,184.29406540053432,185.17088247001402,180.09981225900717,181.9619140625,3713000
2021-04-23,182.40485580082427,182.49525472791626,180.34388715817212,181.62747192382812,3634000
2021-04-26,181.53704699318985,181.6274321075279,179.25009532709217,180.05459594726562,3017000
2021-04-27,180.8500866340042,181.80825449168242,179.59360510059236,179.92807006835938,3453900
2021-04-28,180.5517802788131,180.64216540212573,176.89987923211856,177.2252960205078,4939200
2021-04-29,178.355228557321,180.27156436566793,178.0117291981119,179.37667846679688,3860200
2021-04-30,178.79816479954133,179.2139667546602,176.51121266756894,177.39706420898438,4255500
2021-05-03,179.6568921048098,180.85912604423618,178.86142572854237,180.06365966796875,4629500
2021-05-04,179.61169861464978,181.22974833898823,177.8761468393213,181.05799865722656,4150100
2021-05-05,182.17890265150345,183.58905166738435,179.70213163432084,180.78684997558594,3715300
2021-05-06,181.96192041803144,186.26464137437662,181.17548844388187,186.1561737060547,4525200
2021-05-07,186.26464990810484,189.13916738677904,185.0352990366922,188.37985229492188,3694800
2021-05-10,189.41031743968009,194.5446695462861,188.4792665567935,191.01028442382812,4476900
2021-05-11,188.02733303344502,189.51883262067585,181.88962637212114,185.61383056640625,4449200
2021-05-12,183.67938680243068,184.37541984733718,176.08634668814656,176.7552490234375,5406600
2021-05-13,178.82530733286364,183.27266201362704,178.61740632552534,181.09417724609375,4494000
2021-05-14,182.33254708182648,182.7935484914444,178.27387814756128,179.80152893066406,3743000
2021-05-17,178.6535318189541,179.61169974117158,173.67285998132388,175.48072814941406,5798800
2021-05-18,175.3632399265868,177.1711083794382,173.30227099377154,174.2333221435547,5691500
2021-05-19,171.3316660021942,173.23896753560427,168.47524468286255,172.3983154296875,6797900
2021-05-20,173.33839550070758,176.1677136058286,172.99490992695934,174.82989501953125,4397700
2021-05-21,175.6795791740697,177.05354892907377,172.9496946202856,173.9801788330078,4032700
2021-05-24,174.67622195430184,174.92932238655746,172.2084720504011,172.3440704345703,3396200
2021-05-25,172.8050573179077,174.75755802519882,172.29885649592958,174.4773406982422,4089300
2021-05-26,174.08871121478347,175.58924552935622,174.0254429833197,175.00169372558594,3565600
2021-05-27,175.6705391889688,176.82757366441126,174.9745199044663,175.15530395507812,5126500
2021-05-28,178.07504578302382,178.83434723646263,175.97791171968777,176.11351013183594,3619400
2021-06-01,176.26717180401752,177.26150495701165,173.1395533533699,173.41978454589844,4105600
2021-06-02,173.82654541236965,174.6219981108366,171.8017278855772,172.4435272216797,3997700
2021-06-03,171.74747851120728,172.4977454672248,170.37349482109448,172.01866149902344,3469200
2021-06-04,172.09097255259258,173.00394099726282,170.20173986484158,171.66612243652344,4210500
2021-06-07,171.70226673865582,172.75083352680687,170.42771644234836,171.97344970703125,2913500
2021-06-08,172.79603462829326,174.17905260791173,171.97345134048547,173.01296997070312,3604600
2021-06-09,173.55534288963668,174.0073099284118,172.07289155417195,172.2898406982422,3638900
2021-06-10,172.53388743023544,173.23895488465806,169.35204951030647,170.64466857910156,3905800
2021-06-11,171.63902314268333,173.275141769494,171.11473967342266,172.47967529296875,3127800
2021-06-14,171.8559570162632,172.19945640866715,170.12945326403948,171.44015502929688,3257700
2021-06-15,171.26838278739854,171.4310842931568,168.80968110772244,169.8311309814453,4472600
2021-06-16,169.9396300997402,170.12041418168357,166.84817678180215,168.3125457763672,4175800
2021-06-17,168.58371794727307,170.08425193743116,166.73969836140847,168.89105224609375,4260900
2021-06-18,166.9837187435201,169.84918777888655,166.7667834177749,168.92718505859375,9316900
2021-06-21,169.9124783792469,172.23558163198052,169.65937795777253,170.7350616455078,4539400
2021-06-22,171.67517707690317,174.17003043758427,171.35880839101955,173.30226135253906,3995700
2021-06-23,172.7870189957959,173.70903575346813,172.51584976672302,172.77798461914062,2835900
2021-06-24,174.16999770834983,174.54061396122756,172.58811319736955,173.329345703125,2767800
2021-06-25,173.66379966740354,174.33271580827287,172.832182023396,174.1519317626953,4149500
2021-06-28,174.0886755902433,175.51689321020675,172.99492298680852,174.6491241455078,2510600
2021-06-29,174.49546977550673,177.03553672379766,174.49546977550673,175.54403686523438,2628800
2021-06-30,175.48070757589738,176.5021435919154,175.22760716547364,175.33607482910156,2715900
2021-07-01,175.81517747633885,177.26147751260015,175.22762584513606,177.0083770751953,2456300
2021-07-02,177.52360406828592,177.6411199062363,176.45696853068273,176.908935546875,2553000
2021-07-06,176.9902864474868,177.5145698418609,174.2604018053798,176.04115295410156,2588300
2021-07-07,175.0648763111505,177.58685960975995,174.72137701628725,177.0625762939453,3647100
2021-07-08,174.81177532912344,175.49876012357853,172.79600660613985,174.27845764160156,3993600
2021-07-09,175.52591248179453,177.84902968069972,175.52591248179453,176.56544494628906,2436300
2021-07-12,176.17673123209184,177.55071477527866,175.64341348194517,176.78237915039062,2405600
2021-07-13,177.10777273626204,177.30663930929595,175.12816896586781,175.6162872314453,3191900
2021-07-14,176.42082705366337,176.6287280469099,174.0977234518896,174.22427368164062,2943300
2021-07-15,173.12144659280582,177.10778512042086,173.12144659280582,176.94508361816406,3188000
2021-07-16,178.02078799483394,179.7563398519838,177.00838619306487,177.29763793945312,4920700
2021-07-19,173.5372179561643,175.06486838093562,171.78358406720642,174.36883544921875,5214000
2021-07-20,173.9876146448845,177.37333949311193,173.52469346835636,176.19332885742188,2882400
2021-07-21,176.60183732776272,177.39153067731792,176.02998277787435,177.11923217773438,2112900
2021-07-22,178.00879516398797,178.7803446102066,176.81062621462019,178.60787963867188,3244100
2021-07-23,179.7243092936238,182.8286366102862,179.37030742024248,182.3021697998047,3358100
2021-07-26,178.19031081983215,179.6426341270747,175.9482941588565,179.4883270263672,3422200
2021-07-27,179.43384399420273,179.47015969267466,173.81520156399222,175.64874267578125,4106100
2021-07-28,175.79399426656437,177.3552370382352,174.27813919705252,174.63214111328125,2152500
2021-07-29,175.41273691630914,176.38398096940983,174.24181193351887,175.7485809326172,2532800
2021-07-30,174.82275991110797,177.27354341725996,174.65936695716087,174.90444946289062,2841600
2021-08-02,175.9210697553838,176.29322951881448,173.2342895592966,173.33413696289062,3051700
2021-08-03,173.89685500309082,176.64717995009434,173.79700762859594,176.048095703125,2335100
2021-08-04,175.2402789699239,176.34767230341225,172.29025869718768,172.3719482421875,3162200
2021-08-05,173.34318111325427,174.80457623085752,172.45364047439395,173.07994079589844,2335500
2021-08-06,174.03302003893788,174.82272710914287,172.29932652474437,172.60794067382812,2855000
2021-08-09,172.23575818663352,172.60791782617346,170.50205105154706,170.63821411132812,2296200
2021-08-10,170.7743987874755,173.24333986685096,170.07546704983386,172.21763610839844,2548300
2021-08-11,173.63366003299197,176.73800145001135,173.37043353174516,176.56553649902344,3367300
2021-08-12,176.32951568920421,176.92860005749267,173.17980060638,174.2781219482422,2753600
2021-08-13,174.21455881351463,174.59580435512262,172.24485481697693,172.92562866210938,2400900
2021-08-16,172.40827405090522,175.99368074564748,171.68211240187836,175.62152099609375,3485800
2021-08-17,170.12990227712194,170.51114778855478,165.27372420976593,165.43710327148438,8256400
2021-08-18,171.781911424458,184.91630755659338,171.1011376671616,181.29458618164062,16992700
2021-08-19,180.4050662886277,184.5532548383897,180.1418398332413,183.890625,5378300
2021-08-20,184.03588774218957,189.60915648897355,183.8634227953221,188.99192810058594,4915700
2021-08-23,189.5365459519808,190.15378821358385,186.74083255027898,187.04037475585938,4195200
2021-08-24,187.1311194048472,187.3943458662847,184.12663969314644,184.61679077148438,4110400
2021-08-25,184.63496177130926,187.73928908959638,184.32634759443184,187.14927673339844,2628800
2021-08-26,186.34144083826266,187.87545369934202,185.21590343042243,186.668212890625,3250400
2021-08-27,186.41406243768867,188.37469479444718,185.8512937215454,186.8951416015625,3128100
2021-08-30,189.20976691518658,190.08116364930564,185.97836217476143,186.0691375732422,3986100
2021-08-31,187.32175205888785,187.5214468550902,184.56235446195384,185.07066345214844,4877800
2021-09-01,185.6697231261098,186.11448650813665,182.9466277407854,184.65309143066406,2835000
2021-09-02,184.96172678825917,187.55774504617108,184.89818124522617,187.12203979492188,2655800
2021-09-03,185.98744200544382,187.73930754713967,185.3066680393179,186.96775817871094,2260900
2021-09-07,186.71357715094874,188.11144058571458,185.99650143598797,186.21434020996094,2591900
2021-09-08,185.4882077573534,185.55173945486266,182.90126130054318,185.252197265625,3344800
2021-09-09,185.59711173699753,185.8240363599605,183.799872601237,184.27186584472656,2566100
2021-09-10,185.8785238682389,187.5123841681389,185.31575515119962,185.47006225585938,2505600
2021-09-13,186.73175358196485,188.1114593060777,185.85128484852254,187.0312957763672,3159000
2021-09-14,187.4851254169755,188.2657466704646,185.09787396204428,185.32479858398438,2488600
2021-09-15,185.32483916557842,187.17655224230194,182.88312748276738,186.63192749023438,2956600
2021-09-16,186.67728161951,190.00853353786013,186.67728161951,189.2369842529297,3365500
2021-09-17,188.22035130396097,192.41391371435867,188.22035130396097,189.7362060546875,5835200
2021-09-20,187.4578958162669,189.2188331008926,184.29002310369117,186.32327270507812,3640400
2021-09-21,187.5850047240654,189.0100843901429,186.40499371911062,187.2310028076172,2681200
2021-09-22,188.84669787150756,190.8708618861005,187.6485290626232,189.60916137695312,3169000
2021-09-23,190.6166662399175,192.11436307736543,188.61064665817844,188.78311157226562,3128800
2021-09-24,188.86482408664332,189.52744008035947,187.79373270807574,188.6832733154297,2275800
2021-09-27,188.4654421245679,192.65900472100245,188.34743688861252,191.18853759765625,2886100
2021-09-28,189.79974065237695,190.12651262982777,185.79678739119905,186.46847534179688,4030200
2021-09-29,187.13110576898936,189.1189674842463,186.9132531665028,187.98434448242188,2678300
2021-09-30,187.83003723042663,188.31113016054775,183.60017289819126,184.13571166992188,3828600
2021-10-01,184.9253926859922,186.45033321282304,183.20077125185514,184.89816284179688,3016400
2021-10-04,184.1175679565256,185.70604039658218,182.97387278582184,185.6334228515625,5195600
2021-10-05,186.86786700531923,188.57434444614677,185.31571048233548,185.41555786132812,3482800
2021-10-06,184.1720126007533,186.2506498372155,183.27339998663487,185.1704864501953,3079600
2021-10-07,186.91327112445012,190.26268076369547,186.64095880777379,188.71051025390625,3001100
2021-10-08,186.61372400144205,188.5834280074563,185.57894830587745,187.13111877441406,3042000
2021-10-11,188.90117396326193,192.19612462322337,188.6560914401089,189.5728759765625,3267900
2021-10-12,190.48052257962945,192.18698622324555,190.37158934891173,190.4351348876953,2793600
2021-10-13,191.18853847263057,193.9116339581812,191.16130862580548,192.54100036621094,3275600
2021-10-14,194.5560995423546,196.57119138642827,193.73917640573245,196.47134399414062,3177100
2021-10-15,198.56809519439878,199.68457418853097,197.32455282981414,198.93118286132812,2930500
2021-10-18,198.24134775902257,202.15353994608648,198.12335637174576,201.2730712890625,2786000
2021-10-19,202.10207639779279,203.85116635023005,201.79233085892528,203.06771850585938,2976300
2021-10-20,204.06069907240857,205.2449826953459,202.86731060102557,204.9807891845703,2293700
2021-10-21,204.88968640526565,207.39489572650584,204.52528398185748,207.17625427246094,2883100
2021-10-22,207.23091866728035,209.3990679883687,207.23091866728035,208.40609741210938,2207500
2021-10-25,208.20567526207705,211.51254216547838,207.80483954032383,211.18460083007812,3018500
2021-10-26,212.35973094755005,212.86988036440425,209.98205935072457,210.50132751464844,2801000
2021-10-27,211.00241246707614,214.04511395841698,211.00241246707614,211.13906860351562,2801700
2021-10-28,212.22310663034838,213.78998829963993,210.66531590783444,211.12991333007812,2421700
2021-10-29,210.2372037313534,213.8447119326036,209.982128938395,213.00660705566406,3316300
2021-11-01,214.08152097765813,214.90140209353038,209.7179080067301,211.12081909179688,3861500
2021-11-02,211.64011920869052,213.29810528626868,210.70179152732595,212.2869110107422,2167300
2021-11-03,212.15933994583858,213.7899973166518,211.42144416740513,213.44383239746094,2629100
2021-11-04,214.0815066273507,217.66167153401327,214.02684974336043,216.61404418945312,2508800
2021-11-05,217.72542438629756,217.97139423904932,214.12703626127407,214.5734100341797,2356500
2021-11-08,215.49350977166495,216.88731574352497,212.40527110256926,213.89016723632812,2797200
2021-11-09,214.13617414953552,216.1494575132195,212.29598019410642,213.0885467529297,2307500
2021-11-10,211.9133558468411,214.79207218499835,210.71996755426153,211.84959411621094,2402900
2021-11-11,213.46204597466934,213.83553931993688,210.71086694299674,211.64007568359375,1921300
2021-11-12,213.56226688014203,215.64843090056576,211.40323627171034,215.28404235839844,2462900
2021-11-15,215.0836062135628,216.0401295306055,213.47115855539798,214.00863647460938,2219900
2021-11-16,219.18305515121503,224.75828039338958,218.08075689032145,222.990966796875,5223200
2021-11-17,227.76450295670688,232.50162278733487,223.41910005432757,223.8563690185547,6823900
2021-11-18,224.51227370435998,227.74627356914775,223.40087077730018,225.3594970703125,3468600
2021-11-19,225.7147969662288,228.42042400324203,223.87460305103616,227.30902099609375,3685000
2021-11-22,227.9831307576089,233.56748788285992,227.60963742341673,229.88710021972656,4460500
2021-11-23,228.7848350729448,230.17864139306087,226.47093865474548,229.48629760742188,2550600
2021-11-24,227.2179280326676,230.85276400272326,226.83531591485087,230.14219665527344,1952500
2021-11-26,227.40011672641378,229.6684748342212,225.14998221439848,225.6419219970703,1891000
2021-11-29,228.02869822344607,230.0146531444855,226.27050349797906,226.45269775390625,3209100
2021-11-30,225.7056925662182,228.14714017828805,222.74499060825957,222.81787109375,6235900
2021-12-01,226.19760541371795,229.90530758020213,223.3917696090796,223.50108337402344,4018600
2021-12-02,225.02244341444106,229.27674252009103,223.95659242613536,228.10157775878906,3706700
2021-12-03,230.0419615673393,231.25357341957837,225.0770955476282,226.55288696289062,3972000
2021-12-06,230.0146761857217,231.69088574901187,228.1289300016212,228.82127380371094,3008500
2021-12-07,230.94385593028028,234.61513912059104,229.93266178963805,234.0412139892578,3405400
2021-12-08,233.7496950570222,235.6081126964272,231.89129131814852,233.88633728027344,3820700
2021-12-09,233.00264148103338,237.6031185928584,232.17364178018093,235.1707763671875,3812700
2021-12-10,235.4076695744954,238.20440058153474,234.779087613928,238.11329650878906,2547700
2021-12-13,239.4524533046114,239.87149869118153,233.47639291806942,234.34181213378906,3915300
2021-12-14,233.13930535229082,233.95920028341158,228.21087262033646,229.9873046875,5100500
2021-12-15,227.38187354070362,235.3438739638745,227.0630232136926,234.61509704589844,4939300
2021-12-16,236.15471306966668,236.4006690753508,230.57036911694206,230.69790649414062,4457200
2021-12-17,229.87795771591965,230.74339070897497,225.42324150272262,226.0062713623047,10173200
2021-12-20,223.39177605676485,224.04768646641838,220.7317011289611,223.75616455078125,3900900
2021-12-21,225.6600851656324,226.29777184228928,221.89771292256643,224.99505615234375,2963800
2021-12-22,225.11355881278922,227.70075350769736,224.22079718718624,227.47300720214844,1771900
2021-12-23,227.9649337035642,229.30408301408843,226.87174038029752,227.82827758789062,2060300
2021-12-27,228.78480835756562,231.1898085801216,228.78480835756562,231.11692810058594,1590200
2021-12-28,231.39025418600022,232.20103050488265,230.31529826006854,231.40847778320312,1531500
2021-12-29,232.310367672926,235.52615872717172,232.26482952613222,234.6425018310547,1617500
2021-12-30,235.35305881165195,236.17294002491016,233.26689468152134,233.56753540039062,1488100
2021-12-31,233.34885496579545,236.64661696347423,233.07557052440967,235.47146606445312,1774200
2022-01-03,236.1273593965141,237.03834453646814,230.54301604042615,232.76580810546875,5302100
2022-01-04,232.88422309515497,237.6122239392457,232.84778980853199,236.6830291748047,3638200
2022-01-05,235.6809645428782,236.34599372252853,232.04614262639475,232.07347106933594,3808600
2022-01-06,234.70622278063027,235.44411851355238,232.30120868735824,234.84286499023438,3616300
2022-01-07,232.93891544593387,234.46937782720087,228.3931081438071,228.73927307128906,4945500
2022-01-10,225.8241162533992,226.01542925788954,219.15571194815243,225.6419219970703,6292400
2022-01-11,225.84233890448087,227.70074255211105,222.8998467699813,227.29080200195312,3415000
2022-01-12,228.83040114416318,232.0370733121142,227.69166951213126,228.40223693847656,2825500
2022-01-13,230.55210584901437,231.16246418490707,227.8282554540342,228.3839569091797,2243400
2022-01-14,225.28661482858143,226.56198839035866,219.9755701025211,221.7337646484375,3258500
2022-01-18,218.62622015711318,218.99182421548025,214.12025996539325,217.9041748046875,4612500
2022-01-19,219.01929615920363,220.41769890067133,214.1203121539819,214.51332092285156,4146800
2022-01-20,215.9482069309016,217.1546652816783,204.13032070505264,204.66957092285156,5946600
2022-01-21,203.71906148978357,210.08043274732893,202.4486170018928,205.66586303710938,5724400
2022-01-24,201.56205735956735,212.69445418329747,201.26043921977688,212.36541748046875,4911600
2022-01-25,207.93251596215586,211.99062971389088,205.1996835888184,210.22662353515625,4099200
2022-01-26,212.55735690240064,214.7874931047802,206.32395690781283,208.48097229003906,4349200
2022-01-27,210.82075282229306,213.11486070016394,204.68787913634463,206.49757385253906,3425800
2022-01-28,208.3804257240494,214.91544364665933,205.17231435234964,214.77835083007812,3215500
2022-01-31,213.86437423709182,217.17301123997123,212.64876672115028,216.9353790283203,4485900
2022-02-01,217.9407405355582,218.882148376127,213.70897966222657,217.84934997558594,2723800
2022-02-02,218.08698119314903,220.00636424679897,216.11276101448672,218.54397583007812,2442900
2022-02-03,215.70146871140045,218.89129629905446,213.69982996948147,213.97402954101562,2512000
2022-02-04,214.01059188559012,214.01059188559012,205.80297176653804,209.36753845214844,3456700
2022-02-07,210.69278220698797,211.11320940491265,205.21798219224303,207.4938201904297,2990100
2022-02-08,207.65836761072867,212.61218797751644,206.43362528736452,211.82615661621094,2572400
2022-02-09,214.34874487009654,216.14015584015613,212.8132358065346,213.56271362304688,2115100
2022-02-10,210.84817305752608,212.831527969391,206.36961756131652,207.8411407470703,3053800
2022-02-11,207.95083229153133,209.9616057964313,205.4282131058919,206.47930908203125,2192800
2022-02-14,204.5233641497018,207.49382900555975,203.92926281070928,206.51585388183594,2025700
2022-02-15,208.6729022398674,210.27238357149872,207.4572947542631,208.48097229003906,1843600
2022-02-16,207.0368191742849,208.54489564233145,204.28570299997577,207.4846649169922,2461300
2022-02-17,206.49757760665162,207.67663150942636,204.0480931933689,204.54164123535156,2482200
2022-02-18,203.7739023280425,206.30565647826012,201.46151062048762,203.53627014160156,4241500
2022-02-22,199.51472278703434,202.40293238913625,192.6323843141532,196.13296508789062,7641100
2022-02-23,202.90560407396694,208.16104201732418,195.71251347346197,196.58993530273438,8936900
2022-02-24,191.6543873424846,195.83131051126887,188.50112756018495,195.05442810058594,5749300
2022-02-25,195.84049385219956,200.79431425131872,192.12969947566762,200.3281707763672,4613300
2022-02-28,198.57330104524524,202.2658254551678,197.25716822951813,202.0464630126953,5440400
2022-03-01,202.33893415695118,205.13573888579958,201.2878382060231,202.4486083984375,3953200
2022-03-02,201.62604628386626,210.22667504562708,201.1781865036735,208.9927978515625,4513700
2022-03-03,209.41318488708328,210.8755730728224,205.70239125275188,206.8174591064453,3180700
2022-03-04,205.26369110522384,207.19220882712168,202.677100059981,204.7975616455078,3144400
2022-03-07,204.76098365907242,208.3712379329619,202.97870764501232,203.14321899414062,4022700
2022-03-08,203.1432920355953,209.87025500834395,202.97878062731584,204.05728149414062,3725900
2022-03-09,208.37128882948733,210.4734671310401,206.18685483327872,206.45191955566406,3428500
2022-03-10,203.81964161551076,205.09008635741176,200.24593961942796,204.88900756835938,3318700
2022-03-11,204.64217949563667,207.98738336697915,202.89647069562855,203.09754943847656,2616300
2022-03-14,204.7153181628529,208.12450827082114,202.06475478883038,207.0277099609375,3607700
2022-03-15,208.20673191041433,212.3653853471909,207.9416672459922,211.1954803466797,3413600
2022-03-16,213.07830405672172,214.26647884511698,207.28360200024673,211.43312072753906,3497400
2022-03-17,210.2175324641505,214.24822849896137,208.68203718214798,214.22080993652344,3323900
2022-03-18,211.72558568091898,215.93907631305015,210.15352319259446,215.3998260498047,9149800
2022-03-21,216.15845494440399,217.8676103578705,206.27823350584836,208.02395629882812,4349200
2022-03-22,208.0696292410382,210.0986863167717,205.97660017543328,208.81910705566406,3248800
2022-03-23,207.47552774641457,208.34381461070546,200.92222750834077,201.91847229003906,3728100
2022-03-24,201.83625632832357,202.86906868755221,199.2131115321882,200.31903076171875,3399200
2022-03-25,201.74483620344503,201.9550637649906,193.20818025363735,194.60658264160156,6831700
2022-03-28,193.1990401570414,195.50228288294446,189.57963681490062,195.39260864257812,6579600
2022-03-29,199.0302839157301,202.30236693753272,197.91521597185002,200.6846160888672,4993600
2022-03-30,197.19317079070592,198.4727500979383,190.95975772429324,191.4716033935547,7090900
2022-03-31,189.05866179235093,190.78610073289647,184.6166739528956,184.79946899414062,7318500
2022-04-01,186.54523287947802,186.60007000934266,184.07745046460332,184.99143981933594,4827200
2022-04-04,184.2145164344228,186.6914192271776,182.5876168590463,186.56346130371094,5426100
2022-04-05,185.73176606910212,190.23772648506676,184.32421478048576,187.2489776611328,4707100
2022-04-06,183.89463413214503,185.40272476100202,179.72684538761146,183.39193725585938,6356100
2022-04-07,181.98438891527212,186.6365905640719,180.55856800452054,185.2107696533203,4411600
2022-04-08,183.7392313087369,189.8538207406707,183.2913716201445,188.88499450683594,5065500
2022-04-11,187.05702792870306,190.521040766034,185.85970434070506,186.9930419921875,3576200
2022-04-12,191.03289520017591,192.47699994224882,185.90541475983187,186.58177185058594,4354700
2022-04-13,186.11566329379917,189.05871023495547,185.74092429808834,187.83395385742188,2803400
2022-04-14,188.49200225205323,189.46997746004777,183.73926086241718,183.96775817871094,4001400
2022-04-18,183.36449823569745,184.62580772158353,180.35748007801993,181.44512939453125,3800400
2022-04-19,181.85810691814697,186.7585541802533,181.42679272812805,186.32723999023438,3392900
2022-04-20,188.89674296763258,192.7693843400203,188.30025184744625,191.55804443359375,3906100
2022-04-21,193.09974548056817,193.4943582713804,187.4651464419349,188.15341186523438,3797600
2022-04-22,187.31834836896562,187.49271121612253,179.95850547304656,180.8394775390625,4216300
2022-04-25,180.83026931383074,184.2165373925626,178.64616925160354,183.88616943359375,3895900
2022-04-26,182.53718844927386,187.54775338224746,181.92233962430882,183.1612091064453,3959100
2022-04-27,182.849231842294,186.71270232501178,182.5922804660771,183.1428985595703,3028100
2022-04-28,185.02411593366725,190.09892577412458,183.56499643222597,188.25437927246094,3250400
2022-04-29,186.74020326559187,188.29108311953527,180.85782401116847,181.45431518554688,4217600
2022-05-02,181.81224172718527,187.80473993937986,181.44517233091358,186.41903686523438,3697800
2022-05-03,185.8041486486375,188.0616515638248,183.7301803927895,185.03329467773438,3002600
2022-05-04,184.20740134339516,190.84229181229873,181.93154034585507,190.10813903808594,4452400
2022-05-05,187.1256155506618,187.76799384241278,177.59084532633932,179.7932891845703,4262900
2022-05-06,178.18736930219004,179.36200811016116,174.04860397119796,176.4621124267578,3910700
2022-05-09,173.9843450025983,182.1334133237059,172.75464728828285,179.93096923828125,3998300
2022-05-10,181.803043596043,182.65648612018697,174.59002038052543,176.31527709960938,3638700
2022-05-11,176.96683094165755,179.12340188508378,171.88284901932258,172.3141632080078,4598000
2022-05-12,172.31414989462385,178.80219188640288,171.81859090630417,175.920654296875,4292900
2022-05-13,175.52610420138868,181.16070528148634,174.68183332325688,178.03138732910156,2911900
2022-05-16,176.71908437598964,180.06863806987656,173.90177709692776,178.70127868652344,4405300
2022-05-17,182.546358813375,183.0510896366146,172.40591119351382,178.05886840820312,8210000
2022-05-18,172.06639893090528,175.70044743755776,164.96349294202975,168.68931579589844,7847600
2022-05-19,167.64308640884877,176.02157479755266,167.64308640884877,172.39671325683594,5132100
2022-05-20,173.37864050758796,173.68147897184102,164.46790540418502,169.48765563964844,5722600
2022-05-23,171.14871813882917,171.45155669308372,166.45933447046292,170.91929626464844,3546700
2022-05-24,169.75379939737115,172.34168440478376,167.37699255913444,169.42343139648438,4486500
2022-05-25,167.56970128235938,174.2596353265848,167.2576769681003,173.02993774414062,3986300
2022-05-26,174.88367318058386,180.83028288553348,174.61753602552037,179.43539428710938,3337900
2022-05-27,180.52749343541407,183.2254970351884,179.7474534276859,183.19796752929688,2779200
2022-05-31,181.33503377206245,182.39036866890154,178.38925109044288,179.22434997558594,4733900
2022-06-01,180.22459300868906,180.91285842534268,175.86557870321627,175.93899536132812,3290200
2022-06-02,176.70987241544583,180.0686114493649,175.96654790853535,179.98602294921875,3359200
2022-06-03,178.00379579414502,181.65618710356375,177.34305985840749,179.36196899414062,2262700
2022-06-06,179.86671059923995,182.41788017016867,178.21487066052427,180.57333374023438,2691600
2022-06-07,174.68180026250056,180.0502630915496,173.45208851795067,179.5455322265625,3269700
2022-06-08,177.93957638813373,178.682914924137,175.62701428545049,176.6089324951172,2775700
2022-06-09,176.2968894887246,182.38116013794303,176.10416901447076,178.28826904296875,2999500
2022-06-10,173.71823917838725,176.41624255433865,170.82751527438242,170.99270629882812,3564600
2022-06-13,167.32191312952062,169.31329272404244,165.28464637326783,166.33998107910156,3899300
2022-06-14,165.94542057070618,167.80832494374914,161.90758745455668,163.29330444335938,4037200
2022-06-15,164.63312031803258,166.1197834853597,161.788297669827,164.2752227783203,4164200
2022-06-16,160.13644514762774,160.53104399312417,156.44733802057806,157.4843292236328,5536300
2022-06-17,156.8694837335813,160.85224362130214,156.13533102548388,158.27354431152344,8499000
2022-06-21,161.59559185778053,161.89843041938232,157.28246331910083,158.19097900390625,4753300
2022-06-22,157.23651909638085,160.93479733592096,156.1169396091816,159.3105010986328,4434100
2022-06-23,160.15476909959114,161.91672678863065,159.31049858210105,161.81578063964844,3611500
2022-06-24,163.1280645385393,167.88169130931553,162.54993114957617,167.7899169921875,5346100
2022-06-27,167.93681658690494,170.06585836006124,167.1384329233715,169.056396484375,2829200
2022-06-28,169.29497263646954,170.33196391002397,160.20070087572168,160.33834838867188,4980300
2022-06-29,160.56777553796817,162.78857750449137,159.82445093793842,161.60476684570312,2802600
2022-06-30,157.8789427355833,161.58640787512303,156.70430391981606,160.29246520996094,4415400
2022-07-01,161.3570169335331,163.88982973987027,160.26496641832335,162.76107788085938,3095500
2022-07-05,160.64117672631983,165.12866740012376,160.1180882047044,165.0736083984375,3226300
2022-07-06,165.899529427862,167.89090943404761,162.83445682863433,164.32110595703125,2177600
2022-07-07,165.06438655335518,167.09248135741416,164.1099980591359,166.6244659423828,2935600
2022-07-08,166.00964355175452,167.90009134094274,164.65147013286835,166.6795654296875,2024700
2022-07-11,166.30330147996727,167.93678383088542,164.87171146480736,165.28466796875,2285100
2022-07-12,167.00994076947063,170.1392442700659,165.27551208332292,166.10142517089844,3184700
2022-07-13,164.0549764203233,168.64341330849075,162.9353966993866,167.358642578125,2935400
2022-07-14,164.64228729460197,167.89089428272797,163.9815512965429,167.62477111816406,3261900
2022-07-15,170.42370460879283,170.81830340321426,168.8177519283597,169.7721405029297,2901400
2022-07-18,171.24961106470315,173.51629959688938,169.94649690496294,170.49710083007812,2965800
2022-07-19,172.18603899747464,174.94551026770668,170.57095856430544,174.22564697265625,2683900
2022-07-20,173.8657213412584,176.68057872437302,173.4965657195711,176.30218505859375,2427300
2022-07-21,176.49598768491794,178.84015527994083,174.8162973426519,178.63711547851562,3266100
2022-07-22,179.799987269051,183.7684593015266,179.26470178542965,180.5013885498047,3329500
2022-07-25,180.61216246440475,180.75060640076597,178.27721837811555,179.78155517578125,2492200
2022-07-26,173.67190807926326,176.24681575496322,173.1458606063857,174.05953979492188,3647200
2022-07-27,174.15184314591713,176.17300354778808,169.537326824709,175.2777862548828,3713900
2022-07-28,173.035142924579,176.93901989849996,169.57425558682257,176.08995056152344,6034600
2022-07-29,175.1762619151533,177.649649923791,174.17030076226965,176.76365661621094,4507100
2022-08-01,176.78209870777522,180.20606145988964,176.5329109177191,179.1262664794922,3349500
2022-08-02,178.36950760578625,178.48947544724308,173.3858218149224,173.45965576171875,3401800
2022-08-03,175.01014109056368,180.8705680538291,175.01014109056368,180.35374450683594,3292700
2022-08-04,180.6675066720092,183.7038657720289,180.35372299624308,181.95957946777344,3534100
2022-08-05,180.78751898980627,183.8700124976101,180.27069541752616,183.73158264160156,2409700
2022-08-08,184.580639571883,188.55835010147544,184.3775997417631,186.27877807617188,3040800
2022-08-09,185.2728268986503,185.2728268986503,178.78481819661098,180.1507110595703,3914500
2022-08-10,183.90690016299632,186.11263795452425,183.28855679106996,185.90036010742188,4094400
2022-08-11,184.67294867747322,188.53990152271422,184.6452627061564,186.5925750732422,3337200
2022-08-12,187.67236546042844,190.67180076625235,186.17725274734994,190.55181884765625,3014100
2022-08-15,190.1180618403447,192.90523348612058,189.10286267329158,192.0007781982422,4075500
2022-08-16,190.727150542002,200.62989647336966,190.5794826720241,197.61199951171875,5892200
2022-08-17,195.66468521524618,204.1369431716193,195.19400969415258,198.76564025878906,8082100
2022-08-18,198.52571954147328,201.27596729546698,198.02735798053743,199.78086853027344,3011800
2022-08-19,198.88560687436745,199.19939053096346,193.67121028532446,195.06478881835938,3347300
2022-08-22,193.08056699433612,196.19074598727804,192.40683758068957,193.80043029785156,4136600
2022-08-23,193.8096754563626,195.0648243940421,191.29937758100363,191.4747314453125,2533900
2022-08-24,190.86560392144057,194.3172668755974,189.91501477502783,192.34225463867188,2634300
2022-08-25,192.50837331252927,194.88946523620493,191.91771583333428,194.69566345214844,2634700
2022-08-26,195.406263177519,196.23688439041436,185.4481452428881,185.49429321289062,3720500
2022-08-29,184.6913764811576,187.91231358982492,183.73156338784548,185.56814575195312,3273800
2022-08-30,186.85098667363403,187.62622197607536,181.26741953883152,182.0149688720703,3906900
2022-08-31,181.90422394854687,182.20876960802238,179.04321843340952,179.17242431640625,5145100
2022-09-01,178.84939070040815,180.84286483355658,177.76037177060812,180.66751098632812,3462200
2022-09-02,182.18111537882191,183.68545234338853,179.31088540140976,180.43682861328125,3165900
2022-09-06,181.04588484960257,181.63654222271586,176.50520365334745,178.0833740234375,3128800
2022-09-07,178.7755644090588,186.3710529242611,178.65558250056054,185.7803955078125,4086500
2022-09-08,185.18051634185196,188.7429231589363,183.40854393658924,188.62295532226562,3564200
2022-09-09,188.253797238429,190.60720329548278,187.64469180818705,189.7950439453125,3176400
2022-09-12,190.11807272025627,193.2744001988324,189.6566210874401,190.4872283935547,3218700
2022-09-13,185.74350943213977,187.24784628789197,178.0741854132857,178.70176696777344,4441400
2022-09-14,179.5508476413575,180.16919118936704,175.54545052490855,177.557373046875,3963700
2022-09-15,178.41567970579342,179.4954749192129,175.36085783390197,176.3114471435547,3309700
2022-09-16,174.42867834589984,178.18490055977077,174.19795258089204,177.02203369140625,10187800
2022-09-19,176.19142925217037,180.7967065790986,175.96992744473343,180.0583953857422,3351900
2022-09-20,177.7695884082895,179.20931497323116,174.13334798625894,175.72998046875,3650200
2022-09-21,177.11435231205004,179.79076589593527,173.8011332820112,173.83804321289062,2925700
2022-09-22,173.50578750343104,175.1485539393728,172.13065677749557,173.6165313720703,2864500
2022-09-23,172.35216731493335,174.57636733850217,171.25391028742905,173.6257781982422,3382500
2022-09-26,173.56113695541742,175.35157103920946,171.373861338817,171.6784210205078,2938700
2022-09-27,173.45040542361411,176.1452807011521,171.85378705378983,173.2012176513672,3866500
2022-09-28,177.61270839103432,180.39987984694523,175.48080436783573,179.5323486328125,5384900
2022-09-29,177.19738756337432,177.59422911972757,174.25332454807238,175.776123046875,3622800
2022-09-30,174.82551220340795,176.35753459536633,171.62305168191833,173.33041381835938,6049000
2022-10-03,176.8374866824948,180.70445343042857,176.3022011245999,178.96939086914062,4346500
2022-10-04,181.78423558126448,184.26684732159165,181.19357812531334,182.1995391845703,4139100
2022-10-05,180.26147675524462,184.87599318970342,179.04323765700192,183.68544006347656,3196100
2022-10-06,183.15013878398972,186.6940837224122,183.03017094298954,184.5621795654297,3304900
2022-10-07,182.75328660668995,183.20550013969242,180.27989882966097,182.0057373046875,3466800
2022-10-10,180.84287623369818,181.7750174630139,177.85267892786084,179.8738250732422,2449700
2022-10-11,179.91075662294546,183.0763079196653,179.01553936965576,181.28587341308594,2766000
2022-10-12,182.54102733546534,183.08555095472622,178.8401903784183,178.92324829101562,2353900
2022-10-13,175.19470569102873,179.90150328071638,171.18007137765053,178.26797485351562,4851100
2022-10-14,179.81847705775127,181.7750416457203,174.17953728549833,174.39181518554688,4142800
2022-10-17,177.42812808719452,180.16915153065895,177.28046020550318,179.1262664794922,3504800
2022-10-18,182.05850371025147,184.25769101677264,178.68086429795096,179.2747344970703,3804300
2022-10-19,173.78144992716733,174.88568076352138,167.23031462061203,170.68218994140625,5362300
2022-10-20,170.1718253715106,172.03694579985108,164.67852204004066,165.44869995117188,4095600
2022-10-21,165.3002158981063,169.50370629218702,163.77842262253384,169.22532653808594,3583600
2022-10-24,170.3481176717303,174.9227715778111,170.3481176717303,174.087646484375,3704900
2022-10-25,176.21260653396,181.01925597763926,175.275409217716,179.87791442871094,3245700
2022-10-26,180.2304527931978,181.5109908684548,177.49308319315895,179.59947204589844,2567200
2022-10-27,181.16771938488438,182.31833501949166,178.65304143950686,179.70159912109375,2457600
2022-10-28,179.55310961658463,185.34335452781033,178.94996529955324,184.40614318847656,3292200
2022-10-31,182.79159181642862,183.70095256578085,180.35114932894942,180.89862060546875,3550200
2022-11-01,183.72872593331087,185.3433168038967,178.421006051408,179.59947204589844,3260100
2022-11-02,179.26547671877782,180.64807315904946,172.1575819478147,172.32461547851562,4539400
2022-11-03,167.8148751289085,169.6799952051633,165.82912053543487,166.85911560058594,4187500
2022-11-04,169.60577525610773,174.3103519522515,165.44868392451843,169.02117919921875,4623400
2022-11-07,170.33884608713777,174.26395673939118,167.99118767543078,173.1133270263672,2715300
2022-11-08,174.50522008507562,176.31466734146093,172.38955649930458,174.78359985351562,2880800
2022-11-09,173.80929519910006,177.48387736178282,172.88137198376432,173.17831420898438,3007200
2022-11-10,181.23265062565218,189.98297244617444,181.22337649228362,189.59324645996094,4837200
2022-11-11,190.30773802370317,196.03302163630732,189.76954094686587,193.95448303222656,4272500
2022-11-14,193.40699693033417,195.29996790500238,189.50972290346385,189.9087371826172,4165000
2022-11-15,191.8481195171489,196.02377387181477,189.12931136697887,193.7874755859375,5127800
2022-11-16,196.8032356831529,205.46076117226653,196.34856235936013,199.62413024902344,8173100
2022-11-17,197.1836715283435,197.638358974043,190.5675748657177,193.37918090820312,3507800
2022-11-18,196.55266201177466,196.5712102778135,191.53259504683754,194.7988739013672,2912500
2022-11-21,194.98448647333495,195.61546738806334,193.22142407945057,195.11439514160156,2326400
2022-11-22,196.39492297504842,199.9952692168511,195.85674002455713,199.0116729736328,2845700
2022-11-23,199.71689707180522,200.1530220882161,194.88242535395028,195.8103485107422,2593800
2022-11-25,196.12583599246918,196.5619610022236,194.87313408632633,195.76394653320312,975700
2022-11-28,195.22575492000541,196.2279136414005,193.49054312520175,193.97305297851562,2202300
2022-11-29,193.00801823729398,193.61116263069198,191.72747973926786,192.51622009277344,1980900
2022-11-30,191.2542445592387,197.61979805263292,188.6003837346695,197.23007202148438,4701600
2022-12-01,199.30856816659582,201.09946685840285,197.37850085209226,199.94883728027344,2735100
2022-12-02,197.09087617993862,200.9881648317154,196.255750988263,199.35501098632812,3242300
2022-12-05,195.70826993068226,196.3578132871781,190.59540444394497,191.31918334960938,3308400
2022-12-06,190.41911329721063,190.88307486601153,184.65670438275097,187.35696411132812,3627500
2022-12-07,188.14570005552213,194.85459488332287,187.68173846262226,191.97802734375,3999300
2022-12-08,190.22425795179615,191.53263307537696,187.86733922956608,188.88804626464844,3150200
2022-12-09,186.51254601855422,189.86234902833135,185.77020469514144,187.22705078125,3226900
2022-12-12,187.7095486602821,190.31702433968684,186.5496448409495,190.2984619140625,2719800
2022-12-13,201.0902446721899,202.1295141344638,193.86171495152448,195.99594116210938,4168600
2022-12-14,195.74538310564407,201.0159938915184,194.91953207928321,196.82177734375,3727700
2022-12-15,193.57402147578512,194.60401659278656,190.678906188638,193.02655029296875,3373900
2022-12-16,191.48618764633818,192.4141106308312,188.6653080034311,191.28204345703125,9543500
2022-12-19,190.5490180668702,191.0964893086847,187.43119582203505,188.52613830566406,2442400
2022-12-20,186.68887627604911,187.5611263747288,183.44114498206264,186.38265991210938,2372200
2022-12-21,188.30342382025412,188.9436930108647,185.83515918838356,187.83946228027344,2345400
2022-12-22,184.21127082178015,185.7980111615698,181.19552118806007,184.7958526611328,2414800
2022-12-23,184.11848172184168,187.73738995184192,182.81939517300967,187.3291015625,1469200
2022-12-27,187.15282429104593,189.28705038953362,186.8002089595874,187.17138671875,2076600
2022-12-28,187.40336705951353,188.83236249165975,185.2413044041428,185.6403045654297,1419900
2022-12-29,187.14350461884925,188.47971600982092,186.79090350549606,187.68170166015625,1270900
2022-12-30,185.61246283386333,186.0485878383227,182.99572696609042,184.87940979003906,2154600
2023-01-03,186.96724017834433,187.71885566274912,182.93076882115403,184.69381713867188,2602000
2023-01-04,186.9115461194246,187.76524784449614,183.27408921040205,186.8744354248047,2507400
2023-01-05,184.93507000139945,186.9208247975236,183.24624322391043,186.2991180419922,1942300
2023-01-06,186.26197356603217,187.2455696475408,180.4346184545827,186.48468017578125,3121400
2023-01-09,187.8301785970088,189.416933213021,184.97217395695702,185.06497192382812,2748500
2023-01-10,185.5103905003015,187.13425597823723,184.22985204968322,186.8837127685547,2200800
2023-01-11,187.58894206848842,193.67611549397603,187.579653775503,193.55548095703125,2781000
2023-01-12,195.10508728027344,196.32067831875528,191.69961152750375,195.10508728027344,2690200
2023-01-13,192.8316930006703,198.16725071098318,192.8316930006703,196.8681640625,3875900
2023-01-17,196.87743219607245,199.4848937061237,194.16789858396663,194.41844177246094,2943800
2023-01-18,195.53196005386297,198.74256610483985,193.11008015576397,193.4719696044922,3575000
2023-01-19,192.5533127203934,192.91520215426962,186.68884623309367,187.56109619140625,3508800
2023-01-20,186.84657179043,190.214936738186,184.35045670917683,189.7880859375,3517600
2023-01-23,188.85091486087964,191.9965736299108,187.24559768994416,190.32630920410156,3473500
2023-01-24,188.97388846445074,192.67669960716267,188.97388846445074,192.5181427001953,2862500
2023-01-25,190.75538649516437,192.4062516004935,188.2557486177467,192.23837280273438,2283400
2023-01-26,190.5967977668753,194.7193202624689,188.06918051137023,188.2277374267578,3426100
2023-01-27,187.8919402020069,189.729355725291,186.9499206916689,188.86195373535156,2907900
2023-01-30,188.37697399466498,190.7926578578143,187.61215497473046,188.32101440429688,2786300
2023-01-31,189.57085481897838,194.3089620248579,188.87133136946184,194.23434448242188,3415800
2023-02-01,193.4975023344217,200.66061499526302,190.63411310198995,199.18695068359375,3363900
2023-02-02,201.50938400935286,208.28076563545412,201.44408832511218,206.64854431152344,4156800
2023-02-03,202.52599284027485,203.69186505065497,200.3621414183654,201.4347381591797,3047900
2023-02-06,199.8304953624929,202.24617914866667,199.65328051074826,201.34146118164062,2380600
2023-02-07,198.56203767469722,201.06167522459762,196.25827292835916,200.2781982421875,2552300
2023-02-08,199.79321921040784,199.79321921040784,196.8645484354026,198.4407958984375,2421100
2023-02-09,200.3154945929412,200.7538636626973,193.9638253561336,194.59805297851562,2386700
2023-02-10,193.49749921181734,194.86855193668856,192.44354610353014,194.72865295410156,1836300
2023-02-13,195.21365136079493,199.87714033629484,193.4694968063075,199.7279052734375,2364000
2023-02-14,197.7599260674047,200.64195903843668,196.92982554148753,199.3734893798828,2316600
2023-02-15,198.05836041732525,200.99635245184464,197.05104520301757,200.5579833984375,1849900
2023-02-16,196.0530674671979,201.5280130284857,195.51210105537223,199.6066436767578,2479000
2023-02-17,198.88846927237194,199.32683834446797,194.84055030382908,198.4314422607422,3462000
2023-02-21,191.4548697400807,192.97515738391428,187.67744103358532,188.26504516601562,3942900
2023-02-22,187.66813973706434,190.68074979282528,186.59552867573842,188.99256896972656,2667400
2023-02-23,188.92725048672673,190.03716306589894,185.728104094372,188.60081481933594,2332200
2023-02-24,186.34368523924488,188.95524189813335,185.10320970231572,187.9759063720703,2163500
2023-02-27,190.578141045574,192.59277168663277,189.74804058215238,190.49420166015625,2764800
2023-02-28,190.2516784109741,194.26228148433609,189.61745078775485,191.90255737304688,4391400
2023-03-01,191.61342871749525,191.79996542178998,178.39710326088593,181.2324981689453,9814300
2023-03-02,179.69351499706883,182.2957349227089,179.10591098115466,181.96929931640625,4096900
2023-03-03,182.60355146179964,187.05252340004765,181.932007990674,186.28770446777344,3483200
2023-03-06,186.81936087203468,189.99986359305538,186.59550829012983,188.00389099121094,3160900
2023-03-07,188.86194594307466,188.86194594307466,183.9839271501178,184.12384033203125,3320200
2023-03-08,184.87933816031872,188.47955183071238,184.38500952073264,187.60281372070312,2670400
2023-03-09,188.4888830293033,190.31697686334476,185.17780320297848,185.6534881591797,2440300
2023-03-10,185.718806368267,188.11584686804557,182.89273279259652,183.42437744140625,2986800
2023-03-13,182.56625968516755,187.8359961926655,181.62422586489114,184.2544403076172,3116300
2023-03-14,185.97992683307527,186.62349056173815,180.77548587918915,183.58290100097656,3909000
2023-03-15,182.6595076853416,186.9592444993839,181.51229353987293,185.22442626953125,3794100
2023-03-16,184.27310893005966,186.61417525604816,183.2191558747242,186.2317657470703,3153900
2023-03-17,186.34365793948578,187.75204050471228,182.61286732531102,184.07720947265625,7271200
2023-03-20,183.7507879156641,184.57156653144554,182.25847997914389,183.54559326171875,2405100
2023-03-21,185.14051275705057,185.39234514722696,182.04394923884897,183.54559326171875,2940400
2023-03-22,183.63885490768928,184.19847923664858,178.48103761570349,178.67691040039062,3275700
2023-03-23,179.74950432737566,180.10393401238437,175.41246565612124,176.92343139648438,3346400
2023-03-24,176.04671687183398,177.46442157010105,174.82488498149996,176.7089385986328,2692400
2023-03-27,177.27784572127646,179.02198573869026,176.18657696796964,177.70687866210938,2488400
2023-03-28,177.64164157894544,179.48837936620043,176.85816455637183,177.3524932861328,1872300
2023-03-29,178.09864248497067,179.0686561690953,177.21258241924227,179.0220184326172,2436300
2023-03-30,181.01798456950303,182.06260151575313,179.35778368056768,179.68421936035156,2157000
2023-03-31,181.02729895683083,186.75406244838982,180.61690967863478,186.51156616210938,3151600
2023-04-03,187.5375261160822,190.48483991787973,187.44425065695523,190.26100158691406,3471100
2023-04-04,189.80399536734143,190.531498486222,187.239076511026,189.337646484375,2500100
2023-04-05,189.34696368045056,189.6640917292633,185.2804009517511,186.00790405273438,2417800
2023-04-06,184.78605469942949,186.05452407843907,182.3423913995668,185.20578002929688,2403300
2023-04-10,184.3010612819899,187.630784491018,183.00461211812032,186.33433532714844,2387500
2023-04-11,187.46294722403394,189.2817051970904,187.24841647020278,187.7893829345703,2459000
2023-04-12,189.7107105109803,190.93255647863882,185.98925571742518,186.3250274658203,2665400
2023-04-13,186.32503070881242,188.2557076218096,183.03260883922331,187.91061401367188,2778700
2023-04-14,187.95727569099242,190.15844319767345,187.56554429978308,188.57284545898438,2028300
2023-04-17,188.8713042096394,191.23102850146455,188.7873648234098,191.2030487060547,2420000
2023-04-18,192.39688940336504,194.58873479347034,191.9025607378244,194.0944061279297,2685200
2023-04-19,193.22697177061718,194.98044791885556,192.37821348764336,194.77525329589844,2488700
2023-04-20,194.4488177282497,198.07701130932256,194.420837935046,195.64266967773438,2948800
2023-04-21,197.1163600527166,198.1982929735313,195.87587020534386,196.8365478515625,2864000
2023-04-24,196.14636055146738,197.75992384581915,195.9504877411076,196.8365478515625,2758700
2023-04-25,197.77392708764384,198.00826748522022,192.89026690883082,192.9840087890625,2723700
2023-04-26,192.61841074470914,192.82463140927155,187.56603306893177,188.22218322753906,3409000
2023-04-27,188.0628474080751,191.99976295394777,188.0628474080751,191.7185516357422,2498900
2023-04-28,191.78418522852198,194.8587300705184,191.54046206349616,194.81185913085938,2451900
2023-05-01,194.81182829496905,195.83354882399982,194.16504661785768,195.17739868164062,2282100
2023-05-02,195.43985205708802,195.43985205708802,190.509336238205,193.06832885742188,2201800
2023-05-03,193.4526447897074,197.14585088881927,192.29968000244185,192.4496612548828,2386600
2023-05-04,192.3840882820923,193.68702025506522,188.66276181121964,190.096923828125,2375800
2023-05-05,191.26861440938552,193.5838984280461,190.57496175946656,192.91836547851562,2495600
2023-05-08,192.72152889904277,193.20894657779075,190.31250299387912,191.26861572265625,1586500
2023-05-09,191.31549499113046,194.20255593193306,190.5093634990097,194.1463165283203,2249900
2023-05-10,194.92431032961883,195.68357081432498,189.32826133856173,191.52169799804688,2715600
2023-05-11,191.2217324181863,191.63417373737224,189.19702828927362,190.56558227539062,3015600
2023-05-12,190.58434513462123,191.6904248280909,188.65336844946023,190.52809143066406,2261700
2023-05-15,189.7688363191847,190.2375170778406,186.86302419731894,188.9252166748047,2971500
2023-05-16,184.16342095349074,187.44418630867156,181.46381516998133,186.7411651611328,4683500
2023-05-17,186.88177070363858,194.4369026317486,186.3006111100924,194.2213134765625,3755900
2023-05-18,194.5025243461431,196.1522755481428,192.62780121991523,196.0585479736328,2275300
2023-05-19,195.2898636722329,195.46796462035542,192.10284074719652,193.3495330810547,2768400
2023-05-22,193.75262406225875,195.31801609026803,190.200030181232,190.42498779296875,3537000
2023-05-23,190.12506594947723,196.6116068771693,189.7594954766291,193.70578002929688,6507500
2023-05-24,193.7994869613527,195.83355966678764,189.44076177870653,190.8749237060547,2829800
2023-05-25,190.2843629208681,191.23109277942402,188.3158982729006,188.44712829589844,3030400
2023-05-26,189.4032394859638,193.82758637491017,188.61585935394785,193.58387756347656,3072700
2023-05-30,194.03380396721104,194.44624525929274,191.01549920570335,192.8152313232422,2534100
2023-05-31,191.33424189848884,191.33424189848884,187.00363595851564,188.5315399169922,3894600
2023-06-01,188.37217694961853,191.91540234339993,185.11014856883435,191.14675903320312,2764800
2023-06-02,192.62777539638233,197.12711315675193,192.62777539638233,196.6678009033203,2834600
2023-06-05,195.25243040127614,195.53364175089365,193.34958743650265,193.82763671875,2345700
2023-06-06,193.60260310393184,195.43983760688923,192.74961516259336,194.18377685546875,2804900
2023-06-07,194.9711812553502,198.58002855267108,194.9711812553502,197.98011779785156,3334600
2023-06-08,198.58001611002348,200.39848519134662,197.08960063026421,197.27708435058594,2409700
2023-06-09,198.02699500590046,198.2425984595843,195.69297391090623,196.0210418701172,2092700
2023-06-12,197.033372035817,200.45474987723634,196.0960105948255,199.9954376220703,2465100
2023-06-13,201.53272934692947,203.85738194106747,200.67972692022897,203.73553466796875,3056100
2023-06-14,203.21059005858893,204.60726382044828,200.3610174372464,201.4014892578125,3080300
2023-06-15,202.28262087384783,205.84459754561752,202.2732381046341,205.216552734375,3187000
2023-06-16,205.60085356744614,205.74146636439193,203.26683274995025,203.482421875,6874300
2023-06-20,202.31073213826716,203.17310299285708,200.98904900441684,201.9639129638672,3058300
2023-06-21,202.1326438953172,202.2919936423193,200.4641414819983,200.8297119140625,3364400
2023-06-22,200.39854849440894,201.8795816741897,198.36447535278086,201.36404418945312,2780900
2023-06-23,200.52037976896182,202.84503239315828,199.75175074047036,201.73895263671875,3997300
2023-06-26,202.43260419308822,205.31029667936627,202.0576509958031,204.3073272705078,2498900
2023-06-27,205.2727693194278,209.959576118148,205.2727693194278,209.55650329589844,4223500
2023-06-28,208.32858869369832,210.10956978247776,207.6724385190428,208.58168029785156,3372600
2023-06-29,209.24719184453926,209.79086320025175,207.92552307432504,208.86288452148438,3058200
2023-06-30,210.06271494391154,212.3030083255723,209.57528296586366,211.56248474121094,3633300
2023-07-03,210.55015339454891,211.89058789069483,209.4909445358351,210.52203369140625,1498400
2023-07-05,210.35329424233336,212.73418612046873,210.08145140205343,211.3656463623047,2876400
2023-07-06,208.84416169452084,209.5565513421804,207.41936809619915,207.55059814453125,3011500
2023-07-07,207.2037736941343,209.8752455324894,206.903811132395,208.03802490234375,2345400
2023-07-10,209.14406598748215,214.80573671771242,208.91910841078396,214.7682342529297,2536100
2023-07-11,216.78360926847455,216.78360926847455,214.52456450447303,215.05885314941406,2219700
2023-07-12,217.23354840111415,220.34559574418955,216.6242690890435,217.5709991455078,2256000
2023-07-13,218.0021598883512,218.64892727610007,214.13085251229984,215.1619415283203,1882800
2023-07-14,215.5462476059392,216.39924989895286,214.1777079936092,214.41204833984375,1535900
2023-07-17,214.38396029353044,215.68689223883544,213.01540617615166,213.6903076171875,1951500
2023-07-18,213.48409987547936,216.64300382356953,212.3592688399193,215.50880432128906,1858100
2023-07-19,215.2181934523513,217.683444326193,215.10570035293227,216.42738342285156,1649600
2023-07-20,216.88670382794598,216.88670382794598,214.11210755371567,216.52113342285156,1959700
2023-07-21,217.88969047285298,220.2987165332477,217.20542054294023,219.13638305664062,3348400
2023-07-24,219.53002922719895,221.03918159975169,218.9488697567871,219.34255981445312,2019000
2023-07-25,218.8528336069997,220.7458234689174,217.73210290371762,220.322021484375,1547800
2023-07-26,220.0959864640985,221.47100410264804,219.2766350048054,220.4444580078125,1720100
2023-07-27,222.33749927520049,223.4017252065146,220.75528663525748,221.22618103027344,1972800
2023-07-28,223.16624487992553,223.3922649588243,220.8023461707106,221.40509033203125,1767300
2023-07-31,221.3957048776827,222.20564379141837,219.18249552894105,220.6328582763672,2614800
2023-08-01,219.38023678093302,221.29206647183884,218.5985505256013,218.8245849609375,2029300
2023-08-02,216.38534557561377,218.44786492808976,215.93329106716334,216.13107299804688,2298100
2023-08-03,215.54717885861214,215.85797085939666,213.36223650991462,213.5223388671875,2436000
2023-08-04,210.96066033519003,213.0420196017196,209.47263252443062,210.1318817138672,2549600
2023-08-07,211.1490262111358,211.9401252797387,209.6515856090185,210.30142211914062,1902500
2023-08-08,207.19352117256238,208.50260693605773,204.76370451798113,208.05055236816406,2152100
2023-08-09,207.73972998963643,208.28596909915046,205.78080798775795,206.8544464111328,2061300
2023-08-10,208.5779401560793,210.25432285721135,206.44950291220113,208.00344848632812,1815500
2023-08-11,208.1541423281792,212.09081219310568,207.73975300122797,210.66871643066406,2356300
2023-08-14,211.3091386875245,213.28690082430512,210.63104963323147,212.74066162109375,2927400
2023-08-15,210.51804533540096,213.56001907814942,210.26375834045132,210.80999755859375,2079000
2023-08-16,211.70470573676297,213.6542155216085,209.1807185587361,209.2183837890625,1403500
2023-08-17,210.235490788396,210.83823499106683,205.04624014306654,205.45120239257812,1791100
2023-08-18,204.80134951660804,207.14639386747191,203.98198368568586,206.58132934570312,2250500
2023-08-21,205.89385413949304,207.77743165973888,203.66181937657967,204.92381286621094,2804800
2023-08-22,209.1336057093648,214.05915680533025,208.35191932918713,212.59939575195312,4083500
2023-08-23,212.8065698038773,214.2569180026978,211.75175674327167,213.9649658203125,2390700
2023-08-24,213.58825652504484,215.6131108862704,209.9812183897579,209.99063110351562,1994800
2023-08-25,210.78172277765842,212.9949319302449,208.84164039056807,210.08480834960938,1805000
2023-08-28,210.9512483584307,212.44868888764034,208.51200479316782,209.7551727294922,1726100
2023-08-29,209.7740445099528,213.4941074317442,209.7081123954493,213.23040771484375,1800600
2023-08-30,214.2569570564894,217.41195535917038,213.95557773550962,216.90338134765625,2839600
2023-08-31,217.411902337351,218.33485113429063,216.92216824547236,217.0634307861328,3433100
2023-09-01,218.7775131864761,220.35029855723832,218.47613391108092,218.97528076171875,2562000
2023-09-05,219.94530531040107,220.03948991947442,216.5548749420662,217.01634216308594,2569200
2023-09-06,216.83744160380695,217.73213802004022,215.46242373981224,216.24411010742188,2123900
2023-09-07,216.7526506958423,220.72699992367023,216.7526506958423,220.01124572753906,2576600
2023-09-08,219.18247192183082,219.67220605125235,217.2518022849972,217.8262939453125,2166300
2023-09-11,219.14484192968837,220.02069863084236,217.9111008798184,218.41024780273438,1657900
2023-09-12,218.2878114403263,220.23732119461454,216.96931284121123,217.02581787109375,2192600
2023-09-13,216.1498983625425,217.49666354537987,214.85965256748003,215.5000762939453,2769400
2023-09-14,216.70555823708207,217.76976956163958,215.19869075925547,217.43072509765625,2621700
2023-09-15,215.0668868186171,215.0668868186171,206.82623497664298,207.21237182617188,9188500
2023-09-18,207.2782532961008,208.88871815444372,204.56591185073134,205.0462188720703,3447200
2023-09-19,203.8313294465343,205.3005319474886,201.74057167135177,204.83905029296875,3449600
2023-09-20,205.62072638593816,206.47775754266203,201.9006639350237,202.39981079101562,2490000
2023-09-21,200.61039998110198,201.24139666728993,197.9451363131246,198.35011291503906,2959600
2023-09-22,197.34238038231715,198.93400544352264,197.0504282104849,198.23709106445312,2940100
2023-09-25,198.12408192916828,200.46914093844813,197.78503742626705,200.13009643554688,3971600
2023-09-26,198.62322609911234,199.3860869982415,196.04273432300187,196.40060424804688,2782400
2023-09-27,196.90918512196686,198.02048890139633,194.26276114735586,194.91259765625,2860000
2023-09-28,194.7901790034262,198.14294482826372,194.29103208964742,195.68487548828125,2379000
2023-09-29,196.6360599325806,198.13351491448546,195.23280394116912,195.74136352539062,2304800
2023-10-02,195.30814372129143,196.3441026610907,192.92541947803167,193.76361083984375,2264900
2023-10-03,192.96307921836694,193.0760892597191,187.14283215985702,188.5084228515625,3532500
2023-10-04,188.66851689036824,189.4407760898513,186.9167894737921,187.97158813476562,2569500
2023-10-05,187.27469141373558,188.40483499574026,186.0315234141417,188.1693878173828,2233600
2023-10-06,186.4836094628632,190.27901746924172,186.0598073443667,187.92454528808594,2250800
2023-10-09,186.11628167192546,189.27127962238518,185.023817681728,189.05467224121094,1649600
2023-10-10,189.5443919919197,191.94595609415143,188.61203035933417,190.94766235351562,2209700
2023-10-11,191.92711689410203,192.24733598047135,189.24302766487796,191.4562225341797,2178900
2023-10-12,191.46562710739337,191.65398195510582,185.3157486395102,185.43817138671875,2488500
2023-10-13,185.55123941273467,186.42709612725054,183.4322145440655,184.35516357421875,2220300
2023-10-16,185.90906864786132,187.65138335065612,184.80717768213825,186.7095947265625,2139900
2023-10-17,185.984405594696,187.29349115198673,185.50409859012575,186.6154022216797,1698900
2023-10-18,184.93903463171583,184.93903463171583,182.1325084476681,182.1984405517578,2694700
2023-10-19,182.28321645621153,182.5563288721946,178.77034842281796,179.3730926513672,2944200
2023-10-20,179.1187686706475,180.59736923835658,177.70608582950425,179.4107208251953,2776100
2023-10-23,179.32599932424907,180.43730315130674,176.99035287760753,177.41416931152344,2322100
2023-10-24,178.24780849687323,179.21406488951442,175.2826910431782,176.428955078125,2107500
2023-10-25,175.77528810465213,177.40468020994416,174.93217359882925,176.28683471679688,2406200
2023-10-26,177.10152633326948,178.57934368129335,174.78059450054164,174.99847412109375,2855500
2023-10-27,175.121642903265,175.6805584483109,172.2702138140811,173.94696044921875,2371400
2023-10-30,175.0648046884926,178.45621329773653,174.10800187770968,177.8309783935547,2683200
2023-10-31,178.5414897654316,181.01399676518042,177.8783683288054,180.53086853027344,3181200
2023-11-01,181.10871531567187,182.07498621471504,178.75936466492328,181.21292114257812,3070100
2023-11-02,183.52438294852942,186.3000393264017,183.221247927358,184.08331298828125,2220100
2023-11-03,184.62327012761952,186.83052836970407,183.6664817380307,184.67063903808594,2755300
2023-11-06,184.3011810733196,185.4853315370971,183.0980801547324,183.99803161621094,1920400
2023-11-07,184.02647086995694,184.9169544321556,183.23072513755264,184.32962036132812,2150300
2023-11-08,184.57589112947366,186.49895025862023,182.7191513623479,184.42431640625,3077500
2023-11-09,182.16971042673845,184.62326672102958,180.36032504702618,180.45506286621094,3271000
2023-11-10,180.87186294225984,184.57588888687766,179.09091055838448,184.34854125976562,2381500
2023-11-13,182.83282494317706,184.18748608598088,181.9802424223177,183.62857055664062,3155700
2023-11-14,192.73233972011786,194.00174563455369,188.7251783251629,191.58609008789062,4237600
2023-11-15,191.77554806942058,195.39430455595368,191.766065614048,194.05859375,2848500
2023-11-16,193.1870352236413,194.85432831831773,190.26930121788075,191.62396240234375,2705700
2023-11-17,192.58074192724843,193.41438843631735,191.59553515240773,192.96914672851562,2216300
2023-11-20,192.7796674249786,194.2006477745485,192.39126266023922,193.67015075683594,3159700
2023-11-21,187.1147502843102,191.1124439737156,186.26215315642494,187.6262969970703,5880600
2023-11-22,188.0336371185501,189.17988674263276,186.3474079116629,188.02415466308594,3232400
2023-11-24,187.56944431243548,188.90516958203324,185.8926831113439,188.5830841064453,1322200
2023-11-27,187.92942019306471,190.35455803478612,187.42734155184718,189.29356384277344,2345700
2023-11-28,189.02828622901907,190.4208482258796,187.5504688743819,189.5114288330078,2651100
2023-11-29,190.47773287199664,191.04611647812638,189.1420075469026,189.3883056640625,2119000
2023-11-30,189.6346020930434,189.67250300609257,185.97795900676815,188.35572814941406,3812100
2023-12-01,188.7062281678718,193.59440509220212,188.06205720906502,193.17758178710938,2965600
2023-12-04,193.01652792233375,197.77208028957642,192.9881094672575,196.61634826660156,3429700
2023-12-05,194.87326016804403,195.9626727025202,193.11124387800555,195.0721893310547,2552100
2023-12-06,196.0953078455255,198.70990674634652,196.0953078455255,197.70574951171875,2595400
2023-12-07,197.96153089063392,198.1509920659998,196.47423103134167,197.3268280029297,3069300
2023-12-08,197.0994714318912,197.47840824818195,195.31850453272855,196.881591796875,2210400
2023-12-11,197.2510443979157,198.15099583926155,195.44165906055045,195.47007751464844,3390100
2023-12-12,195.91531467045806,197.8573242333504,194.9964127961377,197.70574951171875,3552100
2023-12-13,197.77206593440374,204.2043645041095,195.22377197781026,204.10015869140625,5170100
2023-12-14,208.80835469135147,214.0375671929247,208.4483683243525,213.65863037109375,7636600
2023-12-15,213.4502275661759,215.04171881106578,211.9818781370464,213.70599365234375,9581200
2023-12-18,214.27437333073723,215.04170043358772,211.73554750066893,212.25657653808594,3132400
2023-12-19,212.79657567335175,214.4070173836202,212.68288740153605,213.54495239257812,3101100
2023-12-20,210.75983218506363,212.89130302074784,209.5851641756843,210.31459045410156,3727300
2023-12-21,212.00083092652193,212.61659787393688,210.52301338066604,211.7734832763672,2640200
2023-12-22,212.23764822571937,213.22286950015032,210.29565304133524,211.25244140625,2368800
2023-12-26,211.1576973450742,211.9155565057015,210.90193126164445,211.08192443847656,1656400
2023-12-27,210.79773522037186,211.59348087119406,210.03987602460515,211.1482391357422,1449300
2023-12-28,211.64082691945126,211.65029491845192,210.27668340542053,211.15768432617188,1543400
2023-12-29,211.1955957062147,212.18080248467524,209.3009550549774,210.82614135742188,2631400
2024-01-02,208.64731016118836,210.87351879846833,206.9516130698912,207.131591796875,3277800
2024-01-03,204.9717280818666,205.47380678097144,200.9550984890278,201.0877227783203,3285400
2024-01-04,200.7371732087682,202.09184880442672,199.96984605019574,200.09300231933594,2487000
2024-01-05,199.52462840558752,203.03919363266732,199.33516720672046,201.3150634765625,2577900
2024-01-08,201.91184495878144,205.96637462202557,201.43818481630004,205.7011260986328,2462700
2024-01-09,204.04333330170718,206.07059830920443,203.9864963924722,205.57798767089844,2025000
2024-01-10,206.27900635359023,208.94097422611713,206.18426853654088,208.6094207763672,2311300
2024-01-11,208.5241413292741,209.22516356016607,206.6484511690008,208.56204223632812,1864800
2024-01-12,208.65678830927314,209.41464752828907,206.5916367537911,207.37791442871094,1603900
2024-01-16,207.51998585287035,208.97886723247964,206.2316296465093,208.81781005859375,2594400
2024-01-17,207.44417222958594,209.35776307065194,205.0758717423614,206.56317138671875,2824000
2024-01-18,207.46314428670107,208.61887620122474,204.46014069075366,206.73370361328125,3121900
2024-01-19,207.06530634202036,209.88831724444373,205.43591400653662,208.4199676513672,2851900
2024-01-22,206.33585284877634,208.76099074631995,204.87698580117848,208.27786254882812,2540800
2024-01-23,208.2778536532494,208.2778536532494,203.59360294774015,204.19342041015625,2375900
2024-01-24,204.85038066606774,204.98367183438143,200.31845188810686,200.46127319335938,3514800
2024-01-25,201.43239593640618,202.52728660078145,199.50918240746756,201.91795349121094,2892100
2024-01-26,202.1464582106125,202.80338389055467,200.68024088661505,201.82273864746094,1912600
2024-01-29,201.6322999055723,202.50821523177208,199.7566937140683,201.68942260742188,2194700
2024-01-30,200.76589812737532,206.00235881533104,200.03280409096612,204.2410125732422,2742500
2024-01-31,204.80277511994765,206.202339661696,202.51777949502883,202.64154052734375,3429300
2024-02-01,202.81288302915905,209.9915880601907,202.19401987953796,209.67739868164062,3265400
2024-02-02,207.11631004072862,210.35340378017122,202.3273295367757,208.97288513183594,3304900
2024-02-05,206.91637173463087,207.8684555242196,204.5837693556677,207.56378173828125,2303700
2024-02-06,207.3638740349373,209.38228723179424,205.85957974623642,207.6685333251953,2147500
2024-02-07,208.81102515827186,211.69583789857958,208.39210596351566,211.0674591064453,3303000
2024-02-08,211.36261325958932,212.8764230841377,208.74438268993225,209.8297576904297,1909700
2024-02-09,210.22961934945613,211.65774503448316,208.6682025149324,211.61013793945312,1359100
2024-02-12,215.5232302223914,219.87426066768396,215.05671840382968,218.84600830078125,3258400
2024-02-13,214.15220820862638,216.89421427891034,212.93354207242155,214.6282501220703,3388600
2024-02-14,215.17095021787128,216.2848865796639,212.1909231168919,216.05638122558594,2002100
2024-02-15,216.83707191371732,217.65586451170915,215.54223744544288,217.3892822265625,1925100
2024-02-16,216.38009807829147,217.97007634552352,214.57113006826387,215.980224609375,2388400
2024-02-20,212.30516608666125,215.58032206742521,211.1436227196638,214.70440673828125,2580100
2024-02-21,214.89483115790475,217.1703107557459,214.24740664884976,216.87515258789062,1700000
2024-02-22,217.37979231491641,220.2074679932126,216.72285213184836,219.46484375,2115700
2024-02-23,220.35981228308088,221.921229273413,220.08371434858893,221.4166259765625,2112600
2024-02-26,221.81650169078256,223.00660655900367,219.91233390162878,220.23605346679688,2928000
2024-02-27,221.29283321770234,228.0145571265924,218.99832227420083,224.1110076904297,5076700
2024-02-28,226.59595027398407,229.87112095530875,225.97710159900018,227.3576202392578,3288600
2024-02-29,227.5194609755874,229.8235019687991,227.11958753322625,229.13800048828125,3107400
2024-03-01,228.7571693272405,233.3462055009658,228.27159731142896,232.9653778076172,2712300
2024-03-04,232.517909490485,233.53663161390472,230.43284361991917,230.49949645996094,2321500
2024-03-05,230.17578462176797,231.38493516995112,228.60485209209472,229.2808380126953,2514600
2024-03-06,229.7663960259545,230.8517710280012,228.3668316117829,229.5664520263672,2367600
2024-03-07,230.52806843843774,232.45126736545225,229.85208250928642,230.13771057128906,1792900
2024-03-08,230.0329844239432,232.29894868350976,229.93777022587938,230.356689453125,1502900
2024-03-11,229.75685900969043,230.5566058782296,227.4718492783204,229.4141082763672,2058900
2024-03-12,230.1091331015822,232.75592487064822,229.55692276109167,231.60389709472656,2095300
2024-03-13,232.53694984328112,236.6404286492355,232.53694984328112,235.5550537109375,2238000
2024-03-14,234.84100849334928,235.92638351310148,230.8708205387913,232.9082794189453,2492700
2024-03-15,232.52742184626365,235.40271898307992,231.9371345405319,233.0034637451172,5692800
2024-03-18,233.9269970421416,234.52681451136715,231.36588918308556,231.81336975097656,2480900
2024-03-19,232.78449461706575,236.30720185502582,232.7559332646005,236.13583374023438,2408400
2024-03-20,236.63089982399964,240.3249895944312,235.56457062331663,239.8870391845703,1882600
2024-03-21,240.8391039979018,248.81755568589693,240.82957386301732,248.4938507080078,3418500
2024-03-22,248.6176477668436,249.91246779051176,245.9898871766688,246.11366271972656,2493200
2024-03-25,246.32312135629385,247.0276540690505,241.57221797479346,241.82928466796875,2024600
2024-03-26,241.32469964333046,242.8194637645581,239.2396336440198,239.3729248046875,3048900
2024-03-27,240.277384150312,241.21995234302224,239.20153933424632,241.19139099121094,2351900
2024-03-28,240.69630806102384,243.05747186542368,238.95399292818306,242.52430725097656,2631200
2024-04-01,241.210452777646,243.08605915211027,236.61188597078538,237.33546447753906,2363000
2024-04-02,234.47919250456374,235.18373973270283,231.81335501130127,232.73687744140625,2819700
2024-04-03,229.5093462495262,232.4417664513512,228.9666659722961,229.16659545898438,3144500
2024-04-04,231.88953694937717,233.5937751526047,226.41505488818342,226.60546875,2343600
2024-04-05,226.59596446739994,228.90952133301914,226.43411195038374,227.85272216796875,1680700
2024-04-08,226.84350883167,231.08980949360262,226.56741088790835,230.96603393554688,2389200
2024-04-09,232.10852291318295,233.07965253936155,229.3379698610057,232.67977905273438,2126100
2024-04-10,226.72924169482397,227.82413228343506,223.80635190399508,225.79620361328125,2955100
2024-04-11,227.54803115997126,228.7762128857834,222.01642653443884,224.1586151123047,2494600
2024-04-12,222.18780392144367,222.7114529456415,219.68383326915603,220.93106079101562,2117400
2024-04-15,223.5111983144436,223.5968969015403,218.18905310533341,218.98880004882812,1933100
2024-04-16,217.96053627101244,218.8364661469615,216.42769530721608,217.40834045410156,2201000
2024-04-17,219.20778597223548,219.8266346498952,216.3515344858437,217.89390563964844,1982300
2024-04-18,218.85552286982846,221.15956417951983,216.6466957618163,217.8272705078125,1993100
2024-04-19,218.49374650017185,220.98820174991695,217.92249033065642,219.2078094482422,2112200
2024-04-22,220.62638677424016,221.87361429490792,218.56036656042187,220.1503448486328,1872800
2024-04-23,221.20260406624664,224.0533855500578,220.23640842064378,223.4315643310547,2189900
2024-04-24,222.13056621574017,222.29319235708277,218.90671206688762,220.3033905029297,1485100
2024-04-25,217.89268439731538,220.64778234016927,214.93667215255127,219.9877166748047,1996800
2024-04-26,219.99728063587662,223.1254801566424,219.75812196358447,219.901611328125,2001200
2024-04-29,220.035538826523,221.79575774218597,219.872912681587,220.9252166748047,1527300
2024-04-30,220.0259952897801,221.2504866175388,217.8161713247951,218.10316467285156,2435200
2024-05-01,217.51002997037972,220.9730575566095,215.69242985496055,217.65353393554688,1713900
2024-05-02,220.15032798152941,220.2459826845001,216.56294818569998,219.62417602539062,1672800
2024-05-03,223.46988340041588,227.82255983449727,221.92012517966256,222.06362915039062,1834700
2024-05-06,224.6465234135005,224.76131490390878,221.16437376594362,221.65225219726562,1714000
2024-05-07,222.37933378214368,224.6465536049316,221.1931013658492,221.42269897460938,1912500
2024-05-08,219.62418479267754,222.9054346369809,219.06933494378964,222.00621032714844,1689200
2024-05-09,222.0158085928197,226.68419113955557,222.0158085928197,225.8901824951172,1652700
2024-05-10,225.5457597578925,227.04766859614315,224.26385820900745,224.8378448486328,1336700
2024-05-13,226.05277358691302,226.60762344261397,221.64268721048978,222.87673950195312,1983700
2024-05-14,222.76195154636068,224.9526385347224,219.89204751437822,221.53746032714844,2763200
2024-05-15,224.8856961936263,227.02856326391745,224.6465375088786,225.8423309326172,2103600
2024-05-16,224.19691175711333,224.79002060766769,221.67139670054056,222.18797302246094,1847300
2024-05-17,222.58019263664616,222.943718491655,220.16946911911623,221.0878448486328,1968800
2024-05-20,220.22687233586674,221.05913982215296,218.34230088075827,219.23196411132812,2684400
2024-05-21,221.7479341035412,221.7479341035412,211.80849980820537,215.10888671875,5397700
2024-05-22,214.43925157271553,215.65416720952948,210.6605471854139,211.5406494140625,2769800
2024-05-23,212.1432996481171,212.22940786239937,207.4175366290911,208.0489044189453,2636600
2024-05-24,208.29763435500163,208.80464955273038,205.43729149093346,205.87734985351562,2632200
2024-05-28,205.46601501362048,207.39842133884596,204.69114318439566,206.03042602539062,3072400
2024-05-29,204.365873279416,205.31293227937775,203.55272795494207,204.97811889648438,2359800
2024-05-30,205.973027400124,207.35058378711574,204.17454938409725,206.1165313720703,2778100
2024-05-31,207.1114210891517,211.81806225555488,206.66180159384703,211.69369506835938,4598400
2024-06-03,210.16309678253307,211.43542278933643,206.63311211503378,207.33145141601562,2480500
2024-06-04,205.96346480345133,208.86206693112612,205.7817018652328,207.14012145996094,2291200
2024-06-05,207.38883284071045,210.1248087015597,206.40350025488485,209.95262145996094,1727900
2024-06-06,209.7230110202396,210.65094780199271,208.53679339191825,208.97683715820312,2033900
2024-06-07,206.9105219784396,208.76639571393778,205.43731089809387,207.2740478515625,1602400
2024-06-10,207.06357283392674,208.91944644209397,206.7287594553635,208.64202880859375,1851500
2024-06-11,208.39331724656884,209.053397581173,205.68603906394995,208.88121032714844,1910100
2024-06-12,212.20071946360395,217.14651918793714,212.20071946360395,215.26194763183594,3609500
2024-06-13,216.17073623568052,217.53871679887635,213.69305595871887,217.0221405029297,2116600
2024-06-14,215.0610308152862,215.96026971130112,211.81803997360458,213.6643524169922,1936600
2024-06-17,212.7172879740223,217.37609419335737,211.99981196420666,216.93605041503906,1700800
2024-06-18,217.64396581920292,219.26068087556385,217.1082526969482,217.8927001953125,2072900
2024-06-20,216.9647619233639,218.46667087448412,215.33848578499175,217.66310119628906,2377800
2024-06-21,217.80658293734936,220.12165177217628,216.7255956451823,218.6771240234375,3627300
2024-06-24,218.83974422805446,220.03553757852552,217.8735484558251,218.4857940673828,3463000
2024-06-25,216.96476814547668,217.2134879300257,207.57060772388363,207.8289031982422,3892000
2024-06-26,207.07315655851872,209.65606736619478,206.50873098362675,209.29254150390625,2601200
2024-06-27,210.02916711266334,210.7657799742903,208.62291283005194,210.26832580566406,2654600
2024-06-28,210.62225648815425,211.95197811416915,208.90031113865263,210.89968872070312,12630400
2024-07-01,209.9239368110522,210.93796733435897,204.22238714428448,204.29891967773438,2569200
2024-07-02,203.46663502634394,205.53296946486577,202.615230734141,204.43283081054688,2173700
2024-07-03,206.47043992139962,207.58970061083085,203.81099699839172,204.05015563964844,1423500
2024-07-05,203.4666347958986,205.52339354303302,203.313569742014,204.61459350585938,1907400
2024-07-08,205.67647171253017,208.83336931404705,205.4755719918597,207.7332305908203,2947500
2024-07-09,206.60438718613713,207.77148263062028,205.87735010477317,206.9487762451172,2571700
2024-07-10,208.13501136324356,211.33016764553446,207.48449219964405,211.16754150390625,2007000
2024-07-11,215.82638240321737,220.0068718970817,213.8461413184886,219.78684997558594,3006900
2024-07-12,221.09740156817855,227.73644855281407,220.3512276889283,223.92904663085938,3180600
2024-07-15,223.85251085850456,224.89523913655324,220.62865671934506,222.10186767578125,2074600
2024-07-16,222.72371148748238,230.55853789828654,222.03493329357397,230.52027893066406,2356500
2024-07-17,229.06620331947082,234.97821406116324,227.4303659617107,232.50051879882812,3958800
2024-07-18,231.45775851476222,236.2600687081651,227.59296082012526,228.98963928222656,2606700
2024-07-19,229.01834228532633,230.5776615238227,227.53557017188305,228.176513671875,2739300
2024-07-22,229.0661690183701,230.9316037071327,226.31107109230788,229.85061645507812,2308500
2024-07-23,230.63505979336585,231.48646410530563,227.21988145341408,227.97561645507812,2211000
2024-07-24,227.33157217570374,229.83087444068343,222.4867455881836,222.69822692871094,2756800
2024-07-25,222.84242307417992,229.4367450036826,222.09261627240616,225.6781768798828,2142600
2024-07-26,227.10085301532126,233.12804166584226,226.9278308345533,229.619384765625,1942500
2024-07-29,229.0426195550442,231.64766228267646,228.13902020259854,230.51336669921875,2082300
2024-07-30,230.88825900804105,232.99345008918525,229.0714528788657,232.0513916015625,1782500
2024-07-31,233.24339289197536,239.34748526006956,231.89761590852058,236.0022430419922,3054700
2024-08-01,237.2711371307519,238.65537330224203,229.76359352596637,232.01296997070312,2022800
2024-08-02,229.0426428252449,231.20550821793407,226.0915261155316,231.109375,2258800
2024-08-05,227.17776813213524,231.65730616473078,223.72679978564676,227.84104919433594,3058000
2024-08-06,226.5433217195977,234.75260554151816,226.5433217195977,231.33045959472656,2319500
2024-08-07,232.3398140663736,233.91630210142097,222.15032323863306,222.621337890625,3355400
2024-08-08,223.19809324399364,227.6391720592326,222.0541754478577,227.17776489257812,2084300
2024-08-09,226.6490616879541,228.54277163158014,225.22638103359165,226.69712829589844,1675500
2024-08-12,225.658954667656,225.658954667656,220.49692065396079,222.12147521972656,2592300
2024-08-13,219.93937204315412,227.61993765215826,218.81468384762442,227.04318237304688,2860800
2024-08-14,226.69713948509903,230.36919676095428,226.66830245248298,228.43704223632812,2098500
2024-08-15,232.89733392981995,233.53177793701684,229.03301049346604,230.7633056640625,3029400
2024-08-16,231.11899331857165,232.78200712621006,229.8789568890037,231.8111114501953,1725700
2024-08-19,232.87811449374863,234.1085434091119,230.84982680753942,233.7913360595703,2708600
2024-08-20,230.70565089468008,236.3483219124273,229.4079257412494,231.0228729248047,3910400
2024-08-21,232.1475529401988,233.3010782199923,230.56145751396645,232.98385620117188,2676500
2024-08-22,233.58945964418214,233.89707420363249,230.4076467176987,231.00363159179688,1979900
2024-08-23,232.29173029401517,241.50073198142596,231.51310112301562,240.3856658935547,2685400
2024-08-26,242.12558869417467,243.39446216454996,240.4337378431803,240.7990264892578,2790500
2024-08-27,240.18379243957628,240.2510739559235,238.04015668492963,238.94375610351562,1772500
2024-08-28,238.85724619230004,240.73172667020233,237.3576618099782,239.2994384765625,1372000
2024-08-29,240.31841073627103,241.03936596847984,236.8482122985244,237.2135009765625,1612900
2024-08-30,238.2516429356526,239.41477565710213,235.89651112543265,238.87646484375,2586900
2024-09-03,237.6268149376217,239.78007293662887,234.1854539218993,235.95420837402344,2460200
2024-09-04,235.3774170054455,236.3194608772479,232.72430757005822,235.94456481933594,2094700
2024-09-05,236.809706043288,236.809706043288,232.23403530883232,234.6564483642578,2083100
2024-09-06,235.3678357382511,237.87676030276285,233.7240515058315,234.36810302734375,1889700
2024-09-09,235.7523229859168,236.2233522755775,232.9550136149084,235.25245666503906,1823000
2024-09-10,235.00254097223416,238.76112399353875,233.21457162033028,237.7998504638672,2112900
2024-09-11,235.56968883445157,238.2420280735089,230.70564712117272,237.7998504638672,1841500
2024-09-12,238.96295842584794,242.43315609460763,237.93440348311518,242.28897094726562,2222400
2024-09-13,243.19256471777928,247.44139142007657,242.82727612910043,245.5188446044922,2118100
2024-09-16,247.0953292101992,248.1335209668256,244.3749382475759,246.70123291015625,1591300
2024-09-17,246.46089937740325,249.44082342790023,246.0859886728812,246.77810668945312,1343500
2024-09-18,247.17224132843882,251.82480120142245,245.65342755148262,246.6916046142578,1625200
2024-09-19,250.78662325375467,252.1227779817318,249.49849112418576,250.89234924316406,2261300
2024-09-20,249.23896345790314,251.42104349296977,247.96048275655687,250.065673828125,4470300
2024-09-23,250.70012875895318,252.29584636366994,248.27772998683287,252.1324462890625,2131000
2024-09-24,255.05468782007824,257.7078120984384,253.24751826103557,255.73721313476562,3414100
2024-09-25,255.8429137541569,256.27549852557195,253.69929281174294,254.7086181640625,1815500
2024-09-26,255.83334039164922,256.40048822975535,249.24861112618896,255.32383728027344,2254500
2024-09-27,257.3810100399331,258.3038244949759,255.44884068917048,256.7946472167969,1852300
2024-09-30,258.03457614632924,260.76458870565546,256.7272585837217,260.3608703613281,2032800
2024-10-01,259.5534803935007,263.5427597553262,257.8327925265143,262.0816345214844,2552400
2024-10-02,261.25486763218447,262.3314890811643,260.2647572636689,261.3317565917969,2244200
2024-10-03,260.96653310751884,261.7547550605095,258.21727571913715,259.7456970214844,1634600
2024-10-04,259.5438376742087,259.98601525772096,252.968730640084,257.3905944824219,2245600
2024-10-07,254.88167991022212,259.4573514673756,253.38209549557774,258.1404113769531,2302100
2024-10-08,260.0052327153743,263.63884489503585,259.3611666471823,262.6871643066406,1947900
2024-10-09,267.33018537234466,267.33018537234466,262.6968397297709,266.44580078125,2431000
2024-10-10,262.25463520273667,264.3982562665916,260.49548832410835,262.6295166015625,1714400
2024-10-11,263.39855146596915,266.01321646354234,263.39855146596915,265.0807800292969,1303600
2024-10-14,265.0134804700949,270.50234366993607,264.84045828921967,269.8583068847656,1760300
2024-10-15,271.0022508837746,275.89512971059867,270.4735328322493,270.91571044921875,2369100
2024-10-16,270.2043821217835,273.38619526631584,269.93522669775405,273.04974365234375,1754900
2024-10-17,273.0016604530761,274.1936301464915,270.1274622181365,270.41583251953125,1574200
2024-10-18,270.8868712123122,271.4444262922396,268.28182813893375,270.73309326171875,2031100
2024-10-21,269.71408016383543,271.7520044327401,264.9942535415425,266.1189270019531,2438300
2024-10-22,261.4856205185882,262.8314269572242,257.784740819561,261.6778869628906,3102500
2024-10-23,261.2820902525573,263.16450835970613,259.9112778991801,260.7511291503906,2109400
2024-10-24,261.32068806291164,262.9424716690389,260.4422145778779,261.9577941894531,2025900
2024-10-25,261.09866194323087,261.7840533658484,257.0345397457515,258.3667297363281,1788000
2024-10-28,260.83801691365426,261.7937055806866,258.3280968345805,258.6852722167969,2140300
2024-10-29,254.08057726155704,255.88578021298227,251.49341233579142,253.85853576660156,2311100
2024-10-30,253.433768034741,256.242944877435,251.19414513153424,252.33328247070312,2356300
2024-10-31,252.34290148932746,254.40876804719062,251.91814442995732,252.75799560546875,2950700
2024-11-01,256.3491327998496,257.5268630552388,252.50705187864907,252.86422729492188,2262400
2024-11-04,253.31795858692615,258.29917719804934,253.2889992125672,255.79891967773438,1741700
2024-11-05,254.91076705622146,259.9402411547192,254.91076705622146,259.8533630371094,1562500
2024-11-06,256.9283058037389,256.9283058037389,248.3366830123564,252.66146850585938,4439300
2024-11-07,253.68481625397348,257.8841026164357,253.404855973756,257.07318115234375,1972500
2024-11-08,259.6603072824514,262.479117709778,258.6273739072824,261.70684814453125,2102400
2024-11-11,264.06229547627396,266.7266459659262,262.8556059280021,264.9986877441406,2252100
2024-11-12,266.19571384619525,267.1803619100562,260.1043473748349,260.54840087890625,2634600
2024-11-13,263.27071730823394,264.7959600346782,261.4365549667491,262.88458251953125,1819900
2024-11-14,263.21274772974334,263.9174649416687,260.4614900187572,260.9827880859375,2324000
2024-11-15,260.5484106998724,262.52739930601325,259.15830193367424,260.06573486328125,2264000
2024-11-18,259.1293362036426,264.13951362134003,258.0674434971586,262.3536071777344,2600600
2024-11-19,253.97432184575845,255.80848379827506,249.50473970039772,250.27703857421875,4214000
2024-11-20,250.31570070211555,254.52464971382034,249.97785115276452,253.91647338867188,2864200
2024-11-21,254.91073672387623,256.484264518252,253.17311565805073,256.0305480957031,1844800
2024-11-22,256.8896771614834,257.6619760485325,253.8102329362553,255.5092315673828,2410900
2024-11-25,259.6216612196932,266.0702028262902,259.18724121635415,265.7806091308594,3691700
2024-11-26,265.1145428154618,265.2593396788218,261.5813520484985,264.9600830078125,2422300
2024-11-27,265.61647656585603,266.81353253644875,263.116219553865,263.7243957519531,2263800
2024-11-29,263.2610199189959,264.6704544306351,262.50804686847573,262.99072265625,1526400
2024-12-02,263.9657542850711,264.31326673390214,260.11401067622387,262.6239013671875,2202700
2024-12-03,263.4637749692089,265.88678748294643,260.5870165591277,264.8828430175781,2459100
2024-12-04,262.9811605723217,264.6222410201893,260.8959970677957,262.8363342285156,2081000
2024-12-05,262.21843992137985,263.37684407735065,260.200858765721,260.7124938964844,1959800
2024-12-06,262.4694952739702,267.3348467681738,261.73581853396627,263.95611572265625,1745700
2024-12-09,264.50635670647034,270.9163059149951,263.26104480742833,264.6511535644531,2647000
2024-12-10,263.0390373873859,263.47342796894543,259.2838051967972,260.7511291503906,2214700
2024-12-11,261.95781482556293,263.87888468029405,257.98057066190273,258.6177062988281,3297100
2024-12-12,259.023180583552,259.0907622743999,253.9357581645731,254.37017822265625,2391600
2024-12-13,254.01298054369656,255.57684547945823,252.9897101669588,253.2986297607422,1999300
2024-12-16,253.66545470994708,254.8625108466644,250.94318531528353,251.08798217773438,1964600
2024-12-17,249.4854613932863,250.9624481127497,247.4389207843767,248.81936645507812,2402100
2024-12-18,248.4911737293919,250.64391853160834,240.99038722506998,241.1544952392578,3084400
2024-12-19,240.37254627387455,241.94607408158734,235.68093695016856,236.0477752685547,4159000
2024-12-20,236.06707607797154,240.57528105628842,235.54579269014567,239.13690185546875,5693100
2024-12-23,237.71783738412645,239.3299728284194,236.73317460332652,238.7990264892578,2079000
2024-12-24,239.38789995266117,241.55029296875,238.63492683806092,241.55029296875,992100
2024-12-26,239.63888739753259,241.47304955246437,239.23344149160334,240.7876434326172,1435200
2024-12-27,239.74509080031356,241.41514504871222,238.73146861067144,239.7354278564453,1581100
2024-12-30,239.3106577338784,239.33961710371102,236.05742752851236,238.1811981201172,1622800
2024-12-31,238.68318457353757,239.60026565317997,237.27376474759393,238.248779296875,1397900
2025-01-02,239.6678429255549,241.21239662860887,236.7428287917323,238.4225311279297,2741000
2025-01-03,239.52304776639804,240.150535179791,237.3992770728235,239.87057495117188,1889200
2025-01-06,240.1215624617966,243.94434655172805,238.72179085669953,241.0869140625,2573400
2025-01-07,241.46342891958898,242.94041586349798,237.60202206385864,238.0267791748047,1803500
2025-01-08,236.93592109642447,238.67355708404804,234.5418530301974,238.33567810058594,2364900
2025-01-10,238.44185834943846,241.33791330914826,236.028479216347,239.3106689453125,2537800
2025-01-13,239.4844667692914,242.457751962432,238.19089894405784,240.04437255859375,2689700
2025-01-14,241.3475564904309,243.62578693376904,240.6428539226894,242.48667907714844,2055100
2025-01-15,248.89658409279266,250.75007208279973,247.17825946443466,247.82505798339844,2880600
2025-01-16,247.9022985208937,250.53771920106774,247.04315084887344,249.81370544433594,1882300
2025-01-17,250.95281672314215,252.94143884487056,249.4372369617674,252.01470947265625,2758500
2025-01-21,253.88747377837623,257.5944204306396,253.58821713568105,255.19070434570312,2804400
2025-01-22,254.56045507864897,254.56045507864897,249.89682824805726,250.14892578125,2074100
2025-01-23,249.95503124896513,253.54245060746703,249.95503124896513,253.36793518066406,2614300
2025-01-24,252.96068747251974,254.97740868873498,251.48695242137342,254.2211456298828,2021600
2025-01-27,255.12283056608933,260.99841944490447,254.99678179523437,260.2518615722656,2178700
2025-01-28,258.14789604610337,258.82660657549945,255.588218198122,256.3638916015625,1459100
2025-01-29,257.12984932273514,258.4872407370868,253.45517254584695,253.76544189453125,2092400
2025-01-30,255.627044834567,258.44849620503373,254.4635789508889,255.96640014648438,1630400
2025-01-31,254.29870317841258,256.14087942582614,251.70993943240865,252.1268768310547,1735100
2025-02-03,248.24860161847704,250.80824990354506,244.69997343259044,248.69459533691406,1862000
2025-02-04,248.16132687391138,250.371959090082,247.3565823606932,249.4023895263672,1976300
2025-02-05,251.0312424631495,251.5451131139123,247.1141734034425,250.60462951660156,1693300
2025-02-06,252.19471885968014,252.67950362970504,247.92863359570086,249.1309051513672,2397400
2025-02-07,249.00486546847847,249.5187361599105,243.70131870720886,244.2733612060547,2163600
2025-02-10,247.55051562291285,249.04363149233552,244.87449407738185,248.6364288330078,1980600
2025-02-11,248.209825299539,250.08108758424623,247.82200336529186,249.20848083496094,1549900
2025-02-12,243.11956462026583,243.36195700772373,239.00858440297537,242.64447021484375,2634000
2025-02-13,243.98248570303193,245.60166510760615,242.52813134982014,244.97145080566406,1832100
2025-02-14,246.75545446121882,248.61704104641424,243.60435337281424,244.12791442871094,1805900
2025-02-18,242.84807801929605,243.71099429733775,240.8313716493258,243.08078002929688,1989400
2025-02-19,239.72607789788958,241.30648104252475,237.66088996478544,239.1734161376953,2513300
2025-02-20,238.68862366661384,239.17340843947912,236.68162240006927,238.92132568359375,2025700
2025-02-21,239.8521252019108,240.20117083923995,231.48473507017403,231.89195251464844,3165000
2025-02-24,231.57199192215282,232.17313511415895,228.75054093040984,229.8655548095703,4871400
2025-02-25,230.75755207449717,237.0015823212732,230.75755207449717,235.0139617919922,4380900
2025-02-26,244.26365332993564,245.25261842836318,233.73414206012782,239.5515594482422,4664300
2025-02-27,239.5612490753683,240.8895546406443,237.47666564108064,238.02932739257812,2702100
2025-02-28,240.61809259558697,242.11123810630156,236.86586287272593,241.07379150390625,3011000
2025-03-03,241.11253975391588,242.08210926837324,236.38105058359457,238.6692352294922,2740900
2025-03-04,237.166399841467,237.22457164529945,231.80468160287901,232.55125427246094,2791800
2025-03-05,230.75754848744495,235.60539614474422,230.56363754004437,235.56661987304688,3175800
2025-03-06,234.4613248954816,237.8451132894947,232.73547741776386,236.09019470214844,2596500
2025-03-07,234.69400917262095,235.65388837875597,231.10660470072253,235.2757568359375,2570600
2025-03-10,235.12061607280907,239.11523788794347,233.73413871648208,235.0042724609375,2497500
2025-03-11,234.4613227228391,234.66492404955687,224.5426152764869,225.58975219726562,3294600
2025-03-12,225.9193991441729,227.60645551424486,219.51054372407017,221.38182067871094,2825500
2025-03-13,220.80006342837018,221.41089696235755,213.470120198349,215.8843536376953,3193600
2025-03-14,217.5132360987941,217.92045354719446,214.29427278524267,217.61019897460938,2672300
2025-03-17,218.1531396621352,219.7335426970248,216.60182252897738,218.97727966308594,2821300
2025-03-18,218.0270990969241,218.71549998421514,215.7971009764635,216.16552734375,1811800
2025-03-19,216.98967310149837,219.01606995564558,215.6516623583497,218.6476287841797,1944100
2025-03-20,218.6767255845767,222.57439959941323,217.19328524953784,219.37481689453125,1924200
2025-03-21,217.513220829524,220.27649985724494,214.2748622092484,220.16015625,6353400
2025-03-24,221.43030140887961,226.03575683056542,221.43030140887961,225.8030548095703,2485100
2025-03-25,225.24069607982275,226.05513093772535,221.12973072405325,223.6699981689453,2476800
2025-03-26,223.77663982976705,226.46235144245884,223.64090069380734,224.9886016845703,1790500
2025-03-27,225.6576269660002,226.7629356836212,223.8348314408346,225.10496520996094,2425000
2025-03-28,225.41524105666218,225.55098020853862,220.51891163022438,221.46908569335938,2118300
2025-03-31,219.840193840715,227.82943705534132,219.840193840715,226.1326904296875,3465700
2025-04-01,225.3279694010711,227.37376185138118,223.46639754210227,226.88897705078125,2212800
2025-04-02,225.07588290495403,228.92507534155635,225.07588290495403,228.12033081054688,2534400
2025-04-03,216.0104151204227,219.287565261128,213.89676039154892,215.74864196777344,4475000
2025-04-04,213.9355152034665,222.83617136199587,212.37450763681755,216.49517822265625,4829800
2025-04-07,211.41464749607064,218.7833673443792,205.25787481465045,210.3384246826172,4478000
2025-04-08,213.32471633959005,217.06725574184455,201.26326765063118,205.24819946289062,3294400
2025-04-09,202.44613235711623,217.4841512981922,200.10946610601667,216.40792846679688,4106200
2025-04-10,214.23610853733192,216.6018459694537,206.86737354907862,214.4687957763672,3482500
2025-04-11,212.67511416273697,214.43972327839788,207.32308541344028,213.64468383789062,2904000
2025-04-14,216.1364446314531,218.73489874647203,213.79008807059373,217.31932067871094,2766100
2025-04-15,217.18359269446447,218.18224820945824,212.14183368009174,213.79978942871094,2805200
2025-04-16,212.6750823398263,214.61422139997714,206.8091837239786,207.88540649414062,1916400
2025-04-17,210.41599549970283,213.9743141016655,209.21372388818057,212.3357391357422,2166900
2025-04-21,211.0462035108454,211.53098828891814,204.00713385923407,206.29531860351562,2769700
2025-04-22,208.263529111899,213.83855367139526,208.04053227196692,212.40359497070312,2224000
2025-04-23,216.5070231597987,219.94766382365898,211.653075785504,212.2476348876953,2382500
2025-04-24,212.24763502691872,217.29651664552432,210.81484530221505,216.42904663085938,2243200
2025-04-25,216.58501181552052,216.71171089928978,213.2223327639613,215.3179168701172,1493700
2025-04-28,214.91829406388587,217.88133338824562,213.74867366933674,215.5518341064453,2046700
2025-04-29,213.75841565092955,218.21273846344587,213.75841565092955,217.61817932128906,1603900
2025-04-30,216.31207479998315,218.32968212630368,212.66675837575738,217.90081787109375,3455500
2025-05-01,217.83261122602656,219.83070591906875,215.59083012495822,216.69223022460938,2067800
2025-05-02,218.83652426045356,221.9652582688611,218.27120454569587,221.43893432617188,2318800
2025-05-05,220.2888131627231,221.36097388527858,218.41741752451483,219.4895782470703,1878300
2025-05-06,217.50120155553998,218.99247012814837,216.34133756659006,217.36474609375,2175700
2025-05-07,217.30628991246473,219.36287843287175,216.0879321366912,217.85211181640625,2924000
2025-05-08,218.88527944478497,220.8931305672075,216.80919315192546,218.79754638671875,2405700
2025-05-09,218.0177805097223,219.47980966509067,215.77601436951446,216.63372802734375,2053800
2025-05-12,225.1524806512025,227.84260883214534,224.44096398921027,226.88742065429688,3496600
2025-05-13,229.18770323079855,229.39239386845782,223.76845055694213,224.92832946777344,2963100
2025-05-14,223.69045421191268,225.3181781724549,222.26740599850356,222.7255096435547,2291000
2025-05-15,221.43893711524564,226.76071488485786,221.2245049837564,226.56578063964844,2489200
2025-05-16,226.711991990897,228.35919900102797,226.02969982533543,228.30072021484375,1818200
2025-05-19,224.52870161583354,230.02593089486035,224.13883310570185,228.49566650390625,3387000
2025-05-20,231.0006090978674,231.52693305569625,224.32400326564706,225.3961639404297,3459500
2025-05-21,226.80947433964621,227.2383386445551,219.47982999741564,221.61439514160156,4541600
2025-05-22,220.3570341803914,221.69234937156276,217.32575982951627,218.0860137939453,3116700
2025-05-23,215.31790835006623,217.32575932181797,214.68435346616906,215.47386169433594,2958400
2025-05-27,217.64741524440782,220.10362845000665,216.38032030415675,220.0938720703125,3418200
2025-05-28,219.30437776770282,221.01981999079717,218.68057924362034,218.83653259277344,2214500
2025-05-29,219.83070415627475,220.27906632190516,216.0489320690245,219.23614501953125,2739400
2025-05-30,218.24199374126815,220.54225380115798,216.77996442030084,220.0159149169922,4127300
2025-06-02,218.41740937440574,220.17184736742598,215.72728103346128,219.81121826171875,3890400
2025-06-03,220.18159521278992,223.51503493175147,219.52855727735894,223.00819396972656,2456200
2025-06-04,222.8814619353023,224.2752707496997,222.08222709128358,222.60855102539062,2301100
2025-06-05,223.12513062865517,223.9926006254362,221.29271608027452,221.82879638671875,1985100
2025-06-06,223.01791754816213,223.32982422972728,219.080192364842,219.56753540039062,2216900
2025-06-09,219.97691867053382,219.97691867053382,217.48172451637652,217.94956970214844,2523400
2025-06-10,218.37842604999634,220.21082582456685,216.51677200938104,219.19715881347656,2174400
2025-06-11,220.9028750560245,220.9028750560245,215.0742558687953,215.99046325683594,2378000
2025-06-12,215.99046365533576,218.65135276511674,214.18728827150076,217.8423614501953,2485900
2025-06-13,215.64931204472336,217.59868435699204,210.85385794124605,211.7700653076172,2425900
2025-06-16,212.832451513864,213.0761230321354,209.37231297990442,210.61016845703125,2392500
2025-06-17,209.60625327466678,210.3177699786175,205.77572908580296,206.55548095703125,2518600
2025-06-18,207.1792753006077,208.28067535422178,205.0837061319471,205.49307250976562,2528400
2025-06-20,206.30208231781234,207.53992306952802,205.00574790183498,207.36448669433594,6148400
2025-06-23,207.4034704772178,213.25158769196844,206.42878427475935,213.03717041015625,2639500
2025-06-24,213.45626499269002,214.83057602163927,212.19892641404365,214.4114532470703,2210000
2025-06-25,213.94361504017445,216.0002034607466,212.66677853275147,215.1132354736328,2082900
2025-06-26,215.6493044052952,217.16981237539554,214.47968403387415,215.6298065185547,2254700
2025-06-27,215.81500747987772,219.51881785753352,215.66881050508138,217.9690704345703,3256700
2025-06-30,218.39790699034538,219.14840452903726,214.08978162803558,216.2535858154297,2735300
2025-07-01,213.96311588148237,226.292890194962,213.59273037130433,222.8522491455078,3974500
2025-07-02,223.3298470760929,223.58326012639154,219.85021030749914,221.19528198242188,2174300
2025-07-03,221.23425950003045,222.74502601616896,218.36867982210345,222.5305938720703,1777900
2025-07-07,221.97501874480153,222.49160119027212,217.0138551708499,219.2946319580078,2740500
2025-07-08,218.3784268644473,221.0880530721635,217.74487196668946,218.00804138183594,2672000
2025-07-09,218.52462473865234,219.94767301522032,216.48753432090297,219.85995483398438,2339400
2025-07-10,219.07046140775978,224.528709988319,218.81704835397767,222.14073181152344,2417100
2025-07-11,219.86971290185429,220.97111305765247,217.78388504657954,218.4564208984375,1840100
2025-07-14,217.61818973506493,218.50514286455387,214.23602746705882,216.77020263671875,2767000
2025-07-15,217.3647340034676,217.41347128122385,209.469785800415,209.56724548339844,2947200
2025-07-16,210.044858971738,211.1657420613223,207.1792793978088,211.1170196533203,3604400
2025-07-17,210.87335951570358,213.48551132100133,210.38601642911544,213.04690551757812,2474000
2025-07-18,213.75839483418343,214.28473362878583,212.0526942499687,213.61219787597656,2399100
2025-07-21,214.46018831522323,217.10159427539162,214.06056343191764,215.3179168701172,2904400
2025-07-22,217.01384770344112,221.48766807130505,215.89296467109045,221.08804321289062,2880000
2025-07-23,222.11691510391344,224.38042726831273,221.22524480456357,224.00807189941406,2337000
2025-07-24,223.46914516393826,224.86055874082845,220.97047372553598,221.01947021484375,2083500
2025-07-25,221.94054834758688,222.7538422174049,220.55892810060826,222.23451232910156,2053500
2025-07-28,222.185521616175,227.1828645769481,220.96068412104725,225.3603057861328,3302200
2025-07-29,225.6934571697648,226.1931854833599,223.55733281123864,225.40928649902344,1852900
2025-07-30,225.61506241390387,226.47735277898653,220.98028160484319,222.85182189941406,2047400
2025-07-31,221.35261815287276,223.7239166153224,218.49139966167698,219.0695343017578,2778400
2025-08-01,219.01073614066382,223.55733229741,217.29596365770698,221.84255981445312,3400900
2025-08-04,221.85236181237,229.8285027095709,221.72497393271544,229.1033935546875,3871300
2025-08-05,229.67172363027072,233.49321056523192,229.41696281848309,232.679931640625,3107000
2025-08-06,232.77792415538823,234.88465371096584,231.8078623854765,233.49322509765625,2448700
2025-08-07,235.16879715762835,236.4034279601193,231.84703849584204,233.75778198242188,1948300
2025-08-08,234.2869326750611,237.26573101960184,233.5030336522987,236.295654296875,2746100
2025-08-11,236.68759603967248,238.2749806185953,233.02287694148023,235.02182006835938,2689500
2025-08-12,237.0697534185697,240.42090706998036,236.08988340523453,239.94076538085938,2973200
2025-08-13,242.5178056916066,253.2963748334558,241.7633016652212,251.1700439453125,6030300
2025-08-14,246.9370273157227,248.67140136002584,246.50589708557,247.9561004638672,3635000
2025-08-15,249.0535491898711,249.0535491898711,244.40896013625937,246.98602294921875,3026800
2025-08-18,246.63324604431534,247.90707987987346,245.42801027720495,245.8395538330078,2977000
2025-08-19,249.63166467280615,253.17880408155509,249.63166467280615,251.19944763183594,4702600
2025-08-20,260.05748116265926,262.13480069141536,251.28766297073074,251.96377563476562,5226000
2025-08-21,250.92507529102178,253.46296469196045,249.20052457060783,250.5037384033203,2697300
2025-08-22,252.169537009979,260.15547110272564,249.51408287311395,258.4211120605469,3796400
2025-08-25,256.78470771137216,257.36282737323376,253.54134068272518,253.65892028808594,2336700
2025-08-26,253.2669721393967,253.55114278094126,250.9838884488477,253.12977600097656,2865300
2025-08-27,253.62955859817592,255.39334261931563,252.88484779569953,253.46299743652344,2148700
2025-08-28,253.98230058051237,254.2174597972285,250.54294751975152,252.355712890625,1779100
2025-08-29,252.58107896107197,253.60015213328353,250.80753160618238,252.86524963378906,2177600
2025-09-02,251.28767439776576,253.79613921485318,250.4645722314598,253.53155517578125,1783700
2025-09-03,252.26756441002783,256.1282549228868,251.8266109121066,255.43252563476562,2002400
2025-09-04,257.74500182230855,259.38136790442087,256.2065988132747,259.24420166015625,2258700
2025-09-05,261.9878240893782,265.23119123585644,259.8909179433317,264.5354919433594,4488200
2025-09-08,263.79074622459433,267.720033777128,263.271416415425,267.5240478515625,4464800
2025-09-09,266.79898772518226,266.79898772518226,262.2132035542641,263.6144104003906,3120500
2025-09-10,263.006899849229,263.58501953789136,259.7439161329168,261.184326171875,1918300
2025-09-11,262.44836041955307,267.9062431471273,261.8310375745294,266.91656494140625,2253400
2025-09-12,264.62367320058013,267.1125512172966,264.1043433293024,266.3580322265625,2906300
2025-09-15,266.0150866934772,267.1615177111582,263.68299158661443,266.61279296875,2648100
2025-09-16,267.43589196764987,267.7690441543996,263.98676059019095,265.07440185546875,1940700
2025-09-17,267.11254140985517,269.44463656239344,261.4880678351287,262.55615234375,2854600
2025-09-18,263.6536122850116,265.1234171969763,262.1054010319179,262.1838073730469,2301700
2025-09-19,262.1445949557552,262.24258792708116,259.7732966239959,259.86151123046875,4079000
2025-09-22,259.6655475091591,260.06729779369647,255.11893639920805,255.1483612060547,3435300
2025-09-23,254.3350343507582,255.5304768507353,252.07153722507925,254.5800018310547,2972900
2025-09-24,253.09064490335612,254.28608756670224,251.1798863346168,252.1499481201172,3156000
2025-09-25,249.78846338288648,252.24793174733594,249.05356086883182,250.3861846923828,2877900
2025-09-26,250.46456978236088,252.50270116422254,249.08294950233073,251.9441680908203,1923600
2025-09-29,251.95395938221603,252.14991542587038,245.68278287176375,248.2206573486328,3282100
2025-09-30,247.7209341613889,248.495039840094,244.60495471485484,246.25112915039062,3114400
2025-10-01,246.05514479481843,246.20211930729542,241.49875548848462,242.99795532226562,3106500
2025-10-02,241.66532085947907,243.98760776330758,241.39095848061444,242.35122680664062,1951900
2025-10-03,241.59674027537568,242.74318635967276,240.5874753904399,241.39097595214844,2023600
2025-10-06,241.16559419288023,241.5281562518362,235.68812460443203,236.80517578125,3307700
2025-10-07,236.25644718870947,236.48181309356374,233.1600545197062,235.06100463867188,2597400
2025-10-08,234.59068260612048,234.59068260612048,232.46436647930827,232.80731201171875,1995600
2025-10-09,232.81711756800092,233.16987136544088,229.75991300631145,229.9460906982422,2284800
2025-10-10,230.61240800788528,231.37670540355964,226.94768886459394,227.54541015625,2158600
2025-10-13,228.309699606576,231.22970788719113,227.95694582456935,229.75990295410156,3072000
2025-10-14,229.211187908394,236.87377846186163,228.53507521819046,235.90370178222656,3130200
2025-10-15,236.64839768117452,241.1264107459174,235.67833595282553,236.66799926757812,2569500
2025-10-16,237.46167965120748,238.30436840469912,235.59993273033538,238.20639038085938,2258700
2025-10-17,238.3141884547549,240.28372176535868,238.3141884547549,239.77418518066406,2549600
2025-10-20,240.04853611486644,241.14600062574695,237.38328865528769,237.39309692382812,2110500
2025-10-21,237.01094416214397,242.02787343423532,236.14865383664255,240.33270263671875,2056200
2025-10-22,240.53949534378683,242.37101495402442,238.80645050754282,239.8009796142578,2508200
2025-10-23,238.4027429965762,241.03185738948733,236.3152098513004,240.1357879638672,2234800
2025-10-24,241.583263828017,242.2627007088045,238.99354553222656,238.99354553222656,1804000
2025-10-27,239.72220914869615,240.72659477449443,238.0384016548564,239.9191436767578,1939300
2025-10-28,238.55042065793916,242.85351583298404,238.3830255632784,240.3327178955078,1612900
2025-10-29,238.7867418727228,239.8403648118162,233.24294590284933,234.83815002441406,3121400
2025-10-30,234.4246084112656,239.59421884641404,233.38082682609738,236.14781188964844,2076700
2025-10-31,234.4344357085543,235.67513672894313,232.829390043377,234.48367309570312,2404700
2025-11-03,232.78999771206412,233.68606702867046,229.41251145144798,232.0317840576172,2333700
2025-11-04,231.91363307202766,234.36549563610836,229.8950204407545,234.11932373046875,2632600
2025-11-05,232.92786067305292,234.48366892339797,228.07334286926584,230.7615509033203,2749600
2025-11-06,229.51098518132517,231.37204412461767,227.58099089469508,227.80747985839844,3272700
2025-11-07,228.28998776721383,230.59415332876696,227.58101143671414,229.58978271484375,3053800
2025-11-10,229.04819446535245,230.52522593775913,225.6707080187091,229.46176147460938,2588000
2025-11-11,230.17072423878196,233.23310324570247,230.1017888953918,231.7363739013672,1968100
2025-11-12,230.80095038759418,233.08543307341785,229.3140773632958,231.106201171875,2587500
2025-11-13,230.86000881267222,233.02631856515717,227.37422125937215,227.92564392089844,3109000
2025-11-14,226.74402626166466,228.58538733385643,223.49455405621842,224.361083984375,2691900
2025-11-17,223.72102781094404,225.26699461095657,221.51533712321478,221.55471801757812,4411500
2025-11-18,215.69584393057673,220.29433369168802,215.44967200530218,216.2078857421875,6260400
2025-11-19,226.48799730293996,229.40267931084335,220.8260434070487,224.91250610351562,7728900
2025-11-20,224.58755828318294,226.92126317725112,222.32277371070307,224.93218994140625,4769200
2025-11-21,227.00987507454172,232.93769869577093,225.45408187234312,230.70245361328125,6090000
2025-11-24,230.41690980165106,230.86987273112666,225.2276016858308,225.25714111328125,4212600
2025-11-25,227.18713252026166,235.25172666100607,226.7637090238196,234.45413208007812,3330300
2025-11-26,233.8633182652713,239.32833776028798,233.0263277477391,237.91038513183594,2303300
2025-11-28,237.89068791074502,239.30864054360225,237.11279127126593,238.76705932617188,1289900
2025-12-01,238.2944093528283,245.6204878129874,237.56573508873169,242.6171875,4083100
2025-12-02,242.5384214170826,243.4344908169423,238.88523851787258,239.44650268554688,3886100
2025-12-03,239.45633256570545,244.19269272498937,239.45633256570545,243.1587677001953,3275600
2025-12-04,242.82398197682818,244.3600923161477,241.24847571719005,242.4005584716797,4092800
2025-12-05,242.38086165355617,244.872120232934,241.8983743159388,244.66534423828125,2642100
2025-12-08,243.32617144596188,244.3010176511623,241.0712432861328,241.0712432861328,3935000
2025-12-09,240.07667531484427,242.21344555009472,237.20138939816505,238.95413208007812,2865500
2025-12-10,239.09199386395784,244.63578986259924,238.66858540782692,242.43008422851562,4778900
2025-12-11,244.822892241078,248.03296853186913,243.72003186943525,244.28131103515625,2832100
2025-12-12,245.3349223426181,246.8907306348874,242.16422690301656,243.50340270996094,2046900
2025-12-15,243.94651255703087,245.6204784797156,240.12591984338263,244.9705810546875,3108400
2025-12-16,246.37870588334292,247.127063095478,242.27254512129048,242.6959686279297,2692000
2025-12-17,242.2331526413624,245.78787552299943,241.32724184100508,244.16314697265625,2030600
2025-12-18,246.92026214919758,250.1500363403553,243.67080502374378,243.91697692871094,2553400
2025-12-19,243.25723025098358,243.34586355852016,236.64998453883072,236.75830078125,5458200
2025-12-22,236.8961371395901,239.03290736118203,235.9606869541212,238.3633270263672,1776600
2025-12-23,237.8020519747829,238.50118677177457,235.87205769552008,238.4420928955078,1863800
2025-12-24,238.0482237702044,240.2440728786049,237.64449825415718,239.27908325195312,787900
2025-12-26,239.0132322114433,240.96292460210964,238.58982372845924,240.7462921142578,1179700
2025-12-29,241.35677341251335,241.6029453075926,238.9147524203663,240.09637451171875,1597100
2025-12-30,238.92461986437047,239.90930755174838,237.34911355450913,239.4563446044922,1371400
2025-12-31,238.698129421695,239.6631190816551,237.33925569889558,237.46726989746094,1615200
2026-01-02,237.80206188026426,243.4443177749802,236.29549101322044,243.10952758789062,2595000
2026-01-05,241.32725280701098,244.0351438640576,240.2145509464339,241.00230407714844,2835800
2026-01-06,237.7922294042808,244.4979499925457,236.3447373360929,242.71566772460938,2573200
2026-01-07,248.02312119719008,252.8677674333275,243.3163156009636,243.33599853515625,2423300
2026-01-08,241.37647870015536,253.87216687781176,240.17515861368128,252.28680419921875,3163400
2026-01-09,255.96959549244852,263.94554231633197,255.16214431635873,263.118408203125,4092100
2026-01-12,262.40941551023116,267.3722499314278,259.5735101266902,266.7420654296875,3269500
2026-01-13,268.9576092361589,270.53308549504334,266.21032217550436,270.05059814453125,2946600
2026-01-14,268.03197725882205,273.8416281000091,268.03197725882205,270.7398681640625,3207600
2026-01-15,270.93680637222917,273.94994823820394,269.25299887072157,272.7683410644531,2620700
2026-01-16,272.08890223489306,274.17643527227483,269.87335499328424,273.300048828125,2915700
2026-01-20,268.03196130999237,271.0253898054639,263.6697726549024,264.2901306152344,3956200
2026-01-21,264.5275484934901,275.2989393810608,264.10223848991467,274.09222412109375,4022100
2026-01-22,274.3494090919265,278.2959479474391,271.8865350915977,271.9557800292969,2883500
2026-01-23,272.0051987844139,274.2702687097938,270.9963176410621,273.71636962890625,2204000
2026-01-26,275.7935091559037,276.45622609208425,272.6184747249243,274.883544921875,2021900
2026-01-27,273.99333109668794,273.99333109668794,269.35440345338816,270.9567565917969,2492900
2026-01-28,270.7391837708657,271.01613335666724,265.14081768586766,266.48602294921875,2952400
2026-01-29,265.78370155561873,268.02900025237386,262.8163719809008,263.73626708984375,3264700
2026-01-30,263.1625625198824,264.6462272849807,259.80949584708344,264.15167236328125,3199300
2026-02-02,263.75605555315235,267.386072064953,259.82928795346135,266.1299133300781,2763400
2026-02-03,265.0221192632201,277.45523843118434,264.695696079871,271.85687255859375,3450200
2026-02-04,273.31086065354793,277.11893988698046,270.31385879990677,272.8459777832031,2774000
2026-02-05,272.6382557333037,274.06254615832836,269.27525806809547,271.89642333984375,2683500
2026-02-06,273.56800325573766,276.6243794141634,272.02499422432743,275.3484191894531,2211800
2026-02-09,275.29892416589564,275.96164102980094,271.46120340251343,273.8746337890625,2471100
2026-02-10,275.9616496107929,282.6183698032154,274.35929647494885,281.5699157714844,2820200
2026-02-11,279.31473836193254,284.21081389139925,277.72225584512887,283.9140930175781,2945200
2026-02-12,286.23854284649286,289.86855945833355,281.9655806191238,282.4205627441406,3659400
2026-02-13,282.31176718786975,286.7132882291448,279.07735842473033,284.26031494140625,2241800
2026-02-17,283.9042148443631,286.70338259420146,275.2198310852724,278.09814453125,2305000
2026-02-18,277.366217157918,280.77862827212795,274.97255786906334,279.0575866699219,2018700
2026-02-19,278.3750815347525,279.0377682375088,273.71638254398505,275.15057373046875,1997000
2026-02-20,274.646145997926,280.71926479535,273.8548400048622,277.30682373046875,2810000
2026-02-23,277.70248900462724,278.9092042197348,269.3741708503211,271.3721618652344,3058100
2026-02-24,275.08133821023,278.1080422571565,274.07245698474685,275.5561218261719,3284700
2026-02-25,263.35050594995334,271.2040408238996,259.7006880723913,260.1556701660156,5565700
2026-02-26,260.4721892316791,263.251585548232,259.0874414523848,261.5107727050781,3428200
2026-02-27,258.84017092762787,262.6086772140729,257.2674898162581,261.6888122558594,3252500
2026-03-02,257.16858311794294,258.6028045978889,253.4000766801492,254.36941528320312,3023800
2026-03-03,250.71955593253563,256.15967509991947,248.5633037437217,254.89361572265625,2758300
2026-03-04,255.20024633748326,256.09043918036434,252.70768524774982,255.8035888671875,2174900
2026-03-05,253.60777078721802,254.22101409186632,249.87883735348467,251.93618774414062,2270400
2026-03-06,247.83137836172352,250.22502254948864,245.40806208386124,249.1468963623047,3126800
2026-03-09,247.39616964036242,248.711687651881,240.93728303676485,247.49508666992188,2896300
2026-03-10,246.20922842730772,251.8372660343838,244.62666168189295,248.37538146972656,2092000
2026-03-11,247.34671495867477,248.62266006323907,243.57819363773018,244.1914520263672,1895800
2026-03-12,241.58020630133194,243.19244516795624,236.21923247903445,236.8423614501953,3008800
2026-03-13,238.22713254094646,239.18657037990587,234.4091676096309,235.00262451171875,2755000
2026-03-16,238.08865607626697,241.29336256576303,236.78302373416142,239.47340393066406,2315300
2026-03-17,239.79979879455666,241.34280777370066,236.9115997913299,237.0995330810547,1969000
2026-03-18,234.49818394647858,236.17966780845958,227.8414783454718,228.5734100341797,2742800
2026-03-19,227.9502674616819,228.256889106806,223.70697766415105,227.20843505859375,4129000
2026-03-20,226.74354326600903,227.3567865320624,221.70896275196066,222.18374633789062,3644000
2026-03-23,229.03829695421928,234.17177999490355,227.65354906521506,231.69900512695312,3830500
2026-03-24,227.851344931507,232.6089608801918,225.96214150173338,231.87701416015625,2133400
2026-03-25,234.75532697497184,236.18953323160588,230.83846044089012,233.6079559326172,2322800
2026-03-26,231.61986495585964,235.93238475119446,231.32312896543462,233.45960998535156,2113600
2026-03-27,232.7276581417156,233.31124444410773,226.79299883322477,227.80189514160156,2999800
2026-03-30,230.20544138051199,231.66931979272337,228.6030730946968,230.04718017578125,2905400
2026-03-31,233.9937289760132,236.17965333484426,229.90870038701712,233.70687866210938,2636400
2026-04-01,234.18166078532806,235.86315973462126,232.50017692865458,233.41015625,2378500
2026-04-02,228.61298563472494,232.9452769160097,225.51706668783686,228.51406860351562,2760200
2026-04-06,227.29745402869523,233.19254047683125,226.3874747478628,232.63864135742188,1949800
2026-04-07,230.2548804415078,231.30334958353376,226.82268307118454,229.08773803710938,2522400
2026-04-08,241.6988893961538,244.31013885961252,239.96794711678407,241.0065155029297,2539900
2026-04-09,238.37547711039997,246.2784703533365,235.58618005079222,245.11131286621094,2283300
2026-04-10,245.75425628033855,246.5356464729405,240.98673924250272,241.5604248046875,1840200
2026-04-13,241.184560634299,244.5871011931571,238.60298312479725,244.3892822265625,2484100
2026-04-14,244.19145751989953,245.97184327002014,241.89671530200815,245.73446655273438,1959500
2026-04-15,245.10143784747365,245.73446758392436,240.22511816030138,241.3329315185547,1757500
2026-04-16,241.17467793132332,243.1232257160893,239.12721311573495,239.780029296875,2374300
2026-04-17,243.6078699173904,252.73736513436114,243.6078699173904,248.97874450683594,3773400
2026-04-20,248.06875756117483,251.8768214920039,245.3091325815013,250.53163146972656,3852000
2026-04-21,251.40205677075323,254.3001565717218,247.94017218548927,248.4545135498047,2493200
2026-04-22,250.4720409071407,250.4720409071407,242.26276597326563,243.68399047851562,2256000
2026-04-23,243.356021972869,246.0990640466105,242.52118505891286,245.02569580078125,1775800
2026-04-24,243.62436328299796,245.7512183327433,241.6366477163176,242.9485321044922,2098400
2026-04-27,241.85530045055953,245.36361725328763,240.61297820695702,241.06021118164062,2854400
2026-04-28,242.5510032576538,243.99209405920604,237.52208513033912,238.8439178466797,1701000
2026-04-29,236.41889790772626,236.96550756472718,229.84949725449115,232.0657958984375,3205400
2026-04-30,233.03977842578004,237.8003658972301,232.46333906780347,237.32330322265625,2958900
2026-05-01,236.8860055794821,237.70096106516456,231.6384377663352,231.89683532714844,1879500
2026-05-04,230.20728990626054,231.0620082314055,222.22661288703003,222.3458709716797,3578500
2026-05-05,223.1210761867023,226.47037212118252,221.63028948612302,223.84658813476562,2745000
2026-05-06,229.09415062497348,232.59253424482907,227.53380180154363,231.93658447265625,3095200
2026-05-07,231.7875224676512,234.1529089369102,229.0941610973134,229.46189880371094,2174900
2026-05-08,231.52912086196517,231.52912086196517,226.7486520825696,227.79220581054688,1746300
2026-05-11,226.59958010317604,227.59343791064612,223.1210777770308,224.67149353027344,1948600
2026-05-12,227.55369181487652,227.6928313022637,222.7533567524189,223.14096069335938,3269900
2026-05-13,221.63028766884253,221.8091747922133,216.7504422693431,219.095947265625,3080200
2026-05-14,221.4116379598681,222.84279560851243,219.87115534736714,222.23654174804688,2142200
2026-05-15,220.94452108223348,221.15323788907529,216.87964639361243,217.0784149169922,3019300
2026-05-18,217.07841473196757,221.2824288998778,215.99511339016493,216.68087768554688,3713800
2026-05-19,214.68321209009162,218.69840598551946,212.18863453924143,217.02871704101562,3343900
2026-05-20,212.66569387495184,220.17925663125004,206.72242830733472,219.69227600097656,6111600
2026-05-21,216.41253875406701,218.0921608842406,213.25207818834872,216.0746307373047,3267000
2026-05-22,215.885794805777,215.885794805777,212.2582198635499,213.70924377441406,2801300
2026-05-26,214.65339827017218,215.97523093240443,209.75368671244772,210.77735900878906,3714400
2026-05-27,213.7490003215785,218.9866199106267,213.31170047135876,215.50811767578125,3051400
2026-05-28,215.6671498056416,217.1678696743581,213.1825052226273,216.5814971923828,2127200
2026-05-29,215.69696407020228,217.72444253996161,212.83464866116182,213.04336547851562,3623300
2026-06-01,211.69170457426472,212.6358664208081,206.27518277192704,206.42425537109375,3304600
2026-06-02,206.78204955877158,207.21934941320046,203.25385136788367,205.3707733154297,2959900
2026-06-03,202.31964614450436,206.5733564523648,202.1506769678012,206.37457275390625,3873500
2026-06-04,210.9264387317311,211.8209198596085,205.61924166691207,206.25531005859375,3173700
2026-06-05,206.7224265311482,210.55871832241544,206.1758016972111,209.4456024169922,2423900
2026-06-08,207.487700982025,211.09539455037054,206.63298265164593,206.69261169433594,2342900
2026-06-09,207.9746789236399,216.06468085396807,207.41812097895954,216.0348663330078,3779800
2026-06-10,216.55167681981933,217.1579306882978,213.46077843545646,214.86212158203125,2656200
2026-06-11,215.18015296760012,220.28858159897678,214.37513055300633,219.69227600097656,2705300
2026-06-12,221.40170212136408,222.18684309573123,217.93313300622242,219.42391967773438,2434300
2026-06-15,223.6180086001941,224.81063494638178,218.6387864014538,218.83755493164062,2860900
2026-06-16,220.53703887015956,224.07518536263615,220.19913085912972,222.64402770996094,2156500
2026-06-17,221.60047219829576,225.9237596420195,215.1304634579935,215.93548583984375,3888800
2026-06-18,218.14185887217727,223.43912288475022,218.14185887217727,220.835205078125,6813300
2026-06-22,216.16406451165682,217.73436160469885,212.58617048129952,213.08309936523438,3169200
2026-06-23,212.5365022194956,215.17021939315407,210.83699866389944,212.2283935546875,2766400
2026-06-24,214.45464116094513,221.53090405167708,214.01734128970807,220.08981323242188,3183200
2026-06-25,220.2090745143003,224.93983206448485,218.7580354899846,220.5668487548828,3063700
2026-06-26,221.17310865598645,222.88254528918466,219.62269291077564,221.1134796142578,3337700
2026-06-29,219.86122155373786,220.42771260829798,217.7045519688855,218.3008575439453,2372900
2026-06-30,218.34062239731313,219.64257368824002,215.26960543649173,219.13571166992188,3015900
2026-07-01,221.39175217335713,225.09885258749236,219.34440758628446,220.55691528320312,2864300
2026-07-02,222.14709613967668,226.10264587402344,219.82145739952205,226.10264587402344,2332500
2026-07-06,226.59958354374572,227.40460595360884,217.21756327236588,222.40550231933594,2479400
2026-07-07,225.18830257365713,225.19823569225213,218.00271491215958,219.54318237304688,2074500
2026-07-08,215.74664719036244,215.74664719036244,211.03575588675017,211.54263305664062,2994700
2026-07-09,212.00975320105192,213.84838103223592,210.77736406947787,211.69171142578125,1704300
2026-07-10,211.81096226727593,213.50053260176944,210.11147397961076,210.3301239013672,2166100
2026-07-13,211.68177145600896,212.3476543407304,205.49002664280616,206.42425537109375,4265100
2026-07-14,208.0243815557983,209.50523519320484,206.27519722109562,206.40438842773438,3032700
2026-07-15,206.49383232888175,210.85686731588208,206.265234123809,208.37222290039062,2993400
2026-07-16,208.3126011599194,214.90186806843997,208.3126011599194,214.83230590820312,4230600
2026-07-17,216.61130725859525,219.13571459544963,207.13984351617302,207.44793701171875,3475900
2026-07-20,208.27283794516407,208.7101378031623,202.3693201923211,203.45263671875,3266000
2026-07-21,202.66747984261505,203.73091496305327,200.64001661238365,202.25999450683594,3390000
2026-07-22,203.5,205.07000732421875,202.2100067138672,204.35000610351562,3248100
2026-07-23,201.75,203.0,199.39999389648438,201.9199981689453,4132200
2026-07-24,202.60000610351562,207.8300018310547,201.9600067138672,207.63999938964844,3427800
2026-07-27,211.3000030517578,213.13999938964844,209.30999755859375,211.5500030517578,2982000
2026-07-28,216.16000366210938,220.14999389648438,215.72000122070312,218.24000549316406,3969100
2026-07-29,215.9499969482422,220.2899932861328,213.74000549316406,215.67999267578125,2419100
2026-07-30,214.35000610351562,214.8800048828125,208.52999877929688,210.0800018310547,2755900
2026-07-31,207.75,210.08999633789062,206.02000427246094,207.80999755859375,3977000
2026-08-03,212.0,214.89999389648438,207.66000366210938,212.05999755859375,2270800
2026-08-04,211.75,218.7899932861328,211.02999877929688,218.0800018310547,2852500
2026-08-05,218.0399932861328,220.1300048828125,217.0800018310547,219.94000244140625,2360000
2026-08-06,220.0,220.05999755859375,216.25999450683594,218.39999389648438,2137900
2026-08-07,218.82000732421875,223.5800018310547,218.32000732421875,223.35000610351562,2360400
2026-08-10,220.25,221.22999572753906,217.0,218.8800048828125,2116900
2026-08-11,219.0,223.91000366210938,218.94000244140625,221.25,2138600
2026-08-12,219.5500030517578,220.91000366210938,214.1999969482422,215.97000122070312,2136700
2026-08-13,218.2899932861328,218.66000366210938,215.36000061035156,218.22000122070312,2754800
2026-08-14,218.52000427246094,218.6999969482422,215.83999633789062,218.47000122070312,1737000
2026-08-17,215.75,216.35000610351562,213.55999755859375,215.80999755859375,2955800
2026-08-18,219.25999450683594,220.5,214.6199951171875,215.63999938964844,3128000
2026-08-19,217.0,225.7899932861328,212.3800048828125,220.0,4957500
2026-08-20,215.9600067138672,220.30999755859375,212.3800048828125,217.33999633789062,5891800
2026-08-21,218.72000122070312,218.72000122070312,215.1300048828125,216.08999633789062,2928700
2026-08-24,217.3300018310547,219.82000732421875,215.4499969482422,216.97999572753906,2552900
2026-08-25,216.99000549316406,217.6300048828125,213.27000427246094,214.60000610351562,1989900
2026-08-26,215.08999633789062,215.38999938964844,210.2100067138672,210.36000061035156,3777100
2026-08-27,208.52999877929688,208.94000244140625,205.77999877929688,206.74000549316406,3083600
2026-08-28,207.99000549316406,208.6999969482422,205.6999969482422,208.0500030517578,2791600
2026-08-31,206.0,207.1300048828125,204.60000610351562,204.6999969482422,4340700
2026-09-01,203.75,204.38999938964844,199.38999938964844,200.0500030517578,3506700
2026-09-02,201.0,202.17999267578125,199.33999633789062,199.83999633789062,2787900
2026-09-03,201.0,203.3699951171875,199.35000610351562,201.89999389648438,3396600
2026-09-04,201.02999877929688,205.47999572753906,200.50999450683594,204.4499969482422,2436100
2026-09-08,204.0,204.75,200.72000122070312,200.8000030517578,2865200
2026-09-09,200.0,201.13999938964844,197.13999938964844,198.60000610351562,2444700
2026-09-10,198.10000610351562,198.10000610351562,195.05999755859375,196.58999633789062,2487500
2026-09-11,199.0,199.85000610351562,196.7100067138672,196.82000732421875,3287400
2026-09-14,196.1699981689453,199.77999877929688,195.99000549316406,198.1699981689453,2363900
2026-09-15,197.72999572753906,197.75999450683594,194.08999633789062,194.61000061035156,4093200
2026-09-16,196.27000427246094,197.77000427246094,193.35000610351562,194.10000610351562,2983800
2026-09-17,198.61000061035156,199.35000610351562,193.92999267578125,194.19000244140625,2338700
2026-09-18,193.3000030517578,194.63999938964844,192.08999633789062,192.49000549316406,5881200
2026-09-21,192.5399932861328,193.08999633789062,188.22000122070312,190.97999572753906,3558400
2026-09-22,194.77000427246094,196.75,192.6199951171875,196.0800018310547,3446200
2026-09-23,194.14999389648438,195.50999450683594,191.30999755859375,191.36000061035156,2934800
2026-09-24,190.97000122070312,192.69000244140625,187.5,188.49000549316406,3741600
2026-09-25,188.36000061035156,190.5800018310547,187.14999389648438,189.27999877929688,3455100
