dt,o,h,l,c,v
2008-01-02,25.49896540553709,25.620082402409267,24.93612088192505,25.092863082885742,63004200
2008-01-03,25.092875758090795,25.399234186817207,24.83638937889446,25.199743270874023,49599600
2008-01-04,25.071497318229508,25.078623448990093,24.287791439563982,24.49440574645996,72090800
2008-01-07,24.6155098295244,24.793624955234158,24.401772222236918,24.65825843811035,80164300
2008-01-08,24.729509247517694,24.729509247517694,23.79618750755943,23.831809997558594,79148300
2008-01-09,23.767695011833894,24.608399054224897,23.76056888116713,24.537151336669922,74305500
2008-01-10,24.47302520439005,24.579895401962176,24.066922802131224,24.458778381347656,72446000
2008-01-11,24.323415398763213,24.394663121529536,24.024183116612843,24.159549713134766,55187900
2008-01-14,24.55140173872472,24.629772871864507,24.28066855601607,24.501529693603516,52792200
2008-01-15,24.245045826118098,24.494408795146764,24.22367286682129,24.22367286682129,61606200
2008-01-16,23.81043445143119,23.97430279834706,23.162095345962523,23.675067901611328,120778500
2008-01-17,23.895946664922477,24.08118536065103,23.48984404313525,23.589588165283203,94247800
2008-01-18,23.625211322713852,24.223678789762094,23.48984468436402,23.518341064453125,117062000
2008-01-22,22.471014274423215,23.176348944133437,22.442515190158367,22.770246505737305,108521400
2008-01-23,22.428262984263508,22.834365374427627,22.11478124804863,22.748870849609375,137597400
2008-01-24,23.04810571303649,23.767692640524437,22.884240055742765,23.689321517944336,155640400
2008-01-25,24.864881412288366,24.936126400589785,23.418584232935135,23.468456268310547,196992300
2008-01-28,23.525463380470693,23.582458849224068,23.097985134616337,23.311725616455078,81019000
2008-01-29,23.40433051937151,23.432829596740323,23.04810020572615,23.226215362548828,68023000
2008-01-30,23.19773244197941,23.368721569607004,22.834375789580214,22.941246032714844,106432600
2008-01-31,22.734618508134012,23.32596213333968,22.59925060845375,23.226215362548828,103642200
2008-02-01,22.129035347996105,23.689325111794428,21.551942394940795,21.694435119628906,291138900
2008-02-04,21.72292920532914,21.886794859995057,21.45219470452942,21.509191513061523,119998600
2008-02-05,21.309704184009153,21.33107849898723,20.58299378168936,20.71123695373535,137534100
2008-02-06,20.86085794272119,20.910729993797602,20.155521736973014,20.319387435913086,138315600
2008-02-07,20.191134158351,20.504617212870045,19.87765110383196,20.034393310546875,164964900
2008-02-08,20.155521700731576,20.7183651661824,20.119897836518568,20.347885131835938,124872000
2008-02-11,20.31938798133988,20.38350957984832,19.88478633787415,20.09852409362793,156814100
2008-02-12,20.255260802032844,20.390628734799343,20.027273563001565,20.191139221191406,84365900
2008-02-13,20.390628577988576,20.69698557876141,20.32650699764025,20.632863998413086,88986200
2008-02-14,20.57587027203344,20.689865266663745,20.2766366385433,20.30513572692871,69113500
2008-02-15,20.16976539548268,20.404877411280694,20.127018126858818,20.248136520385742,68166100
2008-02-19,20.598594380938735,20.62720419537073,20.07647754527413,20.148000717163086,68261200
2008-02-20,20.133709103997276,20.21238478144285,19.969206654967383,20.183774948120117,93056200
2008-02-21,20.469861892559162,20.713038584371812,19.99780932887514,20.097942352294922,98776500
2008-02-22,20.198072449499684,20.30535655668903,19.454234790687632,19.797544479370117,125705400
2008-02-25,19.776081965950596,20.198067193381917,19.654492978992568,19.911975860595703,109974300
2008-02-26,19.840456298845364,20.641513540692078,19.79039047701582,20.298202514648438,108923500
2008-02-27,20.162311722011548,20.512773869646587,20.097940984263126,20.212377548217773,75199500
2008-02-28,20.040719604752276,20.219526878818534,19.883368330491574,19.976348876953125,83002900
2008-02-29,19.804699168156645,19.904830830931537,19.325495495432875,19.45423698425293,117411400
2008-03-03,19.482840554735006,19.59012464708639,19.218206551214333,19.304033279418945,76544300
2008-03-04,19.325492952209377,19.761781828450044,19.282578218789187,19.733173370361328,86925600
2008-03-05,19.84760074609073,20.319651681727358,19.811839848981293,20.11223602294922,106489800
2008-03-06,20.06932844853185,20.148004087188365,19.66880052882746,19.7188663482666,91127700
2008-03-07,19.554363529324053,20.07648044027726,19.540058620045304,19.933435440063477,77597600
2008-03-10,19.904825839516494,20.212374571421883,19.847607565966044,20.062175750732422,72175100
2008-03-11,20.312507380495656,20.98482315662887,20.298202470235278,20.941909790039062,98740700
2008-03-12,21.049194886754698,21.092108255379447,20.412641356087285,20.47701072692871,75993800
2008-03-13,20.412637992073176,20.73449025000443,20.14085018579398,20.46985626220703,84552200
2008-03-14,20.541386748973782,20.748803918396682,19.768939093956163,19.997812271118164,105214900
2008-03-17,19.525762188234648,20.54854045447213,19.511458636936986,20.240991592407227,84490100
2008-03-18,20.505616195275252,21.08495132338103,20.505616195275252,21.042037963867188,83695300
2008-03-19,21.01342914638309,21.16362795810394,20.46985626220703,20.46985626220703,61442100
2008-03-20,20.555679290348287,20.89898884944019,20.448395223655936,20.870380401611328,60170200
2008-03-24,20.977675870226694,21.02774170428251,20.78456362670428,20.863239288330078,48294700
2008-03-25,20.977667887679353,21.006277704362564,20.6987289959738,20.841773986816406,49149000
2008-03-26,20.76310331596841,20.791711773416118,20.298203263672878,20.426944732666016,45868100
2008-03-27,20.36972448263781,20.376876937355522,20.026414841335107,20.062175750732422,47894400
2008-03-28,20.190922640037602,20.33396904449883,19.904831195306762,19.96204948425293,49244000
2008-03-31,19.940587942504454,20.448401344328403,19.911979486112426,20.298202514648438,46780600
2008-04-01,20.620066056075608,21.12787970123611,20.47701961299581,21.09926986694336,65796200
2008-04-02,21.149324838678403,21.156477293574103,20.741644458962504,20.856081008911133,49499400
2008-04-03,20.74163818359375,20.970511214245626,20.598591857340896,20.74163818359375,38961400
2008-04-04,20.834623644224035,20.927604193676846,20.555684724248163,20.856081008911133,43860800
2008-04-07,21.135019928887004,21.163629748469802,20.763101823649603,20.856081008911133,44428600
2008-04-08,20.698733438083487,20.7416468081267,20.412642030809682,20.56283950805664,44733500
2008-04-09,20.54137868373344,20.770253135223328,20.41263859527134,20.662967681884766,45839300
2008-04-10,20.62006115160001,21.027741643961168,20.59860378098407,20.82032585144043,65591600
2008-04-11,20.64866606121655,20.74879770519268,20.176613569435833,20.226680755615234,54373700
2008-04-14,20.198075524052197,20.248141357415488,19.976354820218347,20.069334030151367,43418100
2008-04-15,20.112240098956384,20.369721611546026,20.04786937976121,20.205219268798828,34310000
2008-04-16,20.43409332139812,20.77740293095553,20.29819942270997,20.705881118774414,54107400
2008-04-17,20.827476426623324,20.98482637101586,20.670125118039252,20.898998260498047,48743300
2008-04-18,21.464029210715307,21.528399950114906,21.177937793490127,21.456876754760742,73658900
2008-04-21,21.592776007487817,21.886019952889097,21.542710167666886,21.757278442382812,54411700
2008-04-22,21.914618144174536,21.957532870349205,21.43541461542022,21.635679244995117,67387500
2008-04-23,21.77873020967151,22.501110518563472,21.67144473573708,22.493959426879883,98351500
2008-04-24,22.62269847507554,22.958855700229684,22.286541249921395,22.744287490844727,115416700
2008-04-25,21.49263702783835,21.735815066258024,21.170784704653325,21.33528709411621,145194900
2008-04-28,21.313834377146737,21.342444206351825,20.612909931922992,20.734498977661133,97473000
2008-04-29,20.59860751601478,20.67013073351181,20.348278301063026,20.48417091369629,84428900
2008-04-30,20.555682493883715,20.891839652359657,20.39118014170556,20.398332595825195,74733600
2008-05-01,20.384030703901832,21.092107396229146,20.369725793545804,21.02773666381836,71699400
2008-05-02,21.163633888801723,21.18509125768662,20.641516856993213,20.91330337524414,66024200
2008-05-05,21.406811399610106,21.621379626215553,20.734495531152717,20.798866271972656,119687700
2008-05-06,20.741646680179514,21.35674422516747,20.691580854739364,21.242307662963867,93582000
2008-05-07,21.235156779342596,21.55700912279521,20.798866501023095,20.891845703125,88775000
2008-05-08,20.94191159576156,21.0205858805947,20.741646927422355,20.93475914001465,69589900
2008-05-09,20.89183505958166,21.13501298942537,20.705876750116076,21.02057647705078,51621200
2008-05-12,21.027735107754125,21.49978620104029,20.991974198701723,21.44972038269043,64278800
2008-05-13,21.535866511730354,21.629187997493904,21.198471762630113,21.37793731689453,70934700
2008-05-14,21.456897728044073,21.722507307463164,21.342039901596163,21.485612869262695,66730400
2008-05-15,21.521498395125292,21.91632324260547,21.492784632501248,21.85889434814453,53355800
2008-05-16,21.873256164025765,21.880434948829198,21.47843258432941,21.528682708740234,81538200
2008-05-19,21.442548695998823,21.45690490219486,21.0405447998072,21.148223876953125,59615000
2008-05-20,21.033364450995116,21.040543238167196,20.55239666417483,20.645719528198242,75767600
2008-05-21,20.68161023379367,20.85389700277932,20.236536422884118,20.27960777282715,60125100
2008-05-22,20.30114909199384,20.602651353679377,20.229362578408928,20.437541961669922,52203100
2008-05-23,20.286785784705284,20.337035919255616,20.064248887748047,20.13603401184082,48890700
2008-05-27,20.179105906410758,20.459071712752763,20.13603319065551,20.416000366210938,47334500
2008-05-28,20.502143795931033,20.509322582148172,20.128856497134052,20.22935676574707,52318500
2008-05-29,20.250885419759033,20.58828142034397,20.200635301173115,20.32267189025879,47699200
2008-05-30,20.372933954473936,20.602651068609934,20.243719874865608,20.329862594604492,63399200
2008-06-02,20.27242750223989,20.358571565033227,19.777102221908418,19.956567764282227,77028400
2008-06-03,20.035530135139247,20.322674687447464,19.576098851446105,19.604812622070312,86616700
2008-06-04,19.583281730840106,19.841711197342818,19.525852808371337,19.769926071166992,79567400
2008-06-05,19.899143963471815,20.31550407409668,19.81300124773634,20.31550407409668,76063400
2008-06-06,20.092956950462213,20.222172327830634,19.734025955200195,19.734025955200195,78500800
2008-06-09,19.848888797069936,20.035533126237656,19.59763676283595,19.89196014404297,66787100
2008-06-10,19.640714925901175,20.30832715058979,19.61199977381341,20.021181106567383,77433900
2008-06-11,19.992470765676412,20.057078499783195,19.46125268352045,19.46843147277832,59330800
2008-06-12,19.669424150607753,20.494965412827757,19.51867374472313,20.272428512573242,113996300
2008-06-13,20.55239959538002,21.227190624444983,20.459078087260643,20.86825942993164,131969100
2008-06-16,20.832361308412196,20.896969015750173,20.559572906493297,20.76775360107422,74718900
2008-06-17,20.846724750096232,20.904153687319067,20.667259150123147,20.674436569213867,44256700
2008-06-18,20.49496277170725,20.717501012497465,20.430355072021484,20.430355072021484,49677800
2008-06-19,20.49496519915532,20.954397936804657,20.337036008558865,20.76775360107422,62037800
2008-06-20,20.746218925989723,20.760576499721978,20.171929668835507,20.26525115966797,97480400
2008-06-23,20.315494338376748,20.39445959763685,19.949385918129117,20.07859992980957,57145300
2008-06-24,20.04270902637813,20.107316722141725,19.748385687549863,19.906314849853516,65218300
2008-06-25,19.963748388869664,20.5811103496406,19.9278558247747,20.351394653320312,64280200
2008-06-26,20.12168295861632,20.2437196177077,19.92068099975586,19.92068099975586,67049100
2008-06-27,19.87043335842591,20.03554139766321,19.712502738969363,19.83453941345215,73450200
2008-06-30,19.906319396125962,20.085784954408844,19.734032624480022,19.748390197753906,57830500
2008-07-01,19.576104132951798,19.65506805038224,18.98027851270741,19.288959503173828,100327800
2008-07-02,19.310495553537198,19.382282057221495,18.578275680541992,18.578275680541992,84669000
2008-07-03,18.6428761471425,18.73619897640504,18.377267966777406,18.650054931640625,37074500
2008-07-07,18.743387799835443,18.944388396586145,18.269598722903254,18.685958862304688,71527600
2008-07-08,18.61417638651365,18.80799960618593,18.31267405676149,18.556747436523438,65553200
2008-07-09,18.51366960454301,18.556740959699013,18.075773157946955,18.111665725708008,54255800
2008-07-10,18.090128636072475,18.427523389248535,17.932198070115287,18.269594192504883,57830600
2008-07-11,18.061414624953937,18.405988186348857,17.853235278399616,18.126022338867188,69532600
2008-07-14,18.291129948004347,18.52802443763467,17.996806532682236,18.054235458374023,51216200
2008-07-15,17.896301588477517,19.12384506850666,17.896301588477517,18.772092819213867,92719300
2008-07-16,18.757737060285603,19.590458399899816,18.60698666855374,19.56892204284668,82060400
2008-07-17,19.798644632662615,20.035539166249837,19.461249802769856,19.755573272705078,96526100
2008-07-18,18.92284437602502,19.00180827171141,18.02551679930476,18.563913345336914,150277000
2008-07-21,18.420342449987977,18.786452306630206,18.327020974003116,18.40598487854004,77575600
2008-07-22,18.33420243401393,18.621347058789716,18.291129713387377,18.520845413208008,88657200
2008-07-23,18.563917507236926,19.26742215649524,18.556738720708143,18.973098754882812,79408800
2008-07-24,18.729021180865672,18.786450090670016,18.26241111755371,18.26241111755371,81092600
2008-07-25,18.405979726884166,18.822339597845705,18.305479493304375,18.779268264770508,58682300
2008-07-28,18.707487191178885,18.743381120102462,18.190626937599838,18.305484771728516,59707800
2008-07-29,18.319842714849674,18.800810418473215,18.233698652899353,18.74338150024414,66368200
2008-07-30,18.80798809923574,19.016167402128378,18.592628641621285,18.82952308654785,51977700
2008-07-31,18.556739914888897,18.865420909423417,18.4562382662319,18.463417053222656,60461000
2008-08-01,18.606984576379784,18.62852093101137,17.996801553950352,18.26241111755371,82720200
2008-08-04,18.226520213238402,18.341378051878635,18.02551968022471,18.14755630493164,60588300
2008-08-05,18.405996458280008,18.86542944916294,18.305496133343542,18.81517791748047,84297600
2008-08-06,19.188461928404667,19.49714298438562,18.937209810568042,19.396642684936523,95550000
2008-08-07,19.310498110307698,19.920681418593887,19.18846144865046,19.662250518798828,82565800
2008-08-08,19.633536315240573,20.265254605526163,19.518678444279555,20.19346809387207,80814100
2008-08-11,19.99965420172692,20.387299327220457,19.85608112163932,20.02836799621582,68743800
2008-08-12,19.94220423206598,20.35856408257848,19.798631303249426,20.186277389526367,62813000
2008-08-13,20.15039174756426,20.459072712832022,19.927854848804458,20.035533905029297,51165200
2008-08-14,19.970926197451696,20.301143521649823,19.784281861029015,20.035533905029297,49732300
2008-08-15,20.085793246058365,20.20782993083743,19.79864850811177,19.963756561279297,47267400
2008-08-18,19.942215061712517,20.13603684089324,19.77710569314674,19.877607345581055,38078200
2008-08-19,19.84876690546917,20.00011849368606,19.654170828041316,19.69020652770996,40332900
2008-08-20,19.848775687765524,19.877603985321052,19.58210671833611,19.668594360351562,41497200
2008-08-21,19.53165934261619,19.625353043250065,19.358685405132743,19.589317321777344,43614200
2008-08-22,19.62534442539705,20.093815472201396,19.618137009332486,20.064987182617188,47930400
2008-08-25,19.89922886703109,20.064995380218242,19.7911189565681,19.935264587402344,51381300
2008-08-26,19.877606928244994,19.978508046639625,19.58210961751102,19.65418243408203,44774400
2008-08-27,19.70463061964922,20.02895756781286,19.553277585614698,19.863189697265625,33975300
2008-08-28,19.899222816467113,20.1875126158035,19.892015399649427,20.137062072753906,48372600
2008-08-29,19.94967679122152,20.021749597121993,19.668594360351562,19.668594360351562,50735500
2008-09-02,19.942471421355922,20.007336815860903,19.502828497416505,19.531658172607422,66079200
2008-09-03,19.459590762391365,19.589321587421967,19.3442747789586,19.38751792907715,57127700
2008-09-04,19.272192244312812,19.380300752526466,18.99110984802246,18.99110984802246,66141900
2008-09-05,18.760479153882063,18.897415964547186,18.47218794797279,18.486602783203125,82305200
2008-09-08,18.89020809332359,18.976695727954425,18.501017174170627,18.82534408569336,62110800
2008-09-09,18.8829992263451,19.171289007539674,18.77488935555729,18.81092643737793,85735700
2008-09-10,19.11363866156901,19.358685416820506,18.91904246627964,19.055980682373047,75064900
2008-09-11,18.81092886628604,19.791114248911267,18.760478319896972,19.704627990722656,72913300
2008-09-12,19.560489544279704,19.99292511731729,19.416345269717034,19.90643882751465,75628500
2008-09-15,19.40191629322319,19.812729307145915,19.26497816369102,19.329843521118164,82349400
2008-09-16,18.803722199955452,19.092012029888064,18.392909020467183,18.73164939880371,111729700
2008-09-17,18.54426272241353,18.645165205086744,17.657770881547513,17.708221435546875,106972100
2008-09-18,17.873984415602088,18.270384100527973,17.304612222258385,18.20551872253418,132291300
2008-09-19,19.00551594150116,19.027136808395635,16.937034903722104,18.133438110351562,134926100
2008-09-22,18.897415771572344,18.96948857231368,18.24876331424903,18.306421279907227,105207700
2008-09-23,18.49380799171414,18.861377998134934,18.263176154275406,18.335248947143555,92181300
2008-09-24,18.436156754585234,18.803726895030238,18.3496690966733,18.537057876586914,80250300
2008-09-25,18.609123767315257,19.373092066624107,18.55146580839901,19.178497314453125,96203500
2008-09-26,18.861381500981413,19.86318924640971,18.839759246703128,19.747873306274414,100744300
2008-09-29,19.416332950853885,19.935254484459787,18.025333404541016,18.025333404541016,134383100
2008-09-30,18.573092890926493,19.236160278320312,18.40732638774667,19.236160278320312,107192700
2008-10-01,19.01272793376139,19.45237069392081,18.940656521981996,19.084800720214844,88957000
2008-10-02,18.868584417945904,19.120838492319205,18.522636680066352,18.919034957885742,93819800
2008-10-03,19.005525230814897,19.798321897042612,18.911830179564802,18.9694881439209,114289400
2008-10-06,18.47218783690147,18.73164937078996,17.39830736283704,17.953266143798828,146374600
2008-10-07,18.003711960120047,18.16947839667986,16.67757771829357,16.742443084716797,145941200
2008-10-08,16.50461068438684,17.513625926615706,16.21632081156067,16.583890914916992,171598600
2008-10-09,17.13164523770292,17.23254636646872,15.906411354083422,16.07217788696289,131948700
2008-10-10,15.704607922122557,16.1082137816779,14.882979989684404,15.495596885681152,228467500
2008-10-13,16.47578342221723,18.378498077392578,16.310015532060575,18.378498077392578,144935400
2008-10-14,18.479398417641896,18.544263812217203,17.0091193481756,17.369482040405273,165674900
2008-10-15,17.138847429396403,17.47758781168863,16.20190375283116,16.331634521484375,113280200
2008-10-16,16.53343862793406,17.434345245361328,15.358655628991237,17.434345245361328,161147800
2008-10-17,16.98749245672617,18.097409905796685,16.80010374293475,17.2469539642334,133673100
2008-10-20,17.44155008858373,17.83794839186664,16.583886730490253,17.816326141357422,93484300
2008-10-21,17.5136282559274,18.025344051092258,16.771281906502306,16.83614730834961,100385600
2008-10-22,16.60551310451805,16.619926567095842,15.063159885381593,15.517217636108398,150054800
2008-10-23,15.53162543153476,16.281180199065563,15.05594697316869,16.086584091186523,154774100
2008-10-24,15.17847859829701,16.475785319102393,15.099199728320283,15.827131271362305,153919700
2008-10-27,15.618126212859279,15.827135954224897,15.149654775629253,15.264970779418945,117683900
2008-10-28,15.596498077615337,16.728036798170745,15.380280995541892,16.648757934570312,134088800
2008-10-29,16.67037098065766,17.27578017544922,16.360460341965297,16.576677322387695,111701800
2008-10-30,17.07398461636914,17.210921448637116,16.137040798702508,16.310014724731445,95323000
2008-10-31,16.237935611887302,16.511810521654027,15.9424384560835,16.09379005432129,93055200
2008-11-03,16.201906273239562,16.511818407749747,16.00731008998788,16.30280876159668,61923500
2008-11-04,16.670367144594643,17.052351855093658,16.48297987117491,16.95865821838379,72123000
2008-11-05,16.81451987365331,16.821727291048276,15.89199106721207,15.913613319396973,81179700
2008-11-06,15.762261486313047,15.913613125742632,15.034328834371294,15.048742294311523,95509700
2008-11-07,15.365866087155409,15.52442656298673,15.135234167409498,15.495596885681152,71256300
2008-11-10,15.747847791629553,15.834334056228524,15.27216921231204,15.351448059082031,67106800
2008-11-11,15.344240455483838,15.351446497905602,14.983877848728548,15.279375076293945,78014500
2008-11-12,15.055951035367942,15.135231258043985,14.616309538365265,14.630722999572754,90162300
2008-11-13,14.522619847637971,15.315418243408203,13.506396911814056,15.315418243408203,148413700
2008-11-14,14.818113000029372,15.380279275080094,14.162253033140795,14.45775032043457,96624500
2008-11-17,14.227112539600293,14.587475070110962,13.801884643623788,13.924407958984375,97289000
2008-11-18,14.149356595532547,14.265453769699969,13.605150572627448,14.236430168151855,108966500
2008-11-19,14.243681256780846,14.475876927584496,13.242343048887774,13.271368026733398,103010500
2008-11-20,13.148015572664159,13.67045275510597,12.698138072015519,12.7199068069458,139532800
2008-11-21,13.075457126640574,14.294478847231314,13.046432140918178,14.279966354370117,157231900
2008-11-24,14.432331553500678,15.194220196672541,14.417820456515454,15.012818336486816,125289900
2008-11-25,15.136177392925118,15.186969711588052,14.18563028885319,14.504898071289062,92948100
2008-11-26,14.316245025022225,15.005573155369342,14.316245025022225,14.867707252502441,79678300
2008-11-28,14.679042550928077,14.737091108057326,14.526665607458838,14.671786308288574,28650800
2008-12-01,14.425087946954047,14.475881674841315,13.496310495102323,13.50356674194336,79639900
2008-12-02,13.779292415729625,14.011486698039905,13.467280829880028,13.895389556884766,79689800
2008-12-03,13.532586993997956,14.4395968646947,13.49630715276498,14.417829513549805,80961500
2008-12-04,14.07678710144576,14.454103383947219,13.634167408498529,13.866361618041992,78719200
2008-12-05,13.721245213181346,14.4976454410598,13.401977351179669,14.417829513549805,91996200
2008-12-08,14.766120726997078,15.419167546277261,14.613742351572284,15.24502182006836,107225000
2008-12-09,14.9620270159176,15.419159124538103,14.845928544535896,14.947514533996582,80484900
2008-12-10,15.107151806367012,15.208736439566763,14.729835477358177,14.954774856567383,61499000
2008-12-11,14.591970478969275,14.599226721644452,14.011483520836045,14.113069534301758,83564300
2008-12-12,13.895381732807262,14.403307477353389,13.568859226158734,14.047760009765625,78112600
2008-12-15,14.033255486857316,14.10581654636486,13.70673141106691,13.815573692321777,59925900
2008-12-16,13.938922444404646,14.642762758342375,13.786545500554277,14.591970443725586,97688700
2008-12-17,14.374291380265934,14.548437101328703,14.149353330224919,14.265450477600098,78922700
2008-12-18,14.410566971890447,14.526664073892682,13.779287768764993,14.004225730895996,80759200
2008-12-19,14.09130760463907,14.367038039388312,13.866369509134099,13.873625755310059,113530400
2008-12-22,13.960687511654102,13.99696871542883,13.706724621176654,13.91715145111084,58575400
2008-12-23,13.989716529846191,14.200142036789602,13.793802124632563,13.989716529846191,47511400
2008-12-24,13.975207390004668,14.113073269345886,13.85911024445011,13.909902572631836,16880400
2008-12-26,13.9316692922889,14.025997690419553,13.85185199726431,13.880875587463379,23101000
2008-12-29,13.895386519641454,13.938922592061775,13.525326444101745,13.75752067565918,58512800
2008-12-30,13.793803173160471,14.1420945529131,13.786546929750594,14.03325366973877,43224100
2008-12-31,14.011477573630275,14.279952902709738,13.982453999235467,14.105807304382324,46419000
2009-01-02,14.1711175736027,14.802395439408317,14.055020463018066,14.751603126525879,50084000
2009-01-05,14.657278677923852,14.998313858818923,14.555692640901434,14.889472961425781,61475200
2009-01-06,15.05636146240718,15.237763407737386,14.954776815898107,15.063617706298828,58083400
2009-01-07,14.65001718068937,14.722578214263178,14.134835087903264,14.156603813171387,72709900
2009-01-08,14.243681696643272,14.650023095107644,14.185633123146529,14.599230766296387,70255400
2009-01-09,14.63550792844888,14.729836324130318,14.08404588911572,14.163863182067871,49815300
2009-01-12,14.301730176750533,14.359780133855375,14.004231066523976,14.127584457397461,52163500
2009-01-13,14.163866117940307,14.50490132253884,14.163866117940307,14.381547927856445,65843500
2009-01-14,14.171120222777805,14.279961111299475,13.793803850848164,13.851852416992188,80257500
2009-01-15,13.837333366109538,14.00422274161595,13.438249836161804,13.960686683654785,96169800
2009-01-16,14.243678733501094,14.446849390467264,13.895387364976408,14.301727294921875,79634100
2009-01-20,14.120324456067086,14.236422955401778,13.329413376754506,13.409229278564453,89873000
2009-01-21,13.692221839556492,14.113074371041158,13.394721323863903,14.062280654907227,68340900
2009-01-22,13.097220012594534,13.191549800015332,12.386124712902912,12.415149688720703,222436600
2009-01-23,12.313560779883487,12.690877073420479,12.153927602150159,12.480451583862305,117020600
2009-01-26,12.545757019501146,12.923071948278343,12.502219563729847,12.792462348937988,92476500
2009-01-27,12.90130540552149,13.0391698720647,12.6473424336988,12.814231872558594,61695000
2009-01-28,12.915821547457298,13.28588178497043,12.886797947802537,13.08996868133545,64145500
2009-01-29,12.901308880831968,13.031917139478837,12.741674258062638,12.763442993164062,49192800
2009-01-30,12.872279733423278,12.908560946846634,12.407891273498535,12.407891273498535,62370900
2009-02-02,12.357099286699805,13.155266627385338,12.33533055806796,12.93758487701416,88871700
2009-02-03,12.952093890911586,13.50355574588222,12.770692019565447,13.423738479614258,86865100
2009-02-04,13.452768702350156,13.786547611795667,13.423743727274728,13.518072128295898,75618000
2009-02-05,13.431001045722754,13.888133367842224,13.242342844597976,13.815573692321777,75195200
2009-02-06,13.90264654605587,14.461364932790902,13.830085482949592,14.265450477600098,86746000
2009-02-09,14.25092794432874,14.345257675080791,13.975197759640217,14.105807304382324,52196400
2009-02-10,13.967947220516091,14.36703087322185,13.568863567810334,13.641423225402832,83953200
2009-02-11,13.743010800389321,14.142094498488333,13.728498313625416,13.938923835754395,58599000
2009-02-12,13.764773813205583,14.018736715675216,13.452763749928208,13.975200653076172,75323200
2009-02-13,13.982462036812985,14.127582760179548,13.815572582147292,13.851852416992188,47416000
2009-02-17,13.508477577219217,13.515783573394964,13.070127561008448,13.2162446975708,75853300
2009-02-18,13.311217294078972,13.47925238676608,13.150489589634802,13.238160133361816,54946900
2009-02-19,13.369663648075885,13.428110211814293,13.011678270993634,13.084736824035645,49195600
2009-02-20,12.982462695558247,13.289307669230464,12.90209810447272,13.150496482849121,69413800
2009-02-23,13.165104023940541,13.26007918659543,12.536802292069455,12.573330879211426,70803400
2009-02-24,12.441828177091196,12.675614498829082,11.952337543398846,12.544109344482422,122674500
2009-02-25,12.42721506187887,12.59524879127597,12.025393638370184,12.390685081481934,105894600
2009-02-26,12.45644255221944,12.47836054907862,11.996175765991211,11.996175765991211,83219500
2009-02-27,11.90119651271454,12.069230250968037,11.762385366842532,11.798913955688477,93428000
2009-03-02,11.66010307905357,11.871972091587764,11.484763350764199,11.535903930664062,80602100
2009-03-03,11.71124669573738,11.864668466092457,11.426319057781624,11.601658821105957,80476600
2009-03-04,11.776995658874512,11.981557956429967,11.608961248151276,11.776995658874512,69285100
2009-03-05,11.587046392902748,11.601658387669682,11.15600299835205,11.15600299835205,89708500
2009-03-06,11.214447511763336,11.411704527500445,10.86376736627562,11.16330623626709,92821400
2009-03-09,11.10486004947611,11.499374791472691,11.031802176803058,11.068330764770508,66479100
2009-03-10,11.229061595742479,12.14229112131545,11.141391711782948,12.040008544921875,95184200
2009-03-11,12.149592857986201,12.56602627616328,12.003477115946703,12.500273704528809,84522200
2009-03-12,12.427212715148926,12.44913069924814,12.040003356918854,12.427212715148926,93694100
2009-03-13,12.405298835783055,12.456439422126893,11.820833001172822,12.164206504821777,82965800
2009-03-16,12.288403125526383,12.390684277044896,11.864665134766032,11.871971130371094,67028900
2009-03-17,11.923109617642545,12.346847534179688,11.879275045166548,12.346847534179688,62481000
2009-03-18,12.441827054037645,12.580636799117196,12.127676190005337,12.390685081481934,70710700
2009-03-19,12.690228114538503,12.748674702444386,12.361465186645054,12.52219295501709,58994600
2009-03-20,12.653697825410136,12.894790168975977,12.332240902830168,12.463746070861816,81725500
2009-03-23,12.690222775542512,13.581533214486663,12.646386807948218,13.391581535339355,71600000
2009-03-24,13.179711651834802,13.303909364380962,13.033594564699836,13.099347114562988,50044100
2009-03-25,13.135878037522001,13.37697029895457,12.799810627908872,13.062819480895996,73927100
2009-03-26,13.274691387877734,13.793404579538471,13.238162800160554,13.756875991821289,63775100
2009-03-27,13.545009403431731,13.603455987324011,13.187022509430474,13.245469093322754,47670400
2009-03-30,12.960539629918646,12.975151621395929,12.617166191059717,12.770587921142578,49633000
2009-03-31,13.026289645689792,13.72764977093506,12.98976106763028,13.420804977416992,92423300
2009-04-01,13.31852141255101,14.14408058972102,13.281992837338528,14.107550621032715,96438900
2009-04-02,14.246365878098182,14.531292749747752,13.881074445326433,14.092944145202637,99082300
2009-04-03,13.976045126108122,13.990657113170892,13.464638120193268,13.698424339294434,81858400
2009-04-06,13.545003702223747,13.705731391906738,13.347746042061058,13.705731391906738,47476100
2009-04-07,13.705731391906738,13.983352200172979,13.610754862135419,13.705731391906738,65815200
2009-04-08,13.85915406136952,14.334033956643909,13.85184806676019,14.019883155822754,56408900
2009-04-09,14.209833909228303,14.392479582131106,14.041798831116044,14.370561599731445,55759600
2009-04-13,14.385173261775675,14.502066378304532,14.15138702871796,14.312114715576172,44444700
2009-04-14,14.20253523378516,14.282898423710634,13.881078293653418,14.1367826461792,63796300
2009-04-15,14.034496881510247,14.063720866465033,13.523089686088207,13.756875991821289,72725500
2009-04-16,13.997963751408664,14.450925616886146,13.873764642606439,14.43631362915039,67688700
2009-04-17,14.385178544475897,14.385178544475897,13.881075923400088,14.027193069458008,61398500
2009-04-20,13.80071662337098,13.844552620012472,13.566930215190666,13.59615421295166,62937200
2009-04-21,13.581535729782333,13.939521170578582,13.5669237378781,13.859156608581543,60928300
2009-04-22,13.705729696050195,14.019880435925192,13.66189513037425,13.720341682434082,59401000
2009-04-23,13.82262897491455,13.837240967825803,13.493866101793095,13.82262897491455,86116300
2009-04-24,14.48015283287903,15.488358013682497,14.246366528193095,15.276488304138184,168478500
2009-04-27,15.013479685422388,15.210737424506831,14.81622333981439,14.903892517089844,68219600
2009-04-28,14.794308459325528,14.808920456435823,14.458240886649191,14.560522079467773,76685200
2009-04-29,14.692020838624613,15.26187454184293,14.655490861831046,14.794301986694336,79301600
2009-04-30,15.050009264698486,15.415300744941282,14.618965206533874,14.801610946655273,87439900
2009-05-01,14.750466353376348,14.86735948380577,14.509374097681164,14.786994934082031,63224500
2009-05-04,14.881975315490182,14.903891912181285,14.597047017218301,14.750470161437988,54313400
2009-05-05,14.713945425482565,14.787004025287153,14.348653819936509,14.458242416381836,66835500
2009-05-06,14.655498824334272,14.66280482366242,14.326737215428953,14.458242416381836,59639100
2009-05-07,14.582428189593342,14.604346169488789,13.983350673875183,14.114855766296387,68727200
2009-05-08,14.217146985549064,14.34865217139307,13.983360607816044,14.1879243850708,67597600
2009-05-11,14.027186633666076,14.414394524155467,13.88837554794639,14.114855766296387,63762600
2009-05-12,14.253670165494855,14.65549013599027,14.224446185507375,14.531291007995605,71966800
2009-05-13,14.553213371292363,14.611659955374803,14.370567621850178,14.429014205932617,49281700
2009-05-14,14.487459047748114,14.779691933016284,14.465541058799385,14.655492782592773,54539500
2009-05-15,14.706631126511192,14.97694737519294,14.597043985387927,14.772383689880371,61289900
2009-05-18,14.874663380842144,15.050003051757812,14.786992848646392,15.050003051757812,46073800
2009-05-19,15.079415262572647,15.248516119173285,14.888257223766184,14.93237018585205,51368300
2009-05-20,15.005892402069218,15.211755224593478,14.866199722416122,14.983835220336914,47450700
2009-05-21,14.807386004345446,14.873556165229553,14.344196280482818,14.572114944458008,58232800
2009-05-22,14.652990234790655,14.829443533771949,14.31478702666522,14.520649909973145,37318700
2009-05-26,14.366251119242836,15.035303612275548,14.300080969177984,14.954428672790527,44991700
2009-05-27,14.888259958364273,15.145588188727135,14.755919645473313,14.800032615661621,42892900
2009-05-28,14.939722442483568,15.167641047210566,14.741212011434683,15.03530216217041,45480800
2009-05-29,15.116173712401475,15.395559038555943,14.925015700381467,15.358797073364258,46134900
2009-06-01,15.439673057265113,15.807284320533329,15.33674235229423,15.73376178741455,57317100
2009-06-02,15.704353615562447,16.160190796712655,15.586718123502672,15.73376178741455,48935700
2009-06-03,15.667599082208925,15.998449937071285,15.652895690468867,15.97639274597168,56039600
2009-06-04,16.005800431742234,16.101378777161244,15.866107709367203,16.04991340637207,42330000
2009-06-05,16.145486029889323,16.402814194965206,16.03520293123557,16.2778263092041,59579200
2009-06-08,16.16018741402471,16.410163132907652,15.902859303136339,16.211652755737305,49000600
2009-06-09,16.219014079961163,16.410172170401644,16.08667375563112,16.233718872070312,50887700
2009-06-10,16.299885432471715,16.630736170189174,16.26312486264793,16.579269409179688,61297200
2009-06-11,16.608680090748244,17.101279331685756,16.59397530091108,16.785133361816406,65124600
2009-06-12,16.836596458532785,17.18950295318504,16.718960960315368,17.152742385864258,50963500
2009-06-15,17.079219447908173,17.307139447388312,16.924823385994905,17.21891212463379,69089600
2009-06-16,17.25567781582392,17.726221339717718,17.23362203032927,17.24097442626953,105295600
2009-06-17,17.277735812886526,17.51300688468981,17.035112344798613,17.410076141357422,86483100
2009-06-18,17.365960187076197,17.417425549914192,17.13068775330457,17.277732849121094,58852200
2009-06-19,17.67475208068741,17.89531830104956,17.461536852321608,17.696807861328125,115459000
2009-06-22,17.608579274903747,17.608579274903747,17.093922968679912,17.11598014831543,71291600
2009-06-23,17.189505299598157,17.39536815074234,17.064517390390247,17.160097122192383,56752700
2009-06-24,17.240974787017844,17.461541060536256,17.174804624497085,17.255678176879883,54287700
2009-06-25,17.2262633605438,17.586522216452693,17.057162522483107,17.490943908691406,57724300
2009-06-26,17.32919843680799,17.41742577590786,17.145392765815412,17.167449951171875,65126400
2009-06-29,17.351255645182864,17.667401624081656,17.31449366953999,17.54241371154785,62854900
2009-06-30,17.623285748467246,17.821796193010112,17.373309944744943,17.476242065429688,66452400
2009-07-01,17.682107997828066,17.865913700102066,17.61593783282333,17.67475700378418,54908400
2009-07-02,17.468890082436996,17.67475292633005,17.06451678932484,17.182153701782227,65422200
2009-07-06,17.06451804611211,17.11598481262028,16.814543620416714,17.057167053222656,49207700
2009-07-07,16.96893752704658,17.013050490330723,16.513098898691048,16.564565658569336,52842500
2009-07-08,16.402820351997537,16.682205802605754,16.174901675583833,16.586626052856445,73023400
2009-07-09,16.652790071070935,16.770425564017145,16.446928659577917,16.498394012451172,46981200
2009-07-10,16.31459189291263,16.571920115022333,16.285182312179643,16.46163558959961,43229200
2009-07-13,16.48368625248835,17.123330357061228,16.277823475796122,17.07921600341797,67584000
2009-07-14,17.05716938546233,17.071872775577642,16.807193523261546,16.990999221801758,45448700
2009-07-15,17.46153899226994,17.733572006225586,17.3218462876805,17.733572006225586,67238700
2009-07-16,17.593881576520012,17.96884536743164,17.542416205628918,17.96884536743164,64555100
2009-07-17,17.93942835988511,17.976190325543485,17.718862175237273,17.85855484008789,52860100
2009-07-20,17.96884684487026,18.035017013549805,17.75563154527477,18.035017013549805,47798000
2009-07-21,18.152648268822784,18.255578994750977,17.917377236800654,18.255578994750977,52028400
2009-07-22,18.15998986901009,18.307033475453714,18.020297250912282,18.233510971069336,66192500
2009-07-23,18.329107542658647,18.909932917798937,18.262937367951643,18.79229736328125,106060500
2009-07-24,17.358609956661446,17.56447143368423,16.770430902375733,17.24097442626953,215135700
2009-07-27,17.233622687781793,17.240975084002546,16.83660170581836,16.990999221801758,80950000
2009-07-28,16.902771578319957,17.314495943306536,16.836601415799198,17.255678176879883,70288400
2009-07-29,17.446833283491827,17.579173585892168,17.16009689650837,17.49829864501953,73626900
2009-07-30,17.79238151605762,17.961482320808596,17.432121328787655,17.505643844604492,67820000
2009-07-31,17.4762345468014,17.69680067762868,17.277724187661693,17.292428970336914,54258200
2009-08-03,17.51300664312343,17.54241622785628,17.277735574565366,17.52035903930664,46902900
2009-08-04,17.410071917248732,17.4909468544312,17.299788804389095,17.476242065429688,49218300
2009-08-05,17.527701020047147,17.82914207280336,17.490940463301406,17.505643844604492,53310300
2009-08-06,17.593882889580637,17.63064347086744,17.10863592449814,17.248327255249023,59686000
2009-08-07,17.461538710637154,17.513004074043717,17.277733039998868,17.32184600830078,46169700
2009-08-10,17.248320297334814,17.31449043881928,17.130684801879262,17.21891212463379,35261900
2009-08-11,17.145389929865843,17.204207678761623,16.94687950147043,17.00569725036621,33615800
2009-08-12,17.00569737244645,17.571819086085984,16.932176237543242,17.299787521362305,61972300
2009-08-13,17.373308251590323,17.535058110191567,17.204207401530592,17.365957260131836,38954500
2009-08-14,17.365959793966667,17.498298694414654,17.28508485286573,17.41742515563965,46330200
2009-08-17,17.145394659962918,17.351257539054778,17.079224498909323,17.093929290771484,42474400
2009-08-18,17.21961594413505,17.48578336201455,17.20482847363874,17.43402862548828,38878900
2009-08-19,17.190038401824086,17.537535444636763,17.190038401824086,17.485780715942383,41821300
2009-08-20,17.448817464005902,17.648444100724753,17.404456459249797,17.500572204589844,39505900
2009-08-21,17.69280992677939,18.05509461980064,17.57451294171985,18.047700881958008,69011400
2009-08-24,18.04769504982486,18.284288943488352,17.951579309353132,18.21774673461914,54180900
2009-08-25,18.188173203016625,18.350831152357568,18.084662316880713,18.21774673461914,43980300
2009-08-26,18.18077618464193,18.299073110112676,18.05508552505293,18.151201248168945,41079000
2009-08-27,18.047702151690235,18.321264830268774,17.966372439910675,18.254722595214844,45495600
2009-08-28,18.535668783073625,18.846198595511453,18.195565441466382,18.2473201751709,55808000
2009-08-31,18.165998751903494,18.373019190947534,17.958979723070826,18.225147247314453,49592800
2009-09-01,18.003337295763686,18.291685979418162,17.6706261913846,17.74456214904785,62608500
2009-09-02,17.611475395477612,17.848069300773993,17.581901862421024,17.641050338745117,40771300
2009-09-03,17.678019582317454,17.848071294468255,17.567116353097845,17.825891494750977,34120000
2009-09-04,17.8110921124812,18.3360343712284,17.80369838078207,18.202951431274414,44999700
2009-09-08,18.202963392305417,18.365621365937265,18.047697745020013,18.350833892822266,53737100
2009-09-09,18.29168360161669,18.44694923354709,18.239928861043527,18.321258544921875,49900300
2009-09-10,18.336039658083752,18.520878773226578,18.225136471040166,18.483911514282227,46256000
2009-09-11,18.432163987545113,18.609609438169713,18.34344055712727,18.380409240722656,54303500
2009-09-14,18.225136471040166,18.550453708550485,18.21774273720919,18.483911514282227,42806800
2009-09-15,18.461740821343213,18.683548731895556,18.38041252333089,18.631793975830078,44716600
2009-09-16,18.668761255816467,18.74269722600058,18.44695475547546,18.631793975830078,50055800
2009-09-17,18.528281159360155,18.76487511159349,18.528281159360155,18.705726623535156,42428800
2009-09-18,18.82402177635223,18.83880924948729,18.557854310976374,18.676151275634766,68016500
2009-09-21,18.56524984577861,18.75748278452099,18.55785610849492,18.705726623535156,28878700
2009-09-22,18.779660054477155,19.09018992747371,18.698331775742794,19.05322265625,61376700
2009-09-23,19.16411757935669,19.408105130300626,18.95709728362441,19.008852005004883,60599900
2009-09-24,19.164119926429308,19.304598051816967,18.971887073322655,19.17890739440918,56302900
2009-09-25,18.99407486641153,19.090190621212624,18.86838416538791,18.89056396484375,50158900
2009-09-28,18.927530175467684,19.341569497027322,18.927530175467684,19.09758186340332,44358000
2009-09-29,19.156739618018037,19.19370690366486,18.994081586875836,19.038442611694336,39050300
2009-09-30,19.045823639951735,19.21587529677553,18.76486737978053,19.01624870300293,63533400
2009-10-01,18.787052637870495,18.831413642658873,18.33604462352078,18.395193099975586,75958100
2009-10-02,18.08466542092305,18.550460962956436,18.062485620966942,18.454343795776367,51219700
2009-10-05,18.469128099189316,18.528276572605186,18.129024729600754,18.21774673461914,60804900
2009-10-06,18.247330484522802,18.639188781226128,18.232543006478124,18.56525421142578,48795300
2009-10-07,18.476525908371528,18.61700409253611,18.395196210663958,18.5578556060791,38472700
2009-10-08,18.809230713930106,19.149334044370672,18.646571373101416,18.97928237915039,60521300
2009-10-09,18.905351437955012,19.068010821756786,18.824021746054125,18.89056396484375,39520000
2009-10-12,18.971887707790334,19.141939364614128,18.890558041391728,19.01624870300293,29145800
2009-10-13,18.92014002101733,19.178915174801258,18.86838527230277,19.08279800415039,37749000
2009-10-14,19.32678139153703,19.371143803620583,19.090187501268026,19.193696975708008,45365500
2009-10-15,19.149336251961767,19.748214721679688,19.149336251961767,19.748214721679688,65620100
2009-10-16,19.555987360769443,19.68907039635856,19.297212206181285,19.592954635620117,56500900
2009-10-19,19.585560491406124,19.65210271292278,19.40811503743208,19.489444732666016,48143200
2009-10-20,19.53380106650031,19.600343272084327,19.17891024352606,19.49683380126953,54604700
2009-10-21,19.563381887506576,19.777796054342932,19.511627132811263,19.6521053314209,61672700
2009-10-22,19.6373150969578,19.755612065416916,19.31939146539476,19.659496307373047,61600000
2009-10-23,21.58922103574828,21.700124283526208,20.613268788753107,20.716779708862305,281761000
2009-10-26,20.798103036056737,21.456131448051355,20.78331697404064,21.204750061035156,124149700
2009-10-27,21.24171787710897,21.3526211012392,21.027305165151997,21.138208389282227,69685800
2009-10-28,20.87943771158918,21.271297357963256,20.66502495391336,20.716779708862305,73542400
2009-10-29,20.75375316756443,21.00513468949029,20.59109511640547,20.864656448364258,65225500
2009-10-30,20.72416722948351,20.99772839791985,20.450604650836286,20.50235939025879,73371800
2009-11-02,20.480186748134532,20.738960535648374,20.265772569667206,20.613269805908203,62428900
2009-11-03,20.43581089761609,20.509746821296687,20.28054672707624,20.354482650756836,50294800
2009-11-04,20.472788135841142,20.990336997865022,20.421033390659858,20.746349334716797,63898400
2009-11-05,21.08645293319853,21.24911089574855,20.909007498540973,21.049484252929688,52681700
2009-11-06,20.9829396938078,21.167778843863303,20.84985669034491,21.086450576782227,38908500
2009-11-09,21.160396768714637,21.441351792397832,21.093854529645448,21.433958053588867,57518000
2009-11-10,21.367404609409597,21.64836089597023,21.300862405235275,21.448734283447266,65881100
2009-11-11,21.50049249933189,21.663150463535683,21.456131492769217,21.530067443847656,49693400
2009-11-12,21.448740559072842,21.803631478365244,21.441346821977856,21.707515716552734,55352400
2009-11-13,21.788838068892264,22.02543336084976,21.71490353850449,21.907135009765625,53037600
2009-11-16,21.89234807129157,22.03282480155973,21.714902667102272,21.840593338012695,54129500
2009-11-17,21.907433223724365,22.278745651245117,21.885153968153098,22.278745651245117,75648900
2009-11-18,22.278740595016746,22.382707597864687,22.13764150797727,22.360429763793945,59431200
2009-11-19,22.271322264999853,22.278748684534726,22.055961764267256,22.115371704101562,51967700
2009-11-20,22.026253865022703,22.107943055224176,21.8554504822783,21.996549606323242,42647100
2009-11-23,22.15993101556728,22.286177327365248,22.055963964596547,22.234193801879883,41832700
2009-11-24,22.24161210336507,22.27131635718035,22.093086584955707,22.21190643310547,37341400
2009-11-25,22.1376369824337,22.174769059034414,21.966833679402082,22.122785568237305,32033500
2009-11-27,21.61781325436573,21.825747338713967,21.35046781283831,21.699501037597656,29357900
2009-11-30,21.64751073698378,21.870299007299117,21.536117310048244,21.840593338012695,44172000
2009-12-01,21.922281216193113,22.315871395861603,21.8405920469287,22.28616714477539,49904200
2009-12-02,22.204485905630673,22.271322264999853,22.018829666592882,22.115371704101562,36308600
2009-12-03,22.15992657137426,22.42727198190532,22.100516637527864,22.15250015258789,43095200
2009-12-04,22.315876641394578,22.553517788164754,22.15249968090682,22.263893127441406,58810700
2009-12-07,22.11535915291716,22.33814594674589,22.041096416159622,22.122785568237305,38082700
2009-12-08,21.922288570063916,22.085665546953653,21.818320115275295,21.95941925048828,37402200
2009-12-09,21.885151420578843,22.13764395521674,21.721774481407877,22.06338119506836,44713300
2009-12-10,22.063382022287716,22.249038221397285,22.02625134904356,22.18220329284668,45940200
2009-12-11,22.256463037644952,22.27874228985475,22.122791773719026,22.167348861694336,43744200
2009-12-14,22.211904259916164,22.3975604315413,22.204477843077854,22.360429763793945,34651200
2009-12-15,22.197059950218797,22.434699714524875,22.189633530528642,22.293601989746094,49473200
2009-12-16,22.330725203946532,22.583217723194775,22.308447368770906,22.353004455566406,55737800
2009-12-17,22.24161221815798,22.24903721931688,21.959414015012577,21.981693267822266,43691200
2009-12-18,22.159929564034364,22.61293125606808,22.13022388487719,22.54609489440918,94118000
2009-12-21,22.575788063511162,22.90254329145076,22.55351023153522,22.66490364074707,40129100
2009-12-22,22.724322159575387,22.969388319230497,22.6797650623048,22.887699127197266,36321000
2009-12-23,22.806007887753847,22.984239093724653,22.79115646762666,22.961959838867188,28362700
2009-12-24,22.932254330456473,23.02136993408203,22.843140143275377,23.02136993408203,11083900
2009-12-28,23.02136726117159,23.155039942867546,22.939678085369774,23.147613525390625,25384000
2009-12-29,23.281283222878308,23.392676637865033,23.192167641022458,23.31098747253418,29716200
2009-12-30,23.13276208681612,23.236730521324617,22.872843125211453,22.991662979125977,42006200
2009-12-31,23.00651672750727,23.01394314572704,22.635204315185547,22.635204315185547,31929700
2010-01-04,22.739180983473844,23.095640688364227,22.716901720751334,22.9842472076416,38409100
2010-01-05,22.909975214837484,23.095631413634475,22.75402327129693,22.991662979125977,49749600
2010-01-06,22.93225271976948,23.080778243231975,22.664908760559104,22.85056495666504,58182400
2010-01-07,22.746595843189837,22.798580766357617,22.419841967658314,22.612924575805664,50559700
2010-01-08,22.48668775388848,22.932261665196908,22.456982071030623,22.768884658813477,51197400
2010-01-11,22.806011541882235,22.84314363926089,22.367864124371565,22.479257583618164,68754700
2010-01-12,22.39014228578981,22.57579852599776,22.211912465163543,22.330732345581055,65912100
2010-01-13,22.471825614456247,22.664908223807146,22.286169422747033,22.53866195678711,51863500
2010-01-14,22.50895714554268,23.095631413634475,22.471826472361037,22.991662979125977,63228100
2010-01-15,23.0807772960561,23.199597143372287,22.806005513859727,22.917400360107422,79913200
2010-01-19,22.835713578672333,23.1995995762941,22.783730067075574,23.095632553100586,46575700
2010-01-20,22.880274948093092,22.976816987482295,22.50896246278479,22.71689796447754,54849500
2010-01-21,22.731742242622083,22.81342999544231,22.278740727892792,22.28616714477539,73086700
2010-01-22,22.27873898960574,22.427264482780743,21.417294528656512,21.50640869140625,102004600
2010-01-25,21.714351814176663,22.026254327515122,21.610384781878704,21.773761749267578,63373000
2010-01-26,21.68464189710271,22.16734767082898,21.602952726499545,21.907428741455078,66639900
2010-01-27,21.796036456698797,22.145069575450155,21.550970348544805,22.033676147460938,63949500
2010-01-28,22.159924756037626,22.18220401057162,21.454430610016622,21.654939651489258,117513700
2010-01-29,22.204478039944618,22.21933087375292,20.540998897408123,20.92716407775879,193888500
2010-02-01,21.083112408202627,21.149948737000074,20.734079348383545,21.097965240478516,85931100
2010-02-02,21.068258783618276,21.16479935040234,20.897454063240474,21.135093688964844,54413700
2010-02-03,20.9865707936723,21.38016233085896,20.882603805769552,21.261341094970703,61397900
2010-02-04,21.075699429202608,21.16481506323094,20.65240335456918,20.6746826171875,77850000
2010-02-05,20.793489147785483,21.00142454918319,20.474160337813444,20.80834197998047,80960100
2010-02-08,20.800921726268022,20.852905237906835,20.47416640339547,20.585559844970703,52820600
2010-02-09,20.771214815030334,21.04598660988658,20.607837871554203,20.800920486450195,59195800
2010-02-10,20.815781274809908,20.971731860011847,20.674682114547497,20.786075592041016,48591300
2010-02-11,20.74150552688278,21.09053858270293,20.57070220699913,20.882604598999023,65993700
2010-02-12,20.652392894991724,20.83804907344908,20.481589550757576,20.74150848388672,81117200
2010-02-16,20.987724532652734,21.166789206144113,20.90565476562642,21.151866912841797,51935600
2010-02-17,21.286159541815564,21.37569043377037,21.159322925656365,21.33092498779297,45882900
2010-02-18,21.330932064687882,21.65921543126072,21.271244309226308,21.61444854736328,42856500
2010-02-19,21.480147511126074,21.577139559086834,21.405537477196546,21.465225219726562,44451800
2010-02-22,21.517454031093475,21.59206407270173,21.37569509434461,21.435382843017578,36707100
2010-02-23,21.398070524091995,21.50998483307889,20.95787300875158,21.13693618774414,52266200
2010-02-24,21.27870332044461,21.480150008555494,21.174248691571446,21.36077308654785,43165900
2010-02-25,21.092176328857658,21.375692748168717,20.90565195684385,21.338388442993164,48735300
2010-02-26,21.375691265645717,21.52491132213473,21.271238079944162,21.390613555908203,40370600
2010-03-01,21.465220510163746,21.67412685164982,21.286157321860944,21.651744842529297,43805400
2010-03-02,21.69651353484676,21.86065445961896,21.069791570344982,21.233932495117188,93123900
2010-03-03,21.271238221020827,21.345848249760166,21.151862744265053,21.233932495117188,48442100
2010-03-04,21.23393644104117,21.37569537968233,21.092178925468204,21.36077308654785,42890600
2010-03-05,21.383151578611248,21.398073868293007,21.20408837163377,21.33092498779297,56001800
2010-03-08,21.27870332044461,21.584603214360456,21.263781027310127,21.36077308654785,39414500
2010-03-09,21.308544722324456,21.718899211194397,21.301083576373937,21.487607955932617,50271600
2010-03-10,21.53237877302133,21.718903186722294,21.48761188912389,21.61444854736328,44891400
2010-03-11,21.554754941865763,21.778585031399658,21.524911783768683,21.7711238861084,35349700
2010-03-12,21.875574486353482,21.9203399297377,21.666668135181926,21.83827018737793,31700200
2010-03-15,21.771129715364996,21.912888667719198,21.64429305758878,21.853200912475586,37512000
2010-03-16,21.95019188475559,22.00241849010166,21.78605092180105,21.912887573242188,36723500
2010-03-17,22.009880491054417,22.285937245397367,21.935270442064297,22.10687255859375,50385700
2010-03-18,22.106866515457956,22.174015398886407,22.009874474432383,22.09194564819336,43845200
2010-03-19,22.203864924473983,22.308318133928125,21.89796501987121,22.077028274536133,81332100
2010-03-22,22.00987217220265,22.159092213783676,21.927801007026304,22.084482192993164,37718200
2010-03-23,22.077024651171357,22.308314472603186,21.94272687644706,22.293392181396484,42026600
2010-03-24,22.174024175412832,22.271017677896577,22.084493244116988,22.121797561645508,33987700
2010-03-25,22.25608880111696,22.80820079109131,22.233705363376945,22.3903865814209,73168700
2010-03-26,22.450071694080567,22.532142866438896,22.07702298055057,22.129249572753906,55595500
2010-03-29,22.166559190334468,22.24863038237315,22.04718368722452,22.077028274536133,33336000
2010-03-30,22.106871964116493,22.278475499099663,22.009879899185382,22.211326599121094,34954800
2010-03-31,22.114333952248675,22.174021707492283,21.763668568076003,21.853200912475586,63760000
2010-04-01,21.89796353911032,22.039722473118108,21.35331266511746,21.75620460510254,74768100
2010-04-05,21.733815588724365,21.957645651781043,21.659206990773257,21.83827018737793,34331200
2010-04-06,21.748739401587237,22.069561518302674,21.621902783887364,21.87557601928711,47366800
2010-04-07,21.756211222459843,22.054650050826996,21.74128892527434,21.89797019958496,58318800
2010-04-08,21.87557956581184,22.36800382658139,21.860657273529583,22.323238372802734,63713800
2010-04-09,22.34561913043251,22.688823273341683,22.30831340420242,22.6365966796875,54752500
2010-04-12,22.569441283353754,22.748504448387465,22.539596710981034,22.621667861938477,37068800
2010-04-13,22.494837894554404,22.755972287383873,22.479915603977187,22.71866798400879,41374600
2010-04-14,22.972346070866077,23.1290258857289,22.87535258474964,22.994728088378906,68941200
2010-04-15,22.994726281568944,23.091719760064123,22.912655095621965,23.032032012939453,52745400
2010-04-16,22.972342919625813,23.11410042132227,22.8305839948613,22.882810592651367,88703100
2010-04-19,22.957423999049336,23.315550513398755,22.949962852116855,23.158870697021484,64970300
2010-04-20,23.293164624428528,23.457306993554752,23.226015732162004,23.397619247436523,52199500
2010-04-21,23.37523078918457,23.502067400331292,23.30062076679218,23.37523078918457,55343100
2010-04-22,23.158863317510555,23.524450862298945,23.05440871680829,23.41999626159668,84847600
2010-04-23,23.218555225484746,23.561759398314834,22.867888483690095,23.099178314208984,126766600
2010-04-26,23.129026522629456,23.33793437126747,23.024573309844595,23.211097717285156,63649300
2010-04-27,23.091718954305776,23.31554764244602,22.942498880166884,23.017108917236328,68730900
2010-04-28,23.069335535668465,23.12902328076061,22.845506847339955,23.061874389648438,64557900
2010-04-29,23.076792194652125,23.449840884709694,22.88280670505405,23.129018783569336,52665200
2010-04-30,23.181246919717577,23.18870806478486,22.770893902492386,22.785816192626953,63214800
2010-05-03,22.882815325699426,23.173792958182663,22.815666422346624,23.024574279785156,43989500
2010-05-04,22.770896525110768,22.793278539822534,22.196401096374156,22.479917526245117,82085600
2010-05-05,22.211321705367883,22.450072664658066,22.151633965545336,22.27100944519043,66833800
2010-05-06,22.077024285968584,22.293391812614516,20.82358030670059,21.621904373168945,128613000
2010-05-07,21.584607973757873,21.599530270182715,20.383390149859956,21.04741668701172,173718100
2010-05-10,21.644284769719093,21.99495001961762,21.420454705961657,21.592058181762695,86653300
2010-05-11,21.39807597439841,22.121790018380757,21.31600479613876,21.54729461669922,63789400
2010-05-12,21.621905189120252,22.069563973333373,21.57713973761935,21.965110778808594,47146800
2010-05-13,21.830817375079093,22.181482757717287,21.77112962009667,21.815895080566406,45188800
2010-05-14,21.78605288635594,21.79351261087669,21.368237159774367,21.584606170654297,63334000
2010-05-17,21.7263559354036,21.808425678020313,21.22647064300012,21.592058181762695,46053300
2010-05-18,21.637023181104933,21.73445285804518,21.284774237153357,21.434667587280273,52690600
2010-05-19,21.3747082462075,21.502117151336986,20.827600006911556,21.164857864379883,61746700
2010-05-20,20.722683998731707,20.8650825911797,20.26551182743466,20.317974090576172,87991100
2010-05-21,19.958229538400897,20.317973414160978,19.815832380182975,20.115617752075195,117596300
2010-05-24,20.123116196496067,20.13061101083207,19.68093215709954,19.688426971435547,73711700
2010-05-25,19.223749716662887,19.733385423031862,19.021394110400674,19.538524627685547,98373600
2010-05-26,19.658442416216168,19.943239566273878,18.40683734919976,18.744096755981445,176684100
2010-05-27,19.28371305343507,19.755876288453763,19.28371305343507,19.486068725585938,136433600
2010-05-28,19.366158993547867,19.576009526978936,19.231255181305738,19.336179733276367,67496900
2010-06-01,19.13382502129889,19.71840628876826,19.126330206396748,19.40363121032715,76152400
2010-06-02,19.53104035472424,19.845815435583503,19.283717179012665,19.830825805664062,65718800
2010-06-03,19.898272688341578,20.183069866966854,19.79334816436881,20.13060760498047,67837000
2010-06-04,19.561015442034236,19.91326309306492,19.20127297764254,19.32868194580078,89832200
2010-06-07,19.35116600519365,19.358660818960868,18.916476813121918,18.953950881958008,80456200
2010-06-08,18.923966712323523,18.931461524144332,18.474288009499187,18.819042205810547,87355000
2010-06-09,18.901482430040772,19.126322498019665,18.549234848543136,18.579214096069336,87794000
2010-06-10,18.834040157767596,18.84902978917526,18.571728755583173,18.736610412597656,78930900
2010-06-11,18.76658191014347,19.276216301717163,18.564226258340913,19.23124885559082,68057700
2010-06-14,19.381145239110314,19.45609051772158,19.088853220466046,19.111337661743164,50972400
2010-06-15,19.298705794342894,19.97322338086859,19.2912109797772,19.920761108398438,81641500
2010-06-16,19.838316175554134,19.92075769214901,19.658444945293063,19.72589683532715,48698000
2010-06-17,19.905771517163437,19.98821304805332,19.516051165433353,19.76337432861328,47995500
2010-06-18,19.76337177960652,19.883285938440416,19.61347836631938,19.815834045410156,52075600
2010-06-21,20.070648259012902,20.15308833445399,19.403624266328645,19.448593139648438,54625300
2010-06-22,19.60597879067622,19.823324044203364,19.306193466405322,19.313688278198242,55985400
2010-06-23,19.32118792243745,19.32118792243745,18.90148693399707,18.96893882751465,61466200
2010-06-24,19.081363358034288,19.276224277864095,18.68414813216077,18.736610412597656,85243400
2010-06-25,18.774075804568522,18.819044681408933,18.21947252227453,18.384355545043945,156256700
2010-06-28,18.369372054394777,18.4443187780033,18.07708140476038,18.219478607177734,73784800
2010-06-29,18.084567246903543,18.13703093218805,17.320114987546773,17.470006942749023,119882100
2010-06-30,17.462516388976354,17.747313603443043,17.200205046032835,17.24517250061035,81050500
2010-07-01,17.30512745952914,17.477503872163634,17.035319906195543,17.357589721679688,92239400
2010-07-02,17.507477195078575,17.597412062737583,17.27514235640008,17.440025329589844,62485100
2010-07-06,17.76230089673367,18.054591457302365,17.67236456991054,17.852235794067383,73592000
2010-07-07,17.852230841787883,18.226962812201528,17.694844100368883,18.211973190307617,79965300
2010-07-08,18.436822678999302,18.451812308575303,17.964659353783667,18.294424057006836,50758100
2010-07-09,18.23445488671988,18.2944119358088,18.099551168897605,18.18948745727539,53806100
2010-07-12,18.309415950141325,18.654168896071894,18.301921134426756,18.609201431274414,49854200
2010-07-13,18.841526871196717,18.961441011912402,18.66165566012318,18.83403205871582,61928700
2010-07-14,19.111339374820016,19.193780904069666,18.8265435738962,19.06637191772461,72808100
2010-07-15,19.11133491449119,19.17878679913678,18.721613231980985,19.11882972717285,56934700
2010-07-16,19.118833745442736,19.216263471802744,18.646670453687467,18.654165267944336,65064800
2010-07-19,18.70662942110548,18.961447413528308,18.669156775539097,18.908985137939453,38181800
2010-07-20,18.631673353428027,19.09634017944336,18.511759241586073,19.09634017944336,45530700
2010-07-21,19.186278553020017,19.223751180964843,18.721610247262937,18.826536178588867,73297300
2010-07-22,19.118832488136178,19.478574971870394,19.08885323308021,19.36615562438965,73016400
2010-07-23,19.36615242158225,19.501056188044355,18.923968489062823,19.34366798400879,108520100
2010-07-26,19.381142954866252,19.635960874682713,19.33617407761201,19.56101417541504,67249900
2010-07-27,19.590997918546297,19.665944640465618,19.45609410498948,19.605987548828125,60672100
2010-07-28,19.53852802730949,19.628464344459807,19.35865682249812,19.448593139648438,69704800
2010-07-29,19.58350165284506,19.79335217277746,19.186286486227285,19.508556365966797,69446200
2010-07-30,19.298700538351195,19.36615242158225,18.99891518481836,19.34366798400879,83534800
2010-08-02,19.47857100266437,19.770861532451324,19.29869979745015,19.733388900756836,55044600
2010-08-03,19.635966809391782,19.748386177525855,19.463588920130395,19.605987548828125,56877700
2010-08-04,19.598481574274935,19.66593344264612,19.0663628676678,19.283706665039062,78531900
2010-08-05,19.103841378091385,19.17129326724327,18.893990897453353,19.013906478881836,64922100
2010-08-06,18.871510363645157,19.156306154497845,18.751596195971434,19.14881134033203,55982100
2010-08-09,19.148804400954813,19.283708148072098,19.01390208332665,19.19377326965332,57096500
2010-08-10,18.983929095507214,18.991423909427603,18.646669616537707,18.7890682220459,87257700
2010-08-11,18.49677765049863,18.661659268491437,18.406841312827357,18.631681442260742,76746900
2010-08-12,18.301915482271827,18.496776342202214,18.256948031361585,18.35437774658203,70240500
2010-08-13,18.249447920851917,18.489276162079673,18.167006426871474,18.28692054748535,45263500
2010-08-16,18.25694340264439,18.444309401671564,18.211974533645694,18.361867904663086,40909700
2010-08-17,18.618045806884766,18.80641131170771,18.5351659620007,18.618045806884766,52912600
2010-08-18,18.595441611319856,18.798876687709264,18.39200653493045,18.700925827026367,46818900
2010-08-19,18.55023712872785,18.640651773966578,18.241316352336717,18.414613723754883,54064600
2010-08-20,18.316666539264297,18.384478255416113,18.23378667061276,18.256389617919922,49560100
2010-08-23,18.41461165089395,18.565303188367363,18.263918676305824,18.294057846069336,51643000
2010-08-24,18.150896548163875,18.346796806654584,18.083084864951154,18.113224029541016,66522500
2010-08-25,18.083085529705926,18.248846629700335,17.985136115417074,18.158432006835938,47404800
2010-08-26,18.150900996097004,18.22624748892108,17.924862954739595,17.947465896606445,49105300
2010-08-27,17.992679567876298,18.098165269906556,17.713899314282465,18.030353546142578,60939400
2010-08-30,17.8871865398774,17.94746343845796,17.78170232664008,17.811840057373047,45453100
2010-08-31,17.781701003690443,17.87965041767848,17.57073115579723,17.68375015258789,66074600
2010-09-01,17.834446009009362,18.045415891238733,17.736496579079684,18.007741928100586,65235900
2010-09-02,17.992667385839688,18.045410919702174,17.864578820688077,18.03787612915039,48837100
2010-09-03,18.26391981596236,18.422147592864672,18.233782081432988,18.301593780517578,64189100
2010-09-07,18.158437487409618,18.3091290500368,18.022814075064684,18.05295181274414,51928700
2010-09-08,18.135837811057506,18.233788717434507,17.88719530296137,18.030353546142578,65512400
2010-09-09,18.226243410203768,18.241311555704737,18.075550458278087,18.090620040893555,46028900
2010-09-10,18.06802315330727,18.105697125455837,17.924866370487983,17.970073699951172,58284300
2010-09-13,18.233783204863173,19.055057000275287,18.150901914849964,18.91943359375,114680400
2010-09-14,18.866692355982085,19.100265213035254,18.753671887203655,18.85915756225586,87160400
2010-09-15,18.911894223049135,19.0023088474393,18.776270849349345,18.926963806152344,56201900
2010-09-16,18.881764197051343,19.115338536875175,18.874229401852325,19.0851993560791,44548300
2010-09-17,19.13793702161054,19.235887899236396,18.896829379939053,19.0023136138916,70341600
2010-09-20,19.047520610150116,19.228351324653197,18.91943200773775,19.160539627075195,49838700
2010-09-21,19.15300093880859,19.15300093880859,18.89682378608765,18.949565887451172,52675700
2010-09-22,18.753670177836458,18.813947085037164,18.354336206549853,18.542701721191406,94299400
2010-09-23,18.467356608361726,18.52763352006818,18.354337578551494,18.407079696655273,46201800
2010-09-24,18.56531164292717,18.685865502651474,18.520104304809397,18.67079734802246,51948800
2010-09-27,18.723529928299946,18.829014142456373,18.527629646927558,18.633113861083984,43603300
2010-09-28,18.68585836729587,18.7612048601307,18.346801305211386,18.595443725585938,56041200
2010-09-29,18.557761555705373,18.580365924696242,18.384465704784592,18.45981216430664,44318900
2010-09-30,18.542694179792885,18.708455247900332,18.354328741760416,18.45227813720703,61262700
2010-10-01,18.663256948789517,18.70092947972449,18.30912883469504,18.36940574645996,62672300
2010-10-04,18.052950390959936,18.075554770275502,17.917328426411046,18.015277862548828,98143400
2010-10-05,18.128293297647236,18.42214442214263,18.01527429766342,18.346797943115234,78152900
2010-10-06,18.3241984041408,18.48996098916975,18.181040199919877,18.407079696655273,50489700
2010-10-07,18.550241221843688,18.648190681984033,18.29406394195025,18.48242950439453,50096100
2010-10-08,18.550233850534536,18.572836789292392,18.361868362941074,18.51255989074707,41327800
2010-10-11,18.64065269769866,18.64065269769866,18.459821961145316,18.527633666992188,27587800
2010-10-12,18.57284783654243,18.783817825494683,18.407086626225606,18.708471298217773,50141500
2010-10-13,18.851623811708677,19.24342448446347,18.75367292496246,19.092731475830078,75336500
2010-10-14,19.055062135472227,19.09273467538621,18.836557380048333,19.00985336303711,51949100
2010-10-15,19.107805730491897,19.25096254282784,19.00985481982479,19.24342918395996,68954800
2010-10-18,19.281101209914414,19.552348109579533,19.17561694320702,19.454397201538086,48330500
2010-10-19,19.03998050392257,19.11532697321729,18.798872951870965,18.91189193725586,66150900
2010-10-20,19.0324568563846,19.137941112887393,18.911903009777056,19.07012939453125,56283600
2010-10-21,19.137939825581753,19.24342551210431,18.874227764948035,19.15300941467285,50032400
2010-10-22,19.22835325612065,19.243422843121653,19.039987729952806,19.122867584228516,25837900
2010-10-25,19.017384064396648,19.100265358903133,18.964641945025235,18.979711532592773,50912400
2010-10-26,18.92696986046342,19.567411538952662,18.88176109669253,19.51466941833496,69304200
2010-10-27,19.43178290471466,19.672890480467224,19.303694325456796,19.627681732177734,64805500
2010-10-28,19.748241779913823,19.876330399773618,19.52973850904415,19.80098533630371,80730300
2010-10-29,20.456492879412995,20.49416684143658,19.951673285214593,20.094831466674805,114193200
2010-11-01,20.253057844641425,20.509235038560394,20.117435892373773,20.305801391601562,61912100
2010-11-02,20.388682865473417,20.659929665942606,20.358545130485076,20.637325286865234,54402100
2010-11-03,20.690062923047606,20.712667297232787,20.313331975981644,20.36607551574707,110255300
2010-11-04,20.652396373063564,20.667465960209768,20.351011815714088,20.44896125793457,93599300
2010-11-05,20.471564943601678,20.486634530236238,19.989349668214732,20.230457305908203,110953700
2010-11-08,20.102375539953762,21.752458473415537,20.027029018235275,20.20032501220703,71670800
2010-11-09,20.200315734795996,20.42635519613817,20.12496924768194,20.305801391601562,58538600
2010-11-10,20.35100565172676,20.40374775364883,20.200312700136994,20.298263549804688,52277300
2010-11-11,20.10236930847168,20.132507045547534,19.800984752138543,20.10236930847168,62073100
2010-11-12,19.944140957226036,19.98181492390484,19.665360789377303,19.79344940185547,64962200
2010-11-15,19.838654920338477,19.9667435211664,19.718101112160994,19.740705490112305,51794600
2010-11-16,19.74070547010342,19.74070547010342,19.44504877016887,19.566343307495117,65339200
2010-11-17,19.63456955110099,19.642150639610616,19.36923723704325,19.3843994140625,58299700
2010-11-18,19.49053761302086,19.77103218831173,19.41472959705407,19.58909034729004,59514000
2010-11-19,19.558765232699095,19.581508504182466,19.40714776064544,19.47537612915039,52423200
2010-11-22,19.445048076517885,19.51327643207315,19.285849544185528,19.505695343017578,53350500
2010-11-23,19.38440090789475,19.407144175176306,19.020517307059265,19.04326057434082,69742500
2010-11-24,19.10391243226001,19.301015012288882,19.073588068596955,19.2327880859375,56825900
2010-11-26,19.111487015218493,19.263105901484355,19.08116410553224,19.14181137084961,21356500
2010-11-29,19.096335232802833,19.27069602156097,18.899231166662776,19.187305450439453,56603600
2010-11-30,18.99019499281286,19.30859353926943,18.952290989212457,19.149394989013672,75282100
2010-12-01,19.384403394076,19.89990595101542,19.37682230400982,19.740707397460938,74123500
2010-12-02,19.892321142884914,20.4533086894224,19.861998234232924,20.385080337524414,91759200
2010-12-03,20.32443685670798,20.513959770374267,20.301695032472875,20.4836368560791,52622000
2010-12-06,20.415407775042922,20.453311778067974,20.286532140434694,20.347179412841797,36264200
2010-12-07,20.52912118543262,20.56702518837527,20.35476045838438,20.369922637939453,57860500
2010-12-08,20.33959736200908,20.65041479915261,20.31685409370164,20.642833709716797,41666800
2010-12-09,20.680740304163205,20.726225397356416,20.476055215876197,20.52912139892578,47148300
2010-12-10,20.612509549185,20.77170807985773,20.551862283317547,20.72622299194336,37625800
2010-12-13,20.67315931113142,20.8096160372952,20.59734985815765,20.657997131347656,47943900
2010-12-14,20.703482370817863,21.037043098688716,20.665578367036087,20.938491821289062,64070500
2010-12-15,20.870259236455503,21.21898062773878,20.870259236455503,21.11284828186035,69634200
2010-12-16,21.04462765891854,21.2189884185791,20.968818192908856,21.2189884185791,57680200
2010-12-17,21.165926650892683,21.294802336267015,21.03705096551835,21.15076446533203,87456500
2010-12-20,21.188659051789838,21.218981961398924,20.983973989635302,21.0825252532959,52811000
2010-12-21,21.112851032056106,21.332696840862447,21.044622673405353,21.279630661010742,38153000
2010-12-22,21.23414873113771,21.529804032000893,21.21140545955394,21.37060546875,42252300
2010-12-23,21.203817004826647,21.469149297371974,21.196235916931673,21.45398712158203,24902500
2010-12-27,21.31753610800836,21.378183377259585,21.135592854309717,21.279630661010742,21652800
2010-12-28,21.20382556903346,21.355444496282306,21.19624447807649,21.234149932861328,23042200
2010-12-29,21.1810793600303,21.31753607713417,21.135592823699042,21.203821182250977,19502500
2010-12-30,21.165914454799566,21.226561716150776,21.059782108921137,21.11284828186035,20786100
2010-12-31,21.07494609991728,21.165917728989026,20.946070468866882,21.158336639404297,24752000
2011-01-03,21.26447289863671,21.363025635354003,21.165921607864675,21.211406707763672,53443800
2011-01-04,21.18107303824816,21.35543370430946,21.11284470005991,21.29478645324707,54405600
2011-01-05,21.150753059025323,21.23414358869195,21.052201797919615,21.2265625,58998700
2011-01-06,21.256891173061568,21.870945022405085,21.120434440775206,21.848201751708984,88026300
2011-01-07,21.71173273363996,21.787542147117723,21.416077611615407,21.68140983581543,73762000
2011-01-10,21.42366732778633,21.529799681842576,21.256887707705822,21.393342971801758,57573600
2011-01-11,21.378183957426177,21.416087959507482,21.264469059292264,21.309955596923828,50298900
2011-01-12,21.3175402165404,21.673842811318487,21.279634762237265,21.643518447875977,52631100
2011-01-13,21.476737844250597,21.522222941472968,21.23414873113771,21.37060546875,67077600
2011-01-14,21.287207525726664,21.514634378797133,21.158331923401484,21.45398712158203,62688400
2011-01-18,21.347856262701924,21.7875492694756,21.332694085860993,21.72690200805664,53322700
2011-01-19,21.575281766063235,21.742062808868592,21.431245433024564,21.582862854003906,50005900
2011-01-20,21.605612953554548,21.643516959305536,21.32511839478377,21.491899490356445,58613600
2011-01-21,21.52980781193715,21.5525510875139,21.24173355102539,21.24173355102539,58080300
2011-01-24,21.241725025746376,21.65109370021154,21.21898175929754,21.514636993408203,52047800
2011-01-25,21.332697619637933,21.567707061767578,21.317536886230386,21.567707061767578,42436600
2011-01-26,21.61319173632577,21.97707535808712,21.605610646795956,21.8178768157959,74628800
2011-01-27,21.795142454890414,22.333387017983398,21.59803838439359,21.8861141204834,146938600
2011-01-28,21.908847698355427,21.93159096767163,20.809615708415887,21.03704261779785,141249400
2011-01-31,21.052207373663563,21.150758660870892,20.786874982950472,21.021883010864258,65029000
2011-02-01,21.07495057775523,21.27205461100229,20.930914182876663,21.2189884185791,62810700
2011-02-02,21.173494961600934,21.30995165737905,21.135589520582162,21.181076049804688,45824000
2011-02-03,21.203822227651898,21.203822227651898,20.87784404354273,20.961233139038086,60340100
2011-02-04,20.99914365891991,21.105276049332044,20.855105810542465,21.052209854125977,40412200
2011-02-07,21.074945572842836,21.484315724510054,21.06736592939266,21.378183364868164,68980900
2011-02-08,21.302378398114975,21.48432024403721,21.26447294316539,21.43883514404297,34904200
2011-02-09,21.37060225690902,21.42366843668387,21.158336091864673,21.203821182250977,52905100
2011-02-10,21.17349272749482,21.18107381489866,20.688314701205606,20.84751319885254,76672400
2011-02-11,21.04462404016335,21.082528043677712,20.521540405183877,20.657997131347656,83939700
2011-02-14,20.62767153084517,20.67315806746005,20.430568989293874,20.642833709716797,56766200
2011-02-15,20.61996526222082,20.841110575544004,20.551333607001784,20.558958053588867,44116500
2011-02-16,20.627589688664138,20.642841490807232,20.284432867395978,20.604713439941406,70817900
2011-02-17,20.56658031936804,20.87161049064375,20.520826375473344,20.749597549438477,57207300
2011-02-18,20.68858796359434,20.749593695620568,20.581828296171285,20.635208129882812,68667800
2011-02-22,20.42169316030447,20.66571614057086,20.223424125215104,20.276803970336914,60889000
2011-02-23,20.231050025159888,20.48269890537107,20.154792480203717,20.276803970336914,60234100
2011-02-24,20.314931074499082,20.635211584884953,20.208171389201002,20.414066314697266,64494200
2011-02-25,20.52082244877539,20.5513260418627,20.208167892087314,20.246295928955078,53006300
2011-02-28,20.353058006244368,20.482695373971712,20.215794739887013,20.269174575805664,51379900
2011-03-01,20.284432592926745,20.421695901373457,19.94127432180996,19.94890022277832,60055000
2011-03-02,19.91077137875095,20.109040432549314,19.857391528592128,19.887893676757812,48658200
2011-03-03,20.025154578774302,20.13191426629177,19.964148835265515,19.979400634765625,68271500
2011-03-04,19.99464887043422,20.009900668325336,19.674368387178223,19.788755416870117,70437200
2011-03-07,19.92601398461246,20.03277509794675,19.483722099345446,19.613359451293945,64980400
2011-03-08,19.651499105510325,19.842142283201753,19.559989740241953,19.758258819580078,50549800
2011-03-09,19.68199429342198,19.81163166656156,19.567608718179176,19.743000030517578,39789100
2011-03-10,19.53710552943933,19.60573570731236,19.33121063234597,19.376964569091797,66549500
2011-03-11,19.3769679212909,19.712500242620433,19.338839876488493,19.582862854003906,49905800
2011-03-14,19.437969563137127,19.64386445239444,19.3312098966295,19.590484619140625,54473400
2011-03-15,19.125318248942083,19.42272105861551,19.064312507099032,19.36171531677246,76067300
2011-03-16,19.232073968385187,19.277829356202606,18.820285659467654,18.9041690826416,100725400
2011-03-17,19.110064760485532,19.23207623338555,18.87366771355319,18.89654541015625,62497000
2011-03-18,19.110067512813956,19.20157685791435,18.91179847717285,18.91179847717285,85486700
2011-03-21,19.20157814693167,19.50660689359031,19.17870044549785,19.315963745117188,46878100
2011-03-22,19.29308319091797,19.41509467154024,19.239703349957175,19.29308319091797,30895600
2011-03-23,19.239706185106822,19.529484585154936,19.201578137228186,19.476104736328125,43969000
2011-03-24,19.521853976637136,19.72774887630686,19.44559644477893,19.68199348449707,38696700
2011-03-25,19.77351031914573,19.788762122204854,19.514235485108575,19.537113189697266,57029800
2011-03-28,19.567607669106074,19.613361605851903,19.35408687347317,19.376964569091797,48973200
2011-03-29,19.323583645097976,19.460846902093348,19.29308005265841,19.437969207763672,40763500
2011-03-30,19.521852175188858,19.613360041381338,19.44559465036759,19.529478073120117,41999300
2011-03-31,19.521856298167734,19.582862040010784,19.323587273554907,19.36171531677246,63233700
2011-04-01,19.46847311910372,19.46847311910372,19.300706266920702,19.430343627929688,63114200
2011-04-04,19.407470416199953,19.567609940646136,19.376966818500723,19.483726501464844,35433700
2011-04-05,19.689618884270722,19.96414541020821,19.628613151228105,19.659116744995117,73651100
2011-04-06,19.811625863684075,20.06327463730626,19.720118012089323,19.94126319885254,65581400
2011-04-07,19.971774735015572,20.025154578774302,19.80400784949766,19.979400634765625,46134700
2011-04-08,19.956514162316925,20.040397568199413,19.796373246949543,19.88025665283203,39887600
2011-04-11,19.97176928373228,20.017523215252446,19.67436509262304,19.811628341674805,34286300
2011-04-12,19.697242046557303,19.712493841322175,19.483721283322726,19.552352905273438,36920400
2011-04-13,19.559979120452123,19.727745956609045,19.491347497386332,19.544727325439453,38144700
2011-04-14,19.38459014892578,19.39984194575411,19.132941319224,19.38459014892578,55239900
2011-04-15,19.41509434110634,19.491351878820293,19.20157498089714,19.346464157104492,65080400
2011-04-18,19.14056459991823,19.27782784361784,18.850786317776556,19.12531280517578,58045100
2011-04-19,19.06430631700984,19.193943658145155,18.965172564137493,19.178691864013672,38892400
2011-04-20,19.47609828658154,19.826880865272845,19.45322059273551,19.643863677978516,61608600
2011-04-21,19.666740822656642,19.742996891031446,19.338834492476412,19.460845947265625,46892300
2011-04-25,19.49134858346383,19.537103971051376,19.323583192450076,19.529478073120117,33525100
2011-04-26,19.628614958564306,20.162416262706387,19.575235119048404,19.971773147583008,69200000
2011-04-27,20.055657234063485,20.12428887907025,19.926019843994226,20.116662979125977,52689000
2011-04-28,20.17767158091921,20.490327704933122,20.131917629267473,20.368314743041992,80200000
2011-04-29,20.246298698274927,20.314930337617547,19.3388384971742,19.765878677368164,319317900
2011-05-02,19.781126749407367,19.826880682185617,19.430342719463994,19.56760597229004,89825600
2011-05-03,19.521853976637136,19.71249707903693,19.437970546143966,19.68199348449707,71892900
2011-05-04,19.712493501549382,20.017522119133176,19.666739572534606,19.87263298034668,73292300
2011-05-05,19.865017569446273,19.88789527327594,19.582866494673475,19.666749954223633,55600000
2011-05-06,19.88026248003239,19.994648050542335,19.63623954174679,19.72774887084961,55993000
2011-05-09,19.67436885413401,19.796380331175804,19.575235074471873,19.697246551513672,38696400
2011-05-10,19.35409053812387,19.712500564889304,19.254956747321927,19.575237274169922,120798700
2011-05-11,19.559981911192814,19.567607809787184,19.224449645497785,19.338836669921875,78600000
2011-05-12,19.331215867096944,19.361718015023445,19.140572715457903,19.308338165283203,77400000
2011-05-13,19.277833757340957,19.308335901691574,19.02618488485888,19.087190628051758,66812300
2011-05-16,19.03380720194715,19.117690634892888,18.68302458143129,18.736404418945312,91350900
2011-05-17,18.728733571546922,18.959005767966616,18.628949977916314,18.820842742919922,82882100
2011-05-18,18.82851703550273,18.989706241729944,18.61359662984096,18.95132827758789,53931100
2011-05-19,19.074131166399216,19.09715734919023,18.805481142980245,18.974346160888672,37783600
2011-05-20,18.97435246703265,19.089489275352925,18.75943354808884,18.79781150817871,45451500
2011-05-23,18.582892858770617,18.61359640092705,18.444731311143066,18.55219078063965,52692500
2011-05-24,18.575210313009134,18.644291788621448,18.452399126148315,18.53683090209961,47691800
2011-05-25,18.55219125831167,18.659650730575063,18.544515372574928,18.567543029785156,34904200
2011-05-26,18.690346020038653,19.212294307445628,18.66731837299722,18.93596839904785,78016600
2011-05-27,18.94364886426932,19.112513924684002,18.920621211657004,19.005054473876953,50251000
2011-05-31,19.158561966329856,19.235319321110218,18.958994893535596,19.196941375732422,60196300
2011-06-01,19.181590093981608,19.26602333276419,18.705697117629335,18.751750946044922,74033500
2011-06-02,18.797811129098605,18.920622355739958,18.55986456048415,18.590566635131836,51487800
2011-06-03,18.460082460238105,18.529163969215716,18.29889324864071,18.352622985839844,60697700
2011-06-06,18.33727125004405,18.61359728649671,18.24516354724352,18.429380416870117,54778700
2011-06-07,18.49077628753526,18.55218187835713,18.344937460324036,18.467748641967773,41112600
2011-06-08,18.344941150238842,18.437050287010926,18.314239080664855,18.37564468383789,42205000
2011-06-09,18.429376354044013,18.452404006680382,18.283537482064116,18.3909969329834,42878700
2011-06-10,18.437052328750095,18.437052328750095,18.18375400460766,18.19910430908203,49327200
2011-06-13,18.26050564628738,18.567533599696056,18.191424173767334,18.4523983001709,47572500
2011-06-14,18.651972248452513,18.76710905445092,18.5675404451524,18.590566635131836,42894500
2011-06-15,18.421702253234358,18.429378138189584,18.1684039058134,18.22213363647461,49410200
2011-06-16,18.229803045590717,18.4984530674886,18.153045687330632,18.421695709228516,57184100
2011-06-17,18.590561880556457,18.65196747817252,18.406345087708264,18.621265411376953,83320400
2011-06-20,18.552190460286692,18.92830006105567,18.544514574880125,18.782461166381836,54338400
2011-06-21,18.82083764505406,19.081811851892795,18.728728498630005,19.005054473876953,49708700
2011-06-22,18.882242010133783,19.043431175720386,18.874566126435596,18.92061996459961,44287300
2011-06-23,18.75943978415578,18.920629026946628,18.57522287924089,18.905277252197266,59470400
2011-06-24,18.81315861560677,18.836186264369253,18.567536218240175,18.651968002319336,101387200
2011-06-27,18.59824393124301,19.54235585670767,18.59824393124301,19.342788696289062,92044200
2011-06-28,19.41954213123808,19.895436707600716,19.31208267955387,19.803327560424805,81032100
2011-06-29,19.734254544281512,19.734254544281512,19.46560579965409,19.66517448425293,66051000
2011-06-30,19.75727004602721,19.956838607788086,19.695864447333477,19.956838607788086,52535400
2011-07-01,19.90310937372777,20.087326174268302,19.83402789052195,19.972190856933594,52906200
2011-07-05,20.033601480505098,20.071979441231548,19.880086709548596,19.97987174987793,37805300
2011-07-06,19.93381425643136,20.240843764709364,19.926138372321894,20.210140228271484,48744200
2011-07-07,20.332950285265504,20.63230242832031,20.233166725588937,20.547870635986328,51946500
2011-07-08,20.371331451792273,20.70906157816081,20.348303798802277,20.663007736206055,58320700
2011-07-11,20.43274000730009,20.57090155307706,20.332954960653698,20.440414428710938,43999800
2011-07-12,20.379008497221076,20.563226816820684,20.217819297603203,20.371334075927734,47319300
2011-07-13,20.4173882364275,20.693712792006888,20.34830673152629,20.440414428710938,40861800
2011-07-14,20.432738969262502,20.732091165942887,20.233170350133786,20.317602157592773,46382300
2011-07-15,20.317601583939908,20.670684965975617,20.317601583939908,20.55554962158203,49132400
2011-07-18,20.440410094280587,20.647654565037605,20.156409713487758,20.40970802307129,44501900
2011-07-19,20.57856924070828,21.215652837873776,20.555543057597696,21.138896942138672,86730600
2011-07-20,20.939332367161917,20.993062089985635,20.70906024417081,20.770465850830078,49795400
2011-07-21,20.7551146048752,20.962357602925408,20.45576100498031,20.80116844177246,81737400
2011-07-22,20.61695306862403,21.14657588995754,20.478790084267402,21.1312255859375,76380600
2011-07-25,20.92398787243009,21.56107181197251,20.87025813093053,21.422908782958984,108482400
2011-07-26,21.353829454873665,21.607127879325173,21.32312736974132,21.55339813232422,74636500
2011-07-27,21.39986825753895,21.48430149429044,20.877921465326835,20.977705001831055,71488700
2011-07-28,20.947014768327882,21.54571925352682,20.88560767853763,21.277069091796875,83761400
2011-07-29,21.123547964183423,21.269385356540152,20.923979388088625,21.03143882751465,104394800
2011-08-01,21.115870774355447,21.254033738797954,20.532516848945402,20.93165397644043,61838400
2011-08-02,20.70905912218582,21.069818322785633,20.54019407902797,20.57089614868164,63883100
2011-08-03,20.5939262412613,20.72441334682081,20.32527614581228,20.663007736206055,64581200
2011-08-04,20.363650584170152,20.624624731424866,19.9031078852486,19.910783767700195,92949500
2011-08-05,19.933816503108073,20.033601543752432,19.365814191216362,19.71122169494629,112071700
2011-08-08,19.204615602207976,19.64980646472966,18.721045333591967,18.79012680053711,134257200
2011-08-09,18.966671385487455,19.66516207274975,18.444724536758113,19.634458541870117,126268900
2011-08-10,19.150900365477053,19.258359855673437,18.49846460922955,18.57522201538086,127819900
2011-08-11,18.805489135722734,19.480950958467282,18.728731744404485,19.335113525390625,90690100
2011-08-12,19.289059366563098,19.45025004438063,18.92062562301668,19.266033172607422,64787100
2011-08-15,19.37348220549261,19.634456332503646,19.30440073281176,19.580726623535156,56529400
2011-08-16,19.480311817332915,19.766106104294884,19.34900116763663,19.580726623535156,54251500
2011-08-17,19.503490447998047,19.851077995783452,19.256317735468684,19.503490447998047,50923700
2011-08-18,18.978244849684934,19.379901183912164,18.56114132819155,19.05548667907715,105714200
2011-08-19,18.85465572505764,19.016863690131874,18.46844810844726,18.57658576965332,77397900
2011-08-22,18.862389064839277,18.916457921271274,18.375767883685487,18.522525787353516,54721000
2011-08-23,18.56113929624217,19.11727775510615,18.56113929624217,19.094104766845703,59670600
2011-08-24,19.040042782318483,19.256319664075566,18.862387561553234,19.23314666748047,45329700
2011-08-25,19.372182624858752,19.433975812128406,18.924181648837315,18.97825050354004,48192000
2011-08-26,18.931903181957498,19.573007957555127,18.862385672400418,19.503490447998047,71957000
2011-08-29,19.719770558311268,19.97466764427757,19.59618418167705,19.959218978881836,38863200
2011-08-30,19.874246504744736,20.41493783640727,19.851074987247863,20.260454177856445,57341400
2011-08-31,20.306802919634485,20.631215994810248,20.28362992572241,20.54625129699707,59300800
2011-09-01,20.438112333334107,20.74707969547644,20.24500846862793,20.24500846862793,60510800
2011-09-02,19.912872740231318,20.08280362514536,19.82018222910913,19.928319931030273,43894400
2011-09-06,19.464870614825536,19.766112179489767,19.395353104016003,19.70431900024414,54929300
2011-09-07,19.843351555837774,20.082799911499023,19.75066106185561,20.082799911499023,41961000
2011-09-08,20.082800465067184,20.59259451285765,20.044180284248238,20.252731323242188,65811900
2011-09-09,20.082803384587955,20.221838412972996,19.696595627192032,19.881975173950195,64529200
2011-09-12,19.650252845581146,20.028736304489044,19.51894213753018,19.997838973999023,55046100
2011-09-13,20.021008457417047,20.229560981818345,19.9360422867501,20.113698959350586,48792300
2011-09-14,20.21411424376005,20.700735373759397,19.997837367501628,20.469011306762695,66739200
2011-09-15,20.646658363088036,20.878383811768444,20.322243913547553,20.84748649597168,67808300
2011-09-16,20.89383237323597,21.063764674785933,20.72390154495121,20.94790267944336,89681500
2011-09-19,20.700731535380744,21.094663554843876,20.546249343782627,21.01742172241211,52324900
2011-09-20,21.094662552331243,21.2414218796504,20.80114537095828,20.839765548706055,49211900
2011-09-21,20.89383899379238,20.90156332569816,20.05963030042184,20.0750789642334,72750700
2011-09-22,19.54210324976978,19.812448854449528,19.001413513675313,19.35672378540039,96278300
2011-09-23,19.233137475820797,19.42624126869704,19.070930996971963,19.35672378540039,64768100
2011-09-26,19.457139952682777,19.712036918295865,19.101828182675522,19.650243759155273,51057600
2011-09-27,19.820181323227942,20.021009527092428,19.657974777759875,19.827905654907227,55620700
2011-09-28,20.02873037325512,20.368593541670478,19.704315865509862,19.758384704589844,60736200
2011-09-29,20.067351551104323,20.214110888248776,19.379902322966036,19.65797233581543,63407300
2011-09-30,19.46487950293465,19.6966036625999,19.217705199821097,19.22542953491211,54060500
2011-10-03,19.094105485703622,19.573003614926133,18.939623311280254,18.94734764099121,64592500
2011-10-04,18.769694809979224,19.611627766738458,18.7387989581361,19.573007583618164,83485400
2011-10-05,19.63480418033614,20.20639153500923,19.433975951948433,19.997838973999023,94061300
2011-10-06,20.005563290658255,20.391771081880485,19.851081058128848,20.345426559448242,55111400
2011-10-07,20.34542694542823,20.47673765586556,20.237289233279547,20.275909423828125,52741600
2011-10-10,20.530802194969194,20.832043743050974,20.445836025708992,20.80887222290039,41815300
2011-10-11,20.747075494389584,20.909282000730013,20.638936350230697,20.855213165283203,38826200
2011-10-12,20.994252181487,21.094665541820774,20.777975324959304,20.82431983947754,52489800
2011-10-13,20.669842351062655,21.00970563938724,20.561704634749972,20.9942569732666,43823500
2011-10-14,21.094666146999455,21.241425499327356,20.87066642601375,21.063770294189453,50947700
2011-10-17,20.940180368074813,21.179628711294757,20.73935220260264,20.839765548706055,39453300
2011-10-18,20.808874517375266,21.164184949340477,20.700735342775072,21.094667434692383,52487900
2011-10-19,21.141012267175174,21.218252636311824,20.862942223833294,20.955631256103516,42880000
2011-10-20,21.056044986222066,21.117838162242084,20.39176723905773,20.8861141204834,76300200
2011-10-21,20.971086929889047,21.0019842664852,20.700741127737125,20.978811264038086,76620600
2011-10-24,20.901561181972962,21.16418254677159,20.886113993011378,21.001976013183594,56897800
2011-10-25,20.917008546761934,21.03287055974747,20.638938536984302,20.70845603942871,53554600
2011-10-26,20.878387800046514,20.901559318055302,20.160041276466337,20.538524627685547,63029900
2011-10-27,20.955630269093565,21.164182791777154,20.584871210944208,21.048320770263672,74512400
2011-10-28,20.96335188541734,21.001973536430455,20.693007694652245,20.839765548706055,57712100
2011-10-31,20.669838513411914,20.85521805264354,20.56170081717654,20.56942367553711,46799000
2011-11-01,20.22956265581766,20.329976024061462,19.9746655959896,20.0750789642334,61182600
2011-11-02,20.16004026317631,20.237282090275823,19.851074428043574,20.09052276611328,53533100
2011-11-03,20.268186256790482,20.538532025976966,20.067358013202405,20.4921875,65836100
2011-11-04,20.376322803213927,20.39177146873969,20.08280552455357,20.275909423828125,36549200
2011-11-07,20.245009823105306,20.716183755956898,20.183216641195727,20.700735092163086,42589700
2011-11-08,20.862949198334718,21.009708600634234,20.615776398629908,20.978811264038086,47822500
2011-11-09,20.538531043043264,20.662117421911184,20.12915024225212,20.237289428710938,62950900
2011-11-10,20.44583585830809,20.46900885153447,20.175491636994572,20.2990779876709,32514400
2011-11-11,20.530806570222243,20.917014369867708,20.523082237437432,20.785703659057617,37903000
2011-11-14,20.762530813927494,20.855221334763417,20.584875578363313,20.669841766357422,34199200
2011-11-15,20.66984496573873,20.965574006502788,20.545327943635964,20.809926986694336,43874200
2011-11-16,20.59978833669404,20.63091831079727,20.265150021237496,20.288496017456055,53262800
2011-11-17,20.241809833698095,20.26515732268752,19.798217933414833,19.876041412353516,70977500
2011-11-18,19.829346261481717,19.84491125400562,19.57252982227484,19.68926429748535,47626200
2011-11-21,19.642566893410113,19.65034938812256,19.3779680106233,19.455791473388672,61882500
2011-11-22,19.370191846368932,19.42466784280051,19.18341636530657,19.292369842529297,49204500
2011-11-23,19.152280768419477,19.292362698432825,19.04332733154297,19.04332733154297,49099700
2011-11-25,18.973284465370835,19.198972326524363,18.911026000976562,18.911026000976562,26164600
2011-11-28,19.409105516355478,19.432451525187346,19.21454752617169,19.354629516601562,46766700
2011-11-29,19.315709043565725,19.486920954145123,19.26123306633012,19.331274032592773,40917100
2011-11-30,19.743741376883104,19.91495183814749,19.56474693515289,19.907169342041016,81350900
2011-12-01,19.89161007090329,19.94608607495724,19.611447552288734,19.6737060546875,48545400
2011-12-02,19.91494909490256,19.938296580005918,19.580309230216894,19.627002716064453,52293800
2011-12-05,20.062824994029622,20.078388508631043,19.844919461649752,20.000566482543945,56818400
2011-12-06,20.086159658948887,20.132854629449366,19.930514210358112,19.969425201416016,46175300
2011-12-07,19.977213117589567,20.047254107987705,19.720396647582923,19.92273712158203,62667000
2011-12-08,19.829348335999622,20.016123812748496,19.7437438368811,19.76708984375,60522200
2011-12-09,19.86048446061117,20.13286600499601,19.844919461649752,20.000566482543945,53788500
2011-12-12,19.77487198010558,19.899388962333468,19.68148498561442,19.85269546508789,38945900
2011-12-13,20.039466345181673,20.311847738007433,19.96164287803729,20.04724884033203,54581100
2011-12-14,20.016120802518795,20.125074260839757,19.89938633265142,19.91495132446289,47926400
2011-12-15,20.016128110477872,20.140645121712584,19.87604758610872,19.891611099243164,46213900
2011-12-16,19.977209531297028,20.366325415050877,19.946079548104255,20.234025955200195,101408100
2011-12-19,20.249594797755883,20.327418286178563,19.813783856332687,19.868261337280273,52258300
2011-12-20,20.125078137349238,20.31185362198575,20.08616565032521,20.25737762451172,60767600
2011-12-21,20.241806766013404,20.381888710001462,19.798214932957336,20.04724884033203,64132500
2011-12-22,20.09393552291065,20.12506549297122,19.82933671483048,20.086153030395508,35794100
2011-12-23,20.16398914001366,20.265160121916523,20.02390715544637,20.25737762451172,23205800
2011-12-27,20.202897727788567,20.3429796956116,20.179551722724348,20.26515769958496,21287200
2011-12-28,20.319640195892884,20.350768707397467,20.047258669518254,20.093952178955078,29822500
2011-12-29,20.195119643230388,20.272941650538385,20.12507864916548,20.249595642089844,22616900
2011-12-30,20.234024191294438,20.32741264837229,20.16398321957584,20.20289421081543,27395700
2012-01-03,20.662057144697886,20.98113211720189,20.537540154665088,20.833269119262695,64731500
2012-01-04,20.872174923100932,21.37802525465522,20.841046425526127,21.323549270629883,80516100
2012-01-05,21.307993341214186,21.58037486153453,21.237953820795685,21.54146385192871,56081400
2012-01-06,21.424722333565672,21.938355211092606,21.424722333565672,21.876096725463867,99455500
2012-01-09,21.82940918223609,21.868321676730776,21.57259265601072,21.588157653808594,59706800
2012-01-10,21.73601847185999,21.907228965473326,21.5959364841947,21.665977478027344,60014400
2012-01-11,21.346901485345313,21.774928441230223,21.30020798646104,21.572587966918945,65582400
2012-01-12,21.689325416961246,21.806059914297293,21.51811343546602,21.790494918823242,49370800
2012-01-13,21.73601812768503,21.98505210876465,21.627066132052597,21.98505210876465,60196100
2012-01-17,22.101780333874718,22.296338261962273,21.92278739628037,21.992828369140625,72395300
2012-01-18,22.031737078340882,22.101778043944304,21.767138204807743,21.969478607177734,64860600
2012-01-19,21.91500529772781,22.132910715499595,21.813835826409008,21.88387680053711,74053500
2012-01-20,22.42863775375556,23.14461098981115,22.374161771288154,23.12126350402832,165902900
2012-01-23,22.996753112305814,23.30804707415628,22.8411076157402,23.1368350982666,76078100
2012-01-24,22.934492012084025,23.012315493708048,22.708805548169757,22.833322525024414,51703300
2012-01-25,22.623189073374814,23.07456327613689,22.623189073374814,23.0045223236084,59231700
2012-01-26,23.04344403131182,23.113485011933875,22.880014581740582,22.95783805847168,49102800
2012-01-27,22.918926941112975,22.981185425296818,22.701021504289844,22.74771499633789,44187700
2012-01-30,22.545381791433687,23.05123380777112,22.43642978021508,23.0434513092041,51114800
2012-01-31,23.08235539539731,23.11348538032966,22.74771547917146,22.981185913085938,50572400
2012-02-01,23.183536234357188,23.385875285142355,23.160188735715817,23.2613582611084,67409900
2012-02-02,23.269135758919695,23.479258748445748,23.121271268028064,23.308048248291016,52223300
2012-02-03,23.45590607602226,23.658246522999548,23.416995079601744,23.533729553222656,41838500
2012-02-06,23.37808654797883,23.518167040477266,23.323609069143327,23.50260353088379,28039700
2012-02-07,23.463688222479487,23.728287150401684,23.38586474643896,23.619335174560547,39242400
2012-02-08,23.549293752423555,23.868368662275707,23.51816376884807,23.860586166381836,49659100
2012-02-09,23.876147006515858,23.96953397228529,23.7205000844214,23.94618797302246,50481600
2012-02-10,23.84501686499294,23.969533808071827,23.627112956784405,23.736064910888672,44605300
2012-02-13,23.837247037807863,23.946200534169932,23.681601518427513,23.798336029052734,33319800
2012-02-14,23.759161500671656,23.860997012157807,23.383151389463986,23.69649314880371,59644000
2012-02-15,23.759161604316176,23.806162494889325,23.524155657319056,23.53982162475586,43311300
2012-02-16,23.743491772913075,24.71485188121794,23.73565804291087,24.511180877685547,94705100
2012-02-17,24.44068741405895,24.534689218946735,24.24484857738903,24.479854583740234,70036500
2012-02-21,24.425018165043923,24.761861178581338,24.401516968472137,24.628690719604492,50829900
2012-02-22,24.636518070661413,24.81668938198381,24.42501183869273,24.495513916015625,49253200
2012-02-23,24.44068968736958,24.746197822868837,24.28401800580838,24.57386016845703,35034700
2012-02-24,24.66002082824707,24.675688290515133,24.472015763424633,24.66002082824707,35575400
2012-02-27,24.47201602811765,24.675688557411103,24.36234677931789,24.558185577392578,34568400
2012-02-28,24.605178714298525,25.012523644478343,24.581677528050502,24.96552276611328,45230600
2012-02-29,24.981200048219563,25.067369609373916,24.761861520381803,24.863697052001953,59323600
2012-03-01,25.012528279861368,25.372870904324717,24.949859932383774,25.294536590576172,77344100
2012-03-02,25.310212494775577,25.412046538969268,25.067371259920233,25.130041122436523,47314200
2012-03-05,25.075197992904734,25.10653291728275,24.769691445007684,24.910694122314453,45240000
2012-03-06,24.707022707112202,25.05169790513495,24.667854052247293,24.722688674926758,51932900
2012-03-07,24.80885761065534,25.004696397763727,24.699188367996687,24.942028045654297,34340400
2012-03-08,25.098696088266262,25.231865010113964,24.98902536713998,25.075193405151367,36747400
2012-03-09,25.145698305880636,25.192700689134043,25.004695638514395,25.05953025817871,34628400
2012-03-12,25.0438615512857,25.22403435653173,24.92635858726003,25.098697662353516,34073600
2012-03-13,25.255368929303266,25.60787632239399,25.184866853032627,25.592208862304688,48951700
2012-03-14,25.48254094285588,25.75671702615114,25.45120900932545,25.670547485351562,41986900
2012-03-15,25.686217839658703,25.803719327224606,25.521713964108663,25.733217239379883,49068300
2012-03-16,25.780219498803152,25.811554423969646,25.459043986503925,25.537378311157227,65626400
2012-03-19,25.490383831248494,25.545218466741332,25.184875722570244,25.224042892456055,44789200
2012-03-20,25.145698305880636,25.184868452723137,24.86369147701683,25.05953025817871,41566800
2012-03-21,25.036031481205065,25.18487088173132,24.92636223129915,24.996864318847656,37928600
2012-03-22,24.918529640503948,25.137869644486273,24.902863671322848,25.067367553710938,31749500
2012-03-23,25.14569547797142,25.153530701763824,24.848021221499877,25.075193405151367,35912200
2012-03-26,25.216197802571127,25.54520847510393,25.18486587187562,25.529541015625,36758300
2012-03-27,25.57653789833414,25.615705044484294,25.380699179321663,25.474700927734375,36274900
2012-03-28,25.474706568229195,25.615710716199615,25.098696503062186,25.216197967529297,41344800
2012-03-29,25.114373729667687,25.21620777415681,24.91853339699964,25.161373138427734,37038500
2012-03-30,25.3807083806177,25.388540617382482,25.098700044881074,25.27103614807129,31749400
2012-04-02,25.239701973299685,25.427705521601204,25.02819574026358,25.294536590576172,35853600
2012-04-03,25.192706203306194,25.21620590594518,24.80102855525214,25.020368576049805,42752100
2012-04-04,24.801021504340095,24.824522694429362,24.32317443144359,24.448511123657227,49455900
2012-04-05,24.401514572865175,24.777524716309312,24.32317875278144,24.691356658935547,50368600
2012-04-09,24.456352264446206,24.59735645944642,24.26051343675295,24.362350463867188,31056400
2012-04-10,24.331009362830216,24.43284636411407,23.735659298354097,23.86882972717285,54131300
2012-04-11,23.837496306372127,23.915832116428458,23.68082468625946,23.77482795715332,43014000
2012-04-12,23.87667101385348,24.31535109122184,23.829670110611076,24.268348693847656,38304000
2012-04-13,24.197842155150735,24.40934842215873,24.06467170860476,24.135173797607422,39749200
2012-04-16,24.27617759958937,24.432849238086654,24.10383999254754,24.3466796875,38124800
2012-04-17,24.495520260627647,24.761861178581338,24.440685629425115,24.628690719604492,34361500
2012-04-18,24.503351317070504,24.526851016944498,24.31534624742114,24.393680572509766,40552900
2012-04-19,24.385845195722748,24.81669142529593,24.237008792792015,24.29184341430664,54781200
2012-04-20,25.184878043645288,25.76455938321201,25.106540708390465,25.396381378173828,106045000
2012-04-23,25.310212568203966,25.459049009716672,25.090871037024133,25.161373138427734,61398200
2012-04-24,25.231871953193963,25.474713157121965,24.934197614811065,25.00469970703125,40871100
2012-04-25,25.00470285635294,25.318044697834704,24.965535686467128,25.224042892456055,62495500
2012-04-26,25.1613718959115,25.247541458734414,25.0047017292982,25.153539657592773,40308100
2012-04-27,25.161369849162458,25.239707167294302,24.973364768040742,25.051700592041016,41419100
2012-04-30,25.051705304279906,25.153542342875333,25.004704398691473,25.083040237426758,35697200
2012-05-01,25.10652832379635,25.333702001579,25.028194015446207,25.075193405151367,43832300
2012-05-02,24.949862777786972,25.012531132411567,24.78535741306526,24.910694122314453,37385300
2012-05-03,24.973363896537908,24.989031359617524,24.761859121489152,24.879362106323242,31501300
2012-05-04,24.63652666928652,24.73052847577133,24.221347790605254,24.268348693847656,57927200
2012-05-07,24.049004852751406,24.17434156321489,23.94716784166767,24.009836196899414,48641400
2012-05-08,23.87666652153139,24.111673981791025,23.633826823981448,23.892333984375,46328300
2012-05-09,23.64950352365819,24.15085057741379,23.579001407457298,24.09601593017578,50309300
2012-05-10,24.17434271615932,24.299679432600477,23.85316719351242,24.080339431762695,43839200
2012-05-11,24.04117113377292,24.70702334228001,24.04117113377292,24.409347534179688,43459300
2012-05-14,24.143011632256798,24.315350765389177,24.002007430287303,24.033342361450195,40528900
2012-05-15,24.15949348353841,24.28565260063767,23.773130999430002,23.8204402923584,61822800
2012-05-16,23.899294644523266,23.907179778827814,23.449852516713293,23.576011657714844,60083700
2012-05-17,23.64697229434283,23.820440707392912,23.42619308360473,23.434078216552734,48484000
2012-05-18,23.4892758851084,23.505044648235767,23.00040813370926,23.07925796508789,56205300
2012-05-21,22.945217151260234,23.489279415208493,22.913676612394518,23.457738876342773,38787900
2012-05-22,23.410435125464012,23.560248208808208,23.260620538183794,23.46562957763672,39504900
2012-05-23,23.14233506254605,23.18175922206522,22.582502672975036,22.953096389770508,65171000
2012-05-24,22.992521164961282,23.10291001771908,22.677123368556632,22.92155647277832,52575000
2012-05-25,23.02406568403884,23.150224824449825,22.87425114082495,22.91367530822754,29507200
2012-05-29,23.165989166731624,23.434077664911577,23.039830050404035,23.307918548583984,37758800
2012-05-30,23.142337953500125,23.24484168341597,22.960984390760686,23.13445281982422,41585500
2012-05-31,23.102915420134348,23.197535533149495,22.81905808896026,23.01618194580078,39134000
2012-06-01,22.677124692589913,22.834822848031987,22.424806440734265,22.43269157409668,56634300
2012-06-04,22.566737303710315,22.69289643785797,22.330187799231833,22.51154136657715,47926300
2012-06-05,22.480003356933594,22.669242066757736,22.385383250053735,22.480003356933594,45715400
2012-06-06,22.771744038454965,23.158108066318846,22.716549607027403,23.142337799072266,46860500
2012-06-07,23.370999077760107,23.418309876300082,23.000406846142454,23.04771614074707,37792800
2012-06-08,23.031945038132882,23.40253876022732,22.905785921145295,23.378883361816406,42551100
2012-06-11,23.441966729965316,23.505046298710443,22.72443607151366,22.78751564025879,46361900
2012-06-12,22.945211501383866,23.1029096450749,22.740202561043755,23.09502601623535,35337900
2012-06-13,23.039834868730917,23.213304817910643,22.905790591608223,22.968870162963867,32984600
2012-06-14,23.126567686148313,23.229071416064155,22.77174419040987,23.13445281982422,39458900
2012-06-15,23.331570638271142,23.71793306522707,23.252720825764097,23.670623779296875,62314400
2012-06-18,23.646975786040212,23.678516322489482,23.42619654270199,23.528701782226562,58679900
2012-06-19,23.804675277190324,24.530091066648883,23.694284904403112,24.20680809020996,75725800
2012-06-20,24.38815689086914,24.48277547310862,24.15949255990911,24.38815689086914,36257100
2012-06-21,24.41181519554946,24.553744598489832,23.70216968478312,23.765249252319336,48456600
2012-06-22,23.89140874388712,24.230461988429294,23.678516140235406,24.20680809020996,45098100
2012-06-25,23.891414260917433,23.90718453266237,23.355238557012544,23.5523624420166,42217200
2012-06-26,23.65485351600845,23.867747558596946,23.607544230078258,23.670623779296875,38421300
2012-06-27,23.804666823171527,24.049099876221483,23.6785077310209,23.788896560668945,33781700
2012-06-28,23.639094896421206,23.694289341182255,23.197537834396993,23.583900451660156,45328400
2012-06-29,24.009673057003145,24.198911674209224,23.765238527168975,24.12006187438965,55227200
2012-07-02,24.143723453068866,24.143723453068866,23.820439040563798,24.096412658691406,30589100
2012-07-03,23.836214874666034,24.254117965698242,23.788905573170023,24.254117965698242,20938100
2012-07-05,24.120073119577622,24.26988765868742,23.954488312364578,24.20680809020996,28801900
2012-07-06,24.135844177232194,24.206808882082733,23.615437344285294,23.804676055908203,38294800
2012-07-09,23.74947772777159,23.83621118309238,23.481389220921116,23.654857635498047,30680800
2012-07-10,23.717940534333778,23.82832940424557,23.268498416623707,23.449851989746094,37534100
2012-07-11,23.426197806549073,23.44985321016224,22.95310176577086,23.102914810180664,39184900
2012-07-12,22.984637201365597,23.008292601275123,22.503656101355112,22.57461929321289,63523600
2012-07-13,22.677122577353398,23.244838591074195,22.645582046845718,23.173873901367188,39085000
2012-07-16,23.24484546289818,23.28427113768811,22.89790854836111,23.213306427001953,27900600
2012-07-17,23.370996169498266,23.54446606802105,23.024059380323042,23.38676643371582,33771300
2012-07-18,23.339460417783652,24.009681701660156,23.22907005671639,24.009681701660156,41090400
2012-07-19,24.056986423494795,24.285649227501526,23.95448121512946,24.18314552307129,46663200
2012-07-20,24.44334861259705,24.482772766849788,23.694277650314397,23.749473571777344,64021700
2012-07-23,23.315805799476895,23.323690932955607,22.874248852216976,23.087142944335938,55151900
2012-07-24,23.0556009997938,23.15022109181372,22.787512493661925,22.984636306762695,47723300
2012-07-25,23.05560182288556,23.126566518450122,22.692894715720357,22.732318878173828,45579500
2012-07-26,23.047721448462113,23.260615579113825,22.93733256765117,22.99252700805664,45301400
2012-07-27,23.24485026500987,23.53659430298335,23.008302183145123,23.46562957763672,44242600
2012-07-30,23.457739083324626,23.512933522890975,23.229074686337544,23.371004104614258,28905000
2012-07-31,23.244836960076583,23.426190485965073,23.12656298684214,23.23695182800293,37620900
2012-08-01,23.331578994466806,23.378888297340808,23.031949900415015,23.18964958190918,31721800
2012-08-02,23.03195071135691,23.284270511418736,22.84271198926229,23.01618194580078,39520500
2012-08-03,23.284270424388342,23.60755342808359,23.244844750806195,23.457738876342773,35859400
2012-08-06,23.654862630780748,23.741597608353022,23.505048079683817,23.61543846130371,27471800
2012-08-07,23.710050677888564,23.93082987767523,23.55235253855688,23.859865188598633,28002900
2012-08-08,23.82045135369656,24.025460390165318,23.741602996846733,23.915071487426758,26257600
2012-08-09,23.962371633828955,24.16738059185708,23.891406936667856,24.04910659790039,24920800
2012-08-10,24.049104414546488,24.14372450348279,23.851980607869876,23.986024856567383,27810300
2012-08-13,23.930832796033467,24.01756625686567,23.781018267053557,23.962371826171875,23049100
2012-08-14,24.049681415422402,24.121116235606515,23.819503727861406,23.914749145507812,34551400
2012-08-15,23.89888109756297,24.033813396718383,23.8274462618984,23.97031593322754,24351000
2012-08-16,24.097292714976213,24.557649357111565,24.017920566905055,24.430654525756836,35787200
2012-08-17,24.541791796724084,24.541791796724084,24.27986458454603,24.525917053222656,32589900
2012-08-20,24.46241560160147,24.486227712968205,24.271923252363464,24.39891815185547,23737700
2012-08-21,24.41479476950404,24.573537649122123,24.295737231315794,24.446542739868164,28822700
2012-08-22,24.279864406453253,24.414796697427906,24.184617460042205,24.24017906188965,33437400
2012-08-23,24.121111846473106,24.12904921548244,23.8750594627771,24.017929077148438,28355600
2012-08-24,24.00999766512063,24.31161019281497,23.95443758216894,24.25605010986328,22943300
2012-08-27,24.549722369064735,24.573532963823308,24.279857859878952,24.359230041503906,34691100
2012-08-28,24.3671670395104,24.446537706026678,24.224297417543614,24.31160545349121,23947900
2012-08-29,24.32748794555664,24.40686015126737,24.160807676073116,24.32748794555664,23346800
2012-08-30,24.232237320195274,24.29573476838533,23.98618338379755,24.065555572509766,23982100
2012-08-31,24.287796192461922,24.573533938183672,24.113177083183544,24.462413787841797,36590100
2012-09-04,24.168738950585794,24.33541917801813,23.93062239352721,24.12111473083496,48556700
2012-09-05,23.986182469337987,24.232236396355045,23.978245099379514,24.12111473083496,33650000
2012-09-06,24.20843323084351,24.891032160488773,24.176683739279042,24.883094787597656,48371700
2012-09-07,24.63703426038616,24.660844857406378,24.390980322587563,24.56559944152832,42649100
2012-09-10,24.470352849861317,24.525912928874295,24.216363052145635,24.38304328918457,40524000
2012-09-11,24.359235968617785,24.533853599562068,24.295738510647244,24.438608169555664,25191800
2012-09-12,24.557649357111565,24.74814160414366,24.390967694772353,24.430654525756836,32775800
2012-09-13,24.51797611089326,24.74815531644609,24.129054035140673,24.557662963867188,45047300
2012-09-14,24.613225952594853,24.803718327683605,24.454481549738148,24.771968841552734,51422800
2012-09-17,24.756095612386122,24.811655699216324,24.637038067193007,24.771968841552734,36488500
2012-09-18,24.684660044755496,24.771968101208422,24.629099959585787,24.748157501220703,34542700
2012-09-19,24.676725150600568,24.756097357624448,24.637039804038093,24.644975662231445,48871900
2012-09-20,24.565600121305177,24.98627016188809,24.53385063920153,24.962459564208984,45543000
2012-09-21,24.94657865330021,25.089448259634455,24.67671417775736,24.756086349487305,102348900
2012-09-24,24.60527204039514,24.66083208987561,24.31953291289809,24.430654525756836,46825900
2012-09-25,24.565598365118245,24.60528370101208,24.09730413485807,24.12111473083496,54266400
2012-09-26,24.033806518526028,24.287796299800522,23.843314182570154,23.946496963500977,54672000
2012-09-27,23.94649594805677,24.12905090636931,23.724254141916433,23.93855857849121,47129900
2012-09-28,23.954434741238078,24.017932187637776,23.60519802909048,23.62107276916504,54229300
2012-10-01,23.660764373760856,23.795696672344352,23.351214429792396,23.406774520874023,54042700
2012-10-02,23.557575103085703,23.72425533061862,23.414705471544043,23.54170036315918,43338900
2012-10-03,23.613137518172827,23.80362987446672,23.549640066074865,23.70044708251953,46655900
2012-10-04,23.787754423772952,23.835378646850586,23.47026717274852,23.835378646850586,43634900
2012-10-05,23.994119271958862,24.00999401150045,23.60519723658089,23.692506790161133,41133900
2012-10-08,23.52583355816355,23.74807545039835,23.454398718298762,23.63695526123047,29752000
2012-10-09,23.557572799802966,23.60519550102782,23.160713423832966,23.24008560180664,45121100
2012-10-10,23.136904465236533,23.263899361719247,22.978161601582432,23.001972198486328,47227100
2012-10-11,23.192465717986053,23.216277829994695,22.914665314045216,22.97816276550293,41488500
2012-10-12,22.99402781113001,23.27182963012112,22.859095585557082,23.176584243774414,46464700
2012-10-15,23.311515912720598,23.589316211180336,23.216269014750058,23.422636032104492,42440200
2012-10-16,23.375026546212638,23.605204282679228,23.271842222290527,23.406774520874023,47739400
2012-10-17,23.2559601199473,23.525824631730586,23.089279899439163,23.48613929748535,44206100
2012-10-18,23.533768548290304,23.59726600908631,23.224218616147144,23.414710998535156,59238500
2012-10-19,23.057531766756107,23.0813438770322,22.62098700898425,22.732107162475586,90470800
2012-10-22,22.803541187300652,22.882913371565337,22.089194556715483,22.2241268157959,83374000
2012-10-23,22.041572710873215,22.382872056785896,22.033635340747505,22.263813018798828,64414800
2012-10-24,22.351131106868532,22.382880599488953,22.12095334096702,22.144763946533203,53320400
2012-10-25,22.37493732300925,22.382874694070185,22.113010133593264,22.128883361816406,54084300
2012-10-26,22.113013369227037,22.493998152506297,22.097138624782332,22.39081382751465,57790000
2012-10-31,22.660672520072964,22.922599679533086,22.62098718320571,22.65273666381836,69464100
2012-11-01,22.89085295792465,23.46233001494975,22.874978216754847,23.43058204650879,72047900
2012-11-02,23.486145831168024,23.62901549643375,23.27977870510629,23.414710998535156,57131600
2012-11-05,23.509951259797713,23.60519666695185,23.279772083694727,23.517887115478516,38070800
2012-11-06,23.668697599521213,23.970311632410542,23.50201735547606,23.70044708251953,43401500
2012-11-07,23.43851870039797,23.676633755069425,23.057532493465605,23.081344604492188,57871800
2012-11-08,23.113098434054137,23.31152818824317,22.859107077017114,22.86704444885254,49841800
2012-11-09,22.922598925038553,23.16865284999208,22.867038849693728,22.88291358947754,43291200
2012-11-12,22.970227015157445,23.02578709986483,22.3908110265977,22.39874839782715,61112300
2012-11-13,21.622509306357802,21.846575779657062,21.40644389881491,21.678525924682617,131689200
2012-11-14,21.79856015521613,21.838573112756194,21.44645376055486,21.478464126586914,76086100
2012-11-15,21.510479366426296,21.58250118508925,21.31041909821559,21.334426879882812,50955600
2012-11-16,21.34242313384391,21.36643090837944,21.078343719306105,21.222387313842773,64083300
2012-11-19,21.446454696496428,21.446454696496428,21.18237527056039,21.390438079833984,57179300
2012-11-20,21.414450299743844,21.44645914747762,21.174377073216633,21.37443733215332,47070400
2012-11-21,21.374434818862955,21.742546445718542,21.342425974892908,21.56649398803711,66360300
2012-11-23,21.7905613333756,22.2226921915354,21.766555081036852,22.166675567626953,57845700
2012-11-26,22.038637451172715,22.070646296864513,21.7425476152462,21.91860008239746,85198700
2012-11-27,21.894594536951217,21.910598197144793,21.638517657790857,21.6705265045166,45018600
2012-11-28,21.614515186799697,21.918606173906692,21.42245748025755,21.89459991455078,53018400
2012-11-29,21.694532416594235,21.894592652007052,21.49447218118142,21.56649398803711,69551400
2012-11-30,21.646524006190884,21.710543241600842,21.198389358321183,21.30242156982422,83690200
2012-12-03,21.43045236377954,21.462461206848754,21.126359959760677,21.150367736816406,53173800
2012-12-04,21.206386616011386,21.31041727499152,21.078348177418025,21.10235595703125,49777500
2012-12-05,21.11036323722683,21.550496834980546,21.014335143187534,21.34243392944336,68283800
2012-12-06,21.45445728835368,21.590498297250324,21.294410030223606,21.390438079833984,39182300
2012-12-07,21.46246277441384,21.46246277441384,21.102355250307095,21.174375534057617,46162100
2012-12-10,21.254398349656547,21.582497003851536,21.22238950664013,21.558490753173828,47031100
2012-12-11,21.646515842650683,21.998622267785205,21.646515842650683,21.862581253051758,52282800
2012-12-12,22.030633608581297,22.102655415225932,21.670524575358126,21.79856300354004,43966300
2012-12-13,21.862589947834866,22.022638802821778,21.566501550349784,21.69454002380371,45080100
2012-12-14,21.694527566625442,21.710531221863498,21.366428976004315,21.45445442199707,42077500
2012-12-17,21.438462444730888,21.782564878029756,21.350435424449877,21.68653678894043,42046100
2012-12-18,21.806576868331415,22.110667910869335,21.718549831076565,22.054651260375977,50486900
2012-12-19,22.158672341403705,22.190681185720013,21.806565895893403,21.85457992553711,53519900
2012-12-20,21.894597901435276,22.15067481994629,21.726546469700654,22.15067481994629,52607300
2012-12-21,21.96661376953125,21.99862261249683,21.606504746553327,21.96661376953125,98776500
2012-12-24,21.766558641971237,21.806570086640573,21.60650981061635,21.654523849487305,20842400
2012-12-26,21.630509687996454,21.76655068702806,21.36643028121018,21.494468688964844,31631100
2012-12-27,21.51848059556828,21.6785294105217,21.2624037127137,21.57449722290039,39394000
2012-12-28,21.37444312614707,21.52648939152912,21.24640464782715,21.24640464782715,28239900
2012-12-31,21.27840926261335,21.42245289326195,21.102356784230977,21.37443733215332,42749500
2013-01-02,21.806565591694127,22.19068087616237,21.72654119251196,22.1026554107666,52899300
2013-01-03,22.110657132707708,22.126662318286492,21.734544429637292,21.80656623840332,48294400
2013-01-04,21.822575373306243,21.878592006631052,21.39044444250551,21.398447036743164,52521100
2013-01-07,21.422451988878912,21.51047746118464,21.318419803874075,21.35843276977539,37110400
2013-01-08,21.40645350889658,21.43846389164609,21.17438281297981,21.24640464782715,44703100
2013-01-09,21.382443482695752,21.406451267243824,21.25440501778384,21.366439819335938,49047900
2013-01-10,21.326421747172127,21.590501208719154,21.038336033154437,21.174375534057617,71431300
2013-01-11,21.198380777135053,21.55048719252527,21.030330924588256,21.470462799072266,55512100
2013-01-14,21.52648289417527,21.670526520393153,21.41444964104518,21.51848030090332,48324400
2013-01-15,21.470466201936546,21.838577859627225,21.470466201936546,21.77455711364746,48244500
2013-01-16,21.72653710655629,21.79055630859469,21.614503884573626,21.638511657714844,41077400
2013-01-17,21.75855220800547,21.98261870075444,21.654520028081873,21.80656623840332,51685900
2013-01-18,21.686530399239444,21.83857660956089,21.638516368841593,21.80656623840332,52167700
2013-01-22,21.846581192346655,21.966618577169758,21.606509475377955,21.726545333862305,58650600
2013-01-23,21.76655540152428,22.118660335944167,21.76655540152428,22.094654083251953,50387700
2013-01-24,22.166678711169645,22.46276705848618,21.982622101219135,22.110660552978516,101739300
2013-01-25,22.07064307188573,22.590799330664858,21.918596879635782,22.310714721679688,81847700
2013-01-28,22.41475265359059,22.590805140291966,22.21469238520046,22.334728240966797,56056500
2013-01-29,22.262706726773878,22.51078103559624,22.08665423766426,22.414752960205078,49242600
2013-01-30,22.414751087199356,22.558794714588362,22.21469083278987,22.286712646484375,43580500
2013-01-31,22.238695803261585,22.382737886114338,21.92660080790125,21.96661376953125,50530000
2013-02-01,22.14266616769406,22.446757043648468,22.04663658635464,22.35072898864746,55565900
2013-02-04,22.30271436292497,22.422750191625735,21.9426053504843,21.95861053466797,50540000
2013-02-05,22.1026576304291,22.13466647751338,21.894594782196112,22.006628036499023,35410400
2013-02-06,21.910602297540166,22.038642287420615,21.806571618289727,21.87859344482422,41889600
2013-02-07,21.886588746637365,21.918597588687472,21.686528523224478,21.8305721282959,38028300
2013-02-08,21.886587420839973,22.174673087193415,21.854577054390543,22.046634674072266,33318500
2013-02-11,22.126668255055094,22.34273373932534,22.0066323836846,22.294719696044922,32247700
2013-02-12,22.310714721679688,22.406744297400266,22.206684080459194,22.310714721679688,35990900
2013-02-13,22.350725508920817,22.494769095334966,22.310712553617897,22.430749893188477,41715600
2013-02-14,22.34272545809358,22.4547586930029,22.302714024579778,22.43875503540039,32663200
2013-02-15,22.43876074222224,22.5347888176134,22.31072076446946,22.414752960205078,49650900
2013-02-19,22.49543723310915,22.664879997549914,22.430887974983076,22.632604598999023,38781400
2013-02-20,22.69715346843895,22.753635414935765,22.45509413935534,22.487369537353516,44110200
2013-02-21,22.382474125959327,22.382474125959327,21.97097207039457,22.180757522583008,49078500
2013-02-22,22.33406942678739,22.398618698120117,22.172695478967565,22.398618698120117,31425900
2013-02-25,22.568051459789558,22.632600706814937,22.083932876586914,22.083932876586914,48011800
2013-02-26,22.092000185861576,22.269511769412958,22.059726331836604,22.083932876586914,49923300
2013-02-27,22.124283529098346,22.59226612294313,22.05166540772795,22.438961029052734,36394700
2013-02-28,22.495440303924894,22.568058421601673,22.382479471528093,22.430891036987305,35840200
2013-03-01,22.36633379223282,22.576119219695887,22.20496145193648,22.55191421508789,34849700
2013-03-04,22.471235613164417,22.713294982910156,22.350205928291548,22.713294982910156,38157500
2013-03-05,22.826250846942706,23.027967443869485,22.7213573547145,22.874662399291992,41432200
2013-03-06,22.76169812699995,22.7778358227388,22.414746902466856,22.664875030517578,51448500
2013-03-07,22.681019978472307,22.818187358160834,22.600333012953904,22.705224990844727,29196700
2013-03-08,22.79398274421692,22.85853201432292,22.559990678222675,22.592266082763672,37667800
2013-03-11,22.543849944874648,22.5680549543976,22.325995625313986,22.487369537353516,36627500
2013-03-12,22.46316908277182,22.55192491236924,22.301795126953984,22.519649505615234,39255200
2013-03-13,22.487371064373228,22.608400737133636,22.390546402779428,22.527713775634766,29093400
2013-03-14,22.592264162504478,22.72136269174358,22.535783748334357,22.705224990844727,55914800
2013-03-15,22.616469571588954,22.72136154418212,22.576125321379443,22.62453842163086,92710300
2013-03-18,22.49543533086378,22.81818313317786,22.438954927151492,22.67294692993164,44809400
2013-03-19,22.68908957908786,22.76977500829809,22.61647146161792,22.73750114440918,51901600
2013-03-20,22.866590117781215,22.98761974997203,22.737491638247647,22.850452423095703,35447800
2013-03-21,22.681013107299805,22.882729690498202,22.632600019269905,22.681013107299805,34233200
2013-03-22,22.74556998682038,22.86659966956745,22.672951869376956,22.793981552124023,28720900
2013-03-25,22.83432389783593,22.874668150750484,22.55998913392051,22.721363067626953,44154000
2013-03-26,22.785912333314354,22.86659930016757,22.681020353688286,22.721363067626953,27824300
2013-03-27,22.705223817972833,22.955353552056646,22.656812256752907,22.890804290771484,36047400
2013-03-28,22.850455869412844,23.124790564540795,22.80204431703012,23.084447860717773,55453800
2013-04-01,23.108652867421384,23.124790564540795,22.882731263651664,23.084447860717773,29201100
2013-04-02,23.06830791343206,23.278093338594648,23.011827517998935,23.237749099731445,28456500
2013-04-03,23.197404827074735,23.358778693635788,23.027963652263352,23.044099807739258,35062800
2013-04-04,22.90693892193308,23.084450532843316,22.81011580595993,23.07638168334961,45263200
2013-04-05,22.769769302763486,23.22161559579415,22.681015045076645,23.157066345214844,50927300
2013-04-08,23.181272500649808,23.181272500649808,22.97148704113107,23.06831169128418,34759500
2013-04-09,23.181268439383366,24.060752829870825,23.140925739956554,23.891311645507812,77733800
2013-04-10,23.85904119834487,24.46419104898524,23.818698490559107,24.431917190551758,71116700
2013-04-11,23.479819900562436,23.560506873624877,23.1812785619242,23.35072135925293,130923200
2013-04-12,23.27809064973447,23.415257968074403,23.124785637713327,23.229679107666016,62886300
2013-04-15,23.116728578723414,23.38299450433894,23.003767743303484,23.149003982543945,56332900
2013-04-16,23.318437584830196,23.51208532728913,23.157065235602147,23.37491798400879,52797300
2013-04-17,23.278096773854532,23.431401826207946,23.076380166696303,23.261959075927734,52840700
2013-04-18,23.358777579165345,23.38298258071198,22.995687166214,23.229679107666016,56906600
2013-04-19,23.899379000673612,24.399635213816595,23.891310153497084,24.020408630371094,99790700
2013-04-22,24.448060097117022,25.158103646309385,24.42385508135606,24.875699996948242,137904000
2013-04-23,24.770800018428055,24.932172381054677,24.51260146806941,24.690113067626953,59126900
2013-04-24,24.706257782338344,25.755183823728522,24.690120079799783,25.62608528137207,90946600
2013-04-25,25.58574174391052,26.497501956268795,25.448575885406846,25.77132225036621,110700200
2013-04-26,25.73903998567856,25.803589241469936,25.375950998967927,25.650285720825195,47799300
2013-04-29,25.658351535824128,26.368394847123543,25.634146528172813,26.311914443969727,59116400
2013-04-30,26.271579274901224,26.715355317534446,26.04565451952547,26.707284927368164,75165200
2013-05-01,26.570119897965515,26.691151130596687,26.303852417357778,26.400678634643555,54330900
2013-05-02,26.32805892264657,26.76376456234405,26.13440957770731,26.75569725036621,46059500
2013-05-03,26.81217419250525,27.046166222906038,26.691146060814564,27.021961212158203,46784600
2013-05-06,26.96548111739103,27.360847117753778,26.828315268622507,27.231748580932617,40978300
2013-05-07,27.151057049670072,27.264017859265888,26.82024193101752,26.87672233581543,43078300
2013-05-08,26.683074176433948,26.820243078204026,26.34419173315143,26.618526458740234,51595700
2013-05-09,26.50556603976781,26.626597258487088,26.295782082333044,26.352262496948242,46417800
2013-05-10,26.360340487626676,26.400686295512557,26.07793830014349,26.37647819519043,36394900
2013-05-13,26.311908821701596,26.683066556818865,26.263495738792642,26.65079116821289,36027600
2013-05-14,26.699556136580885,27.243946075439453,26.65080354970629,27.243946075439453,56870100
2013-05-15,27.178940328980143,27.54457690909878,27.162689469915488,27.503948211669922,46303900
2013-05-16,27.33331378183199,27.747702862447774,27.26018647934296,27.690826416015625,59382900
2013-05-17,27.731457325784742,28.33272361755371,27.70707948725638,28.33272361755371,60666700
2013-05-20,28.218975315560346,28.519608510586515,28.178349710751668,28.503360748291016,54020800
2013-05-21,28.5196079414239,28.657738714458702,28.210850871411814,28.316476821899414,48702400
2013-05-22,28.267735638745798,28.308361254674875,27.91834976259125,28.12148094177246,66047500
2013-05-23,27.812707702189012,28.072715242240363,27.544576282557347,27.74770736694336,51102700
2013-05-24,27.56082941049146,27.853338724912827,27.544581648165803,27.84521484375,33174400
2013-05-28,27.96708672399211,28.584606967603097,27.95896284426263,28.45460319519043,48212100
2013-05-29,28.227103613537153,28.454609490710894,28.088972831299444,28.340856552124023,38412200
2013-05-30,28.316464373896583,28.64147526207396,28.28396576470568,28.462718963623047,51131000
2013-05-31,28.292090391863667,28.665850753498862,28.267715659441173,28.357093811035156,56165700
2013-06-03,28.373356334362153,28.950251131409814,28.300232099034183,28.917749404907227,51252600
2013-06-04,28.94211731055197,29.03962246701779,28.251472833025563,28.43022918701172,65529500
2013-06-05,28.11333934268776,28.348972131920632,27.975211700434546,28.259593963623047,46025100
2013-06-06,28.308353108752943,28.527735091084285,28.023970779546534,28.405855178833008,37618500
2013-06-07,28.641472258262397,29.072109005330322,28.48709380731223,28.982730865478516,40757300
2013-06-10,28.85273672998346,28.966492736383806,28.552103604761015,28.82023811340332,35994500
2013-06-11,28.47898090465148,28.5846099493598,28.178347730749834,28.308351516723633,39435900
2013-06-12,28.55211890409867,28.657747988303477,28.316485985309452,28.438365936279297,37372700
2013-06-13,28.430233656547035,28.454608399728205,28.105222616301468,28.210851669311523,45654900
2013-06-14,28.072718709651163,28.18647163503206,27.82896199818713,27.950841903686523,53192600
2013-06-17,28.18648215072504,28.56836977086371,28.137732649965827,28.438365936279297,49670100
2013-06-18,28.413980001419144,28.57648240603256,28.35710353989751,28.422103881835938,28616500
2013-06-19,28.405861683725668,28.511490758563315,28.105228424072266,28.105228424072266,30816200
2013-06-20,27.83708204343446,27.893961597822912,27.11393588925971,27.211441040039062,54493700
2013-06-21,27.349572172442254,27.40644863454334,26.8539317745316,27.03268814086914,85338500
2013-06-24,26.764553798836836,27.788336323662005,26.46392062546711,27.398324966430664,56109000
2013-06-25,27.690826808394405,27.93458345363391,27.18705956209433,27.357688903808594,44073400
2013-06-26,27.72332943073401,28.015838687137155,27.536449205706305,27.91020965576172,48665900
2013-06-27,28.048339796268596,28.25959475490469,28.032088937983623,28.12959098815918,28993100
2013-06-28,27.934586688284607,28.267721531911445,27.902084971946802,28.064590454101562,65545500
2013-07-01,28.235226652521053,28.43023389823315,27.89396784694365,27.91834259033203,31055400
2013-07-02,27.95896920468243,27.983343948950335,27.325201057435798,27.57708168029785,37630000
2013-07-03,27.349567022825713,27.92645851524866,27.30081445040375,27.633949279785156,15994400
2013-07-05,27.698951435128862,27.820831310808465,27.2845654369794,27.79645347595215,26085900
2013-07-08,27.910208711311952,28.10521590882668,27.609575585530408,27.89396095275879,32396900
2013-07-09,28.097092980323783,28.11334073942675,27.739580289371336,27.91020965576172,25318500
2013-07-10,27.902087964914447,28.283975424011835,27.885837105002366,28.194597244262695,29658800
2013-07-11,28.43835410503233,29.063998267287197,28.357102904546085,28.998994827270508,53638300
2013-07-12,28.909606677817816,29.031483423452194,28.665846987482627,28.982730865478516,35501200
2013-07-15,28.974615825524992,29.429630540115664,28.90961549460299,29.389001846313477,34142600
2013-07-16,29.259008219540064,29.600270148571393,29.218382611200326,29.470266342163086,36378500
2013-07-17,29.527136658009944,29.56776225788017,28.836492161612323,29.039623260498047,37285100
2013-07-18,29.02336920390422,29.16149684815603,28.61710705087996,28.795860290527344,49547100
2013-07-19,26.325791551855463,26.545170410198715,25.20450702254697,25.51326560974121,248428500
2013-07-22,25.75703237890214,26.008913040161133,25.675779602831874,26.008913040161133,79040700
2013-07-23,25.92765192803086,26.033280961577763,25.765146437851257,25.854524612426758,65810400
2013-07-24,26.033284236298705,26.155161044613447,25.91140432844915,25.968280792236328,52803100
2013-07-25,25.69202209354222,25.716396833580756,25.391387385006137,25.50514030456543,63213000
2013-07-26,25.39951304238824,25.6920223236084,25.358885892348045,25.6920223236084,38633600
2013-07-29,25.570143776484397,25.675772822411716,25.513267313185406,25.62702178955078,28870700
2013-07-30,25.822025975297702,26.098282845355385,25.635144185580348,25.878902435302734,45799500
2013-07-31,25.976408450951297,26.041410350822012,25.765151888929598,25.87078094482422,43898400
2013-08-01,26.049532501293246,26.073907240620116,25.67577048401964,25.732646942138672,42557900
2013-08-02,25.74889780398272,25.91952717835604,25.65139419736422,25.911401748657227,29199900
2013-08-05,25.9195267999682,26.000779546002903,25.708270280184855,25.757022857666016,30984000
2013-08-06,25.6351448124068,25.732648424633357,25.497015599116793,25.659521102905273,36331500
2013-08-07,25.627020776521473,26.082032464926915,25.39138795243456,26.04953384399414,38078600
2013-08-08,26.19579503193154,26.87018885269646,26.041413370904234,26.723934173583984,59034400
2013-08-09,26.626427934286205,26.732056985955335,26.382671206963945,26.569551467895508,26800700
2013-08-12,26.374539173084347,26.78892831971872,26.374539173084347,26.707674026489258,25493700
2013-08-13,26.6013032666893,26.634034012300667,26.35582891735545,26.372194290161133,39464100
2013-08-14,26.29855475261046,27.296820761017617,25.938525872855518,26.470386505126953,48519600
2013-08-15,26.183991039601572,26.33127623890933,25.234821489271013,26.01215934753418,33338000
2013-08-16,26.012168375929054,26.175817440313967,25.905795001425236,26.020349502563477,32866300
2013-08-19,25.987615266213584,26.159446984544925,25.67667945110775,25.68486213684082,27902500
2013-08-20,25.72577880079517,26.102173027725694,25.668501554148172,25.873064041137695,22979600
2013-08-21,25.86488151550293,26.192179623899595,25.807604268499116,25.86488151550293,37409100
2013-08-22,26.33946598581696,26.58494347927854,26.265823362053684,26.503116607666016,31169900
2013-08-23,28.777842708735175,28.80239232419634,27.82049198287854,28.434179306030273,225493800
2013-08-26,28.147799794117493,28.368724535891115,27.845045062370474,27.9432373046875,72786800
2013-08-27,27.427735418020607,27.902318709141763,27.124983846717,27.214988708496094,58522300
2013-08-28,27.321367352571425,27.49319910565495,27.002250347880285,27.01861572265625,44257400
2013-08-29,26.94496791688105,27.493193820291168,26.838594561974805,27.452281951904297,45284700
2013-08-30,27.305002073839002,27.395010074735374,27.07589306892176,27.329551696777344,42790200
2013-09-03,25.979435993165374,26.24127572826831,25.603041764126885,26.08580780029297,154507000
2013-09-04,25.68486624354861,25.750326179191735,25.45575724914166,25.529399871826172,142320600
2013-09-05,25.44757183526937,25.725776922113617,25.32483466417639,25.553943634033203,71644900
2013-09-06,25.619405201938264,25.68486513475554,25.472119962927415,25.48848533630371,75434900
2013-09-09,25.545767478531648,26.01217134501955,25.52940366270697,25.905797958374023,49628500
2013-09-10,26.102174300892624,26.511300855515266,26.01216786349484,26.503116607666016,56881200
2013-09-11,26.650402786318057,26.944973291663015,26.617672036529484,26.789506912231445,39087500
2013-09-12,26.773145818361215,26.822238829517943,26.666772425227304,26.74859619140625,32860200
2013-09-13,26.814048930939435,27.059523270561552,26.601302214258176,27.026792526245117,40899000
2013-09-16,27.313182788644596,27.411371903567705,26.78131910017435,26.83859634399414,52839700
2013-09-17,27.345909876117307,27.386824867793475,26.92042267934089,26.944969177246094,84716500
2013-09-18,26.994066820651135,27.329549170284455,26.863146955461932,27.264087677001953,64099900
2013-09-19,27.395010525218094,27.55866115486837,27.2640906457731,27.525930404663086,42026600
2013-09-20,27.337733690835634,27.39501094388215,26.748592663641546,26.830419540405273,102904900
2013-09-23,26.62585628466468,26.977704041451588,26.593125534876105,26.789506912231445,39826100
2013-09-24,26.89587910964611,26.89587910964611,26.306741177779376,26.552215576171875,40685000
2013-09-25,26.584944661609,26.83860017144884,26.511302034570566,26.601306915283203,28907500
2013-09-26,26.707683008527365,27.002253546638194,26.666771127428962,26.814056396484375,28504000
2013-09-27,26.9040580813723,27.615934633494966,26.895873834251233,27.223175048828125,55348000
2013-09-30,27.002246694005333,27.255905286644253,26.75677234833496,27.231355667114258,39839500
2013-10-01,27.28863311830317,27.50137984184722,27.247721247275678,27.47683334350586,36718700
2013-10-02,27.29682307685115,27.84504913035546,27.239545821152976,27.755041122436523,46946800
2013-10-03,27.72231516042074,27.820504301617497,27.345917729976232,27.705949783325195,38703800
2013-10-04,27.56684152139851,27.81231901979137,27.50956427080712,27.72231101989746,33008100
2013-10-07,27.49319313662774,27.583201117665944,27.1658950762961,27.247718811035156,35069300
2013-10-08,27.255908788255777,27.27227416291971,26.83859953776565,27.01043128967285,41017600
2013-10-09,27.05953025817871,27.28863928480573,26.969522248753417,27.05953025817871,35878600
2013-10-10,27.25590691773034,27.73049026491032,27.214991923190407,27.624116897583008,42875100
2013-10-11,27.558661026117758,27.93505528759163,27.558661026117758,27.9268741607666,30033300
2013-10-14,27.73867619881263,28.229624949381904,27.64048395159795,28.18871307373047,27757900
2013-10-15,28.368721466359947,28.630564296164422,28.205073989623514,28.221439361572266,47097800
2013-10-16,28.31144649956689,28.556923977142528,28.278718874415823,28.34417724609375,35111600
2013-10-17,28.188714475319383,28.63057024562714,28.12325297392141,28.57328987121582,31359200
2013-10-18,28.491457871438044,28.630561960968908,28.090517216209967,28.60601234436035,41811700
2013-10-21,28.622385209870117,28.802401212386165,28.565107958410668,28.630569458007812,27433500
2013-10-22,28.655101254438385,28.720559599067503,28.24597645603928,28.295072555541992,40438500
2013-10-23,28.106884492221308,28.221442107006943,27.550474277337305,27.624116897583008,58600500
2013-10-24,27.67320862102197,27.902317571436885,27.468646166329982,27.591384887695312,53209700
2013-10-25,29.358803629151012,29.694285921509437,29.023321336792588,29.236064910888672,113494000
2013-10-28,29.137884788615647,29.236073920659607,28.859679646677574,29.105154037475586,38383600
2013-10-29,29.1542455854155,29.227888203226712,28.85149086698289,29.064237594604492,31702200
2013-10-30,29.072403144282067,29.285149757920323,28.99057944449755,29.08058738708496,36997700
2013-10-31,29.17879997778949,29.20334648324173,28.916960181710323,28.9742374420166,41682300
2013-11-01,29.186963126192705,29.203328493538404,28.957854226102214,29.07240867614746,40264600
2013-11-04,29.121519310585917,29.440636329638185,29.08878855956101,29.40790557861328,28060700
2013-11-05,29.285167328758494,30.037955806839424,29.268801954707698,29.98067855834961,51681900
2013-11-06,30.471635434635427,31.27352016694472,30.324350165295307,31.24078941345215,88948800
2013-11-07,31.060760369440928,31.101672233467493,30.62708899228407,30.68436622619629,60437400
2013-11-08,30.823480375868414,30.913488388061523,30.553459460665557,30.913488388061523,36737800
2013-11-11,30.83983651014522,30.91347912338033,30.561631429187628,30.758012771606445,26872500
2013-11-12,30.586176236718202,30.76618905746303,30.438891033415583,30.56981086730957,31651600
2013-11-13,30.258887125353624,31.224422454833984,30.193428743061144,31.224422454833984,44957600
2013-11-14,30.987115041840863,31.199861710278565,30.86437946054976,31.109853744506836,46183700
2013-11-15,31.052583899650397,31.109861142147892,30.864386799819258,30.962575912475586,50601300
2013-11-18,30.5616279583713,30.74982815411298,30.332519019381696,30.438892364501953,53277500
2013-11-19,30.381186203505315,30.69448019769768,30.232783950732532,30.290498733520508,44275000
2013-11-20,30.438898221866527,30.84288283614368,30.38943290035598,30.57081413269043,32229900
2013-11-21,30.727452792119195,30.94180980990339,30.719206476984578,30.834632873535156,23064700
2013-11-22,30.94182112735768,31.065490739229244,30.776932504927434,30.97480010986328,27982000
2013-11-25,31.27160942147149,31.28809891523379,30.97480482384882,31.032516479492188,30646800
2013-11-26,30.97479055028744,31.04074849494241,30.79340934753418,30.79340934753418,34465300
2013-11-27,30.97479812946287,31.131443568775893,30.908843313717423,30.999530792236328,26002100
2013-11-29,31.180904876087475,31.56839994411083,31.180904876087475,31.436487197875977,22090400
2013-12-02,31.40351665256828,31.9723899336736,31.37878398883942,31.700321197509766,42950400
2013-12-03,31.444744591680077,31.733306016811714,31.39527925512276,31.584903717041016,52109800
2013-12-04,31.502441727163465,32.13727279577887,31.4282406114799,32.10429382324219,51983600
2013-12-05,32.03009149082362,32.05482729181045,30.653252462722826,31.32930564880371,116305000
2013-12-06,31.675577299077656,31.782757389611213,31.32106434432448,31.62611198425293,36457300
2013-12-09,31.79100450897834,32.04658369549394,31.634355954612705,31.914670944213867,30286000
2013-12-10,31.832227832435198,32.07132068580869,31.345798954386595,31.420000076293945,37828600
2013-12-11,31.37877419637756,31.576641734556947,30.82638743344383,31.007768630981445,39853400
2013-12-12,31.03250909400448,31.03250909400448,30.653260262877843,30.68623924255371,36012800
2013-12-13,30.85111964439738,30.875855445098825,30.191555951567906,30.249267578125,40066100
2013-12-16,30.28226032763372,30.504863764945984,30.125614862139546,30.414173126220703,31734200
2013-12-17,30.45538540513958,30.59554447725523,29.95247018591379,30.109115600585938,45687700
2013-12-18,29.97720716468251,30.1750747543561,29.29290748319382,30.158588409423828,63192100
2013-12-19,30.1008736509055,30.133852630899014,29.746360623645433,29.886516571044922,34160100
2013-12-20,29.845291836059733,30.447144016144165,29.83704551925059,30.339963912963867,62649100
2013-12-23,30.348207392133617,30.414162195197978,30.13384720581628,30.191558837890625,25128700
2013-12-24,30.274009623433486,30.64501211495625,30.208051668021536,30.57081413269043,14243000
2013-12-26,30.66975665037828,30.908849589227664,30.645020837533966,30.867624282836914,17612800
2013-12-27,30.98304084529915,31.016016676814086,30.645011053098354,30.743947982788086,14563000
2013-12-30,30.686236346326563,30.818149107531234,30.42241082391722,30.743947982788086,16290500
2013-12-31,30.834644705168067,30.983046984057722,30.68624242627841,30.84288787841797,17503500
2014-01-02,30.793427184223425,30.834652496035954,30.58731320535968,30.636781692504883,30632200
2014-01-03,30.669737780760737,30.68622726416199,30.175062713865355,30.430644989013672,31134800
2014-01-06,30.381192195271687,30.41417117906938,29.771096720259354,29.787586212158203,43603700
2014-01-07,29.952473988745947,30.084386761283106,29.853537050556643,30.018428802490234,35802800
2014-01-08,29.680393639226697,29.795816889060507,29.334123889725273,29.48252296447754,59971700
2014-01-09,29.5814536651168,29.606186314876087,29.185715543733096,29.292892456054688,36516300
2014-01-10,29.59795563195492,29.8040695203528,29.474286040896857,29.71337890625,40548800
2014-01-13,29.67215258956751,29.696885246285618,28.7157844075432,28.83945083618164,45901900
2014-01-14,28.63333633936588,29.581461329728445,28.550892055442105,29.499013900756836,41623300
2014-01-15,29.59794924447419,30.331714025610438,29.556723959652693,30.306978225708008,44812600
2014-01-16,30.24928134172467,30.504863764945984,29.935990410736323,30.414173126220703,38018700
2014-01-17,30.36469221454385,30.36469221454385,29.804062321904304,29.99368667602539,46267500
2014-01-21,30.356454022439266,30.356454022439266,29.72986916920808,29.820556640625,31567300
2014-01-22,29.894762765328984,29.94423124031961,29.47429173558001,29.62269401550293,21904300
2014-01-23,29.754602503926016,29.787581482487308,29.284663067097345,29.729869842529297,43954000
2014-01-24,30.875858479881177,30.95830277019538,30.11735779978857,30.348207473754883,76395500
2014-01-27,30.39768405597944,30.41417354916327,29.663918907069935,29.705141067504883,44420800
2014-01-28,29.77932650212891,30.00192982508668,29.474278901800524,29.902996063232422,36205500
2014-01-29,29.663910677921976,30.405921940104612,29.597955868532615,30.22454071044922,52745900
2014-01-30,30.331719364903982,30.40592048757757,29.870023141040747,30.38943099975586,35036300
2014-01-31,30.46363045457895,31.23861746948033,30.14209332227995,31.19739532470703,93162300
2014-02-03,31.114959197849366,31.32107312083577,30.034921109183003,30.076143264770508,64063100
2014-02-04,30.480122605011907,30.661500686873804,29.88651360424996,29.968957901000977,54697900
2014-02-05,29.91948506780061,30.067887280725387,29.515500567050385,29.53199005126953,55814400
2014-02-06,29.5155137804871,29.88651947889001,29.424823149205398,29.828807830810547,35351800
2014-02-07,29.944211589295417,30.166814863095393,29.68862935381095,30.14208221435547,33260500
2014-02-10,30.199807977692096,30.339963912963867,29.91949296210019,30.339963912963867,26767000
2014-02-11,30.405914607900126,30.719205380786047,30.389425123267035,30.645004272460938,32141400
2014-02-12,30.793423724082633,30.99953767978613,30.752201561951807,30.89236068725586,27051800
2014-02-13,30.776922121422892,31.21388248452953,30.776922121422892,31.007768630981445,37635500
2014-02-14,30.826382134464023,31.14791918751995,30.77691683094605,31.016006469726562,31407500
2014-02-18,31.256915904586307,31.38150973161805,31.074174489246552,31.08247947692871,32834000
2014-02-19,30.91634019192182,31.356577215689867,30.908032039417645,31.157222747802734,29750400
2014-02-20,31.207071353480163,31.45626213530037,31.06586440561404,31.356586456298828,27526100
2014-02-21,31.51439259812698,31.854953921906823,31.447943231078654,31.547618865966797,38021300
2014-02-24,31.306739807128906,31.547625547034713,31.182146029290433,31.306739807128906,32085100
2014-02-25,31.240292380090946,31.439643704554733,31.024324748517643,31.182147979736328,30736500
2014-02-26,31.21538078247052,31.348282749441125,30.891429267386382,31.12401008605957,41041800
2014-02-27,31.107383302063656,31.472862758794747,30.92464198938239,31.44794464111328,33903400
2014-02-28,31.54762338607411,31.94632915138408,31.41472146430412,31.821735382080078,41215000
2014-03-03,31.49777564741678,31.672211948122573,31.140604401629098,31.381486892700195,29717500
2014-03-04,31.73036342921515,31.962940990717346,31.62237963196129,31.904796600341797,26802400
2014-03-05,31.771907495244392,31.788520637569356,31.506103555310755,31.65561866760254,20520100
2014-03-06,31.68053652537837,31.763602236291604,31.4728770010446,31.688844680786133,23582200
2014-03-07,31.796808777993085,31.863261312085406,31.306732429271516,31.481168746948242,26591600
2014-03-10,31.55593252126052,31.572542489446253,31.331659927170872,31.414722442626953,19006600
2014-03-11,31.456251759718462,31.755281866723205,31.331657994220922,31.580848693847656,25216400
2014-03-12,31.398112352083032,31.921415122396862,31.38980736718441,31.78851318359375,30494100
2014-03-13,31.913101148881847,31.938022436297157,31.2652047114524,31.472864151000977,32169700
2014-03-14,31.27352076779036,31.680531597743084,31.15722879060005,31.315052032470703,27195600
2014-03-17,31.481172532926607,31.904796398501567,31.38980187187689,31.60576629638672,20479600
2014-03-18,31.780195557998947,33.14244398550392,31.74697245967441,32.85171890258789,64063900
2014-03-19,32.78527262147278,32.85172199300407,32.320114346227655,32.619144439697266,35597200
2014-03-20,32.602535756755316,33.76543001935351,32.594230772416616,33.49962615966797,59269800
2014-03-21,33.82357200185951,34.00631016195756,33.233816759676635,33.35841369628906,80721800
2014-03-24,33.50792527240076,33.75711595111118,33.1092195527378,33.64082717895508,46098400
2014-03-25,33.773726922304625,34.04783886937122,33.19227993013434,33.5079231262207,43193100
2014-03-26,33.62421773722696,33.81526405084036,32.89325558658696,33.05107879638672,41977500
2014-03-27,33.00954813334907,33.20059445039571,32.677291740187734,32.693904876708984,35369200
2014-03-28,33.05108083286194,33.75712173835542,32.95971016232308,33.47470474243164,43472700
2014-03-31,33.58267811130027,34.471460081600455,33.55775999749234,34.04783630371094,46886300
2014-04-01,34.180748424112494,34.546227933439766,34.11429587589013,34.4050178527832,32605000
2014-04-02,34.42162794819158,34.60436927102334,34.19735537070668,34.34687042236328,28666700
2014-04-03,34.29703769308659,34.29703769308659,33.815266217652656,34.064456939697266,30139600
2014-04-04,34.263811964793035,34.38010075902576,32.92648449385272,33.117530822753906,51409600
2014-04-07,33.1922776518592,33.449776447917266,33.00953953498891,33.05937576293945,37559600
2014-04-08,33.017852007371886,33.16736706240524,32.56100185860629,33.07599639892578,35918600
2014-04-09,33.16736821048693,33.68236276863285,33.12583695345822,33.61591339111328,27398700
2014-04-10,33.590992068433714,33.7986515220016,32.46963228661985,32.693904876708984,45960800
2014-04-11,32.39487225287795,33.05107683590782,32.39487225287795,32.569305419921875,34330200
2014-04-14,32.48624723532813,32.735437959783894,32.311814045072296,32.54439163208008,32006600
2014-04-15,32.67728763419231,33.192282127113224,32.436401937849915,33.01784896850586,33968700
2014-04-16,33.27534900237132,33.57437592709626,33.15075207392896,33.55776596069336,30615800
2014-04-17,33.233802795410156,33.39162593795559,32.818484072720736,33.233802795410156,36688400
2014-04-21,33.333505322877365,33.350118463858685,33.05108826346013,33.175682067871094,22221200
2014-04-22,33.19228757225005,33.34180263805017,33.08430693366369,33.21720886230469,27056700
2014-04-23,33.21719226891063,33.21719226891063,32.78526042443766,32.96799850463867,24602800
2014-04-24,33.0095505689564,33.20059690009938,32.64406787578545,33.10922622680664,42381600
2014-04-25,33.46639240763217,33.790340591204476,33.01784730639456,33.15074920654297,56876800
2014-04-28,33.34180442823108,34.29703927006095,33.30027316741937,33.94816970825195,50610200
2014-04-29,34.139219754571414,34.21397729961312,33.54946754848268,33.64914321899414,29636200
2014-04-30,33.55776596069336,33.64082846723392,33.36671649211333,33.55776596069336,35458700
2014-05-01,33.424856420442666,33.52453203926852,33.18397077036861,33.225502014160156,28787400
2014-05-02,33.48299599341241,33.50791410238747,32.94308039566361,32.96799850463867,43416600
2014-05-05,32.82680984409046,32.926485503828495,32.64406849404398,32.752052307128906,22460900
2014-05-06,32.63576758051742,32.68560383228727,32.35335053550244,32.44472122192383,27112400
2014-05-07,32.57761505909363,32.81849760945185,31.98785982145768,32.74374008178711,41744500
2014-05-08,32.67728865258993,33.142446925337765,32.36995357756571,32.92647933959961,32120400
2014-05-09,32.84341812133789,33.10091380160456,32.70220805302863,32.84341812133789,29647600
2014-05-12,33.0095571160723,33.242134753396336,32.9347995656992,33.20060348510742,22782600
2014-05-13,33.39299976505924,33.87817015324853,33.33444515834491,33.811248779296875,27004800
2014-05-14,33.71086287783679,33.8363388323306,33.501738414337815,33.660675048828125,18818700
2014-05-15,33.535190422278546,33.79450583871441,33.05002026075053,33.12530517578125,37793200
2014-05-16,33.183860558455414,33.32606681961608,32.849263409874155,33.31770324707031,29867100
2014-05-19,33.13366904973679,33.309332772494884,33.00819313863246,33.25077819824219,24537400
2014-05-20,33.192230224609375,33.409718230657006,33.00819970265596,33.192230224609375,21320900
2014-05-21,33.292608624285265,33.752681732177734,33.24242080330625,33.752681732177734,22398700
2014-05-22,33.70250048282609,33.75268831359119,33.33443937195568,33.54356384277344,20201800
2014-05-23,33.7694080661377,33.7694080661377,33.45990483984499,33.56028366088867,18020000
2014-05-27,33.677393843891906,33.677393843891906,33.30097245575698,33.618839263916016,26160600
2014-05-28,33.57700728120747,33.618831515695874,33.309328351300266,33.46826171875,25711500
2014-05-29,33.5853713024999,33.752668226803905,33.384610525957086,33.74430465698242,19888200
2014-05-30,33.83631864456553,34.27129765204017,33.66901853538542,34.24620056152344,34567600
2014-06-02,34.25458613520294,34.37169531865205,34.02873134241426,34.12074661254883,18504300
2014-06-03,33.96180399472393,34.028725339739005,33.66903108774637,33.702491760253906,18068900
2014-06-04,33.63557339151933,33.76941290240706,33.34280045863544,33.72758865356445,23209000
2014-06-05,33.95344487340064,34.50553327821261,33.79451144463163,34.47207260131836,31865200
2014-06-06,34.69792938232422,34.84849924603472,34.497171691367534,34.69792938232422,24060500
2014-06-09,34.62263758411616,34.69792250104092,34.31313434386339,34.52225875854492,15019200
2014-06-10,34.321498758966584,34.43024435074644,34.1792956851652,34.38842010498047,15117700
2014-06-11,34.237856809033254,34.35496599594741,34.10401728241907,34.17930221557617,18040000
2014-06-12,34.137473900649866,34.196028487140985,33.702494693154634,33.9450798034668,29818900
2014-06-13,34.38005065086078,34.77320555046288,34.17929301050003,34.48879623413086,26310000
2014-06-16,34.3298686284001,34.80667209343463,34.3298686284001,34.714656829833984,24205300
2014-06-17,34.53900068914009,35.05762851817414,33.74432700838678,34.865234375,22518600
2014-06-18,34.80668442319703,34.91543006333623,34.44699000587927,34.840145111083984,27097000
2014-06-19,34.77320201732881,34.94050216128766,34.572444397366056,34.7230110168457,19828200
2014-06-20,34.67284023182586,34.990710342324455,34.61428563133748,34.865234375,47764900
2014-06-23,34.90705103245789,35.13290580986819,34.87359035632621,35.124542236328125,18743900
2014-06-24,34.99071134678451,35.082723442345866,34.76485651370883,34.923789978027344,26509100
2014-06-25,34.88196212055433,35.174735101206025,34.681201225974476,35.15800476074219,20049100
2014-06-26,35.07434537455119,35.08270894669689,34.65609656559254,34.898681640625,23604400
2014-06-27,34.80667904145966,35.375497883641074,34.72302733467632,35.342037200927734,74640000
2014-06-30,35.275098220829406,35.30855888683411,34.8819465637207,34.8819465637207,30793100
2014-07-01,35.01580253222896,35.258387688564575,34.87359623020985,35.024166107177734,26917000
2014-07-02,34.90706049855524,35.04926681518555,34.73976026351405,35.04926681518555,20208100
2014-07-03,35.057618131400254,35.12453947840907,34.76484521570033,34.96560287475586,15969300
2014-07-07,34.923781370523734,35.23328464727753,34.89032069439205,35.124542236328125,21952400
2014-07-08,35.02417182210615,35.13291746010181,34.8066837371016,34.94888687133789,31218200
2014-07-09,35.11616889004641,35.124535653004024,34.73974433158178,34.85685348510742,18445900
2014-07-10,34.6059133341191,35.13290784527427,34.33823429152922,34.873592376708984,21854700
2014-07-11,34.88195730145998,35.20819091796875,34.69792677276858,35.20819091796875,24083000
2014-07-14,35.316936611571556,35.50933071434263,35.16636675879668,35.25001525878906,21881100
2014-07-15,35.40895951905182,35.526068720713056,35.15800758293612,35.50933837890625,28748700
2014-07-16,35.559502708708855,37.065200566199564,35.53440880807878,36.872806549072266,63318000
2014-07-17,38.018820404411734,38.23630839838069,37.015022544664426,37.24924087524414,82180300
2014-07-18,37.349629669898064,37.508563110051625,37.015029258959395,37.383087158203125,43407500
2014-07-21,37.27434182589086,37.77623921211509,36.98993245610093,37.50856018066406,37604400
2014-07-22,37.642393801997905,37.767869724398665,37.29942989721911,37.50019073486328,43095800
2014-07-23,38.018815759361466,38.018815759361466,37.324521234276844,37.53364562988281,52362900
2014-07-24,37.583841874380646,37.64239645803653,37.073577767391804,37.140499114990234,30725300
2014-07-25,37.05685521287973,37.35799495834469,37.05685521287973,37.22415542602539,26737700
2014-07-28,37.10704880772976,37.23252158305172,36.74735444136464,36.78081512451172,29684200
2014-07-29,36.73062041557902,36.88119028365178,36.50476561346987,36.713890075683594,27763100
2014-07-30,36.8644451352051,36.88953903947492,36.21197809631166,36.45456314086914,31921400
2014-07-31,36.28725998133346,36.54657214650854,36.03631138655763,36.10322952270508,31537500
2014-08-01,36.145060173195,36.17852084270097,35.63479613167675,35.85228729248047,31170300
2014-08-04,35.94429924038062,36.362547997877314,35.810459765621076,36.27889633178711,34277400
2014-08-05,36.228721476379675,36.3541942338995,35.82720290854159,36.03632736206055,26266400
2014-08-06,35.75191116333008,36.111602219118616,35.308565236501074,35.75191116333008,24634000
2014-08-07,35.83555540435055,36.3458194237502,35.67662201756416,36.16178894042969,30314900
2014-08-08,36.16179358528608,36.23707850258865,35.89411458842923,36.13669967651367,28942700
2014-08-11,36.18688749405849,36.34582409224467,35.98612984190852,36.13669967651367,20351600
2014-08-12,36.00285850699399,36.462931562050585,35.969397836193636,36.40437698364258,21431100
2014-08-13,36.53820631607782,36.95645501182872,36.4043668610769,36.872806549072266,22889500
2014-08-14,36.872827722538325,37.15723393561844,36.81426993580202,37.031761169433594,19313200
2014-08-15,37.291079667811914,37.558758753124394,37.14050978345035,37.46674346923828,41611300
2014-08-18,37.59220307310288,37.73440933227539,37.37471508911497,37.73440933227539,26891100
2014-08-19,37.85226046426117,38.16369687878261,37.73441983232962,38.15528106689453,28139500
2014-08-20,38.16369373806778,38.21419823798916,37.79333703805939,37.83542251586914,24770500
2014-08-21,37.74283530045065,38.087941381213945,37.73441948863922,38.06269073486328,22285500
2014-08-22,38.172107006225175,38.273115999338685,37.93642577745883,38.00376510620117,18294500
2014-08-25,38.214190675098976,38.247857124134235,37.91117015737312,38.020591735839844,16910000
2014-08-26,38.13845611194762,38.214211282230295,37.82701640583149,37.88593673706055,14873100
2014-08-27,37.793339336691055,37.87751029742992,37.67549549637378,37.76808547973633,21287900
2014-08-28,37.66706448427682,37.86066018458453,37.549223902429965,37.7764892578125,17657600
2014-08-29,37.95326280548251,38.24786435848502,37.75966704052142,38.23944854736328,21607600
2014-09-02,38.23944422392829,38.26469486535472,37.751243750245585,37.9532585144043,22976800
2014-09-03,37.48190818949749,37.9701088626904,37.48190818949749,37.843849182128906,33684500
2014-09-04,37.658666374908734,38.10477827611271,37.64183153945923,38.09635925292969,26475500
2014-09-05,37.97009731283251,38.660309411872554,37.97009731283251,38.64347457885742,36939400
2014-09-08,38.73606573410149,39.3926081870963,38.7108150892682,39.11484146118164,45736700
2014-09-09,39.11483168258399,39.53569278281092,39.07274300382899,39.35892868041992,40302400
2014-09-10,39.40944614048148,39.51045193872694,38.95491523200225,39.4262809753418,27302400
2014-09-11,39.342104830382205,39.560951232910156,39.114839406074715,39.560951232910156,29216400
2014-09-12,39.485175292497296,39.57776521780408,39.2242403403522,39.308414459228516,38244700
2014-09-15,39.17376549471976,39.31685677692413,38.80340554375977,38.92124938964844,37667600
2014-09-16,39.047492365308294,39.43468380689738,38.96332142962906,39.35892868041992,27910600
2014-09-17,38.938079379564854,39.30002029231188,38.91282873339247,39.15692901611328,38311900
2014-09-18,39.215844134287146,39.41785890964444,39.10641933051378,39.29159927368164,35556600
2014-09-19,39.40102369467334,40.04073125707747,39.224259563859505,39.9986457824707,202522400
2014-09-22,39.813465571118705,39.880804898765604,39.544114682362874,39.611454010009766,38686100
2014-09-23,39.43467540653182,39.544100168337486,39.114823350353234,39.19057846069336,33430300
2014-09-24,39.24952014026571,39.653546545343474,39.005419850453166,39.6282958984375,26582700
2014-09-25,39.459946097998255,39.63670702728834,38.74448014800364,38.752899169921875,33077400
2014-09-26,38.660316069586734,39.241103459504174,38.51722156977377,39.0643424987793,27078800
2014-09-29,38.70238529061651,39.19058569423161,38.51720538429144,39.089576721191406,26091000
2014-09-30,39.03065930934,39.1232492693432,38.72763878966247,39.02224349975586,33033100
2014-10-01,38.946495744926175,39.16534215562643,38.59297066805206,38.63505935668945,38088400
2014-10-02,38.5761316099165,38.80339378798842,38.416202330120434,38.517208099365234,25119400
2014-10-03,38.70239674428969,38.97174766361196,38.39096034587013,38.794986724853516,32453200
2014-10-06,38.82023737012866,38.97174766361196,38.65189224282318,38.794986724853516,20604000
2014-10-07,38.60137824871604,38.66029854224509,38.231018448344656,38.3236083984375,25723700
2014-10-08,38.281521028206,39.468349070241196,38.16368044701194,39.37575912475586,33031000
2014-10-09,39.14009652973193,39.392612639353345,38.50038883796324,38.59297561645508,34422800
2014-10-10,38.38253902857219,38.82023504902966,36.993699035903646,37.06103515625,51978100
2014-10-13,36.884275502120346,37.507151494148815,36.60650877835841,36.74118423461914,37100200
2014-10-14,36.92636572344979,37.355646002927976,36.66543379956754,36.80852508544922,38115700
2014-10-15,36.194054403477395,36.52232554594852,35.43650314322451,36.379234313964844,60218700
2014-10-16,35.79845556783156,36.26140549436926,35.53752365751002,35.9752197265625,49040400
2014-10-17,36.36240152497555,36.9852741864292,36.017295533922706,36.724342346191406,40683300
2014-10-20,36.24455807643738,37.15361635739191,36.03412753230995,37.10311508178711,34527900
2014-10-21,37.33879337458484,37.86066018458453,37.195698945974335,37.7764892578125,36433800
2014-10-22,37.87750739194277,37.936427702123616,37.22938076903738,37.35564041137695,33570900
2014-10-23,37.557650291367175,38.256281381868405,37.48189515156482,37.89434051513672,45451900
2014-10-24,39.417869310753616,39.47678963350585,38.02902579235536,38.82866287231445,61076700
2014-10-27,38.475129459622174,38.80340067612706,38.475129459622174,38.64347457885742,30371300
2014-10-28,38.601378421078586,39.14008008484399,38.525623298929375,39.13166427612305,29049800
2014-10-29,39.089582411185475,39.308432007047,39.00541146564843,39.241092681884766,30276100
2014-10-30,38.988587490815874,38.988587490815874,38.52564073962206,38.761322021484375,30073900
2014-10-31,39.51044847052642,39.53570232605834,39.12325693547587,39.51886749267578,35849700
2014-11-03,39.46835076584572,39.94813213041349,39.333675351421704,39.931297302246094,23130400
2014-11-04,39.813464116573535,40.17540496216276,39.77137864378971,40.04072952270508,21530800
2014-11-05,40.23433512386305,40.31850930096956,39.779804200237535,40.28483963012695,22449600
2014-11-06,40.28482786814902,41.12655012795685,40.22590756683572,40.99187469482422,33037800
2014-11-07,41.17705198284958,41.17705198284958,40.64676926363411,40.975040435791016,28000600
2014-11-10,40.949805696276044,41.370666995473464,40.86563150988642,41.151817321777344,36370100
2014-11-11,41.11814059895743,41.202314770918335,40.9497986768683,41.13497543334961,23445200
2014-11-12,40.87403881054308,41.177056161883975,40.840369145644324,41.0592155456543,22722100
2014-11-13,41.08445832628377,41.791505044007366,41.00028418672436,41.757835388183594,26210400
2014-11-14,41.86726515009806,42.12819698651869,41.57266044292847,41.73258972167969,29081700
2014-11-17,41.58950250552471,41.84201857635888,41.362237078499156,41.631587982177734,30318600
2014-11-18,41.614647251230956,41.784054151673786,41.250423546187626,41.284305572509766,23995500
2014-11-19,41.21653408151445,41.29276701139757,40.598201752981296,40.843841552734375,26177500
2014-11-20,40.65750089708048,41.250423431396484,40.54738592742389,41.250423431396484,21510600
2014-11-21,41.521481245600285,41.546891154623836,40.29328502115571,40.640567779541016,42884800
2014-11-24,40.64903261606201,40.65750150716212,40.140811908521734,40.310218811035156,35434200
2014-11-25,40.36952630346252,40.63210726513369,40.19165044128326,40.20859146118164,28008000
2014-11-26,40.225532025732385,40.64904782489029,40.047652934397526,40.44575881958008,27163600
2014-11-28,40.61514298326806,40.82690076396167,40.327152272278056,40.496559143066406,21534400
2014-12-01,40.555857823291056,41.31818402215734,40.41186082821001,41.18265914916992,31191600
2014-12-02,41.369007185413444,41.54688297589948,40.82690769183628,41.04713439941406,25773500
2014-12-03,41.03019404962029,41.08101708965268,40.4965666695358,40.72526550292969,23534800
2014-12-04,40.98783483602465,41.55534735910241,40.82690008858001,41.36899948120117,30320400
2014-12-05,41.35206605642063,41.47912203850754,40.97937346342307,41.01325225830078,27313400
2014-12-08,40.87773210113326,40.95396505294643,40.19163876598299,40.40339660644531,26663100
2014-12-09,39.90364418370369,40.58973745368959,39.852821143599286,40.310218811035156,24330500
2014-12-10,40.301754452286026,40.36951528221106,39.556365936101024,39.725772857666016,30431800
2014-12-11,39.87823424540018,40.43727476140262,39.539420440660805,39.954463958740234,29060400
2014-12-12,39.62413041391043,40.42881094204859,39.53095643691346,39.76812744140625,34248400
2014-12-15,39.97987356049234,40.377976030029316,39.42930198424842,39.53094482421875,29247800
2014-12-16,38.87873089184012,39.251423432840426,38.22651652171403,38.25192642211914,47801400
2014-12-17,38.158752465717875,38.9210817892782,38.031699732569415,38.74320602416992,34970900
2014-12-18,39.45471498909039,40.25092315673828,39.25142607864433,40.25092315673828,40105600
2014-12-19,40.34410074622418,40.74220325038427,39.95446390197708,40.369510650634766,64551200
2014-12-22,40.47116084665754,40.7591516632089,40.4118689048236,40.640567779541016,26566000
2014-12-23,40.97090171876899,41.33512542419447,40.767616022958606,41.038665771484375,23648100
2014-12-24,41.199608244360064,41.199608244360064,40.72527271143712,40.776092529296875,11437800
2014-12-26,41.004788013641885,41.004788013641885,40.5050393819307,40.55586242675781,13197800
2014-12-29,40.40338911835524,40.47114993453738,40.0306933202668,40.19163131713867,14439500
2014-12-30,40.18315939375141,40.33562526987245,39.67494196079302,39.82740783691406,16384700
2014-12-31,39.58178373505471,40.18317535690317,39.3446159362793,39.3446159362793,21552500
2015-01-02,39.52247590632005,40.16621820057352,39.42083306642058,39.607177734375,27913900
2015-01-05,39.27684831601407,39.58178016186598,39.17520544445297,39.24296951293945,39673900
2015-01-06,39.285309338658834,39.598709988924426,38.573802976456044,38.66697692871094,36447900
2015-01-07,38.94648732399195,39.35306184059361,38.53144391859667,39.15824508666992,29114100
2015-01-08,39.5987124054131,40.445743686812314,39.57330250094486,40.310218811035156,29645200
2015-01-09,40.32716369654809,40.50503950724096,39.725772204490376,39.97140884399414,23944200
2015-01-12,40.16621055276359,40.267856604476854,39.26835971413208,39.47164535522461,23651900
2015-01-13,39.785041867525734,40.581249739509985,39.01424388822369,39.26835250854492,35270600
2015-01-14,38.929561614990234,39.16673259959399,38.64157081531791,38.929561614990234,29719600
2015-01-15,39.149788141487925,39.28531302170036,38.46369161788045,38.52298355102539,32750800
2015-01-16,38.37899333904909,39.20061158790526,38.26040623059236,39.16673278808594,35695300
2015-01-20,39.217548334677296,39.514011226797486,38.599215876714105,39.29378128051758,36161900
2015-01-21,38.912605223806175,39.08201207982202,38.52297171678666,38.89566421508789,39081100
2015-01-22,39.285327180317836,39.92906978554278,39.031218342233494,39.92060089111328,35898000
2015-01-23,40.11540229160537,40.14081219625576,39.64106360740125,39.96293640136719,26211600
2015-01-26,39.81048175952248,39.920596762733545,39.16673922087003,39.81895065307617,42525500
2015-01-27,36.3799973206689,36.5917551592861,35.668490853668374,36.13435745239258,169164000
2015-01-28,36.20210657529643,36.24445747931292,34.86379603644066,34.88920593261719,84507100
2015-01-29,34.66900497206479,35.67697145138356,34.55042106051779,35.583797454833984,63585300
2015-01-30,35.194154057486166,35.219567196705,34.177715730278635,34.220069885253906,78004900
2015-02-02,34.380999865507704,35.04168323149169,34.07606808700189,34.965450286865234,50352500
2015-02-03,35.26191673929762,35.51602550335394,34.770636995109605,35.23650360107422,52082400
2015-02-04,35.524486829919795,35.75318563821659,35.03321042152365,35.43978500366211,41614800
2015-02-05,35.761668902262734,36.11742056079214,35.45673706285549,35.956485748291016,36548200
2015-02-06,36.15129864706495,36.24447261350694,35.70237306093702,35.92259979248047,34616600
2015-02-09,35.77859094912682,36.202106450161544,35.75317782187128,35.88023376464844,31381100
2015-02-10,36.20210603504367,36.227515930840994,35.7277675161038,36.083518981933594,29670700
2015-02-11,36.125892788906164,36.125892788906164,35.753196881370165,35.897193908691406,38262500
2015-02-12,36.13436852419343,36.498592376708984,36.00731248962505,36.498592376708984,33268800
2015-02-13,36.744227612008665,37.159271240234375,36.549410753490854,37.159271240234375,40264900
2015-02-17,37.5090155172235,37.53460625288203,36.843627102637214,37.17632293701172,33695700
2015-02-18,37.2189825140362,37.27869641167244,37.01424682630955,37.13367462158203,27111700
2015-02-19,36.83510308527861,37.13367255685861,36.72420445833611,37.10808181762695,27603400
2015-02-20,37.11661129273174,37.43224559868233,36.928940446509536,37.415184020996094,29721100
2015-02-23,37.278689825853974,37.69668703546242,37.23603751424371,37.662567138671875,32518800
2015-02-24,37.66256625599211,37.79052318782402,37.46635976969031,37.61138153076172,25271700
2015-02-25,37.49196174248297,37.61138953928738,37.36400152924201,37.526084899902344,29759800
2015-02-26,37.526082461678826,37.73081488456597,37.44077457367319,37.58579635620117,28957300
2015-02-27,37.645513208932435,37.70522710814714,37.24457423920787,37.406654357910156,33807700
2015-03-02,37.253083233556616,37.69667428340313,37.15071706948794,37.432228088378906,31924000
2015-03-03,37.15926516406956,37.389591571052,36.758326242193114,36.920406341552734,31748600
2015-03-04,36.69008673232151,36.860699278825734,36.579191343132884,36.73274230957031,25748700
2015-03-05,36.74125984626968,36.88628160386546,36.52799504416495,36.77538299560547,23193500
2015-03-06,36.6815392429321,36.77537625933575,35.956440350259875,36.135581970214844,36248800
2015-03-09,35.99055484846824,36.79243232005717,35.99055484846824,36.55357360839844,32108000
2015-03-10,36.12705506346116,36.43415688971029,35.85407638549805,35.85407638549805,39159700
2015-03-11,36.09293919357172,36.144120667544776,35.69200029191404,35.81142807006836,32215300
2015-03-12,35.2569345417107,35.529913196294444,34.85599571909484,34.99248504638672,59992500
2015-03-13,34.719510540605484,35.376366523614216,34.64273508144439,35.299591064453125,58007700
2015-03-16,35.37637622267042,35.521394766310394,35.21429284546864,35.45315170288086,35273500
2015-03-17,35.29106347534275,35.683473239243796,35.10339263608199,35.572574615478516,31673400
2015-03-18,35.34223951635033,36.53652358312324,35.256934906221815,36.25501251220703,44194800
2015-03-19,36.05027271581531,36.331783754119776,36.016152828213905,36.07586669921875,33879100
2015-03-20,36.30620297058025,36.66448629475725,36.24648908321741,36.57918167114258,71904500
2015-03-23,36.579176288621106,36.792441070439295,36.493868423396435,36.56211471557617,26246100
2015-03-24,36.493879158326685,36.82657179516096,36.46828841831275,36.596248626708984,25513300
2015-03-25,36.61330568123418,36.621838097051864,35.35077823576023,35.36783981323242,43469900
2015-03-26,35.16310394818518,35.49579654090274,34.90718356532904,35.154571533203125,37495600
2015-03-27,35.07779365943197,35.342243184940365,34.830408962715374,34.94983673095703,34401400
2015-03-30,35.060738673252324,35.43608687730278,34.89865856506169,34.94131088256836,35049700
2015-03-31,34.78776050162179,35.00102534678458,34.58302807259695,34.685394287109375,34887200
2015-04-01,34.634218030679925,34.770707434828026,34.386833222899305,34.73658752441406,36865300
2015-04-02,34.685385773462265,34.75363206916145,34.22473303998025,34.369754791259766,37487500
2015-04-06,34.41242081223444,35.64082533687275,34.275931420607954,35.44462203979492,39223700
2015-04-07,35.49578993063249,35.751707011667136,35.23987284959784,35.42754364013672,28809400
2015-04-08,35.36784813856267,35.56405144443298,35.009564689798786,35.33372497558594,24753400
2015-04-09,35.18869209865646,35.50432309237585,35.18869209865646,35.38489532470703,25723900
2015-04-10,35.512843250975365,35.78582184120068,35.3251692498849,35.58961868286133,28022000
2015-04-13,35.31664643605755,35.87966528629443,35.30811402311462,35.62374496459961,30276700
2015-04-14,35.657879432674896,35.854082688567836,35.30812523666348,35.52992248535156,24244400
2015-04-15,35.62375945000772,36.22090168650342,35.55551638952548,36.050289154052734,27343600
2015-04-16,35.78583181012314,36.11852435625391,35.67493321002543,35.96497344970703,22509700
2015-04-17,35.54699345643901,35.606710624767146,35.111934474078744,35.50434112548828,42387600
2015-04-20,35.598160529807096,36.82656462371093,35.55550822003537,36.60477066040039,46057700
2015-04-21,36.681537187036476,36.80949733935367,36.28059841366033,36.37443542480469,26013800
2015-04-22,36.40003744924724,36.79244718618352,36.29767124812437,36.67301940917969,25064300
2015-04-23,36.58772214556248,37.20192603883439,36.51094665890349,36.97159957885742,46309500
2015-04-24,38.950684979755664,41.06627151594485,38.94215581914096,40.83594512939453,130933700
2015-04-27,40.28999199519612,41.05774669824027,40.28146283367923,40.97243881225586,59248200
2015-04-28,40.75917102968302,41.9790460506178,40.69092797999587,41.93639373779297,60730800
2015-04-29,41.5610529802302,42.06435813182427,41.37337888006059,41.85109329223633,47804600
2015-04-30,41.54399021249065,42.26056018314573,41.458682326601284,41.49280548095703,64725500
2015-05-01,41.4416179478554,41.69753505980091,41.28806702985557,41.50986099243164,38937300
2015-05-04,41.26248764810354,41.689017403729636,41.10040751246458,41.15159225463867,34039500
2015-05-05,40.79329159270753,41.08333185733731,40.358232822844194,40.60561752319336,50369200
2015-05-06,40.580034949785215,40.750647478734834,39.25779354521146,39.47958755493164,52433000
2015-05-07,39.47104821838886,40.170556478022775,39.37721118894681,39.83786392211914,32971700
2015-05-08,40.56298802586739,40.92980395667334,40.53739727623681,40.73360061645508,35364900
2015-05-11,40.56296712572554,40.8700689797157,40.40941619873047,40.40941619873047,24609400
2015-05-12,39.9658121215263,40.67385264064772,39.59899649786418,40.39234161376953,29928300
2015-05-13,41.108905955001774,41.21980451975576,40.58001036443568,40.631195068359375,34184600
2015-05-14,40.97244117211289,41.64635886647085,40.97244117211289,41.56105422973633,32980900
2015-05-15,41.68900999310317,41.723133148486845,40.98950157855387,41.20276641845703,28642700
2015-05-18,40.92978874596368,41.13452442941602,40.61415768588114,40.955379486083984,24136500
2015-05-19,40.835164428586054,41.04981520260558,40.50889433498933,40.85233688354492,28574800
2015-05-20,40.68920019909112,41.1528466570479,40.586168744648795,40.85233688354492,25047900
2015-05-21,40.59475427872079,40.86950701383175,40.36293104435011,40.71495819091797,22410700
2015-05-22,40.61194068091447,40.65487019639748,40.19981143671579,40.26850128173828,25720600
2015-05-26,40.208381690723236,40.25131118739992,39.65887299720546,40.002315521240234,29581900
2015-05-27,40.19980024237086,41.0154739106577,40.028078952945556,40.87809753417969,27335600
2015-05-28,40.7836559800745,41.23013008068323,40.68920909480763,40.740726470947266,19283700
2015-05-29,40.72354581468707,40.84374972617122,40.00231907047126,40.2341423034668,36519600
2015-06-01,40.40586551335605,41.01547296521834,40.028078030266435,40.55182647705078,28837300
2015-06-02,40.29425528706764,40.65486712021346,40.02808707071346,40.285667419433594,21498300
2015-06-03,40.67202944155309,40.98971495858422,40.19979837406406,40.225555419921875,28002200
2015-06-04,40.17404738166321,40.49172967125194,39.6674713264918,39.804847717285156,27745500
2015-06-05,39.761904300516335,39.94221013624048,39.358359860772445,39.61594009399414,25438100
2015-06-08,39.753323341035525,39.86494266243129,39.21240246460631,39.263919830322266,22121600
2015-06-09,39.289683627829156,39.44423247622676,39.032103305603655,39.19524002075195,24406100
2015-06-10,39.31545002907723,40.20839834109058,39.22958772485748,40.01950454711914,28417400
2015-06-11,40.062440424313465,40.285675900115194,39.60738160326811,39.8735466003418,27347800
2015-06-12,39.684636739126454,39.899287516338845,39.409884006319466,39.46998596191406,23931000
2015-06-15,39.02351358364006,39.19523486765091,38.6543139693756,39.04927062988281,33254500
2015-06-16,38.93765999671077,39.70181971739018,38.89473048495192,39.34979248046875,27070300
2015-06-17,39.26391977465336,39.55584496267465,38.94623754146608,39.46998596191406,28704100
2015-06-18,39.68465470266477,40.18264302805376,39.64172190753972,40.113956451416016,32658300
2015-06-19,40.174046146881395,40.20839106235199,39.487164214026485,39.581607818603516,63837000
2015-06-22,39.779088146469554,40.113942873099326,39.63312389813966,39.6932258605957,20318100
2015-06-23,39.60735837383137,39.73614686211372,39.16946899786381,39.41846466064453,25896500
2015-06-24,39.21241400468702,39.71040552723229,39.10938251824423,39.1866569519043,34890900
2015-06-25,39.52150690042556,39.547267225366156,39.06644822198346,39.19524002075195,20616000
2015-06-26,39.1952208646708,39.73613829438556,38.66288474688975,38.8603630065918,49835300
2015-06-29,38.671491626029514,38.834625066357674,38.08764114706034,38.09622573852539,34081700
2015-06-30,38.38814521668438,38.39673308217207,37.72702041250582,37.90732955932617,35945400
2015-07-01,38.17349395286148,38.83461874870988,37.864396305419525,38.16490936279297,28343900
2015-07-02,38.19068059054267,38.42250391221248,37.83006871815332,38.12199401855469,21752000
2015-07-06,37.74418849578612,38.190662465405914,37.735603906603906,38.11338806152344,23034000
2015-07-07,38.07047391900434,38.199265735854404,37.19469808023502,38.036128997802734,36435800
2015-07-08,38.15631039162184,38.55127020134659,37.804283345676524,37.98459243774414,39785900
2015-07-09,38.42249590447011,38.826040484974286,38.20784508936134,38.22501754760742,32424700
2015-07-10,38.64572351038639,38.75734282879975,38.26793933116303,38.302284240722656,25465800
2015-07-13,38.619961639249794,39.169467022284685,38.594204597954544,39.10078048706055,28178300
2015-07-14,39.02351078871956,39.461396920039675,38.90330688111446,39.169471740722656,22880300
2015-07-15,39.22100535309546,39.40131128919927,39.00635449335886,39.28969192504883,26629600
2015-07-16,39.5043378595894,40.08818838730645,39.469996215550346,40.06243133544922,26271700
2015-07-17,39.9679780250181,40.16545636659769,39.71898231268726,40.028079986572266,29467100
2015-07-20,40.05384739830376,40.46597661131834,39.87353820641901,40.285667419433594,30631900
2015-07-21,40.165455492428194,40.63768985909207,39.90787519490047,40.594757080078125,42781900
2015-07-22,39.014918223892316,40.294238104960165,38.80885534290945,39.10078048706055,59152400
2015-07-23,38.868967871730156,39.69322617069067,38.72300362225994,39.59019470214844,33934000
2015-07-24,39.41847589074144,39.770503099500694,39.324029007240654,39.44423294067383,32333200
2015-07-27,39.44422859100514,39.50433055109405,38.85179358070966,38.937652587890625,39701400
2015-07-28,39.13513572976811,39.186649825965915,38.45683841046569,38.92906951904297,34328900
2015-07-29,38.980583273537256,40.16545323050078,38.86037608450338,39.7447395324707,40945900
2015-07-30,39.71898353043708,40.69779395285285,39.43564617089645,40.251319885253906,39777900
2015-07-31,40.603347273714746,40.67203382851458,39.925049940267726,40.096771240234375,31201500
2015-08-03,40.33717648169969,40.35434893811495,39.88211785028435,40.19121551513672,24125900
2015-08-04,40.139692160997875,40.963950294165194,40.07959021016134,40.817989349365234,33403900
2015-08-05,41.19577615678963,41.564975750128085,40.81799197362719,40.85233688354492,26959700
2015-08-06,40.96395759903021,41.01547496978146,39.77908754955268,40.028079986572266,27368000
2015-08-07,39.83058673037315,40.16544132659138,39.718967439863725,40.131099700927734,19163000
2015-08-10,40.311410008734875,40.775056397599215,40.216963158190985,40.63768005371094,23079900
2015-08-11,40.19980938449867,40.30284087146052,39.40989585893798,39.847782135009766,29237400
2015-08-12,39.65886550081481,40.26847602951239,39.24673651506084,40.131099700927734,30181400
2015-08-13,40.40587255254772,40.44021419537497,39.916468932658965,40.12253189086914,22627200
2015-08-14,39.950806485164534,40.44021005494622,39.94222189416456,40.35435104370117,21473400
2015-08-17,40.19121463415878,40.7407201261575,39.985148437003716,40.62910079956055,21099700
2015-08-18,40.48217512100405,40.99209163297405,40.361178541368716,40.85380935668945,23574100
2015-08-19,40.43032499070359,40.68960718816571,40.015478090438336,40.28340148925781,31485500
2015-08-20,39.81670138740288,40.16240881991704,39.46235275268555,39.46235275268555,36238200
2015-08-21,39.15120672286776,39.30677469807318,37.22389602661133,37.22389602661133,70053100
2015-08-24,34.95952953145991,36.89548181803207,34.32861630343977,36.02257537841797,88753700
2015-08-25,36.79177391352812,37.37083338452901,34.90767527753021,34.9768180847168,70616600
2015-08-26,36.30779046659511,37.02513237977907,35.486740918421184,36.912776947021484,63408000
2015-08-27,37.36216781478792,37.98443954089515,37.102889027879456,37.941226959228516,50943200
2015-08-28,37.5091036743936,38.15730244782038,37.50045917781195,37.9671630859375,28246700
2015-08-31,37.64739106884144,37.96716825076459,37.24982659473953,37.61281967163086,34441700
2015-09-01,36.44606529034887,36.809058422494324,36.005291448004826,36.14357376098633,49688900
2015-09-02,36.61026803138796,37.49181877767716,36.19542120317708,37.47453308105469,37671500
2015-09-03,37.51774366674128,38.01037445493998,37.4053882931616,37.59552764892578,28285200
2015-09-04,36.99918575126702,37.1979663051779,36.471983574981536,36.826332092285156,37138800
2015-09-08,37.42268152739823,38.02766781104689,37.33625632840986,37.93259811401367,32469800
2015-09-09,38.20915767163923,38.373370143750265,37.08561374830758,37.22389602661133,33469500
2015-09-10,37.26710142089954,37.84616061605524,36.947324332269375,37.41402816772461,31366600
2015-09-11,37.28439679725809,37.67331676114037,37.111543113653774,37.5782470703125,27132500
2015-09-14,37.53503806063046,37.543679262027055,37.04240715827182,37.197975158691406,23656000
2015-09-15,37.32761704379178,38.27831084999427,37.23255063039095,38.0103874206543,28882200
2015-09-16,38.00174334525394,38.356091958863075,37.889387941843175,38.286949157714844,23372200
2015-09-17,38.27830766740329,38.89193518687103,38.096812761123005,38.243736267089844,32768200
2015-09-18,37.59553276836391,38.01902412834901,37.448609280291606,37.5782470703125,63143700
2015-09-21,37.699246492712675,38.43387387900795,37.68196079336231,38.122737884521484,26177200
2015-09-22,37.49180885669648,38.07086470422843,37.43131058298145,37.941226959228516,28085900
2015-09-23,37.96716700011355,38.174588782724705,37.60417393517933,37.91530990600586,17145200
2015-09-24,37.55231755586722,38.140018061037935,37.39674958115088,37.94987869262695,27905600
2015-09-25,38.442514995337774,38.658581291375135,37.82024300773897,37.97581100463867,29384600
2015-09-28,37.88073200317984,38.10543942567184,37.344885393475415,37.41402816772461,27613800
2015-09-29,37.48317998476141,37.65603368037997,37.20661539053574,37.543678283691406,32763600
2015-09-30,37.92395058809028,38.286940319595644,37.73381122573444,38.25236892700195,34958900
2015-10-01,38.67585955107487,38.67585955107487,37.81159453317375,38.55486297607422,28657900
2015-10-02,38.26101568103833,39.384559631347656,37.958520923360275,39.384559631347656,41839000
2015-10-05,39.540131608279765,40.52539337658704,39.49691900907348,40.30068588256836,34369300
2015-10-06,40.0414024935724,40.77602648830731,39.94633280784938,40.40439224243164,27017200
2015-10-07,40.706883997985216,40.92295026824397,39.71298113294074,40.44760513305664,27711500
2015-10-08,40.24018865935769,41.06988245516051,40.188331560778735,41.00938415527344,33772700
2015-10-09,41.00938066865189,41.087164661452086,40.55131791242419,40.71553039550781,28600600
2015-10-12,40.60317481227994,40.680958804707885,40.18832795163418,40.620460510253906,19769100
2015-10-13,40.24018485207538,40.73281570278044,40.24018485207538,40.525390625,19987800
2015-10-14,40.31796806061855,40.706884716420575,40.214253875288954,40.343894958496094,24697800
2015-10-15,40.62910461425781,40.64639031346706,40.21425772396591,40.62910461425781,27189400
2015-10-16,40.637745467053776,41.087163715450714,40.534034578011315,41.06123352050781,26450300
2015-10-19,40.98344212790724,41.38100650843786,40.63773812789646,41.15629577636719,29387600
2015-10-20,41.000733026937965,41.320513471098906,40.637743286313594,41.28594207763672,30802200
2015-10-21,41.41559617447317,41.47609778532291,40.71554331406284,40.79332733154297,25144300
2015-10-22,41.07852564580526,42.30578399632649,40.69825012854063,41.510658264160156,56637100
2015-10-23,45.20106799701695,46.730817752528104,45.15785539764522,45.69369888305664,135227100
2015-10-26,45.39984598582447,46.9468813516706,45.37391908707157,46.886383056640625,64633300
2015-10-27,46.66167167989363,46.99009002638393,46.307323139904966,46.40238952636719,50999900
2015-10-28,46.272747365539196,46.65302276611328,45.685046921164286,46.65302276611328,47000800
2015-10-29,46.27275548592387,46.523393162902295,45.99619091026139,46.1171875,30202100
2015-10-30,46.082615548979206,46.66167488892612,45.47762931066041,45.49491500854492,46619800
2015-11-02,45.67641872625127,46.117195865292295,45.477638107493505,46.013484954833984,30285000
2015-11-03,45.74556396680019,47.00739055144283,45.71963706203279,46.79996871948242,36596900
2015-11-04,46.825882355670984,47.43086857179604,46.72217146907829,47.016021728515625,37087800
2015-11-05,47.09379937943765,47.27529423077529,46.67030809607397,46.99872970581055,31468500
2015-11-06,46.748108021131834,47.517303574628905,46.63575261425497,47.46544647216797,32851200
2015-11-09,47.14565658316531,47.422221128168104,46.29003605234712,46.80859375,32513100
2015-11-10,46.73080812772603,46.78266521443748,46.03939678945332,46.24681854248047,55283700
2015-11-11,46.411040968892245,46.843173560228465,46.203615874410445,46.367828369140625,36516300
2015-11-12,46.22090100904079,46.65303359509791,45.970263317869254,46.082618713378906,35361100
2015-11-13,45.86654714212676,46.05668651312226,45.39984321163396,45.66776657104492,36848200
2015-11-16,45.8751779351108,46.57523032481802,45.676394126500824,46.471519470214844,32165200
2015-11-17,46.26270714428096,46.57594023403089,45.984278468754724,46.08869171142578,31551300
2015-11-18,46.11479830558014,46.9674866306705,46.09739609660295,46.854373931884766,29710000
2015-11-19,46.97618540096638,47.559144416047054,46.79346388180626,46.93267822265625,28149200
2015-11-20,47.20241796834386,47.245921837207085,46.349729525921276,47.150211334228516,37147600
2015-11-23,47.20241796834386,47.38513620904889,46.76737264144668,47.150211334228516,28235900
2015-11-24,46.915280181100194,47.367727658821615,46.61945258476557,47.20241165161133,24600000
2015-11-25,47.06319407392599,47.18500620974904,46.71515655517578,46.71515655517578,21005100
2015-11-27,46.81087182456008,47.05449944024553,46.802172379311216,46.92398452758789,9009100
2015-11-30,47.45474041384175,47.820176859515044,46.984890710148555,47.28942108154297,56241400
2015-12-01,47.34163494371378,48.05510905353168,47.24592443547166,48.046409606933594,39952800
2015-12-02,48.13341114898905,48.69026859524699,47.907189056121325,48.03770065307617,47274900
2015-12-03,48.2813264588961,48.524950752686145,46.923983995354284,47.15890884399414,38627800
2015-12-04,47.08929626367135,48.92518772372892,47.07189405562201,48.646759033203125,43963700
2015-12-07,48.54235883582514,48.698975420535916,48.1073135047691,48.55976104736328,30709800
2015-12-08,48.263925861784024,48.81208054112346,47.84628277884972,48.542354583740234,32878000
2015-12-09,48.17691260169629,48.611957874687555,47.428634201090176,47.83757781982422,36373200
2015-12-10,48.19432619006119,48.429251091240374,47.86369077516462,48.08991622924805,31775800
2015-12-11,47.60265095563932,47.94198572312273,46.993586935451006,47.03709411621094,39549500
2015-12-14,47.27202769279742,48.03770509259795,46.706467429662204,47.97679901123047,46768900
2015-12-15,48.429240187561476,48.63806338130475,47.93328883644479,48.02899932861328,39843000
2015-12-16,48.32481946662891,48.94258282660431,47.64614672775736,48.838172912597656,37503300
2015-12-17,49.03829841453419,49.412437574491506,48.31612174606208,48.46403884887695,41280900
2015-12-18,48.52495138828131,48.72507182067752,47.01099233914927,47.09800338745117,84684200
2015-12-21,47.75058089968561,48.15952129183812,47.185020589147776,47.70707702636719,37246300
2015-12-22,47.84628175004566,48.27262426925344,47.41993591170578,48.15951156616211,28322200
2015-12-23,48.46404480469877,48.62066137086411,48.237819400623465,48.56845474243164,27279800
2015-12-24,48.60327715534674,48.690284915814225,48.22913781089658,48.437957763671875,9558500
2015-12-28,48.159515585091796,48.68157196044922,47.837582977724104,48.68157196044922,22458300
2015-12-29,48.97739882359383,49.46464741697446,48.77727839143648,49.20362091064453,27731400
2015-12-30,49.1340264008979,49.403752412920284,48.97740979817975,48.99481201171875,21704500
2015-12-31,48.75987303586091,48.89038462103935,48.220414529234645,48.272621154785156,27334100
2016-01-04,47.263322323304,47.680965423583984,46.45413777928269,47.680965423583984,53778000
2016-01-05,47.794077147931255,48.194318029218714,47.45474234339918,47.89848709106445,34079700
2016-01-06,47.26332146844097,47.33293031012809,46.67165959062945,47.02839660644531,39518900
2016-01-07,45.85377416512637,46.541146518948196,45.305616171142816,45.39262390136719,56564900
2016-01-08,45.56663856084267,46.35842078316775,45.37522090783049,45.531837463378906,48754000
2016-01-11,45.688455532443534,45.98428646653377,44.77486107453117,45.5057373046875,36943800
2016-01-12,45.90597959474529,46.20181053794946,45.2969188167946,45.92338180541992,36095500
2016-01-13,46.810880043703776,47.04580493625682,44.63565324502672,44.93148422241211,66883600
2016-01-14,45.24471293451707,46.480240040699194,44.87057369664336,46.210514068603516,52381900
2016-01-15,44.64435742341143,45.21861718366552,43.80036833669981,44.365928649902344,71820700
2016-01-19,44.79226103883548,44.96627981236325,43.55673405313917,43.99177932739258,43564500
2016-01-20,43.48713133696547,44.70525960398153,42.72145061715158,44.1919059753418,63273000
2016-01-21,44.37461234309998,44.879266390381154,43.76554837260366,43.92216491699219,40191200
2016-01-22,44.73135911191153,45.5318442166797,44.600844189885876,45.497039794921875,37555800
2016-01-25,45.19250041709644,45.810267208880234,44.94017668881893,45.061988830566406,34707700
2016-01-26,45.06199187120886,45.627548755931564,44.85316867188536,45.39262390136719,28900800
2016-01-27,45.25341681360467,45.41873617438227,44.392028860911886,44.56604766845703,36775200
2016-01-28,45.12289438114057,45.427424731997796,44.59213863896206,45.296913146972656,62513800
2016-01-29,47.62005544488347,47.93328857421875,46.98488974112338,47.93328857421875,83611700
2016-02-01,47.750570623828374,47.93328884392471,47.419935283321635,47.60265350341797,44208500
2016-02-02,47.13279216081884,47.21110042424423,45.810257763838514,46.11478805541992,56313800
2016-02-03,46.33233308450527,46.45414526014506,44.600851007407655,45.383934020996094,57559800
2016-02-04,45.3317090989714,45.94947581350565,44.69654349704769,45.24470138549805,46987100
2016-02-05,45.19250961589286,45.24471625261053,43.12169614641424,43.64374923706055,62009000
2016-02-08,43.11298110769561,43.130383314980925,41.92965756534757,42.99116897583008,59290500
2016-02-09,42.651841108981415,43.713352690627104,42.34730741108145,42.8780632019043,46740500
2016-02-10,43.40881764715729,43.84386292855856,43.08688506827734,43.252201080322266,38237000
2016-02-11,42.35600095799521,43.60023049612688,42.208083863975375,43.23479080200195,48878600
2016-02-12,43.722048750018125,44.0961879401757,43.28700348882392,43.939571380615234,34243300
2016-02-16,44.60559176145142,44.7720947265625,43.930811308691034,44.7720947265625,37291200
2016-02-17,45.1226310592745,46.24434228071127,45.087576747863814,45.9376220703125,40789000
2016-02-18,45.85874735127833,46.40207571704371,45.65718676525702,45.73605728149414,27176000
2016-02-19,45.543267624776085,45.81493015012615,45.15767692872398,45.41181564331055,33559100
2016-02-22,45.81493188794562,46.44589607417308,45.81493188794562,46.13917922973633,25008300
2016-02-23,45.86749958253274,45.89378863474643,44.67568018540459,44.850948333740234,28895300
2016-02-24,44.42156466735212,45.13139953338291,43.99216099045335,45.00871276855469,33014500
2016-02-25,45.33295200914008,45.657196044921875,44.35145465211874,45.657196044921875,26939500
2016-02-26,46.095365605093846,46.16547423168168,44.780858943241775,44.95612716674805,35975900
2016-02-29,44.9999348746002,45.26283883160979,44.39526312799604,44.58805847167969,31654000
2016-03-01,44.66693833227286,46.0866046194193,44.623118768297964,46.077842712402344,33024500
2016-03-02,45.92886116511563,46.41084625714804,45.70977672846788,46.40208435058594,29289900
2016-03-03,46.41960971240234,46.41960971240234,45.37676569477196,45.876277923583984,24427800
2016-03-04,45.92009542963179,45.9639116447152,45.31542029540674,45.595848083496094,33034200
2016-03-07,45.18397806022198,45.39429725964466,44.32516741949202,44.71951675415039,38407800
2016-03-08,44.51795127405212,45.683481935440355,44.34268307812632,45.262840270996094,33835100
2016-03-09,45.47316167155433,46.31444504188094,45.44687261090754,46.30568313598633,28251600
2016-03-10,46.38455860867035,46.39332051549958,44.83344034875823,45.613380432128906,38387800
2016-03-11,46.44590835439551,46.50725173950195,45.90257979646829,46.50725173950195,32275700
2016-03-14,46.191757001926995,46.96293507450999,46.12165172785374,46.594871520996094,24083600
2016-03-15,46.226816371407864,46.96294021606445,46.21805446480052,46.96294021606445,21104800
2016-03-16,46.84026511871559,47.84805177743933,46.796448888851785,47.62896728515625,31691700
2016-03-17,47.50627064864373,48.19857830294266,47.32224051561643,47.9006233215332,28223900
2016-03-18,48.128457181422846,48.1722767337845,46.84024324168239,46.87529754638672,67625500
2016-03-21,46.664991621972995,47.26090164157801,46.38456377074284,47.19955825805664,23925700
2016-03-22,46.980476060490396,47.54133179005182,46.84902403632776,47.38359069824219,23124100
2016-03-23,47.41862330125815,47.53254811382853,47.094379357901865,47.295936584472656,20129000
2016-03-24,47.182015946170225,47.611422835872084,47.08561827646393,47.50625991821289,19950000
2016-03-28,47.506273161917235,47.57638179323477,46.73509827520551,46.91912841796875,17025100
2016-03-29,47.024277454924224,48.075883287631044,46.840247353515295,47.94443130493164,23924300
2016-03-30,48.13723389744829,48.75943291085361,48.110944834138095,48.242393493652344,23008300
2016-03-31,48.154757737023644,48.71561333543064,48.07588720956247,48.40013122558594,26360500
2016-04-01,48.24238977916375,48.73314009526884,47.82174808377212,48.69808578491211,24399200
2016-04-04,48.57539749145508,48.77695475512948,48.19857202455336,48.57539749145508,18928800
2016-04-05,48.365067074089396,48.46146473725711,47.72534107838647,47.8129768371582,19272300
2016-04-06,47.637699823915895,48.37382334620676,47.50624788162898,48.303714752197266,21188700
2016-04-07,48.08464774267437,48.119702052314594,47.52379216028272,47.72534942626953,19225100
2016-04-08,47.90937676653433,48.44394325725994,47.60265993232919,47.69029235839844,22167200
2016-04-11,47.75164747164237,48.330030277187696,47.585141152660775,47.59390640258789,21414200
2016-04-12,47.64648411056681,48.00578246625612,47.11191753047613,47.89186096191406,24944300
2016-04-13,48.30374890803955,48.58417679644607,48.10219157218262,48.505306243896484,20818000
2016-04-14,48.391362802271054,48.70684486962802,48.259910826551454,48.5140495300293,20877100
2016-04-15,48.46147589408624,49.004804351706845,48.29497292853111,48.76819610595703,28793800
2016-04-18,48.62798951872623,49.59195983143452,48.38261264371981,49.47803497314453,23786000
2016-04-19,49.62699422665405,49.74968094342562,48.794472921895355,49.41667175292969,29596800
2016-04-20,49.32905139559985,49.513081515736566,48.62798188343868,48.715614318847656,36195700
2016-04-21,48.89966064537001,49.27648625985023,48.56665126311591,48.88213348388672,38909100
2016-04-22,45.49069486907213,45.94639092427226,44.49167031623328,45.37677001953125,126834100
2016-04-25,45.376769147414954,45.683489375981814,45.24532048628345,45.66596221923828,33226900
2016-04-26,45.7974083169541,45.87627884640372,44.77209477707213,45.07881164550781,33532600
2016-04-27,45.113867263892416,45.13139442016263,44.298872883625236,44.64064407348633,43369300
2016-04-28,44.36021659191505,44.4916685934463,43.43130070336686,43.72925567626953,43134800
2016-04-29,43.24726495446769,44.03597023618155,43.24726495446769,43.70296096801758,48411700
2016-05-02,43.81689287522194,44.47414626835027,43.624097476822605,44.35145950317383,33114500
2016-05-03,44.114830872424136,44.17617423136199,43.466339636986696,43.624080657958984,26460200
2016-05-04,43.67667190628148,43.86946727358111,43.34366263811751,43.70296096801758,24257600
2016-05-05,43.702961740968185,44.079787233011395,43.58027499341238,43.764305114746094,25390700
2016-05-06,43.7467734976608,44.158653259277344,43.518927181573375,44.158653259277344,24787300
2016-05-09,44.24630233677256,44.33393479017105,43.81689529200681,43.878238677978516,17951600
2016-05-10,44.10608252360705,44.780859679308094,43.98339242506168,44.71075439453125,22891000
2016-05-11,44.80715009801804,45.37676762979717,44.69322525447693,44.73704147338867,24039100
2016-05-12,44.86848564719401,45.4030521163834,44.623108846752686,45.1401481628418,24102800
2016-05-13,45.0787996134822,45.48191740249658,44.72826662068296,44.76332092285156,22592300
2016-05-16,44.517948029729496,45.534499480460866,44.47413181968192,45.42057800292969,20032000
2016-05-17,45.641209460985365,45.65003265272134,44.441053404158424,44.573421478271484,27803500
2016-05-18,44.54694566480956,45.1293739058568,44.38810129303802,44.83816146850586,24907500
2016-05-19,44.53811787822768,44.670485930149425,43.964512887531804,44.40574645996094,23842400
2016-05-20,44.54695299953302,45.199980342820815,44.47635735953607,44.67049789428711,23905800
2016-05-23,44.65283586416872,44.72343485109843,44.105707180843375,44.14982986450195,26118700
2016-05-24,44.74108263350724,45.632372923121046,44.476343176833964,45.5264778137207,34757900
2016-05-25,45.81769230007078,46.320701666986295,45.70297399562135,45.99418640136719,24040200
2016-05-26,45.826521113919384,45.87064379983061,45.3235150885721,45.791221618652344,24335200
2016-05-27,45.81770414996103,46.170692443847656,45.68533606451294,46.170692443847656,17721400
2016-05-31,46.11770983288429,46.77073669433594,45.95886891850551,46.77073669433594,37653100
2016-06-01,46.27658574480988,46.72664596993134,46.27658574480988,46.638397216796875,25324800
2016-06-02,46.45305751623677,46.54130622687692,45.74708466283611,46.31186294555664,22840800
2016-06-03,46.22363199955934,46.25892812846576,45.53530530753424,45.70297622680664,23368300
2016-06-06,45.87947635698755,46.197161756902695,45.791227607278685,46.003021240234375,18243300
2016-06-07,46.100084022163884,46.53249102761326,45.97653579711914,45.97653579711914,20866800
2016-06-08,45.90593805345403,46.2765726124026,45.77356664448968,45.923587799072266,21149400
2016-06-09,45.88829026107473,45.88829026107473,45.438233510859796,45.55295181274414,20305700
2016-06-10,45.04993653020384,45.93240346856765,45.041113342011656,45.42939758300781,25833200
2016-06-13,43.75271924303375,44.75873117103809,43.29383595956174,44.24689865112305,83217800
2016-06-14,44.03511151113264,44.21160224557007,43.743895739889936,43.97333908081055,42577100
2016-06-15,43.92919937402353,44.229238242173196,43.84977722167969,43.84977722167969,33757600
2016-06-16,43.69976864841934,44.53811301781579,43.69094209278079,44.46751403808594,31188600
2016-06-17,44.48517263125429,44.502822379697335,43.96451683439286,44.23808288574219,45710500
2016-06-20,44.688137092188825,44.855808009482494,44.14983157816305,44.18513107299805,35607900
2016-06-21,44.299851833748534,45.385286029934335,44.26455233964207,45.173492431640625,34097800
2016-06-22,45.07642764786572,45.411762770928874,44.96170596558342,44.997005462646484,28816800
2016-06-23,45.25290563905472,45.941232172293354,45.138187355468595,45.808860778808594,29028800
2016-06-24,43.95568933409781,44.95287477578017,43.69977305628058,43.97333908081055,133503000
2016-06-27,43.32913203112564,43.3732580779465,42.393719086190686,42.73788070678711,50216300
2016-06-28,43.17027864790291,43.655638130533774,42.949661925377626,43.6291618347168,38140700
2016-06-29,44.04393640188796,44.75873602280043,43.94686447439237,44.599891662597656,31304000
2016-06-30,44.75875321419198,45.270582619832176,44.56460928463204,45.155860900878906,28527800
2016-07-01,45.120553120753236,45.64120895235844,45.06760387189074,45.14702606201172,21400400
2016-07-05,44.85582517897195,45.25293286565888,44.77640296836528,45.155860900878906,24806400
2016-07-06,44.81167377900772,45.48235059308425,44.46751218304362,45.341156005859375,28167500
2016-07-07,45.37645212790722,45.5441230145986,45.06759002033546,45.341156005859375,19585200
2016-07-08,45.65002439886507,46.20597963538677,45.49118004557315,46.15303039550781,28391000
2016-07-11,46.32953623828199,46.62075208191147,46.30306329480506,46.408958435058594,22269200
2016-07-12,46.717807239122195,47.1237446650823,46.585439193427575,46.95607376098633,27317600
2016-07-13,47.264947436485265,47.529686939978326,46.9296089366765,47.220821380615234,25356800
2016-07-14,47.512031531868615,47.644402951021455,47.2825915538614,47.42378616333008,24545500
2016-07-15,47.60910556699988,47.65322825322457,46.956078365300854,47.38848876953125,32024400
2016-07-18,47.388487568907074,47.95326601750244,47.256116147241556,47.61792755126953,31433900
2016-07-19,47.397298697546326,47.564969571165804,46.70897555928094,46.85017013549805,53336500
2016-07-20,49.550534912906144,50.1594360725409,49.00340282197555,49.338741302490234,89893300
2016-07-21,49.40051306523575,49.62112986350834,49.20636920552542,49.241668701171875,32776700
2016-07-22,49.488762237758024,49.97411852493926,49.22401938443624,49.92116928100586,32157200
2016-07-25,49.832918888289406,50.07118541247367,49.647598236360615,50.06235885620117,25610600
2016-07-26,49.877027434748285,50.556527322320775,49.868200880977355,50.08881759643555,28079000
2016-07-27,49.95646866247049,50.124136218357506,49.515235063072375,49.58583068847656,32327500
2016-07-28,49.41815258436413,49.744664435648644,49.171062898672545,49.60346984863281,37550400
2016-07-29,49.64757739750056,50.088810768267464,49.4622601897009,50.01821517944336,30558700
2016-08-01,49.94762760815978,50.07999899609685,49.54169362245764,49.92998123168945,26003400
2016-08-02,50.1682443438254,50.21237038403391,49.69171475320927,49.92998123168945,35122000
2016-08-03,50.01824217668568,50.397703349666074,49.85057461717969,50.2741584777832,22075600
2016-08-04,50.12413865683844,50.759516148112574,50.009416972837194,50.64479446411133,26587700
2016-08-05,50.87423396119978,51.368413424504915,50.697739853014326,51.147796630859375,29335200
2016-08-08,51.23603820800781,51.26251114231531,50.98894514454081,51.23603820800781,19473500
2016-08-09,51.33310469406365,51.624320425127685,51.20073666149823,51.359580993652344,16920700
2016-08-10,51.32428184392619,51.465476432734796,51.02424292191482,51.20073699951172,15756900
2016-08-11,51.20957507521861,51.580213082551445,51.20957507521861,51.44784164428711,18162300
2016-08-12,51.20956820564663,51.35076281655996,50.84775680478468,51.13014602661133,21655200
2016-08-15,51.191921902725525,51.624332321309616,51.1477992150362,51.28899383544922,19283900
2016-08-16,51.15579322831275,51.164671410287475,50.853884231279075,51.00483703613281,20523500
2016-08-17,51.093633224470494,51.217948089825605,50.81836217452271,51.111392974853516,18856400
2016-08-18,50.98708104983389,51.23571419872633,50.853887986420595,51.146915435791016,14214300
2016-08-19,50.995956488562065,51.26234597068719,50.79172443935527,51.164669036865234,17271000
2016-08-22,51.146899433303936,51.280095842370116,50.84499050843593,51.20905685424805,15221900
2016-08-23,51.41331195998687,51.66194173907196,51.36891088172737,51.4044303894043,18732400
2016-08-24,51.32449858510352,51.537612183191484,51.25346297729135,51.45769500732422,18151500
2016-08-25,51.39554535567347,51.759611792519074,51.30674659831708,51.653053283691406,18552600
2016-08-26,51.75071642361692,52.12366433041346,51.22681575055594,51.528724670410156,20971200
2016-08-29,51.66194707322582,52.03489178036042,51.59090805053711,51.59090805053711,16417200
2016-08-30,51.48434758801403,51.67081992232785,51.155800610319204,51.4044303894043,16930200
2016-08-31,51.191310387637095,51.324503435118416,50.880519835528595,51.0225944519043,20860300
2016-09-01,50.623019734567634,51.342274544467365,50.623019734567634,51.13804244995117,26075400
2016-09-02,51.20905685424805,51.67080011506532,50.98706509735467,51.20905685424805,18900500
2016-09-06,51.30674503825467,51.32450478918594,50.8006039923551,51.155792236328125,16278400
2016-09-07,51.031471335491304,51.360018220571895,50.978192088994824,51.2001838684082,17493400
2016-09-08,51.17355436583689,51.31562899256459,50.77396841962578,50.9959602355957,20146100
2016-09-09,50.4276545542187,51.075870158148476,49.91263198852539,49.91263198852539,35113900
2016-09-12,49.7261699937447,50.80060963957975,49.37986328040336,50.65853500366211,29303000
2016-09-13,50.17014704096093,50.30334347653107,49.770561121576556,50.19678497314453,30130200
2016-09-14,50.07247940052385,50.28559305952711,49.7528106056823,49.9570426940918,24062500
2016-09-15,49.85936120082176,50.92491916442601,49.70840501067126,50.78284454345703,26847000
2016-09-16,51.17354523931863,51.17354523931863,50.392133238013656,50.836116790771484,44607000
2016-09-19,50.85389192233255,51.28011585543095,50.48094386379225,50.55198287963867,20937100
2016-09-20,50.92493444286292,50.92493444286292,50.392155301217045,50.4454345703125,17384000
2016-09-21,51.06700579098543,51.36891485493754,50.68518290956921,51.288997650146484,33707300
2016-09-22,51.43105763146713,51.5020966320485,51.173549722674636,51.342262268066406,19822200
2016-09-23,51.38666461226529,51.42218411577879,50.95156254986698,50.9959602355957,19955300
2016-09-26,50.68517541989918,50.738451290336094,50.463183593541515,50.52534103393555,21688700
2016-09-27,50.551968143270386,51.55537193197596,50.32997636445305,51.45769500732422,28065100
2016-09-28,51.395531650881296,51.55536598417619,51.20905600382036,51.528724670410156,20536400
2016-09-29,51.33338864659436,51.653054015628385,50.800606256885075,50.969322204589844,25463500
2016-09-30,51.12027750057364,51.29787163911783,50.91604542681209,51.146915435791016,29910800
2016-10-03,50.978197623946905,51.10251249194375,50.66741045395479,50.98707580566406,19189500
2016-10-04,50.85389700366142,51.14692450499049,50.58750744227307,50.8272590637207,20085900
2016-10-05,50.87164309375547,51.46657950812752,50.845001773644356,51.182430267333984,16726400
2016-10-06,51.2712287902832,51.37778390826735,50.862761294579435,51.2712287902832,16212600
2016-10-07,51.36891017200886,51.484346876700634,50.987083938074,51.32451248168945,20089000
2016-10-10,51.42219146457523,51.8484154056704,51.386671955985605,51.537628173828125,18196500
2016-10-11,51.40442228044361,51.51985896852033,50.51645505255597,50.78284454345703,26497400
2016-10-12,50.71180725097656,50.853881867251005,50.08135135296663,50.71180725097656,22177500
2016-10-13,50.34774034192732,50.88051930090656,50.01031186133326,50.5430908203125,25313700
2016-10-14,50.72068631890995,51.2712284305047,50.72068631890995,50.98707580566406,27402500
2016-10-17,50.93380508440857,51.02260045985184,50.49869961515311,50.80949020385742,23830000
2016-10-18,51.08474719466204,51.4576951454859,50.978192088994824,51.2001838684082,19149500
2016-10-19,51.03147526587641,51.3600221762613,50.969317833839426,51.08475112915039,22878400
2016-10-20,51.0581085671504,51.0758683157398,50.31221606302422,50.836116790771484,49455600
2016-10-21,53.526658679266994,53.677614856067045,52.82516720564299,52.97611999511719,80032200
2016-10-24,53.224761391326226,54.16600799560547,53.21588320830803,54.16600799560547,54067000
2016-10-25,54.03282053023506,54.49456403252839,53.98842283310298,54.15713882446289,35137200
2016-10-26,53.997301604852375,54.34360836678257,53.69539253775198,53.837467193603516,29911600
2016-10-27,53.81970179467825,54.01505569623695,53.35795836474736,53.36683654785156,28479900
2016-10-28,53.286920174986335,53.739785428819104,52.905097323719374,53.16260528564453,33574700
2016-10-31,53.42011055184768,53.650980550431896,53.20699691772461,53.20699691772461,26434700
2016-11-01,53.251397173216226,53.29579485834,52.612059667989925,53.100440979003906,24533000
2016-11-02,53.11819922400782,53.2158761609056,52.656455859698575,52.77189254760742,22147000
2016-11-03,52.860698830226326,52.958375787292844,52.4877541439653,52.5765495300293,21600400
2016-11-04,52.07928104768071,52.638697981464496,51.96384435566486,52.1325569152832,28697000
2016-11-07,53.08267583227506,53.7397730222301,53.08267583227506,53.65097427368164,31664800
2016-11-08,53.76641296402316,53.97064501233416,53.4112281185229,53.695377349853516,22935400
2016-11-09,53.278032795366116,53.80193358668026,52.56765970222646,53.428985595703125,49632500
2016-11-10,53.70426472264571,53.713146293015726,51.173559139447946,52.12368392944336,57822400
2016-11-11,51.706345611250235,52.49663612124045,51.51099168300022,52.407840728759766,38767800
2016-11-14,52.40783362491873,52.461112885581436,50.86276893896663,51.60866165161133,41328400
2016-11-15,52.145034275015455,53.182034616238035,52.13609270600828,52.62777328491211,35904100
2016-11-16,52.690362329272055,53.33401903236493,52.574149188043734,53.32508087158203,27332500
2016-11-17,54.00448649365631,54.4872289572024,53.61114267717969,54.21009826660156,32132700
2016-11-18,54.33524175925704,54.65707000193208,53.90613857242664,53.950836181640625,27686300
2016-11-21,54.084940508022896,54.50510559993078,54.013421594417515,54.406768798828125,19652600
2016-11-22,54.51404742091295,54.7643568149269,54.36207483460727,54.63920211791992,23206700
2016-11-23,54.540856942159095,54.62131400792066,53.86144437255747,53.995540618896484,21848900
2016-11-25,53.90614742148695,54.111759185791016,53.75417484317029,54.111759185791016,8409600
2016-11-28,53.94191730593202,54.54981455712597,53.82570075226577,54.18328857421875,20732600
2016-11-29,54.21904854587581,54.89846132169265,54.102831991121924,54.61239242553711,22366700
2016-11-30,54.406773513596626,54.692842372389244,53.83463579601139,53.870391845703125,34655400
2016-12-01,53.73628787159192,53.772047324096974,52.6903460521782,52.92277908325195,34542100
2016-12-02,52.81551094308794,53.16415712442485,52.56519815350003,52.96748352050781,25515700
2016-12-05,53.3697625871657,54.165391657873286,53.24460791225113,53.834625244140625,23552700
2016-12-06,54.02236882945435,54.049186719764215,53.45916926147824,53.593265533447266,19907000
2016-12-07,53.64689572154167,54.87163154123489,53.45916368852341,54.86268997192383,30809000
2016-12-08,54.80010249173517,55.0504152330044,54.38887904493346,54.54085159301758,21220800
2016-12-09,54.69284435641043,55.416958099739986,54.64814673501699,55.399078369140625,27349400
2016-12-12,55.264975065719995,55.69407831489824,55.17557983430308,55.57786178588867,20198100
2016-12-13,55.87286064561904,56.695307517422336,55.64043104582513,56.301963806152344,35718900
2016-12-14,56.31985177454629,56.72213711212061,55.89968670972318,56.033782958984375,30352700
2016-12-15,56.05166812164499,56.45395349822952,55.69408036241216,55.944393157958984,27669900
2016-12-16,56.275155754386105,56.275155754386105,55.53316239850156,55.69407653808594,42453100
2016-12-19,55.92650947787275,57.00820742832818,55.80135138383672,56.87411117553711,34338200
2016-12-20,56.936697539121795,57.03503435205555,56.34668007172918,56.80260467529297,26028400
2016-12-21,56.70426786235921,56.945639109503,56.42713715411045,56.80260467529297,17096300
2016-12-22,57.0707934872019,57.30322316263696,56.686387808043605,56.81154251098633,22176600
2016-12-23,56.72214442904814,56.80260150694165,56.141065154238426,56.5344123840332,12403800
2016-12-27,56.50760543606163,57.27641695114447,56.50760543606163,56.57018280029297,11763200
2016-12-28,56.677446644617945,56.677446644617945,56.16788628951825,56.31092071533203,14653300
2016-12-29,56.19470166320031,56.498650230725026,56.07848513173833,56.23046112060547,10250600
2016-12-30,56.284092416828074,56.310913712852,55.45270385448133,55.55104064941406,25579900
2017-01-03,56.132125196961894,56.176822814313596,55.542107781374455,55.944393157958984,20694100
2017-01-04,55.85499067767031,56.09636188704687,55.53316239850156,55.69407653808594,21340000
2017-01-05,55.59573974053889,56.015904817254686,55.45270532870937,55.69407653808594,24876000
2017-01-06,55.69406886600826,56.453941844972164,55.46163925763191,56.17681121826172,19922900
2017-01-09,56.105306585033894,56.39137885224474,55.90863637722677,55.99803161621094,20382700
2017-01-10,56.07848129676698,56.38242984350593,55.676195953993464,55.98014450073242,18593000
2017-01-11,55.971217021165955,56.525475037954344,55.81030285335481,56.489715576171875,21517300
2017-01-12,56.37349969436343,56.67744828428711,55.38119684460643,55.971214294433594,20968200
2017-01-13,55.98015496587071,56.2036464858353,55.73878371508376,56.051673889160156,19422300
2017-01-17,56.033792622484896,56.051672352817185,55.452713322420024,55.899696350097656,20664000
2017-01-18,56.02484397223033,56.05166526944423,55.53316338596167,55.87287139892578,19670100
2017-01-19,55.640440765030725,56.30197364091371,55.604681309521006,55.69407653808594,18451700
2017-01-20,56.02484066756822,56.15893691509966,55.75665158271457,56.08742141723633,30213500
2017-01-23,56.05167371401019,56.42713782947667,55.935457169132974,56.28410339355469,23097600
2017-01-24,56.49864872859802,56.98139116010431,56.26621567185374,56.78471755981445,24672900
2017-01-25,57.16912850135662,57.303221360201775,56.72214548478652,56.927757263183594,23672700
2017-01-26,57.321099314715795,57.69656337776742,56.811535584530844,57.4551887512207,43554600
2017-01-27,58.45644560740242,58.92131182169301,58.00946253542631,58.805091857910156,44818000
2017-01-30,58.72463228105343,58.814027522386624,57.92900303847446,58.22400665283203,31651400
2017-01-31,57.982631014472474,58.241881953736225,57.446252818252454,57.794898986816406,25270500
2017-02-01,57.53562518999287,57.76805815016826,56.73999637059384,56.83833312988281,39671500
2017-02-02,56.543339735849266,56.68637413474108,56.09635681303623,56.47182083129883,45827000
2017-02-03,56.76684310440157,56.94563699307157,56.38243743733452,56.927757263183594,30301800
2017-02-06,56.766843590936894,56.90093986114114,56.44501527061455,56.891998291015625,19796400
2017-02-07,56.981384791624905,57.01714083387362,56.52546029831074,56.704254150390625,20277200
2017-02-08,56.82941776843676,57.04397110674402,56.51653103570704,56.62380599975586,18096400
2017-02-09,56.784713255287116,57.60716364034617,56.60591939677782,57.267452239990234,22644400
2017-02-10,57.43730907142162,57.48201009458626,57.19593786921155,57.21381759643555,18170700
2017-02-13,57.42836863931153,57.98262996359747,57.33003184273792,57.85747528076172,22920100
2017-02-14,57.92943559792561,58.20824296611452,57.57866886592992,58.073333740234375,23108400
2017-02-15,58.01036923172599,58.07332594711918,57.70458143174971,58.037349700927734,17005200
2017-02-16,58.226220570402596,58.67591336073081,57.956409013266125,58.02835464477539,20546300
2017-02-17,57.98339598172591,58.18126192953043,57.830502062701775,58.11830520629883,21248800
2017-02-21,58.109313494672236,58.415101354119514,57.96540848191915,58.00138473510742,20655900
2017-02-22,57.857472352011996,57.91143328763644,57.60564550340858,57.88445281982422,19292700
2017-02-23,57.93842395294554,58.21723818020108,57.73156908879952,58.11830520629883,20273100
2017-02-24,58.0373569268478,58.28019490343268,57.686597060019146,58.11830520629883,21796800
2017-02-27,58.04634348452999,58.04634348452999,57.60564649191174,57.76753616333008,15871500
2017-02-28,57.63263471629087,57.740556603915635,57.3448281487941,57.542694091796875,23239800
2017-03-01,57.67758671343534,58.451058753066775,57.57865376452203,58.40609359741211,26937500
2017-03-02,58.181257941500526,58.23521888292366,57.45275435433341,57.56967544555664,24539600
2017-03-03,57.55169132251269,57.81251056291931,57.218916149810404,57.78553009033203,18135900
2017-03-06,57.53370099592415,58.06433523455386,57.38979942949081,57.80351257324219,18750300
2017-03-07,57.73156289500195,58.262197096485984,57.73156289500195,57.920433044433594,18521000
2017-03-08,57.79452122540117,58.532017151200726,57.785525448005366,58.45106887817383,21510900
2017-03-09,58.63095982027465,58.6399487373904,57.9923967548481,58.21724319458008,19846800
2017-03-10,58.55900732586015,58.693916562083324,58.235227903632044,58.397117614746094,19538200
2017-03-13,58.469063896597326,58.630953590473595,58.073332008951326,58.19924545288086,20100000
2017-03-14,58.037369086928,58.055360646917045,57.6956049266021,57.929447174072266,14280200
2017-03-15,58.05533986850408,58.38810812973536,57.78552145939536,58.23521423339844,24833800
2017-03-16,58.23523212291446,58.244227902452785,57.830511246690726,58.13629913330078,20674300
2017-03-17,58.37912734287059,58.675919400092006,58.1722656188502,58.3431510925293,49219700
2017-03-20,58.379132918741774,58.62196405452846,58.20824742874117,58.397117614746094,14598100
2017-03-21,58.63096241169901,58.909769813523624,57.677608799095495,57.74956130981445,26640500
2017-03-22,57.668600426126105,58.58597061211104,57.668600426126105,58.487037658691406,20680000
2017-03-23,58.40610781518453,58.675919400092006,58.253207035792,58.3431510925293,19269200
2017-03-24,58.78383401070318,58.86477540817459,58.2442041089277,58.44207000732422,22617100
2017-03-27,58.12728692126034,58.65792797570124,57.875460059532735,58.54999923706055,18614700
2017-03-28,58.4240987240007,58.88278738743238,58.14529133140931,58.72089767456055,20080400
2017-03-29,58.567986981644864,58.90975100579354,58.41508622974042,58.88277053833008,13618400
2017-03-30,58.837806341364384,59.341466960796424,58.783845399262596,59.098628997802734,15122800
2017-03-31,59.04467702288534,59.53034616086404,58.8647957522809,59.23354721069336,21040300
2017-04-03,59.18856631165477,59.30549083547557,58.63095161072909,58.95473098754883,20400900
2017-04-04,58.81082822983433,59.18856856323764,58.711895257499926,59.11662292480469,12997400
2017-04-05,59.62928799516529,59.67425317316404,58.85581557118006,58.96373748779297,21448600
2017-04-06,58.99969839653598,59.41341498003981,58.89177650800252,59.11662292480469,18103500
2017-04-07,59.224549201366756,59.32348218103124,58.85580461860981,59.0716552734375,14108500
2017-04-10,59.00868955511525,59.19755970703154,58.78384315591477,58.936737060546875,17952700
2017-04-11,58.9996951063921,59.008690883857604,58.32515589360157,58.89177322387695,18791500
2017-04-12,58.83779828877698,58.91874655261884,58.558990977051764,58.66691970825195,17108500
2017-04-13,58.72089097762814,59.23354053296141,58.415096282958984,58.415096282958984,17896500
2017-04-17,58.496041356607506,58.900762139574745,58.46906088597872,58.89177322387695,16689300
2017-04-18,58.75686821747508,59.09863230619838,58.60397429844899,58.810829162597656,15155600
2017-04-19,59.0446661100878,59.13460329788316,58.36113113166146,58.49604034423828,26992800
2017-04-20,58.87377946004263,59.13460210261454,58.58597634785421,58.90975570678711,22299500
2017-04-21,59.06265700120326,59.989023170070276,58.86479105022811,59.71921157836914,32522600
2017-04-24,60.69054280252233,60.852432483646886,60.34877188583298,60.73550796508789,29770000
2017-04-25,61.06829612624628,61.194209587106606,60.79847764624903,61.086280822753906,30242700
2017-04-26,61.230175540325895,61.43703039332207,60.81645897256573,61.00532913208008,26190800
2017-04-27,61.29314392145682,61.49999881380805,60.78049428759319,61.401065826416016,34971000
2017-04-28,61.97666519946588,62.18352004557632,60.8794136658684,61.571937561035156,39548800
2017-05-01,61.76979521842799,62.552263058513184,61.60790555709197,62.42634963989258,31954400
2017-05-02,62.6961637760888,62.6961637760888,62.17451852766223,62.32741928100586,23906100
2017-05-03,62.39938544978564,62.39938544978564,61.79679859983287,62.129573822021484,28928000
2017-05-04,62.08458849977386,62.12956052566136,61.73382865550818,61.886722564697266,21749400
2017-05-05,61.967672365882095,62.084590029595695,61.59892095746793,62.05760955810547,19128800
2017-05-08,62.030638770379944,62.102591280098515,61.53597384327604,62.003658294677734,18566100
2017-05-09,61.93168486263454,62.30942511839188,61.7697952013433,62.09357452392578,22858400
2017-05-10,62.048615013958006,62.56126456776811,61.98565829197319,62.33641815185547,17977800
2017-05-11,61.48200037308419,61.814775516447106,61.26614974964837,61.571937561035156,28789400
2017-05-12,61.70684644799664,61.70684644799664,61.194196931438896,61.49998474121094,18714100
2017-05-15,61.28414115978647,61.58993586645852,60.77149158433095,61.54496383666992,31530300
2017-05-16,61.71681002732051,62.811303358047304,61.6534924594635,62.7841682434082,34956000
2017-05-17,62.31383626095977,62.50378906515078,60.99320707389302,61.03843688964844,30548800
2017-05-18,60.96608108716872,61.626392329169875,60.73089843195501,61.24648666381836,25201300
2017-05-19,61.05650189737366,61.599224978463965,60.99318431959809,61.22836685180664,26961100
2017-05-22,61.40928038608353,61.961050880317366,61.05650999155361,61.91582107543945,16237600
2017-05-23,62.160049497731755,62.1871846195717,61.85250201431432,62.12386703491211,15425800
2017-05-24,62.29573610280252,62.30477654327732,61.915823668773704,62.20527648925781,14593900
2017-05-25,62.38616830450898,63.20929668856854,62.331898075104284,62.97412109375,21854100
2017-05-26,63.13695429818903,63.51685980017533,62.88367706243246,63.28167724609375,19827900
2017-05-30,63.127902925700525,63.688720703125,63.10980824518115,63.688720703125,17072800
2017-05-31,63.797261581659626,63.9872143217119,63.145991100852605,63.173126220703125,30436400
2017-06-01,63.53493363195827,63.86961615847721,62.820345686859454,63.40829849243164,21603600
2017-06-02,63.71586495878041,65.00031141588404,63.53495263313932,64.90985870361328,34770300
2017-06-05,65.09978263411607,65.93195826015865,64.95505283771047,65.38018798828125,33316800
2017-06-06,65.39829687739935,65.68774963202523,65.37115485885171,65.5972900390625,31511100
2017-06-07,65.70584100312401,65.82342881886869,65.08170566325963,65.47970581054688,22301800
2017-06-08,65.58827375720215,65.59731419894965,64.67468536036299,65.08172607421875,24588300
2017-06-09,65.1631616693751,65.19934415261088,62.0424897760441,63.60734939575195,49187400
2017-06-12,62.639449013492374,63.263584360028865,61.626360855521305,63.11885452270508,47761700
2017-06-13,63.33595372898552,64.05958924310116,63.28168348081175,63.905818939208984,25258600
2017-06-14,64.14098515821522,64.31284320063544,62.80226186885355,63.56207275390625,25510700
2017-06-15,62.6575404071326,63.507810997713186,62.23241201294118,63.2274055480957,26068700
2017-06-16,63.073644256031756,63.34500240371064,62.61232643354784,63.317867279052734,48345100
2017-06-19,63.77013002266211,64.16813020562333,63.63444751473452,64.10481262207031,23798300
2017-06-20,64.05957486459404,64.10480466198659,63.200263922920826,63.236446380615234,21512200
2017-06-21,63.50780251957333,63.878667523776166,63.26357956397724,63.56207275390625,19891100
2017-06-22,63.806302214833345,63.85152510946429,63.05553177276091,63.55303192138672,22965700
2017-06-23,63.399280291494414,64.44855124535056,63.245509965839844,64.41236877441406,27617300
2017-06-26,64.58422097308517,64.86462644083686,63.71586254618696,63.79726791381836,19607000
2017-06-27,63.41736735929382,63.48068495055127,62.576143989102036,62.60327911376953,25215100
2017-06-28,62.60330282088234,63.173161357997934,62.22339712947194,63.136985778808594,25806200
2017-06-29,62.75704818140219,62.85654823728431,61.59018953604797,61.95200729370117,28918700
2017-06-30,62.21433881041841,62.757062116862265,62.17815633650866,62.35002136230469,24161100
2017-07-03,62.71182264293028,62.95604565096405,61.526869363819856,61.66255187988281,16165500
2017-07-05,61.74397529944883,62.81133403686446,61.70779282855838,62.48569869995117,21176300
2017-07-06,61.75299566383814,62.21431339132901,61.61732006848651,62.02436065673828,21117600
2017-07-07,62.141961304518205,63.17313744870463,62.141961304518205,62.82941436767578,16878300
2017-07-10,62.82939768604427,63.54398568414722,62.59421516615136,63.29976272583008,15014500
2017-07-11,63.3178737893827,63.93296198223787,63.091738525849195,63.3088264465332,17460000
2017-07-12,63.941997651517724,64.47567346349801,63.81536247914615,64.35808563232422,17750900
2017-07-13,64.67468412210987,65.16313711004527,64.50281911678988,64.91890716552734,20269800
2017-07-14,65.34402092862116,66.27569678384131,65.09075062635917,65.83247375488281,25868100
2017-07-17,65.85059006781096,66.43853621931785,65.7782251287915,66.34808349609375,21803900
2017-07-18,66.11288915943567,66.38425418203965,65.72394320872206,66.30284881591797,26435300
2017-07-19,66.48375954371552,66.97221248278092,66.43852973596697,66.80939483642578,22416200
2017-07-20,67.0988578117517,67.20740522610599,66.28476945684649,67.13504028320312,42361000
2017-07-21,66.43851578672297,67.19833361055096,66.18524547914642,66.74606323242188,46717100
2017-07-24,66.51088590936087,66.70988599548933,66.1490681983181,66.57420349121094,21394800
2017-07-25,66.75511689181778,67.2164277523897,66.48375187881162,67.1078872680664,22018700
2017-07-26,67.24355769923861,67.27974015826187,66.7641521941026,66.98124694824219,16252200
2017-07-27,66.71893928993455,67.31593270049561,65.41639817438394,66.17621612548828,36844200
2017-07-28,65.73296731673175,66.31187278009347,65.61537951673866,66.0676498413086,18306700
2017-07-31,66.30286198897514,66.42949718439043,65.49782100336337,65.7601318359375,23600100
2017-08-01,66.12194673064815,66.41139957902928,65.5701761601247,65.6515884399414,22132300
2017-08-02,65.62443158793559,65.63347202628874,64.62039084289778,65.36211395263672,26499200
2017-08-03,65.29880147808683,65.52493667433886,64.99125402261285,65.26261901855469,18214400
2017-08-04,65.48874175648044,66.067647196669,65.34401194588469,65.74201202392578,22579000
2017-08-07,65.85056429545638,65.94101698327944,65.36211149989457,65.4887466430664,18705700
2017-08-08,65.20834710527586,66.1490704252168,64.90080652625045,65.8415298461914,22044600
2017-08-09,65.35307815060195,65.58826071016449,65.17217273623028,65.55207824707031,22213400
2017-08-10,65.03649245935235,65.29881014997312,64.53899220108887,64.59326934814453,24734500
2017-08-11,64.77417514525706,65.76012142505657,64.47567498856384,65.57921600341797,21443700
2017-08-14,66.0857570776554,66.68275739440935,65.98625702486308,66.5651626586914,20096600
2017-08-15,66.91979461382665,66.91979461382665,66.41965080984951,66.58333587646484,19181400
2017-08-16,66.6924817091142,67.38359748632146,66.53789212172545,66.9743881225586,18150400
2017-08-17,66.91071451502191,67.17442976352787,65.8376693725586,65.8376693725586,22977500
2017-08-18,65.71944956115621,66.2377845263408,65.41027046586252,65.91950988769531,18761500
2017-08-21,65.9013466010764,65.91044214730755,65.20113523652543,65.6103515625,17734800
2017-08-22,65.79222196971834,66.60155215121942,65.79222196971834,66.52880859375,14343700
2017-08-23,66.34691422728457,66.51969487203705,65.95588909401705,66.12866973876953,13766500
2017-08-24,66.14685850025248,66.2559842210515,65.53758883599355,66.10139465332031,17098300
2017-08-25,66.25599499715909,66.70157962162477,65.9104405652282,66.21961975097656,12794300
2017-08-28,66.43787828531762,66.4651579912338,65.97410940900234,66.22872924804688,14569700
2017-08-29,65.70126587368313,66.52878687783917,65.51939663257053,66.42875671386719,11478400
2017-08-30,66.39241256421319,67.48364239755621,66.22872739542473,67.30177307128906,16897800
2017-08-31,67.31992672955931,68.16563189550901,67.11077779289377,67.99285125732422,27652800
2017-09-01,67.93831018321147,67.96558988335822,66.96529489672061,67.23810577392578,21736200
2017-09-05,66.69247240573726,67.19262328089457,66.36510912311418,66.93800354003906,21556000
2017-09-06,67.05621126674774,67.32902206959731,66.70156138576344,66.74703216552734,16535800
2017-09-07,67.00164788198319,67.83825745191302,66.9288974138502,67.60182189941406,17471200
2017-09-08,67.59274213564174,67.69277230794223,67.1471506634423,67.27446746826172,14703800
2017-09-11,67.57454843090682,68.14744974787635,67.57454843090682,67.9837646484375,17910400
2017-09-12,67.98375357577612,68.42024247794306,67.62910374106573,67.91100311279297,14394900
2017-09-13,68.13836272701602,68.41117357282718,67.79280833514082,68.39298248291016,13380800
2017-09-14,68.2020071318567,68.64759163584876,67.76551123355136,67.99285125732422,15733900
2017-09-15,68.04740546541989,68.5566448078872,67.35628997359589,68.48389434814453,38578400
2017-09-18,68.4111662236392,69.0840907830505,68.23838557732886,68.3475112915039,23307000
2017-09-19,68.39297120285377,68.84765124563664,68.21110196088738,68.60212707519531,16093300
2017-09-20,68.52027969869603,68.70215587491644,67.57454439595003,68.14744567871094,21587900
2017-09-21,68.30205298041311,68.42026732228649,67.39269267652037,67.48362731933594,19186100
2017-09-22,67.28357543633005,67.75644673925613,67.15626553274289,67.66551208496094,14111400
2017-09-25,67.3744917577371,67.51999271531352,66.3105420224628,66.6197280883789,24149200
2017-09-26,66.9925621509003,67.1198720198459,66.37419695693559,66.6197280883789,18019600
2017-09-27,66.88344610021191,67.4472449891613,66.53788478079876,67.15625,19565100
2017-09-28,66.87434035907539,67.2653654665657,66.66518449038054,67.17443084716797,10883800
2017-09-29,67.23807640888829,67.78369098714232,67.18351009455684,67.73822021484375,17079100
2017-10-02,67.93828568787748,68.21109646671998,67.5654516905168,67.84735107421875,15304800
2017-10-03,67.90194030137798,68.09290515536048,67.46545118880921,67.52910614013672,12190400
2017-10-04,67.3744758270424,67.94737703970263,67.02892154130602,67.92009735107422,13317700
2017-10-05,68.40207863322225,69.22050424003073,68.16564302728467,69.08409881591797,21195300
2017-10-06,68.81129097218447,69.13866122920176,68.69307663298815,69.11138153076172,13959800
2017-10-09,69.08406617222208,69.61149652937301,68.98403603766363,69.37506103515625,11386500
2017-10-10,69.41143626025612,69.68424004170795,69.23865567549794,69.37506103515625,13944500
2017-10-11,69.4387496258147,69.52968426373974,69.06590859109343,69.4933090209961,15388900
2017-10-12,69.55694343372438,70.28443419816435,69.44782467556466,70.12984466552734,16876500
2017-10-13,70.55723557227456,70.81186218746024,70.28443174851728,70.46630096435547,15335700
2017-10-16,70.40266812774684,70.75731806637802,70.33901318845068,70.61182403564453,12380100
2017-10-17,70.44812458078731,70.58452997662977,70.24806425860059,70.55724334716797,16824000
2017-10-18,70.62999120490329,70.79367628628815,70.35718736117279,70.57543182373047,13300700
2017-10-19,70.5390652896418,70.86643549278483,70.33900495018025,70.84825134277344,15092800
2017-10-20,71.22108721860332,71.81217270822579,71.13015259047695,71.66667175292969,22866400
2017-10-23,71.83035424161993,72.1486288973998,71.6212052983362,71.68486022949219,20627200
2017-10-24,71.74852581663158,72.0213297315877,71.34840508258746,71.71215057373047,17517200
2017-10-25,71.45753449947897,71.93039880586342,70.93919940265415,71.50299835205078,20410800
2017-10-26,72.02131427181274,72.22137459589075,71.61210501828351,71.62120056152344,32120700
2017-10-27,76.72270917038927,78.38683277293542,76.03159359650425,76.21346282958984,71066700
2017-10-30,76.11343610011554,76.68633739209959,75.57691698182799,76.28621673583984,31756700
2017-10-31,76.713601288948,76.713601288948,75.57690142032071,75.64055633544922,27086600
2017-11-01,76.09523628290013,76.16798673957997,75.3677455918325,75.64055633544922,22307400
2017-11-02,75.7951758367647,76.8045662744458,75.5860268634034,76.43173217773438,23992900
2017-11-03,76.45900567274191,76.87731052339858,75.84064047223477,76.51356506347656,17633500
2017-11-06,76.56811331087196,77.02279333513573,76.45899454528328,76.81364440917969,19860900
2017-11-07,77.08646264081862,77.20468390941495,76.32260338774023,76.63178253173828,17939700
2017-11-08,76.51357054486654,76.94097097055356,76.23167108871897,76.89550018310547,18034200
2017-11-09,76.4863078544252,76.63180191844747,75.38598254462896,76.4681167602539,21178400
2017-11-10,76.19529303597997,76.4771924817301,75.68605353711064,76.2680435180664,19397800
2017-11-13,76.07706190907224,76.33168160228989,75.89518574401228,76.32258605957031,14196900
2017-11-14,75.9315812625345,76.47719602774555,75.45871698278309,76.43173217773438,18801300
2017-11-15,76.28551469624068,76.48657982274959,75.57265250059065,75.83769226074219,19383100
2017-11-16,75.94735073779106,76.2398071698615,75.80112600811151,76.03874206542969,20962800
2017-11-17,75.96562292576849,75.96562292576849,75.16136261667799,75.3075942993164,22079000
2017-11-20,75.30760645795327,75.48124789323332,75.17051597652369,75.4264144897461,16315000
2017-11-21,75.61834051522673,76.62365911964915,75.61834051522673,76.51399230957031,21237500
2017-11-22,76.61451825753824,76.67849288213553,75.89251493839099,75.95648956298828,20553100
2017-11-24,75.8650927422432,76.24894046201939,75.65488643510255,76.09357452392578,7425600
2017-11-27,76.13928087220276,76.75161746037662,76.1301466195865,76.65108489990234,18265200
2017-11-28,76.83384850177714,77.73863434878642,76.78814935918963,77.57412719726562,21926000
2017-11-29,77.41878525459656,77.61070916204741,76.02047751980292,76.16670227050781,27381100
2017-11-30,76.32204375495158,77.24510498080622,76.1666708696974,76.92523193359375,33054600
2017-12-01,76.40428932033316,77.51014005974442,76.05699959998627,77.00748443603516,29532100
2017-12-04,77.15371679625198,77.16285801874454,73.75390719083765,74.10120391845703,39094900
2017-12-05,74.33883996240245,75.5635061162979,74.00983256378167,74.56732177734375,26152300
2017-12-06,74.53076542440529,75.98390631527414,74.42109165100133,75.65489196777344,26162100
2017-12-07,75.43554594722109,75.673168952751,74.94202446160234,75.38984680175781,23184500
2017-12-08,76.43172754470562,77.29996254923547,76.1575535743628,76.9161148071289,24489100
2017-12-11,77.03490362617595,78.02194640785498,76.87953771777534,77.89399719238281,22857900
2017-12-12,77.96711822597571,78.64342929647793,77.75691889888992,78.21388244628906,23924100
2017-12-13,78.36011604715728,78.5977390711268,77.83917782291988,78.0036849975586,22062700
2017-12-14,78.0767939216744,78.47892408461469,77.25425812143769,77.4004898071289,19306000
2017-12-15,77.92146186975151,79.59394392269218,77.5741649515661,79.37460327148438,53936700
2017-12-18,79.62133367616515,79.9686234736463,78.80793909236434,78.94502258300781,22283800
2017-12-19,78.91760659521067,78.91760659521067,77.93056361742967,78.44236755371094,23524800
2017-12-20,78.78050537393145,78.87190365298439,77.41875608310116,78.1590347290039,23674900
2017-12-21,78.64343267128999,78.68912484436446,78.04937863963647,78.1407699584961,17990700
2017-12-22,78.04937743214109,78.25957676499515,77.61068934660689,78.14990997314453,14145800
2017-12-26,77.96712037479796,78.16818545682872,77.71122189683537,78.04937744140625,9891200
2017-12-27,78.2778616097194,78.57945924196751,77.8848726572263,78.33269500732422,14678000
2017-12-28,78.50632689412835,78.53374358716759,78.18645385415502,78.3418197631836,10594300
2017-12-29,78.25957247707672,78.64342714565382,78.14076446817796,78.17732238769531,18717400
2018-01-02,78.71655492048146,78.88106211147071,78.14078323837496,78.55204772949219,22483800
2018-01-03,78.65254763966074,79.0638189327669,78.57029756466488,78.91758728027344,26061400
2018-01-04,79.13692908211632,80.11483758558383,79.11865361160987,79.61217498779297,21912000
2018-01-05,80.11484010606456,80.80028532132093,79.90463383872718,80.5992202758789,23407100
2018-01-08,80.60834932389925,80.95564600642082,80.05999458161801,80.68146514892578,22113000
2018-01-09,81.01963687172771,81.09275271142944,80.29763364327123,80.62664794921875,19484300
2018-01-10,80.29763580169293,80.59923341903689,79.88637139455875,80.26107788085938,18652200
2018-01-11,80.54437990819368,80.54437990819368,79.73098547733065,80.49868774414062,17808900
2018-01-12,81.03791071470252,82.05237030884334,80.8368456459236,81.88786315917969,24271500
2018-01-16,82.34480964560252,82.97542141757629,80.43470583296993,80.74543762207031,36599700
2018-01-17,81.4126177974233,82.50932739438312,81.111020217811,82.38137817382812,25621200
2018-01-18,82.07063660549045,82.8657485284833,81.94268740011898,82.34481048583984,24159700
2018-01-19,82.38139773726773,82.81094463944125,81.94271658339227,82.25344848632812,36875000
2018-01-22,82.25342298392356,83.73398710780944,82.01580003183368,83.72484588623047,23601600
2018-01-23,83.98989868164062,84.35547090224185,83.66088438037055,83.98989868164062,23412800
2018-01-24,84.58396373608988,85.38821714847862,83.69745325126546,83.91679382324219,33277500
2018-01-25,84.51083038609883,85.21455110461312,84.01730897182365,84.38288116455078,26383200
2018-01-26,85.10489488752957,85.96398162841797,84.61137341201811,85.96398162841797,29172200
2018-01-29,86.95100574082048,87.2343208519183,85.65323120085813,85.83601379394531,31569900
2018-01-30,85.26941047937284,85.59842482892076,84.17269365664275,84.75760650634766,38635100
2018-01-31,85.6806492188202,87.18863003961326,85.46130870917857,86.83219909667969,48756300
2018-02-01,86.63116990583653,87.80099573828218,85.5253187057055,86.14678955078125,47227900
2018-02-02,85.58013105880019,85.88172866810588,83.62432766894977,83.8802261352539,47867800
2018-02-05,82.76522612344706,85.21455073970785,80.42557525634766,80.42557525634766,51031500
2018-02-06,79.41111781382837,83.60604644051041,77.91227806632236,83.46895599365234,67998600
2018-02-07,82.70126416868521,83.87108978125282,81.52229733244455,81.89701080322266,41107600
2018-02-08,81.98840211591585,82.14376805479334,77.46446560485995,77.69294738769531,55628700
2018-02-09,78.8719075394939,81.27553318103992,76.61450660076049,80.590087890625,63499100
2018-02-12,81.10188960340845,82.05237463235815,80.36161087727021,81.45832061767578,35720300
2018-02-13,81.27554760705769,82.25344944938075,80.24281236303598,82.09808349609375,26407700
2018-02-14,81.27168058548008,83.54886300280381,81.17985995671887,83.38358306884766,34960900
2018-02-15,83.75087461051261,85.13738925630184,83.20912798392207,85.0822982788086,27823900
2018-02-16,84.88944594005918,85.85357985289201,84.2926084759339,84.47624969482422,30596900
2018-02-20,83.99880641616726,85.44958934373325,83.56724170142667,85.13739776611328,30911700
2018-02-21,85.37613375261326,85.72505497397412,84.00798034667969,84.00798034667969,26922500
2018-02-22,84.5221779821603,85.14656804100335,83.8886037591603,84.22834777832031,24392800
2018-02-23,85.94543254486283,86.37699727636347,84.80684115069904,86.36781311035156,26329200
2018-02-26,86.67998800047926,87.64411500407954,86.54225356983231,87.61656951904297,30199800
2018-02-27,87.91039005005656,88.00221065858535,86.49633026123047,86.49633026123047,25869100
2018-02-28,87.08399675746891,87.88285081997239,85.9729512026658,86.10150146484375,31167300
2018-03-01,86.30352257804596,86.83609202436394,84.32934756529123,85.25675201416016,37135600
2018-03-02,84.09061424828909,85.53221979609141,83.42949453112489,85.44039916992188,32830400
2018-03-05,84.78846556356292,86.56063115705356,84.71501325815099,85.9821548461914,23901600
2018-03-06,86.6248825238887,86.76261694260889,85.33937996373636,85.68830108642578,22175800
2018-03-07,85.54139934185234,86.25760999495613,84.87109549662237,86.18415069580078,26716100
2018-03-08,86.56060096074715,87.32272528293889,86.10149093612027,86.70751953125,25887800
2018-03-09,87.49722116395915,88.6449966430664,87.23093641215041,88.6449966430664,36937300
2018-03-12,88.6082238363675,89.26015915036302,88.185843506404,88.85614013671875,26073700
2018-03-13,89.06736558738335,89.28773648916224,86.2851593089817,86.68917846679688,35387800
2018-03-14,87.34111622173435,87.60740094562114,85.85359683482145,86.17497253417969,32132000
2018-03-15,85.88112943987333,86.845263398787,85.2383781375734,86.47797393798828,27611000
2018-03-16,86.93707623003581,87.57982747479682,86.23922701753591,86.86361694335938,49081300
2018-03-19,86.07395804496848,86.22087663696011,84.57726166773998,85.29347229003906,33344100
2018-03-20,85.4404255483183,86.10153846412605,85.39451171832599,85.51387786865234,23075200
2018-03-21,85.33019606888861,86.35860512570227,84.66907646132722,84.91699981689453,24457100
2018-03-22,83.805929647393,84.2466782947169,82.32760201008031,82.44696807861328,38604700
2018-03-23,82.18070069486299,83.0621911689232,79.9586096869947,80.05043029785156,44068900
2018-03-26,83.19992359857298,86.31268916879787,83.0070982187451,86.11067962646484,56396800
2018-03-27,87.17582556827018,87.35946680089926,81.27166956876013,82.15316009521484,56569000
2018-03-28,82.47453925650076,83.76923311953303,81.60223285628295,82.07970428466797,52501100
2018-03-29,82.80510486946633,84.74255021459317,81.1706738970954,83.80596160888672,45867500
2018-04-02,83.07137136345905,83.44783795162802,80.35344078023876,81.28083801269531,48515400
2018-04-03,82.2541766678681,82.68574133243172,80.7023821094495,82.37354278564453,37213800
2018-04-04,80.66564434826935,85.17410895880761,80.55546240615551,84.7792739868164,35560000
2018-04-05,84.88026276105077,85.45873886443201,83.92531307855104,84.82516479492188,29771900
2018-04-06,84.00796561198018,84.8986403424982,82.16234802149808,82.85101318359375,38026000
2018-04-09,83.5947785724385,85.55058532736801,83.20912772027748,83.34685516357422,31533900
2018-04-10,84.83435299005309,85.6515683042771,84.14568792713646,85.2842788696289,26812000
2018-04-11,84.48541352193065,85.66073385304367,83.99875810409122,84.3476791381836,24872100
2018-04-12,84.87109310169058,86.45961712514367,84.87109310169058,85.92704772949219,26758900
2018-04-13,86.35860061654576,86.4779667039981,84.8802657394567,85.46792602539062,23346100
2018-04-16,86.37700564133232,86.91875940104241,85.78016089114779,86.46882629394531,20288100
2018-04-17,87.23092168915288,88.64498168140119,87.12073273978888,88.21341705322266,26771000
2018-04-18,88.35112921274066,88.81023921113947,87.70837101170476,88.55313873291016,21043300
2018-04-19,88.55316696474958,89.13164322519089,87.5431190418864,88.25015258789062,23552500
2018-04-20,88.06651803274443,88.25015930243842,86.3586276038219,87.2309341430664,31154400
2018-04-23,87.91038951563229,88.41541336766554,86.89116465459307,87.55228424072266,22331800
2018-04-24,88.36950390000305,88.58069761362229,84.85272610435422,85.5046615600586,34524800
2018-04-25,85.6699454251039,85.6699454251039,82.89691656398176,84.76090240478516,33729300
2018-04-26,85.89950945330023,87.36866049092222,85.48630612663281,86.55144500732422,42529000
2018-04-27,89.61828697903356,89.89375583156789,86.23005932345941,87.98385620117188,48272800
2018-04-30,88.45215957307282,88.51643471123298,85.53221885793468,85.87195587158203,41523600
2018-05-01,85.58731885908331,87.49721888794845,85.2016679894467,87.2309341430664,31408900
2018-05-02,87.22173975960612,87.38701968515375,85.56894750959458,85.86277770996094,27471000
2018-05-03,85.35775100621007,87.1666459646309,84.88945673140658,86.3769760131836,31142500
2018-05-04,85.6883093134801,87.57066353730191,85.3210198301168,87.37783813476562,22531300
2018-05-07,87.38700138915934,88.80106112157203,87.32272626520708,88.35113525390625,24242000
2018-05-08,88.0114076894253,88.2960607245867,87.28601286669853,87.97467803955078,23484600
2018-05-09,88.1583381160763,89.03982881493054,87.27684741722204,89.01228332519531,27327400
2018-05-10,89.48974316359573,89.9396691167187,89.11327651050307,89.90294647216797,22388100
2018-05-11,89.80196406422736,89.86623921640486,89.10411455096728,89.71013641357422,16778300
2018-05-14,89.91211777899167,90.61915123620625,89.3520029122761,90.01312255859375,19454100
2018-05-15,89.28772387446783,89.84783871668154,88.46132435272106,89.3611831665039,24594000
2018-05-16,89.7854046510123,89.82229350027809,89.10297852916644,89.59174346923828,17384700
2018-05-17,89.23209767935059,89.95141274474301,88.37445117003743,88.69721984863281,17246700
2018-05-18,88.54042871652265,89.38885107340639,88.54042871652265,88.86319732666016,17865800
2018-05-21,89.45341046838934,90.38483454742206,89.26897326113641,90.00672912597656,19422500
2018-05-22,90.08048600859654,90.53236198703257,89.6378269633135,89.91448974609375,15441200
2018-05-23,89.1859886709671,91.04883718574835,88.82633112287336,90.98428344726562,21251200
2018-05-24,91.04880546704604,91.24246661502843,89.27817619038484,90.6614761352539,26649300
2018-05-25,90.65229657363324,91.27939308859976,90.24652617105777,90.70762634277344,18363900
2018-05-29,90.22806254058256,91.18715157534086,89.66552690183384,90.38484191894531,28671000
2018-05-30,90.66148624615256,91.52835655974513,90.29261184837782,91.25169372558594,22158500
2018-05-31,91.56525522101249,92.21079252213768,90.93815882742138,91.15026092529297,34140900
2018-06-01,91.55604581090144,93.01312399184434,91.45460321375795,92.94857025146484,28655600
2018-06-04,93.38200286001583,93.93532162403287,93.00389736584248,93.76010131835938,27281600
2018-06-05,94.06441899537772,94.36874674543232,93.63098378211734,94.23963928222656,23514400
2018-06-06,94.50705656457791,94.61771605868442,93.97217889030493,94.51627349853516,21122900
2018-06-07,94.66383797022313,94.70072681707995,92.57043988502406,93.03153991699219,28232200
2018-06-08,93.22523178239747,94.01832466139065,92.71802580172167,93.72322082519531,22165100
2018-06-11,93.15142749951781,93.68629817255494,92.83787582900705,93.18831634521484,23490900
2018-06-12,93.23443938704428,93.55720805186631,92.91167072222225,93.4281005859375,18325200
2018-06-13,93.80620002212194,94.07363890889046,92.7364444750479,93.0038833618164,29492900
2018-06-14,93.74165015380716,94.09208369098961,93.14221862676612,93.529541015625,25691800
2018-06-15,93.61254558189418,93.63098649038739,92.2845750238474,92.33990478515625,65738600
2018-06-18,92.22922345257905,93.24364203972213,91.68512179700137,93.01309204101562,23586000
2018-06-19,91.89723089157549,93.14219947742507,91.75889948518608,93.01309204101562,28653100
2018-06-20,93.4834266225966,94.54395110839727,93.25287659771325,93.94452667236328,26180800
2018-06-21,94.13819456458198,94.48862809450561,93.03155014469925,93.27132415771484,23198200
2018-06-22,92.59811401367188,92.9300995716742,91.87879203648667,92.59811401367188,38923100
2018-06-25,92.2200103689668,92.32145294323894,89.73007290333607,90.73526763916016,35433300
2018-06-26,91.13182326856993,92.29379748787353,91.06726953615468,91.37159729003906,26897200
2018-06-27,91.83268985028008,92.23845311965374,89.82229330260405,89.95140075683594,31298400
2018-06-28,89.80385374363041,91.39926319961704,89.69319422157464,90.95660400390625,26650700
2018-06-29,91.23326754466933,92.1370268510677,90.6799488228759,90.93816375732422,28053200
2018-07-02,90.46781227510559,92.27532330458054,90.3755936887111,92.22921752929688,19564500
2018-07-03,92.6626564612243,92.80098082862942,91.24246765730311,91.34391021728516,14670300
2018-07-05,91.75890612869954,92.14622846597067,91.32547097401739,91.9986801147461,18977400
2018-07-06,92.11859648535139,93.53878593165582,91.9157112736178,93.289794921875,19234600
2018-07-09,93.74165681950791,94.29497556234107,93.37277531234263,93.92609405517578,18212000
2018-07-10,94.06442041817778,94.53474449030082,93.93531295301916,94.17508697509766,19293100
2018-07-11,93.28055448288981,94.37796797000495,93.23444165715138,94.04598236083984,19644600
2018-07-12,94.7745081946259,96.28692294350793,94.73762637942559,96.08403778076172,24335900
2018-07-13,96.25003959729743,97.38434192904685,95.99181762532447,97.22756958007812,24635200
2018-07-16,97.19989243867491,97.58721479403467,96.38835184364103,96.74801635742188,21786900
2018-07-17,96.47136266366248,98.21432046395937,96.20392376363952,97.70710754394531,25901700
2018-07-18,97.69789242781454,97.79933501370711,96.57280704670008,96.94168853759766,29493900
2018-07-19,96.76646731203559,97.11690085529861,95.80737825929401,96.27770233154297,40171600
2018-07-20,99.67141519569356,99.78207473440588,97.82701450163185,98.00222778320312,56004000
2018-07-23,98.02986629360636,99.7267109766335,97.87308694081295,99.56993865966797,29707000
2018-07-24,100.12326367137263,100.35381369429057,98.91518380274765,99.28406524658203,26316600
2018-07-25,99.56074859724632,102.50256995503409,99.2287559095285,102.20746612548828,30702100
2018-07-26,102.12444291984318,102.36421692952999,100.98091670075256,101.09158325195312,31372100
2018-07-27,101.6080213200837,101.6080213200837,97.88233155768518,99.30252075195312,37005300
2018-07-30,98.85065311692796,99.16419784397677,96.60970609043389,97.17224884033203,34668300
2018-07-31,98.20509426117076,98.41720339631175,97.18145150827125,97.82699584960938,27655200
2018-08-01,97.7808711887249,98.16819352513863,97.21832858953103,98.01142120361328,23628700
2018-08-02,97.19989252321554,99.68060602255403,96.68345567979159,99.20106506347656,26104300
2018-08-03,99.41317254456048,99.64372256712595,98.5094133603394,99.6344985961914,18659600
2018-08-06,99.70828184367745,99.98493766466297,99.19184498001282,99.71749877929688,20265900
2018-08-07,100.1140454052042,100.61203432738317,99.75438791182417,100.40914916992188,16080200
2018-08-08,100.8241389590315,101.21146131372895,100.2984851817054,100.97168731689453,15487500
2018-08-09,101.17454600430237,101.58954016365149,101.07310345662769,101.13765716552734,13677200
2018-08-10,100.90713590116202,101.15613387475953,99.94804692769652,100.51981353759766,18183700
2018-08-13,100.74115543472135,101.05470718487253,99.68984769072742,99.79129028320312,18472500
2018-08-14,100.11402441437002,101.21144460736333,99.63448353568455,101.03622436523438,16788300
2018-08-15,100.43449628589548,100.8973707363679,98.88849731641442,99.66613006591797,29982800
2018-08-16,100.25861888105392,100.77703605759397,99.33286988700137,99.64762115478516,21384300
2018-08-17,99.38840563864342,99.8883109081344,98.76815555095979,99.59207153320312,18061500
2018-08-20,99.52728567050582,99.88832724704376,98.57376524719251,98.93480682373047,17914200
2018-08-21,98.98110799951004,99.37918045906223,97.99055658568108,98.11090850830078,22881900
2018-08-22,97.99052425242935,99.36988820056841,97.92572210890347,99.11067962646484,18000600
2018-08-23,99.19403199641009,100.14755257891015,98.93482334053508,99.5735855102539,18167700
2018-08-24,99.67540396733514,100.4993201018436,99.57357100123589,100.35120391845703,17234000
2018-08-27,101.15658306539498,101.49911271414486,100.45301895976844,101.46208190917969,19662300
2018-08-28,101.7768654082659,102.29528268027143,101.63800162100569,102.07310485839844,19151500
2018-08-29,102.24898960026955,103.71167493531418,102.08235447269605,103.7024154663086,20818000
2018-08-30,103.37841037536155,104.24861687428636,103.1654920168411,103.63761901855469,22798700
2018-08-31,103.3969238854047,104.40598705955381,103.2395411635246,103.9894027709961,23222700
2018-09-04,102.61927582265382,103.64685778354644,102.03605649197331,103.41542053222656,22634600
2018-09-05,102.767385151496,103.14693851960499,100.0734525203691,100.43449401855469,32872400
2018-09-06,100.21233191599471,100.89738421660626,99.52727961538318,100.66594696044922,23477600
2018-09-07,100.19381190296455,100.64742691056524,99.26806295354861,100.17529296875,22498600
2018-09-10,100.75850236167113,101.49910427357898,100.31414686484906,101.25840759277344,20727900
2018-09-11,100.81407437425726,103.30433455097608,100.8048149060138,102.9803237915039,24301800
2018-09-12,103.156211940813,103.54502482793335,102.30452455105289,103.41542053222656,18891100
2018-09-13,103.7949788645626,105.28543529722147,103.7949788645626,104.52632141113281,26055600
2018-09-14,104.94290422893843,105.28543389187014,104.09121686818862,104.95216369628906,19122300
2018-09-17,105.24837465051043,105.2576270524572,103.55425279115671,103.81346130371094,20736500
2018-09-18,103.85978572981045,105.25766167704629,103.4246825565088,104.80404663085938,22170900
2018-09-19,104.65593294468725,104.90588208054983,102.79517537627122,103.40616607666016,21728400
2018-09-20,103.94308924027172,105.35023157600118,103.61907852576292,105.1373062133789,23714500
2018-09-21,105.53538056528966,106.72959756134009,105.08176555626248,105.77607727050781,71229700
2018-09-24,104.6373967626603,106.3685497437679,103.88754241575496,106.15562438964844,27334500
2018-09-25,106.27599842284461,106.55371891227321,105.30395905258183,105.95198059082031,22668000
2018-09-26,105.97049892428093,106.51668749441315,105.2946989843342,105.51688385009766,19352000
2018-09-27,106.25749308503902,106.37784500247572,105.72055684869085,105.91497039794922,19091300
2018-09-28,105.71131741508788,106.06309961505359,105.23918328291552,105.8779525756836,21647800
2018-10-01,106.22968849421846,107.09063527172044,106.21117662350932,107.02583312988281,18883100
2018-10-02,106.7388622363262,107.23876047961764,105.94271753344823,106.5999984741211,20787200
2018-10-03,106.84995227415557,107.55352352067055,106.39633722313489,106.61851501464844,16648000
2018-10-04,106.10009268258062,106.2389564441505,103.34135757498741,104.41522979736328,34821700
2018-10-05,104.26709655913007,104.76700181505068,102.42485821700116,103.8042221069336,29068900
2018-10-08,103.36911641129537,103.71163895370813,101.22137237308156,102.61925506591797,29640600
2018-10-09,102.887749578486,104.68370500829724,102.57299828945773,103.92459106445312,26198600
2018-10-10,102.98031887377424,103.22101559627568,97.93498954647234,98.27751922607422,61376300
2018-10-11,97.52764211382318,100.84182476596342,96.4630294999576,98.04606628417969,63904300
2018-10-12,100.9159165388391,102.9803331823785,99.1662512152309,101.43433380126953,47742100
2018-10-15,100.82333175331259,101.35100842577738,99.00885741205698,99.610595703125,32068100
2018-10-16,101.40651020572231,103.13766276205865,100.86031481746357,102.75810241699219,31610200
2018-10-17,103.38767053857956,103.50801539146791,101.4158272928534,102.48969268798828,26548200
2018-10-18,101.92496842142594,102.32304079321209,99.82352119737652,100.44377136230469,32506200
2018-10-19,100.84182225011627,102.62851780847438,100.17528194978946,100.59187316894531,32785500
2018-10-22,101.20288060421115,102.3322955165829,100.20306998707179,101.48986053466797,26545600
2018-10-23,99.76797979330264,100.87888297770238,97.3054908009247,100.07347869873047,43770400
2018-10-24,100.36044012083705,100.43449466390994,94.04682593796849,94.72262573242188,63897800
2018-10-25,98.63855293238873,101.15658413039557,98.26825194174234,100.25861358642578,61646800
2018-10-26,97.84242159921828,100.6752114970754,96.98147468045124,99.01811981201172,55523100
2018-10-29,100.08272310110335,100.62891161079169,94.08386658454805,96.13903045654297,55162000
2018-10-30,95.96312145221974,96.62965463769774,92.67671047424956,96.02792358398438,65350900
2018-10-31,97.61097794835354,100.11049745208217,97.56468767265675,98.8792495727539,51062400
2018-11-01,99.10145234892298,99.35140151935202,97.69430964286796,98.05535125732422,33384200
2018-11-02,98.57375862957426,99.35138441517266,97.18513510137323,98.27751922607422,37680200
2018-11-05,98.47192935893442,99.74020104191233,98.03682617374457,99.52728271484375,27922100
2018-11-06,99.40690615591281,100.75849859109769,98.38858386232454,99.72166442871094,24340200
2018-11-07,101.313981277659,103.90607445630019,101.27695046701919,103.64686584472656,37901700
2018-11-08,103.49872099129917,103.87827433512017,102.67480510581385,103.45243072509766,25644100
2018-11-09,102.61929157991366,103.17473965578992,100.68447925198187,101.43433380126953,32039200
2018-11-12,101.29546274240899,101.79536809367036,98.22197607617248,98.93480682373047,33621800
2018-11-13,99.56430307043802,100.66593952560729,98.72186813005159,98.99959564208984,35374600
2018-11-14,100.5057977205912,100.65456086513805,97.13081367962779,97.59568786621094,39495100
2018-11-15,97.61427602832889,100.22687368184289,96.61015321420481,99.74340057373047,38505200
2018-11-16,99.55746223638481,101.23100513163368,99.29713381446281,100.68245697021484,33502100
2018-11-19,100.66386276855377,100.93349067349995,96.27545599035545,97.2702865600586,44773900
2018-11-20,94.6483859360412,95.7361898154035,92.3704981967714,94.56470489501953,64052500
2018-11-21,96.32191528410425,97.09360801802328,95.0574571228492,95.86634063720703,28130600
2018-11-23,94.9923876600706,96.51717439370799,94.8343321422536,95.82916259765625,13823100
2018-11-26,97.42834062346478,99.13907436129962,97.23309430078261,98.99031829833984,32336200
2018-11-27,98.80434430574573,99.78988228323944,97.95827707912099,99.61322784423828,29124500
2018-11-28,100.31053174344433,103.50886778986492,100.28264043266532,103.3136215209961,46788500
2018-11-29,102.57913881300179,103.31364087256279,101.37046310113341,102.448974609375,28123200
2018-11-30,102.92314564293937,103.17418168471728,101.67728618451315,103.09980010986328,33665600
2018-12-03,105.06157436839175,105.45206701318145,102.95104851767033,104.21549987792969,34732800
2018-12-04,104.07602283185734,104.72684377860173,100.60805868970606,100.89627838134766,45197000
2018-12-06,98.38598632363322,101.56572450211634,97.62359283475567,101.51924133300781,49107400
2018-12-07,100.76613230498022,101.76096284149368,96.97276410100497,97.45623016357422,45044900
2018-12-10,97.43762469565718,100.39422457394883,96.59155033765839,100.0316162109375,40801500
2018-12-11,102.08635100531379,103.15555571667552,99.89214477594295,100.96134948730469,42381900
2018-12-12,103.09978856664077,103.45309036751493,101.37975562786976,101.41694641113281,36183000
2018-12-13,101.88184291481448,103.08121933788073,100.99857757871453,101.76097106933594,31333400
2018-12-14,100.64524955596535,101.58429728855633,98.08844183052511,98.58120727539062,47043100
2018-12-17,98.00478175717285,98.36738306388038,94.56470843838049,95.66181182861328,56957300
2018-12-18,96.46142400735685,97.16803497901395,95.31783002814102,96.66596984863281,49319200
2018-12-19,96.36841834547594,99.37150155766354,94.22999429313931,96.40560913085938,68198200
2018-12-20,95.81056692176158,96.98204469413606,91.84053763513121,94.37875366210938,70334200
2018-12-21,94.49031637493374,95.7640740887736,90.61326769919656,91.32917785644531,111242100
2018-12-24,90.81782939712777,91.08745730037397,87.37776294989673,87.51721954345703,43935200
2018-12-26,88.45624227883116,93.61634757359697,87.35913913027805,93.49547576904297,51634800
2018-12-27,92.32399825580859,94.08122177031775,89.62772708170264,94.0719223022461,49498500
2018-12-28,94.91800216091694,95.21552843167096,92.52854927290323,93.33743286132812,38196300
2018-12-31,94.17421139140227,95.20623262922426,93.38392671117005,94.43453979492188,33173800
2019-01-02,92.55644686887081,94.60189030844347,91.98929983370067,94.01615142822266,35329300
2019-01-03,93.06780510614082,93.15148614324133,90.37153356835667,90.55748748779297,42579100
2019-01-04,92.71450597391993,95.30850470419871,91.98000393114563,94.76924896240234,44060600
2019-01-07,94.49960603205035,96.01509303722844,93.88597591153875,94.89009857177734,35656100
2019-01-08,95.80128554027748,96.66595192223656,94.56471834254988,95.5781478881836,31514400
2019-01-09,96.56363881343093,97.511978760024,95.98719243433939,96.94483184814453,32280800
2019-01-10,95.96862050245953,96.4613859656991,95.18762824317267,96.3219223022461,30067600
2019-01-11,95.94074923286792,96.17318635604597,94.49963623179674,95.5781478881836,28314200
2019-01-14,94.74135755791232,95.64321458545031,94.146319185944,94.88082122802734,28437100
2019-01-15,95.30850272406684,97.6700643193437,94.72275673988557,97.63287353515625,31587600
2019-01-16,97.86531004667955,98.79505836570408,97.58638271360549,97.97687530517578,29853900
2019-01-17,97.62357343374724,99.13906063913635,97.40043582348393,98.6648941040039,28393000
2019-01-18,99.91076662508658,100.3198582090466,98.46966079749434,100.14320373535156,37427600
2019-01-22,99.25062100730099,99.5760314607729,97.4933974651368,98.25579071044922,32371300
2019-01-23,98.66489943811888,99.52026623488581,97.93968975207686,99.21344757080078,25874300
2019-01-24,99.35291807101476,99.48308228409998,97.93969648120714,98.7392807006836,23164800
2019-01-25,99.70620300614567,100.30124133456077,98.73926394911703,99.64112091064453,31225600
2019-01-28,98.7950478242376,98.99959356754458,97.30745209120867,97.69794464111328,29476700
2019-01-29,97.51198916446779,97.59567019147491,94.99237238070398,95.70828247070312,31490500
2019-01-30,97.2702869088745,98.9066390991211,97.00065900296141,98.9066390991211,49471900
2019-01-31,96.50787381110392,97.82811465957712,95.93142732680238,97.09361267089844,55636400
2019-02-01,96.48926508772374,96.78678422190245,95.15972490517791,95.55951690673828,35535700
2019-02-04,95.64322620305113,98.36738946231814,95.55024568273566,98.31159973144531,31315100
2019-02-05,98.60909545495056,99.73408996718642,98.51612205020851,99.68760681152344,27325400
2019-02-06,99.48306422621978,99.48306422621978,98.1163331434924,98.58120727539062,20609800
2019-02-07,97.80022117271709,98.1721147998296,96.96344632488143,97.87459564208984,29760700
2019-02-08,97.0564214558101,98.34877098520779,96.93555673419306,98.24649810791016,21461100
2019-02-11,98.73926850145178,99.0925774019612,97.59568204300483,97.85601043701172,18914100
2019-02-12,98.68350224467473,99.61325071661884,98.06987194176892,99.38081359863281,25056600
2019-02-13,99.94795568508121,100.2082841091281,99.21345357813888,99.30642700195312,18394900
2019-02-14,98.84153577748282,99.75269219824199,98.23720507999506,99.39009094238281,21784700
2019-02-15,100.32913566309254,100.69173690806221,99.81777129535784,100.61735534667969,26606900
2019-02-19,100.21756765408242,101.02645120890445,100.2082681851535,100.57086944580078,18038500
2019-02-20,100.71092850433887,100.78562773150345,99.24499000885827,100.04798889160156,21607700
2019-02-21,99.81455889616514,102.22355553828099,99.78654846697711,102.15819549560547,29063200
2019-02-22,102.75578728763738,103.82955852736787,102.54102876546455,103.61480712890625,27763200
2019-02-25,104.35243270518517,104.74459295772115,103.88557322634414,104.19369506835938,23750600
2019-02-26,103.8855768562051,105.73433646773522,103.80153844274797,104.91266632080078,21536700
2019-02-27,104.28707127592295,104.91266125955818,103.53075408613762,104.7352523803711,21487100
2019-02-28,104.61386951838884,105.39818999830625,104.32441893037789,104.60453033447266,29083900
2019-03-01,105.40752762354012,105.5289085178153,104.26838940875324,105.0713882446289,23501200
2019-03-04,105.52892678829515,105.74368531011287,103.45607642441168,104.81930541992188,26608000
2019-03-05,104.80995790718804,104.94067799748723,103.85756766019237,104.2964096069336,19538300
2019-03-06,104.45515034949226,105.1927892373233,104.04431169710259,104.34310150146484,17687000
2019-03-07,104.01629269441734,104.15635196198211,102.58770383741921,103.07323455810547,25339000
2019-03-08,101.92475319271139,103.37201313750973,101.58861383646067,103.18527221679688,22818400
2019-03-11,103.63347005532513,105.46355844471744,103.62413799437518,105.35151672363281,26491600
2019-03-12,105.34220934531864,106.43465919800491,105.18347877671556,106.08918762207031,26132700
2019-03-13,106.56536424475901,107.37770247147073,106.23856396632733,106.91084289550781,35513800
2019-03-14,106.94816085974544,107.56441161327596,106.7520807507262,106.99484252929688,30763400
2019-03-15,107.69515214627862,109.47855895676804,106.99486285657647,108.22737884521484,54681100
2019-03-18,108.47013571090957,109.81469336525524,108.35809398885458,109.77734375,31207600
2019-03-19,110.26286701495503,110.58967434532315,109.23577759815444,109.85203552246094,37588700
2019-03-20,109.60927095209536,110.87912934011904,108.97434175808351,109.73065185546875,28113300
2019-03-21,109.37586737494392,112.81195434281042,109.32917856509332,112.25172424316406,29854400
2019-03-22,111.57940214749362,111.66343342429111,109.2824546401393,109.29179382324219,33624500
2019-03-25,108.83429248451851,110.18818940980864,108.61020190242989,109.86138916015625,27067100
2019-03-26,110.75774244431332,110.84177372893836,109.10505594291959,110.09480285644531,26097700
2019-03-27,110.06677054907775,110.37489946548233,107.863193591769,109.03034210205078,22733400
2019-03-28,109.65597014491458,109.78669024515688,108.43279331591718,109.17977142333984,18334800
2019-03-29,110.24419889516015,110.47762863849061,109.20777026487609,110.12281799316406,25399800
2019-04-01,111.06588079461754,111.21527926555886,110.27222100794752,111.13124084472656,22789100
2019-04-02,111.16858236821993,111.5607497640314,110.66437325107148,111.28997039794922,18142300
2019-04-03,111.91557035980969,112.4477899545563,111.25263066275419,112.01828002929688,22860700
2019-04-04,112.13965001368894,112.2610380423641,110.53365220050554,111.44869995117188,20112800
2019-04-05,111.47672108453817,112.26104882094548,111.458049837255,111.9435806274414,15826200
2019-04-08,111.86887766257335,112.06495780921249,110.77642807827912,111.98092651367188,15116200
2019-04-09,110.76710454146952,111.6167924206546,110.7204228563669,111.3740234375,17612000
2019-04-10,111.82217917077135,112.37306991082541,111.61675986983255,112.22367858886719,16477200
2019-04-11,112.55049604077544,112.83994666899973,111.97158766061578,112.35441589355469,14209100
2019-04-12,112.64385323891528,112.96132138534503,112.39175225756215,112.93330383300781,19745100
2019-04-15,112.92397796233469,113.52155755149984,112.57849936834114,113.02668762207031,15792600
2019-04-16,113.57759701538097,113.58693620153502,112.13966866726585,112.7652587890625,14071800
2019-04-17,113.20408942101066,113.77365858018123,112.55048897132835,113.69895935058594,19300900
2019-04-18,114.09113570938965,115.33297666136994,113.2601263050454,115.19292449951172,27991000
2019-04-22,114.4926287585475,115.78115844117958,114.44593995807884,115.55706787109375,15648700
2019-04-23,115.87453750901095,117.256444895031,115.62243648943817,117.12572479248047,24025500
2019-04-24,117.4525046400953,117.508525496108,116.26667761395251,116.72420501708984,31257000
2019-04-25,121.43948564653344,122.66265520443052,120.2910153151198,120.58979797363281,38033900
2019-04-26,121.10333759067734,121.86899392181294,120.46841558210407,121.28074645996094,23654900
2019-04-29,121.29007493615161,121.55151507871244,120.77654095803373,121.168701171875,16324200
2019-04-30,121.20604156933366,122.03705077545986,120.81388136224906,121.94368743896484,24166500
2019-05-01,121.87835643850454,121.99039817450567,119.23592960089998,119.40399932861328,26821700
2019-05-02,119.49735976229465,119.51603100770696,117.20040477249998,117.84467315673828,27350200
2019-05-03,118.91846315626768,120.85125425227024,118.81575348708921,120.35638427734375,24911100
2019-05-06,118.01277196828214,120.03894097152613,117.75133172576191,119.65611267089844,24239800
2019-05-07,118.07809941249357,118.75037820682213,115.98657092635722,117.20040130615234,36017700
2019-05-08,117.12573338875195,117.99409249011882,116.48146489053117,117.19109344482422,28419000
2019-05-09,116.05194062080588,117.4525191842377,115.37966177056487,117.1817398071289,27235800
2019-05-10,116.63083945472908,119.45066759743007,115.613082077527,118.70368957519531,30915100
2019-05-13,115.88386856473176,117.22842623802289,114.8847894946365,115.17424011230469,33944900
2019-05-14,115.65977725915673,117.5365473552096,115.5010396121658,116.46277618408203,25266300
2019-05-15,116.45339054241944,118.74946688666888,115.92856757652989,118.10281372070312,24722700
2019-05-16,118.78695908696268,121.25173449061681,118.51517741526305,120.82999420166016,30112200
2019-05-17,120.24896841574427,122.26390402423397,119.88347059655385,120.02405548095703,25770500
2019-05-20,118.57141624532015,119.57419353399882,117.85916816276269,118.29026794433594,23706900
2019-05-21,119.4242530523501,119.5179691556985,118.62765544876815,118.92755126953125,15293300
2019-05-22,118.66512500468781,120.18335138488968,118.57140176572481,119.64915466308594,15396500
2019-05-23,118.27152508977515,118.35587458844678,116.90324995090113,118.2527847290039,23603800
2019-05-24,118.93691861104664,119.41487285737321,118.0559715569012,118.30900573730469,14123400
2019-05-28,119.00253044579348,119.95844616765655,118.13095707435339,118.23404693603516,23128400
2019-05-29,117.50305821760065,117.5124319743524,116.24724651595984,117.09070587158203,22763100
2019-05-30,117.3905963502271,117.85918406517283,116.94074899784351,117.83106994628906,16829600
2019-05-31,116.42530805563868,116.79080590522717,115.57247497321141,115.90985870361328,26646800
2019-06-03,116.06915576760241,116.55649091208123,111.53323089252349,112.31108093261719,37983600
2019-06-04,113.66062169109387,115.5349723315145,113.07020381339026,115.42251586914062,29382600
2019-06-05,117.10005529871479,117.96226204134769,116.40654755253824,117.92477416992188,24926100
2019-06-06,118.49645732464687,119.93033451190594,117.70922628747518,119.78975677490234,21459000
2019-06-07,121.07366438769985,123.94141816457893,120.20208402993082,123.14481353759766,33885600
2019-06-10,124.0820160670916,125.65647816029363,123.70715163069958,124.26946258544922,26477100
2019-06-11,125.46899743364328,125.8063810160225,123.03233663866494,123.80082702636719,23913700
2019-06-12,123.14479224459696,123.67898887153223,122.49815349116014,123.2291488647461,17092500
2019-06-13,123.68837624306684,124.6442989306394,123.2947643835154,124.00702667236328,17200800
2019-06-14,123.95078726754689,125.38466418489722,123.36974321742443,124.12885284423828,17821700
2019-06-17,124.29754346959365,125.32842754412385,124.20382023547373,124.50372314453125,14517800
2019-06-18,125.75952576303244,126.74356245307169,125.17848179183987,126.66858673095703,25934500
2019-06-19,126.51866809182488,127.39023427460262,125.40342717395274,127.16532135009766,23744400
2019-06-20,128.8147026185929,129.01151566330248,127.19339385087936,128.3461151123047,33042600
2019-06-21,127.99938568071065,129.0771313997995,127.88692923702365,128.36488342285156,36727900
2019-06-24,128.39302778100793,129.70506760031128,128.39302778100793,129.1240234375,20628800
2019-06-25,128.62732685681965,128.94596306872478,124.39128993916533,125.04730987548828,33327400
2019-06-26,125.90948766004978,127.21216055210435,125.20660629454929,125.51586151123047,23657700
2019-06-27,125.71267166577739,126.24686835522608,125.12224675641993,125.72203826904297,16557500
2019-06-28,126.11569916667041,126.14381328437315,124.79427843399512,125.54402160644531,30043000
2019-07-01,128.0462651654355,128.1118600000194,126.49055074328963,127.15593719482422,22613500
2019-07-02,127.56831318213736,128.00878677212702,126.83731750091239,127.99942016601562,15237800
2019-07-03,128.2055880472187,129.08653514574118,127.72761947665488,128.82412719726562,13629300
2019-07-05,127.3996023331806,128.70227532350148,127.19342263973479,128.44923400878906,18141100
2019-07-08,127.83073002069405,128.4867642982037,126.8654404182776,128.35556030273438,16779700
2019-07-09,127.4558635131241,128.36492486013515,127.268431279755,127.88697052001953,19953100
2019-07-10,128.51488396908354,129.87378561659764,128.41179408960792,129.1896514892578,24204400
2019-07-11,129.51764589277087,130.47356886735088,129.20837627451962,129.705078125,22327900
2019-07-12,130.1267824407969,130.38919035318898,129.33954440346187,130.1736297607422,18936800
2019-07-15,130.67971237761174,130.77342131766108,129.7612846842394,130.1736297607422,16651500
2019-07-16,130.2299120711655,130.31425443302476,127.94320159300564,128.468017578125,22726100
2019-07-17,129.0490467493385,129.26459308233143,127.662031193312,127.70889282226562,20211000
2019-07-18,127.03414156837758,128.0369119147931,126.20942255438109,127.84947967529297,30381800
2019-07-19,131.41073283770953,131.83245889838872,127.8775776534815,128.03689575195312,48992400
2019-07-22,128.77723075571004,130.44540124866816,128.70225503353524,129.73313903808594,25074900
2019-07-23,130.9796276309641,131.19518826722913,129.35831820693474,130.53915405273438,18034600
2019-07-24,130.17363715097406,131.8980504876533,130.1267898283691,131.87930297851562,20738300
2019-07-25,131.6075576366576,131.77625667432483,130.56730648839417,131.3826446533203,18356900
2019-07-26,131.55131160627536,132.77900914156527,131.48571676172458,132.4603729248047,19037600
2019-07-29,132.6103344729188,132.6197010799464,130.61414606345792,132.16986083984375,16605900
2019-07-30,131.3357339100722,132.34788485715055,131.01709776936946,131.5325469970703,16846500
2019-07-31,131.51382257065262,131.66377406323966,126.5936518339119,127.70889282226562,38598800
2019-08-01,128.3930100907393,132.08548288794373,128.32740095873314,129.38641357421875,40557500
2019-08-02,129.41454211461277,129.6301027436691,126.76233412806678,128.29930114746094,30791600
2019-08-05,124.92547120419214,125.51588192312003,122.56378542799958,123.9039535522461,42749600
2019-08-06,125.39404119268299,127.15592079641829,124.84111127183411,126.2281265258789,32696700
2019-08-07,125.38467816692935,127.12782481183912,123.54782257131453,126.78107452392578,33414500
2019-08-08,128.0181810044305,130.2580299121431,127.39026082555365,130.164306640625,27496500
2019-08-09,129.90187801239043,130.62350704802847,127.88695669618893,129.0584259033203,23466700
2019-08-12,128.45863849650743,129.19900076786826,126.74360580443677,127.25904083251953,20484300
2019-08-13,127.50274689881194,130.0799798727674,126.51870963054135,129.89254760742188,25154600
2019-08-14,128.2187436929065,128.74530707742247,125.68934554077875,125.9808349609375,32527300
2019-08-15,126.36643114129167,126.5450897508436,124.35419744278296,125.69881439208984,28074400
2019-08-16,126.82711729178372,128.31278655553047,126.67666650229056,128.0024871826172,24449100
2019-08-19,129.6198140798624,130.2780184343801,128.7171235738247,130.14637756347656,24355700
2019-08-20,129.95829497183652,130.42844289405204,129.0462068549163,129.06500244140625,21170800
2019-08-21,130.2780002751543,131.16188071992357,129.7608346587705,130.503662109375,14970300
2019-08-22,130.38148140416342,130.88923506588887,128.1529695362707,129.55401611328125,18697000
2019-08-23,128.99922989022528,130.08997685734383,124.87133040480121,125.42610168457031,38508600
2019-08-26,126.93058519972013,127.46654655596922,125.90565146973343,127.36311340332031,20312600
2019-08-27,128.24699764053847,128.55729710705387,126.62028923830437,127.63581085205078,23102100
2019-08-28,126.82711264774014,127.65456326409968,125.57651740795328,127.46650695800781,17393300
2019-08-29,129.05561959722627,130.17457407735668,128.73592241655405,129.87367248535156,20168700
2019-08-30,130.84221779605835,130.8704255358107,128.13417434535444,129.62924194335938,23940100
2019-09-03,128.45382222441097,129.00859335655247,127.59814952026122,127.9178466796875,18869300
2019-09-04,129.10266441559082,129.4693793406086,128.3316146847541,129.4129638671875,17995900
2019-09-05,130.8045807436743,131.99876071400755,130.47547139548067,131.68846130371094,26101800
2019-09-06,131.66963431961344,131.81067296613517,129.94889109316404,130.795166015625,20824500
2019-09-09,131.255914526564,131.40636532926285,128.3127978180758,129.30950927734375,25773900
2019-09-10,128.63250442621472,128.71712762850865,126.47921840487389,127.95549011230469,28903400
2019-09-11,127.79565649488906,128.13416369155442,127.02460674501427,127.99311065673828,24726100
2019-09-12,129.6198086774933,130.15576993391286,128.69830827179652,129.30950927734375,27010000
2019-09-13,129.55398810746613,129.81726985259985,128.41623792623386,129.1214599609375,23363100
2019-09-16,127.72044937965595,128.5385025772367,127.56060072885184,128.1905975341797,16731400
2019-09-17,128.78293550075657,129.30949892024898,128.2845654632615,129.187255859375,17814200
2019-09-18,129.1590699993063,130.3908555672847,128.37862253191844,130.24981689453125,23982100
2019-09-19,131.9235509645385,133.86995650837275,131.7072868702859,132.6475830078125,35772100
2019-09-20,132.59115619014355,133.19294515787774,129.99594395699876,131.11489868164062,39167300
2019-09-23,130.91741739201672,131.29354442748715,130.17458981210405,130.83279418945312,17139300
2019-09-24,131.9799342340566,132.29023360546103,128.70770849126524,129.1778564453125,29773200
2019-09-25,129.2906913175235,131.60382563520815,127.90845514252489,131.03964233398438,21382000
2019-09-26,131.1148870821589,131.81069699554976,130.1745910065241,131.2089080810547,17456600
2019-09-27,131.7824724996925,131.97994096348273,128.49143665355754,129.5069580078125,22477700
2019-09-30,129.8078990762058,130.9080439575997,129.5540150734897,130.72938537597656,17280900
2019-10-01,131.32169967702632,131.87647069137105,128.82050969495782,128.88633728027344,21466600
2019-10-02,128.11533449442922,128.2281654270984,125.60474580808835,126.61085510253906,30521700
2019-10-03,126.89292890054705,128.58546439097077,125.26622101008996,128.14352416992188,24132900
2019-10-04,128.58547162055152,129.99591555057583,128.27517223421285,129.87367248535156,22897700
2019-10-07,128.9521900639223,129.9300915696498,128.83935913766322,128.93338012695312,15303700
2019-10-08,128.89576698538687,129.53516132678243,127.52292862330644,127.5699462890625,25550500
2019-10-09,129.25309674419262,130.41905462210212,128.79234653089637,129.9865264892578,19749900
2019-10-10,130.22158494014187,131.33112722018444,129.99590875793024,130.795166015625,17654600
2019-10-11,131.75427821281482,132.60995106358794,131.1712992518736,131.34054565429688,25446000
2019-10-14,131.3499483590246,131.91411734100868,131.1900997634069,131.2183074951172,13304300
2019-10-15,131.69785021286717,133.3245582106238,131.4627762222408,133.11770629882812,19695700
2019-10-16,132.3842802970394,132.57235099340375,131.19951238795443,132.0269775390625,20751600
2019-10-17,132.53474360668926,132.9766839587958,130.71997886752163,131.3499755859375,21460600
2019-10-18,131.4157723400958,131.64144855997057,128.40682781399516,129.20608520507812,32273500
2019-10-21,130.18400159112943,130.231019269086,128.82997281355318,130.16519165039062,20078200
2019-10-22,130.67290898392716,131.65081030672346,128.12470104295866,128.22813415527344,27431000
2019-10-23,128.7077574189304,129.24371882944357,127.51357714431069,129.0462646484375,29844600
2019-10-24,131.06787151199163,132.03637533761412,130.39085717884856,131.5850372314453,37029300
2019-10-25,131.02085460078172,132.71339044349432,130.88921372122516,132.32786560058594,25959700
2019-10-28,135.7787376960855,136.97291764256804,134.94187482361625,135.58128356933594,35280100
2019-10-29,135.47782954452094,135.8727520849031,134.13319900076098,134.30245971679688,20589500
2019-10-30,134.95129230297334,136.34292643123823,134.2648658601945,135.97621154785156,18496600
2019-10-31,136.24892436824453,136.2771321086429,134.4529693891565,134.81027221679688,24605100
2019-11-01,135.6470967924306,135.7975475970039,134.4341212565321,135.13934326171875,33128400
2019-11-04,136.18311213318918,136.34296077926544,135.55311534649476,135.91983032226562,16912000
2019-11-05,136.31470507124052,136.36172273831394,135.31799365950533,135.8351593017578,18250200
2019-11-06,135.75055017893018,135.89160320967744,134.6504054084483,135.4590606689453,16575800
2019-11-07,135.25217213140596,136.23008799846062,135.18635887276898,135.6470947265625,17786700
2019-11-08,135.3838843852195,137.27388950952502,135.17701800994442,137.2456817626953,16732700
2019-11-11,136.6625953754945,137.67811661507872,136.08901433316757,137.38662719726562,14362600
2019-11-12,137.54652565024938,138.75951577120807,137.33965934043908,138.28936767578125,18641600
2019-11-13,137.9790381385209,138.6560523962027,137.54649567197717,138.51499938964844,16919200
2019-11-14,138.24229822571547,139.5493088676226,138.22348829156385,139.22019958496094,19729800
2019-11-15,140.03825856613946,141.03498425138966,139.41767418945162,141.01617431640625,23485700
2019-11-18,141.11025085197898,141.56158898894984,140.08531713883045,141.36412048339844,21534000
2019-11-19,141.87186776766802,142.29499810615428,141.23245901467087,141.41111755371094,23935700
2019-11-20,141.8167855877435,142.31683697797794,140.07132780564487,141.165771484375,25696800
2019-11-21,140.95822529565103,141.33563214259124,140.10908508408411,141.03370666503906,18576100
2019-11-22,141.59041579676025,141.80741579079225,140.41104609523438,141.1375274658203,15901800
2019-11-25,141.52436447187162,142.7980895107596,141.44888308322763,142.6848602294922,22420900
2019-11-26,142.80752628335586,143.80762953784026,142.7697927854863,143.43966674804688,24620100
2019-11-27,143.72267134937988,143.88306385690717,142.95844229726785,143.71324157714844,15184400
2019-11-29,143.50567289972844,143.6943691225008,142.73199967078307,142.82635498046875,11977300
2019-12-02,143.232103184922,143.25097713303703,139.93931187075685,141.0998077392578,27418400
2019-12-03,139.15616707862256,140.98653639491616,138.3636198568316,140.87332153320312,24066000
2019-12-04,141.65641987223628,141.69415335935184,140.76953176072647,141.3828125,17574700
2019-12-05,141.5714811856415,141.8262289630578,141.0336819218289,141.458251953125,17869100
2019-12-06,142.45840932459984,143.28867568329738,141.7790913241923,143.1754608154297,16403500
2019-12-09,142.53391818579414,143.6095028277362,142.3829554017944,142.80752563476562,16687400
2019-12-10,142.741463513006,143.307566713041,142.24141192483611,142.59051513671875,16476100
2019-12-11,142.97730264471568,143.2886578892875,141.83568114455122,143.12826538085938,18856600
2019-12-12,143.08111449274102,144.76997982651594,142.48672200245406,144.58128356933594,24612100
2019-12-13,144.35483838796566,146.13804463924706,144.1944458506823,145.7983856201172,23845400
2019-12-16,146.34560064764008,147.0909558246872,146.07199326271393,146.7418670654297,24144200
2019-12-17,146.6663923139394,146.91171039074393,145.7228966870931,145.9493408203125,25425600
2019-12-18,145.58137795355316,146.69469588173047,145.46814868875833,145.6474151611328,24129200
2019-12-19,145.29829858286612,146.96828955217117,145.06242472153028,146.91168212890625,24958900
2019-12-20,148.45904808134978,149.53463255949202,147.45893058711115,148.51565551757812,53477500
2019-12-23,149.1855293750818,149.1855293750818,148.3835667008449,148.51565551757812,17718200
2019-12-24,148.58170665968245,148.7987210477082,148.24204761386238,148.48736572265625,8989200
2019-12-26,148.65720207517253,149.76109047910452,148.506239285762,149.70448303222656,14520600
2019-12-27,150.44037676943395,150.53473209198071,149.2798811644335,149.9780731201172,18412800
2019-12-30,150.00637308062258,150.03467679735755,147.87406377591745,148.6854705810547,16348400
2019-12-31,147.91183199047254,148.85532773557313,147.6099064416711,148.78927612304688,18369400
2020-01-02,149.80823721712613,151.6480508437844,149.38366705660513,151.5442657470703,22622100
2020-01-03,149.37423516693,150.91212325532504,149.12891708911667,149.6572723388672,21116200
2020-01-06,148.20428443592868,150.11014950002246,147.66648505583996,150.04409790039062,20813700
2020-01-07,150.31774362857513,150.6479584895555,148.43075220605184,148.67605590820312,21634100
2020-01-08,149.949776674837,151.71412356453547,149.0251548459884,151.0442352294922,27746500
2020-01-09,152.69529374996068,153.053826612791,151.9310647710623,152.93116760253906,21385000
2020-01-10,153.61994018744716,153.99733261890012,152.07259378733414,152.2235565185547,20725900
2020-01-13,152.61985290151284,154.08227405500872,152.1481050711336,154.05397033691406,21626500
2020-01-14,154.15774765402992,154.3558880672922,152.5821117076889,152.9689483642578,23477400
2020-01-15,153.43125473603405,154.6766758779403,153.38409147181704,153.95960998535156,21417900
2020-01-16,155.06351557217135,156.8467217717717,154.7615900543168,156.78067016601562,23865400
2020-01-17,157.9600379489106,158.00721561011963,156.08247644695953,157.6581268310547,34371700
2020-01-21,157.26181751293308,158.6865048817787,157.02594364620745,157.0919952392578,29517200
2020-01-22,157.94114347591156,158.0260690136895,156.31833003814165,156.3372039794922,24138800
2020-01-23,156.79958516796125,157.37511824004872,155.93157067174167,157.2996368408203,19680800
2020-01-24,158.04495883600987,158.0638327809762,155.15786431003815,155.7145233154297,24918100
2020-01-27,152.04433408904563,154.14833997343501,151.14801600742726,153.11048889160156,32078100
2020-01-28,154.52572901855586,156.3938465269941,153.8558551144735,156.11080932617188,24899900
2020-01-29,158.35630192364818,159.214886395841,156.32779209265254,158.5449981689453,34754500
2020-01-30,164.21545567536722,164.21545567536722,161.13964998860112,163.0172119140625,51597500
2020-01-31,162.47938348314258,162.65863555385778,159.99798545017555,160.6112518310547,36142700
2020-02-03,160.79992994302856,164.6399635094619,160.7716262299697,164.52674865722656,30107000
2020-02-04,167.1308006308782,170.43303504559876,166.34769759922398,169.94241333007812,36433300
2020-02-05,173.63152056859474,173.79191311743807,168.3290790956933,169.73487854003906,39186300
2020-02-06,170.74438778216063,173.43335581021924,169.88580339182903,173.25408935546875,27751400
2020-02-07,172.51817581999805,175.1410924302092,172.1690726591165,173.49940490722656,33529100
2020-02-10,173.20692015646554,178.16970172026257,172.89556488773874,178.03761291503906,35844300
2020-02-11,179.87740947996318,179.9245871338013,173.13142248247357,174.018310546875,53159900
2020-02-12,175.0938924890071,175.34864029904801,171.57465838803572,174.27305603027344,47062900
2020-02-13,172.73516777894292,175.70717301583375,172.53702737807038,173.32957458496094,35295800
2020-02-14,172.89556091915946,174.93351477862925,172.32945782599572,174.8769073486328,23149500
2020-02-18,175.12219199408864,177.0940940400316,175.01840691816543,176.65065002441406,27792200
2020-02-19,177.91841645341376,178.0319405494964,176.41416443662806,177.18048095703125,29997500
2020-02-20,176.8682633653664,177.1520880224131,171.33374751460371,174.47470092773438,36862400
2020-02-21,173.29212079528097,173.60432649349278,167.69137259385064,168.9591064453125,48572600
2020-02-24,158.72259003491985,165.13696053786106,154.42741272860948,161.67433166503906,68311100
2020-02-25,164.80582317915167,165.41130898909978,158.60904554607492,159.00640869140625,68073300
2020-02-26,160.55802442634837,163.9165713842641,159.13891519818378,160.9932098388672,56206100
2020-02-27,154.51260805417675,158.02252986335748,149.46056861111845,149.6497802734375,93174900
2020-02-28,144.1909495095758,154.88157433959893,143.8030562222492,153.2732391357422,97012700
2020-03-02,156.39527365057177,163.5948873794093,153.5570555882588,163.47189331054688,71030800
2020-03-03,164.4274519386793,165.56273638671752,153.50976398083148,155.638427734375,71677000
2020-03-04,159.40375417263303,161.49456622761386,156.68851639276582,161.3526611328125,49814400
2020-03-05,157.09537542343918,161.65543835111438,156.75478867248188,157.3035125732422,47817300
2020-03-06,153.84085795286106,154.3138942279223,147.58731781911428,152.85694885253906,72821100
2020-03-09,142.85699458779993,149.24298606771814,141.9109217759602,142.4974822998047,70419300
2020-03-10,149.63083416118593,152.3460576910282,144.3517477343456,152.2419891357422,65354400
2020-03-11,148.65639265874228,149.19564653551825,142.9988681016077,145.3451385498047,56371600
2020-03-12,137.46435020909462,145.19376153679778,131.10674124965627,131.56085205078125,93226400
2020-03-13,139.54570541900762,153.1786147486316,133.1407900163618,150.26470947265625,92727400
2020-03-16,132.45018724186286,141.29597337845718,127.71982341179633,128.11717224121094,87905900
2020-03-17,132.45018849397624,139.54573430615352,127.71982461919136,138.6658935546875,81059800
2020-03-18,130.55804437090856,138.12662665328008,127.7387515127842,132.82861328125,81593200
2020-03-19,135.07081540201364,142.0528227308985,131.50411696458423,135.01405334472656,85922700
2020-03-20,138.126623613961,139.16730942925798,128.53344635957905,129.94309997558594,84866200
2020-03-23,129.6213649678606,132.98939459484677,125.37350943756192,128.64691162109375,78975200
2020-03-24,135.99796805775998,141.53249983656778,133.65171150306614,140.34043884277344,82516700
2020-03-25,140.8797147471842,146.00742797794797,136.65076785708044,138.9970245361328,75638200
2020-03-26,140.3971505448925,148.21171848467063,140.36876952530807,147.69137573242188,64568100
2020-03-27,143.56655798304286,146.53722621658937,141.15406927802064,141.62710571289062,57042300
2020-03-30,144.21934751026703,151.93930542802647,141.920382978938,151.58924865722656,63420300
2020-03-31,150.80397455281383,155.89385002651397,148.11713169291087,149.2051239013672,77927200
2020-04-01,144.74912388108316,149.24296923033248,142.68669231319745,143.90711975097656,57969900
2020-04-02,143.67059624516327,147.0953746911042,142.2514872401482,146.88723754882812,49630700
2020-04-03,146.73587914437556,148.8929237102213,143.9828041677828,145.53436279296875,41243300
2020-04-06,151.67435061344497,157.521071752868,149.08210675823807,156.35740661621094,67111700
2020-04-07,160.4444662227108,160.8323594955276,154.4558242809488,154.67343139648438,62769000
2020-04-08,156.73587906377395,157.6819518638952,154.68290281982192,156.22500610351562,48318200
2020-04-09,157.38866118857393,158.34418945652004,154.52206194881128,156.2344512939453,51385100
2020-04-13,155.4870697024385,156.6412796677308,153.5476175846326,156.58450317382812,41905300
2020-04-14,159.88630076083996,164.38014649228367,158.94022797527285,164.3328399658203,52874300
2020-04-15,161.9676402425253,164.2098423148961,160.11334587025092,162.61097717285156,40940800
2020-04-16,164.9004763113015,167.71976894625868,163.57596585517592,167.49270629882812,50479600
2020-04-17,169.82005710511905,170.2930934758854,166.38580843385955,168.96859741210938,52765600
2020-04-20,167.10478652148615,169.1104555567061,165.55322823395514,165.61944580078125,36669600
2020-04-21,164.1435824529207,164.3044130492384,157.1521070976366,158.7698974609375,56203700
2020-04-22,162.1473821076544,164.6166321676054,161.60812823309527,164.1625213623047,34620200
2020-04-23,164.72071913449065,165.61948531645297,161.69328936770626,162.17578125,32790800
2020-04-24,162.78131230112533,165.146494717301,161.50412245794718,165.1370391845703,34277600
2020-04-27,167.06695850395437,167.36023870290072,163.95438597316996,164.6639404296875,33194400
2020-04-28,166.12090220980403,166.19658975824308,160.25525434705176,160.65260314941406,34392700
2020-04-29,163.8787209318409,168.09819726179364,162.61098692676447,167.86167907714844,51286600
2020-04-30,170.2930911771575,170.6715144942926,166.72639294766603,169.5457000732422,53875900
2020-05-01,166.31957965837367,169.00642259892936,164.6261014808525,165.15591430664062,39370500
2020-05-04,165.0802254792797,169.34700802647814,164.4274330268601,169.1956329345703,30372900
2020-05-05,170.87962012199586,173.74621880637977,170.1984467280906,171.01206970214844,36839200
2020-05-06,172.26093581532623,174.26660551621677,171.83520594582544,172.6961212158203,32139300
2020-05-07,174.23819799492594,174.5977102209606,172.73394594797495,173.69894409179688,28316000
2020-05-08,175.0045278283873,175.02345332485953,173.47189464038965,174.720703125,30877800
2020-05-11,173.27318985590108,177.3980669441104,172.98937962637464,176.6696014404297,30892700
2020-05-12,176.7263533728261,176.953401543454,172.4690269424975,172.66769409179688,32038200
2020-05-13,172.70557072381354,174.12467974465682,167.0196646746437,170.0565643310547,44711500
2020-05-14,167.96574720991572,170.94588499008822,166.20605134339007,170.7945098876953,41873900
2020-05-15,169.40376544975464,176.9723466073332,167.4548581114258,173.2826690673828,46610400
2020-05-18,175.73306764204307,176.15879762397662,174.0396032477993,174.93836975097656,35264500
2020-05-19,175.05183675097177,176.53717787203394,173.59489109296922,173.7273406982422,26799100
2020-05-20,175.3306168244194,176.31728065263576,174.5052459973766,176.13702392578125,31261300
2020-05-21,175.89037841860198,177.0952410908258,173.88860485853687,174.02142333984375,29119500
2020-05-22,173.79374166252967,174.99860432695908,173.17707305777867,174.09732055664062,20826900
2020-05-26,176.78216050547536,176.93395718698432,171.81094223314764,172.2568359375,36073600
2020-05-27,170.95710776267882,172.65530248461448,167.54176906562353,172.48452758789062,39517100
2020-05-28,171.4694145313809,174.7044964020531,171.1278792209249,172.09555053710938,33810200
2020-05-29,173.3572845951785,174.81830197515532,171.15629113953952,173.85061645507812,42130400
2020-06-01,173.1770609318364,173.61347275196593,172.15246956934172,173.4521942138672,22622400
2020-06-02,174.79943219167896,175.51096312325976,172.04818504668683,175.4255828857422,30794600
2020-06-03,175.34010611420507,176.40265375468076,174.16370374358848,175.85240173339844,27311000
2020-06-04,174.84681881585217,176.30782219414553,172.94940355898157,173.53759765625,28761800
2020-06-05,173.25297060087948,178.10086682904225,172.67425840814317,177.59805297851562,39893600
2020-06-08,176.40270704913542,178.8788346549259,174.97964553951172,178.69857788085938,33211600
2020-06-09,178.3570358813876,180.91854360786243,177.65498701810736,180.06471252441406,29783900
2020-06-10,181.32647928613525,188.3374275256502,181.21262453597723,186.74359130859375,43872300
2020-06-11,183.22386200368558,185.7189525839172,176.52599017788074,176.71572875976562,52854700
2020-06-12,180.76672098608847,181.8862033655673,175.68164819844708,178.1103515625,43373600
2020-06-15,175.1124591548258,181.0324000812959,174.57168884769598,179.2488250732422,32770200
2020-06-16,182.9962286548291,185.54825469768906,181.6395835851001,183.641357421875,42556700
2020-06-17,185.02648084822016,186.2503220153482,183.75521587205628,184.27700805664062,25687800
2020-06-18,184.0492963329475,186.41158374986512,184.0492963329475,186.25030517578125,23061600
2020-06-19,188.4038458894573,189.06793833918633,184.400298508924,185.14028930664062,44441100
2020-06-22,185.747437120417,190.4625146059237,185.2161632306914,190.2822723388672,32818900
2020-06-23,191.72428822727903,193.48888469214174,191.09813782578294,191.55352783203125,30917400
2020-06-24,191.25942523146253,192.82478671322252,186.4779316388063,187.69227600097656,36740600
2020-06-25,187.65437585525592,190.32024203259226,185.4438852960937,190.0640869140625,27803900
2020-06-26,189.48533464197993,189.63713130801548,184.88411220227584,186.25973510742188,54675800
2020-06-29,185.73800010050581,188.34694638440172,183.6223858945179,188.26156616210938,26701600
2020-06-30,187.7302732345924,193.9158366509064,187.59745474347227,193.0714874267578,34310300
2020-07-01,192.72045793900065,195.7658156516249,191.4207331819274,194.200439453125,32061200
2020-07-02,195.13015257335095,197.35013913569628,194.48503841884437,195.68040466308594,29315800
2020-07-06,198.11857614111364,200.30060614513152,197.41652742513998,199.8926544189453,31897600
2020-07-07,199.6554977974831,203.65904475231002,197.32168536857642,197.56834411621094,33600700
2020-07-08,199.2949790467451,202.32134362309262,197.98575814601915,201.9134063720703,33600000
2020-07-09,205.23389268976726,205.28133095940976,200.62317371738888,203.32699584960938,33121700
2020-07-10,202.66291938926605,203.09933126878065,200.25320837736183,202.71035766601562,26177600
2020-07-13,203.47879513374653,204.73109607206322,195.90811279433242,196.44888305664062,38135600
2020-07-14,195.55707625734152,198.1375617448352,191.66736982330443,197.6632080078125,37591800
2020-07-15,198.81116499075517,200.4903815184619,194.513520663541,197.36912536621094,32179400
2020-07-16,194.8645323928501,195.14914756390348,191.93302942609668,193.46044921875,29940700
2020-07-17,193.98222687594824,194.52298263226248,191.06020599071783,192.47378540039062,31635300
2020-07-20,194.485030666848,201.41059806874654,192.5970975967738,200.7465057373047,36884800
2020-07-21,202.7008827079913,202.96651969548472,197.35965393406903,198.042724609375,37990400
2020-07-22,198.46961730612836,201.41061651256538,197.70116650393845,200.88882446289062,49605700
2020-07-23,196.5627288593702,200.1014041342364,191.7812344755157,192.15122985839844,67457000
2020-07-24,190.13994057206003,192.45478900756189,187.37919848827087,190.9748077392578,39827000
2020-07-27,191.13608416979247,193.50785270867794,190.55737206725937,193.39401245117188,30160900
2020-07-28,193.1663548161839,194.20044262484834,191.3922762383716,191.6579132080078,23251400
2020-07-29,192.11331053064336,194.153026308788,191.64843854313742,193.59329223632812,19632600
2020-07-30,190.69020608720186,193.97274038237816,189.33356132079433,193.4414520263672,25079600
2020-07-31,193.9158251459421,194.57993203827127,188.80229182700702,194.49453735351562,51044000
2020-08-03,200.67060447829826,206.47668945732616,199.64599869209448,205.43310546875,78983000
2020-08-04,203.18469025802023,203.75392056729805,199.5226786078573,202.34982299804688,49280100
2020-08-05,203.8772504737923,203.9721270209977,200.7180670128789,202.01779174804688,28806400
2020-08-06,201.4485573768755,205.27184763929066,200.6990847830471,205.2528839111328,32656800
2020-08-07,203.82980641865512,204.63619908524305,200.11086038451512,201.58135986328125,27820400
2020-08-10,200.81292214799484,201.01215709979328,195.76580559059593,197.56834411621094,36716500
2020-08-11,196.5342330142289,196.99909038628428,192.7204251245038,192.9481201171875,36446500
2020-08-12,194.76016076380623,199.4942165085806,194.2478650715753,198.4601287841797,28013100
2020-08-13,198.69734922435327,200.50938446234997,197.47350814640805,197.99530029296875,22588900
2020-08-14,198.0521333375273,198.8395621440032,196.8662491969536,198.18495178222656,17958900
2020-08-17,198.84910275139208,200.35754423975445,198.20397410771088,199.4942169189453,20184800
2020-08-18,199.73143089390817,201.46756772179177,198.47914425767797,200.64219665527344,21336200
2020-08-19,201.12716528826644,201.70727635922714,198.9969182630244,199.42486572265625,27627600
2020-08-20,199.27272784174724,204.46519928761978,198.67360712535148,204.06578063964844,26981500
2020-08-21,203.3810516231777,205.65394317773766,202.42054594494113,202.58221435546875,36249300
2020-08-24,204.26545250984773,204.95969353187164,202.021090073676,203.2193603515625,25460100
2020-08-25,202.65826085369224,205.99626818352706,202.65826085369224,205.86312866210938,23043700
2020-08-26,207.20405021886822,211.20775529198036,206.70952576058684,210.31381225585938,39600800
2020-08-27,211.96858760041155,219.82384972072043,208.64958927330213,215.477783203125,57602200
2020-08-28,216.99936246159774,219.3388308886957,215.4777698400072,217.693603515625,26292900
2020-08-31,215.8771899200654,217.49388844015004,213.3189953476914,214.47921752929688,28774200
2020-09-01,214.4602316279543,216.3051759012786,213.43314880019264,216.13400268554688,25725500
2020-09-02,216.7996706686181,221.45006436765206,216.21005476958462,220.29934692382812,34080800
2020-09-03,218.03599425353192,218.07402790705368,204.42717283201821,206.6525115966797,58400300
2020-09-04,204.56024845800815,207.660505396026,195.1358284030627,203.75189208984375,59664100
2020-09-08,196.38166751320594,199.7386992158592,192.29236112281333,192.72982788085938,52924300
2020-09-09,197.42776995522604,204.3130063928278,196.57186053691743,200.93695068359375,45679000
2020-09-10,202.9435570623291,204.2179091134677,194.1087663570984,195.30702209472656,35461500
2020-09-11,197.0474169840839,198.4073560474238,191.3794587853986,194.03274536132812,33620100
2020-09-14,194.2324234935453,198.94937969662053,194.0327069253546,195.3450927734375,30375800
2020-09-15,198.20762685222402,199.5009887938015,196.7906301369787,198.54998779296875,21823900
2020-09-16,200.29979862410642,200.32832748932069,194.61281748381796,195.0027313232422,26328100
2020-09-17,190.24772725890895,194.3180098283197,190.16214066313728,192.96759033203125,34011300
2020-09-18,192.8629911592998,193.6713332416722,186.6339321767802,190.57107543945312,55225300
2020-09-21,187.5278763694896,192.7774055847078,186.75756793525397,192.61572265625,39839700
2020-09-22,195.01224432710944,197.9032952203945,192.17826567778008,197.25660705566406,33517100
2020-09-23,197.7130433929197,197.9032551453432,190.22867238865066,190.76123046875,30803800
2020-09-24,190.0575169900214,195.49724276427847,189.43935775910268,193.23385620117188,31202500
2020-09-25,193.57627570633835,198.79726242852598,192.6157553136808,197.63705444335938,29437300
2020-09-28,200.54707115888118,202.15426497540128,197.86524169936015,199.17762756347656,32004900
2020-09-29,199.09203395936672,199.7767557329698,196.67648367162218,197.10443115234375,24221900
2020-09-30,197.55140923532704,201.5931629854757,196.41971586350593,200.02401733398438,33829100
2020-10-01,203.02918183905925,203.50468227611734,200.96551168356183,202.04965209960938,27158400
2020-10-02,197.8081467235527,200.65164405670666,195.4686786033721,196.0868377685547,33154800
2020-10-05,197.0664276074068,200.10012310727936,196.83818214429814,200.07159423828125,21331600
2020-10-06,198.5880495186196,199.88139703738187,194.78404525555516,195.8206329345703,28554300
2020-10-07,196.9142463619381,199.81480204347935,196.59090953478196,199.54852294921875,25681100
2020-10-08,200.1951569928357,200.8418450303163,198.11247759861763,200.26173400878906,19925800
2020-10-09,200.87994810937303,205.28308762278382,200.87994810937303,205.23553466796875,26458000
2020-10-12,208.06947707751453,212.89105852593914,206.18649938983765,210.5515899658203,40461400
2020-10-13,211.80692392954865,214.17492142049753,209.6291237184592,211.9400634765625,28950800
2020-10-14,212.07321213399132,213.23343445543483,208.3928430961222,210.03807067871094,23421700
2020-10-15,206.46229072714527,209.56254827996327,205.4256887702465,208.8968505859375,22733100
2020-10-16,209.36283171619485,211.3979729585716,208.57351377899946,208.8968505859375,26057900
2020-10-19,209.61959061778887,211.40747673142792,203.24788828089612,203.723388671875,27625800
2020-10-20,205.22599923044717,206.71906311300145,202.64878038007848,204.13233947753906,22753500
2020-10-21,202.67728971744506,206.29109572858354,202.67728971744506,204.2749786376953,22724900
2020-10-22,203.4476132060578,205.47324974306363,201.32688528683093,204.36058044433594,22351500
2020-10-23,204.49370487394282,205.68245589725836,202.71533798662145,205.63490295410156,18879600
2020-10-26,203.37150098781117,205.73948339116313,197.90324708412007,199.78622436523438,37111600
2020-10-27,201.22229920419377,204.15138404149505,200.02404316166658,202.80096435546875,36700300
2020-10-28,197.49433967491123,198.60700889932528,192.19727262307057,192.74884033203125,51195600
2020-10-29,194.07077424346542,197.19956103907322,193.40506195786438,194.6889190673828,31432600
2020-10-30,193.5286936375515,194.27997800437075,189.83880530203297,192.54916381835938,36953700
2020-11-02,194.27998468668173,195.2214808850895,190.31431232371153,192.41603088378906,30842200
2020-11-03,193.89955827547783,197.92228771553013,193.16728357467176,196.31509399414062,27512000
2020-11-04,203.53321142617264,207.62251809281693,202.01160422100955,205.78707885742188,42311800
2020-11-05,211.16023264419107,213.1383162499668,210.3138424268703,212.34898376464844,36080100
2020-11-06,211.3694213150768,213.36652869305155,207.3466922086578,212.7578887939453,25231900
2020-11-09,213.44266096892412,216.94233758860318,207.20409690001915,207.68910217285156,44395000
2020-11-10,203.98965199387854,205.89165341107088,199.4438697676784,200.670654296875,44045100
2020-11-11,201.98307243463896,207.35622149875866,201.80237994913776,205.93923950195312,29440800
2020-11-12,206.56691213283364,208.37380804064978,203.9516596545553,204.88363647460938,21593900
2020-11-13,205.75853976225488,206.76659831833058,203.66634084251578,205.90118408203125,18621100
2020-11-16,204.34154443508726,207.0709266945876,204.0087028500602,206.58590698242188,24953300
2020-11-17,205.51130105759668,207.01386971538886,203.59027516934893,203.95166015625,24154100
2020-11-18,203.71325001107002,205.16255971956343,201.1197545533918,201.26278686523438,28372800
2020-11-19,201.54885769573278,203.12211144423998,200.16628461776338,202.5404815673828,24792700
2020-11-20,202.33070459277454,203.3700058661989,200.23302815996874,200.60488891601562,22843100
2020-11-23,201.13883447735535,202.41650835982227,198.47860216689892,200.33790588378906,25683500
2020-11-24,199.84213389881677,204.28540453235834,199.14608968641437,203.91354370117188,33979700
2020-11-25,205.1053529296505,205.27697424519195,202.57860879010497,203.9230194091797,21012900
2020-11-27,204.85748627754103,206.2114413491955,204.08514657585314,205.2198028564453,14512200
2020-11-30,204.14235782857054,204.77165061209422,201.03396893960857,204.11375427246094,33064800
2020-12-01,204.53328996973545,207.21261112545957,203.4272517872102,206.15423583984375,30904500
2020-12-02,204.88607038902487,205.4486263666285,202.902808140873,205.353271484375,23724500
2020-12-03,204.62861999918616,206.31630244938077,203.71326261374324,204.2758331298828,25120900
2020-12-04,204.25683167370576,205.3628846631661,203.2651929420802,204.39031982421875,24666000
2020-12-07,204.39976731905256,205.51534953178438,203.08396023560834,204.323486328125,24620000
2020-12-08,204.01840165272458,206.85979980104426,202.98862997399976,205.96351623535156,23284100
2020-12-09,205.15307027564458,205.2198070616338,201.3867847777883,201.9493408203125,32440600
2020-12-10,201.92071460477283,203.16978500107612,200.57628932591146,200.72885131835938,26733300
2020-12-11,200.28071849667674,203.3986370668293,199.38443493743736,203.34141540527344,30979400
2020-12-14,203.18885521361375,206.15421159855921,202.97908611506878,204.23768615722656,28798400
2020-12-15,205.16258335643218,205.40095602118834,202.36886270906425,204.17095947265625,27000600
2020-12-16,204.76210957630974,209.8728198548005,204.733506021788,209.0814208984375,35023300
2020-12-17,209.64397264344512,210.6165371249153,207.78466889145207,209.21490478515625,32515800
2020-12-18,208.42349243164062,209.47233783916994,205.9730293236653,208.42349243164062,63354900
2020-12-21,207.4318862354392,213.5818977933264,207.1744396955976,212.2374725341797,37181900
2020-12-22,212.332795115494,215.13605942545968,211.53186661239238,213.524658203125,22612200
2020-12-23,212.7332702079101,213.16233803150052,210.53070943758334,210.740478515625,18699600
2020-12-24,211.12187050307205,213.2100170826922,210.91210142344104,212.3900146484375,10550600
2020-12-28,214.0109334484269,215.5174501395018,212.64744905756308,214.49722290039062,17933500
2020-12-29,215.7845193848236,216.61405179724318,213.18149334821592,213.7249755859375,17403200
2020-12-30,214.75467591016954,215.13608086568783,211.16955662296598,211.36978149414062,20272300
2020-12-31,211.3888944378769,212.62843531139845,209.46283906668538,212.07540893554688,20942100
2021-01-04,212.18027520947413,212.62841698318834,204.81932615715849,207.5653839111328,37130100
2021-01-05,207.15539151255396,208.35679914813903,205.6679482962238,207.765625,23823000
2021-01-06,202.30212170745105,206.42120854830253,202.0828229184312,202.37840270996094,35930700
2021-01-07,204.0851461523831,209.1386498496108,203.77050701978357,208.13748168945312,27694500
2021-01-08,208.509325603842,210.32096654437632,206.9360718717711,209.40560913085938,22956200
2021-01-11,208.3090962965024,208.728634495914,206.65001738495062,207.3746795654297,23031300
2021-01-12,206.4307644402971,207.00286475723743,203.39867058821366,204.93377685546875,23249300
2021-01-13,204.06606184414557,206.67861677106026,203.98023663300623,206.2781524658203,20087100
2021-01-14,205.86816670165965,207.34608009721836,202.84560313156365,203.11257934570312,29480800
2021-01-15,203.58929700017367,204.53324329007845,202.16859090795862,202.75975036621094,31746500
2021-01-19,203.808612636003,206.88838315319578,202.74070783603537,206.37350463867188,30480900
2021-01-20,207.57494944131872,215.28868671444025,207.18401471175443,213.9061279296875,37777300
2021-01-21,214.24937409587324,215.77496515454496,212.07541629419055,214.50682067871094,30709400
2021-01-22,216.51867230319704,219.3696147654963,215.2982053575905,215.44122314453125,30172700
2021-01-25,218.46377115568953,219.09307847095562,213.79167283132318,218.85470581054688,33152100
2021-01-26,221.07634857508864,223.2884393764266,219.379136336845,221.5244903564453,49169600
2021-01-27,226.93080188116176,229.25732167368406,219.4363638925336,222.0679931640625,69870600
2021-01-28,224.65192361732747,231.35496145402922,224.156104425464,227.8175048828125,49111200
2021-01-29,225.01427347529136,226.94985841468173,220.59007724966867,221.1717071533203,42503100
2021-02-01,224.1274947645994,231.22146705062914,221.61980986829332,228.50401306152344,33314200
2021-02-02,230.0773162479899,231.04033664840065,227.58870485867922,228.3705596923828,25916300
2021-02-03,228.42776099720072,233.69101888663997,228.132166675749,231.69822692871094,27158100
2021-02-04,231.37406542742858,231.9270918000538,229.19056349507096,230.75428771972656,25296100
2021-02-05,230.96401309862384,231.9651810913466,229.23819752167216,230.93540954589844,18054800
2021-02-08,231.84125303139,232.34660192788067,229.61008833189024,231.19288635253906,22211900
2021-02-09,230.62076272671874,233.37634993048727,230.1535616523339,232.43240356445312,23565000
2021-02-10,233.60518321229108,234.4823927666235,229.6863364956225,231.52658081054688,22186700
2021-02-11,233.39544815712694,233.74823505402443,230.88776300580494,233.1189422607422,15751100
2021-02-12,232.5849755201089,233.89126765033635,231.44078960935016,233.59568786621094,16561100
2021-02-16,233.63383657810064,234.68268221946707,231.6219705199263,232.36569213867188,26728500
2021-02-17,230.62632480699676,233.4838187487911,230.2631591892616,233.37869262695312,21653500
2021-02-18,231.0850700513804,233.12067300946146,230.18672213045693,232.98687744140625,16925600
2021-02-19,232.94861675471643,233.05374286763362,229.53680847582015,230.29180908203125,25262600
2021-02-22,226.899124179311,227.38651912425996,222.1015730817524,224.11807250976562,36446900
2021-02-23,220.12329302100676,224.4238826563991,218.59418865093036,222.93301391601562,30228700
2021-02-24,219.81745546660107,224.777470934544,218.85221731247677,224.15628051757812,26339700
2021-02-25,221.795780936671,224.1945494104652,217.78189953492432,218.84271240234375,39542200
2021-02-26,221.27013424972316,224.93996757449008,219.36831252056643,222.0824737548828,37819200
2021-03-01,225.44646168712504,226.94689663933326,222.81832355367666,226.4403839111328,25324000
2021-03-02,226.50729480119938,226.78445210469692,223.10505255325617,223.50643920898438,22812500
2021-03-03,221.87223909617876,223.22931252952912,217.18936527759203,217.47607421875,34029500
2021-03-04,216.69241226941966,222.18761091263715,214.32229870294404,216.68284606933594,44727800
2021-03-05,219.34920613150112,222.9330311039714,216.42480728718476,221.3370361328125,41872800
2021-03-08,221.11721209862156,223.0285853688386,217.06511009863868,217.31358337402344,35267400
2021-03-09,222.5603436572341,224.9495606251016,221.40395622843207,223.4204559326172,33080500
2021-03-10,226.49774377773664,226.49774377773664,221.75753141565502,222.12069702148438,29746800
2021-03-11,224.54814049035522,228.57157309890684,223.92693542163005,226.62197875976562,29907600
2021-03-12,223.64023105792842,225.37003616967326,222.89479662640136,225.30313110351562,22653700
2021-03-15,224.54816217518373,224.7679660415921,221.53774020361377,224.40480041503906,26034900
2021-03-16,225.80966043568304,229.42215512507744,225.4847304458189,227.17630004882812,28092200
2021-03-17,225.68541960258835,227.97907654629918,222.89481604963598,226.53598022460938,29562100
2021-03-18,222.25449271210522,223.81226667216245,220.12331549170005,220.49603271484375,34833000
2021-03-19,220.78273384233583,222.1684765675346,219.18673888764525,220.14242553710938,46430700
2021-03-22,220.06595744383355,226.4021496850385,219.9417135194071,225.53248596191406,30127000
2021-03-23,226.96603942639962,230.36828174208702,226.56465276267915,227.0520477294922,31638400
2021-03-24,227.31009164866788,227.45343882328078,224.8922054193831,225.0260009765625,25620100
2021-03-25,224.8730896144775,226.44041526230157,221.30838220851965,222.04425048828125,34061900
2021-03-26,221.28926488550835,226.22061190405913,221.28926488550835,226.00079345703125,25479900
2021-03-29,226.1059184494297,226.30661907775075,221.60464214728856,224.8157501220703,25227500
2021-03-30,223.18152021260835,223.48734696493838,220.85920846541862,221.5759735107422,24792000
2021-03-31,222.58898590552727,228.504688728598,222.092024753779,225.32225036621094,43623500
2021-04-01,227.90263305297643,232.07897971518804,227.50124634567533,231.61070251464844,30338000
2021-04-05,232.0025025067712,238.88345854528154,231.9451636368873,238.03289794921875,36910600
2021-04-06,236.6376041839014,238.34827710378195,235.93995691762169,236.87652587890625,22931900
2021-04-07,236.8286685254729,239.8104057301423,236.236147563678,238.8260498046875,22719800
2021-04-08,241.56893863766072,242.87822479030498,240.8330557729979,242.0276641845703,23625200
2021-04-09,241.66449426976965,244.6462467282904,241.25355598314442,244.512451171875,24326800
2021-04-12,243.42300292026678,246.2518424003078,243.33698002134693,244.56982421875,27148700
2021-04-13,245.85995500358172,247.7044232241074,245.44898758168762,247.03543090820312,23837500
2021-04-14,246.07020829480427,247.3603619356715,243.8530082747752,244.26394653320312,23070900
2021-04-15,246.50028193242102,248.41165547510374,246.30916207730016,248.00071716308594,25627500
2021-04-16,247.97206397718136,249.43426366654776,246.18493426409438,249.18577575683594,24878600
2021-04-19,248.66012567205544,249.89296968561638,246.39515285160775,247.2743682861328,23209300
2021-04-20,246.39512361896334,248.66966236946797,245.45854026133196,246.8156280517578,19722900
2021-04-21,247.46554099520336,249.12842668538718,245.85042797866416,249.03285217285156,24030400
2021-04-22,248.67919192838173,250.1796268291521,244.3117119265757,245.77392578125,25606200
2021-04-23,246.45249067643994,249.92163806126072,245.86950662395327,249.57757568359375,21462600
2021-04-26,250.06504062848222,250.81047525244145,248.64107646399276,249.95989990234375,19763300
2021-04-27,249.98855048214975,251.52722145867926,248.59325586365082,250.3612823486328,31014200
2021-04-28,244.7322199736426,245.171856823487,241.74093073064057,243.2795867919922,46903100
2021-04-29,244.1397373356911,244.75137625676413,237.96599467202304,241.32044982910156,40589000
2021-04-30,238.67321772170197,241.8652080140417,238.5394221580297,241.0050811767578,30945100
2021-05-03,242.1710003473486,243.0789143649509,239.99203587034623,240.69924926757812,19626600
2021-05-04,239.84867666254803,240.07804670537047,234.8695428631059,236.80958557128906,32756100
2021-05-05,238.02333610804502,238.4438406050571,234.92692041663318,235.54811096191406,21901300
2021-05-06,235.52895393109677,238.787848657748,233.84695080570577,238.66360473632812,26491100
2021-05-07,240.9764146694537,243.03114998686556,240.03984571236424,241.27268981933594,27032900
2021-05-10,239.75312515895706,240.57501632961734,236.1692999233959,236.2266387939453,29299900
2021-05-11,233.71319412843349,235.6723548531134,231.8209384749103,235.31874084472656,33641600
2021-05-12,231.4386900898379,233.55076451199793,227.5203826295477,228.40916442871094,36684400
2021-05-13,231.08505323354785,234.71666570840435,230.72188761127558,232.2605438232422,29624300
2021-05-14,234.6975637956637,238.13802749239937,234.61155548433553,237.15367126464844,23901100
2021-05-17,235.62457790092228,235.66279895566683,232.7288481318082,234.31527709960938,24970200
2021-05-18,235.35696192329095,235.4907574747066,232.13628790705022,232.30831909179688,20168000
2021-05-19,229.23348484456213,232.9884255073801,228.55338866338369,232.883056640625,25739800
2021-05-20,233.68768164182094,237.50966697541784,233.59188645475157,236.1015625,21800700
2021-05-21,237.14569382470793,237.8736876013957,234.43485354561165,234.84674072265625,21863100
2021-05-24,237.35641332073013,240.58452421046962,237.08820432202634,240.22052001953125,21411500
2021-05-25,241.16883875801892,242.10757024941074,240.258842900914,241.12094116210938,17704300
2021-05-26,240.84314887956268,242.28957737809495,240.19178833380082,240.900634765625,17771600
2021-05-27,240.5941215551288,240.89106621746035,238.7549676903661,238.81243896484375,24426200
2021-05-28,240.43129670131958,241.46582355661948,239.0519275609197,239.1668701171875,18270200
2021-06-01,240.65158302753886,240.70905429967564,236.56138825332587,236.98284912109375,23213300
2021-06-02,237.6820771452927,238.77407495911604,235.48849322989898,236.88702392578125,19406700
2021-06-03,234.89462537591137,235.9674613279748,232.76810081643305,235.36399841308594,25307700
2021-06-04,237.32767135182317,241.05387621610285,237.0881979939227,240.23008728027344,25281100
2021-06-07,239.45422133616353,243.39116434225733,239.2913811894754,243.12295532226562,23079200
2021-06-08,244.41610603256754,245.23032134430707,241.87767951827612,241.93516540527344,22455000
2021-06-09,243.1229386598986,244.7705165933857,242.54821134914607,242.91220092773438,17937600
2021-06-10,243.58272547111343,246.61924603470985,242.98883619347527,246.40850830078125,24563600
2021-06-11,247.12693967190552,247.60588643152087,245.80504193815267,247.0311737060547,18999700
2021-06-14,247.04070218614936,249.00440119707386,245.98701359889554,248.94692993164062,19150500
2021-06-15,248.8320178038944,249.0427555718511,246.83002362460257,247.48138427734375,18038900
2021-06-16,248.4775520192582,249.6078592604981,243.70724678964794,246.54261779785156,27220000
2021-06-17,245.28780061417174,250.72862879044064,245.2303293415949,249.91441345214844,27565500
2021-06-18,248.6979380831831,251.25549781043,247.85498697682934,248.50634765625,37202200
2021-06-21,248.87991563157925,252.42410431894385,247.0599236858956,251.57159423828125,26696100
2021-06-22,251.6577760148479,254.59851601169785,251.35124308569456,254.33030700683594,24694100
2021-06-23,254.79008733384944,255.594714380539,253.2957757853417,254.10040283203125,19518700
2021-06-24,254.9529346852743,256.57177702121294,254.29198583888092,255.4606170654297,21446900
2021-06-25,255.02001893731307,255.99705986751763,253.61191420204025,253.86094665527344,25611100
2021-06-28,254.98162143739555,257.577504111274,254.71341248104557,257.40509033203125,19590000
2021-06-29,257.5487601873158,260.2117023226704,256.69625037345827,259.97222900390625,19937800
2021-06-30,259.2921672211762,259.93393943000825,258.2480669213287,259.4933166503906,21656500
2021-07-01,258.2576514590782,260.393764479173,258.24809240227785,260.16387939453125,16725300
2021-07-02,261.3326139622693,266.2944972183554,261.02608090648147,265.959228515625,26458000
2021-07-06,266.32313540922155,267.6067092239565,262.75018203961656,265.9687194824219,31565600
2021-07-07,267.63547550225076,268.8711664752793,265.4802148256769,268.1431579589844,23260000
2021-07-08,265.24067677167557,266.9936380649696,263.2961543378193,265.7388000488281,24618600
2021-07-09,264.1103833296634,266.3422622068924,263.72723179599774,266.2369079589844,23916700
2021-07-12,267.4054950035508,267.98979588025134,264.9341139390114,265.6429748535156,18931700
2021-07-13,265.8346836537151,270.9402741085983,265.7101820119127,269.1490173339844,26120100
2021-07-14,270.4612659855572,271.71610427305967,268.73703995210985,270.6145324707031,23113700
2021-07-15,270.1259350983207,270.61447008005376,268.0472935864673,269.19677734375,22604200
2021-07-16,270.19304591114116,272.1375686860977,267.6929284961445,268.9286193847656,26186800
2021-07-19,267.1852698159811,268.56463901594384,262.893924956181,265.34613037109375,32935600
2021-07-20,266.3231470052684,269.13935642812294,264.6276859170567,267.558837890625,26259700
2021-07-21,267.1565353861028,269.66621209300195,265.6143406282734,269.55126953125,24364300
2021-07-22,271.8884415525597,274.35982273487036,271.4861427208434,274.09161376953125,23384100
2021-07-23,275.26981960045765,277.7794956122771,274.4364570259696,277.4729919433594,22768100
2021-07-26,276.8312674007215,277.49221636391906,274.5706523975375,276.879150390625,23176100
2021-07-27,277.2431509516731,277.3868291520572,271.03601883432543,274.474853515625,33604100
2021-07-28,276.82165916338664,277.9328192354718,271.87892473208046,274.1683044433594,33566900
2021-07-29,274.18737027103674,276.467161014169,274.03410383432544,274.4364318847656,18168300
2021-07-30,273.1625138234118,274.5897658444149,271.95555860787897,272.9134521484375,20944800
2021-08-02,274.3023442842748,274.69508409233026,271.7926682142206,272.82720947265625,16267400
2021-08-03,273.4019939880385,275.1357790008344,272.0417722643763,275.0303955078125,17879000
2021-08-04,274.1682476532474,275.4805569222393,272.66434801294275,274.446044921875,16191300
2021-08-05,274.8004915502387,277.43469867133746,274.0533357906488,277.3293151855469,13900200
2021-08-06,276.3618388625209,277.3101439901318,275.50929969046035,277.2718200683594,16589300
2021-08-09,277.549644252639,279.2738408759265,275.6913285064386,276.1894226074219,16117600
2021-08-10,276.6396738152466,277.07073764983113,273.19128006894726,274.3790588378906,18616600
2021-08-11,275.1165250543086,276.5054820250036,273.8233632596243,274.86749267578125,13955900
2021-08-12,274.5610223433131,277.76038316922904,274.28322503938256,277.60711669921875,14561300
2021-08-13,277.29106807216334,280.5670480291717,277.11862499606184,280.5191650390625,18249000
2021-08-16,280.84477083854165,282.40614177195425,277.80823587058995,282.1954040527344,22507600
2021-08-17,280.0784298966578,281.07461785942274,278.82356280710985,280.7393493652344,20075300
2021-08-18,280.2787552513025,282.9467958439038,278.58001926830815,279.0215148925781,21813000
2021-08-19,277.06371360649507,285.4901192550461,277.0157389505049,284.81829833984375,29850500
2021-08-20,287.64942035089217,293.52294577742174,286.0562697795544,292.1025390625,40817600
2021-08-23,291.03727765066435,293.1006853030909,289.6936654087505,292.3808898925781,22830200
2021-08-24,292.7360794627057,293.34071249030904,289.83771287780905,290.4327392578125,18175800
2021-08-25,292.04501401347983,292.3233431392219,288.3212965855392,289.8472595214844,20006100
2021-08-26,288.8683063071112,290.2503159413958,286.9104837323351,287.0448303222656,17666100
2021-08-27,286.9489244928355,288.7532169333331,284.8759095157889,287.6495361328125,22605700
2021-08-30,288.99302872534867,291.968188686325,288.9354474406273,291.3635559082031,16348100
2021-08-31,292.1602193870829,292.23698468985657,289.3578025746856,289.7225036621094,26285300
2021-09-01,290.6725629329241,292.8991369938273,289.34813475379116,289.6744384765625,18983800
2021-09-02,290.02961237848854,291.14287031326114,288.0909444169398,289.0218811035156,16285600
2021-09-03,288.8682550507009,290.413430936319,288.16767300122905,289.0122375488281,14747900
2021-09-07,288.8875018649386,288.96426715610795,286.1906707011484,288.0909118652344,17180400
2021-09-08,287.7070752289388,288.5036360740859,285.4901073055441,288.1197509765625,15046800
2021-09-09,288.705194927188,289.97204208683576,285.0390293387629,285.2789611816406,19927000
2021-09-10,286.4018157451152,287.84140660459923,283.48423673576656,283.8009338378906,19633400
2021-09-13,285.5668944983296,286.51704460158174,282.2366390348642,285.0294494628906,23652900
2021-09-14,287.4958964728086,289.25221376514764,286.0947028700539,287.7166442871094,21853400
2021-09-15,291.0469255772491,293.02396157546303,289.66491584995623,292.5440979003906,28356300
2021-09-16,291.52675443497674,293.0143199346179,288.647572728406,292.9279479980469,19550800
2021-09-17,291.9202715592397,292.23696868760265,287.4671227397801,287.7934265136719,41372500
2021-09-20,284.395999300158,286.6897617780861,277.86025823894886,282.44775390625,38278700
2021-09-21,283.78175309872546,285.5572543702067,282.22699963878074,282.9275817871094,22364100
2021-09-22,284.7799475033804,288.12938705763713,282.6493513126284,286.555419921875,26626300
2021-09-23,286.8144515647207,288.7818804171432,285.54760475520084,287.495849609375,18604600
2021-09-24,286.2194826708354,287.72623226962907,284.9718196101101,287.29437255859375,14999000
2021-09-27,284.21369275698544,284.53038991922193,281.14255329173125,282.3230285644531,23571700
2021-09-28,278.12892262453175,279.0694657966121,271.36285777992146,272.1018371582031,43186200
2021-09-29,273.6182975889951,275.2210260039281,271.6124707643782,272.5625915527344,26353700
2021-09-30,274.20365982638276,276.23827687630234,270.278378953934,270.5663146972656,32343600
2021-10-01,270.7582763645691,278.301748595393,269.96171554788884,277.4571838378906,30086300
2021-10-04,275.8255502626874,276.1614605902717,268.9635076643741,271.70831298828125,31350700
2021-10-05,272.61058282776827,278.7048582695295,272.61058282776827,277.13092041015625,24993000
2021-10-06,274.270845855537,281.80471044780717,274.0117300480355,281.3056335449219,28002600
2021-10-07,283.29234414696924,284.69356732402304,282.0831074655801,282.97564697265625,20430500
2021-10-08,284.2904689045215,284.69356732402304,281.9295475576061,282.97564697265625,17685700
2021-10-11,281.1232834858587,285.9698937714107,280.96011698698385,282.3805236816406,19298600
2021-10-12,283.44582055374815,283.541799129027,280.5762456707699,281.08489990234375,17974100
2021-10-13,283.0331577701654,285.307706593833,281.67033223174053,284.37677001953125,23416300
2021-10-14,287.16002147005213,291.0565122938527,285.8355929980948,290.5574645996094,27262900
2021-10-15,290.16399355489904,292.18903370330804,288.41728256762934,291.95867919921875,25384800
2021-10-18,291.34433462509924,295.7974527087723,290.49977017253786,294.9145202636719,22729300
2021-10-19,295.9319350570906,296.84365846900545,294.8474384623916,295.8167724609375,17682100
2021-10-20,296.75725195686545,297.2275382211196,293.7820916523756,295.0297546386719,16537100
2021-10-21,294.79942529790196,298.49435169218145,294.0220192983192,298.2448425292969,16918100
2021-10-22,297.89937264623074,298.5615868809637,295.40407560259746,296.7093200683594,17449300
2021-10-25,296.90124058009036,296.939637875098,294.11803710740327,295.7207946777344,17554500
2021-10-26,298.4752347150335,299.81884727726106,296.1718947099922,297.6210632324219,28107300
2021-10-27,303.27383257307736,312.9670843453073,303.27383257307736,310.15509033203125,52588700
2021-10-28,311.2683843629812,311.786645375774,308.4179927254557,311.28759765625,26297900
2021-10-29,311.0763923948779,318.6294410245631,310.85564458763923,318.2647399902344,34766000
2021-11-01,318.0151944565091,318.1399636800593,313.2261650477916,316.1053466796875,27073200
2021-11-02,317.0074904775489,320.02104795725353,316.7099773873297,319.71392822265625,26487100
2021-11-03,320.45291058114077,321.4126377941951,317.3337971387141,320.54888916015625,21500100
2021-11-04,319.48354472746985,322.9865425254482,316.23966268343344,322.89056396484375,23992200
2021-11-05,324.8773141787061,325.14603666479826,320.9520328371746,322.5259704589844,22570100
2021-11-08,323.7160006633111,324.0519110698877,320.97119469393846,323.4184875488281,20897000
2021-11-09,323.5335762229284,325.07875202475316,321.0574932867859,322.4203186035156,21307400
2021-11-10,321.0959121845267,321.15349346911216,316.63318689786576,317.47772216796875,25500900
2021-11-11,317.9096735712425,320.3281758647958,317.19948472941286,319.0421447753906,16849800
2021-11-12,320.4721079279366,323.6488025020353,320.3473387102782,323.1593322753906,23831000
2021-11-15,323.9463532471072,324.27265700662844,320.57770113283607,322.5355529785156,16723000
2021-11-16,322.1613243931987,326.9503845971873,321.9981871176535,325.83709716796875,20886800
2021-11-17,325.8851675789296,329.0099884528382,324.98137088648923,326.0582275390625,19053400
2021-11-18,325.15435635646554,329.25990808153233,324.1351865907532,328.1253356933594,22463500
2021-11-19,329.44260130183307,331.8078416400719,329.01954636756113,329.89447021484375,21963400
2021-11-22,331.34626493417426,336.20177166262135,326.4715391090011,326.7407531738281,31031100
2021-11-23,324.067875438659,326.3754584116151,320.7123087229874,324.6736145019531,30427600
2021-11-24,323.32755315823283,325.1351461786082,321.0488427828943,324.894775390625,21661300
2021-11-26,321.4719205549108,324.91401757282057,315.48186952965966,316.9817810058594,24217200
2021-11-29,322.03915370433015,325.9716160847785,321.84684534637535,323.6640625,28563500
2021-11-30,322.40457691540473,324.76981754216854,316.3183713889176,317.85675048828125,42885600
2021-12-01,322.22190230238374,326.21205212002263,316.70299756222425,317.36639404296875,33337600
2021-12-02,317.577871266218,320.64500484816296,315.17416340213174,316.799072265625,30766000
2021-12-03,319.2027012508651,319.88537524190724,305.78040807041685,310.568603515625,41779300
2021-12-06,311.47244701692887,314.83763770524575,306.9342458292847,313.62615966796875,30032600
2021-12-07,318.8662948497607,322.8660390443126,317.38560254163633,322.01995849609375,31021900
2021-12-08,322.3948633464057,322.57754746432244,318.05856561396024,322.0679626464844,24761000
2021-12-09,321.5295600175577,323.5294319116375,319.3277555505204,320.27001953125,22214200
2021-12-10,322.0775658320641,329.78864844836016,321.894881726078,329.34637451171875,38095700
2021-12-13,327.55808990182186,330.5483179150928,326.0197109116661,326.327392578125,28899400
2021-12-14,320.3853706539691,321.75068944249216,311.6262451506804,315.6933288574219,44438700
2021-12-15,315.9528289093353,322.2794017661635,312.0011489346296,321.76019287109375,35381100
2021-12-16,322.7794945853097,323.78906948093504,310.5782712717892,312.3858642578125,35034800
2021-12-17,308.52067208536005,312.4050716507524,305.0304840740271,311.32818603515625,47750300
2021-12-20,307.72269664260455,310.3667755304143,305.3382370063855,307.5881042480469,28326500
2021-12-21,310.8379051743816,315.10689283678283,307.4823089268054,314.683837890625,24740600
2021-12-22,315.65485969090975,320.7603321144237,313.203089758129,320.36614990234375,24831500
2021-12-23,319.9335482909737,323.4333613707806,319.9143291893332,321.798828125,19617800
2021-12-27,322.5391907951614,329.28882257436214,322.51034746884613,329.2599792480469,19947000
2021-12-28,329.9329216504245,330.567504020854,327.21193737349995,328.1061096191406,15661500
2021-12-29,328.1541872836197,331.0386367329647,326.5965892757154,328.7791748046875,15042000
2021-12-30,328.7406955115323,329.9137060860202,325.76971620596595,326.2504577636719,15994500
2021-12-31,325.47164761227714,326.288884758608,322.9140990920403,323.3659973144531,18000800
2022-01-03,322.43340214531065,324.9813267976335,317.07793359354395,321.85650634765625,28865100
2022-01-04,321.93336411107276,322.28913749513237,313.55885476913005,316.3375549316406,32674300
2022-01-05,313.308871857317,313.5108044365724,303.8094433864934,304.19403076171875,40054300
2022-01-06,301.08835961622106,306.4246072340797,299.492294505817,301.7902526855469,39646100
2022-01-07,302.0499018859666,304.30939297872214,298.1462829521569,301.94415283203125,32720000
2022-01-10,297.56936510647546,302.59793177360086,292.9542584305184,302.1652526855469,44289500
2022-01-11,301.30958257691026,304.4151542522141,297.95401590280085,302.84796142578125,29386800
2022-01-12,307.35733034753923,310.9532679259109,304.86706317706137,306.01123046875,34372200
2022-01-13,308.1264806975711,308.5206922774309,292.2908533568236,293.0600280761719,45366000
2022-01-14,292.53120896925554,298.84815945566663,292.0504674590349,298.2520446777344,39846400
2022-01-18,292.3581471597959,297.8674260520063,290.1178753051929,290.9928283691406,42333200
2022-01-19,294.4927403274308,301.8192386810755,291.04101865902453,291.646728515625,45933900
2022-01-20,297.16558676731063,299.6462002381442,289.541032877528,289.9833068847656,35380700
2022-01-21,291.03131903917586,292.39660859622313,284.22400232617673,284.6278381347656,57984400
2022-01-24,280.94543450165037,285.66629172565484,265.4174555944959,284.9548034667969,85731500
2022-01-25,280.2915889984612,283.6279370796621,274.1861937797464,277.3782958984375,72848600
2022-01-26,296.1270800546626,296.61744567524323,281.74330549152245,285.28155517578125,90428900
2022-01-27,291.00252753568583,295.4637946124978,286.45470114422875,288.2911376953125,53481300
2022-01-28,288.66604220399256,296.5982766943393,283.1086718195925,296.3867492675781,49743700
2022-01-31,297.05023502997614,300.34811523788875,294.5695920371354,299.0020446777344,46444500
2022-02-01,298.45396439636784,298.6654918462446,293.37733494145994,296.8675231933594,40950400
2022-02-02,297.70403751014493,302.98257070424955,296.9829251353378,301.3865051269531,36636000
2022-02-03,297.5694010605456,299.24240163998115,288.4064681116785,289.64678955078125,43730000
2022-02-04,288.6468494123292,296.9059861831538,288.41610284488047,294.1561584472656,35096500
2022-02-07,294.37731117460294,295.98297161566165,288.3487929994967,289.3583679199219,28533300
2022-02-08,289.6467780186861,293.7907677485287,288.3968617508122,292.82928466796875,32421200
2022-02-09,297.9348214827328,299.91547470681274,295.55036170966486,299.22320556640625,31284700
2022-02-10,292.3292805293152,297.2136009412112,289.1179310391646,290.73321533203125,45386200
2022-02-11,291.5120766241171,292.5697139503908,282.8875716532668,283.6759948730469,39175600
2022-02-14,282.45490783075724,285.3297625384846,280.12813492881736,283.6375427246094,36359500
2022-02-15,288.4545460706531,289.2140965718555,285.57969173022536,288.8968200683594,27058300
2022-02-16,287.4709041609937,289.8795822189875,282.9522217719727,288.55963134765625,29982100
2022-02-17,285.5343344781432,285.95826419364323,279.40667124960413,280.1100158691406,32461600
2022-02-18,282.3451677958216,283.1255769619088,275.8513825955601,277.4122009277344,34264000
2022-02-22,274.5893178506724,280.8904283246642,274.10758220532034,277.2099609375,41736100
2022-02-23,279.58010909240227,281.04460436118626,269.8683308283759,270.0321044921875,37811200
2022-02-24,262.55557639782796,284.3781957137695,261.6017198059236,283.8290100097656,56989700
2022-02-25,284.35892976880194,286.75796386461934,280.9963949831395,286.44964599609375,32546700
2022-02-28,283.5591880367457,288.212770094987,282.29704319923974,287.87554931640625,34627500
2022-03-01,285.5728578838848,289.01245712557574,281.47810528267394,284.17584228515625,31217800
2022-03-02,284.57084383733564,290.4576682481348,282.9715074955346,289.22442626953125,31873000
2022-03-03,291.8257768521812,292.05700050828193,283.3086664169441,285.1103820800781,27314500
2022-03-04,283.5399899491922,284.8599409855132,276.68007868700784,279.27178955078125,32356500
2022-03-07,277.9903600081898,279.1079901922431,268.35564745891236,268.7217712402344,43157200
2022-03-08,267.6522801991081,273.58726615536074,260.1372168079997,265.7735290527344,48159500
2022-03-09,273.0862341495731,279.02121928908525,270.5233976527745,277.9613952636719,35204500
2022-03-10,272.6816172407287,276.1308607136372,270.33074508462164,275.1577453613281,30628000
2022-03-11,277.44115846333716,278.93455646472097,269.2227503051047,269.8393859863281,27209300
2022-03-14,270.0994808190958,274.97464216380376,265.7446020938021,266.3419494628906,30660700
2022-03-15,270.1091142008014,277.3062441058317,268.5482958074122,276.66070556640625,34245100
2022-03-16,278.54913550581284,283.80970925762125,272.8550467725236,283.63629150390625,37826300
2022-03-17,282.5764210911027,284.81165149082653,278.79960179018684,284.4359130859375,30816600
2022-03-18,284.5804958303675,290.0048436231841,282.0369470428673,289.4556579589844,43390600
2022-03-21,287.9719595079404,289.1762986686458,284.12768891305694,288.2320861816406,28351200
2022-03-22,288.84869714839016,293.85875989793885,287.8563228402571,292.9530944824219,27599700
2022-03-23,289.53274726035676,292.1533901687108,286.84465430957243,288.54998779296875,25715400
2022-03-24,288.21282860571665,293.0879911974356,287.42277505614976,292.99163818359375,24484500
2022-03-25,294.0803119983577,294.3404386258809,288.35729097039587,292.5869140625,22566500
2022-03-28,293.21315853638436,299.4468179763362,293.21315853638436,299.3504943847656,29578200
2022-03-29,302.44322106271255,304.2834544196327,297.7607361570676,303.888427734375,30393400
2022-03-30,302.298756961056,304.40876140768165,300.1983672332794,302.39508056640625,28163600
2022-03-31,302.43362184596117,303.6283461991608,296.64317958234875,297.0478210449219,33422100
2022-04-01,298.0690573372068,298.8013048013512,294.37897586444814,298.11724853515625,27110500
2022-04-04,298.7627341145734,303.59934819649135,298.39661041143324,303.4644775390625,24289600
2022-04-05,301.82660661689823,303.3681663887453,298.5508104784777,299.52392578125,23156700
2022-04-06,294.04178495987475,295.7856655216376,285.8715384021488,288.55963134765625,40110400
2022-04-07,285.8232966137455,292.5579491702881,285.5246229703635,290.3612365722656,31411200
2022-04-08,289.46525511827485,290.1204083993762,285.4572118764955,286.12200927734375,24361900
2022-04-11,281.1311855569594,281.9212093584241,274.58920983375054,274.8397216796875,34569300
2022-04-12,278.6744307786593,280.119637735793,270.24405686204636,271.7567138671875,30966700
2022-04-13,272.40228746673256,278.0385717991764,271.0245009783346,277.1136474609375,21907200
2022-04-14,277.56649928442033,277.77846418929414,269.11686486381836,269.60821533203125,28221600
2022-04-18,268.72177459231517,272.1420858288505,268.1725889134815,270.27294921875,20778000
2022-04-19,269.1746530463071,275.7166322943476,268.24008458230134,274.8783874511719,22297700
2022-04-20,278.8285578322928,279.1176168323527,274.9457700942281,275.89959716796875,22906700
2022-04-21,278.0384980731543,282.5860831842899,269.82973426697856,270.5523376464844,29454600
2022-04-22,271.39056854763874,272.8550636325426,263.393769113378,264.02001953125,29405800
2022-04-25,263.3070532274066,270.8413756866367,260.87908697872507,270.46563720703125,35678900
2022-04-26,267.3633137874921,268.19188507903243,260.137278279722,260.3492431640625,46518400
2022-04-27,271.7952151207864,280.34119944845656,268.96260761022705,272.8742980957031,63477700
2022-04-28,274.7723864290521,280.3508935706538,271.178627842334,279.0502014160156,33646600
2022-04-29,278.0673990236614,279.2910262219157,266.3997773201998,267.38250732421875,37073900
2022-05-02,267.56559909941353,274.53150699101036,266.1300363109666,274.07867431640625,35151100
2022-05-03,273.5872988286567,273.7511018849256,269.9164755719785,271.4869384765625,25978600
2022-05-04,272.26732383050563,280.25450833918546,266.62139669213593,279.38739013671875,33599300
2022-05-05,275.109613099755,275.8900225285143,264.3187223916875,267.2187805175781,43260400
2022-05-06,264.7714617150036,269.04927528391744,261.36076616080453,264.69439697265625,37780300
2022-05-09,260.195055446973,262.4110276632544,253.70126833077944,254.91522216796875,47726000
2022-05-10,261.76542979874864,263.7501776417465,255.3872566913671,259.6554260253906,39336400
2022-05-11,255.97502163371615,261.4475309989085,249.82807066667775,251.03240966796875,48975900
2022-05-12,248.27690379509,250.38690814257984,240.88708121967693,246.0223846435547,51033800
2022-05-13,247.94929795851922,253.4314509690828,246.02235572360212,251.58157348632812,34925100
2022-05-16,250.46395431193443,256.1099105942852,246.43665192316664,251.9477081298828,32550900
2022-05-17,256.3892786113193,258.52818561527994,252.87261500014733,257.0733642578125,28828800
2022-05-18,253.98310507106706,254.56254010236933,244.10384241044304,245.36892700195312,31356000
2022-05-19,245.1951046927819,248.83587017478328,243.24437042893047,244.46116638183594,32692300
2022-05-20,248.42057161150723,249.6760190694131,237.99085911430905,243.90103149414062,39199300
2022-05-23,246.73055952174275,252.53450204595984,244.74117401105033,251.71363830566406,33175400
2022-05-24,249.04829526787134,252.3703282848016,244.8087915946299,250.71896362304688,29043900
2022-05-25,249.289783654333,255.5089636207459,248.31440168457397,253.51959228515625,28547900
2022-05-26,253.27814016507855,257.95219866287647,252.4669428526963,256.78369140625,25002100
2022-05-27,259.27522501006564,263.96858669067194,258.38675406725025,263.87200927734375,26910800
2022-05-31,263.1863868585538,265.3495796777819,259.709805919586,262.54901123046875,37827700
2022-06-01,265.7648261496329,268.16944748829445,260.78173234380733,263.08013916015625,25292200
2022-06-02,255.38340607068776,265.2336837998182,252.63111175251524,265.16607666015625,44008200
2022-06-03,261.04245577782234,264.0748154478667,259.2076029156242,260.76239013671875,28059000
2022-06-06,262.73246453455715,264.7797759619563,258.0584066884809,259.53594970703125,22400300
2022-06-07,257.49836222355793,263.76584558835543,256.8223496712607,263.1574401855469,22860700
2022-06-08,262.3944559964506,263.64023679590827,260.36644828068603,261.1390380859375,17372300
2022-06-09,258.5991944855066,263.36016296929256,255.55719774199142,255.7117156982422,26439700
2022-06-10,251.64605970485297,251.64605970485297,243.87206395245485,244.31629943847656,31422800
2022-06-13,236.70644141538565,240.48239119497188,233.24917940412797,233.9541473388672,46135800
2022-06-14,235.49930650770008,237.3148557778769,233.2298699199791,236.1077117919922,28651500
2022-06-15,239.79673406143797,246.54708847653447,237.97153296010552,243.12844848632812,33111700
2022-06-16,237.5465796468709,238.93721165183317,234.68807140168576,236.5712127685547,33169200
2022-06-17,236.3104757531048,241.91162613162422,235.66344842154882,239.15933227539062,43084800
2022-06-21,241.67985866138912,246.0159248197663,240.95557232727793,245.04055786132812,29928300
2022-06-22,243.25401534558895,248.3530054561835,241.78612402987773,244.45150756835938,25939900
2022-06-23,246.80786429478658,250.47757061654244,244.93437427025984,249.98504638671875,25861400
2022-06-24,252.83383624957415,258.79231063631465,252.7469254380334,258.52191162109375,33923200
2022-06-27,259.0144557779908,259.1013666061605,254.2534870945373,255.8083038330078,24615100
2022-06-28,254.92950951957212,257.7590479870569,247.53212753900692,247.6866455078125,27295500
2022-06-29,248.75859390135693,252.98843151702386,246.99133318160082,251.33706665039062,20069800
2022-06-30,248.23708621339836,250.63207057542505,244.22937393334024,248.02462768554688,31730900
2022-07-01,247.5997090497768,250.86380133736168,245.88072261210712,250.68031311035156,22837700
2022-07-05,247.37760464946805,253.9637892662612,246.00629085879652,253.83824157714844,22941000
2022-07-06,254.70738716056056,258.8020102285566,253.4036657301254,257.0830383300781,23824400
2022-07-07,256.0303925395583,259.8353125390256,255.93381513155052,259.19793701171875,20859900
2022-07-08,255.71170926657888,258.9082238859461,254.2631366183598,258.4833068847656,19658800
2022-07-11,256.5422605778031,257.39209474736157,253.19122734678487,255.4413604736328,19455200
2022-07-12,256.764381930095,256.8223224888686,243.39887133033,244.97299194335938,35868500
2022-07-13,241.6122535483315,244.85705674377868,239.6035644525173,244.05551147460938,29497400
2022-07-14,241.9792718550764,246.39258278636146,237.50800563214514,245.36892700195312,25102800
2022-07-15,246.9526960395664,251.44326589652985,246.03526953214475,247.9184112548828,29774100
2022-07-18,250.84451446983314,251.89714046464383,244.6156545937457,245.5330810546875,20975000
2022-07-19,248.74889324561178,250.8155377951831,244.9826100870289,250.63204956054688,25012600
2022-07-20,250.98935133409913,255.78895661231545,250.0333028054799,253.27809143066406,22788300
2022-07-21,250.8831597992093,255.80831320834824,248.21777641916702,255.760009765625,22404700
2022-07-22,256.14627306708184,256.23318389270804,250.18782718594753,251.43357849121094,21881300
2022-07-25,252.05165427259675,252.5345118478316,248.00530543442562,249.95603942871094,21056000
2022-07-26,250.95075721193598,250.97009037906219,241.01356825164817,243.263671875,39348000
2022-07-27,252.2061678876976,260.79136010238045,249.97536828625238,259.5262756347656,45994000
2022-07-28,260.50171243898495,268.3143459872542,258.68616288804407,266.9333801269531,33459300
2022-07-29,268.17914544538223,272.33170936707273,267.1458230211277,271.1148986816406,32152800
2022-08-01,268.29499686655436,271.63636311853617,266.38287021128184,268.4784851074219,21539600
2022-08-02,266.5373945260248,268.3626103956282,263.0415102262708,265.3978576660156,22754200
2022-08-03,267.2713876591738,273.7802996377368,267.12650678074345,272.7856140136719,23518900
2022-08-04,272.13847021665924,274.0699001812098,270.5643795514278,273.925048828125,18098700
2022-08-05,269.57935118815436,273.9250689272582,269.1254639343299,273.21044921875,16774600
2022-08-08,274.3113883534034,276.11730051736697,269.74357435929414,270.70928955078125,18739200
2022-08-09,270.05256187655357,273.3745944260837,268.0921320968785,272.621337890625,23405200
2022-08-10,278.2901367727336,279.8738942312327,277.10229657539446,279.2461853027344,24687800
2022-08-11,280.8783020655473,281.2259454287706,276.6871011826993,277.1795959472656,20065900
2022-08-12,278.58955073001846,281.9019470214844,277.10234096743113,281.9019470214844,22619700
2022-08-15,281.02315975011504,284.09412741241835,280.1636589641089,283.4084777832031,18085700
2022-08-16,281.97918336040345,283.9589172842201,280.46303283251734,282.67449951171875,18102900
2022-08-17,280.4002056199427,283.8938524278254,280.1389197170631,281.9292907714844,18253400
2022-08-18,280.8357814390951,282.5003387388935,279.76154672598557,280.8164367675781,17186200
2022-08-19,279.5872566328216,279.9259802339088,276.3549256082349,276.9259033203125,20570000
2022-08-22,272.98710077508116,273.35485615007224,268.28377769621216,268.79669189453125,25061100
2022-08-23,267.5289611816406,269.87093596211275,266.52247730381634,267.5289611816406,17527400
2022-08-24,266.5321164638544,268.2934555497755,266.24176929336426,266.8998718261719,18137000
2022-08-25,268.39027578883355,270.0258011315452,265.67085828538086,269.8612976074219,16583400
2022-08-26,270.08381644498274,271.3032096749944,259.34164963640063,259.4480895996094,27549300
2022-08-29,257.28036854850586,258.78039270297364,255.34483826720634,256.68035888671875,20338500
2022-08-30,258.07392186121353,258.44164777603345,252.25764439265836,254.49317932128906,22767100
2022-08-31,256.835171011409,258.4996984815058,252.90601788695525,253.04151916503906,24791800
2022-09-01,250.5253174553684,252.4802216307378,247.1768588698768,252.00599670410156,23263400
2022-09-02,253.26410148725907,256.2060856971304,246.26715020417384,247.80589294433594,22855400
2022-09-06,247.9414362596074,249.51886860124202,243.81874738590238,245.08651733398438,21328200
2022-09-07,246.48976943648967,250.4866292810051,245.05748121497774,249.77049255371094,24126700
2022-09-08,249.20920755279656,252.03506518749612,246.57687045645707,250.18663024902344,20319900
2022-09-09,252.10279358860814,256.6803328721326,251.8995711991458,255.9351348876953,22084700
2022-09-12,257.212644911898,258.8288258614007,256.61263518710047,258.0545959472656,18747700
2022-09-13,250.49627701855277,252.00598798329736,243.47998110571493,243.86709594726562,33353300
2022-09-14,245.35743028204908,246.0348627486326,241.80573492367802,244.08966064453125,23913000
2022-09-15,241.71868768706014,243.2961347228246,236.1540384880937,237.47019958496094,31530900
2022-09-16,236.38627698047728,237.3927608644155,234.25719690326952,236.85081481933594,39791800
2022-09-19,234.65400280433187,237.23793382536144,233.0862280822725,236.63792419433594,26826900
2022-09-20,234.2669028613096,235.66047218929285,231.91522600942378,234.6346435546875,26660300
2022-09-21,236.39593765111695,239.67666009077757,231.19903006597912,231.24742126464844,28625600
2022-09-22,230.20227093577722,235.99918898239684,229.91195323025747,233.21202087402344,31061200
2022-09-23,231.81844612716222,233.35720386281167,227.61834912688556,230.25067138671875,34176000
2022-09-26,229.40869154061323,233.6668515472966,229.26351793341072,229.79579162597656,27694200
2022-09-27,232.24426616908045,234.00560575138226,226.94091751914982,228.7893524169922,27018700
2022-09-28,229.17642964868273,234.5184966384645,227.16347665591098,233.2991180419922,29029700
2022-09-29,231.18938529349765,232.21521385312766,226.853802133828,229.8441925048828,27484200
2022-09-30,230.60870866268925,232.7861798495217,225.22793778149074,225.3924560546875,35694800
2022-10-03,227.8215623611014,233.82170241211634,227.0957386105692,232.97975158691406,28880400
2022-10-04,237.18953820241006,242.28966427196394,237.08308345370094,240.8573760986328,34888400
2022-10-05,238.0605356080036,242.50257374872547,236.23146021082852,241.16705322265625,20347100
2022-10-06,239.93798363059574,242.2703009633561,238.1476271342794,238.83473205566406,20239900
2022-10-07,233.13457344372063,233.54104772265964,225.65375442204814,226.68927001953125,37769600
2022-10-10,225.53761706316808,226.99893677306147,219.42133569410282,221.860107421875,29743600
2022-10-11,220.28268877269275,221.67627288848584,216.88583856563983,218.14393615722656,30474000
2022-10-12,218.1342225142281,220.51493088352666,216.74065333491876,218.4729461669922,21903900
2022-10-13,212.76313280674802,228.4893134395643,212.06634085274027,226.68927001953125,42551800
2022-10-14,227.94737889006004,229.5925913283704,220.9794733149992,221.1923828125,30198600
2022-10-17,228.21834487388986,231.2571263231049,227.5602570081076,229.8732147216797,28142300
2022-10-18,235.39914650154014,236.06689189792664,227.78282647347956,230.8119354248047,26329600
2022-10-19,229.39900168382854,231.88616474151667,226.73764801989628,228.8570556640625,19985700
2022-10-20,228.16996380022994,233.53137553473397,227.29896641864062,228.53770446777344,21811000
2022-10-21,227.17319562442967,235.16693041205536,226.94092667336207,234.31529235839844,26299700
2022-10-24,235.90240190553322,239.85088505869388,233.52170816579923,239.2799072265625,24911200
2022-10-25,239.28957660185964,242.9477272430807,237.90567969361152,242.57998657226562,34775500
2022-10-26,223.71824496136685,230.61841449713438,222.64402516459023,223.86341857910156,82543200
2022-10-27,223.5924250678105,226.15701124638468,218.50198634809382,219.4407196044922,40424600
2022-10-28,218.9471714496145,228.97321801422746,218.763293726381,228.26673889160156,40647700
2022-10-31,226.22472462576297,227.34733548815285,223.69885756884622,224.64727783203125,28357300
2022-11-01,227.0376938120004,228.14094541319034,220.00203754140927,220.81495666503906,30592300
2022-11-02,222.0633939304996,223.84407823127708,212.94703338213586,213.00511169433594,38407000
2022-11-03,212.9954026993864,213.3050945982589,207.08235775345725,207.34365844726562,36633900
2022-11-04,210.53725019242813,214.44701376552226,206.55004889086803,214.2534637451172,36789100
2022-11-07,214.83414923285227,221.04719851693054,214.14702961237924,220.52459716796875,33498000
2022-11-08,221.32788282257266,224.18278700971726,218.56007395328075,221.49240112304688,28192500
2022-11-09,220.04074269428185,221.26013615245242,217.09874333274988,217.27293395996094,27852900
2022-11-10,227.84089369162848,235.48624560984527,227.42476185380536,235.14752197265625,46268000
2022-11-11,235.15720711007216,239.99603178997629,234.13136387371884,239.14439392089844,34620200
2022-11-14,234.18949089813225,236.0475981897714,231.4991049977139,233.763671875,31123300
2022-11-15,237.74116029609917,239.03796188941354,232.29263846364998,234.17010498046875,31390100
2022-11-16,235.62584176038104,236.60604855552322,233.3257795259496,234.5971221923828,24093300
2022-11-17,230.76365473112853,236.07224872369898,230.61808681154827,234.54856872558594,23123500
2022-11-18,236.32456307646515,236.5477869566877,231.97676193163215,234.10214233398438,27613500
2022-11-21,234.30598419845745,237.45038505549468,234.07307548881437,234.90769958496094,26394700
2022-11-22,236.40223227361014,238.07148033059326,233.6072243246812,237.79974365234375,19665700
2022-11-23,237.87740335454106,240.9538626225825,237.06219325627018,240.27452087402344,19508500
2022-11-25,240.01243748252853,241.36142112614246,239.44955019697596,240.1871337890625,9200800
2022-11-28,238.81873915133238,239.3719120438035,233.69454115958348,234.62620544433594,24778200
2022-11-29,234.27682232337006,235.6258059533278,231.18096449697632,233.2384033203125,17956300
2022-11-30,233.47135371926146,247.7958155951577,232.78229762918565,247.61141967773438,47594200
2022-12-01,246.3788718348064,248.56247947765692,243.51592255366535,247.1746826171875,26041500
2022-12-02,242.44837741835488,248.504239491352,242.32220868898867,247.49493408203125,21528500
2022-12-05,244.57380398114145,246.33040780500264,240.74036165582413,242.8172149658203,23435300
2022-12-06,243.41890331596056,244.42820886485632,236.58662873937655,237.8870849609375,22463700
2022-12-07,237.60565848816955,238.89641517033584,235.06297311301404,237.1592254638672,20481500
2022-12-08,237.61533452681962,241.4002634352855,235.88785939315616,240.09979248046875,22611800
2022-12-09,237.4794517893177,240.98292942150877,236.95539248747858,238.17820739746094,20609700
2022-12-12,240.1483469667902,245.08814984287235,239.87661027319498,245.0590362548828,30665100
2022-12-13,253.96810428467265,256.13231253660445,245.60246632207827,249.3388671875,42196900
2022-12-14,249.54272515265737,254.84160556776638,246.8059293712521,249.63006591796875,35410900
2022-12-15,246.2333645641647,246.69919682965315,240.0416175175289,241.66233825683594,35560400
2022-12-16,241.21588885198315,242.4678175315528,236.32459886583192,237.46978759765625,86102000
2022-12-19,237.63476384948163,237.97444210459676,231.66624165874438,233.35488891601562,29696400
2022-12-20,232.33589399962744,235.7423320849873,231.38481551475473,234.6650848388672,25150800
2022-12-21,234.55829818550004,238.37232600874938,233.02491849714485,237.21743774414062,23690600
2022-12-22,234.14096367729437,234.84943370848737,226.9690262734001,231.16156005859375,28651700
2022-12-23,229.1429380757911,231.82149149891836,227.03697155694044,231.6856231689453,21207000
2022-12-27,231.65651213728756,231.87972122287346,228.87120393787913,229.96786499023438,16688600
2022-12-28,229.89993593986588,232.64643111207874,227.26019552023155,227.6095733642578,17457100
2022-12-29,228.6964916617764,234.78148218567202,228.6964916617764,233.89833068847656,19770700
2022-12-30,231.18100636407286,232.87936810259998,229.67674014824095,232.74349975585938,21938500
2023-01-03,235.90728230837536,238.49849510687616,230.39487805775428,232.51055908203125,25740000
2023-01-04,225.4259564644858,225.99854338319813,219.2924526600918,222.3397979736328,50623400
2023-01-05,220.4958596008794,220.83553784778456,215.21637883212745,215.75015258789062,39585600
2023-01-06,216.4197883428899,219.09834182718123,212.8774972822173,218.29283142089844,43613600
2023-01-09,219.76798480761224,224.41665135349578,219.7291716302323,220.418212890625,27369800
2023-01-10,221.0393201111181,224.48457072526574,220.62201553173728,222.09716796875,27033900
2023-01-11,224.46515686951886,228.98765452783252,224.29047536414728,228.81297302246094,28669300
2023-01-12,228.3180220940589,232.821105949786,226.6681880812586,231.4721221923828,27269500
2023-01-13,230.00670447846073,232.3067667845128,227.98807845959973,232.1708984375,21333300
2023-01-17,230.948051370512,233.80130107166906,230.0940134168222,233.25782775878906,29831300
2023-01-18,234.4418366169308,235.22793302598163,228.57035512507287,228.85179138183594,30028700
2023-01-19,226.8817052615486,228.57036731781892,223.8731729886452,225.08628845214844,28623000
2023-01-20,227.92984354153225,233.63634353931783,227.59016528126836,233.13168334960938,35389800
2023-01-23,233.98571827354252,237.93561455180438,232.57849247852556,235.4220428466797,31934000
2023-01-24,235.34438219144687,236.7515930613996,233.34517042755766,234.89794921875,40234400
2023-01-25,227.5610395748184,236.1207891156233,224.08667522306712,233.51016235351562,66526600
2023-01-26,236.4604658112775,240.98296392015405,234.85915928502237,240.68211364746094,33454500
2023-01-27,241.6428822092,242.45809218411858,239.54661529494882,240.83737182617188,26498900
2023-01-30,237.2950922529375,238.3529402272609,235.0532571701788,235.5482177734375,25867400
2023-01-31,236.26634887736424,240.6335642533175,235.78110272448055,240.49769592285156,26541100
2023-02-01,240.68207771157887,247.6502049501311,238.22673350670416,245.2919158935547,31259900
2023-02-02,251.182852423541,256.8796381260482,249.65917223320272,256.79229736328125,39940400
2023-02-03,251.88161873138833,256.4041171018203,249.51361478434532,250.7267303466797,29077300
2023-02-06,249.84354121530777,250.67815038089995,247.26202813154237,249.19329833984375,22518000
2023-02-07,252.84238703481986,260.8392350360664,252.40565360237943,259.6649475097656,50841400
2023-02-08,265.1384914873045,268.5934414880708,258.354730598475,258.8594055175781,54686000
2023-02-09,265.7208390034506,265.8955501652922,255.0454213286766,255.8412322998047,42375100
2023-02-10,253.8128070553183,256.29726455325056,252.96848363602243,255.33648681640625,25818500
2023-02-13,259.742590569191,266.49720913120274,259.26702917112374,263.3139953613281,44630900
2023-02-14,264.62416219078045,266.856282749665,261.33417890703004,264.138916015625,37047900
2023-02-15,261.0547258535999,263.3994740205076,258.972656227329,262.02764892578125,28922400
2023-02-16,256.8711651698153,259.5175173851741,254.8085727958793,255.0518035888672,29603600
2023-02-17,252.36657534668234,253.04760380497552,249.068351286821,251.07257080078125,30000100
2023-02-21,247.58946437392655,248.57212619836037,244.77771723097973,245.82847595214844,28397400
2023-02-22,247.2100644145277,247.45329522642257,243.5616022361045,244.69992065429688,22491100
2023-02-23,248.64023054148305,249.88557094928385,243.69777930306105,247.8716278076172,29219100
2023-02-24,243.1918464363868,244.20367985270448,241.3822090117807,242.4718780517578,24990900
2023-02-27,245.62417017099744,245.97442307770388,242.63728915469153,243.38644409179688,21190000
2023-02-28,242.3259439798901,244.6804159093662,241.995138870055,242.6664581298828,22491000
2023-03-01,243.97025349114972,244.13564867889562,239.1348232621336,239.60183715820312,27565300
2023-03-02,239.8742028427946,244.592871158647,238.95965271701235,244.31072998046875,24808200
2023-03-03,245.36148024067188,248.69859936512998,244.58313878749726,248.37753295898438,30760100
2023-03-06,249.48667584365674,253.07676463691814,249.04886339595808,249.91476440429688,24109800
2023-03-07,249.36018084473946,250.71255821742662,246.528985881538,247.26840209960938,21473200
2023-03-08,247.1614177859818,247.64787941469785,244.01887982125263,246.83062744140625,17340200
2023-03-09,248.8932070956166,252.53193017156482,244.76800759955387,245.48797607421875,26653400
2023-03-10,244.2815470078051,245.9452372856859,240.89577859254197,241.8589630126953,28333900
2023-03-13,240.7011840514009,250.92661597294014,239.0764041542882,247.04464721679688,33339700
2023-03-14,249.79803486123274,254.00107026600773,248.93213379575317,253.72865295410156,33620300
2023-03-15,252.94062390775835,259.26462569990724,252.19145392381762,258.2527770996094,46028000
2023-03-16,258.0289586598438,269.07164313641664,256.1512239726221,268.7214050292969,54768800
2023-03-17,270.72555782486927,275.6582547664565,268.8380848690044,271.8638610839844,69527400
2023-03-20,269.4802718017387,269.96673338942173,262.5433248107774,264.85888671875,43466600
2023-03-21,267.43710366119547,267.5538496813645,262.2222204606799,266.36688232421875,34558700
2023-03-22,265.99713606358097,273.4302818621783,264.8101688435891,264.9172058105469,34873300
2023-03-23,270.4142324494357,273.4497475874127,267.7484328177196,270.1418151855469,36610900
2023-03-24,269.7332324450906,273.03145651581804,267.8263111878216,272.97308349609375,28172000
2023-03-27,272.90495366822654,273.83895161321755,268.05978551317787,268.8965148925781,26840200
2023-03-28,268.3225140934646,268.6630431725957,264.6837609123016,267.7776794433594,21878600
2023-03-29,271.4066545555062,273.5276497515444,270.87155865821495,272.9147033691406,25087000
2023-03-30,276.53397442659906,276.757727762298,273.8584356014265,276.35882568359375,25053400
2023-03-31,276.04750748202,281.4374805787577,275.33726286422353,280.4937438964844,32766000
2023-04-03,278.7619618964318,280.4645776022263,276.2615716824238,279.4527587890625,24883300
2023-04-04,279.4527472277195,282.5855611844231,277.93498937950386,279.4040832519531,25824300
2023-04-05,278.1100534490355,279.37484150873803,275.25939610333745,276.64093017578125,22064800
2023-04-06,275.5415076837403,284.1713297291427,274.3934656981096,283.704345703125,29770300
2023-04-10,281.3791115118309,281.75856581319096,277.00095709388467,281.55426025390625,23103000
2023-04-11,278.0128240085293,278.2366070491665,274.01412362630157,275.171875,27276600
2023-04-12,277.0788133677007,279.23870411334195,274.32542401576865,275.8139953613281,27403400
2023-04-13,275.91126538247534,282.05040792429327,275.50265429718814,281.9920349121094,24222700
2023-04-14,279.2289726922403,280.6689097907965,276.00859911070734,278.39227294921875,20987900
2023-04-17,282.0796326398558,283.70442754241606,278.4117226515916,280.980224609375,23836200
2023-04-18,283.6751635426458,283.86002128619106,279.2386370800672,280.5617980957031,20161800
2023-04-19,278.2462667608946,281.22340905975057,276.8355460862607,280.6396789550781,17150300
2023-04-20,277.5262765736857,281.20392420443534,277.3608666050033,278.36297607421875,23244400
2023-04-21,277.2927991907115,278.5186620047946,275.3955874268566,278.0224914550781,21676400
2023-04-24,274.45187596772155,277.234451496004,271.173129844423,274.1405334472656,26611000
2023-04-25,271.9417767926592,273.9751827450711,267.9138604386518,267.9625244140625,45772200
2023-04-26,288.66631890750085,291.45860367890464,284.80381270160626,287.372314453125,64599200
2023-04-27,287.95608640380885,296.9361784067996,287.2555804982626,296.576171875,46462600
2023-04-28,295.7783684985938,300.56513364270495,295.0973104351293,298.94036865234375,36469600
2023-05-01,298.65820207273595,300.2440714597597,296.887474923344,297.286376953125,21294100
2023-05-02,299.42684782678805,300.8083821173536,295.681087639922,297.1404724121094,26404400
2023-05-03,298.31766627691815,300.25377368049993,295.85617210321027,296.15777587890625,22360800
2023-05-04,297.94798558856564,299.42684782678805,295.1848873161754,297.1404724121094,22519900
2023-05-05,297.44211220444237,303.52288282414327,296.03136154416666,302.2386169433594,28197100
2023-05-08,301.7326922255804,301.8008039789724,297.80207398264633,300.2927551269531,21318600
2023-05-09,299.66030098483304,301.6450723308815,298.0160586463366,298.6873779296875,21340800
2023-05-10,300.26351860842567,304.5249264836218,299.33925948976275,303.8536071777344,30078000
2023-05-11,301.7034867589505,302.695857722587,297.9674652772338,301.71319580078125,31680200
2023-05-12,302.1412397708911,302.2385380136494,298.2982115576061,300.6040344238281,19774700
2023-05-15,300.7305724404115,301.50889913783726,299.26144888091557,301.080810546875,16336500
2023-05-16,301.4407853698495,305.21573217875385,301.4407853698495,303.299072265625,26730300
2023-05-17,304.49835287265563,306.58494426267947,302.9870076180216,306.1656799316406,24315000
2023-05-18,306.6824666262682,311.07995152372933,305.8926785291236,310.5729064941406,27276000
2023-05-19,308.8373747474863,310.79723506942764,308.47661095325554,310.3974609375,27546700
2023-05-22,310.65088838415517,314.5413277664758,310.07561254298156,313.16650390625,24115700
2023-05-23,312.04526511786804,314.66815212283035,307.3845270869392,307.394287109375,30797200
2023-05-24,306.8774578305602,308.60328539686515,304.8103271006574,306.0194091796875,23384900
2023-05-25,315.175173290878,318.7438600972789,312.0160206042334,317.788330078125,43301700
2023-05-26,315.935693050292,325.0816668912498,315.7992015223041,324.58441162109375,36630600
2023-05-30,326.866039835357,327.3632951279749,322.2735326633113,322.9463195800781,29503100
2023-05-31,323.99940574363865,327.5583326539221,319.16313582793106,320.19671630859375,45950600
2023-06-01,317.7980281716673,325.2084138620462,316.61822604492374,324.2821044921875,26773900
2023-06-02,325.9104976467162,329.07941048845686,324.2529005654924,327.03179931640625,25873800
2023-06-05,326.8562514071327,330.1129147289543,326.31022580563945,327.55828857421875,21307100
2023-06-06,326.96356317095973,327.0025735098163,323.8824307932031,325.354736328125,20396200
2023-06-07,323.37532887108034,326.1444673202271,314.45362725824225,315.3116760253906,40717100
2023-06-08,315.85773263123184,318.4903798108397,315.28245664141156,317.1448059082031,23277700
2023-06-09,316.881549531298,321.7568004475304,316.3160335177299,318.63665771484375,22529000
2023-06-12,320.3819105271756,323.81410551348466,317.0472562466259,323.5703430175781,24260300
2023-06-13,326.1249647437929,328.572349691123,322.14677395783576,325.949462890625,22951300
2023-06-14,325.9982202996805,330.58096729872784,324.50639495848685,328.9233703613281,26003800
2023-06-15,329.0598905688736,341.1114945004108,328.78687775426107,339.4149169921875,38899100
2023-06-16,342.5545684921727,342.70082003895476,333.41835487715986,333.7888488769531,46552000
2023-06-20,330.84420359010136,333.54508130008793,327.48026928452794,329.6156311035156,26375400
2023-06-21,327.9775897528391,329.3036733312241,323.784886322757,325.2377014160156,25117800
2023-06-22,325.7836365303023,331.63393536828784,325.02309887161056,331.2341613769531,23556800
2023-06-23,326.0176878258627,329.52787360599757,325.13041855453594,326.6612243652344,23146900
2023-06-26,325.39367934124914,327.7240333118318,320.29415725203825,320.40142822265625,21520600
2023-06-27,323.58006632131827,327.76303899280276,321.0839407974331,326.22247314453125,24354100
2023-06-28,326.3102386492254,329.5474118113246,325.48144019271336,327.4705505371094,20259500
2023-06-29,326.35897729326905,327.72404134255896,324.3211263632283,326.69049072265625,16997000
2023-06-30,329.32309010858233,334.17884912203095,328.7868245882197,332.0434875488281,26832800
2023-07-03,330.727231395335,332.394558661991,328.1726050055835,329.5571594238281,12508700
2023-07-05,326.7295447808277,333.1258712588089,326.37854101667716,329.71319580078125,18172400
2023-07-06,328.88436028376566,334.43239728548525,327.1292821478824,332.75531005859375,28161200
2023-07-07,330.8539462339244,333.2623207283037,328.5918232764179,328.80633544921875,21214800
2023-07-10,326.25171917261997,326.86600540201454,319.4166095021663,323.5508117675781,32791400
2023-07-11,322.800041689948,324.55511973893175,318.84134117994995,324.17486572265625,26698200
2023-07-12,328.20182929500714,333.1258197926784,327.29503995487715,328.786865234375,29995300
2023-07-13,331.0879956045949,335.16369770913235,330.56146024108614,334.11065673828125,20567200
2023-07-14,338.91765538868515,342.661844143398,335.7194923009407,336.62628173828125,28352700
2023-07-17,337.05526407197954,338.33257714303016,333.6621092446477,337.1040344238281,20363900
2023-07-18,337.2015639773949,357.6288755346599,333.63290678637566,350.520751953125,64738600
2023-07-19,352.72433009882633,353.4166072525743,343.64661716979606,346.2207336425781,39732900
2023-07-20,344.74842283159865,349.03863672095343,336.7530012262202,338.215576171875,33778400
2023-07-21,340.4386749626526,341.55997642385313,331.35120253084744,335.1929016113281,69405400
2023-07-24,337.2210689969038,338.2643797019485,333.7693834548789,336.49951171875,26678100
2023-07-25,338.4495845575855,343.11035203179654,336.46050402116185,342.2230529785156,41637700
2023-07-26,332.92106736693563,336.07048951280683,324.7988843745913,329.3426208496094,58383700
2023-07-27,331.9850652931189,332.81383406452954,320.84022015182325,322.46856689453125,39635300
2023-07-28,325.3449560601863,331.52676966933615,324.8574310459994,329.92767333984375,28484900
2023-07-31,328.5138989953868,329.27443689751834,325.0426931980882,327.5388488769531,25446000
2023-08-01,326.827001708787,330.0934250583603,325.37418677597503,327.94830322265625,18311900
2023-08-02,325.3059183538415,325.3059183538415,318.2172862001048,319.328857421875,27761300
2023-08-03,317.86632056535905,321.6495195711113,317.81757996467144,318.5098571777344,18253700
2023-08-04,323.5995783751702,326.7782506968959,319.0753323772253,319.60186767578125,23741500
2023-08-07,320.1772016181311,322.84882941223,319.34840306884576,321.873779296875,17741500
2023-08-08,318.8023993344605,320.54774749284115,314.9412089435367,317.91510009765625,22327600
2023-08-09,318.3245710835293,318.94858760325343,313.03978705069517,314.19036865234375,22373300
2023-08-10,317.88576445394,320.0698965106326,313.1665264082013,314.87286376953125,20113700
2023-08-11,312.26953644201075,314.3658880842269,311.2457160426732,313.0008239746094,24355500
2023-08-14,313.37129346143496,315.97465996300735,312.09395075011946,315.9551696777344,18836100
2023-08-15,314.9411611661193,316.9790121676308,312.89355014228914,313.82958984375,16966300
2023-08-16,313.4582836388938,316.9954627703804,312.4811692512175,313.06744384765625,20698900
2023-08-17,313.2042944549321,314.50384363723833,308.97337191344144,309.6280517578125,21257200
2023-08-18,307.29270464284144,311.0936940527994,304.4199858602723,309.2371826171875,24755000
2023-08-21,310.65393646381676,315.3831660095472,309.784320258957,314.5135498046875,24040000
2023-08-22,318.0507277854862,318.61744100027846,314.1031773769701,315.0802917480469,16084600
2023-08-23,316.40920172771865,321.66608212966844,316.05742502712076,319.51641845703125,21166400
2023-08-24,325.23254709942444,325.35957674760573,312.6375276630827,312.6473083496094,23281400
2023-08-25,314.11301793529276,317.9139780573097,311.5041089468064,315.5884704589844,21684100
2023-08-28,318.207066953983,318.68584344960186,314.3572339791844,316.29193115234375,14808500
2023-08-29,314.51363868595456,321.45115801127633,314.51363868595456,320.8941955566406,19284600
2023-08-30,321.14822344769897,322.262118428765,318.97902814860515,321.2654724121094,15222100
2023-08-31,321.6660497077852,323.33690686450706,319.30141990622377,320.2590026855469,26411000
2023-09-01,323.7277442108601,324.3921747944003,319.30141751711045,321.1383972167969,14942000
2023-09-05,321.47061510740485,327.1867399112931,321.13839981294905,325.9164733886719,18553900
2023-09-06,325.75045913900095,326.8057297509956,322.6236805967268,325.26190185546875,17535800
2023-09-07,323.70825547986243,325.4572688809115,321.4999672739755,322.3598327636719,18381000
2023-09-08,322.5357246617766,328.46681688735,321.9201377501079,326.62005615234375,19530100
2023-09-11,329.5220626550476,330.67508035139593,327.7534879124914,330.2060546875,16583300
2023-09-12,328.1345774558951,329.08237965274225,323.8939043767627,324.17724609375,17565500
2023-09-13,323.7277257811767,329.14094717585755,323.5909452896053,328.3690185546875,16544400
2023-09-14,331.3882919194356,333.0591489375493,328.8673502748984,330.9486083984375,20267000
2023-09-15,329.2093670251741,329.6783628105359,322.10572689470496,322.6626892089844,37679800
2023-09-18,320.2981230556272,322.8386267343985,318.8910757818205,321.529296875,16834200
2023-09-19,318.7054070395551,321.8517165023023,317.0833936077872,321.1286315917969,16505900
2023-09-20,321.9689546587249,322.0471106852366,313.1749256275898,313.428955078125,21436500
2023-09-21,311.9535360525413,317.9041588491349,307.79101939102566,312.21734619140625,35560400
2023-09-22,313.96639594173394,314.0934255806642,308.9147015377864,309.7550354003906,21447900
2023-09-25,309.34464808220946,310.39994834578414,307.7910397456029,310.2729187011719,17836000
2023-09-26,307.9180220612958,308.65085775757245,302.92495267803366,304.9964599609375,26297600
2023-09-27,305.1528159801847,307.1070447852302,302.6025617027996,305.6316223144531,19410100
2023-09-28,303.87278132742597,308.26004502387354,302.36804670236813,306.462158203125,19683600
2023-09-29,310.4781242122937,312.1587623008752,307.7715278533527,308.5238952636719,24147300
2023-10-02,309.0417636602757,314.5233913479347,307.96693177846345,314.4354248046875,20570000
2023-10-03,313.4875679533543,314.03477939534076,304.0877331522798,306.2178649902344,21033500
2023-10-04,306.84323355961436,312.71570064039577,306.8139213204077,311.660400390625,20720100
2023-10-05,311.7874898453599,312.6571361405953,307.6933773421631,312.0513000488281,16965600
2023-10-06,309.30558981860264,321.6563316821838,309.06131118825493,319.7705078125,25673600
2023-10-09,317.3179038998877,322.7408769349448,315.78382712320234,322.2718811035156,19891200
2023-10-10,323.38579530400693,323.5226056424412,320.17111018080624,320.8746337890625,20557100
2023-10-11,323.6300480505899,325.20321772099476,321.60744393030456,324.8123779296875,20063200
2023-10-12,323.0046828962765,325.9946502834495,321.1970154685532,323.5811767578125,19313100
2023-10-13,324.7732817040409,326.190079660526,318.8910340646987,320.2297058105469,21072400
2023-10-16,323.47367526332005,328.4472132631376,323.03399172229655,325.0273132324219,22158000
2023-10-17,322.0470977811233,325.82852534192716,319.91699576886526,324.4605712890625,18338500
2023-10-18,324.88074324116036,327.909803713785,320.78663169696983,322.5552062988281,23153600
2023-10-19,324.5485406563444,329.1703024841639,323.33692834747904,323.737548828125,25052100
2023-10-20,324.12841643957864,324.3238512632102,318.0019193859901,319.1940002441406,25027700
2023-10-23,318.0214287466955,325.1152889172781,316.96615830256553,321.7833251953125,24374700
2023-10-24,323.71803518553446,324.2456853865201,320.10272927891094,322.9656677246094,31153600
2023-10-25,337.1240202368528,338.2770379621599,329.89337919706037,332.87359619140625,55053800
2023-10-26,332.7465699625012,333.81162115649903,319.4578072066944,320.3860778808594,37828500
2023-10-27,322.867891093588,329.0139487725961,320.8843501338627,322.2620849609375,29856500
2023-10-30,325.77974409067264,331.6815239306809,324.235886505314,329.5904846191406,22828100
2023-10-31,331.09524685603606,331.24180806391223,327.03044704898707,330.3721618652344,20265300
2023-11-01,332.0136566147739,339.46904305176577,331.8768463077068,338.1499328613281,28158800
2023-11-02,339.29321044253436,340.84681883225545,336.879736569886,340.3485107421875,24348100
2023-11-03,341.62851616542054,346.27959030223104,339.38113512943426,344.7259521484375,23637700
2023-11-06,345.361075900052,349.3574699781312,345.26335850207806,348.3705749511719,23828300
2023-11-07,351.1749086935178,354.16487636600215,349.4454269438777,352.279052734375,25833900
2023-11-08,353.40270657525184,355.54258936078696,352.2985626023582,354.887939453125,26767800
2023-11-09,354.00856480709007,356.441600143659,352.11296032697913,352.4354248046875,24847300
2023-11-10,353.2170216186205,361.62999083919317,352.8066503312719,361.2098388671875,28042100
2023-11-13,359.79306407971893,360.03734267871334,357.52615152445077,358.2882995605469,19986500
2023-11-14,362.5192886771421,363.43777876485865,358.94304574778874,361.79620361328125,27683900
2023-11-15,363.5193564786247,365.3306930182784,359.4365063311856,361.9430236816406,26860100
2023-11-16,363.2060092906745,368.48335928952025,362.44231441681825,368.30712890625,27182300
2023-11-17,365.8006186204478,366.5447423144695,359.3287982048387,362.1192321777344,40157000
2023-11-20,363.46060991672704,370.95070053235196,363.24520725093254,369.55059814453125,52465100
2023-11-21,367.81760182816333,368.35609354646346,363.36268990163154,365.2719421386719,28423100
2023-11-22,370.0989155578587,371.8515087359404,367.13225084262217,369.9520568847656,23345300
2023-11-24,369.44288626548433,370.0695230751344,367.2986899991627,369.5408020019531,10176600
2023-11-27,368.9044009726802,372.683733332582,368.336537498751,370.6961364746094,22179200
2023-11-28,370.4415726583984,374.994370396148,370.25554172918464,374.7006530761719,20453100
2023-11-29,375.738494499301,376.2671856758015,369.5505906614915,370.9311218261719,28963400
2023-11-30,370.578664516551,372.1452267516367,367.6218003340975,370.9898986816406,30554400
2023-12-01,368.88479316220673,370.2555237215733,363.5486996979007,366.68182373046875,33040500
2023-12-04,361.3849305128498,361.79613477265366,355.3145134346435,361.4241027832031,32063300
2023-12-05,358.7902991826528,365.2816906598943,357.9776315061035,364.7333984375,23065000
2023-12-06,365.73209860202707,366.35870548187097,360.33726166675575,361.0911560058594,21182100
2023-12-07,360.5331422311326,363.68583789268007,358.66306211428184,363.1962890625,23118900
2023-12-08,361.48282487936234,366.6328576380953,360.53309906732864,366.4076843261719,20154400
2023-12-11,360.77796837530923,363.83274873288354,358.4477108287845,363.53900146484375,27708800
2023-12-12,363.09838231575895,366.5937682209635,362.7165198765075,366.5545959472656,24838300
2023-12-13,368.16027437565873,369.7464376106383,363.0200118977458,366.5447692871094,30955500
2023-12-14,365.50693426286074,365.9475401487158,356.5188251808004,358.28118896484375,43277500
2023-12-15,359.1819921925265,364.61597239957655,358.6238993402138,362.98089599609375,78502300
2023-12-18,361.7276838655909,365.20346900477807,360.97375945804686,364.86077880859375,21802900
2023-12-19,363.7249554315047,365.4579772949219,362.1094503782396,365.4579772949219,20603700
2023-12-20,367.161590586535,368.1700598934919,362.785023231556,362.8731384277344,26316700
2023-12-21,364.77259031859234,366.5839268091088,362.3052751851502,365.73211669921875,17708000
2023-12-22,365.86921479028837,367.3378613138971,364.91948884316713,366.7503967285156,17107500
2023-12-26,367.1616249726416,369.0610768362086,365.69297847275107,366.8287353515625,12673100
2023-12-27,365.8789757378514,367.2203346368523,365.0173650898164,366.25103759765625,14905400
2023-12-28,367.5238756999293,368.5910885400905,366.33917592392487,367.4357604980469,14327000
2023-12-29,368.14072884940924,369.2764857473798,365.6734134446601,368.1799011230469,18730800
2024-01-02,366.0454121665628,368.0427796247224,359.1036138103624,363.117919921875,25258600
2024-01-03,361.2968150611858,365.45797986261033,360.8072662610182,362.85357666015625,23083500
2024-01-04,362.9221847380646,365.30138515580745,359.4953425318744,360.2492370605469,20901500
2024-01-05,361.25767175006894,364.28307999206555,358.8392992881915,360.06317138671875,21004600
2024-01-08,361.58077277397365,367.3574731734819,361.296855951119,366.8581237792969,23134000
2024-01-09,364.23407123187167,368.13086016631314,363.43120410921466,367.93505859375,20830000
2024-01-10,368.5030366068967,376.1400174244854,368.4540936684552,374.7692565917969,25514200
2024-01-11,377.9316910243427,382.5138608324762,372.4291670394017,376.59033203125,27850800
2024-01-12,377.4323756542809,380.55569981393256,376.6099371438589,380.35009765625,21661200
2024-01-16,385.43158211314164,385.7938434606626,379.51782397721394,382.1124267578125,27202300
2024-01-17,379.8702558603142,381.95570842020396,376.76650366232656,381.3291015625,22234100
2024-01-18,383.5321225973024,385.75466344784127,381.96556042243856,385.6371765136719,23392100
2024-01-19,387.4877057228784,390.3368835449219,385.27493541414515,390.3368835449219,29331100
2024-01-22,391.6585662087808,392.24603067724127,385.36297653502737,388.2219543457031,27016900
2024-01-23,387.4778603727062,391.0319893054533,385.69589563777015,390.56201171875,20525900
2024-01-24,393.1468390669837,397.1513444657461,392.07962632176026,394.1455078125,24867000
2024-01-25,395.8687653294727,398.5025403738,394.1161721859946,396.4072570800781,21021200
2024-01-26,395.917682766026,397.68007633393063,394.01823107466254,395.48687744140625,17803300
2024-01-29,397.57238286313674,401.41045873539736,395.8785331996652,401.1558837890625,24510200
2024-01-30,403.64283177462937,404.41629745270484,397.9542764658384,400.0495300292969,33477600
2024-01-31,398.45353212037105,406.6388032074163,388.90733097100707,389.26959228515625,47871100
2024-02-01,393.430744217634,399.4717890769623,393.401372487154,395.3399963378906,30657700
2024-02-02,395.3693650314836,404.02458347610695,395.1245906528018,402.6244812011719,28256700
2024-02-05,401.3321553615057,402.56582806837224,395.5456841655395,397.1709899902344,25352300
2024-02-06,397.39614463854895,399.4424550677267,394.4882235276778,397.0142822265625,18382600
2024-02-07,398.9235343367266,405.64012962816963,398.88436206584436,405.3953552246094,22340500
2024-02-08,405.3953275824479,406.87377444064305,403.9071100669644,405.4540710449219,21225300
2024-02-09,406.57025541446654,412.02383590927224,406.4135962217608,411.75946044921875,22032800
2024-02-12,411.769283442755,411.94551383927785,406.0807287884979,406.580078125,21202900
2024-02-13,396.4758057908408,401.4985815288795,394.9582163813525,397.82696533203125,27824900
2024-02-14,400.2792461565028,402.01544302317166,396.8460672009255,401.672119140625,20401200
2024-02-15,400.34788638470263,401.3189759217452,396.5713838346197,398.79803466796875,21825500
2024-02-16,400.1712693339194,400.49498577796,395.73757539612643,396.3457336425781,22296500
2024-02-20,395.5414273661721,396.76756266074034,390.4112964520626,395.10003662109375,24307900
2024-02-21,392.53007321174096,394.60959394201785,389.63638185870155,394.5016784667969,18518900
2024-02-22,402.3587454167674,404.9483275530714,400.76967888893086,403.7908630371094,27009900
2024-02-23,407.73411674298126,407.92046175721333,401.162019956702,402.505859375,16295900
2024-02-26,403.60448178020243,404.2911294979053,399.5827521513917,399.75933837890625,16193500
2024-02-27,400.20071277924296,400.52442923735737,396.13976854109416,399.7004699707031,14835800
2024-02-28,400.38709194736896,401.48570431449235,397.5817089338175,399.9358825683594,13183100
2024-02-29,400.8383181687279,406.2921650523384,398.1702468207432,405.74285888671875,31947300
2024-03-01,403.4181602950467,407.93034462455915,403.0356216104399,407.5674133300781,17823400
2024-03-04,405.54665828189934,409.38201264934025,404.4480459696284,406.9984130859375,17596000
2024-03-05,406.0567462440755,406.3412180011649,392.991071894389,394.9626770019531,26919200
2024-03-06,395.27656457076307,397.4247558475786,390.7840183450358,394.4133605957031,22344100
2024-03-07,398.3664344564578,401.9565620702222,394.56050584072034,401.32879638671875,18718500
2024-03-08,400.1712786506048,402.58433424165736,396.61057729290076,398.4645080566406,18002200
2024-03-11,396.05149669102667,397.9348236347475,393.5992262388283,396.7969665527344,16120800
2024-03-12,399.83777202306123,407.6360037253644,399.02363143663507,407.3515319824219,22457000
2024-03-13,410.1177430442753,410.19620253246603,403.5947092048327,407.1750183105469,17115900
2024-03-14,412.21684262615895,419.6521433696343,410.009799228429,417.1017761230469,34157300
2024-03-15,411.28501994441507,414.53182378938754,404.9091164524236,408.4698181152344,45079900
2024-03-18,406.341265451297,412.6975620459207,405.88023735043,409.3526611328125,20106000
2024-03-19,409.8528643144651,413.61957818454806,407.61639479250874,413.3645324707031,19837900
2024-03-20,413.94328882066856,417.82767717758037,412.6288753346162,417.11163330078125,17860100
2024-03-21,421.6238168746318,422.5949364829968,419.0048083811868,421.172607421875,21296200
2024-03-22,421.49625883993525,421.6531778067011,417.9355573407252,420.5545654296875,17648500
2024-03-25,417.12133968666853,419.2499233779995,413.560638589499,414.7867736816406,18060500
2024-03-26,417.48433323864253,417.8570831519167,413.30568457627095,413.5999450683594,16725600
2024-03-27,416.3367294110972,416.3465480734724,411.0104044220357,413.3841857910156,16705000
2024-03-28,412.92309148516256,413.815721504757,411.11822405931304,412.68768310546875,21871200
2024-04-01,415.856044584665,419.720825298805,414.15906261710444,416.4642028808594,16316000
2024-04-02,412.08932675524255,414.31600751259526,409.8626759328322,413.3939514160156,17912000
2024-04-03,411.71659648353796,415.17920112214335,411.0888008867087,412.4228515625,16502300
2024-04-04,416.8761903565226,420.4859554910503,409.59786785676073,409.9019470214844,19370900
2024-04-05,411.9912731648726,418.36717662742586,410.33353586981326,417.39605712890625,16554800
2024-04-08,417.0527692258899,419.12247124179834,415.21844567326013,416.48382568359375,14272400
2024-04-09,418.2985199584035,419.5736887198931,413.5705349702072,418.1415710449219,12496900
2024-04-10,414.1296507389469,415.93451830181,411.68719880938414,415.1792297363281,16216600
2024-04-11,417.6902776086561,421.1724892503074,414.29631416534033,419.7599792480469,17966400
2024-04-12,415.9541310748391,417.06256218596104,411.75584496590756,413.8451843261719,19253800
2024-04-15,418.45542004596757,418.6712210349568,405.53684662340567,405.74285888671875,20273500
2024-04-16,406.6550977488978,410.4119627811132,405.8311384974836,406.6648864746094,16765600
2024-04-17,409.28398181705415,410.88286711080787,402.49608331512337,403.9772644042969,15855500
2024-04-18,402.79031869935466,404.02627254838046,396.2378594372626,396.5517272949219,21029900
2024-04-19,396.31635459832717,397.738683518828,390.1758594431205,391.5000915527344,30565800
2024-04-22,392.4417885622407,395.1589237744009,388.1944686964581,393.30499267578125,20286900
2024-04-23,396.5223162949651,400.4067342721825,395.3648518176367,399.78875732421875,15734500
2024-04-24,401.74082038465986,404.5952672679176,399.0138963761614,401.2503662109375,15065300
2024-04-25,386.507271018032,392.25540884693,380.6218216022703,391.421630859375,40586500
2024-04-26,404.3010028701169,405.1151436193312,398.01337683095016,398.56268310546875,29694700
2024-04-29,397.5130677635141,398.56264677395114,391.56876617151903,394.5703430175781,19582100
2024-04-30,393.82481984555585,394.4820415046003,381.74005368851095,381.89697265625,28781400
2024-05-01,385.11433904555116,394.05042796595137,382.85826224732904,387.3998718261719,23562500
2024-05-02,390.0679505478797,392.29460134045365,387.11540734616494,390.2445068359375,17709400
2024-05-03,394.5998261763426,399.37684524901124,394.18783148090995,398.8962097167969,17446700
2024-05-06,400.9560656726651,406.02734455936377,398.61168058742396,405.6448059082031,16996600
2024-05-07,406.74337133005633,406.7531899905989,401.2797058272895,401.5249328613281,20018200
2024-05-08,400.37736994582315,404.3598554078132,398.9452222175611,402.7021179199219,11792300
2024-05-09,402.73146980472023,404.84041635842834,401.2895336143813,404.44805908203125,14689700
2024-05-10,405.0562460600837,407.44966453116945,403.93799631140473,406.8218688964844,13402300
2024-05-13,410.0294855785296,410.36299080631596,402.97675254945415,405.8213806152344,15440200
2024-05-14,404.15378509704203,409.51935413927424,403.69275704643184,408.60711669921875,15109300
2024-05-15,410.66092785109674,416.46855556809163,410.0418362179186,415.7511901855469,22239500
2024-05-16,414.49338464088675,418.05070261448816,413.06852016596474,413.6974182128906,17530100
2024-05-17,415.2205942827064,415.59401656244523,410.78870878728935,412.9309387207031,15352200
2024-05-20,412.9309055053418,419.37726753163014,412.7147152549324,417.9720458984375,16272100
2024-05-21,419.4362019217813,425.4698558470045,417.4905197677202,421.6079406738281,21453300
2024-05-22,422.6397117823025,424.91953050673135,419.7309951274063,423.062255859375,18073700
2024-05-23,425.4698570651074,426.0889486573305,418.05065430726955,419.603271484375,17211700
2024-05-24,419.78997344657733,423.5929302999633,417.0581313925194,422.7085266113281,11855300
2024-05-28,422.1877338257991,423.35712243524114,419.2102222377172,422.86578369140625,15718000
2024-05-29,418.3160195321069,423.4750768037088,418.3160195321069,421.7357482910156,15517100
2024-05-30,416.9500674611062,416.9500674611062,407.0643338259667,407.4869079589844,28394500
2024-05-31,409.5308977885728,409.5308977885728,397.50293332640854,407.93896484375,47995300
2024-06-03,408.3319723384426,409.21637607324783,401.83648858598,406.3567810058594,17484700
2024-06-04,405.2856798357907,409.22622626275023,402.58331667273,408.8626403808594,14348900
2024-06-05,410.57245747625547,416.7338342090642,409.08860495020656,416.6650695800781,16988000
2024-06-06,416.66508413024746,417.9425528471417,413.29447761268017,417.1662292480469,14861300
2024-06-07,418.8171717087438,418.89577271534046,415.67259164399417,416.50787353515625,13621700
2024-06-10,417.34315052242914,420.66457531575907,416.5471841383872,420.4582214355469,13982900
2024-06-11,418.1096457911631,425.3224952545953,417.88361916349896,425.1849060058594,14551100
2024-06-12,427.7791794767063,435.71920053687387,425.7450298401941,433.41973876953125,22366200
2024-06-13,433.21338970261115,435.7093989946261,431.75901618030764,433.93072509765625,15960600
2024-06-14,430.68790003484014,435.4637283515464,429.15492551069684,434.9035949707031,13582000
2024-06-17,434.92324397820295,443.1286073434569,433.0856417971322,440.6031188964844,20790000
2024-06-18,441.9198947788086,442.34246889984814,437.18341197055486,438.6082763671875,17112500
2024-06-20,438.5689526211533,438.79497924029823,433.6260860366594,437.9793701171875,19877400
2024-06-21,439.63031872191465,442.77486911461057,438.77539399018497,441.9887390136719,34187100
2024-06-24,442.0082692588683,444.9071794974399,438.677008567092,439.9151916503906,15913700
2024-06-25,440.485247175796,443.6003484546943,439.0112307323745,443.13848876953125,16413400
2024-06-26,441.22215886891127,445.7424809709231,440.42619256271684,444.3274230957031,16507000
2024-06-27,444.3470860716105,448.267989524247,443.9441847148766,445.0054931640625,14806300
2024-06-28,445.22168389223947,447.49166642517747,438.6770484115445,439.20770263671875,28362300
2024-07-01,440.88808384173325,449.447196335744,437.94005138791704,448.81829833984375,17662800
2024-07-02,445.3494309967801,451.6287242891569,445.2609636362825,451.3240966796875,13979800
2024-07-03,450.25300481306164,453.03396893483153,449.94837718806366,452.7882995605469,9932800
2024-07-05,451.6483951731934,460.2370169877969,451.01949716215944,459.460693359375,16000300
2024-07-08,458.46817132419625,459.598274429734,456.4143789671548,458.1635437011719,12962300
2024-07-09,458.91038601076474,459.23465638604694,450.06628863582495,451.5796203613281,17207200
2024-07-10,453.2305340754163,458.3797547644369,450.9113994976311,458.17340087890625,18196100
2024-07-11,454.96002402992053,456.72883147324404,443.7279978013262,446.8234558105469,23111200
2024-07-12,446.459846610387,448.45468069664645,442.8436006787632,445.693359375,16324300
2024-07-15,445.4476817175394,449.33910606074033,443.61007966105154,446.09625244140625,14429400
2024-07-16,446.35175028412175,446.430351284593,438.92271119875926,441.733154296875,17175700
2024-07-17,434.92321432561624,437.1440749862863,431.5722805813875,435.83709716796875,21778000
2024-07-18,436.6429302135875,436.9475578488645,426.8751131633182,432.74169921875,20794800
2024-07-19,425.59766083378145,433.49839687991425,424.5167095108502,429.5381774902344,20940400
2024-07-22,434.1371082507153,436.898429671943,431.306992206013,435.2671813964844,15808800
2024-07-23,436.21051790501895,440.6227600869156,435.4243879336588,437.1440734863281,13107100
2024-07-24,432.82031037979385,433.8324669900576,420.18306232506063,421.4703674316406,26805800
2024-07-25,421.37209200547386,422.3547694868196,410.2776848331151,411.1522521972656,29943800
2024-07-26,410.9557819937685,421.49008700580964,410.04186903933714,417.9032897949219,23583800
2024-07-29,424.1039132176947,424.66404655168895,417.3431176712943,419.33795166015625,15125800
2024-07-30,420.3108034246303,421.6177512482942,410.13024936818454,415.5939636230469,32687600
2024-07-31,413.21586942488864,414.47369536650564,405.0694649339739,411.1031188964844,42891400
2024-08-01,413.50088916463085,420.05533154219523,405.9342601346404,409.8846130371094,30296400
2024-08-02,405.3446197900361,407.81114983489476,397.3358044115477,401.4139099121094,29437900
2024-08-05,382.42860065253456,394.09297731515574,378.9007621776494,388.30499267578125,40709200
2024-08-06,393.0709416682831,398.64273546156153,391.596925637027,392.68768310546875,24946500
2024-08-07,401.5613886423986,402.9764167958112,390.58486666117705,391.5282287597656,20650900
2024-08-08,395.4687471216862,398.82948747665125,393.01205329948556,395.71441650390625,20203000
2024-08-09,397.03117577316215,400.9815283942931,395.2918474526737,398.9866943359375,19276700
2024-08-12,400.0087309169643,401.6792947885224,397.23757296063644,399.7630615234375,16762900
2024-08-13,402.49490035510087,407.762067699129,402.4752575998139,406.8383483886719,19414300
2024-08-14,407.61460282522484,410.484034234621,405.30533476037385,409.638916015625,18267000
2024-08-15,413.27153919674845,414.56116454959863,411.16483466760724,414.482421875,20752100
2024-08-16,414.0591609720714,414.787643452163,410.81046198721873,411.9622802734375,22775600
2024-08-19,412.4446299731582,415.19125033166955,409.9835081573214,414.97467041015625,15234000
2024-08-20,415.14205004692775,419.2373304106215,415.08298552534507,418.1938171386719,16387600
2024-08-21,417.48500333716095,419.76893159636126,415.1617187597954,417.5440979003906,16067300
2024-08-22,417.7605748245769,420.1528076484466,408.16220140309326,409.08758544921875,19361900
2024-08-23,410.4953972510095,412.73993890763575,405.68142906839694,410.308349609375,18493800
2024-08-26,409.8948480483377,410.7906998560521,404.94307292164314,407.05963134765625,13152800
2024-08-27,406.43946532338146,407.91613833509496,403.8700687036349,407.40423583984375,13492900
2024-08-28,408.4280692350888,408.5461982686738,400.97578558888256,404.2146301269531,14882700
2024-08-29,408.4871077292706,415.4865229101855,404.21460437652166,406.6954040527344,17045200
2024-08-30,409.1369250633482,410.9975176628722,405.72088654420793,410.6529846191406,24308300
2024-09-03,411.4109748667296,413.35034007836833,400.7001678121759,403.07269287109375,20313600
2024-09-04,399.59761488778184,404.8447137580876,398.0815553280134,402.5411071777344,15135800
2024-09-05,401.28095677141835,406.67574622741506,399.8141378862011,402.03900146484375,14195500
2024-09-06,402.6985921439958,404.2638620080845,394.56703607993364,395.45306396484375,19609500
2024-09-09,400.9068736495872,402.2949499033103,395.89603343829765,399.4105224609375,15295100
2024-09-10,401.85200481793703,409.855548179251,401.3597804269513,407.7586975097656,19594300
2024-09-11,409.03840014283475,417.3963592828998,403.21045111442425,416.4611511230469,19266900
2024-09-12,416.72694031699655,420.7237992857079,413.2223056552003,420.35955810546875,17395700
2024-09-13,419.2077526362247,425.1144444971336,418.84351144501346,423.89373779296875,15874600
2024-09-16,423.90356722052456,426.7879943677343,421.5605747785227,424.6320495605469,13834700
2024-09-17,433.3838592052121,434.9786612819886,425.54762597309116,428.3828430175781,18874200
2024-09-18,428.2351941115192,429.2491750935579,423.71657808226,424.1103515625,18898000
2024-09-19,434.36830593406904,434.63409626466625,430.1056262859268,431.8677978515625,21706600
2024-09-20,430.4206328981448,432.409208323067,427.4672869965637,428.5009460449219,55167100
2024-09-23,427.52638627626743,429.67247726227924,423.6968964015023,426.76837158203125,15128900
2024-09-24,426.26630559260894,426.61086866115505,419.4736152765213,422.4958801269531,17015800
2024-09-25,423.1455340479856,426.38437839634133,421.9051492250097,425.39007568359375,13396400
2024-09-26,428.32378449228514,428.5305103087993,422.45647860828996,424.6025695800781,14492000
2024-09-27,424.80927883764434,425.1341637224931,420.8222737453315,421.36370849609375,14896100
2024-09-30,421.5507517579481,423.7264049247719,418.7549211722127,423.6082458496094,16807300
2024-10-01,421.78706729834266,421.81659955830685,412.2969671899716,414.1477355957031,19092900
2024-10-02,416.0082934736332,416.2445815766932,410.22958475813624,410.64306640625,16582300
2024-10-03,411.1353013004486,413.02542591560956,407.84724636027164,410.062255859375,13686400
2024-10-04,411.7357819472086,413.2223089798081,408.5166457695598,409.5896911621094,19169700
2024-10-07,409.5306419831522,410.6233655735784,402.6395013728588,403.1711120605469,20919800
2024-10-08,404.50993429186275,409.19591936395466,401.82240877121177,408.26068115234375,19229300
2024-10-09,409.39277177231503,413.8424985783194,407.8570343920262,410.9678955078125,14974300
2024-10-10,408.7726696220669,410.8596961873674,406.7249993762307,409.3731689453125,13848400
2024-10-11,409.6684790592566,410.6430736171545,406.8234080163179,409.8456726074219,14144900
2024-10-14,411.2730758524341,417.4455877275933,411.0269637053987,412.6217956542969,16653100
2024-10-15,415.61453317923247,415.9098858066577,408.80216519233556,412.22802734375,18900200
2024-10-16,408.71356498849764,409.8850312589263,404.09649835161355,409.6487731933594,15508900
2024-10-17,415.79171565844746,415.9295528895068,409.12700914123224,410.23944091796875,14820000
2024-10-18,410.6529471112624,413.12389293089865,409.78662744422246,411.6570739746094,17145300
2024-10-21,409.6487883889798,412.44461909285747,407.31564977599334,412.2674255371094,14206100
2024-10-22,411.9819175179694,423.8838984262341,411.53893363879695,420.8616638183594,25482200
2024-10-23,424.1595460644349,424.37612597688815,415.95910173602493,417.9969177246094,19654400
2024-10-24,418.7155536346828,419.35546932603506,415.83112614516494,418.1249084472656,13581600
2024-10-25,420.1233311665373,425.7937351729216,419.9362835126177,421.49169921875,16899100
2024-10-28,424.9470943239702,425.2227387354677,419.6704341057476,419.9559326171875,14882400
2024-10-29,421.3440812856283,426.43369473876635,419.17828193472,425.232666015625,17644100
2024-10-30,430.63720465561414,431.68071778433335,425.38025265537163,425.8035583496094,29749100
2024-10-31,408.9005310805985,409.6881079382487,399.9814297132333,400.0306701660156,53971000
2024-11-01,402.64932353081855,409.0383852046151,401.16279656048295,403.9881591796875,24230400
2024-11-04,403.42703719981586,404.0374205874987,399.26283871579096,402.1078796386719,19672300
2024-11-05,402.0192756499378,408.4477238969609,401.7337771398714,405.06121826171875,17626000
2024-11-06,406.00632872643234,413.91145024796907,404.1358522419557,413.6456298828125,26681800
2024-11-07,414.72850912180576,420.21189508853655,413.3502870767265,418.81396484375,19901800
2024-11-08,418.70576053564287,419.8674028807744,415.2208034572557,415.968994140625,16891400
2024-11-11,415.9492425000552,418.2036383732599,409.530647967578,411.5093994140625,24503300
2024-11-12,411.7456911405818,417.8394313280264,410.7120319666306,416.45135498046875,19401200
2024-11-13,415.0829505962656,422.65333320998997,411.70626883397995,418.58758544921875,21502200
2024-11-14,418.39068982634956,421.51140536702854,413.4684464166278,420.2513122558594,30246900
2024-11-15,413.29128434963707,416.22492241780895,407.2073982420546,408.5462341308594,28247600
2024-11-18,408.4182293083614,411.8933320342017,405.6913172118432,409.2944030761719,24727000
2024-11-19,406.68563392869004,411.4405385103304,405.1498961868294,411.2928771972656,18133500
2024-11-20,410.38713903081657,410.8006207181085,404.19494808048387,409.0285949707031,19191700
2024-11-21,413.80287334750346,414.07906953202513,404.717960528392,407.2629089355469,20780200
2024-11-22,405.7832472742104,411.73135363774225,405.4774597411712,411.3367919921875,24814600
2024-11-25,412.698073057269,415.36138685697927,409.21601445717323,413.1025085449219,27691100
2024-11-26,413.8916059444426,423.21327891734404,413.16166540924917,422.1775207519531,23458900
2024-11-27,419.33662612341953,421.427859986681,416.2885945934304,417.24542236328125,18332400
2024-11-29,414.384847961252,419.10980447039015,412.1259395107062,417.7090759277344,16271900
2024-12-02,415.84477479075025,427.11953971126485,415.58829615007085,425.1269836425781,20207200
2024-12-03,424.0024483022702,426.59673575541547,421.9309618493427,425.343994140625,18302000
2024-12-04,427.1490975254907,433.698935348809,426.754535872994,431.4794921875,26009400
2024-12-05,431.97270407918,438.6211597736825,430.2464705000807,436.6088562011719,21697800
2024-12-06,436.29321828806303,440.04162946603964,435.7704172944161,437.5459899902344,18821000
2024-12-09,436.5891402244184,442.2413029263077,434.51765390142566,439.9626770019531,19144400
2024-12-10,438.3548361326827,443.51378920495125,435.6027181772746,437.3092041015625,18469500
2024-12-11,438.0194510528632,444.23391032066826,438.0194510528632,442.8923645019531,19200200
2024-12-12,443.0106891858234,449.96496224230685,443.0106891858234,443.45458984375,20834800
2024-12-13,442.34983294961415,445.2992167545738,439.5286583553318,441.1957092285156,20177800
2024-12-16,441.1957234184863,446.03904550783295,439.2327587604127,445.4570617675781,23598800
2024-12-17,444.8849575716068,449.1068307764244,443.4645114369834,448.2880859375,22733500
2024-12-18,445.19076476731374,446.50268918818665,431.08495074501275,431.449951171875,24444500
2024-12-19,435.6224173363725,437.1612287919841,430.39440791706704,431.0947570800781,22963700
2024-12-20,427.2279700671991,437.71361011588573,422.80883168125047,430.67059326171875,64263700
2024-12-23,430.80871372187636,431.70635881030796,426.9518110200716,429.3389587402344,19152500
2024-12-24,428.7470606574343,433.629847299066,428.29331629516184,433.3634948730469,7164500
2024-12-26,433.11689244443306,434.95164765481866,430.7001836707867,432.1600646972656,8194200
2024-12-27,428.69783929596434,429.3094144533034,420.55987996664646,424.68310546875,18117700
2024-12-30,420.27373116896746,421.7434860363438,416.1702239850741,419.0604248046875,13158700
2024-12-31,420.313230174155,420.9346790911402,414.94710727917607,415.77569580078125,13246500
2025-01-02,419.7509500092328,420.2836247921959,409.21600045312425,412.89532470703125,16896500
2025-01-03,415.3613343174338,418.27128265418503,413.8422706035205,417.60052490234375,16662900
2025-01-06,422.1873855590837,428.42156165470556,419.70162020085996,422.0394287109375,20573600
2025-01-07,423.1738448521772,424.801430542522,415.0851952170159,416.6338806152344,18139100
2025-01-08,417.70906128958796,421.171402275518,415.81515330470927,418.79412841796875,15054600
2025-01-10,418.8631994200863,418.9420997125399,409.383695034764,413.2603454589844,20201100
2025-01-13,409.6007014640922,412.8164377086338,406.690782868284,411.52423095703125,17604800
2025-01-14,412.1357932076061,414.03957499111027,405.14208486737954,410.0248718261719,16935900
2025-01-15,413.43787278736687,422.3353628905166,412.58953664498,420.5203552246094,19637800
2025-01-16,422.87788427352234,423.6571336957602,418.6264203199314,418.8138122558594,15300000
2025-01-17,428.1946780656617,428.579395977241,422.35509365285844,423.2033996582031,26197500
2025-01-21,424.3575582513444,425.0480336398343,419.82002384260585,422.6806335449219,26085700
2025-01-22,431.6175824572203,441.1957044539868,430.0787709144918,440.1402587890625,27803800
2025-01-23,435.9972845633218,440.68277574358376,435.50407496539947,440.643310546875,18389300
2025-01-24,439.1143639891968,440.5841189283991,435.40541825453283,438.029296875,15549500
2025-01-27,418.2515848986201,429.2896173703644,417.7485015093757,428.6582946777344,35647800
2025-01-28,428.6977608632086,442.2906153004339,425.5214900534852,441.12664794921875,23491700
2025-01-29,440.6235877197962,440.81100977301065,434.41900262341227,436.3227844238281,23581400
2025-01-30,413.0827588425547,417.1172097708342,407.54896156269734,409.3540954589844,54586300
2025-01-31,413.2899333042713,414.976701732093,409.27519987674,409.42315673828125,34161900
2025-02-03,406.0101743775102,409.7684293585694,403.11009933813943,405.33941650390625,25679100
2025-02-04,407.0853452090854,408.29865167160733,404.1753965052981,406.7696838378906,20532100
2025-02-05,406.74994863541014,408.20982973334895,404.82641922275565,407.67718505859375,16316700
2025-02-06,408.37753095462284,412.5205034548323,408.37753095462284,410.1728210449219,16309800
2025-02-07,410.82388435232116,412.96439718513943,402.5576865372201,404.1852722167969,22886800
2025-02-10,408.09142837737437,409.8176617640726,405.33934082368563,406.6216735839844,20817900
2025-02-11,404.07678288840276,406.88805357704496,403.741373863551,405.8523254394531,18140600
2025-02-12,401.67976029438313,405.17169274595005,398.8783333348811,403.48492431640625,19121700
2025-02-13,401.4726062482461,405.4182829681306,400.8412835235649,404.96453857421875,23891700
2025-02-14,402.25191655873215,403.35670130819824,400.3678521686821,402.8832092285156,22758500
2025-02-18,402.4590098668831,405.0237056562673,400.9793811541372,404.0767517089844,21423100
2025-02-19,402.34067225656025,409.8473079963777,402.11378500109834,409.1370849609375,24114200
2025-02-20,410.47144681938056,414.4447923675228,407.75335474991726,411.30169677734375,23508700
2025-02-21,412.4976421272199,413.1993956224997,403.15730762956775,403.47357177734375,27524800
2025-02-24,403.77011965609864,404.62012670611466,394.6867476536957,399.31243896484375,26443700
2025-02-25,396.4460551720573,397.2565479767241,392.0971142682963,393.2831726074219,29387400
2025-02-26,393.3919357776839,398.9170718958632,389.6755530638089,395.09197998046875,19619000
2025-02-27,396.61410618114576,401.03224256641477,387.6197164134029,387.97552490234375,21127400
2025-02-28,388.1040123360274,393.0163471729864,382.0846775634414,392.3837585449219,32845700
2025-03-03,394.1925506012372,394.1925506012372,381.6794393165997,383.9823913574219,23007700
2025-03-04,378.9514422192701,388.0249203607145,376.5792952112664,384.1009826660156,29342900
2025-03-05,384.822503579622,397.0094560898268,384.2986543499986,396.3669738769531,23433100
2025-03-06,389.70521049036057,397.4838909032578,388.12376908504734,392.2849426269531,23304600
2025-03-07,387.76795648683793,390.2191619837315,381.0666253730808,388.7464599609375,22034100
2025-03-10,381.3630804282287,381.9165803142037,372.8431034368126,375.7489929199219,32840100
2025-03-11,374.6025480432253,381.5213286139445,372.53680146387217,376.0357360839844,30380200
2025-03-12,378.5066728711865,380.7503233781215,374.55308456142495,378.82293701171875,24253600
2025-03-13,378.71423026442886,380.8491715851453,373.07049136146827,374.3751525878906,20473000
2025-03-14,375.3734493768336,385.7022111357248,375.10659301872727,384.05157470703125,19952800
2025-03-17,382.2131473268013,388.1533930243756,381.09625384575537,384.18994140625,22474300
2025-03-18,382.57889637930924,382.8754034622388,376.6781641211092,379.070068359375,19486900
2025-03-19,381.0567525075918,385.1585946525035,379.5445060727477,383.3201904296875,19185500
2025-03-20,381.2642891356356,387.24410971121733,378.8328407062668,382.3515319824219,18470500
2025-03-21,378.7735544022507,387.19468720298374,378.35841433019584,386.72027587890625,39675900
2025-03-24,390.81222312553433,390.81222312553433,385.28708673252123,388.5191345214844,21004500
2025-03-25,389.3493790004213,391.7610400507305,388.08423198363494,390.5749816894531,15775000
2025-03-26,390.4168571879551,390.72325787798576,384.0614710304359,385.4452209472656,16108400
2025-03-27,385.60336562359333,387.6888690270636,382.9050306805178,386.0481262207031,13766800
2025-03-28,383.5771084434194,384.6149434292676,372.55648752516225,374.40478515625,21632000
2025-03-31,368.2174556076631,372.6948931611048,362.97893300010196,371.0343933105469,35184700
2025-04-01,370.302940607575,378.4078083047587,368.8994337189865,377.7554626464844,19689500
2025-04-02,373.584455994143,380.61194495123306,372.2501138660857,377.7060852050781,16092600
2025-04-03,370.4413527847735,373.10014336261634,365.0644702169303,368.78082275390625,30198000
2025-04-04,359.9050576420754,370.24368334469244,355.3090169453245,355.6648254394531,49209900
2025-04-07,346.8087713756296,366.6953157485582,340.7894367933375,353.707763671875,50425000
2025-04-08,363.98712785508354,369.3145725706382,346.18608632628985,350.4460754394531,35868900
2025-04-09,349.43791334353114,388.66739600040677,349.00301621371585,385.95916748046875,50199700
2025-04-10,377.627015987976,379.4456631401157,363.5324628545339,376.9252624511719,38024400
2025-04-11,376.2234920445777,385.52428234575257,374.4937970946495,383.94287109375,23839200
2025-04-14,388.6575040815548,390.0709046779098,379.75203666792555,383.3102722167969,19251200
2025-04-15,384.00213704858294,387.342923812398,379.7026039659422,381.25439453125,17199900
2025-04-16,376.25315416820064,377.18221973337427,363.730149078798,367.2982482910156,21967800
2025-04-17,369.4134583988685,369.97685204957713,362.633067995427,363.5127258300781,21120200
2025-04-21,358.6102367890087,360.25097956592975,351.54320368031085,354.9531555175781,20807300
2025-04-22,359.1637239988867,363.5027713530303,355.6845470865514,362.5638122558594,19485000
2025-04-23,371.6966268435602,375.9764033603888,368.69189108581185,370.0460205078125,20545500
2025-04-24,371.34083029267134,383.94289425966036,370.8367380816756,382.80621337890625,22232300
2025-04-25,382.50964370251074,387.60977590482884,380.13749690604453,387.3033752441406,18973200
2025-04-28,387.41210451108003,388.18305301396595,382.1538550582223,386.62139892578125,16579400
2025-04-29,386.75975859738145,390.51568553400665,385.85045019118235,389.4679870605469,14974000
2025-04-30,385.7713871677669,392.0576085897077,379.97939447353656,390.6738586425781,36461100
2025-05-01,426.1078502028247,431.91962985286955,419.9699127886788,420.464111328125,58938100
2025-05-02,426.73058824697114,434.34125858777406,425.00089318437847,430.2295227050781,30757400
2025-05-05,427.84743296236513,434.40051033348516,427.0962415401901,431.1091613769531,20136100
2025-05-06,427.18524232094876,432.65107712392626,426.1671945058241,428.2823486328125,15104200
2025-05-07,428.80620435216304,433.0365428333408,426.1078693467033,428.3218994140625,23295300
2025-05-08,432.8487322038109,438.5221520354275,430.60508165893515,433.0859680175781,23491300
2025-05-09,434.89471877509555,435.6261229679929,430.8225275981773,433.63946533203125,15324200
2025-05-12,440.7657862582039,444.15598092637396,434.6772567640601,444.0472717285156,22821900
2025-05-13,442.5844751269483,445.4409573721911,440.19254074927665,443.9287109375,23618800
2025-05-14,442.940276452347,448.6334230518337,442.940276452347,447.6845703125,19902800
2025-05-15,446.3576953837484,451.7246558325709,446.0210270484144,448.6946105957031,21992300
2025-05-16,447.6251542704443,449.91254071320964,444.3376746324017,449.82342529296875,23849800
2025-05-19,446.46663650360125,455.0913715701619,446.3874026485213,454.37841796875,21336500
2025-05-20,451.13050930908776,453.8535912700005,449.87295142774695,453.6852722167969,15441800
2025-05-21,450.12049890400635,453.29906971148773,447.3875051898017,448.14007568359375,19216900
2025-05-22,450.4967994491365,455.74490907390424,449.4570590917957,450.40765380859375,18025600
2025-05-23,445.5754438212613,449.2491205375805,444.51591011589574,445.7734680175781,16883500
2025-05-27,452.0118204825961,456.4380677238799,451.65532857824905,456.18060302734375,20974300
2025-05-28,456.7053805592909,457.9926435100278,452.457364471685,452.8831481933594,17086300
2025-05-29,457.0321797296883,457.2005290082406,450.8532686393741,454.1902770996094,13974800
2025-05-30,455.2200705832806,457.16087682654637,451.08099341488645,455.8537902832031,34770500
2025-06-02,452.66535029783114,457.58667299374565,452.41779739511384,457.44805908203125,16626500
2025-06-03,456.9529759669727,459.5968543955761,456.3489311405408,458.43829345703125,15743800
2025-06-04,459.4582001214203,461.1316602074749,458.48778183720145,459.3294677734375,14162700
2025-06-05,460.4088263203011,465.0529216385449,459.4879366863286,463.1022033691406,20131700
2025-06-06,465.4885869985769,468.7067748339504,464.19141216551986,465.7757568359375,15285600
2025-06-09,465.1024554626714,468.7959258262165,464.03300988597726,468.1225891113281,16469900
2025-06-10,466.57783210788693,468.172058367284,462.38922592870773,466.31048583984375,15375900
2025-06-11,465.4193094086897,470.81597545897466,465.0628476886827,467.9938659667969,16399200
2025-06-12,470.37032681118086,475.7174938929388,468.88500933710617,474.1826477050781,18950600
2025-06-13,471.7467626653197,474.48963821321644,468.1324959807857,470.3109436035156,16814500
2025-06-16,470.5584575569121,475.98482813726486,470.3505215770748,474.45001220703125,15626100
2025-06-17,470.74663593423935,474.0539393845567,469.4395492382731,473.3608093261719,15414100
2025-06-18,473.321120370827,476.2917550175058,469.8157630264656,475.5391845703125,17526500
2025-06-20,477.5097592999014,478.7277002496467,472.2022093150259,472.7270202636719,37576200
2025-06-23,473.5290716918197,482.97569863590195,467.8848838113984,481.2428283691406,24864000
2025-06-24,484.1640031375646,487.0356109071577,482.0350238939456,485.3126220703125,22305600
2025-06-25,487.2237477118272,489.71907018583636,484.59969288856837,487.45147705078125,17495100
2025-06-26,488.15456314430565,493.1650318097281,487.98621386300664,492.580810546875,21578900
2025-06-27,492.6797975508017,494.4126679494895,488.2040517426954,491.0855712890625,34539200
2025-06-30,492.17476425163517,495.8583524786177,490.48148071954876,492.5411376953125,28369000
2025-07-01,491.61036068604886,493.1748817381986,486.1741086010328,487.2336120605469,19945400
2025-07-02,485.1937811955959,488.66943364597034,483.9164299655294,486.28302001953125,16319600
2025-07-03,488.9763901568408,495.2345347518064,488.6100166980764,493.9571533203125,13984800
2025-07-07,492.51147619590915,493.86806132382594,490.38252718836065,492.84814453125,13981600
2025-07-08,492.37283752871576,493.3234624825612,489.27347018920887,491.7589111328125,11846600
2025-07-09,495.40288075164045,501.8194631786975,494.8483646402868,498.58148193359375,18659500
2025-07-10,498.12595942487985,499.502368126141,492.8778497571002,496.57135009765625,16492100
2025-07-11,493.5907782355643,500.0865639242522,492.9273231662245,498.393310546875,16459500
2025-07-14,496.6109653955542,499.0369961700355,496.1257713282032,498.0962829589844,12058800
2025-07-15,498.09622485625505,503.3245408608939,497.8684955298327,500.86883544921875,14927200
2025-07-16,500.23514183467364,501.760076321519,496.97736708309617,500.67083740234375,15154400
2025-07-17,500.730191050298,508.3449206172861,500.67078077223215,506.6912841796875,17503100
2025-07-18,509.4440643876484,509.6025320949179,502.4630844244223,505.05743408203125,21209700
2025-07-21,501.75007658599196,507.0774496784972,500.60142758337014,505.0672912597656,14066800
2025-07-22,505.96840625923335,506.19616579872985,500.3241882324219,500.3241882324219,13868600
2025-07-23,501.78972599996087,501.8293429250601,495.79895793496456,500.9183349609375,16396600
2025-07-24,503.7899408054956,508.6419715627398,502.33432855643633,505.8793029785156,16107000
2025-07-25,507.4536969863606,513.2167356071609,505.36436506751977,508.6816101074219,19125700
2025-07-28,509.0480107678364,509.9589885432546,505.12675096242896,507.48345947265625,14308000
2025-07-29,510.4838436674275,512.5533521818816,506.5526719682665,507.55279541015625,16469200
2025-07-30,510.12731827097724,510.89971236727115,504.4534248625209,508.2162170410156,26380400
2025-07-31,549.7952354974353,550.0131135040644,526.6936395202101,528.2779541015625,51617300
2025-08-01,529.7632164041114,530.5553736121248,515.7616096000787,518.9797973632812,28977600
2025-08-04,523.0990575737549,532.9813491761439,522.9604134562841,530.3969116210938,25349000
2025-08-05,531.9218555369729,532.0406760929504,522.0791498987046,522.5841674804688,19171600
2025-08-06,525.70337986457,526.4955370830186,518.9006307843745,519.8016967773438,21355700
2025-08-07,521.6434435727333,522.9208551796034,512.483986539974,515.7418212890625,16079100
2025-08-08,517.4845698020915,519.524403327164,514.3257923084495,516.9300537109375,15531000
2025-08-11,517.1875004407061,522.4257584225397,514.6327376205326,516.6627197265625,20194400
2025-08-12,518.6233183732385,525.7825288027884,517.5836082950698,524.0595703125,18667000
2025-08-13,526.901545781552,527.4857972911225,514.2862580919234,515.4844360351562,19619200
2025-08-14,517.4449565045493,520.8017882377586,515.0486614235291,517.36572265625,20269100
2025-08-15,517.6529556536844,520.9503168823401,513.9990723038397,515.078369140625,25213300
2025-08-18,516.4845535034275,517.7024945692299,508.98864359035275,512.0384521484375,23760600
2025-08-19,509.9589996924715,510.11740696385556,503.5721224631474,504.7801818847656,21481000
2025-08-20,504.87920872605446,505.9981527246316,499.5023667236012,500.76983642578125,27723000
2025-08-21,499.57962247206007,503.48747238505433,498.6175369804135,500.1251220703125,18443300
2025-08-22,500.13506667774504,506.5621975190336,498.3100856343386,503.09075927734375,24324200
2025-08-25,502.4956437530773,504.04291093011733,500.00611695670057,500.1449890136719,21638600
2025-08-26,500.2440985723917,500.85906441774694,494.44186237473224,497.94305419921875,30835700
2025-08-27,497.90339657266526,503.1502356611414,495.82052770460996,502.6047058105469,17277900
2025-08-28,502.9518399416591,506.919197559233,501.3748189208979,505.4810485839844,18015600
2025-08-29,504.5090702372647,505.44140176386463,500.3730863144936,502.5551452636719,20961600
2025-09-02,496.38587753866574,501.87074834041937,492.75574161607386,500.9979248046875,18128000
2025-09-03,499.6787766683557,503.6461342434815,498.22077154875547,501.2260437011719,16345100
2025-09-04,500.1846427841772,504.00323087503085,499.0440334241921,503.82470703125,15509500
2025-09-05,504.9157608525771,507.7920894589463,488.3520284612672,490.9605712890625,31994800
2025-09-08,494.0451377441344,497.1099483047291,490.990285532587,494.1344299316406,16771000
2025-09-09,497.33805669614713,498.15137232357364,493.63851485593227,494.34271240234375,14410500
2025-09-10,498.8754294126598,499.1233892811019,492.66650462093776,496.2867126464844,21611800
2025-09-11,498.15138006137016,499.0638857033828,493.8170463660224,496.9215087890625,18881600
2025-09-12,502.51544395369297,508.3672905695674,499.73830564164535,505.7389221191406,23624900
2025-09-15,504.63805606783444,511.26350676755015,502.8626547877709,511.1544189453125,17143800
2025-09-16,512.6619733694059,513.0090929577493,504.449544036503,504.8859558105469,19711900
2025-09-17,506.4530503919847,507.1175961354426,501.80132099339164,505.8579406738281,15816600
2025-09-18,507.31598208941665,508.88310546808697,503.51725007824297,504.3008117675781,18913700
2025-09-19,506.39351766303514,515.0621842649809,506.1455578149837,513.703369140625,52474100
2025-09-22,511.3826037577857,513.5150225661836,508.3574445613838,510.25189208984375,20009300
2025-09-23,509.60711582016205,510.3907077578639,503.17008724169204,505.0744323730469,19799600
2025-09-24,506.215041937542,508.29788064425674,502.7832857896144,505.9869079589844,13533700
2025-09-25,504.1520203242895,505.8480877116936,500.9186440433766,502.89239501953125,15786500
2025-09-26,505.8976246789574,509.74596656687834,502.4856945681329,507.28619384765625,16213100
2025-09-29,507.325895548039,512.6322125671903,504.72728094557834,510.40057373046875,17617800
2025-09-30,509.05168089535164,513.9315141469417,505.5009089039439,513.7232666015625,19728200
2025-10-01,510.5989672146665,516.262392605391,507.5143608700387,515.4689331054688,22632300
2025-10-02,513.4157691025699,517.3434144406598,506.51254498360566,511.53125,21222900
2025-10-03,512.8801529316524,516.2425031799986,510.7973143114264,513.1281127929688,15112300
2025-10-06,514.377848960065,526.6965386672223,513.9712214168786,524.256591796875,21388600
2025-10-07,523.9788048028778,525.4764919541412,517.1847292577561,519.7039794921875,14615200
2025-10-08,519.0097599169904,522.6497936321297,518.8213080060119,520.56689453125,13363400
2025-10-09,518.07745494396,520.0512058016051,513.1777655449532,518.136962890625,18343600
2025-10-10,515.3994417043425,519.307291372133,505.4711195982234,506.7902526855469,24133800
2025-10-13,512.1958293204747,512.1958293204747,507.50444767633473,509.8551025390625,14284200
2025-10-14,506.0662576446326,511.07506506957225,501.87076583985106,509.3789978027344,14684300
2025-10-15,510.75768630195654,512.9694689959882,505.83814063109804,509.2401428222656,14694700
2025-10-16,508.3970827878481,512.6321960787722,503.9833851231019,507.4349670410156,15559600
2025-10-17,504.88595648751925,511.27337462741934,503.1700633614309,509.388916015625,19867800
2025-10-20,510.41049011219013,514.4671401409408,509.2401268135401,512.5726928710938,14665600
2025-10-21,513.2769402267872,514.4572316509175,508.8533142722573,513.4356079101562,15586200
2025-10-22,516.8971823641815,520.943843958813,513.4852520447155,516.2921142578125,18962700
2025-10-23,518.1964086283891,519.6742395740552,514.3777908083965,516.3118896484375,14023500
2025-10-24,518.5237814648117,521.0628883153897,516.4607987679614,519.3370971679688,15532400
2025-10-27,527.440383046071,530.2175212473691,524.6929685473742,527.1824951171875,18734700
2025-10-28,545.511702993095,549.2013167264516,536.3570441492753,537.6464233398438,29986700
2025-10-29,540.4929653309738,541.8121286840217,532.3499420595073,537.130615234375,36023000
2025-10-30,526.150935240438,530.6042843733296,517.8591725476514,521.469482421875,41023100
2025-10-31,524.5640822050067,525.0004940086545,510.89650476941233,513.5844116210938,34006400
2025-11-03,515.5680732671589,520.6760707602963,510.3907002836433,512.810791015625,22374700
2025-11-04,507.5837474278435,511.34279700787874,503.6957236126803,510.1327819824219,20958700
2025-11-05,509.1112106662694,510.6287541811956,502.4460479183387,503.0213317871094,23024300
2025-11-06,501.53353925537283,501.5732213085109,491.7639146320967,493.04339599609375,27406500
2025-11-07,492.89466053302914,495.304823297102,489.22484220934433,492.7657165527344,24019800
2025-11-10,495.9593732946225,502.71379706788474,494.7294718777327,501.8707275390625,26101500
2025-11-11,500.68055811559174,505.4414057875519,498.2505695472254,504.5289001464844,17980000
2025-11-12,505.203338237195,507.494515261433,495.0469117437556,506.9688415527344,26574900
2025-11-13,506.1455939798088,509.3095642884979,497.1992129195551,499.1828918457031,25273100
2025-11-14,494.16416907736203,507.42505738590404,493.38060745410195,506.0166320800781,28505700
2025-11-17,504.3007594029326,507.9407930820625,500.78963942134817,503.34857177734375,19092800
2025-11-18,491.3275301094218,498.87544447228873,482.8076324047851,489.76043701171875,33815100
2025-11-19,486.1005289347495,491.14898819063853,478.88983663624714,483.14483642578125,23245300
2025-11-20,489.60385435710714,490.45844852333465,472.50235794747454,475.41387939453125,26802500
2025-11-21,475.4834301610789,475.9007957312625,465.3179114267742,469.1436462402344,31769200
2025-11-24,472.0055061050608,473.89352206444323,465.0694984877541,471.0118103027344,34421000
2025-11-25,471.08139630740516,476.12935785467323,461.95927573241335,473.98297119140625,28019800
2025-11-26,483.244222260298,485.23161394332453,478.1664510662567,482.4393310546875,25709100
2025-11-28,484.5260924315005,489.5243812398697,483.5820692635899,488.9082946777344,14386700
2025-12-01,485.3607732415945,486.7718042788117,481.59465771305275,483.6714782714844,23964000
2025-12-02,483.6516286444489,490.38888506208144,483.2541563831954,486.91094970703125,19562700
2025-12-03,473.3171775583083,481.18723109312356,472.2042431453193,474.7182922363281,34615100
2025-12-04,476.7355376297969,478.28570075231454,473.48613274494215,477.8087158203125,22318200
2025-12-05,479.4780948278929,480.35255199911325,475.86105782216015,480.11407470703125,22608700
2025-12-08,481.8331697469475,489.19642891935564,481.3263751862239,487.92449951171875,21965900
2025-12-09,486.01663804004494,489.0175885389743,485.4204144751398,488.918212890625,14696100
2025-12-10,480.97857754952304,481.19719183884354,472.084987996716,475.5430603027344,35756200
2025-12-11,473.6252734590456,482.96600869209163,472.86010822118624,480.4221496582031,24669200
2025-12-12,476.79515128743174,479.4085762318817,473.3370788032073,475.5132751464844,21248100
2025-12-15,477.0733729131614,477.6894594742654,469.5411415575728,471.82666015625,23727700
2025-12-16,468.9350114671635,474.87732355778707,467.911505956298,473.38677978515625,20705600
2025-12-17,473.903466892556,476.9739832708393,472.0055042784347,473.1184387207031,24527200
2025-12-18,475.1754171439269,486.51349034093164,474.87732052138307,480.9289245605469,28573500
2025-12-19,484.2875835443981,484.7745151206103,479.44828972039977,482.856689453125,70836100
2025-12-22,483.05539282771,485.6489546100234,479.6470235443271,481.86297607421875,16963000
2025-12-23,481.922585996358,484.75459468390824,481.6840783901604,483.7807922363281,14683600
2025-12-24,482.61817584356095,486.0762481946253,481.77352833631136,484.94342041015625,5855900
2025-12-26,483.64171061957336,485.04282544173617,482.8964387136479,484.6354064941406,8842200
2025-12-29,481.80333660098637,485.27135560420123,481.1276307272214,484.02923583984375,10893400
2025-12-30,482.8666136001516,486.5929730105466,482.43933166580535,484.4068603515625,13944500
2025-12-31,484.7645645601486,485.06269150087525,480.25317705215497,480.5711669921875,15601600
2026-01-02,481.3363251826272,481.6046121327098,467.1960229709088,469.95849609375,25571600
2026-01-05,471.071443053882,473.0687813775576,466.5401924921144,469.86907958984375,25250300
2026-01-06,470.81304872472026,475.7219083069673,466.78859294331005,475.4933776855469,23037700
2026-01-07,476.73554642416184,486.61288592496,474.9369593023546,480.4221496582031,25564200
2026-01-08,478.20618966596595,479.6172511411785,472.86010104573086,475.0959167480469,18162600
2026-01-09,471.07145138115897,476.7951491709672,469.2231916595613,476.258544921875,18491000
2026-01-12,473.6649886945649,477.95773148860775,472.68120923483104,474.1717529296875,23519900
2026-01-13,471.68751939768345,472.7805908527595,463.01257439213845,467.70281982421875,28545800
2026-01-14,463.51936213123724,465.24841354789686,454.2879494306214,456.4840087890625,28184300
2026-01-15,461.1940901109254,461.32327541703046,453.02590941718984,453.7811279296875,23225800
2026-01-16,454.9437362325269,460.26996150673693,453.60227115836847,456.9609375,34246700
2026-01-20,448.37541805572727,453.92022725149957,446.44764578645413,451.65460205078125,26130000
2026-01-21,449.74670883889326,449.8361378186282,435.9144504613163,441.3102111816406,37980500
2026-01-22,444.7981306791853,449.98522421932967,441.8965557848095,448.29595947265625,25349400
2026-01-23,449.02131930234236,468.1301005814363,447.6897705604439,463.0125732421875,38000200
2026-01-26,462.3766075757791,471.2602507862521,459.0874767807031,467.3152770996094,29291200
2026-01-27,470.7137217228436,479.82589540353166,470.17711748937944,477.5503234863281,29213900
2026-01-28,480.16374552458444,480.69040309270366,474.9865988275796,478.5937194824219,36875400
2026-01-29,437.2162272399066,439.7104135269112,418.36581575660404,430.76715087890625,128855300
2026-01-30,436.4014165119217,436.8286984461687,423.7616041817895,427.577392578125,58566800
2026-02-02,427.5276741085398,428.02452201181774,419.58805431821895,420.70098876953125,42219900
2026-02-03,419.3496095186449,419.3893355198486,405.98438775489564,408.61767578125,61424100
2026-02-04,408.4089957411405,417.15350712085007,406.6600813351222,411.5788879394531,45012400
2026-02-05,404.87144402823185,405.7260079125925,389.8467674620769,391.1882629394531,66289200
2026-02-06,396.65359346172795,399.2570717870675,390.44299427907015,398.6111755371094,53515300
2026-02-09,402.2977759502542,412.2744908996196,398.3428555009064,410.99261474609375,45480500
2026-02-10,416.9746165751398,421.009018998737,410.09825878894065,410.6646423339844,44857900
2026-02-11,413.5563153661985,413.8345489802859,398.4819668946231,401.8207702636719,42491000
2026-02-12,402.44684542456184,403.6392926521932,395.50092068537,399.3067626953125,40802400
2026-02-13,401.90028127287496,402.98340606348665,395.54060384789733,398.7900085449219,34091600
2026-02-17,396.7032617740463,397.9950542597942,392.04282577248057,394.3581237792969,32078800
2026-02-18,395.6201070500213,400.02217209191446,393.8215201082963,397.0808410644531,23223400
2026-02-19,399.07278661262325,402.7976819572589,395.0690225854118,396.8517761230469,28234000
2026-02-20,394.51123443489973,398.5050592846536,393.56508699389525,395.6267395019531,34015200
2026-02-23,393.405742102137,393.7642745182822,381.55377772275136,382.9182434082031,43238300
2026-02-24,382.5895619940176,387.78846403174964,380.1693467763097,387.429931640625,33884700
2026-02-25,388.95376053046306,399.84960746436826,388.5852587696308,398.9831237792969,43625500
2026-02-26,403.0765245044552,405.8453028142193,397.1306190557743,400.0986022949219,34405900
2026-02-27,389.30236795593413,395.2183958601928,388.30640407164015,391.15484619140625,51367200
2026-03-02,391.2743390590049,399.57073485574693,389.0533591512552,396.9413757324219,35474900
2026-03-03,391.5532542396072,405.05852201627056,391.0851500003899,402.2996826171875,38199200
2026-03-04,399.6504140582061,409.3710312257941,398.69429724653685,403.5645751953125,35808000
2026-03-05,402.78771732924594,409.9486695143622,402.7677785996419,409.0224304199219,39001300
2026-03-06,407.54843921074234,411.38287590243635,406.8612216895844,407.30938720703125,31123900
2026-03-09,403.2857003455267,408.55432729115563,401.8714182880504,407.757568359375,30131900
2026-03-10,408.37506928692744,408.5443965203919,401.30371964643086,404.122314453125,31706400
2026-03-11,403.9330670994013,407.35918518479474,399.96912002302975,403.245849609375,25512100
2026-03-12,402.9968458288957,404.4808221962511,400.0886180975,400.2380065917969,27263900
2026-03-13,399.3815063856616,403.16615688192843,392.65875035547907,393.9534912109375,26848000
2026-03-16,396.4633374914087,399.01300251860397,393.1965772756644,398.33575439453125,27733700
2026-03-17,398.6544574759768,402.7677932271478,396.1446394015159,397.7979431152344,26228300
2026-03-18,395.5271224277118,396.3936061005556,389.42185925959103,390.20867919921875,25908500
2026-03-19,388.52551763585893,390.90585551603124,385.4977789148814,387.4498596191406,25138800
2026-03-20,385.2288602760525,385.43800417098345,378.58576812261686,380.3287048339844,50853200
2026-03-23,382.3505545919761,385.64719283721575,380.1395134056624,381.4541931152344,29680100
2026-03-24,380.8167328036651,380.9263046350485,370.34917314154325,371.2355651855469,42733600
2026-03-25,375.39872248264555,375.5381416220395,368.13813722010167,369.5424499511719,31181200
2026-03-26,369.32332012922615,373.2075730440749,363.7160388213271,364.4928894042969,36836600
2026-03-27,360.43934753557875,360.9871459448897,355.07111764854045,355.3300476074219,37883400
2026-03-30,360.43933630538186,363.88536295562653,354.84202394218255,357.5111999511719,44797000
2026-03-31,363.07862179545566,371.3949263066763,361.6046146993887,368.67596435546875,45244400
2026-04-01,371.98254731341393,372.48052926345224,366.7139201659809,367.8791809082031,29417200
2026-04-02,365.7278929006101,372.1319638369453,362.680245817395,371.9526672363281,24099100
2026-04-06,371.9825539180967,372.22160592655575,368.0086676124431,371.3750305175781,16146600
2026-04-07,368.8452727581139,370.9467724245638,365.080530373921,370.78741455078125,21443300
2026-04-08,383.4261612830284,383.44606961738685,369.91092498913014,372.8191223144531,33064800
2026-04-09,370.9965328148009,371.9924966612836,365.5685176937085,371.5642395019531,30435300
2026-04-10,371.47460743717505,374.1238749235223,368.5365019241105,369.37310791015625,28111100
2026-04-13,372.10205289266787,382.98796126737693,369.5225100750242,382.8186340332031,35745800
2026-04-14,386.3543213772784,393.09698589720546,384.95994763093,391.5233459472656,37504500
2026-04-15,396.3936283702306,412.69755239260473,395.1287651714373,409.5602722167969,45063400
2026-04-16,418.16537187855886,419.12151906860663,410.4765600541581,418.56378173828125,41642400
2026-04-17,423.10539315661504,429.83808848207923,418.99205736838906,421.0835876464844,48568200
2026-04-20,419.4501847919345,421.6213787702164,414.6197538627068,416.38262939453125,27582200
2026-04-21,418.5438369146158,425.45582843737157,415.516128706763,422.4480285644531,32048500
2026-04-22,424.4698510786937,431.9495495900464,421.9600330275293,431.1726989746094,29378200
2026-04-23,418.19529609754903,421.9500690544079,409.7495112929088,414.0719909667969,38308000
2026-04-24,415.28707116170386,423.23487407473965,414.12178001797366,422.90618896484375,27457400
2026-04-27,420.6752229306716,425.38611256831246,415.3866572294081,423.1053771972656,30867300
2026-04-28,422.8563830057505,428.1847957314844,420.197146128082,427.5174865722656,30438100
2026-04-29,422.8663369761165,425.0973167681131,418.59367375245296,422.746826171875,38288300
2026-04-30,409.15192465494977,412.74737011555624,396.4035989759817,406.1341552734375,70909400
2026-05-01,411.1338775963461,415.4264794885345,408.7834174283456,412.76727294921875,31372400
2026-05-04,409.87897009526375,419.0816663151199,409.14193618030583,411.9505615234375,28066500
2026-05-05,413.6437044066962,415.09780308537887,407.1500007946646,409.7196044921875,25700900
2026-05-06,406.3532485673598,416.73120520087787,403.4748984673602,412.2891845703125,30285900
2026-05-07,418.41437649189606,426.25263786097554,417.06984955189336,419.07171630859375,34942400
2026-05-08,415.70537649227293,416.9403619714099,412.32904436576047,413.44451904296875,33383800
2026-05-11,406.22377045102496,411.02432350049145,403.86334099070683,410.99444580078125,35657900
2026-05-12,412.8071154720842,413.8229876767416,404.9987623844293,406.1241760253906,38594200
2026-05-13,401.57265715241186,404.6700902960666,399.41140211310335,403.57452392578125,29667100
2026-05-14,402.8474630718804,410.17774231087935,399.2619871856725,407.7774658203125,27077500
2026-05-15,412.5979239362014,426.4418454559798,411.2434277199191,420.2170715332031,50771200
2026-05-18,414.93848271907115,423.40417602339767,413.9325494355234,421.83056640625,32564100
2026-05-19,428.16486989475214,430.9535870211983,414.808990493047,415.7352600097656,33018700
2026-05-20,412.49835957243755,420.3963455784958,409.63991780241736,419.36053466796875,27864000
2026-05-21,423.9518891931334,425.5388979071037,414.92886694253497,418.3025207519531,31393500
2026-05-22,418.7517174636334,423.60257118762803,415.54772693408205,417.7835388183594,22390300
2026-05-26,415.6475333356961,418.9812539216563,412.24393696715845,415.248291015625,30398000
2026-05-27,410.23773822181624,415.15846763645,408.8104019854481,411.8946228027344,28901500
2026-05-28,412.2040283766931,428.68298564682067,411.89461329838434,426.18768310546875,47250500
2026-05-29,431.7372486144539,449.48383969057267,431.54760317786213,449.3940124511719,79654400
2026-06-01,463.96658383705716,465.4438139523178,457.40892124774234,459.6546936035156,53628900
2026-06-02,446.0403151791343,452.64787129328397,439.6024225764256,440.48077392578125,37036800
2026-06-03,437.62618910935214,439.56254639446627,423.45285793258154,426.53704833984375,39037000
2026-06-04,434.9911260035114,435.33048350032107,425.60879436274143,427.2456970214844,26899500
2026-06-05,427.5351398188391,428.66302140752947,413.6213308264138,415.8870849609375,34782200
2026-06-08,413.3618539280056,416.37616844333525,407.79232157753756,410.9663391113281,32086700
2026-06-09,408.26144336727174,411.20591258759293,397.7312786929967,402.6520080566406,35317300
2026-06-10,397.80110870103243,404.2789346443135,396.41373636313654,396.61334228515625,32576000
2026-06-11,394.46741202742857,396.1043451719433,383.278483574852,389.6065673828125,47224100
2026-06-12,390.6945042817559,391.003919361718,381.55171206615995,390.00579833984375,34865800
2026-06-15,396.05442037645633,400.99513175706005,392.11186050588947,399.0088806152344,32266400
2026-06-16,395.0463355104342,396.094350419825,389.9559121071713,393.0899963378906,31506800
2026-06-17,389.51671695343225,389.6364865987809,376.6110198431126,378.1980285644531,41987800
2026-06-18,377.11008548581106,380.6534028700893,372.5786075934489,378.6871032714844,59714200
2026-06-22,375.0339909424311,380.9129385065033,366.3802985575179,366.6497802734375,45171100
2026-06-23,371.6802994138851,376.51120135394876,369.9735210485466,373.23736572265625,40647600
2026-06-24,370.87185096853153,378.16811350773463,364.09460041679364,364.7733154296875,44509900
2026-06-25,362.0883479855026,363.5456265920902,348.54386902384044,352.1670227050781,66179000
2026-06-26,356.4789138154501,375.90234020580533,354.762144454129,372.2691955566406,186201600
2026-06-29,376.790685328561,379.7850483907747,359.2237492715265,367.8774719238281,51229900
2026-06-30,370.3328407149792,373.44697342275583,366.7595808670141,372.319091796875,44945700
2026-07-01,380.1144231011508,388.09939143880604,374.18561213385976,383.5579528808594,48065800
2026-07-02,383.7575696594082,391.4630649298244,382.97903650468743,389.7562561035156,42128900
2026-07-06,386.31276024010407,388.418780928489,380.5036887115837,386.0133056640625,34224500
2026-07-07,391.75251064257776,394.8267404517197,387.4905448392632,388.109375,29297500
2026-07-08,383.3084264217563,384.58602015004215,380.6134873969759,382.6197204589844,25908300
2026-07-09,373.74643420118315,383.92725049460796,372.64849496928053,383.6377868652344,31083200
2026-07-10,387.07131223677504,391.1736053926777,380.783162110783,384.37640380859375,24644600
2026-07-13,387.02143811329415,392.91034623109437,383.4281962321871,390.2553405761719,28914900
2026-07-14,382.1007052927433,387.46061042423804,377.93852713765,384.20672607421875,27863900
2026-07-15,387.07132248997675,398.2103568181361,385.6739591427675,394.8866271972656,36253700
2026-07-16,397.56157784187184,405.2271399033625,391.31333055964967,400.3463439941406,37047400
2026-07-17,394.1180409920291,397.64143734197864,388.6583483977542,393.08001708984375,33049800
2026-07-20,390.67455694621333,402.4224305318551,388.91785418191677,401.53411865234375,27915800
2026-07-21,398.0606303262699,400.7156358198418,395.57531880381754,397.00262451171875,24126600
2026-07-22,398.8291961465565,400.246541441447,386.2329133568751,389.6065673828125,28142500
2026-07-23,389.23725659651495,391.04385321150613,376.68090752842744,380.8630065917969,30351800
2026-07-24,386.32274187573427,388.29903252889795,379.9347732203772,380.9828186035156,27659400
2026-07-27,389.3470355932277,393.45931979821836,387.2609663085435,388.368896484375,27856200
2026-07-28,392.4212554523594,399.56780545733704,390.5647345556998,392.61090087890625,32367500
2026-07-29,392.6607942930367,400.4960502148319,388.00954678983055,389.8061828613281,47209000
2026-07-30,437.07720086969465,457.8281459885008,431.6274684759506,450.2524108886719,110160700
2026-07-31,449.1544591210436,465.962813447145,448.4857046349594,463.8468017578125,60846000
2026-08-03,475.2353605631651,490.7261876465455,474.10747895013026,486.73370361328125,66762100
2026-08-04,479.99640781848416,498.50158065157444,478.2696778930625,491.884033203125,50455500
2026-08-05,495.42733843271316,497.3038108374591,484.7674131728324,486.5440673828125,33388900
2026-08-06,487.6319998350186,500.61756372489685,487.60205742358346,498.9207458496094,36441500
2026-08-07,498.2719734340298,504.23075699317457,497.79289485093346,499.0505065917969,28846200
2026-08-10,502.4940586092805,512.7647021753171,501.32624359045303,505.109130859375,31206100
2026-08-11,503.3823542433026,504.38047525067043,498.61133704649393,502.86334228515625,23049800
2026-08-12,499.0505227551261,500.557695253814,490.59643643442394,491.5047302246094,29001500
2026-08-13,492.34314786956145,500.3979918654044,492.0836571155829,495.9463806152344,23039000
2026-08-14,495.42733437790497,499.07050046550256,492.991947114923,494.4691467285156,16217600
2026-08-17,489.21906226283284,491.73431632358415,477.51109147171053,479.44744873046875,29635800
2026-08-18,480.6352093836093,483.36006030134655,476.2534434403709,480.72503662109375,24087600
2026-08-19,479.16797047398614,488.3806080919379,478.4592826108848,483.3999938964844,19961900
2026-08-20,483.29998779296875,484.1600036621094,479.5,481.1499938964844,20020800
2026-08-21,479.8800048828125,486.3599853515625,478.5299987792969,483.239990234375,22510800
2026-08-24,483.2099914550781,490.6099853515625,481.8599853515625,487.30999755859375,17230800
2026-08-25,485.44000244140625,492.44000244140625,484.29998779296875,491.7099914550781,19519000
2026-08-26,487.8500061035156,497.3999938964844,487.30999755859375,496.3699951171875,20758900
2026-08-27,494.8800048828125,506.4800109863281,490.0799865722656,505.05999755859375,28688800
2026-08-28,505.3299865722656,517.780029296875,504.8699951171875,513.530029296875,29207300
2026-08-31,510.3800048828125,512.1900024414062,506.3900146484375,507.2900085449219,27208900
2026-09-01,497.5199890136719,505.9700012207031,496.7799987792969,501.0199890136719,21046900
2026-09-02,499.8500061035156,500.2699890136719,493.80999755859375,496.82000732421875,15336100
2026-09-03,501.6600036621094,515.6500244140625,500.79998779296875,510.1199951171875,24125900
2026-09-04,510.0,511.0,499.3599853515625,499.70001220703125,18101800
2026-09-08,493.010009765625,495.19000244140625,490.1499938964844,493.95001220703125,18882300
2026-09-09,493.07000732421875,494.3900146484375,489.79998779296875,491.6499938964844,12889600
2026-09-10,488.32000732421875,494.5199890136719,486.0,492.44000244140625,16038800
2026-09-11,495.6499938964844,498.9700012207031,492.5799865722656,495.6300048828125,14510500
2026-09-14,497.05999755859375,509.95001220703125,495.3399963378906,505.4100036621094,23091900
2026-09-15,500.05999755859375,505.8999938964844,495.5400085449219,497.1199951171875,17794600
2026-09-16,493.0299987792969,495.9700012207031,487.2300109863281,490.29998779296875,16670300
2026-09-17,497.79998779296875,501.4700012207031,493.1700134277344,497.75,17841600
2026-09-18,497.9700012207031,498.6499938964844,491.1000061035156,493.7799987792969,39622300
2026-09-21,494.95001220703125,501.8699951171875,491.3299865722656,501.6099853515625,27959900
2026-09-22,507.32000732421875,508.5,493.6499938964844,498.0,21652800
2026-09-23,500.760009765625,509.44000244140625,495.8800048828125,500.5899963378906,19445600
2026-09-24,495.07000732421875,498.8999938964844,491.2200012207031,497.92999267578125,16657600
2026-09-25,499.0400085449219,519.4000244140625,497.25,516.1699829101562,38154200
