dt,o,h,l,c,v
2008-01-02,0.7802340622347489,0.7832068207089267,0.7445610150646327,0.7548513412475586,483964000
2008-01-03,0.7591960489570065,0.7742884973468499,0.7461616765803276,0.7489057779312134,475308000
2008-01-04,0.726495713092163,0.730154496472257,0.6814470279122702,0.6860204935073853,736092000
2008-01-07,0.690594108135449,0.6963109686230692,0.6025547946502351,0.6151318550109863,1006800000
2008-01-08,0.6185617214877696,0.6697845737478434,0.6041553011046243,0.6281660199165344,1106956000
2008-01-09,0.6366270141398742,0.660866447769462,0.6272514258125897,0.6606377363204956,741036000
2008-01-10,0.6425724159344741,0.6572075471795593,0.6341115113509104,0.6469172239303589,554432000
2008-01-11,0.6315962305214002,0.6448592591556874,0.6139883386248304,0.6185618042945862,572612000
2008-01-14,0.6277086728318572,0.6606376659755626,0.6176470602690609,0.6597229838371277,539188000
2008-01-15,0.6345690186973255,0.6421152428616391,0.6004966269687462,0.6112443208694458,725692000
2008-01-16,0.572827153220762,0.579916008722475,0.5296078313412494,0.5421848893165588,1464472000
2008-01-17,0.5506459916770525,0.5652810762756311,0.531437385213885,0.5328094363212585,1133900000
2008-01-18,0.5344097455635005,0.5709975115313701,0.51497255111681,0.568024754524231,920428000
2008-01-22,0.5138294236734792,0.5529325986751196,0.510628008169724,0.5396695137023926,709092000
2008-01-23,0.5177166638235103,0.5657380958390829,0.512685885559782,0.5495023131370544,929880000
2008-01-24,0.5602500714072117,0.5918070162076182,0.5549905806071439,0.5915783047676086,597092000
2008-01-25,0.6142171231912615,0.6279375218338615,0.5677963811451118,0.5705404281616211,688012000
2008-01-28,0.5684825295082581,0.5741993362527078,0.5515606572390193,0.5636803507804871,577608000
2008-01-29,0.5737419420802989,0.5833462436738841,0.5588781484854675,0.581059455871582,414484000
2008-01-30,0.5716837173648605,0.5847180882382167,0.5595640286629663,0.5760285258293152,530476000
2008-01-31,0.5634516509163102,0.5728272961344768,0.5449290719867791,0.5623083114624023,588708000
2008-02-01,0.5611648743560347,0.6174185777811675,0.5563627508826783,0.6142171621322632,593104000
2008-02-04,0.627479934243252,0.630910059965864,0.5918068993280813,0.5950083136558533,565128000
2008-02-05,0.5831173172887192,0.583346028696677,0.5575058921576069,0.5577345490455627,494928000
2008-02-06,0.5636801632528904,0.5792299792838705,0.5456149574527855,0.555905282497406,557380000
2008-02-07,0.5398982762546695,0.5771720355516109,0.5282358979305797,0.5613935589790344,664128000
2008-02-08,0.5561337873141073,0.5757996952719916,0.5488162769362877,0.5714549422264099,393932000
2008-02-11,0.5762573250839966,0.5856329695873905,0.5693971253234754,0.5732845664024353,503732000
2008-02-12,0.5819741413497946,0.6027833960228484,0.578772671421618,0.594551146030426,609688000
2008-02-13,0.5991245823081592,0.6197052335227238,0.5927217518111938,0.6178758144378662,742312000
2008-02-14,0.5998104433640897,0.6002678116400362,0.5156586605498975,0.517030656337738,2184296000
2008-02-15,0.5149726248609727,0.5289216754919858,0.5010235197099613,0.5092557668685913,817364000
2008-02-19,0.5186316361451004,0.5195463731778299,0.4973650087546603,0.5017098188400269,558608000
2008-02-20,0.4870747769904522,0.5053686468988149,0.4850167002697516,0.49805107712745667,759016000
2008-02-21,0.5030819070719849,0.5055972977979336,0.4838733002846398,0.48684605956077576,644272000
2008-02-22,0.4907331995298199,0.511313844786969,0.48707447145921434,0.5103991627693176,723052000
2008-02-25,0.5099421007587995,0.5158876192242594,0.4966790127173843,0.5101707577705383,671784000
2008-02-26,0.5071977152349518,0.5222901599802299,0.49942283597829373,0.5145152807235718,565420000
2008-02-27,0.5120002436613388,0.52663533018654,0.5087987724826685,0.5225192308425903,537816000
2008-02-28,0.5179454776585093,0.518860159840103,0.5028529763221741,0.5028529763221741,503608000
2008-02-29,0.4946210565361377,0.5012525469212137,0.4870748289420511,0.4891328513622284,540576000
2008-03-03,0.4884465617826052,0.4918766881628242,0.47701289804855723,0.48341578245162964,449028000
2008-03-04,0.48021435244060007,0.48112908923047865,0.45986241296604186,0.47861364483833313,778888000
2008-03-05,0.48318721413660076,0.4955356182430694,0.47815643331547036,0.48410195112228394,644656000
2008-03-06,0.4781562938587431,0.4813577088148489,0.4530021790093158,0.45368820428848267,1075284000
2008-03-07,0.4454560056041299,0.46466460654312436,0.4344796816818529,0.44705674052238464,767500000
2008-03-10,0.4415685349269707,0.44705671014519544,0.420759255003713,0.4214452803134918,776100000
2008-03-11,0.43447969672513304,0.4397391882929111,0.41710051430812944,0.43539440631866455,857940000
2008-03-12,0.43951052788380135,0.44339796866072073,0.4198445852676004,0.4235033690929413,743320000
2008-03-13,0.4168717593689167,0.45688963624133866,0.4143563697484817,0.45048677921295166,1220528000
2008-03-14,0.4527735226558668,0.4532308637558818,0.4157284028745663,0.4189298450946808,1154972000
2008-03-17,0.4006359397572093,0.42258861154144234,0.395833790248783,0.40841084718704224,800952000
2008-03-18,0.4180150746699192,0.43447956994925974,0.4061240715037294,0.4337935447692871,1075256000
2008-03-19,0.4237320414072635,0.4296775308814983,0.4038374423980713,0.4038374423980713,880476000
2008-03-20,0.4086395768399992,0.42441805141927225,0.4013220364493259,0.4235033690929413,633460000
2008-03-24,0.4328789369953528,0.46054841500967486,0.43127822947402955,0.45803302526474,887440000
2008-03-25,0.4600911421941434,0.47335417191949125,0.45574633309445367,0.46466460824012756,735388000
2008-03-26,0.45849037665642906,0.46169179158051155,0.44476995299034916,0.4498007595539093,721652000
2008-03-27,0.4429405683008031,0.45551759853704465,0.436080342730121,0.4433979094028473,601308000
2008-03-28,0.4514015755975154,0.46169190263734433,0.4468281090287075,0.45002955198287964,561788000
2008-03-31,0.4548315409957993,0.4632924734535608,0.4468279768676488,0.45254480838775635,569992000
2008-04-01,0.46603673251478617,0.4813578407350372,0.4594051893454154,0.4802144467830658,676872000
2008-04-02,0.48158643264332507,0.48158643264332507,0.46192051729496747,0.4655793011188507,616536000
2008-04-03,0.4616918089935811,0.4623778342917597,0.44339791916884097,0.45688965916633606,841984000
2008-04-04,0.44774273684947774,0.45002949711508994,0.4283055063018395,0.4294488728046417,1535528000
2008-04-07,0.43996776243948504,0.4463706189523673,0.43630897950069464,0.43973907828330994,729496000
2008-04-08,0.4344796880678884,0.45140152898095365,0.4344796880678884,0.43722376227378845,639476000
2008-04-09,0.4422545315776172,0.45048678024148225,0.4381384072456846,0.44591331481933594,675232000
2008-04-10,0.45071548890865587,0.4690094072177945,0.4411112158713672,0.4546029567718506,1092184000
2008-04-11,0.4459134998304413,0.4486575747702548,0.42098805932208266,0.4237321615219116,1106280000
2008-04-14,0.422131304391503,0.42304601394761027,0.4070388556858055,0.40955427289009094,780004000
2008-04-15,0.41161233878341424,0.4159571480203765,0.40269409061597977,0.41435644030570984,439916000
2008-04-16,0.4301349735135162,0.4363091482582983,0.42258874782099926,0.4308209717273712,646836000
2008-04-17,0.4109263261197283,0.42647611606904184,0.4106976419142941,0.424875408411026,596968000
2008-04-18,0.4379099385276225,0.4417974078571327,0.42899168747055016,0.43493717908859253,573540000
2008-04-21,0.4315069260030806,0.45734704194175196,0.4315069260030806,0.4543742835521698,679892000
2008-04-22,0.4461419717344407,0.45094412133169604,0.4363090156248252,0.44591331481933594,587668000
2008-04-23,0.45208749355817596,0.4724394313070261,0.4461419775281738,0.46740859746932983,1020496000
2008-04-24,0.470152597935046,0.4724393301863644,0.4493433235440489,0.45620352029800415,655764000
2008-04-25,0.46054833289113417,0.4619203832419123,0.4461419132479658,0.46077704429626465,552208000
2008-04-28,0.4587190082374748,0.4655792060616038,0.4507154168493213,0.45254480838775635,535700000
2008-04-29,0.44751413426888,0.4676374198747829,0.44751413426888,0.4619205594062805,573408000
2008-04-30,0.4674086478428388,0.4749548721526494,0.46420723256474095,0.46992409229278564,1068320000
2008-05-01,0.4756409791920013,0.492791506801718,0.4733542458120407,0.4916481673717499,1014624000
2008-05-02,0.5051396143407363,0.5149725675582886,0.4975933931616847,0.5149725675582886,1131016000
2008-05-05,0.5115427560324431,0.5138294894736779,0.5010237712987582,0.5021671652793884,943392000
2008-05-06,0.5007949678704601,0.5163447289158558,0.4930200328277523,0.5152013897895813,729036000
2008-05-07,0.5165736493385849,0.5234338504315768,0.49896575079854366,0.5033105611801147,715632000
2008-05-08,0.5071976535671298,0.5087983606006427,0.48044289318985245,0.5019381642341614,1360000000
2008-05-09,0.5033103575642718,0.5357819847426103,0.5023956753592502,0.5152013897895813,2030352000
2008-05-12,0.5218330426333666,0.5218330426333666,0.49553558287261357,0.5005663633346558,1006652000
2008-05-13,0.5030816932850917,0.5030816932850917,0.4866171957554695,0.4902759790420532,854108000
2008-05-14,0.4964501725779874,0.5177167933858668,0.4902759993782819,0.5046824216842651,751148000
2008-05-15,0.5035390101754489,0.5460723048049873,0.5012522774224636,0.543785572052002,1165464000
2008-05-16,0.5529326417999798,0.5593355278268891,0.5403555812428522,0.5581921339035034,1091556000
2008-05-19,0.5584206278026865,0.5787725648233082,0.5426421560999568,0.5465296506881714,1158532000
2008-05-20,0.5316658857864824,0.5378400587997944,0.5261777380546506,0.5323519110679626,771404000
2008-05-21,0.5337239491301377,0.5543045435324792,0.5268636964760155,0.5280070900917053,1066660000
2008-05-22,0.5355532998397413,0.5451575987906863,0.5270923944753406,0.5408127903938293,693108000
2008-05-23,0.5398984040850119,0.544243214862697,0.5206897956573708,0.5284647345542908,802672000
2008-05-27,0.5293791151142784,0.5348672624531201,0.5193174480530617,0.5341812372207642,832856000
2008-05-28,0.5488164070487414,0.5501884030873554,0.5330379346645899,0.5392121076583862,751736000
2008-05-29,0.5394410149803014,0.5403556976039654,0.5280073458844138,0.5378403067588806,693460000
2008-05-30,0.5531612503622192,0.5666529921652015,0.5515605426255967,0.5648236274719238,830244000
2008-06-02,0.5648234484529635,0.5714549887742819,0.5586492764200124,0.5671101808547974,734660000
2008-06-03,0.5689396539406537,0.569854390692593,0.5412702029347706,0.5479016900062561,840696000
2008-06-04,0.5357821975956018,0.5554481181563922,0.5328094383582708,0.5543047785758972,831724000
2008-06-05,0.5735129469462998,0.5796871728228947,0.5618506293304993,0.5682534575462341,827860000
2008-06-06,0.5613934902796549,0.5620795156571224,0.546987066392872,0.5501884818077087,784876000
2008-06-09,0.5469870942973941,0.5545333193144897,0.5307513049224413,0.541727602481842,637916000
2008-06-10,0.5270921656203246,0.5277781905703886,0.5062828693483432,0.5097129940986633,1225208000
2008-06-11,0.5097131590391655,0.5220615030962108,0.48524507328909294,0.4859310984611511,999428000
2008-06-12,0.49690741059389854,0.5065116532649656,0.48478766978136706,0.48890382051467896,825992000
2008-06-13,0.48958990006986197,0.4953067040306198,0.4728967474532442,0.4873031675815582,705748000
2008-06-16,0.4820436348821156,0.48661709945526677,0.476784145170992,0.48067158460617065,630496000
2008-06-17,0.4875319198363545,0.4877605767739096,0.4678660056862596,0.4690093994140625,687912000
2008-06-18,0.46420728478491535,0.4802144174961135,0.44774278361681735,0.4552890360355377,1065272000
2008-06-19,0.45780436134642344,0.46420719133392063,0.4431692279121268,0.45414555072784424,784928000
2008-06-20,0.4440840844066202,0.45688980314126965,0.44385540014849595,0.4518589675426483,741008000
2008-06-23,0.45528892801656584,0.45574626910494925,0.4385957465805366,0.44248318672180176,776616000
2008-06-24,0.4399679216727939,0.46763743336405045,0.4399679216727939,0.457118421792984,1078928000
2008-06-25,0.46420726368821497,0.46763739065902277,0.45231625680944865,0.45963379740715027,900976000
2008-06-26,0.44591341147879665,0.44934351128893996,0.4360804259777069,0.4360804259777069,845532000
2008-06-27,0.4379096866525424,0.4433978610587056,0.4278480744645794,0.44088244438171387,584140000
2008-06-30,0.4358517422684738,0.43973918302942794,0.4251040750481773,0.428076833486557,653940000
2008-07-01,0.4230459029358258,0.42922007496434844,0.4152709964191672,0.4287627339363098,881464000
2008-07-02,0.42670489482770946,0.42944896960093815,0.4116124154249169,0.41229844093322754,763196000
2008-07-03,0.29681824786458016,0.3002483476698091,0.2835551898323596,0.2856132388114929,2987520000
2008-07-07,0.2899579160182318,0.29178730719872503,0.2689199583325558,0.2766948640346527,2202692000
2008-07-08,0.2785243677911919,0.28538456704584964,0.26983474935661506,0.27509424090385437,1805288000
2008-07-09,0.27578031231093486,0.27989643800274067,0.27029216289520264,0.27029216289520264,1413168000
2008-07-10,0.27166410240712363,0.2748655446239103,0.2645752199542434,0.2696060538291931,1056992000
2008-07-11,0.264117844629048,0.273493458624694,0.2588583545158808,0.2668619453907013,807760000
2008-07-14,0.2689200297147957,0.27097807830164133,0.25291287308153193,0.25474226474761963,882316000
2008-07-15,0.25245545148644577,0.26274577291969514,0.24468057345954183,0.2574862837791443,1122484000
2008-07-16,0.25840110111113823,0.26571864201725426,0.2513122171727072,0.25885844230651855,1034392000
2008-07-17,0.2629745204366144,0.2629745204366144,0.2497114645884387,0.2597731053829193,862080000
2008-07-18,0.2579437706005979,0.26594733726132236,0.25062620213135484,0.2643466293811798,899720000
2008-07-21,0.26846269936339723,0.2723501397719964,0.26366054945512385,0.26594728231430054,571636000
2008-07-22,0.26343186694149734,0.26457523337836125,0.2551996449520809,0.2602304518222809,555924000
2008-07-23,0.2620598253296375,0.27074941509686756,0.2609164589723705,0.2680053412914276,594876000
2008-07-24,0.26526132386897944,0.2677767415521376,0.2515409232554175,0.25222694873809814,705628000
2008-07-25,0.2547423275803012,0.26526131180982937,0.24948283546553707,0.2643466293811798,1039600000
2008-07-28,0.2609164761315882,0.2723501404561952,0.2597731096991275,0.2636605501174927,734808000
2008-07-29,0.2641179844883504,0.2730362621662474,0.26114522526238476,0.2664047181606293,764636000
2008-07-30,0.27166411549041397,0.27212148387198504,0.25657166765872497,0.26251718401908875,588492000
2008-07-31,0.26183126737533485,0.26731944489190795,0.2588585079613599,0.26160261034965515,487236000
2008-08-01,0.25474237370229436,0.25565708355656697,0.24468075612541168,0.2478821724653244,881060000
2008-08-04,0.2478820350897366,0.2492540854807504,0.24125049454650513,0.24193651974201202,522052000
2008-08-05,0.24651010173639198,0.2558857202529907,0.24376602691153837,0.2558857202529907,685844000
2008-08-06,0.2565716278434225,0.26503255994941866,0.24833937989272425,0.26274582743644714,814864000
2008-08-07,0.2604592210396648,0.27212157340681353,0.2556570695331883,0.25862982869148254,819232000
2008-08-08,0.260687677716946,0.26297440957990215,0.25062604116394255,0.25154075026512146,853764000
2008-08-11,0.2533702836071657,0.26297455737739606,0.25245557399189983,0.2568003833293915,1196436000
2008-08-12,0.25885841449013747,0.25954443983949427,0.24948279832227852,0.2531415820121765,1410868000
2008-08-13,0.2732648689388748,0.2844698498512741,0.2666333268139788,0.28035372495651245,2095260000
2008-08-14,0.2782956829982455,0.3084805814637884,0.2782956829982455,0.297275573015213,1635304000
2008-08-15,0.30253499293459096,0.3059651190027855,0.2943027448909284,0.2963608205318451,777652000
2008-08-18,0.2984190043666625,0.3050505480952605,0.29521758826321143,0.30230647325515747,893968000
2008-08-19,0.29613221060952405,0.3087092699857638,0.29613221060952405,0.3068798780441284,1014140000
2008-08-20,0.3114533855345836,0.3228870526097102,0.3091666521195583,0.3219723701477051,1143692000
2008-08-21,0.31625552311064287,0.3187709406638041,0.3050505134993018,0.31145337224006653,1021560000
2008-08-22,0.31374020679216524,0.31739899218461587,0.3045932705710589,0.3112247884273529,459264000
2008-08-25,0.3093952463272764,0.3167127856738617,0.30573646302398144,0.30665114521980286,471600000
2008-08-26,0.3082519375400525,0.3084805945017231,0.2961322189911854,0.2993336617946625,613112000
2008-08-27,0.2924734035170521,0.30527911763873666,0.2897293024481166,0.30162033438682556,454620000
2008-08-28,0.30207770570110387,0.30527914818183055,0.29750423980864316,0.300476998090744,365192000
2008-08-29,0.2963607855070732,0.29727546751049055,0.2881285384363213,0.28904324769973755,516004000
2008-09-02,0.29384551643087864,0.2963609340914115,0.2778383825257014,0.28172582387924194,693928000
2008-09-03,0.2778383712113188,0.27898173787227026,0.26411794401988986,0.26663336157798767,714856000
2008-09-04,0.263660436264401,0.2664045090653679,0.2613737043869296,0.26297441124916077,716128000
2008-09-05,0.2606877459369826,0.2675479433211134,0.2604590890468456,0.2668619453907013,791100000
2008-09-08,0.26937746463687706,0.26937746463687706,0.25154093738530703,0.2558857202529907,1314840000
2008-09-09,0.2549707720566878,0.2705205495416387,0.24628118811568706,0.24719586968421936,1098296000
2008-09-10,0.25016888594529424,0.25519972158621407,0.24582410308451547,0.24742481112480164,644284000
2008-09-11,0.2332470551039278,0.24056462474013818,0.22775889150677794,0.23553378880023956,1066976000
2008-09-12,0.2334756499901085,0.23507635751268374,0.21975523943516576,0.23301830887794495,1209200000
2008-09-15,0.22478600500226836,0.22821611723501933,0.20992223076034827,0.212666317820549,863984000
2008-09-16,0.20512007839880797,0.22089854701640851,0.20123262546070375,0.21929782629013062,1240840000
2008-09-17,0.21426709470808358,0.23370434007272145,0.21220903215135678,0.2286735326051712,1392580000
2008-09-18,0.2314176669689161,0.2611452328300219,0.23096032567321034,0.24902553856372833,1611060000
2008-09-19,0.26091647148132324,0.2629745201190699,0.24925412317407752,0.26091647148132324,1107344000
2008-09-22,0.25885835328002893,0.2664045758185456,0.2540562042300635,0.2554282546043396,700072000
2008-09-23,0.2533702319983222,0.2627458469000293,0.24719603194792766,0.24811074137687683,821468000
2008-09-24,0.24490926904474009,0.26228844619021174,0.2435372459606242,0.2572576403617859,866036000
2008-09-25,0.2572577037317498,0.2684627116088142,0.25291289474513035,0.26228851079940796,588328000
2008-09-26,0.25588554497699384,0.26914862327556577,0.2510834241378513,0.2673192322254181,646852000
2008-09-29,0.26023049844262935,0.26343191413538014,0.2286735464197437,0.23096027970314026,975240000
2008-09-30,0.2346189899647796,0.24719601906218872,0.2321035732412968,0.24490928649902344,659044000
2008-10-01,0.24125047440469088,0.24559528210682235,0.233704252404146,0.23804906010627747,557208000
2008-10-02,0.23964978978894746,0.23964978978894746,0.2122089724995259,0.21335235238075256,787728000
2008-10-03,0.21678248205003697,0.22295666886516505,0.2051201337203515,0.20649217069149017,915828000
2008-10-06,0.1966592104990798,0.1971165516044719,0.16716032756121757,0.17950870096683502,1677440000
2008-10-07,0.18591162328063549,0.18636896454607055,0.16418762694231698,0.16555966436862946,1059984000
2008-10-08,0.15961410270094645,0.1788226743216903,0.15801338158421657,0.16898971796035767,1219456000
2008-10-09,0.17516390161181644,0.17767931871497775,0.1564126835855406,0.15824206173419952,909636000
2008-10-10,0.1445216901386979,0.16761770754859545,0.1436069940857307,0.15572668612003326,1200252000
2008-10-13,0.16898970447979536,0.18431082099200888,0.16693164242531874,0.18408215045928955,916536000
2008-10-14,0.19094251285094882,0.19208588013035469,0.1749353573092537,0.17996618151664734,1209012000
2008-10-15,0.17882273559045353,0.17973743173769466,0.16052885353565216,0.16052885353565216,854064000
2008-10-16,0.16533096350049822,0.17699331356638398,0.15778473859080802,0.17607861757278442,1019820000
2008-10-17,0.17104779595826133,0.18499687804370699,0.16784636705947045,0.1749352365732193,839416000
2008-10-20,0.18088076714578183,0.1822528043137004,0.17402055404617958,0.17836534976959229,595764000
2008-10-21,0.17493517699062355,0.1767645682039893,0.16373018647625628,0.16464488208293915,659116000
2008-10-22,0.1623581751768022,0.1692183870566683,0.1541259400029661,0.1584707349538803,600996000
2008-10-23,0.1580133525539704,0.16190080572610857,0.1431495786522655,0.14955243468284607,832192000
2008-10-24,0.13720415090536792,0.15892813351454693,0.13651812538033853,0.15115323662757874,798336000
2008-10-27,0.15023851146392425,0.1687610607634468,0.14543636097589713,0.15938545763492584,698936000
2008-10-28,0.16784635692084202,0.1836248162596514,0.164873598773674,0.1833961457014084,849920000
2008-10-29,0.1822527384821097,0.20123263590759916,0.18133804282389338,0.18934161961078644,977284000
2008-10-30,0.20008937502628857,0.20123274179318107,0.18522559342667883,0.1973452866077423,657176000
2008-10-31,0.1911710762152789,0.20420546312881913,0.19071372141497664,0.20031800866127014,608672000
2008-11-03,0.2046627370672307,0.2083215197477175,0.18979896309525304,0.19300039112567902,723924000
2008-11-04,0.19963203045815325,0.20534886419773102,0.194372537965739,0.20534886419773102,619560000
2008-11-05,0.1978026224352714,0.20351945571894747,0.19460119307041168,0.19460119307041168,787620000
2008-11-06,0.18316749352167247,0.1900276927373136,0.17379187702295953,0.17424923181533813,797936000
2008-11-07,0.19848863463057112,0.20740691092615318,0.185225575935098,0.1994033306837082,1132068000
2008-11-10,0.20694954208753819,0.2080929222991312,0.18225280484322554,0.18659760057926178,576396000
2008-11-11,0.183853525701276,0.18522556286919453,0.17653597142236913,0.17836534976959229,576484000
2008-11-12,0.17287715851168345,0.17699328295600952,0.1657882896397907,0.16784635186195374,646092000
2008-11-13,0.1600714552831292,0.18179544541248416,0.15687002645006667,0.1815667748451233,797228000
2008-11-14,0.17424926632213344,0.17516394882801792,0.16327292632144366,0.16395895183086395,741024000
2008-11-17,0.16235823220012732,0.16670302867701736,0.15892813187047838,0.16052885353565216,388224000
2008-11-18,0.16373026084823403,0.16464495687040362,0.1500098477757004,0.1552693396806717,564488000
2008-11-19,0.15389729082773398,0.15778474556485542,0.14177759904436346,0.14246362447738647,500220000
2008-11-20,0.14132023669311794,0.14840912035715936,0.13331667067372055,0.13491737842559814,847036000
2008-11-21,0.13926217941273644,0.14589370787143707,0.13148727081839404,0.14589370787143707,599064000
2008-11-24,0.15481197262923752,0.15732738989906525,0.14635105212982563,0.15549799799919128,600308000
2008-11-25,0.16235816247293333,0.16281551716513948,0.15526929422874977,0.15984275937080383,528256000
2008-11-26,0.15709871643891773,0.17447791341692348,0.1561840340563957,0.17402055859565735,600792000
2008-11-28,0.17127645847039685,0.17379186190464718,0.16853237084484854,0.17081910371780396,175248000
2008-12-01,0.16395892814634677,0.16555963593042292,0.15595534833595112,0.15618403255939484,547112000
2008-12-02,0.15915673984280043,0.1669316472185131,0.15709867772922964,0.16487358510494232,479988000
2008-12-03,0.1584707736989699,0.1735632244426797,0.1570987228095376,0.17333455383777618,584632000
2008-12-04,0.16990441347071583,0.17836533355892117,0.1580133939594551,0.1619008481502533,466292000
2008-12-05,0.1568700065523444,0.16898970864522328,0.15412593283207116,0.1683036834001541,438484000
2008-12-08,0.17150511582806338,0.17493521487342417,0.1589280723650718,0.16281552612781525,707992000
2008-12-09,0.16075752662376086,0.1849969271913698,0.15892813430129787,0.17859406769275665,829760000
2008-12-10,0.1820241293896914,0.20008933725213532,0.17905137090498452,0.19551587104797363,961124000
2008-12-11,0.19437241093970195,0.2012326069439278,0.18499679882992837,0.18728353083133698,582700000
2008-12-12,0.18179549971179068,0.19780264865817368,0.17813671502118456,0.19665928184986115,679268000
2008-12-15,0.1978026119830137,0.19894597857933127,0.18408219919719757,0.19025638699531555,476996000
2008-12-16,0.19208572159024484,0.2035193985774027,0.190256343631101,0.2030620574951172,521940000
2008-12-17,0.19940329769613682,0.21609646723680054,0.1966592236206874,0.21312370896339417,674180000
2008-12-18,0.21175165823181172,0.21243768352131093,0.19094236529369543,0.19345778226852417,550808000
2008-12-19,0.19597323296217,0.20351945844988412,0.1941438408348436,0.19482986629009247,593120000
2008-12-22,0.1978025816907596,0.19825992280724566,0.17630727661585718,0.1833961457014084,522464000
2008-12-23,0.1845394796608924,0.18842693298720628,0.1781366233763757,0.18088071048259735,377452000
2008-12-24,0.17722193087510754,0.18156673894593017,0.1728771364342856,0.17653591930866241,146616000
2008-12-26,0.1765360077213014,0.17882274134802686,0.1669317183110499,0.17173385620117188,226156000
2008-12-29,0.17402059841331025,0.17722202837467194,0.1628156003635485,0.17722202837467194,460168000
2008-12-30,0.17950870532126822,0.18614023329033338,0.17539258075288217,0.1833961457014084,409860000
2008-12-31,0.1811093979179703,0.18911297583622733,0.17790796947666782,0.18453949689865112,441580000
2009-01-02,0.18453952045342753,0.20054666470310495,0.18385350874772932,0.19917462766170502,497124000
2009-01-05,0.19688786850422793,0.2074068495579034,0.19551583164548816,0.2028333842754364,705736000
2009-01-06,0.20877894443382788,0.21563915789390176,0.20420547788044893,0.20969364047050476,657904000
2009-01-07,0.2048914926788689,0.2048914926788689,0.19002769989200458,0.19711658358573914,870096000
2009-01-08,0.1946011147838447,0.1946011147838447,0.18019468162257293,0.19208569824695587,1014496000
2009-01-09,0.19208572367340565,0.19208572367340565,0.1808807307358748,0.18133807182312012,761352000
2009-01-12,0.1813381130658695,0.18225280907839664,0.1715051547837115,0.17402055859565735,645532000
2009-01-13,0.16807503763152618,0.18156677857286044,0.1648736087327353,0.1749352365732193,1824424000
2009-01-14,0.16876096452696987,0.17081902590107906,0.16464485540874832,0.1671602576971054,974908000
2009-01-15,0.16807503029997703,0.17584992482075038,0.16464493097875377,0.173105850815773,998204000
2009-01-16,0.17790794736006751,0.18431080344670234,0.17219111643628643,0.18271009624004364,831324000
2009-01-20,0.18225276417064976,0.18293878941850727,0.16350153460922728,0.16487358510494232,705788000
2009-01-21,0.16807502648035108,0.17402052910935495,0.1619008396644602,0.17287716269493103,648472000
2009-01-22,0.16738901944222548,0.17424923230723696,0.16350156503105215,0.16967575252056122,547656000
2009-01-23,0.16487359809610871,0.18156676685929368,0.16464492753880544,0.17630727589130402,633616000
2009-01-26,0.1772219881424056,0.18751230126428878,0.17424924313386614,0.18225280940532684,581748000
2009-01-27,0.18522549837464455,0.19437244144586155,0.18453947321455327,0.19300039112567902,725300000
2009-01-28,0.19986060253153992,0.20420539675722557,0.19345774644842423,0.20100396871566772,723752000
2009-01-29,0.1943724389159764,0.1966591712465173,0.1884269239525701,0.18934161961078644,413128000
2009-01-30,0.1879696198464085,0.1930004265094005,0.1795087003841006,0.18179543316364288,506760000
2009-02-02,0.17905139390736396,0.19368650399683038,0.17813669782302155,0.19162844121456146,577992000
2009-02-03,0.19208573697224451,0.19551584988407256,0.18682624595477815,0.19391512870788574,396948000
2009-02-04,0.1943725228364629,0.20923630303242732,0.1943725228364629,0.1994033306837082,779232000
2009-02-05,0.19414381725720362,0.21632514980972314,0.1920857547714026,0.2140384167432785,919192000
2009-02-06,0.21472442752203935,0.22707278796761768,0.21106564396038408,0.2257007509469986,1157880000
2009-02-09,0.22478600134062943,0.22798742937704733,0.21655376755412623,0.2227279394865036,716128000
2009-02-10,0.2224993249195204,0.2254720831929268,0.20900758422021662,0.21312370896339417,1129664000
2009-02-11,0.1962019480239431,0.2032908339009532,0.17973745603767285,0.18636898696422577,1983400000
2009-02-12,0.1822528071910874,0.19139975359163316,0.1797374034051897,0.19025638699531555,1024020000
2009-02-13,0.18591152907658376,0.1923143853282988,0.1845394787155017,0.1900276392698288,764304000
2009-02-17,0.18293879339874883,0.1872835882597064,0.17836531436352873,0.17905133962631226,779576000
2009-02-18,0.1790512844368244,0.1897989330043097,0.17882261396304766,0.18385343253612518,646252000
2009-02-19,0.18751228961358593,0.18911301094642352,0.16967575252056122,0.16967575252056122,743988000
2009-02-20,0.16738902954234186,0.17676464663323882,0.16578832174292316,0.17402055859565735,770056000
2009-02-23,0.176993305146703,0.1779080010967899,0.16487361447556106,0.16601698100566864,679548000
2009-02-24,0.16693163169347172,0.1811093810006157,0.1667029475454529,0.18088071048259735,659524000
2009-02-25,0.18042339700082416,0.18842697599840358,0.17424922345498142,0.182938814163208,702360000
2009-02-26,0.1893417174588521,0.19528722186477795,0.18659762906611232,0.18888436257839203,1117556000
2009-02-27,0.18408212979854238,0.19368641376481416,0.18271009312621778,0.18934161961078644,755444000
2009-03-02,0.18476823401301312,0.18865567518638948,0.17264852839306005,0.17333455383777618,700064000
2009-03-03,0.17653597992747735,0.18705496385831175,0.17081913313071648,0.18019475042819977,1041372000
2009-03-04,0.18499686276137833,0.19894594369451019,0.18339614162921433,0.19345778226852417,1108668000
2009-03-05,0.19071375484021855,0.19848865150797093,0.18796968007748563,0.18888436257839203,955252000
2009-03-06,0.18888428217588582,0.1987172511750913,0.1863688791091129,0.19185703992843628,974756000
2009-03-09,0.19048500617594089,0.20489144048319743,0.18934163988822225,0.1897989809513092,682768000
2009-03-10,0.1966592049772765,0.21060828549010618,0.1948298133470687,0.20694950222969055,1254800000
2009-03-11,0.2069494731859642,0.27097803495731215,0.20351937458321348,0.212666317820549,864916000
2009-03-12,0.21198032083053012,0.22753012231232803,0.20923624703550828,0.22524338960647583,1604604000
2009-03-13,0.22204196134446705,0.22730145202590143,0.21838317810694638,0.2241000235080719,1195156000
2009-03-16,0.22638682529553356,0.22661549591015395,0.21358110731671615,0.2154104858636856,699344000
2009-03-17,0.21609645659200105,0.22661543849973886,0.21335238265172332,0.22615809738636017,1005384000
2009-03-18,0.22272798525387866,0.23987850877244457,0.22249931469643175,0.23324696719646454,1359560000
2009-03-19,0.23484770031752317,0.23484770031752317,0.22890221065607375,0.2305029183626175,822648000
2009-03-20,0.23393298986800024,0.2341616740528782,0.2119803303699174,0.21792584657669067,1093672000
2009-03-23,0.22478603831966393,0.23416166709082242,0.21975523174197223,0.23370429873466492,816048000
2009-03-24,0.22798748729228177,0.2300455632992168,0.22249932549713217,0.22364269196987152,1114868000
2009-03-25,0.23050290727502273,0.23782044733867086,0.21861187400408624,0.2273014783859253,1243852000
2009-03-26,0.2309603357538299,0.24193666362992955,0.22844493125764298,0.2414793223142624,1333664000
2009-03-27,0.2389637718458106,0.24490928743680737,0.23553367298792846,0.23919245600700378,731892000
2009-03-30,0.23004561195983808,0.2330183708697775,0.22066998036617952,0.2238714098930359,780052000
2009-03-31,0.22730146948660726,0.23096023937518298,0.2238713565304388,0.2254720777273178,805272000
2009-04-01,0.2227279465902,0.23324692670678035,0.21426702839338543,0.23118887841701508,887920000
2009-04-02,0.23987847141549273,0.2462813278068881,0.23644837269795965,0.24193651974201202,1002860000
2009-04-03,0.24216528422505962,0.2595444677295942,0.23804915894661613,0.25885844230651855,1003208000
2009-04-06,0.25451371285739716,0.26183125528148377,0.25108361229048004,0.2595445215702057,887288000
2009-04-07,0.2545136144068064,0.2572576883468782,0.24902543926665743,0.2506261467933655,607804000
2009-04-08,0.25337024770957634,0.26160249678057396,0.2513121718118242,0.26091647148132324,731652000
2009-04-09,0.26754791870716366,0.2762375067129691,0.2654898705852618,0.275322824716568,904412000
2009-04-13,0.27189289533010796,0.2721215796013421,0.2604592269687136,0.2664047181606293,767628000
2009-04-14,0.26274585059599853,0.27440819834412367,0.26160248423873156,0.2680053412914276,711960000
2009-04-15,0.2586297333680403,0.26160249143066194,0.24948277499843344,0.26045912504196167,1045368000
2009-04-16,0.2652612270774339,0.2702920606080422,0.255199614536223,0.2670906186103821,1038772000
2009-04-17,0.2670907608720948,0.2714355714845425,0.26068790072639425,0.2689201533794403,695764000
2009-04-20,0.25862978263290715,0.26091651584589404,0.25131221454334113,0.25268426537513733,590660000
2009-04-21,0.2492541712498249,0.26251722964014285,0.24559538712145762,0.25199824571609497,932184000
2009-04-22,0.24971156115970677,0.2700635075460912,0.24559543502740303,0.2595445215702057,916404000
2009-04-23,0.26205979506667293,0.26434652751713245,0.24742469102773124,0.2554282546043396,753952000
2009-04-24,0.2579436597921025,0.2632031496474734,0.251769460641015,0.26137375831604004,759508000
2009-04-27,0.25794376310968914,0.2652613041064129,0.25039753788243835,0.25199824571609497,787024000
2009-04-28,0.24879682436506173,0.2579437572170091,0.24651006389206473,0.25268426537513733,634392000
2009-04-29,0.2538275673719384,0.2549709336873974,0.24582400316372502,0.2487967610359192,859668000
2009-04-30,0.2535989094785431,0.2698347237441477,0.2515408608014973,0.26251718401908875,1110276000
2009-05-01,0.2618311121676711,0.2730361175844188,0.2616024552775341,0.2668619453907013,840548000
2009-05-04,0.2714354034435377,0.2833264064897412,0.26777662069393643,0.2812683582305908,927704000
2009-05-05,0.2750942485445165,0.2769236405152377,0.2641179239801982,0.2698347568511963,837076000
2009-05-06,0.2728075372562291,0.27532295482503283,0.2590871372664157,0.2643466293811798,935088000
2009-05-07,0.2702921112839471,0.2702921112839471,0.24193657809699715,0.2453666776418686,1289196000
2009-05-08,0.2401072049630744,0.2401072049630744,0.2083215970101768,0.21152302622795105,2930564000
2009-05-11,0.208092933776664,0.2208986511007657,0.20626354169321928,0.2156391590833664,1038596000
2009-05-12,0.22044131617422177,0.22044131617422177,0.20123273845323233,0.20534886419773102,1201384000
2009-05-13,0.20397672850133902,0.20512009469810658,0.19048499102348135,0.19208569824695587,1305608000
2009-05-14,0.19185710749068852,0.19894599176157396,0.19048507021019664,0.19482986629009247,1017864000
2009-05-15,0.19620190769270854,0.2067208922008263,0.1939151743005101,0.19986069202423096,780308000
2009-05-18,0.20489145906314177,0.21335237853751257,0.20443410432857975,0.21198032796382904,938320000
2009-05-19,0.21335238682528754,0.21861186425203868,0.20992227388783688,0.21609646081924438,859768000
2009-05-20,0.21998396655131067,0.234390392478534,0.21906927046180336,0.22249937057495117,1309436000
2009-05-21,0.21975524952390063,0.22410004480893053,0.2149530994757077,0.22112728655338287,965600000
2009-05-22,0.2211272708030435,0.22775879854153125,0.21701114637777458,0.22455736994743347,718260000
2009-05-26,0.22249929978869754,0.23850644218752448,0.2202125671074368,0.23667705059051514,865540000
2009-05-27,0.23553368956884682,0.24422327940587182,0.23324695683594576,0.2371343970298767,814152000
2009-05-28,0.2407931333084006,0.24239384045700368,0.23004549701349525,0.24033579230308533,995288000
2009-05-29,0.2405645120667087,0.2410218531397626,0.2302741879929787,0.23850643634796143,834232000
2009-06-01,0.24125058364342838,0.2515409108563784,0.24033590121828288,0.2501688599586487,1022764000
2009-06-02,0.2501687898870058,0.2556569646806894,0.24353727601214242,0.24811074137687683,907984000
2009-06-03,0.24490925687623646,0.24582396614686616,0.2343902774539892,0.24033579230308533,735688000
2009-06-04,0.24102197047881965,0.24948287985943413,0.24079328620095855,0.24902553856372833,673180000
2009-06-05,0.2535989266004561,0.2535989266004561,0.24468067871779453,0.24765340983867645,559992000
2009-06-08,0.24582408889156196,0.24971153026781484,0.24010722806058532,0.2462814301252365,473948000
2009-06-09,0.2497114645884387,0.26251717932323015,0.24788207287489628,0.2597731053829193,725032000
2009-06-10,0.26114511588782136,0.2696060487396006,0.2554282841014863,0.2680053412914276,833320000
2009-06-11,0.2686913677705567,0.2789816933364125,0.2629745353784186,0.2645752429962158,835156000
2009-06-12,0.2606878752260528,0.26411797561928857,0.2547423569737715,0.26320329308509827,595000000
2009-06-15,0.25840110111113823,0.2618312009665061,0.25428497583269477,0.25885844230651855,445164000
2009-06-16,0.25885833426687094,0.2620597758183689,0.24811069799112578,0.25176945328712463,594912000
2009-06-17,0.25565692766950887,0.2604590765112796,0.24582397310683543,0.25794366002082825,799016000
2009-06-18,0.2570290943820859,0.261831245907858,0.25016889349384863,0.2529129683971405,566376000
2009-06-19,0.2554283330117432,0.262059875509724,0.25222691750237974,0.25565701723098755,747564000
2009-06-22,0.256571677390031,0.256571677390031,0.24033586250863087,0.24125054478645325,574864000
2009-06-23,0.24353735072742275,0.243994691952204,0.23073160561346245,0.2401072233915329,589764000
2009-06-24,0.2430799076676659,0.25382757308279486,0.2430799076676659,0.24811074137687683,515096000
2009-06-25,0.2458241234367448,0.2616026026659316,0.24330870540802882,0.2611452341079712,870444000
2009-06-26,0.2600017770825053,0.26548995253496216,0.25771504412565005,0.2645752429962158,513956000
2009-06-29,0.2652612683352738,0.2693773931096147,0.2618311688999909,0.2645752429962158,510056000
2009-06-30,0.26366047715118557,0.26731925962651815,0.2533701821068109,0.25817230343818665,589844000
2009-07-01,0.2597731273556337,0.26274588573408797,0.25497097710889927,0.25931575894355774,696420000
2009-07-02,0.25085481489937794,0.25405622974757225,0.24582400845507096,0.24925410747528076,552312000
2009-07-06,0.24902545318797167,0.24925413738743082,0.2371344200162384,0.24125054478645325,752456000
2009-07-07,0.24216526942702646,0.24353732018933566,0.23004557855999128,0.23073157668113708,1072996000
2009-07-08,0.23210356048802167,0.23278958567127706,0.22204193503694508,0.23118887841701508,1205860000
2009-07-09,0.2350763971525858,0.24010720475471906,0.23439037173865623,0.23621976375579834,714564000
2009-07-10,0.23621971484071805,0.23873513175091102,0.23118890828033656,0.2371343970298767,520008000
2009-07-13,0.24193662923207795,0.24193662923207795,0.22753020264671245,0.2398785799741745,556012000
2009-07-14,0.241707871814593,0.245823995880291,0.23896377093079268,0.24490928649902344,452568000
2009-07-15,0.253827571632649,0.2600017443877659,0.25154083896334617,0.2549709379673004,1022808000
2009-07-16,0.25771500384726487,0.26914869410457204,0.25634298064359007,0.268233984708786,952076000
2009-07-17,0.26823396748306105,0.27692355625497594,0.2654898939919303,0.27600887417793274,850356000
2009-07-20,0.2782956359287917,0.2824117602288233,0.2746368527154293,0.2794390022754669,782756000
2009-07-21,0.2787530086296992,0.2798963751060472,0.2673193438662197,0.27372220158576965,941296000
2009-07-22,0.268233966993974,0.28309775516883245,0.2664045755832221,0.28058233857154846,600908000
2009-07-23,0.2810397572423834,0.2981902826032647,0.2780669987862304,0.297275573015213,1046120000
2009-07-24,0.28812857248818247,0.2972755026433622,0.2862991810051461,0.2963608205318451,650592000
2009-07-27,0.29361685354291617,0.3020777615564209,0.29087275169203936,0.29773297905921936,677484000
2009-07-28,0.2956748191918366,0.3013916510004172,0.29315940229205933,0.29819023609161377,563180000
2009-07-29,0.2947602696206801,0.2965896620744802,0.2892720922592798,0.2922448515892029,373972000
2009-07-30,0.2972755385022791,0.3011630060951587,0.2920160475766233,0.2945314645767212,468444000
2009-07-31,0.2945316127043916,0.2997911062751846,0.28767141081031866,0.29567497968673706,541560000
2009-08-03,0.30276385971233294,0.3071086705127297,0.2970470249170887,0.3036785423755646,471900000
2009-08-04,0.29841879872309646,0.31099585198828195,0.2979614577749069,0.30573636293411255,695380000
2009-08-05,0.3039071438784455,0.30870929470221586,0.30024835970223845,0.30642256140708923,610768000
2009-08-06,0.3075658756925829,0.3130540237625434,0.2981902598747268,0.30001965165138245,957588000
2009-08-07,0.31625544546775575,0.32540237649178183,0.3091665630201336,0.31351137161254883,1401872000
2009-08-10,0.3157980733030879,0.32037153836520327,0.3013916256454221,0.3032210171222687,693312000
2009-08-11,0.3011629202741014,0.3057363846000866,0.2945313806454242,0.29613208770751953,481884000
2009-08-12,0.2963609129733587,0.3103099967150359,0.2961322287441467,0.3071085810661316,634940000
2009-08-13,0.30939533934454566,0.3173989063742087,0.3039071627396262,0.3162555396556854,564028000
2009-08-14,0.31579815353709745,0.3162554947075041,0.3027637529904511,0.3068798780441284,427148000
2009-08-17,0.2975041871472186,0.29841886925979944,0.290872646421,0.29407408833503723,465032000
2009-08-18,0.2940741782866703,0.30825194618839474,0.29384549405857396,0.30482181906700134,636200000
2009-08-19,0.30024829476685994,0.3032210528596016,0.2972755366741182,0.3013916611671448,552996000
2009-08-20,0.30001967103265176,0.31465477893131827,0.2993336456645878,0.31328272819519043,819840000
2009-08-21,0.31579813809954194,0.3189995533958983,0.30939528024682156,0.3185422122478485,607324000
2009-08-24,0.31671277936200914,0.3201428784179871,0.30779450546046405,0.3096238970756531,461456000
2009-08-25,0.31122467126158104,0.31556948068694196,0.3059652067224751,0.3123680651187897,444088000
2009-08-26,0.311681995480219,0.31671280234201044,0.3105386290452662,0.3160267770290375,434308000
2009-08-27,0.3173988397095134,0.32174362142334284,0.3139687402743826,0.3203715980052948,551072000
2009-08-28,0.329061220271857,0.34369632895556795,0.3286038790886182,0.3368361294269562,883992000
2009-08-31,0.33294864433142,0.3345493792815773,0.3276891528409235,0.3320339620113373,431796000
2009-09-01,0.33180517580460944,0.34118078937343715,0.3189994636998692,0.3208288550376892,736856000
2009-09-02,0.3212863134416405,0.32860388146645203,0.31945692143543764,0.3254024386405945,404656000
2009-09-03,0.3254023902522129,0.33363463942595895,0.3244877080151326,0.3331772983074188,534020000
2009-09-04,0.33180511410843005,0.3478122648929695,0.33180511410843005,0.3455255329608917,513048000
2009-09-08,0.34804119102986475,0.35513007640838623,0.3452971160401202,0.35513007640838623,549712000
2009-09-09,0.3544439234941377,0.3656489309613215,0.3494131166105071,0.3649629056453705,571684000
2009-09-10,0.36610631603960514,0.37708266789261796,0.36199019090972767,0.37662529945373535,607952000
2009-09-11,0.37571061854202153,0.37708266934393125,0.3704511268147137,0.37319520115852356,712732000
2009-09-14,0.3677071093388396,0.37067986836272454,0.3638196405522134,0.3670210838317871,490516000
2009-09-15,0.3704509386081393,0.37914052566549117,0.3670208406060264,0.37456706166267395,546136000
2009-09-16,0.3736525516923231,0.3743385771104503,0.35901746998565615,0.3645056188106537,707064000
2009-09-17,0.36359091280909017,0.36359091280909017,0.3423242625285925,0.34849846363067627,923096000
2009-09-18,0.3519285854670589,0.35444397564899965,0.34529704278373835,0.3480411171913147,604740000
2009-09-21,0.3439249872460022,0.3523859218386549,0.3409522559134592,0.3464404046535492,588776000
2009-09-22,0.34895572640417877,0.3510137748025509,0.3443822612877941,0.3471263349056244,361388000
2009-09-23,0.34918443136836197,0.3521571895552052,0.341180866313018,0.3416382074356079,478936000
2009-09-24,0.34735509898374634,0.34735509898374634,0.33592140630215644,0.3370647728443146,552876000
2009-09-25,0.3352354021852345,0.3368361372537802,0.32906122791802095,0.3315766453742981,377556000
2009-09-28,0.3327200032968827,0.3475837688992813,0.3327200032968827,0.33912286162376404,467708000
2009-09-29,0.34118081345432383,0.34529693743993906,0.3322625402754904,0.33294856548309326,470928000
2009-09-30,0.33980882837782317,0.34781242099212434,0.33226260416320164,0.3436962962150574,875956000
2009-10-01,0.3425529618814047,0.3425529618814047,0.31899957748791347,0.31922826170921326,999960000
2009-10-02,0.31602683086289013,0.32357305607104825,0.314197438803335,0.3167128562927246,612476000
2009-10-05,0.32014292112044074,0.32128628762494205,0.309623938375026,0.3151121139526367,754276000
2009-10-06,0.3189995473272397,0.3258597461975012,0.3167128143704858,0.3203715980052948,761272000
2009-10-07,0.3180849066206947,0.32151500650412285,0.31442612250770036,0.31785622239112854,459608000
2009-10-08,0.3196856269320812,0.3206003093660449,0.3084806171859615,0.319914311170578,1241524000
2009-10-09,0.31808491166198916,0.32448777033120213,0.3176275704556192,0.32403042912483215,618540000
2009-10-12,0.3185422061878903,0.32654577153652875,0.31831352198821206,0.3203715980052948,499008000
2009-10-13,0.3222010202860621,0.32585977700679103,0.31625550313236434,0.31922826170921326,602124000
2009-10-14,0.3315766317312511,0.3315766317312511,0.3171701802671698,0.3187709152698517,1101948000
2009-10-15,0.31831343936614975,0.3212861968903164,0.3073371185707653,0.3093951940536499,1092196000
2009-10-16,0.30550788935860856,0.3064225991453192,0.29681829631493695,0.30230647325515747,1018832000
2009-10-19,0.3048217940890826,0.3157981454580887,0.3023064040861926,0.31328272819519043,695588000
2009-10-20,0.31854217822376224,0.3208289109797688,0.31099595467693975,0.31351137161254883,660180000
2009-10-21,0.3123680431106003,0.31717016612449056,0.30436445023410047,0.3059651851654053,503956000
2009-10-22,0.304364430816375,0.30962392190938537,0.29910493972336466,0.30802321434020996,379328000
2009-10-23,0.31213921188216903,0.31213921188216903,0.2988761610841708,0.30070555210113525,429528000
2009-10-26,0.3029923059014425,0.30756577014357794,0.29521740033381394,0.2968181073665619,481652000
2009-10-27,0.29544619307447717,0.2997909747979214,0.28378384406522167,0.28675657510757446,591836000
2009-10-28,0.2803537158590947,0.2867565735698406,0.2734935170104398,0.2748655676841736,773632000
2009-10-29,0.2792103691934905,0.28835732890065446,0.27669497912652824,0.28698527812957764,637100000
2009-10-30,0.28561321895393216,0.2867565854761814,0.2721215048953947,0.27349352836608887,604144000
2009-11-02,0.2730361165375407,0.2819543894587169,0.26823396748306105,0.27600887417793274,593136000
2009-11-03,0.2670906989607335,0.2760089751442886,0.2643466244657977,0.2746369242668152,876472000
2009-11-04,0.27669494621892304,0.2796677043626971,0.27280747858321536,0.27395084500312805,916840000
2009-11-05,0.27715223989888904,0.2833264120576758,0.2762375305635126,0.28058233857154846,955156000
2009-11-06,0.2981903294594221,0.30710860622925507,0.29453154505230916,0.30093440413475037,1641112000
2009-11-09,0.3050504374732019,0.31213931989446886,0.3048217532944495,0.3077945113182068,818124000
2009-11-10,0.3089377625122767,0.3089377625122767,0.29636073709002775,0.3002481758594513,781472000
2009-11-11,0.3052791052598533,0.31602674314402607,0.3048217369269072,0.30870920419692993,871512000
2009-11-12,0.31145329461821647,0.31671278538947867,0.3068798291232067,0.3077945113182068,505864000
2009-11-13,0.30756591297435915,0.31168203815577117,0.3061938621605519,0.3100813031196594,388524000
2009-11-16,0.3128252680078896,0.3180847574818234,0.31122453367147657,0.3144259750843048,402820000
2009-11-17,0.31465474334238164,0.31465474334238164,0.3080232018811668,0.3139687180519104,350124000
2009-11-18,0.3109960621344917,0.31213942890755914,0.30390717723746813,0.30916666984558105,455516000
2009-11-19,0.30253493766923123,0.30253493766923123,0.2913299611799982,0.2968181073665619,833840000
2009-11-20,0.28995809206722023,0.29636095145646446,0.28927206655051296,0.2949889004230499,426748000
2009-11-23,0.2993336491433229,0.3048217976315987,0.29590354952314835,0.297275573015213,390924000
2009-11-24,0.2959036179344903,0.2979616672784017,0.29064412518225424,0.2954462766647339,418504000
2009-11-25,0.2988763749599457,0.30299250087861435,0.296818298370604,0.2988763749599457,441760000
2009-11-27,0.2881286557687063,0.29590356500386517,0.2865279479808827,0.2924734652042389,279932000
2009-11-30,0.2936167759013589,0.29887626671141443,0.2904153336752358,0.29864758253097534,509836000
2009-12-01,0.3002482190565283,0.308023124973955,0.2986475119517635,0.304593026638031,461936000
2009-12-02,0.3052791096488109,0.3144260402791861,0.3034497180707351,0.3137400150299072,602292000
2009-12-03,0.3173989063742087,0.32311573996682513,0.3157981984202787,0.3162555396556854,660036000
2009-12-04,0.3222009584984474,0.327460449239657,0.317170124674679,0.32608839869499207,824564000
2009-12-07,0.3624474508726129,0.3761678456925218,0.34529693008772533,0.3679355978965759,2732184000
2009-12-08,0.36199002878184466,0.36359076308097904,0.3480409518836559,0.35009902715682983,1075512000
2009-12-09,0.35375801003428115,0.36153289278095996,0.3503278826342608,0.3587888181209564,671588000
2009-12-10,0.3613040921322175,0.36359082464963643,0.351242452699573,0.35238581895828247,417012000
2009-12-11,0.3553586077869827,0.35581594887849655,0.3468976749239572,0.34781238436698914,416744000
2009-12-14,0.3528431777978207,0.35947471878865583,0.34895573777422945,0.3583313524723053,405488000
2009-12-15,0.35581610812396725,0.3638196762174709,0.3549014255315734,0.35787418484687805,446152000
2009-12-16,0.37067978989054107,0.39080304603061555,0.36862171380507425,0.38668692111968994,1683400000
2009-12-17,0.3878302637715552,0.39972129661809125,0.3791406733298583,0.38485750555992126,1016132000
2009-12-18,0.3880589315330363,0.38943095485415147,0.3800553394898409,0.3846288323402405,812828000
2009-12-21,0.3869155905950715,0.39994996293337604,0.3864582494579394,0.39834925532341003,427792000
2009-12-22,0.3983492413438035,0.41298434803847883,0.39789190022272125,0.4088682234287262,793044000
2009-12-23,0.41275578086705483,0.4157285398868965,0.407496288333491,0.4145851731300354,442196000
2009-12-24,0.4157284695568456,0.416414494946908,0.4120697129098613,0.4136704206466675,136812000
2009-12-28,0.4129843843504543,0.4166431681608261,0.40292274250193616,0.4070388674736023,465760000
2009-12-29,0.405666879315512,0.41321310454402976,0.40475216965326116,0.41206973791122437,475848000
2009-12-30,0.4159570851338099,0.4294488247119825,0.4129843271074326,0.4269334077835083,704008000
2009-12-31,0.4278481958130008,0.433336344515738,0.42670482922826314,0.42716217041015625,700340000
2010-01-04,0.42327460109957243,0.42579001788910087,0.4141276706067463,0.42281726002693176,800204000
2010-01-05,0.4212166764104877,0.43356505256017813,0.4212166764104877,0.4289915859699249,728648000
2010-01-06,0.4287628170506157,0.4326502574325127,0.4246466924803695,0.4317355751991272,649168000
2010-01-07,0.4294489576204432,0.43127834983823177,0.42007333954178516,0.4232747554779053,547792000
2010-01-08,0.41984446162215955,0.4271620271177966,0.4173290723355348,0.4241892695426941,478168000
2010-01-11,0.4264761655533197,0.4283055576290351,0.41229839741153307,0.4182439148426056,556612000
2010-01-12,0.41206967834819075,0.41367038595074024,0.3953764952101523,0.4040660858154297,627432000
2010-01-13,0.40681019874178437,0.410926323594248,0.3910317246840083,0.40955427289009094,508868000
2010-01-14,0.4045234435656482,0.4074961744950114,0.3962911943120108,0.40315139293670654,608524000
2010-01-15,0.4001785996956157,0.40360869870752053,0.38600083530507273,0.3912603259086609,818192000
2010-01-19,0.38828769040972166,0.4010934083292409,0.3871443237119079,0.398578017950058,545328000
2010-01-20,0.39354708694391083,0.3985779209985838,0.38828759596130175,0.39697718620300293,719728000
2010-01-21,0.39674854498504725,0.40383742797187044,0.3862295626033109,0.38988834619522095,608632000
2010-01-22,0.3853147827214946,0.39240366441397345,0.3741098043146751,0.3763965368270874,1067916000
2010-01-25,0.38257094110284035,0.3901171684209108,0.3798268658762743,0.3827996253967285,643676000
2010-01-26,0.38097009455178593,0.38348551183150625,0.3704511115311482,0.3706797957420349,714636000
2010-01-27,0.3704510894103812,0.38211343826904126,0.3663349646802655,0.3807413876056671,812504000
2010-01-28,0.38371406829547205,0.3850861186814635,0.36267610776361053,0.3679355978965759,687764000
2010-01-29,0.37205178682896456,0.37616791144643347,0.34644035688027175,0.3519285321235657,774700000
2010-02-01,0.3533004318507184,0.37959787790944466,0.3503276747084279,0.3789118528366089,949832000
2010-02-02,0.37754013197746616,0.3876017774882329,0.3763967650280621,0.3827996253967285,849812000
2010-02-03,0.37936926931047565,0.387601516711571,0.37753987797023225,0.38600078225135803,562296000
2010-02-04,0.3825707538494876,0.3825707538494876,0.3594747418721087,0.36359086632728577,783480000
2010-02-05,0.36313358709066273,0.3718231785853752,0.35673070150507497,0.3709084689617157,604856000
2010-02-08,0.36976501881723167,0.3791406335959744,0.3629048208601039,0.3702223598957062,445160000
2010-02-09,0.37616794293898365,0.37799733483990383,0.36359091110266867,0.36724966764450073,930144000
2010-02-10,0.36953644397646107,0.37776866699726475,0.36702102659620994,0.3743385672569275,535828000
2010-02-11,0.38028405087891004,0.3956051835108103,0.3775399767803632,0.39148905873298645,695980000
2010-02-12,0.38874497757521553,0.40475210799607353,0.38440016867640725,0.39674854278564453,780212000
2010-02-16,0.40200803707786703,0.405666820677986,0.39720588701021176,0.4040660858154297,457024000
2010-02-17,0.4090969268387498,0.4093255837800303,0.39629121128679384,0.40795356035232544,876560000
2010-02-18,0.38554351546213167,0.3876015913386583,0.37067975225835115,0.3811987340450287,1515508000
2010-02-19,0.37959798635813025,0.3837141107110982,0.37731125363537077,0.3791406452655792,510548000
2010-02-22,0.3807413470962144,0.38645820607868325,0.37731124806273547,0.3798266649246216,458084000
2010-02-23,0.38097009455178593,0.38257080224796775,0.3667923277170111,0.3706797957420349,489764000
2010-02-24,0.3738812189775736,0.38211346910207167,0.37273785241917157,0.37845468521118164,445868000
2010-02-25,0.3697651540446911,0.3759393562720872,0.36038953583717476,0.3750246465206146,576972000
2010-02-26,0.3731950767420501,0.3759391774310361,0.3681642709122432,0.3704510033130646,393396000
2010-03-01,0.37067982953326,0.3871443036777638,0.3677070708207776,0.3853149116039276,555868000
2010-03-02,0.38874499229206355,0.3935471152441125,0.3823421344293239,0.38508620858192444,538648000
2010-03-03,0.38737283298790093,0.3894308812103868,0.3770825373554715,0.3802839517593384,399300000
2010-03-04,0.38188480281565446,0.38485756145907074,0.37616796975524247,0.3809701204299927,557396000
2010-03-05,0.37822594433535167,0.39537643890605806,0.37822594433535167,0.3926323652267456,632832000
2010-03-08,0.39286108069936804,0.39400444709519833,0.3853148297748818,0.38691556453704834,439312000
2010-03-09,0.3908030248936042,0.4052094476726526,0.39057434069869607,0.40132200717926025,830832000
2010-03-10,0.4001787105891806,0.4065815693043672,0.399950026354348,0.4022367596626282,418520000
2010-03-11,0.399035348448174,0.4004073993526647,0.3914891229934987,0.39308983087539673,540660000
2010-03-12,0.39743459886563237,0.3985779654127368,0.39240376425036577,0.39446184039115906,520352000
2010-03-15,0.39400448653410586,0.3978919272170514,0.3887449951348229,0.3924037516117096,358904000
2010-03-16,0.3921750347905026,0.4084108476616656,0.391946350619358,0.4061241149902344,664988000
2010-03-17,0.408410856828762,0.4193871793500045,0.408410856828762,0.4138990044593811,651168000
2010-03-18,0.4145849290632237,0.4145849290632237,0.39560504662081364,0.39926382899284363,740964000
2010-03-19,0.40520948048193917,0.4063528470290436,0.38943100577589246,0.39446184039115906,584612000
2010-03-22,0.38943096908605873,0.40246536830303414,0.38943096908605873,0.4008646607398987,435336000
2010-03-23,0.40383740574699084,0.41115494526808904,0.4010933045740744,0.409096896648407,493612000
2010-03-24,0.4056668291503062,0.40681019564172166,0.39469047812070907,0.3953765034675598,436252000
2010-03-25,0.4010933355270925,0.40360875270971625,0.39560518727774097,0.39651986956596375,495184000
2010-03-26,0.3999499690368103,0.4040660938538277,0.39331845429717655,0.39651986956596375,344676000
2010-03-29,0.3990352929793624,0.4024653925037686,0.39354711738430787,0.4015507102012634,394456000
2010-03-30,0.4061241511260759,0.40818219980948217,0.3962911943120108,0.40315139293670654,324104000
2010-03-31,0.40155054207052693,0.4033799331695721,0.395833684663512,0.3978917598724365,389840000
2010-04-01,0.399721277262847,0.4042947428254417,0.38965963666913567,0.3937757611274719,339664000
2010-04-05,0.3962912839601643,0.4004074095181239,0.3958339154737147,0.3997213840484619,413636000
2010-04-06,0.39469046899209526,0.3956051785200762,0.3830281201453879,0.38988834619522095,809260000
2010-04-07,0.38737294441848547,0.39903529372733,0.38417150183370075,0.3924037516117096,817468000
2010-04-08,0.38988824907187525,0.39286100659227075,0.3839427340310842,0.38600078225135803,1037600000
2010-04-09,0.38508617784286503,0.3898883276715956,0.38302810194769243,0.38851627707481384,817572000
2010-04-12,0.3889735762596381,0.39720582443296404,0.3882875510351938,0.3956051170825958,546460000
2010-04-13,0.39720590030833797,0.40520946584904494,0.3956051926521981,0.4038374423980713,648696000
2010-04-14,0.4125270069173965,0.4145850555922698,0.40246536595355614,0.4088682234287262,900720000
2010-04-15,0.4102402380688647,0.41435636231758266,0.40612411382014685,0.41184094548225403,957596000
2010-04-16,0.3951478840654009,0.3967485918534526,0.3814274576049305,0.3901170492172241,1917736000
2010-04-19,0.38714417798306056,0.389430910517916,0.37525317425381244,0.3882875442504883,1094492000
2010-04-20,0.3910317834906827,0.3951479089621642,0.3846289246750461,0.38965973258018494,678188000
2010-04-21,0.39171767726443896,0.3921750183275259,0.3750244967517439,0.3795979619026184,895908000
2010-04-22,0.37342382616704806,0.3823421004453195,0.3681643352737093,0.3811987340450287,656932000
2010-04-23,0.3800552569144414,0.3809699661897826,0.369307620564177,0.37593916058540344,752916000
2010-04-26,0.3763965472010073,0.38417142705349294,0.37571052197637556,0.3795979619026184,491092000
2010-04-27,0.3768538540629714,0.3807412936364122,0.3677069245913459,0.3688502907752991,606704000
2010-04-28,0.3686217200590132,0.3747959211601555,0.3619901777955663,0.369536429643631,672164000
2010-04-29,0.3706797736076125,0.3811987560001297,0.3651915982141226,0.3807413876056671,987128000
2010-04-30,0.37616797731279633,0.3768540027458307,0.3590174777869914,0.3592461347579956,1068048000
2010-05-03,0.3610754928585676,0.36313356896406096,0.3498704845331258,0.35535866022109985,1078972000
2010-05-04,0.3498704776178358,0.35055650297277413,0.33226261163445303,0.33729344606399536,1311376000
2010-05-05,0.3304332787596285,0.3400375528708508,0.3274605201094856,0.3315766453742981,1330840000
2010-05-06,0.3292898220418351,0.33615001985270593,0.29819022046854987,0.32471632957458496,1002888000
2010-05-07,0.3276891689971603,0.3276891689971603,0.3077945685844076,0.31922826170921326,1153712000
2010-05-10,0.33843673988391426,0.34255286386952954,0.32928980980921446,0.33294856548309326,979156000
2010-05-11,0.32974710515422023,0.33592127664683125,0.32677434784000065,0.3292897641658783,829124000
2010-05-12,0.3315765792795814,0.3375220681347147,0.3295185034274159,0.33569270372390747,901236000
2010-05-13,0.3343206885105844,0.34964182152135875,0.3318052712897089,0.3350067138671875,1252000000
2010-05-14,0.3123679755634117,0.31328265767492885,0.28812857248818247,0.2963608205318451,2493068000
2010-05-17,0.29681821559604094,0.30070568342734977,0.2876712837765042,0.2970468997955322,856060000
2010-05-18,0.29956242311069853,0.3013918157413925,0.28561333496917873,0.287214070558548,674112000
2010-05-19,0.2858418990095539,0.29224475689312773,0.2837838502034088,0.29178741574287415,826520000
2010-05-20,0.2833265138577156,0.29178744876498147,0.27463692197944933,0.28492724895477295,1129136000
2010-05-21,0.2766949723788843,0.2991049617799128,0.2766949723788843,0.2911013960838318,1069600000
2010-05-24,0.2901867394196627,0.2936168393069387,0.28172580455637336,0.2826404869556427,664564000
2010-05-25,0.2737222883271322,0.2915588164624773,0.2709781861062978,0.2901867926120758,966652000
2010-05-26,0.30184903786749384,0.3075658700267254,0.2906440304793963,0.29155871272087097,995028000
2010-05-27,0.298876248458643,0.30870920419692993,0.29819022321922706,0.30870920419692993,713560000
2010-05-28,0.30825190646393147,0.30825190646393147,0.2959035321982833,0.300476998090744,545116000
2010-06-01,0.2963607660822358,0.299790864260225,0.28744249446346565,0.28767117857933044,527492000
2010-06-02,0.28812864854524667,0.29133009130064286,0.2862992565793073,0.290872722864151,649088000
2010-06-03,0.28492725712556694,0.29110143167980784,0.28401254743530174,0.2904154062271118,586360000
2010-06-04,0.2819543534560717,0.2869851587574299,0.2750941297142226,0.2766948640346527,671456000
2010-06-07,0.27783819571271917,0.27966758666669517,0.26183104531042506,0.26297441124916077,577248000
2010-06-08,0.26183119129047966,0.26183119129047966,0.24902547473300682,0.25565701723098755,967636000
2010-06-09,0.25702906589222435,0.2638892932800689,0.24856815785323352,0.24948284029960632,697152000
2010-06-10,0.25451371285739716,0.2606878884258447,0.2538276872920105,0.2595445215702057,611768000
2010-06-11,0.2568004610396993,0.2666334220042977,0.2561144354356542,0.2654900550842285,442104000
2010-06-14,0.2693773778040101,0.2698347189173943,0.2590870800828402,0.2597731053829193,375080000
2010-06-15,0.2627459070523771,0.2739508888572136,0.26228853860319185,0.2725788652896881,528632000
2010-06-16,0.2707494747955963,0.27326489224022077,0.26548998294047904,0.2691487669944763,366480000
2010-06-17,0.2785243201021283,0.28012502753547286,0.26892002098205314,0.2794390022754669,859068000
2010-06-18,0.28103967408624053,0.2846984568358419,0.27898162582709013,0.2812683582305908,932832000
2010-06-21,0.28721398461695874,0.2878999827956844,0.27212153400479533,0.2746369242668152,579836000
2010-06-22,0.27806702937099315,0.2814971293684465,0.26297457847819383,0.2643466293811798,818164000
2010-06-23,0.26686189127788007,0.2700633051706418,0.2593156429735224,0.2673192322254181,614060000
2010-06-24,0.26571862453590056,0.2670906752917861,0.2531415925603151,0.25405627489089966,725028000
2010-06-25,0.25588573535168985,0.25611441962559395,0.24925421852866225,0.25337034463882446,507220000
2010-06-28,0.255199682302591,0.25748641551100043,0.24925416505672235,0.25382763147354126,372008000
2010-06-29,0.248339391866634,0.2485680760329581,0.2380490950621061,0.23964980244636536,660808000
2010-06-30,0.2401071850694084,0.2426226022942523,0.2334756702184677,0.2334756702184677,623072000
2010-07-01,0.23416168487565367,0.238963807639993,0.22707278830685523,0.23736310005187988,737008000
2010-07-02,0.23827777061958488,0.23873511167570644,0.22638673960041095,0.23439030349254608,737096000
2010-07-06,0.23347565030427014,0.24102187407514233,0.2298168668820274,0.23187494277954102,712020000
2010-07-07,0.23278964677517855,0.24445199617171492,0.23233230561962986,0.24307994544506073,608412000
2010-07-08,0.24468066204923777,0.24490931897987825,0.2327896293357399,0.23576238751411438,783272000
2010-07-09,0.23690573476264273,0.2382777852754007,0.23370429265287543,0.23667705059051514,571516000
2010-07-12,0.23667719458346909,0.2439947654234717,0.23644853753223177,0.2410220056772232,565396000
2010-07-13,0.24490943581075997,0.25131229634319774,0.24353741179239266,0.24971158802509308,723316000
2010-07-14,0.2606878569977921,0.2625172491982696,0.24856816433714318,0.25222694873809814,1355664000
2010-07-15,0.2524555288341895,0.25268421301210264,0.2421652315081779,0.2451379895210266,953088000
2010-07-16,0.24513803255314928,0.24582405794731085,0.22890221635136593,0.22981689870357513,1288604000
2010-07-19,0.23301828351481638,0.24010713813177134,0.23141754890646937,0.23919245600700378,798440000
2010-07-20,0.23301830055172318,0.2465100128084921,0.23096022473051814,0.2451379895210266,1160988000
2010-07-21,0.247424721587936,0.24765337850522345,0.23484766429697562,0.2371343970298767,624940000
2010-07-22,0.2396499543297176,0.24353742406097664,0.23827793024223243,0.2410220056772232,462612000
2010-07-23,0.2407932394650059,0.2410219236984813,0.23461906502129237,0.2369057983160019,817604000
2010-07-26,0.23621973773841606,0.24216525432428268,0.23256095410711242,0.24125054478645325,683548000
2010-07-27,0.241936529641309,0.24239387070369278,0.2362196982115054,0.23919245600700378,683472000
2010-07-28,0.23530508342836004,0.23942120868780709,0.23096027394227306,0.23164629936218262,1320808000
2010-07-29,0.21495307434291228,0.21952653965978217,0.20740685111807622,0.20877888798713684,2664476000
2010-07-30,0.20717824300727958,0.21380977244102092,0.20397681359478315,0.21015100181102753,984288000
2010-08-02,0.21380972295571588,0.21472441880901344,0.20900757313340443,0.20992226898670197,917020000
2010-08-03,0.20832156576357458,0.20855023632411573,0.2028334041605721,0.2044341117143631,955444000
2010-08-04,0.2062635101447672,0.21380973429725825,0.2053488142429496,0.21312370896339417,855496000
2010-08-05,0.21380972531444048,0.21632512871625634,0.20992227130254063,0.2158677875995636,800504000
2010-08-06,0.21495303505075694,0.22066986565184118,0.21312364380641027,0.21838313341140747,739904000
2010-08-09,0.22066989271694684,0.22089857687303768,0.2151817319407846,0.22044122219085693,466456000
2010-08-10,0.21678254594268465,0.21723988719118947,0.21037968668357618,0.21129438281059265,772560000
2010-08-11,0.2069494975845495,0.2069494975845495,0.2023760322416871,0.2030620574951172,796148000
2010-08-12,0.19940326864133293,0.20946490846525415,0.19780256126889179,0.20489144325256348,1343584000
2010-08-13,0.2115230074684738,0.21769719476160826,0.2110656526893506,0.21472443640232086,1797392000
2010-08-16,0.21175165260565249,0.21609644752036866,0.20649216187257466,0.2092362493276596,814008000
2010-08-17,0.2112943163069898,0.2158677818725948,0.20923625407646704,0.21198032796382904,481224000
2010-08-18,0.21129433078976237,0.2149531007670294,0.20992228012203423,0.21312370896339417,352920000
2010-08-19,0.21541049857786113,0.2266155092856829,0.21426713180726792,0.22592948377132416,1615100000
2010-08-20,0.22432874254766763,0.23347568898882815,0.22410007195338977,0.22798751294612885,1305308000
2010-08-23,0.22867349437270237,0.23439032628001896,0.2238713446665545,0.22455736994743347,748620000
2010-08-24,0.21723987573693973,0.22455743073723722,0.21678253451254878,0.22227069735527039,641332000
2010-08-25,0.21975523332286043,0.22867349380201812,0.21861185331424815,0.22684410214424133,757532000
2010-08-26,0.22981685527919532,0.2323322721624913,0.2241000235080719,0.2241000235080719,657596000
2010-08-27,0.22547206412388188,0.23324695818677357,0.2197552322585207,0.23141756653785706,1060416000
2010-08-30,0.22867347017010078,0.23050286163882186,0.22044122219085693,0.22044122219085693,602804000
2010-08-31,0.21723979218292006,0.22410000332027588,0.21266632717801673,0.21335235238075256,931488000
2010-09-01,0.2165538309236249,0.21929790511211616,0.21380974310512962,0.21495310962200165,851440000
2010-09-02,0.2156390814742688,0.2195265212149816,0.21358101952859707,0.21884050965309143,596292000
2010-09-03,0.22410005250288761,0.22707279723049423,0.22135596471970784,0.22638678550720215,566484000
2010-09-07,0.22570074202045617,0.23370430689252758,0.22524340090833891,0.22844482958316803,899820000
2010-09-08,0.22890224807518147,0.23759184066550648,0.22638683036797766,0.23599110543727875,1224156000
2010-09-09,0.2389638244097209,0.2391925086212168,0.22981689211002126,0.23278965055942535,697748000
2010-09-10,0.23439030967190608,0.23507633490417557,0.2282161371014863,0.23027418553829193,609292000
2010-09-13,0.23439031515432193,0.2462813467651182,0.23439031515432193,0.24330858886241913,1015792000
2010-09-14,0.24125066272846052,0.24422342247470902,0.2389639286559648,0.2410220056772232,698536000
2010-09-15,0.2387352471602419,0.24170800660210479,0.23553380343053662,0.2414793223142624,555572000
2010-09-16,0.23827779210560043,0.24376593979394162,0.23827779210560043,0.24170789122581482,365280000
2010-09-17,0.2439946461399345,0.24422330307938656,0.24056454670809,0.24125054478645325,416884000
2010-09-20,0.241250503493958,0.245823995880291,0.23896377093079268,0.24490928649902344,443168000
2010-09-21,0.24353722805685318,0.2622884269079362,0.24353722805685318,0.25817230343818665,1779624000
2010-09-22,0.25725768279759803,0.26274585781936216,0.2556569753054187,0.26045912504196167,999996000
2010-09-23,0.2634317875034902,0.2739507664546364,0.2611450553193278,0.2657185196876526,1240872000
2010-09-24,0.27166413401423956,0.28126843452201944,0.26960608519686263,0.28035372495651245,1086976000
2010-09-27,0.2824117557420612,0.2826404126517611,0.27074940828725547,0.2744081914424896,999504000
2010-09-28,0.2746368838628452,0.27760964215335127,0.2689200514811054,0.27372220158576965,723192000
2010-09-29,0.2712068311935753,0.27966776638533697,0.2686914136079145,0.27166417241096497,974904000
2010-09-30,0.275094182714528,0.2782956247121881,0.2648038860091975,0.2670906186103821,787632000
2010-10-01,0.270978190126596,0.27143555867686453,0.25748647213406184,0.2595445215702057,999120000
2010-10-04,0.2570289969444275,0.2613738055492376,0.2517695061386072,0.2570289969444275,749500000
2010-10-05,0.26251722638958175,0.26297456758496207,0.2581724168834429,0.25885844230651855,753588000
2010-10-06,0.2588582776085314,0.2600016434995234,0.2439945210256352,0.24650990962982178,1057604000
2010-10-07,0.24765335868738642,0.2478820428463784,0.23736306221278664,0.24468062818050385,761488000
2010-10-08,0.24376589042454783,0.25039743040322654,0.24033579199902408,0.24833935499191284,706932000
2010-10-11,0.24948260086553609,0.2515406752847127,0.246052504093561,0.24719586968421936,442680000
2010-10-12,0.24513804592041438,0.2531416123487084,0.24307996962570375,0.25199824571609497,605208000
2010-10-13,0.25611434361907337,0.26297454268011805,0.253370269446657,0.25931575894355774,968732000
2010-10-14,0.25954436185850194,0.26000170286732766,0.25405618797259555,0.2551995813846588,599172000
2010-10-15,0.2593156695542283,0.2622884269079362,0.2551995733444772,0.25817230343818665,639940000
2010-10-18,0.2584010547827611,0.2609164717963826,0.2538275891289078,0.2597731053829193,448156000
2010-10-19,0.2540561799684371,0.26000169467585293,0.25199813186356157,0.25817230343818665,866136000
2010-10-20,0.25840098756539437,0.26526118426164413,0.25382752310122786,0.25817230343818665,763532000
2010-10-21,0.2584010787372589,0.25885841989304,0.24971148773738736,0.2535989284515381,1014428000
2010-10-22,0.2551996756054448,0.2718928330407613,0.2524555740193582,0.2698347568511963,1322676000
2010-10-25,0.2718928806146294,0.27440829842200215,0.2693774628072567,0.2723502218723297,673136000
2010-10-26,0.2691488250836478,0.27555168493003823,0.2668620913713667,0.27143555879592896,675248000
2010-10-27,0.26891996896176407,0.2762375067129691,0.26823394383446386,0.275322824716568,496796000
2010-10-28,0.2789817168701704,0.2798963992260685,0.2730361997768044,0.27555161714553833,704448000
2010-10-29,0.27509422462312455,0.2778383259705921,0.27212149359671306,0.2748655676841736,554664000
2010-11-01,0.27669487497116835,0.2810396553440717,0.2730360924655665,0.275322824716568,473920000
2010-11-02,0.2764662493434653,0.28561318028299953,0.2748655418810477,0.2810397148132324,581036000
2010-11-03,0.28286923851771434,0.2849273152959768,0.27555169580171013,0.28309792280197144,671748000
2010-11-04,0.2858418228292325,0.28881458040361657,0.28309774939903204,0.2835550904273987,700016000
2010-11-05,0.28561327505192674,0.2908727675393044,0.2842412513117501,0.28835737705230713,735116000
2010-11-08,0.2881285735092813,0.29201601338700894,0.2858418409623824,0.2895006239414215,605156000
2010-11-09,0.2895006461171029,0.29178737883916495,0.2862992039502134,0.287899911403656,633964000
2010-11-10,0.28995810760354895,0.29133015871047974,0.28584198154277213,0.29133015871047974,521016000
2010-11-11,0.2844699083051061,0.2931595010329457,0.2805824668179186,0.28835737705230713,1089980000
2010-11-12,0.29933357727147103,0.3128253155607125,0.2979615268488356,0.3032210171222687,2142560000
2010-11-15,0.304593260992734,0.3089380446571241,0.2988764260343157,0.2995624244213104,733548000
2010-11-16,0.2945314601161481,0.29864758457215046,0.2901866787381487,0.2906440198421478,739356000
2010-11-17,0.2904154409173686,0.2988763770779294,0.28767136603881516,0.2954462766647339,551764000
2010-11-18,0.29933353707094795,0.3075657839811648,0.29933353707094795,0.304593026638031,993120000
2010-11-19,0.30390699613643724,0.31556934117602964,0.3034496551517469,0.3144259750843048,716484000
2010-11-22,0.31236809371418606,0.31648419203289707,0.3096239918216955,0.3146548271179199,462668000
2010-11-23,0.31099606874371183,0.31419748487233073,0.3050505504934028,0.30733728408813477,457832000
2010-11-24,0.31053871755049545,0.3160268670984193,0.31031003329432616,0.3148835003376007,397784000
2010-11-26,0.3146547797981305,0.31648414443799616,0.31099599599838257,0.31099599599838257,143104000
2010-11-29,0.3096238265950614,0.31556934117602964,0.3082518036409903,0.3144259750843048,468192000
2010-11-30,0.30962408004066333,0.31282552407406267,0.30550795328916147,0.3112247884273529,720936000
2010-12-01,0.3173987508942557,0.3270030211731311,0.3169414098828806,0.32494497299194336,626536000
2010-12-02,0.32494509597779236,0.3308906131559382,0.3247164117555522,0.3288325369358063,529316000
2010-12-03,0.3272318147004006,0.3382081389427185,0.3265457893240041,0.3382081389427185,606044000
2010-12-06,0.33935154407243534,0.3400375695268426,0.3304332949451761,0.3318053185939789,438424000
2010-12-07,0.3395801422717763,0.3505564649812066,0.33889411699118605,0.34255290031433105,1026812000
2010-12-08,0.342095435062775,0.3491842876962193,0.3395800190334915,0.3455255329608917,613252000
2010-12-09,0.33729343182955257,0.3420955818514528,0.3324912818076523,0.3398088216781616,942408000
2010-12-10,0.339808715910948,0.3450682054264606,0.3388940339343363,0.34186679124832153,451900000
2010-12-13,0.34323893921533133,0.3439249372631386,0.33226258881033266,0.3331772983074188,609108000
2010-12-14,0.3395801914960521,0.34575436539634036,0.3331773333824164,0.3336346745491028,755160000
2010-12-15,0.3343206972830125,0.3384368222706287,0.32585976309624254,0.3263171315193176,624176000
2010-12-16,0.3297472364566247,0.33157662839843793,0.3258597683577681,0.3267744779586792,631872000
2010-12-17,0.3270030694453679,0.3304331956870357,0.32311562938481575,0.3286038041114807,593156000
2010-12-20,0.32974721173462546,0.3313479193411995,0.3270031103976334,0.3272317945957184,344088000
2010-12-21,0.33043319346348965,0.34003746509552,0.3302045092955828,0.34003746509552,466952000
2010-12-22,0.3393514872381506,0.3441536373547299,0.33615007200043584,0.3436962962150574,477988000
2010-12-23,0.34369633806539157,0.34369633806539157,0.339808869754798,0.3411809206008911,273784000
2010-12-27,0.3402661728486246,0.345525663735008,0.3340919724872151,0.3430102467536926,255500000
2010-12-28,0.3430102580633836,0.345296990936339,0.3395801587539505,0.3416382074356079,194260000
2010-12-29,0.34140955050431604,0.3441536244998613,0.3384367923174728,0.3416382074356079,177660000
2010-12-30,0.3411807769870649,0.34483955952987494,0.3400374108499366,0.3427814841270447,174488000
2010-12-31,0.3430103024695831,0.35261460358737584,0.3425529612877857,0.35215723514556885,391252000
2011-01-03,0.35490122364464133,0.3651915196254714,0.3544438553486036,0.3617614209651947,817448000
2011-01-04,0.3624474462715559,0.36404815352822495,0.3526144913234444,0.36061805486679077,651384000
2011-01-05,0.3672495831218162,0.38874491256546106,0.3635908274220487,0.3882875442504883,1428216000
2011-01-06,0.39834926175557345,0.4422545840893471,0.3972058952642776,0.44202589988708496,3493312000
2011-01-07,0.4369951016284649,0.45574633427351785,0.42716214415215836,0.4543742835521698,2579984000
2011-01-10,0.44614213018886945,0.4726682499624906,0.4427120299040054,0.4717535674571991,1750348000
2011-01-11,0.4781563274428079,0.4827297932784721,0.4543742614813434,0.464435875415802,2711088000
2011-01-12,0.46466474174573147,0.5344101462459674,0.4630640336217296,0.5339528322219849,3431896000
2011-01-13,0.5282359809448404,0.5451578541191245,0.5117714763233868,0.534867525100708,2695192000
2011-01-14,0.5257205872274813,0.548359267323781,0.5225191709358911,0.5394409894943237,1595352000
2011-01-18,0.532123184856323,0.5357819680826504,0.5138293232446943,0.526863694190979,1813348000
2011-01-19,0.5270926290769709,0.5396696370067674,0.5113141503919244,0.5124574899673462,1197896000
2011-01-20,0.5074265688033535,0.51588747560254,0.4982795821198906,0.5129147171974182,1111408000
2011-01-21,0.5184028759309234,0.5257204436156345,0.5071978674512148,0.5081125497817993,739244000
2011-01-24,0.531437168993675,0.5728271243060832,0.5254917074807418,0.565509557723999,2056900000
2011-01-25,0.5629943126614887,0.5689398307972181,0.5444717872571272,0.5481305718421936,1086856000
2011-01-26,0.5538471115000894,0.5716836573099194,0.5499596717897423,0.5611646771430969,1074660000
2011-01-27,0.5691682929200707,0.5705402888332692,0.5488163568809041,0.5595639944076538,657396000
2011-01-28,0.5609362406615437,0.5703118310280729,0.5305226271749488,0.5433283448219299,1094796000
2011-01-31,0.5442430097907894,0.5545332812310242,0.5353247345612406,0.5469870567321777,750160000
2011-02-01,0.5517891146461759,0.5636800911872585,0.5481303316643026,0.5595639944076538,654104000
2011-02-02,0.5563627381515822,0.5984386726430138,0.5563627381515822,0.5849469304084778,1606616000
2011-02-03,0.585861590248464,0.585861590248464,0.5613934968843082,0.5739705562591553,1030776000
2011-02-04,0.5819741791919167,0.591578426040899,0.5796874459631085,0.5870049595832825,872900000
2011-02-07,0.5790012115743871,0.5815166008622376,0.5604786409420307,0.5625367164611816,934236000
2011-02-08,0.5632229640751315,0.5668817482697436,0.5433283352394325,0.545843780040741,1076584000
2011-02-09,0.5479014742119069,0.5533896744819355,0.5227474228809053,0.5325803756713867,1277520000
2011-02-10,0.5206895492905582,0.5307512173328949,0.5168021089414782,0.5218329429626465,1042352000
2011-02-11,0.5200035753278069,0.5536186002296364,0.511542668495107,0.53669673204422,1359276000
2011-02-14,0.5430998206496065,0.5602503522057067,0.5264066576827499,0.5284647345542908,1287828000
2011-02-15,0.5293791322809749,0.5312084966132429,0.5133719490335966,0.5156587362289429,886980000
2011-02-16,0.5225187794111027,0.5421846854951982,0.5206893611009593,0.5346384644508362,1318364000
2011-02-17,0.5195460309126028,0.5947795857506165,0.5170305875097563,0.5872333645820618,3470096000
2011-02-18,0.5840320716887839,0.5934077140161027,0.576943216604233,0.5860901474952698,1394412000
2011-02-22,0.5668817677394835,0.568482475657099,0.5289219281216597,0.5307513475418091,1396648000
2011-02-23,0.5307512307864276,0.5357820104151055,0.498050890599959,0.5055971145629883,1491604000
2011-02-24,0.5081124579588709,0.5268636876873267,0.5044537292977154,0.5179454684257507,1246120000
2011-02-25,0.5318946745226447,0.5373828236145655,0.5245771060534017,0.5286932587623596,775652000
2011-02-28,0.5373827167081582,0.5376114281598383,0.5062831386808304,0.5181741714477539,903696000
2011-03-01,0.5190889321571655,0.5257204748580317,0.4950782060623169,0.4950782060623169,988448000
2011-03-02,0.49439228341620944,0.5037679297409005,0.46306403720939304,0.4744977056980133,1718140000
2011-03-03,0.48547376423558064,0.4882178651163487,0.46283509552925856,0.47724151611328125,1593704000
2011-03-04,0.477698958344545,0.48250108110888434,0.4694667089485253,0.47472620010375977,959760000
2011-03-07,0.47815631512598816,0.4797570226752367,0.4562036415162692,0.4680946469306946,1019140000
2011-03-08,0.47312551324529345,0.4756409032053936,0.4372237558474202,0.44705674052238464,1947184000
2011-03-09,0.44568458293823915,0.45002939098021333,0.4337935523054688,0.43768101930618286,1318976000
2011-03-10,0.42761940628662115,0.43082082103150343,0.40932551817585555,0.40978288650512695,1722736000
2011-03-11,0.41321303654916963,0.4241893598699322,0.40383742079893353,0.41275566816329956,1486832000
2011-03-14,0.4159572014249127,0.4264761859175497,0.40932565824128947,0.4161858856678009,1003360000
2011-03-15,0.3958338495973565,0.410697641432963,0.3889736505624648,0.4038374423980713,1256280000
2011-03-16,0.4001786354242674,0.4196158921537909,0.3956051696667339,0.4008646607398987,1476520000
2011-03-17,0.411612262019324,0.41229828727195683,0.3933184006691341,0.40841084718704224,1238516000
2011-03-18,0.41481375279830274,0.4161858034646061,0.4024653785815936,0.40292271971702576,886960000
2011-03-21,0.4116122624976678,0.4157283867582447,0.4020079907296575,0.4061241149902344,751832000
2011-03-22,0.4049808519533482,0.40886829303435357,0.3972059425313268,0.39903533458709717,718332000
2011-03-23,0.39834923646896725,0.4084108773096774,0.3896596462347194,0.4072675108909607,782396000
2011-03-24,0.4159570437011761,0.44476991163914725,0.41504236159647945,0.43973907828330994,1780592000
2011-03-25,0.44362657844255743,0.4447699447886463,0.425332689645131,0.42601871490478516,1196392000
2011-03-28,0.4360803671615476,0.44911476649009113,0.4321929266863707,0.4417972266674042,1204284000
2011-03-29,0.44179725776345363,0.44339796545295673,0.4324216413163508,0.43836715817451477,715764000
2011-03-30,0.4417971310643427,0.44362652243914336,0.4164143632214843,0.42190253734588623,1176320000
2011-03-31,0.42258860870657894,0.4271620740134461,0.41435636025021666,0.4221312403678894,655112000
2011-04-01,0.4276195526119662,0.4280768938377304,0.41046902493570603,0.4161858856678009,850072000
2011-04-04,0.4161857983481249,0.4173291648026524,0.39834924894548734,0.40132200717926025,924328000
2011-04-05,0.40726742733032334,0.41046884174188114,0.40109322812803316,0.40200793743133545,821076000
2011-04-06,0.404980659411642,0.4054380003931463,0.39583370348156693,0.39926382899284363,856984000
2011-04-07,0.40017860812282907,0.4164144213584174,0.39857790066889887,0.4138990044593811,1021208000
2011-04-08,0.4171004806077443,0.4171004806077443,0.4001786407247327,0.40132200717926025,746552000
2011-04-11,0.4029227219765763,0.40498079798757275,0.3917177414256214,0.3960625231266022,546208000
2011-04-12,0.39217502334207344,0.3999499032939726,0.3848574571991061,0.39720582962036133,840756000
2011-04-13,0.4013219654762274,0.40863950457280646,0.3962911590510795,0.4061241149902344,749588000
2011-04-14,0.4024654701130852,0.42350343972763377,0.4001787366558528,0.4232747554779053,1254704000
2011-04-15,0.4200733395628554,0.43310774207774433,0.4180152630952352,0.4278482496738434,969720000
2011-04-18,0.41778654572703283,0.42053062002727337,0.407038878222743,0.4136704206466675,743584000
2011-04-19,0.41389910271570435,0.41549983780964056,0.400864728553725,0.41206973791122437,659860000
2011-04-20,0.42716209251844867,0.4333362654981887,0.4177864773292105,0.42464667558670044,650516000
2011-04-21,0.4292202017825311,0.43196430328154106,0.4225886867666103,0.4235033690929413,421300000
2011-04-25,0.42533268337228686,0.43722368774424103,0.42510399920244013,0.4301348328590393,619612000
2011-04-26,0.43379365583623714,0.4456846893069647,0.42944887401732285,0.4413398802280426,676000000
2011-04-27,0.4436266405001122,0.4436266405001122,0.4321929481797954,0.4413398802280426,450004000
2011-04-28,0.44133992671087857,0.45506035348832086,0.43630911900648905,0.4461420774459839,684000000
2011-04-29,0.4491148149834352,0.4674086801454429,0.44842878958785803,0.4573470652103424,836000000
2011-05-02,0.4669514249252327,0.46718008191249494,0.44888621445090754,0.45117294788360596,613824000
2011-05-03,0.44591323450091774,0.44728525752442877,0.42418925039866806,0.42967739701271057,808000000
2011-05-04,0.4310496472735785,0.43585179823373255,0.4184726137931875,0.4264761805534363,639356000
2011-05-05,0.4230459218535818,0.43173551081489847,0.41732909059745266,0.4267047047615051,544000000
2011-05-06,0.43562302603388087,0.44591335133641763,0.4321929266863707,0.4417972266674042,841080000
2011-05-09,0.4431693294724654,0.4539169978287994,0.44202596281838824,0.45163026452064514,706328000
2011-05-10,0.4552889528996902,0.4557462940130689,0.4477427018589167,0.45231619477272034,690976000
2011-05-11,0.45460296775906384,0.4591764065568721,0.44820010982611946,0.4543742835521698,616000000
2011-05-12,0.4527734792008219,0.4692379753012159,0.45163011293051686,0.46878060698509216,1224000000
2011-05-13,0.43905307931956433,0.44019644564878185,0.4143563611564661,0.4175577759742737,2025192000
2011-05-16,0.41641439286180537,0.41732910224431485,0.40452338896920176,0.40475204586982727,728188000
2011-05-17,0.40338007712819884,0.40360873405968506,0.39148904437072135,0.40315139293670654,1420364000
2011-05-18,0.4047521455521403,0.4159571542424331,0.40338012203047796,0.41252705454826355,658844000
2011-05-19,0.4157283922358398,0.4159570764099975,0.40040728858738217,0.40658146142959595,650884000
2011-05-20,0.4056668547026273,0.4145851029934113,0.40383746274913057,0.4136704206466675,575820000
2011-05-23,0.4077248101972672,0.4161857426361688,0.4024653197584914,0.41321298480033875,588000000
2011-05-24,0.41527106824757043,0.43150688200121357,0.4141277018497084,0.41481372714042664,720372000
2011-05-25,0.41275565533284997,0.4225886391632993,0.40863953080801235,0.41984453797340393,545312000
2011-05-26,0.41984455362108053,0.43402231943059616,0.41870118716934585,0.4303635358810425,706436000
2011-05-27,0.4321928912928927,0.44659931282465454,0.4317355502026789,0.44591331481933594,658824000
2011-05-31,0.4546030013286411,0.45849046957285644,0.4436266765273479,0.45826175808906555,1200716000
2011-06-01,0.4562035631872279,0.4568895883791187,0.4367663099636614,0.43768101930618286,762208000
2011-06-02,0.4383671211812872,0.4415685362901302,0.43036352888916757,0.43562301993370056,607592000
2011-06-03,0.4305921729935965,0.4344796130524329,0.4200731918838006,0.4221312403678894,549300000
2011-06-06,0.4214452330749446,0.42533267304795175,0.4127556164717473,0.41321298480033875,435988000
2011-06-07,0.41641444062582833,0.41870117345439367,0.41115494966812693,0.41298434138298035,433956000
2011-06-08,0.4109262821549209,0.4134416718455375,0.3985779088427856,0.40177932381629944,569288000
2011-06-09,0.4015506379252486,0.402465320063118,0.38279940875889834,0.39720582962036133,741632000
2011-06-10,0.39789191646960054,0.4004073336282727,0.38828761623467584,0.39148905873298645,493548000
2011-06-13,0.3914890241506426,0.39651983076358127,0.38600084917834193,0.38874495029449463,574760000
2011-06-14,0.3921751490147436,0.40063605691134735,0.3903457568927724,0.3919464647769928,534576000
2011-06-15,0.38668691130472654,0.38897364427941983,0.37548190337272525,0.38348549604415894,935916000
2011-06-16,0.3837140989007262,0.38965961470090504,0.36473421243400533,0.3702223598957062,1024908000
2011-06-17,0.3745672374869379,0.37479592169842285,0.35009917177840216,0.3615328371524811,1467884000
2011-06-20,0.35833150217955084,0.3658777284722015,0.3544440332718115,0.3571881353855133,745960000
2011-06-21,0.35856004812983777,0.3677070069091746,0.3551299488100888,0.3649629056453705,704276000
2011-06-22,0.36244778195199806,0.36724990816948694,0.3592463372136459,0.3599323630332947,651720000
2011-06-23,0.3553586623728432,0.37319518576174676,0.35215721972047115,0.3706797957420349,744024000
2011-06-24,0.36885064416867613,0.37205206164700205,0.35764562847448295,0.3599323630332947,529052000
2011-06-27,0.3599320417177653,0.3622187742351843,0.3398087628524764,0.35238581895828247,1142152000
2011-06-28,0.35238600728776187,0.35856018293252434,0.3498705892702581,0.35444405674934387,692200000
2011-06-29,0.3567309182949426,0.3635911492314039,0.34438256258136973,0.3599323630332947,960544000
2011-06-30,0.3608468347539818,0.3683930598333611,0.35535868592898434,0.3645056188106537,652300000
2011-07-01,0.36450554709720806,0.3706797473856204,0.35718800768353987,0.3693076968193054,540804000
2011-07-05,0.36885038202428555,0.372280481424709,0.35993210722718066,0.3631335496902466,535296000
2011-07-06,0.3629048177377075,0.3635908429795185,0.35398654411417124,0.3583313524723053,529580000
2011-07-07,0.3601607004649642,0.36199006454184024,0.3533004761366792,0.35970333218574524,986136000
2011-07-08,0.35467264676203103,0.3571880641109845,0.3498704962813051,0.3528432548046112,619516000
2011-07-11,0.34621173108797393,0.34758375457719415,0.33958018881337954,0.34049487113952637,714388000
2011-07-12,0.33889419527751047,0.3420956382398136,0.3302046033227037,0.33592143654823303,867604000
2011-07-13,0.3404947879198041,0.3427815204362835,0.3320338830608307,0.3352352976799011,634368000
2011-07-14,0.33660748035987464,0.3386655295293924,0.3203716622091899,0.3219723701477051,1088996000
2011-07-15,0.3238017376331086,0.3258597866456446,0.3157981712910079,0.32242968678474426,827736000
2011-07-18,0.3199142393252899,0.32174360378238465,0.3114533060412016,0.3155694305896759,818200000
2011-07-19,0.31648405999312285,0.32585967394085275,0.31648405999312285,0.32517367601394653,602224000
2011-07-20,0.3263171996954355,0.32814656472990356,0.32014299729405604,0.3210577070713043,662956000
2011-07-21,0.3215149153196263,0.33843675296802767,0.316712765940755,0.33615002036094666,1143420000
2011-07-22,0.3391228064498458,0.3441536131524714,0.3347779977784834,0.3430102467536926,737192000
2011-07-25,0.3377508034996849,0.3391228542757193,0.3327199960875738,0.33752211928367615,566920000
2011-07-26,0.3279177139408545,0.33614996077100123,0.32448761563829304,0.3292897641658783,698276000
2011-07-27,0.3247163503536044,0.3263170850865763,0.31602676045177597,0.3169414699077606,652212000
2011-07-28,0.3157981984202787,0.32288705571911536,0.3107673630507659,0.3162555396556854,648176000
2011-07-29,0.3130540964878125,0.3192282985758485,0.31145338853388244,0.3162555396556854,677656000
2011-08-01,0.3235729985180465,0.3340919805444991,0.32082892454679973,0.3331772983074188,1019620000
2011-08-02,0.3308905365363127,0.35169981458130417,0.32974717020988464,0.32974717020988464,1356432000
2011-08-03,0.33043340790658493,0.33980900145523646,0.327231963778248,0.338665634393692,765236000
2011-08-04,0.3324913373275393,0.3324913373275393,0.30642256140708923,0.30642256140708923,979732000
2011-08-05,0.3135112903102601,0.317398729535348,0.2881285251370454,0.29613208770751953,1270588000
2011-08-08,0.2817256610168109,0.29178729858241054,0.2709779983712846,0.27280738949775696,1084180000
2011-08-09,0.27806710635060133,0.29613232102767145,0.27440834836310724,0.29567497968673706,1329832000
2011-08-10,0.2869853517922907,0.29521760401176855,0.28058249198380963,0.2821832001209259,1140052000
2011-08-11,0.2821830829915264,0.31076726962100854,0.2821830829915264,0.30665114521980286,1078792000
2011-08-12,0.3393514659075258,0.3398088070184512,0.2897293147619908,0.2945314645767212,3195784000
2011-08-15,0.2975041168267173,0.30642238798639476,0.29590340987805597,0.30573636293411255,864152000
2011-08-16,0.3023063910437673,0.30642251581456026,0.2915587243478059,0.2970468997955322,716868000
2011-08-17,0.2979614980646428,0.3029923309549741,0.2890432529590544,0.2929306924343109,553328000
2011-08-18,0.2796676629311455,0.2824117364804121,0.26983468046460335,0.2730361223220825,802564000
2011-08-19,0.26846266887273323,0.28332643076922887,0.26640459317721676,0.268233984708786,761332000
2011-08-22,0.2757801958713492,0.2789816377288284,0.2700633646187096,0.2730361223220825,611876000
2011-08-23,0.27966780948143877,0.30276383074877866,0.279210440933558,0.30253514647483826,938312000
2011-08-24,0.30184901935310715,0.3027637015384783,0.2904153284759415,0.29819023609161377,687500000
2011-08-25,0.2922447342927934,0.297504225263994,0.284927194674604,0.28538453578948975,690968000
2011-08-26,0.284241103987158,0.30047691428085743,0.27921027110066005,0.29750415682792664,732660000
2011-08-29,0.30596514747972803,0.3066511454972124,0.2988762650456829,0.3055077791213989,601528000
2011-08-30,0.3034497076723253,0.31534071163233945,0.30139163199501356,0.3128253221511841,684760000
2011-08-31,0.3151120479187438,0.31831346255646586,0.3018489937938916,0.3043643832206726,705808000
2011-09-01,0.3084806945075772,0.3151122392260717,0.30344988533976597,0.3036785423755646,762312000
2011-09-02,0.29681830047400315,0.30093442642184076,0.29315951579592203,0.2954462766647339,471356000
2011-09-06,0.28584187267126954,0.30207768645931676,0.2830977987625869,0.3013916611671448,696248000
2011-09-07,0.3258597254753113,0.3347779997955214,0.31694147841510656,0.3258597254753113,1606620000
2011-09-08,0.32265824613599664,0.33043315250096045,0.31899946346307256,0.324258953332901,880164000
2011-09-09,0.321514910629502,0.3302044998616504,0.3146547129083326,0.3173987865447998,869828000
2011-09-12,0.31305394313619334,0.3276890463201936,0.31305394313619334,0.32494497299194336,916480000
2011-09-13,0.3276890807103272,0.33386328042185603,0.32265827453723167,0.3322625458240509,853836000
2011-09-14,0.3409521911785423,0.3537579054874075,0.34072350699945364,0.34941309690475464,1547192000
2011-09-15,0.3571881590448085,0.35901755148844605,0.3512426404179904,0.35444405674934387,752908000
2011-09-16,0.3551299223034146,0.3681643205535865,0.351699823239686,0.3535292148590088,1391588000
2011-09-19,0.3475837250040316,0.35009914207693116,0.3372934270403618,0.346211701631546,968204000
2011-09-20,0.35055650297277413,0.3519285536826507,0.3356927384091445,0.33729344606399536,792436000
2011-09-21,0.3391227542131223,0.3450682422149564,0.3306618223574337,0.3308905065059662,715252000
2011-09-22,0.3178561821425758,0.3183135232837866,0.3029924178631785,0.3089379072189331,1314632000
2011-09-23,0.30710853524673776,0.32425903207853213,0.3052791434660117,0.3153407573699951,1011440000
2011-09-26,0.31922821940290913,0.32014290164686904,0.3018490386876232,0.3160267770290375,972124000
2011-09-27,0.32403037477788293,0.326774448815873,0.3139687336252443,0.31648412346839905,781388000
2011-09-28,0.3171701770483173,0.3251737702004731,0.3018490706496379,0.3068798780441284,1236532000
2011-09-29,0.3123680627102317,0.3176275544687935,0.2915587526376551,0.2993336617946625,866416000
2011-09-30,0.29453155336832487,0.2961322613691275,0.2856132763466868,0.28607064485549927,677784000
2011-10-03,0.2824117425953068,0.2913300158985277,0.2700633704662323,0.2700633704662323,949896000
2011-10-04,0.2634319447346288,0.2949889004230499,0.2622885779601214,0.2949889004230499,1361548000
2011-10-05,0.29430277228242446,0.3082518802313549,0.28835728348419737,0.3055077791213989,856708000
2011-10-06,0.3071085370144098,0.3185422016347499,0.3066511686215908,0.31762751936912537,773192000
2011-10-07,0.31899952764714734,0.3283751430954295,0.31236801338568315,0.3235729932785034,806976000
2011-10-10,0.32906116176322553,0.33797943592071533,0.32837513648034095,0.33797943592071533,534376000
2011-10-11,0.33523519722270656,0.3407233699736623,0.3331771494785942,0.3343205153942108,816080000
2011-10-12,0.3407235026323433,0.3409521868085009,0.33386330446766627,0.3340919613838196,612064000
2011-10-13,0.3324912521268036,0.3542152401237553,0.3315765699471443,0.3535292148590088,854832000
2011-10-14,0.35970337547783876,0.36336215859194354,0.3507851291197128,0.35947471857070923,702452000
2011-10-17,0.35535863193334644,0.35535863193334644,0.33980881568524235,0.3416382074356079,611780000
2011-10-18,0.33980882508805305,0.3549013006311894,0.3377507763494476,0.35398659110069275,590916000
2011-10-19,0.3544438543673387,0.3606180537467445,0.34598294981408007,0.3468976318836212,557568000
2011-10-20,0.3375220615411514,0.33889411208245845,0.3164840986278001,0.32951849699020386,990308000
2011-10-21,0.3336347465871736,0.3391229235524381,0.32563117903200905,0.3311193287372589,628428000
2011-10-24,0.3324913855420585,0.34872720519581535,0.3318053600020378,0.34346771240234375,535256000
2011-10-25,0.33866550255837075,0.34140960424587335,0.32974725385401854,0.33043327927589417,577996000
2011-10-26,0.33683593131256473,0.3386652949695563,0.3247162198950367,0.3343205153942108,503116000
2011-10-27,0.34666917677298065,0.35215732690457463,0.3388942656165364,0.3487272262573242,577732000
2011-10-28,0.3457543749358266,0.35993214231433573,0.3448396925772174,0.35673069953918457,490156000
2011-10-31,0.34529704158995006,0.34735511783352463,0.3384368419647217,0.3384368419647217,519984000
2011-11-01,0.3260884300118014,0.3270031122894191,0.3183135216120226,0.32151496410369873,790824000
2011-11-02,0.32471636738668047,0.32631710220361937,0.3093952626103133,0.3160267770290375,961608000
2011-11-03,0.3194568966508762,0.3356927392237906,0.31099598994612515,0.3350067138671875,749372000
2011-11-04,0.33203390107547487,0.3400374653173896,0.3267744105502159,0.3388940989971161,654840000
2011-11-07,0.33637874746701796,0.3420956074378172,0.3292898912616428,0.3370647728443146,613536000
2011-11-08,0.34140953337381386,0.34689768108953206,0.3359213583980909,0.3448396325111389,549728000
2011-11-09,0.3368362060848519,0.3411809892044304,0.3260885359027082,0.3274605870246887,532244000
2011-11-10,0.3354639713966083,0.3388940700645898,0.32265825879881005,0.3308905065059662,990484000
2011-11-11,0.3402661675523666,0.3452969741766874,0.321743594016448,0.34255290031433105,1751560000
2011-11-14,0.3425529794458537,0.34598307938117134,0.3350067541361528,0.33592143654823303,500292000
2011-11-15,0.3327200028212738,0.34278161784912625,0.33180529319873564,0.34026622772216797,505660000
2011-11-16,0.33386333992799294,0.34278158758529714,0.33226260504488075,0.3334059715270996,512420000
2011-11-17,0.3327199719345545,0.3336346542121722,0.3155694475191624,0.32151496410369873,657504000
2011-11-18,0.3233443624523907,0.3233443624523907,0.3151121127474634,0.3185422122478485,501352000
2011-11-21,0.313511402211257,0.3377507826946913,0.3087092520509516,0.3345493674278259,1330788000
2011-11-22,0.3382080911563076,0.34666902416971324,0.3363786994977333,0.3448396325111389,1287480000
2011-11-23,0.3411807774271922,0.34369619383611894,0.32997577291288116,0.33020445704460144,825340000
2011-11-25,0.3258598311768043,0.3334060573540347,0.32014299729405604,0.3210577070713043,406620000
2011-11-28,0.3315766367120828,0.3441536691448816,0.3315766367120828,0.33912286162376404,690616000
2011-11-29,0.33866536858363194,0.34529690869167046,0.33546395422802683,0.3409521281719208,623440000
2011-11-30,0.351242545226745,0.3583314288021559,0.3482697867189917,0.35741671919822693,730324000
2011-12-01,0.3544438553486036,0.3626761030372681,0.3528431480924747,0.3617614209651947,529760000
2011-12-02,0.3656488912232582,0.3670209417060483,0.35604461962373724,0.35947471857070923,546464000
2011-12-05,0.3654202830418562,0.3658776241771011,0.35101383283159066,0.35398659110069275,644696000
2011-12-06,0.3560446936040701,0.3567306917280012,0.3452970261956969,0.34895581007003784,573832000
2011-12-07,0.3466689749962364,0.34941304846486065,0.33958009354728946,0.3468976318836212,510016000
2011-12-08,0.343467661857934,0.34918449508346333,0.33477806990312714,0.33592143654823303,491488000
2011-12-09,0.3334060352706081,0.34346767859381216,0.32883256846733694,0.34072360396385193,555840000
2011-12-12,0.3334059121024818,0.3347779625405998,0.3260883733725244,0.3322625458240509,573208000
2011-12-13,0.33660747972533245,0.3407236053166212,0.3210576870804709,0.323115736246109,516596000
2011-12-14,0.3203716377471575,0.32220102979149673,0.3071085795007113,0.3105386793613434,636020000
2011-12-15,0.31579810319447854,0.3178561517632311,0.30710851330195904,0.3077945113182068,435148000
2011-12-16,0.31030995790257265,0.31625547451833447,0.30756588379530075,0.3089379072189331,619116000
2011-12-19,0.31031002214046927,0.3139688065475822,0.2997910374150292,0.30093440413475037,463276000
2011-12-20,0.3077945797103995,0.31899958901893793,0.3077945797103995,0.31785622239112854,445208000
2011-12-21,0.316026747687501,0.31945684667389174,0.30756584230640466,0.3137400150299072,548424000
2011-12-22,0.31465476342119697,0.32814647686804443,0.31465476342119697,0.3272317945957184,576560000
2011-12-23,0.32883255268173356,0.3292899211481146,0.3212863273665901,0.32403042912483215,248948000
2011-12-27,0.3226583305807244,0.32654577115061023,0.32060025456607394,0.32151496410369873,195712000
2011-12-28,0.3215149362585717,0.3222009615373746,0.3132826874329463,0.31351137161254883,233960000
2011-12-29,0.31671283088736235,0.3201429305013761,0.31213936473534404,0.31945690512657166,211112000
2011-12-30,0.3183134932017306,0.3217435923266625,0.316484101549766,0.3169414699077606,186956000
2012-01-03,0.3270031979533539,0.32928995876646744,0.3203716815533717,0.3210577070713043,468044000
2012-01-04,0.3212862306691495,0.3260883800407603,0.31831347283243827,0.32471632957458496,347372000
2012-01-05,0.32311566699152316,0.33797945823536857,0.3217436163351661,0.33637872338294983,563548000
2012-01-06,0.3361500923091409,0.336378749262788,0.3286038676386097,0.33249130845069885,533252000
2012-01-09,0.3327199926643548,0.33889416657296795,0.3302045753541748,0.33249130845069885,508244000
2012-01-10,0.33752218823339347,0.33775087249611835,0.328832595150069,0.3311193287372589,546328000
2012-01-11,0.32814647225745314,0.33111923049075476,0.3231156653103308,0.32448771595954895,484272000
2012-01-12,0.32517378848147294,0.3254024454495266,0.3153408028348794,0.32242968678474426,652364000
2012-01-13,0.320142891146141,0.3208289164366122,0.31236801054748103,0.3139687180519104,504300000
2012-01-17,0.31877097254735864,0.31877097254735864,0.3087093285883569,0.30916666984558105,627176000
2012-01-18,0.3151120535995536,0.3222009354737384,0.3135113462518352,0.31968551874160767,632676000
2012-01-19,0.32242971350384336,0.32860391557311597,0.3189996133586976,0.3281465470790863,608312000
2012-01-20,0.327689065352605,0.33157653232507905,0.32403030978910147,0.32517367601394653,546272000
2012-01-23,0.3254023715898945,0.3343206455599772,0.32128624723908744,0.3340919613838196,562792000
2012-01-24,0.33180525062989846,0.3430102580633836,0.3315765936986066,0.3416382074356079,730920000
2012-01-25,0.332491236683053,0.34049480079333205,0.3228869379427159,0.33958011865615845,1274152000
2012-01-26,0.34461097280107855,0.3484984405740879,0.3345493588544827,0.33637872338294983,799672000
2012-01-27,0.3343205880638822,0.34278149222655246,0.33157651472193506,0.3409521281719208,449996000
2012-01-30,0.33500674215210746,0.3400375497586063,0.32997590728559856,0.3384368419647217,399076000
2012-01-31,0.33935147023971096,0.33958015442809575,0.331805246403087,0.33775076270103455,357900000
2012-02-01,0.34163816131402763,0.3452969443208184,0.33683603928511746,0.34140950441360474,428020000
2012-02-02,0.3432389122358269,0.35558725776582684,0.33980878596637837,0.35421523451805115,696236000
2012-02-03,0.35947468852501024,0.3647341785894347,0.3587886633409547,0.3617614209651947,495232000
2012-02-06,0.35993208414445427,0.36038942524984635,0.3558159596759151,0.35901740193367004,278868000
2012-02-07,0.35947502157353756,0.36199041323221476,0.3535295008166166,0.3599323630332947,410296000
2012-02-08,0.3599322139513408,0.3800554751859444,0.35810282161001045,0.37296661734580994,847612000
2012-02-09,0.37754012594320263,0.37959817551522856,0.3720519483177703,0.37273797392845154,561944000
2012-02-10,0.3690790140941852,0.3704510646659126,0.3615327904696947,0.36359086632728577,440268000
2012-02-13,0.3727377959750878,0.3741098465414028,0.3617614732245831,0.3693076968193054,610668000
2012-02-14,0.36930764787507275,0.3745671380022348,0.3661062060646257,0.3713656961917877,453756000
2012-02-15,0.3747958168188394,0.3864581631409143,0.36885030158405596,0.3697649836540222,1110856000
2012-02-16,0.34438237354112683,0.37914074156333377,0.34301032265498294,0.37616798281669617,1888588000
2012-02-17,0.37639651920072814,0.3789119084905868,0.3590173420162475,0.36244744062423706,1020360000
2012-02-21,0.3622189286963133,0.3731952549125628,0.3615329031965452,0.3642770051956177,518176000
2012-02-22,0.36244744614925023,0.37136569176196926,0.361304079929158,0.3617614209651947,492432000
2012-02-23,0.3624475161737828,0.3658776154967516,0.3567306567088286,0.36381953954696655,323968000
2012-02-24,0.3649629314314974,0.36542029984778385,0.3594747830361413,0.3610754907131195,366668000
2012-02-27,0.3565019918261894,0.3581026993558758,0.34872708384484674,0.35375791788101196,745268000
2012-02-28,0.35375799543131975,0.35787412088141973,0.34689776817447876,0.35055655241012573,699884000
2012-02-29,0.3516998964311412,0.3576454136162469,0.3462117476910512,0.3464404046535492,689196000
2012-03-01,0.3478125436553975,0.35284335248602805,0.3464404924924906,0.3487272262573242,449944000
2012-03-02,0.3475837930650742,0.3567307263794146,0.3475837930650742,0.35169991850852966,684076000
2012-03-05,0.349184437526631,0.34987046285261764,0.33729343182955257,0.3398088216781616,514848000
2012-03-06,0.33592134155523906,0.3386654152755123,0.3306618510230467,0.3366073668003082,471400000
2012-03-07,0.33843697733739575,0.34003768577155374,0.33386350909121815,0.338665634393692,441984000
2012-03-08,0.3395801647428371,0.34323894830809504,0.33775077296020817,0.3398088216781616,430852000
2012-03-09,0.3407234905615544,0.3432389073701575,0.33706470743267775,0.3388940989971161,367836000
2012-03-12,0.3402662168760861,0.34255294996952684,0.33271999221572995,0.3336346745491028,299948000
2012-03-13,0.33500672353287975,0.34003753085977295,0.3334059885679517,0.3382081389427185,553288000
2012-03-14,0.33820807580814005,0.3388941010564736,0.32746043778425926,0.3286038041114807,735708000
2012-03-15,0.32951853093955696,0.33523536335065124,0.3283751644573381,0.3334059715270996,382380000
2012-03-16,0.3336346635629662,0.33523537122366387,0.3318052716964513,0.33386334776878357,428340000
2012-03-19,0.33569275023966333,0.33729345795092647,0.3331773329362435,0.3347780406475067,405400000
2012-03-20,0.33294851933261166,0.33294851933261166,0.32631700685165876,0.3292897641658783,449616000
2012-03-21,0.3292898991657347,0.33363468122622186,0.32563111523900184,0.33066192269325256,467840000
2012-03-22,0.3281463816391162,0.3329485303252494,0.32723169963223325,0.33020445704460144,425372000
2012-03-23,0.32928994112909793,0.33363472374326636,0.3270031804384675,0.3327200412750244,315456000
2012-03-26,0.33592134155523906,0.33820807419880067,0.3327199267582542,0.3366073668003082,288600000
2012-03-27,0.3379794168448986,0.3430102232021015,0.3372933916007338,0.3388940989971161,419968000
2012-03-28,0.343239007711983,0.35124257429364486,0.3407235901680276,0.34666910767555237,892448000
2012-03-29,0.34621171185914384,0.35101383469471437,0.34186690290123867,0.3482697606086731,372700000
2012-03-30,0.35124255278197414,0.35421531135367146,0.34621174526218385,0.35215723514556885,527240000
2012-04-02,0.351242577861811,0.35421533664577276,0.3455257445311198,0.35055655241012573,407776000
2012-04-03,0.353071881344721,0.3535292224443634,0.3430102408525646,0.3448396325111389,430476000
2012-04-04,0.33958017989786454,0.34392496172300463,0.33294863779737816,0.3350067138671875,495896000
2012-04-05,0.33546404971549965,0.3395801745300461,0.3334059736782227,0.3345493674278259,369424000
2012-04-09,0.32928977503771845,0.33134782318320466,0.32380160121642354,0.33020445704460144,365504000
2012-04-10,0.32883250333565306,0.3334059692330602,0.3222009886884155,0.3238016963005066,470360000
2012-04-11,0.3281465606581921,0.335006788492381,0.32700319389582955,0.3279179036617279,372960000
2012-04-12,0.3283751370406589,0.3375220681347147,0.32700308647254855,0.33569270372390747,384868000
2012-04-13,0.33271997115645474,0.33454936296741905,0.3235730121016334,0.3238016963005066,311324000
2012-04-16,0.32608848574986227,0.3270031681838259,0.31465481902525744,0.319914311170578,463468000
2012-04-17,0.32082904490700753,0.3247164867629958,0.31945699377665115,0.32060036063194275,460696000
2012-04-18,0.31854216382068673,0.32014287122551344,0.3132826732676818,0.317170113325119,400764000
2012-04-19,0.3130540632691009,0.324945097687975,0.3107673300747036,0.3123680651187897,667188000
2012-04-20,0.31419739384559725,0.31511210337449663,0.30550780325109084,0.30619382858276367,509592000
2012-04-23,0.3009344383373035,0.3039071975984486,0.2952176040889536,0.30253514647483826,706244000
2012-04-24,0.3034496888833914,0.30596510546880035,0.29155865839964096,0.2931593656539917,730440000
2012-04-25,0.297504162173047,0.3013916017151852,0.2920159881782637,0.29910486936569214,727112000
2012-04-26,0.2988763206113114,0.30184907919310805,0.2968182443962169,0.2993336617946625,539208000
2012-04-27,0.29887618263152116,0.30070557378037477,0.29361669330106593,0.2968181073665619,475356000
2012-04-30,0.2952175241471117,0.29887630797930137,0.29315944801900184,0.297275573015213,262268000
2012-05-01,0.29567494537681843,0.30573659000992376,0.29567494537681843,0.30253514647483826,408680000
2012-05-02,0.3013917605057606,0.3025351272828988,0.29224482628865545,0.293845534324646,684008000
2012-05-03,0.29453155732855557,0.2963609496083622,0.2869853312118621,0.2888147234916687,419536000
2012-05-04,0.2869852670814085,0.2885859747460358,0.28035372495651245,0.28035372495651245,545092000
2012-05-07,0.28538460641849583,0.2901867574632811,0.2828691887740822,0.28515592217445374,604440000
2012-05-08,0.2826404884246926,0.28675661376281986,0.2776096806825419,0.28492724895477295,462312000
2012-05-09,0.2798964425866677,0.2883573783595069,0.27715236783386127,0.28607064485549927,520608000
2012-05-10,0.2888145252936477,0.28927186623474715,0.2794389133311306,0.2840123772621155,597092000
2012-05-11,0.30756591648876186,0.31282540832177425,0.3009343738262644,0.3020777404308319,1435140000
2012-05-14,0.2995621508389661,0.30482163964936,0.29338798017458817,0.3002481758594513,437472000
2012-05-15,0.30024833147136604,0.3068798737597086,0.29590354952314835,0.297275573015213,599940000
2012-05-16,0.2977330184427975,0.30116311895010883,0.290415448885854,0.29133015871047974,470484000
2012-05-17,0.292473422896617,0.2952174968873731,0.2892719805240631,0.2892719805240631,335364000
2012-05-18,0.2899580640320992,0.29133011493285454,0.2748656131638369,0.2762376368045807,567288000
2012-05-21,0.2766949335209555,0.28241176535816437,0.2748655418810477,0.2810397148132324,416260000
2012-05-22,0.2808110587121681,0.28126839980847357,0.27349349213126223,0.27760961651802063,410140000
2012-05-23,0.27463682815216445,0.2849271516118885,0.27052070422027513,0.2844697833061218,496000000
2012-05-24,0.28607064763072615,0.2865279888839617,0.27486563699637845,0.27692368626594543,520420000
2012-05-25,0.2766948932218972,0.2858418228292325,0.2766948932218972,0.2835550904273987,391752000
2012-05-29,0.28812864854524667,0.29270211483009034,0.2869852819740357,0.290872722864151,310000000
2012-05-30,0.28767121931021583,0.2897292676044061,0.2824117292406173,0.28744253516197205,379792000
2012-05-31,0.28744261489686934,0.2885859814352496,0.2805824156665881,0.2842411994934082,358192000
2012-06-01,0.2782956537547996,0.2810397277105889,0.2734935038871641,0.27395084500312805,440984000
2012-06-04,0.27532286667111583,0.27692357403873785,0.2659472521093251,0.268233984708786,432856000
2012-06-05,0.2668619443674962,0.27669489936571573,0.2668619443674962,0.27600887417793274,365224000
2012-06-06,0.27806698552688686,0.28401250215568685,0.2760089367569215,0.28332647681236267,368968000
2012-06-07,0.28744257419830216,0.28904330893339564,0.2716641018467006,0.271892786026001,526780000
2012-06-08,0.27280757893799845,0.2780670718563509,0.27235023765379734,0.2771523892879486,370308000
2012-06-11,0.2860705847759094,0.29110139197617013,0.2796677268573921,0.28035372495651245,839080000
2012-06-12,0.2835552270970854,0.28881471960830574,0.2830978858482866,0.28607064485549927,496128000
2012-06-13,0.2858419706234264,0.2865279961506852,0.2771523775515158,0.2785244286060333,494276000
2012-06-14,0.27806699936620777,0.2803537324510937,0.27235016665399303,0.27509424090385437,589884000
2012-06-15,0.2771522746159313,0.2812683989907226,0.27463685770355756,0.2810397148132324,385288000
2012-06-18,0.278981625623731,0.2858418228292325,0.2766948932218972,0.2835550904273987,304424000
2012-06-19,0.2952175061316692,0.3071085392306392,0.2938454554633244,0.3027637302875519,960476000
2012-06-20,0.30573653542065604,0.3132827607331023,0.30390714333581886,0.30756592750549316,972720000
2012-06-21,0.3073370745029501,0.3073370745029501,0.2929306572284357,0.2936166822910309,516376000
2012-06-22,0.297275573015213,0.30070569989539614,0.29315944801900184,0.297275573015213,865360000
2012-06-25,0.29750421064432014,0.29841889282914325,0.28675654504262493,0.287899911403656,494616000
2012-06-26,0.28950068839661725,0.2931594449302493,0.2853845634437739,0.2911013960838318,437152000
2012-06-27,0.29133006630582253,0.30253504683834853,0.29133006630582253,0.300476998090744,506064000
2012-06-28,0.2977329232702991,0.30459312209200934,0.2952175061316692,0.3027637302875519,545896000
2012-06-29,0.30985260373229323,0.31671280234201044,0.3096239195413002,0.3160267770290375,616508000
2012-07-02,0.3176275703420919,0.3178562273151896,0.3050505099813407,0.30756592750549316,581684000
2012-07-03,0.3075658656798669,0.3162554558910892,0.3073371814927272,0.3155694305896759,219284000
2012-07-05,0.31351143171598833,0.31488345527662076,0.3075659145065513,0.3123680651187897,280076000
2012-07-06,0.3100813183232851,0.31099602799734244,0.3029924614643993,0.30642256140708923,382760000
2012-07-09,0.3045932068319124,0.30596525788197115,0.29979105541672124,0.30230647325515747,306336000
2012-07-10,0.2991048808958669,0.3080231537586797,0.29087263321634754,0.2931593656539917,512028000
2012-07-11,0.29407421078641033,0.29773299528024183,0.2869853260521169,0.28835737705230713,485216000
2012-07-12,0.28515579765668225,0.28561313868504895,0.2810396738813813,0.2835550904273987,472160000
2012-07-13,0.283783969598504,0.288586094586554,0.28195457696781,0.287214070558548,324260000
2012-07-16,0.28538454043170236,0.2904153472972909,0.2826404391777394,0.2881286144256592,334460000
2012-07-17,0.28904333108729047,0.29064403868506644,0.2780669803196664,0.2828691303730011,447476000
2012-07-18,0.2821830848194963,0.3027637069588451,0.28081106151687624,0.29864758253097534,616008000
2012-07-19,0.3007056522038499,0.3055077745544784,0.29864757640214834,0.30162033438682556,403036000
2012-07-20,0.29979088936476334,0.30184896479989864,0.2897292508441002,0.2929306924343109,451000000
2012-07-23,0.2851557626451176,0.29887618263152116,0.28195434857962165,0.2968181073665619,451584000
2012-07-24,0.297275437191545,0.2991048282718001,0.29018658423805105,0.2936166822910309,351164000
2012-07-25,0.29270211922603767,0.30230642037645916,0.29133009567598445,0.2993336617946625,415044000
2012-07-26,0.30482164781431126,0.30825177300861656,0.29841879288493334,0.30070555210113525,338440000
2012-07-27,0.3018490302511098,0.30916656977828577,0.29956227018511167,0.30825188755989075,376516000
2012-07-30,0.30825194618839474,0.31213938724595996,0.3023064288579935,0.30482181906700134,363552000
2012-07-31,0.30482174749328234,0.3139687055692276,0.3043644064044861,0.3096238970756531,387788000
2012-08-01,0.31145331977891283,0.3144260780428238,0.30482177791941806,0.30619382858276367,335912000
2012-08-02,0.3045932092264593,0.3119107512775987,0.29956237351003717,0.30733728408813477,367912000
2012-08-03,0.31213930762159225,0.31694145710654065,0.3048217413092893,0.3137400150299072,326548000
2012-08-06,0.3167128143704858,0.3219723056230211,0.31625547323113645,0.3203715980052948,360324000
2012-08-07,0.3242590185752079,0.3270030925020205,0.32174360157395987,0.3235729932785034,407340000
2012-08-08,0.32334438967112245,0.32883253842972116,0.32242968003801603,0.3254024386405945,517064000
2012-08-09,0.3258597410442305,0.33706474871112835,0.3254023999121137,0.33637872338294983,822300000
2012-08-10,0.3452968336361286,0.34804090638160967,0.3299757085588716,0.3343205153942108,1278744000
2012-08-13,0.33477819183644525,0.3388943187100093,0.3334061404585836,0.338665634393692,447244000
2012-08-14,0.33980884844939097,0.3402662168760861,0.3322626237890348,0.3336346745491028,388828000
2012-08-15,0.33477811338076857,0.33752218823339347,0.3295186206782289,0.3311193287372589,594404000
2012-08-16,0.334091968404371,0.33912280230552133,0.332948602019565,0.33797943592071533,371008000
2012-08-17,0.3379794722391291,0.3379794722391291,0.33203395549524584,0.3350067138671875,309864000
2012-08-20,0.3338633473595182,0.33546405501825366,0.3299758794254365,0.3350067138671875,314392000
2012-08-21,0.33615003718922526,0.3382080857346267,0.3306618623014811,0.3340919613838196,340248000
2012-08-22,0.3320339663910543,0.33615009140573726,0.33089059984586505,0.3347780406475067,313556000
2012-08-23,0.33409199341818463,0.3343206776162696,0.3258597439272224,0.3272317945957184,379040000
2012-08-24,0.3272318056601679,0.3354640554294812,0.3265457803027238,0.33386334776878357,347724000
2012-08-27,0.3336347236673272,0.33454943339537374,0.3279178900920842,0.3281465470790863,340944000
2012-08-28,0.325631111402547,0.3299758934118457,0.32494508601686595,0.3267744779586792,310764000
2012-08-29,0.32654587719002975,0.3295186364476436,0.32585985162903947,0.3274605870246887,250412000
2012-08-30,0.32677440589449536,0.3279177721984788,0.31968552390579696,0.32128623127937317,307488000
2012-08-31,0.32357292841441926,0.3258596607716943,0.3176274406415041,0.3208288550376892,485064000
2012-09-04,0.3155695805576875,0.31671294751673634,0.30070581009005243,0.3036785423755646,694452000
2012-09-05,0.3048216835044269,0.30916649108592964,0.30139158516850295,0.304593026638031,480256000
2012-09-06,0.30687983548371645,0.32220096701755463,0.30665115130022436,0.3139687180519104,657296000
2012-09-07,0.3059652202000661,0.30848061046869873,0.2961322343190083,0.30642256140708923,781064000
2012-09-10,0.30573661925786366,0.31008140279824187,0.3029925440081501,0.3036785423755646,371108000
2012-09-11,0.30344984242909334,0.3121394355410778,0.30230647563172736,0.30733728408813477,382808000
2012-09-12,0.3098526404264212,0.3123680577852068,0.30687988189149523,0.3107673227787018,322608000
2012-09-13,0.3135113473769547,0.3146547136665715,0.30687980654117575,0.3128253221511841,433836000
2012-09-14,0.312596682976246,0.32197229880438555,0.312596682976246,0.31648412346839905,339468000
2012-09-17,0.31717012648697873,0.31717012648697873,0.3043644121969495,0.3077945113182068,493348000
2012-09-18,0.30436421999705515,0.3135111724709625,0.3041355632226996,0.30985239148139954,359952000
2012-09-19,0.31053861357773943,0.31785615294495934,0.3068798302641271,0.31351137161254883,451936000
2012-09-20,0.31282552407406267,0.31442623246075224,0.3087093973225608,0.3112247884273529,320596000
2012-09-21,0.31168196677179305,0.3144260405109274,0.3105386004421535,0.3125966489315033,340136000
2012-09-24,0.3075659145065513,0.3128254063056672,0.30710857331967384,0.3123680651187897,357832000
2012-09-25,0.316484101494904,0.3178561520486408,0.3061938041218921,0.30665114521980286,481544000
2012-09-26,0.30550778566017134,0.3057364698442304,0.2977329050422364,0.3013916611671448,436812000
2012-09-27,0.3020778340848999,0.304135910967199,0.29956241587098503,0.3036785423755646,558888000
2012-09-28,0.3023063884143675,0.3093952714168537,0.29841892061687114,0.30505046248435974,485508000
2012-10-01,0.30642250923967396,0.3082519010163296,0.2988762851984735,0.30001965165138245,504236000
2012-10-02,0.3020776701141972,0.3020776701141972,0.2977328889322086,0.301162987947464,295492000
2012-10-03,0.30184901935310715,0.3027637015384783,0.29658952863721205,0.29819023609161377,430872000
2012-10-04,0.2988763389942832,0.31328276434600094,0.29727560386408347,0.31145337224006653,502608000
2012-10-05,0.3123679575704623,0.3155693720363672,0.30299234379745427,0.3041357100009918,483068000
2012-10-08,0.3029923795409343,0.30436440279103416,0.29887625527062706,0.301162987947464,240596000
2012-10-09,0.3007056537972612,0.30162033598508364,0.29384542834857513,0.294760137796402,366360000
2012-10-10,0.29338798981022396,0.2947600398962561,0.2885858417691068,0.28972920775413513,326568000
2012-10-11,0.2924735255462502,0.2933882081108603,0.2890434250389388,0.29133015871047974,320516000
2012-10-12,0.2892720647466168,0.2915587982813716,0.2869853312118621,0.2888147234916687,260696000
2012-10-15,0.2892720223685817,0.29270212216820796,0.28584192256895546,0.2924734652042389,249580000
2012-10-16,0.29498888628819503,0.30184911386653507,0.29224481161286675,0.30093440413475037,367696000
2012-10-17,0.2972755319683505,0.3000196330936002,0.29430277392266646,0.29864758253097534,391752000
2012-10-18,0.297961528203509,0.297961528203509,0.29293072206431015,0.29407408833503723,254772000
2012-10-19,0.2897294049166245,0.29178748144620537,0.27532297824961405,0.27692368626594543,709412000
2012-10-22,0.27806698329188906,0.2796677181667818,0.2714354686330737,0.27372220158576965,480840000
2012-10-23,0.27120682866058116,0.2837838892114071,0.27052080321089805,0.28195449709892273,573948000
2012-10-24,0.28378375022191465,0.2849271163247266,0.2755515033776691,0.2782955765724182,332916000
2012-10-25,0.2805824779277951,0.2835552370392402,0.27738106181394023,0.2785244286060333,307356000
2012-10-26,0.2789817168701704,0.2805824246229968,0.27555161714553833,0.27555161714553833,389376000
2012-10-31,0.27669494621892304,0.2789816790587484,0.273264846959185,0.27395084500312805,347112000
2012-11-01,0.2753229283554514,0.2872139623447601,0.27509424414026895,0.28698527812957764,473220000
2012-11-02,0.2899580482541223,0.2904153894428175,0.2837838740567122,0.2856132388114929,256700000
2012-11-05,0.28492726128850104,0.29887634574374733,0.28492726128850104,0.29773297905921936,444840000
2012-11-06,0.2984188388472902,0.2984188388472902,0.29247335120142803,0.29750415682792664,350804000
2012-11-07,0.29521757753323097,0.2970469697801467,0.2869853260521169,0.28835737705230713,324620000
2012-11-08,0.29155864777447743,0.29910486999569924,0.28927191542016784,0.2899579405784607,839024000
2012-11-09,0.29155875920333296,0.2949888590457239,0.27783835983376926,0.27875304222106934,846280000
2012-11-12,0.27921038068275295,0.28035374728569584,0.26983476363461706,0.2725788652896881,643624000
2012-11-13,0.271206772014311,0.2773809725118577,0.2702920897791219,0.27052074670791626,492120000
2012-11-14,0.27212150294468024,0.2748655771264057,0.2636605689326821,0.26388925313949585,619300000
2012-11-15,0.2654899305370528,0.2723501288391976,0.2632031977696711,0.2650325894355774,466688000
2012-11-16,0.2650326017611117,0.2659472840066004,0.2549709607607057,0.2602304518222809,624552000
2012-11-19,0.2650325459718133,0.26846264456036995,0.26183110426649353,0.26754793524742126,404092000
2012-11-20,0.2665122797572964,0.2676630225351344,0.2616791491160282,0.26444095373153687,336976000
2012-11-21,0.26444104591430045,0.27272638034143487,0.2642108863041516,0.27203595638275146,422312000
2012-11-23,0.2731865735744288,0.27709909309142483,0.27180567142213896,0.27387702465057373,276932000
2012-11-26,0.27433740379874016,0.27940066758035415,0.2738771120796621,0.2787102162837982,364600000
2012-11-27,0.2775594280967965,0.2840035934227676,0.2752579424400835,0.2798609137535095,451404000
2012-11-28,0.2787101107554735,0.28354324056551383,0.2752578830156925,0.2821623384952545,398332000
2012-11-29,0.28262259291188185,0.28400346723081854,0.27617843044926116,0.27709901332855225,488688000
2012-11-30,0.2768691031680183,0.27894045766514475,0.2738771923986451,0.2754882276058197,460504000
2012-12-03,0.2789404241785455,0.2789404241785455,0.2697344784588459,0.27042490243911743,391380000
2012-12-04,0.270885115418857,0.2789403147639343,0.2692740536011442,0.27848002314567566,528068000
2012-12-05,0.27617861559769874,0.2780197825905879,0.2713454836516661,0.27525800466537476,633024000
2012-12-06,0.2745674990689062,0.2775594359949454,0.27364691575437444,0.27571824193000793,412896000
2012-12-07,0.2759484560056479,0.2773293586861941,0.2720359349919393,0.27525800466537476,338288000
2012-12-10,0.2752580552556348,0.2865353560570966,0.2745676037884621,0.2844640016555786,513644000
2012-12-11,0.2853845171812684,0.2948206200553952,0.2846940659453292,0.291138231754303,816724000
2012-12-12,0.2920588047525587,0.29366983913735145,0.2869955146348219,0.2881462574005127,399404000
2012-12-13,0.28768596958060594,0.29389997511022425,0.2856146435493572,0.28837642073631287,377556000
2012-12-14,0.2895271494583448,0.29274921811402393,0.28745579609180477,0.28975728154182434,338660000
2012-12-17,0.2890669031829944,0.29067793776345413,0.2842337720057401,0.28860658407211304,445232000
2012-12-18,0.2886066511305206,0.2922890402579329,0.2876860675666082,0.28906697034835815,416436000
2012-12-19,0.291138231754303,0.29459046049812376,0.28998748883969605,0.291138231754303,458544000
2012-12-20,0.2922890331377001,0.2925191927410121,0.28768606055850493,0.29090815782546997,334332000
2012-12-21,0.2869955261743404,0.2869955261743404,0.28101165257780003,0.2842337489128113,462172000
2012-12-24,0.2840036507055397,0.28492426161543355,0.2810117132611724,0.2819323241710663,127376000
2012-12-26,0.2812417798435056,0.28584475056317804,0.28055132874838085,0.28170207142829895,196740000
2012-12-27,0.28216239941022253,0.28262271849026366,0.27663884480846057,0.2798609137535095,299804000
2012-12-28,0.2773292803820932,0.2828528346729404,0.2768689613279629,0.27848002314567566,220600000
2012-12-31,0.2775593681755465,0.28331308107518155,0.27686891714041684,0.2821623384952545,326460000
2013-01-02,0.28906698344422543,0.2929795049219277,0.2879162402192611,0.2927493453025818,478836000
2013-01-03,0.29274925967938586,0.29620148834457233,0.2895271905662283,0.2929794192314148,298888000
2013-01-04,0.29343956821045497,0.3035661171656824,0.29251898532173487,0.3026455342769623,524968000
2013-01-07,0.30241553259419224,0.3033361159631416,0.2918286866718969,0.2939000129699707,610732000
2013-01-08,0.2945905352602843,0.29551114628713065,0.2853845896071136,0.2874559164047241,466424000
2013-01-09,0.2897573529837449,0.29113825556857714,0.2791705337649149,0.281011700630188,695020000
2013-01-10,0.2835432036903193,0.28492410558099035,0.2798608169391056,0.2814718782901764,506368000
2013-01-11,0.28262276279111814,0.2828528949313385,0.27824992289640094,0.281011700630188,513172000
2013-01-14,0.28285295357215146,0.28285295357215146,0.27755952914736987,0.280781626701355,305684000
2013-01-15,0.27940063005988297,0.27940063005988297,0.27410720741164035,0.27571824193000793,375888000
2013-01-16,0.275258041105809,0.28055146550084153,0.275258041105809,0.27824997901916504,337376000
2013-01-17,0.27917054631314214,0.28308306723152454,0.27848009498969145,0.2819323241710663,580736000
2013-01-18,0.2819323011250361,0.2819323011250361,0.27663887799245324,0.2800911068916321,397088000
2013-01-22,0.27986095929943217,0.28239260490817797,0.27732934112656404,0.2787102162837982,308224000
2013-01-23,0.27963080483541,0.2798609369586392,0.27617857606409324,0.27917051315307617,421808000
2013-01-24,0.2782499473435541,0.28170217667307157,0.27686904463739515,0.2805514335632324,396980000
2013-01-25,0.2810116117041254,0.28584474178571795,0.27963073699214813,0.28561460971832275,393920000
2013-01-28,0.28699557098002515,0.29205886209182663,0.2863051196978816,0.29021766781806946,422492000
2013-01-29,0.289067027498832,0.28975745159032706,0.2828529911882822,0.28400373458862305,388872000
2013-01-30,0.284233859359667,0.28814638095347345,0.2826228242840859,0.2835434079170227,287592000
2013-01-31,0.28354324056551383,0.2867653362508298,0.2803211723160651,0.2821623384952545,470544000
2013-02-01,0.28446391601934745,0.28561468640879206,0.28216243011221065,0.2846940755844116,288816000
2013-02-04,0.28308301013443166,0.28883672427621415,0.2796307816493621,0.2798609137535095,511744000
2013-02-05,0.28124171930191266,0.2879160418702091,0.2803211363304956,0.2863049805164337,367296000
2013-02-06,0.27940076098725986,0.28630522138930464,0.2777897257139601,0.28400373458862305,530688000
2013-02-07,0.2830829880246994,0.28538447350165863,0.28009105141747814,0.28285282850265503,440000000
2013-02-08,0.2846940755844116,0.2869955614915484,0.2828528813715269,0.2846940755844116,307232000
2013-02-11,0.2869956023186584,0.290908150866079,0.2842338243243874,0.2879162132740021,408308000
2013-02-12,0.28538466361364384,0.2892971860436682,0.2849243716987979,0.2860751152038574,277804000
2013-02-13,0.28630511023223215,0.2915985333058221,0.28377349219590736,0.2846940755844116,856396000
2013-02-14,0.28078153912724757,0.2932095787834437,0.2773293104620611,0.2929794192314148,882096000
2013-02-15,0.2922889680112026,0.29436032167183923,0.2865352535692251,0.2929794192314148,733860000
2013-02-19,0.2932096512577267,0.2934397834307641,0.287225775784652,0.28906697034835815,433552000
2013-02-20,0.2899875934915248,0.294590566811091,0.2840037172017346,0.28492432832717896,713012000
2013-02-21,0.2844638628493523,0.2876859589786179,0.282162377372393,0.28285282850265503,580408000
2013-02-22,0.2846940291034404,0.28837641692799953,0.2830829947186476,0.2881462574005127,370148000
2013-02-25,0.28883670560836866,0.29113819111633404,0.2826227002240364,0.2830829918384552,644444000
2013-02-26,0.28366191990158424,0.2880615588463022,0.2827356612366701,0.2864406406879425,487504000
2013-02-27,0.28644065621879966,0.29385061552311365,0.285745969083496,0.29176655411720276,476980000
2013-02-28,0.2908402737925511,0.2975555172210671,0.2896824712976905,0.29315587878227234,591392000
2013-03-01,0.29107180578956654,0.2952399001209319,0.2885246569678677,0.2943136692047119,389396000
2013-03-04,0.2922296202238705,0.29593459924910004,0.2899140152341493,0.29315587878227234,353680000
2013-03-05,0.2947768571077669,0.296860890983532,0.2933874827877938,0.29639777541160583,366168000
2013-03-06,0.29825021508922217,0.30102893565714023,0.29477680747827706,0.29616618156433105,342928000
2013-03-07,0.29778718457118075,0.3007974775471819,0.2938506603429628,0.29547157883644104,314824000
2013-03-08,0.29616627364901077,0.29825030782187445,0.2947768991309694,0.296860933303833,246464000
2013-03-11,0.2938506207846196,0.2952399674759101,0.291534987757414,0.2940821647644043,299748000
2013-03-12,0.29361907632271295,0.2959346819596207,0.2908403550792629,0.29500845074653625,310856000
2013-03-13,0.29500845074653625,0.300102777626894,0.2922297018988896,0.29500845074653625,485840000
2013-03-14,0.2968609333265286,0.29778719220669314,0.29338752463535794,0.29524001479148865,383304000
2013-03-15,0.2952400498171656,0.2952400498171656,0.2915350690653654,0.2926928997039795,355776000
2013-03-18,0.29084033528437164,0.2933874847490906,0.2885247298050663,0.2906087636947632,298312000
2013-03-19,0.2908404027192177,0.29222974976642085,0.2866723063692059,0.2887563407421112,355480000
2013-03-20,0.29153499504200714,0.29315594096197306,0.28898784557556517,0.29222968220710754,340588000
2013-03-21,0.29060878356478786,0.2910718991714749,0.28713537510833975,0.28759849071502686,339032000
2013-03-22,0.28852484862596495,0.2901457676081699,0.2873670454095034,0.2889879643917084,232476000
2013-03-25,0.2906087934334917,0.29084036504679744,0.28528289476523794,0.28736695647239685,362076000
2013-03-26,0.28806165820248,0.289682604524117,0.28690385517514017,0.2894510328769684,232540000
2013-03-27,0.28829313397050843,0.29454526271800074,0.2875984468642999,0.29292434453964233,254944000
2013-03-28,0.29222974357836484,0.2973240987895053,0.2901457092495896,0.2970925271511078,349276000
2013-04-01,0.29639780772415936,0.29639780772415936,0.28528289476523794,0.28736695647239685,442828000
2013-04-02,0.28759849053936426,0.2882931777510689,0.28250416366052467,0.28435665369033813,371524000
2013-04-03,0.2838935179435655,0.28551446401489133,0.2787991909307912,0.280883252620697,353156000
2013-04-04,0.2799570403862901,0.2845882525514837,0.27903080899493216,0.28366202116012573,294676000
2013-04-05,0.27949389729762003,0.2885247766971588,0.2787992100200864,0.2885247766971588,551352000
2013-04-08,0.2887563756437009,0.2887563756437009,0.2825042441650972,0.2878301441669464,326660000
2013-04-09,0.288061638097365,0.29454534011878164,0.28597760383528814,0.2924613058567047,380584000
2013-04-10,0.2926928868551598,0.2975556428237022,0.2919981995441679,0.2970925271511078,384688000
2013-04-11,0.29292427372093566,0.29755548317040725,0.28481965718436036,0.2957029938697815,969220000
2013-04-12,0.297092458150233,0.30635487986769055,0.2945452811362545,0.30311304330825806,770548000
2013-04-15,0.30218683215072717,0.30311309103082096,0.29500847075204245,0.296860933303833,430420000
2013-04-16,0.29963959522057876,0.30218674429081394,0.2980186495527495,0.30010271072387695,468844000
2013-04-17,0.29778709959526745,0.30056582016318556,0.2943136919843224,0.29616618156433105,532948000
2013-04-18,0.29686083974563593,0.29871332931779726,0.290377140045166,0.290377140045166,402548000
2013-04-19,0.2901456903022869,0.29199818047589254,0.2864407099550756,0.29107192158699036,303028000
2013-04-22,0.2908402710605656,0.2940821069740478,0.2885246660925958,0.2915349304676056,245568000
2013-04-23,0.29408224809811767,0.3021868693752543,0.2936191324031217,0.2991766035556793,376948000
2013-04-24,0.3001027032580617,0.31191230012141885,0.29987113171007834,0.3093651235103607,556556000
2013-04-25,0.31098609693848256,0.312607015106699,0.3082073485310347,0.31191232800483704,353224000
2013-04-26,0.311449262158083,0.3119123777651424,0.3089020849129611,0.31052300333976746,324332000
2013-04-29,0.3109861612498446,0.31538580113115405,0.3095967867588006,0.31422799825668335,269712000
2013-04-30,0.3149228129153546,0.318859338760376,0.3128387503356075,0.318859338760376,276712000
2013-05-01,0.31885911193242494,0.3209431730296261,0.3149225888877421,0.31608039140701294,341316000
2013-05-02,0.3158488649158483,0.3207116472321146,0.31399637509992806,0.3197854161262512,323480000
2013-05-03,0.3218694278752436,0.32349034600160237,0.32001693818618004,0.3211747407913208,293864000
2013-05-06,0.32117477535827915,0.32302726524672,0.3183960543277152,0.320248544216156,217116000
2013-05-07,0.3202484859972257,0.3209431730296261,0.31307009933607094,0.31608039140701294,448068000
2013-05-08,0.3165435060289251,0.32372189267046486,0.31538570351281797,0.3218694031238556,334032000
2013-05-09,0.31608058790044546,0.32349052310937226,0.31561747212567626,0.3221011757850647,566800000
2013-05-10,0.32881639431020704,0.33807884700353685,0.32881639431020704,0.33668947219848633,861136000
2013-05-13,0.3343737921753203,0.3357631666739246,0.32835320615363267,0.32974258065223694,289812000
2013-05-14,0.3336790773985479,0.3373840573530447,0.3304372406415101,0.33460533618927,454140000
2013-05-15,0.3329843588916527,0.3415521207801626,0.3329843588916527,0.3403943181037903,313172000
2013-05-16,0.3399312321710157,0.3434046405027578,0.3376155990123253,0.3387734293937683,308368000
2013-05-17,0.34039429415909717,0.3466464226508696,0.3378471174085793,0.3443308174610138,312116000
2013-05-20,0.3429413787744355,0.3450254396156645,0.3417835763973703,0.34363606572151184,236380000
2013-05-21,0.34561442545230453,0.3486400089154977,0.34165790603631835,0.3472435772418976,357784000
2013-05-22,0.3486401021516393,0.3486401021516393,0.3337449287126899,0.3351413607597351,480404000
2013-05-23,0.33118477539757096,0.3416579590869652,0.33025383930022767,0.3404942750930786,393884000
2013-05-24,0.33863245622329025,0.341425292928346,0.33467590750133797,0.3383997082710266,283304000
2013-05-28,0.34095969632123346,0.34189063229074085,0.33490852928620224,0.33816683292388916,279300000
2013-05-29,0.33607217669487,0.3381667962714403,0.3346757451475511,0.33607217669487,335052000
2013-05-30,0.33560679122098896,0.3439853270747384,0.33467582737923074,0.3404942750930786,284504000
2013-05-31,0.33863240481524637,0.34351986137102003,0.33677050471305847,0.33677050471305847,577508000
2013-06-03,0.33723592849393463,0.3397960442661281,0.32932286103541825,0.33630499243736267,444468000
2013-06-04,0.33839965689831636,0.34445082529432264,0.3346758566939406,0.33677050471305847,363676000
2013-06-05,0.3363050146451876,0.33886510284202215,0.3286246668214373,0.3295556306838989,464520000
2013-06-06,0.32955557770486843,0.33421031303563936,0.3293228298405655,0.3316501975059509,341044000
2013-06-07,0.3339775968071054,0.33839961243685646,0.33258119272224745,0.33630499243736267,274584000
2013-06-10,0.3353739609212105,0.3381667962714403,0.333512061439588,0.33607217669487,224148000
2013-06-11,0.33165022913376135,0.33630499265284464,0.32978835701942444,0.32978835701942444,296336000
2013-06-12,0.33141750759546135,0.3342103434996146,0.32513359213059967,0.32699549198150635,312588000
2013-06-13,0.32583166380421236,0.3360720945787782,0.3255989437661275,0.33444294333457947,236256000
2013-06-14,0.33560675970447407,0.336072227709434,0.33165021230128333,0.3339775800704956,236012000
2013-06-17,0.33653771166903984,0.340261511374083,0.33467581181651823,0.3372359275817871,255336000
2013-06-18,0.338865133311159,0.3425889336070008,0.3323484966656447,0.3351413607597351,486772000
2013-06-19,0.3381669431394264,0.36027697093765415,0.3370032589260681,0.34538179636001587,1159588000
2013-06-20,0.3425888110083448,0.34305427894264845,0.33374480927894384,0.33607217669487,628696000
2013-06-21,0.3379340915455928,0.3390977753064797,0.3300210253249161,0.33560672402381897,714228000
2013-06-24,0.33071946357387727,0.3349087334796757,0.32373735631235584,0.32862481474876404,580772000
2013-06-25,0.33211567245694307,0.3328138605173503,0.3274609096729695,0.330951988697052,457360000
2013-06-26,0.3346758201629774,0.335141315946027,0.3276937163502054,0.3290901482105255,579752000
2013-06-27,0.3300210465270793,0.33048651451245614,0.32257347552781657,0.3260645270347595,808036000
2013-06-28,0.3260645200084334,0.3300210394154946,0.32187525274149364,0.32676273584365845,431536000
2013-07-01,0.32909029651661886,0.3297885127614334,0.3260647112853739,0.3281593322753906,199524000
2013-07-02,0.32629730686700326,0.33281394308804385,0.32490090265533356,0.32792648673057556,256392000
2013-07-03,0.32513359236814365,0.33281391191848647,0.32513359236814365,0.3288573920726776,140388000
2013-07-05,0.32978843800738344,0.3321158064662629,0.3276937897477396,0.33141759037971497,184684000
2013-07-08,0.33234844504884453,0.33397759702109614,0.32792645716067387,0.32978835701942444,262084000
2013-07-09,0.33048662634951087,0.33351221089493827,0.32955569006372726,0.33141759037971497,157364000
2013-07-10,0.3314174630837078,0.3367704140319695,0.33048649941108277,0.3358394503593445,208468000
2013-07-11,0.33770141131221887,0.34095974314175026,0.33700319536700396,0.3404942750930786,239832000
2013-07-12,0.33979615447705547,0.343985423579222,0.3386324701566994,0.3407270908355713,216360000
2013-07-15,0.3414251347906924,0.3414251347906924,0.33467575248979126,0.34002870321273804,201332000
2013-07-16,0.34142525440561156,0.3437526226879665,0.33979610215684675,0.34189072251319885,162560000
2013-07-17,0.3418906027352076,0.3430542864687,0.3390977673237076,0.34002870321273804,166100000
2013-07-18,0.3395632812145805,0.34072696510553113,0.33421032976732507,0.33863234519958496,344488000
2013-07-19,0.3365377954403657,0.33816694781269724,0.32792653769139574,0.33141759037971497,480532000
2013-07-22,0.3339775205063313,0.33700310361558355,0.32978828146442074,0.3311846852302551,292384000
2013-07-23,0.33537399770389437,0.33537399770389437,0.32909011054057996,0.3307192623615265,246792000
2013-07-24,0.33374484588294784,0.334675781853657,0.3302537943761719,0.3307192623615265,284252000
2013-07-25,0.3304865812658434,0.336305029363733,0.3281592131244543,0.3318830132484436,243320000
2013-07-26,0.3279264776390309,0.3325812137043795,0.3279264776390309,0.33048656582832336,227360000
2013-07-29,0.32978835701942444,0.33397759702109614,0.3288573932178423,0.32978835701942444,179540000
2013-07-30,0.330951951392271,0.33979595251943256,0.33071920356876433,0.3353739380836487,266076000
2013-07-31,0.33374480927894384,0.3393304799794034,0.333512061439588,0.33607217669487,270160000
2013-08-01,0.33723603787450296,0.3414253069766695,0.3332795167341768,0.3407270908355713,277648000
2013-08-02,0.3400287551283859,0.34421802275745833,0.33770138730605814,0.34351980686187744,209628000
2013-08-05,0.3425888649590754,0.34631266450874265,0.3407269651842418,0.3451489806175232,185188000
2013-08-06,0.3453816539356848,0.346079869724662,0.3393304874237609,0.34002870321273804,206608000
2013-08-07,0.33816682714412544,0.34328705812213706,0.33793410702793164,0.3397960066795349,244380000
2013-08-08,0.34165786172340934,0.3437524812177275,0.33770131507617535,0.3421233296394348,345696000
2013-08-09,0.3286246442319265,0.34235613136791126,0.3283919240906198,0.3372359275817871,906224000
2013-08-12,0.32350429695695665,0.33933039706717566,0.3051180822169958,0.33444294333457947,257568000
2013-08-13,0.33490850821840495,0.3370031278902377,0.33281386080216285,0.33560672402381897,197468000
2013-08-14,0.33490851696687823,0.3518983058685161,0.3346757691108573,0.3498036861419678,828508000
2013-08-15,0.3460799309267986,0.3549239344142309,0.3446834991018937,0.35213109850883484,723616000
2013-08-16,0.35143283884770854,0.3584149416142275,0.3507346230221746,0.3535274863243103,660456000
2013-08-19,0.3514328675212143,0.3525965514105794,0.3477090679774809,0.3479418158531189,393432000
2013-08-20,0.34782484213773046,0.352035231867821,0.3473570272531202,0.3496961295604706,234192000
2013-08-21,0.34759097692629715,0.35203528875907275,0.3466553470058726,0.348058819770813,261540000
2013-08-22,0.3478248688225097,0.3532048101190191,0.3478248688225097,0.349930077791214,129016000
2013-08-23,0.35039789271171456,0.3532048101190191,0.34922834146831255,0.349930077791214,245120000
2013-08-26,0.35016413714371325,0.35156761045418766,0.3492285068596065,0.3506319522857666,300152000
2013-08-27,0.34735705338743667,0.34969615587077557,0.3450179509040978,0.3461875021457672,277464000
2013-08-28,0.3468892384676291,0.3494622344687212,0.34478402950204345,0.3461875021457672,318824000
2013-08-29,0.3450179914903099,0.3487605670576307,0.34408233365632757,0.3454858064651489,276216000
2013-08-30,0.3457197059682115,0.34665533585854924,0.3433806033580646,0.3450179696083069,378120000
2013-09-03,0.3459536841730318,0.3501640754786772,0.3431467659307047,0.3452519476413727,284680000
2013-09-04,0.3452518368872221,0.3506317780583522,0.344784021977624,0.34852659702301025,222080000
2013-09-05,0.34712307920207064,0.3508656537600398,0.34688918571988314,0.3494621813297272,174904000
2013-09-06,0.3496961860737078,0.35156747379886044,0.3454857956631901,0.348058819770813,226756000
2013-09-09,0.3508657623831899,0.3539066016674042,0.34993013239618803,0.3539066016674042,246408000
2013-09-10,0.35647968272025016,0.3616257042367706,0.35484228815581687,0.3613917827606201,292132000
2013-09-11,0.36092387102570267,0.3684090216460356,0.3583508470144254,0.3674733638763428,396164000
2013-09-12,0.3656020514330519,0.37191765032629137,0.3656020514330519,0.36723944544792175,303808000
2013-09-13,0.3684090485455252,0.3712159662909467,0.36583602434637785,0.36957859992980957,159696000
2013-09-16,0.37261946417681674,0.37519246066477885,0.3684090733332439,0.3698125183582306,231412000
2013-09-17,0.3712158530456186,0.37402276993474526,0.36957848718398606,0.37098193168640137,168608000
2013-09-18,0.3712157141551032,0.37519218058392734,0.369344427634396,0.37425655126571655,268168000
2013-09-19,0.3758941528469065,0.3765958892189031,0.3709820261272336,0.3726194202899933,227572000
2013-09-20,0.3735551022379542,0.37589420521427747,0.36864297483395253,0.36934471130371094,356036000
2013-09-23,0.3691106367297063,0.37215147491432005,0.3637306965391273,0.36583590507507324,271244000
2013-09-24,0.36606989422832936,0.3686428901808523,0.36396468530248266,0.36723944544792175,229732000
2013-09-25,0.3665377310153691,0.37051419982245065,0.36490033690277474,0.3677072823047638,233156000
2013-09-26,0.36864290106870357,0.3693446373980449,0.3644325109769571,0.3665377199649811,148816000
2013-09-27,0.3637307476342891,0.36677158624606543,0.36232730296413806,0.3644324839115143,151920000
2013-09-30,0.3606900628085606,0.36653782068614493,0.35858485324204475,0.3639647960662842,226640000
2013-10-01,0.36443255444626244,0.3660699487048001,0.3616256366783911,0.3637308180332184,226976000
2013-10-02,0.3599882751786943,0.36490037436790684,0.3599882751786943,0.36349692940711975,162036000
2013-10-03,0.3637307024502886,0.3670054620424367,0.35811686869845727,0.3597542345523834,436768000
2013-10-04,0.3592865788878477,0.36770736113037783,0.3583509209251731,0.36466652154922485,246228000
2013-10-07,0.3632630485473671,0.3672395460911947,0.3613917605063261,0.36466652154922485,169952000
2013-10-08,0.36373085294359847,0.3688769018769621,0.3588187533494433,0.36162567138671875,290712000
2013-10-09,0.36396477490014917,0.3641986963553726,0.3541405478139908,0.3560118079185486,275860000
2013-10-10,0.3585847696705201,0.3609238722764042,0.3560117456503266,0.3599882423877716,223484000
2013-10-11,0.3543743091108018,0.35881861991100744,0.35320475803984724,0.3569473326206207,213704000
2013-10-14,0.3560117087735521,0.36232730746269226,0.3560117087735521,0.36232730746269226,166628000
2013-10-15,0.3623272471917811,0.36443242781511087,0.3602220386841563,0.3604559600353241,208820000
2013-10-16,0.3625612479042746,0.3663038233242425,0.36209343294785445,0.3649003505706787,210072000
2013-10-17,0.3620933926422487,0.36653770394429,0.3620933926422487,0.365602046251297,213324000
2013-10-18,0.3649003910600112,0.370982069821206,0.3634969460350245,0.3698125183582306,255068000
2013-10-21,0.374256846610488,0.374490740182475,0.36957864055905687,0.3707481920719147,195008000
2013-10-22,0.3707481023869888,0.37098199590239633,0.36560205466781076,0.3688768148422241,179452000
2013-10-23,0.3681751794715514,0.3681751794715514,0.3613917637474792,0.36256131529808044,252216000
2013-10-24,0.3634968962965977,0.36583599890248175,0.35928650602914586,0.3599882423877716,236436000
2013-10-25,0.36185946618702286,0.36209335967575135,0.3553099744695658,0.3564795255661011,330492000
2013-10-28,0.3560116935789573,0.3576490874710279,0.35086567417554554,0.3557778000831604,394024000
2013-10-29,0.3553099774064373,0.35694734337826106,0.35203521757849193,0.35624560713768005,387952000
2013-10-30,0.3574152808812744,0.3590526474149162,0.35297096842218095,0.3560118079185486,204032000
2013-10-31,0.35647951428584496,0.3590525098862254,0.35460822701374306,0.35530996322631836,293368000
2013-11-01,0.3571812261042334,0.3585846985430977,0.3543743091108018,0.3569473326206207,206136000
2013-11-04,0.358117020202244,0.358117020202244,0.34595366212032685,0.34665539860725403,410264000
2013-11-05,0.34455013598429024,0.34782486830724424,0.3408075608572276,0.3461875021457672,422368000
2013-11-06,0.34618749459071896,0.3487605184199596,0.342678840942282,0.34852659702301025,198044000
2013-11-07,0.34735705758634133,0.3482926874372665,0.3396380137211538,0.3403397500514984,553076000
2013-11-08,0.3508658072667716,0.3651343476418011,0.3494623342224277,0.3639647960662842,734532000
2013-11-11,0.36256115673566014,0.36794109709242545,0.36185944841963114,0.36700546741485596,297624000
2013-11-12,0.3686429121825587,0.3707481212340505,0.36349689208608243,0.3677072823047638,316032000
2013-11-13,0.3667716130167314,0.377765417098999,0.3660699045725878,0.377765417098999,332792000
2013-11-14,0.37659586904001935,0.38174188901842,0.37636194763378683,0.3794027864933014,307980000
2013-11-15,0.38080621800445436,0.3812740328820562,0.37449061956178437,0.3782331943511963,450332000
2013-11-18,0.37004636117046164,0.37332109341719644,0.36817507365048435,0.36911070346832275,316948000
2013-11-19,0.36734698410050703,0.3706394522419979,0.3626434421639079,0.36311379075050354,206716000
2013-11-20,0.3633489379460646,0.36428966312071237,0.35699916216730343,0.35770469903945923,204776000
2013-11-21,0.35817505899953384,0.3612323668525548,0.3565288249356984,0.36052682995796204,213568000
2013-11-22,0.3609970431730237,0.3609970431730237,0.35629350301993845,0.3569990396499634,158668000
2013-11-25,0.3569990744122337,0.3652302704816338,0.3569990744122337,0.3647599220275879,248208000
2013-11-26,0.36875786020781715,0.37181516666711206,0.36640609032148386,0.3678171634674072,753176000
2013-11-27,0.36758210112474926,0.3704042483828991,0.3652303304331698,0.3692283630371094,181272000
2013-11-29,0.36922837114909596,0.3701690682322677,0.36452480162728107,0.3668765723705292,116964000
2013-12-02,0.3654655138683098,0.3729911743744675,0.36475997706313174,0.3704042434692383,373872000
2013-12-03,0.37040426163497653,0.37534296344279616,0.3678173025675574,0.370169073343277,290560000
2013-12-04,0.3692283485861144,0.3760484721106391,0.3682876235251102,0.3753429353237152,493176000
2013-12-05,0.37604848682856257,0.37604848682856257,0.36875798647053903,0.3692283630371094,271812000
2013-12-06,0.3736966410338896,0.3736966410338896,0.3628784868126584,0.3638192117214203,281000000
2013-12-09,0.36381931455104866,0.36499519999286817,0.35699916216730343,0.35770469903945923,385220000
2013-12-10,0.35770466476042534,0.36758209591808527,0.35723431623583535,0.3659358620643616,524268000
2013-12-11,0.36664141373152165,0.3671117622751782,0.36170268393483057,0.36240822076797485,414156000
2013-12-12,0.361232395845484,0.36311381837029594,0.3546474310263039,0.3553529679775238,258724000
2013-12-13,0.35605855524524194,0.35864548705152316,0.35276605835271013,0.3532364070415497,184588000
2013-12-16,0.3534714082772748,0.3567638753914601,0.353236220039699,0.35370656847953796,237620000
2013-12-17,0.35347154545271187,0.3562936652222681,0.3504142373543079,0.3553529679775238,274104000
2013-12-18,0.35605837651277117,0.36099707731947234,0.35158999612349284,0.3602915406227112,426232000
2013-12-19,0.35982119910062643,0.36217296944491967,0.35746942875633325,0.3617026209831238,258544000
2013-12-20,0.36240825831410806,0.36922841102732407,0.3614675330940153,0.36899322271347046,382080000
2013-12-23,0.3711097240447998,0.3741670312780868,0.3680524448468283,0.3711097240447998,168568000
2013-12-24,0.37322640923488093,0.37322640923488093,0.3682876790175778,0.37205052375793457,79600000
2013-12-26,0.3734616128816742,0.37463749840691163,0.36758215722016446,0.36852288246154785,168920000
2013-12-27,0.3704041937772554,0.3713448907010808,0.3682875836456775,0.3706393539905548,210976000
2013-12-30,0.3708746527651657,0.37581338317534646,0.37040430416308234,0.3755781948566437,248180000
2013-12-31,0.3762836373976952,0.3786354078535615,0.373931866941829,0.3767539858818054,235776000
2014-01-02,0.374402248070135,0.3758133216808126,0.36969870674829997,0.3729911744594574,260092000
2014-01-03,0.37369677316552824,0.37440231008773517,0.3673469969363104,0.36852288246154785,259332000
2014-01-06,0.3722856311684119,0.3762836636505748,0.368757975238492,0.3734615445137024,409492000
2014-01-07,0.37722431665255196,0.38098716041937175,0.374637386093763,0.37957608699798584,333288000
2014-01-08,0.3809872237949608,0.38663149038409006,0.3795761501388489,0.3847500681877136,308192000
2014-01-09,0.3788706010254216,0.3795761378305996,0.3692283581390475,0.3704042434692383,292172000
2014-01-10,0.37158013533446765,0.37416706628519364,0.3666414056466809,0.3699338734149933,218492000
2014-01-13,0.3699339171564339,0.3722856881362528,0.36052683323715834,0.36123237013816833,243332000
2014-01-14,0.36311380945442423,0.37322643074607575,0.3614675472635588,0.37252089381217957,241828000
2014-01-15,0.3741669563381897,0.3779297995694133,0.37252072293777055,0.37651872634887695,175044000
2014-01-16,0.3765187217899001,0.3784001433827312,0.37487248840941395,0.37769460678100586,220652000
2014-01-17,0.3776946793985989,0.3821630600451012,0.37369667526722367,0.3760484457015991,340400000
2014-01-21,0.37651883077795917,0.3798113265272949,0.3734615513443643,0.3774595558643341,246076000
2014-01-22,0.3781650710744182,0.37863541957308666,0.3725208049844488,0.3769891858100891,337940000
2014-01-23,0.37581338317534646,0.37981138834603834,0.3727560752088213,0.3755781948566437,185028000
2014-01-24,0.3725208255145741,0.37393189912366165,0.3659358620643616,0.3659358620643616,246696000
2014-01-27,0.3659359019168146,0.37110979232140495,0.36146752035828417,0.36358413100242615,233812000
2014-01-28,0.36287860867835237,0.3673469904161373,0.36146753485898414,0.36711180210113525,167996000
2014-01-29,0.36570071361124745,0.36781732425538943,0.363348942696859,0.36358413100242615,162944000
2014-01-30,0.3657007297346899,0.37040429980616396,0.3645248442256519,0.36969876289367676,202896000
2014-01-31,0.3645247936186324,0.37134494544540364,0.3642896333706653,0.3692283630371094,335348000
2014-02-03,0.37181539340574443,0.3722857420627751,0.3628786567808597,0.3642897307872772,431728000
2014-02-04,0.3640544613221514,0.36711176896460695,0.3621730390779235,0.36640623211860657,280692000
2014-02-05,0.3638193276480577,0.36499521313220745,0.36029164316028695,0.36311379075050354,214676000
2014-02-06,0.3635839720649457,0.36875786020781715,0.3631136236947407,0.3678171634674072,168380000
2014-02-07,0.3687579048347936,0.3736966334079003,0.365465437809597,0.3732262849807739,157248000
2014-02-10,0.37275596159204777,0.3793409241200715,0.37252077334503075,0.3744021952152252,324372000
2014-02-11,0.3765187527456642,0.3831037148443058,0.3746373590334625,0.38216301798820496,235384000
2014-02-12,0.3833390012051871,0.3986255392947961,0.3833390012051871,0.39580339193344116,744528000
2014-02-13,0.40568071685324336,0.41061944505956266,0.3986254068643928,0.40826764702796936,902836000
2014-02-14,0.40450487117965933,0.4221431478665177,0.4042696829430429,0.4212024509906769,817536000
2014-02-18,0.42143771702943006,0.4228487626036861,0.41743968448074376,0.42096734046936035,428988000
2014-02-19,0.42096727714775056,0.4303743864043682,0.41908585529642706,0.4266115427017212,450340000
2014-02-20,0.42755234370462153,0.44260369414440376,0.42684683486950636,0.44166299700737,398088000
2014-02-21,0.44095739522900623,0.4466016613263465,0.4355483173989654,0.4383704364299774,451052000
2014-02-24,0.43742973859858225,0.44801270597121545,0.43343173430931736,0.44472023844718933,403112000
2014-02-25,0.44412975227249923,0.44601966994677006,0.4379875268715967,0.44271230697631836,242184000
2014-02-26,0.4417672383368998,0.4483819342609563,0.44058604364195764,0.4420034885406494,360884000
2014-02-27,0.44200356418388353,0.44649209352805663,0.4358613394542604,0.4370425343513489,388848000
2014-02-28,0.4346800606694921,0.4389323671107515,0.42782911469137913,0.43420758843421936,321692000
2014-03-03,0.42452176144419046,0.432081401348114,0.4207419274112782,0.432081401348114,375948000
2014-03-04,0.4342076289710774,0.4394048803680885,0.433498906471052,0.43657001852989197,260344000
2014-03-05,0.4360974514825722,0.4405860078559167,0.4342075626536909,0.4403497576713562,241472000
2014-03-06,0.4410585062504301,0.44342089558869613,0.4334988660003591,0.43420758843421936,290144000
2014-03-07,0.4360976716195281,0.43680639436906377,0.43042794594707257,0.43373528122901917,268452000
2014-03-10,0.4323176291525146,0.4342075460711198,0.42546668384280845,0.4273566007614136,300888000
2014-03-11,0.4294827778482732,0.435388779304307,0.4280653611548228,0.4316089451313019,297220000
2014-03-12,0.4294827685068968,0.43538876983447344,0.42782910165288807,0.4327901303768158,239428000
2014-03-13,0.43373505146814473,0.4353887463950271,0.41696207731585105,0.4190882444381714,385172000
2014-03-14,0.4148360222109479,0.4247580529683955,0.4148360222109479,0.42097821831703186,460048000
2014-03-17,0.4221594131253448,0.4252305252593396,0.4205057460260878,0.42097821831703186,299656000
2014-03-18,0.42263194130885445,0.43373516760314446,0.4207420238591672,0.43090030550956726,293904000
2014-03-19,0.4342075948572043,0.446728264167606,0.43302637200869576,0.4384598731994629,366168000
2014-03-20,0.43609747667634163,0.44247595040895854,0.43420758773827967,0.43869611620903015,191800000
2014-03-21,0.4424759738531254,0.44601955804259835,0.43562502752300214,0.43798741698265076,566116000
2014-03-24,0.43822370898847146,0.4417672935159098,0.4294828446245984,0.4358613193035126,306096000
2014-03-25,0.4405860986734304,0.44105857097804085,0.43255395684742626,0.4358613193035126,304424000
2014-03-26,0.43987740878868203,0.4481457732998181,0.4221594566743392,0.42593929171562195,557756000
2014-03-27,0.42499432840651197,0.42853791304166483,0.4155447412175304,0.42026954889297485,540728000
2014-03-28,0.41956079841659966,0.4254667724155462,0.41837960361681037,0.42286813259124756,398820000
2014-03-31,0.4235768478802925,0.4273566824399233,0.4207419860415218,0.4231043756008148,273404000
2014-04-01,0.4365700333341012,0.445783341661142,0.431372753598944,0.4405860900878906,656272000
2014-04-02,0.44058603555654,0.4415309800303914,0.4358612568634783,0.4377511739730835,239948000
2014-04-03,0.43869616970128517,0.4531067576635218,0.4384599194742692,0.4424760043621063,599548000
2014-04-04,0.44483843455898137,0.4474370746455597,0.4268842605253141,0.4287741780281067,368032000
2014-04-07,0.4290102627308285,0.4384598190568082,0.42664787364933354,0.4301914572715759,428576000
2014-04-08,0.4301915436084504,0.44672829865964214,0.4294828211093857,0.44554710388183594,470692000
2014-04-09,0.44767328769916737,0.4514531226284839,0.4415310629795049,0.4450746476650238,421968000
2014-04-10,0.4431846735520109,0.4493268689343613,0.4327901435664988,0.43420758843421936,372748000
2014-04-11,0.4309003411296464,0.43751503866939756,0.4223957259839793,0.4280654788017273,353112000
2014-04-14,0.4309002133314194,0.4344437972308245,0.4280653518442757,0.4327901303768158,290184000
2014-04-15,0.4332626793852952,0.43822370898847146,0.42901037231998795,0.4358613193035126,304636000
2014-04-16,0.43798739660969555,0.4384598688472675,0.4313727007979808,0.43680620193481445,235136000
2014-04-17,0.4351525393417278,0.4424759576634447,0.4342075948572043,0.4384598731994629,153532000
2014-04-21,0.43869612649766965,0.4431846832355915,0.4358612648621891,0.4420034885406494,117004000
2014-04-22,0.44271205711034767,0.4486180570698238,0.44034966839131523,0.44578316807746887,255120000
2014-04-23,0.4464920171542933,0.45216176858763507,0.4457832947048877,0.4509805738925934,261580000
2014-04-24,0.45405173066812415,0.4597214545006773,0.45405173066812415,0.45499667525291443,391492000
2014-04-25,0.45405173040967994,0.4583040373626273,0.44153103161594814,0.4424760043621063,313600000
2014-04-28,0.44601959188979673,0.44838198152872055,0.4351525882859845,0.4405860900878906,226788000
2014-04-29,0.4422396652936372,0.44318463784995993,0.43656994260330084,0.4415309429168701,171300000
2014-04-30,0.4408223928711922,0.4412948652229237,0.4353888904215064,0.4363338351249695,305740000
2014-05-01,0.44294842264347406,0.443893367112505,0.43515253220731065,0.43869611620903015,198104000
2014-05-02,0.44082230484676727,0.44082230484676727,0.4327901638235708,0.43538880348205566,156376000
2014-05-05,0.43491638339643823,0.44342099824791453,0.4344439110517804,0.4401136636734009,239260000
2014-05-06,0.44436597299991804,0.44814577993525767,0.42995538337380534,0.4311365783214569,416188000
2014-05-07,0.4311364729001517,0.43515252910778096,0.4268841664959964,0.4316089451313019,293900000
2014-05-08,0.4299553649688181,0.4438934534896989,0.4278291972569142,0.4370425343513489,432728000
2014-05-09,0.42381301759866546,0.4278290734542419,0.41837951701199155,0.42641162872314453,539532000
2014-05-12,0.4273565477230019,0.4398772140727078,0.4271202975767845,0.43893226981163025,299856000
2014-05-13,0.43302638285706674,0.44011357931615575,0.4304277713785741,0.43184518814086914,221104000
2014-05-14,0.4320815507691321,0.43373521816968413,0.42735677067503436,0.4275929927825928,214320000
2014-05-15,0.42664794804308914,0.4290103375365092,0.4209781963617384,0.4252305030822754,325896000
2014-05-16,0.42192311206735034,0.42735661280069775,0.42192311206735034,0.42428550124168396,283960000
2014-05-19,0.4287741093547826,0.4403498064422994,0.42688419215468293,0.43798741698265076,360076000
2014-05-20,0.4381060302710801,0.4392926652192705,0.4307489105672646,0.4328848421573639,256200000
2014-05-21,0.4345461254265088,0.4383433685773617,0.4302742339547014,0.4328848421573639,216712000
2014-05-22,0.43193559973950607,0.4371567885086765,0.43193559973950607,0.4347835183143616,130364000
2014-05-23,0.437156783852238,0.44095402743934,0.4345461753496539,0.4388180673122406,182656000
2014-05-27,0.4414286608779417,0.44664984941482544,0.44000468750805927,0.44664984941482544,209680000
2014-05-28,0.44831118046642054,0.4532950308929686,0.444039288463942,0.45044711232185364,224676000
2014-05-29,0.4502099323985521,0.4540071773572257,0.44878598675776626,0.44973528385162354,171884000
2014-05-30,0.4497350496084778,0.4521083193986328,0.44736177981832287,0.4509216845035553,239128000
2014-06-02,0.45234561757482555,0.45519353541210233,0.4457004570934432,0.44949769973754883,181500000
2014-06-03,0.45044712102059753,0.45092176940968076,0.44166599851030036,0.4475992023944855,243212000
2014-06-04,0.44641258042661774,0.45139643109622746,0.44617524207927806,0.4480738639831543,161236000
2014-06-05,0.4487859345673384,0.45139651541766607,0.4461753254253918,0.44997256994247437,188696000
2014-06-06,0.45210842961010245,0.4556683351631409,0.45044714601034075,0.4516337811946869,161052000
2014-06-09,0.45115911618511845,0.4563803051458773,0.44807385916097486,0.4521084129810333,247456000
2014-06-10,0.4504471372322246,0.4566176513872221,0.44854851531594736,0.45448169112205505,217608000
2014-06-11,0.4528203696430142,0.46160149173415943,0.4528203696430142,0.460414856672287,266228000
2014-06-12,0.4604148481621237,0.46539869835490105,0.45638026639304213,0.46326276659965515,337148000
2014-06-13,0.4680094103428823,0.46824674872004407,0.4592282864705382,0.46373751759529114,227852000
2014-06-16,0.46160142551597116,0.46539864019427357,0.4582788308443982,0.46231338381767273,198620000
2014-06-17,0.462787970752655,0.4672971711507083,0.46041470142913177,0.46539855003356934,157608000
2014-06-18,0.4642121103067977,0.4670600573242357,0.4599402180722546,0.4649240970611572,215536000
2014-06-19,0.45638024729007803,0.4587535172706168,0.45092172067651687,0.45424431562423706,474592000
2014-06-20,0.4554309870105073,0.45709227047132484,0.44570056799604296,0.4492604732513428,353148000
2014-06-23,0.4433272687179955,0.44427656540710203,0.4381060520530792,0.4440392553806305,414200000
2014-06-24,0.44332724994344513,0.44688715481425073,0.4352581152613204,0.4371567368507385,275780000
2014-06-25,0.4383434399625541,0.4419033453868639,0.43430888613999236,0.44166600704193115,215420000
2014-06-26,0.44166607775343886,0.44190341613636985,0.434308955673612,0.435732901096344,256908000
2014-06-27,0.4352581482655478,0.43881805340628954,0.4326475398456927,0.43620747327804565,302820000
2014-06-30,0.43454623815141097,0.4411914012434097,0.43454623815141097,0.44000476598739624,180512000
2014-07-01,0.4395300809784051,0.4475992170229877,0.43810610747300416,0.4449886083602905,321180000
2014-07-02,0.4433272182941437,0.44522583974801844,0.44071661025861497,0.4433272182941437,179284000
2014-07-03,0.43929283810988284,0.4485486113234889,0.43929283810988284,0.4473619759082794,136892000
2014-07-07,0.4480737411199424,0.44831107940220316,0.4430898635253137,0.4438018500804901,127496000
2014-07-08,0.4426153522714393,0.4445139742424581,0.4359701895186809,0.44024208188056946,221940000
2014-07-09,0.44403922884976804,0.4554309298964553,0.44071663405319633,0.45353230834007263,387668000
2014-07-10,0.44498848793208196,0.4530576217928972,0.441428583423618,0.4511590003967285,266308000
2014-07-11,0.4516337645830759,0.4535323864665191,0.44997248104441806,0.4521084129810333,191188000
2014-07-14,0.4540069303384775,0.4589908080986263,0.45234564718229686,0.4578041732311249,272636000
2014-07-15,0.45851621437939594,0.4608894843968491,0.45543095769838476,0.45970284938812256,395440000
2014-07-16,0.4616014562299448,0.46516136114175094,0.45661757803677244,0.45922815799713135,319728000
2014-07-17,0.45400705434045496,0.4627881773916206,0.45400705434045496,0.45804160833358765,324832000
2014-07-18,0.44854845169074087,0.452108356669444,0.43691941178534477,0.43763139843940735,567816000
2014-07-21,0.4359701895186809,0.44332733904702315,0.4359701895186809,0.44024208188056946,243364000
2014-07-22,0.4435646847516532,0.4459379553332158,0.4373941982145607,0.43834349513053894,298816000
2014-07-23,0.43858074761371796,0.43881805765042925,0.42861299048994644,0.42908763885498047,297352000
2014-07-24,0.4314608698071266,0.43264750475780395,0.4267143300044173,0.4297995865345001,254576000
2014-07-25,0.4283756956876867,0.4293250208058244,0.42149322296635594,0.42220520973205566,266132000
2014-07-28,0.4241037545955788,0.4241037545955788,0.413424039213536,0.4205438494682312,330352000
2014-07-29,0.42078113972270664,0.42766363915761174,0.4205438014246862,0.4219677746295929,217972000
2014-07-30,0.4245784369497402,0.43027427391337125,0.4233918018913494,0.42908763885498047,246184000
2014-07-31,0.42386641461618524,0.42718898118366155,0.41461064496402855,0.4153226315975189,401880000
2014-08-01,0.41532270101960667,0.42220520190495975,0.41389872751460566,0.41983193159103394,219884000
2014-08-04,0.4193573761647071,0.4229172826650494,0.41674679503942924,0.41888272762298584,241724000
2014-08-05,0.4176959211705575,0.4252904078963551,0.41413601612719375,0.4191198945045471,298136000
2014-08-06,0.41627196430379626,0.4238664513300228,0.41318673577745463,0.4186452627182007,223456000
2014-08-07,0.4222051954007754,0.42600241086959123,0.4115254508610199,0.41437339782714844,407696000
2014-08-08,0.4324101744820251,0.45329495429371025,0.4324101744820251,0.4509216845035553,894348000
2014-08-11,0.45139635439091974,0.45329497597216517,0.44736180121302865,0.44854843616485596,344624000
2014-08-12,0.44831112614945584,0.45092170606851056,0.4435645580505377,0.44854843616485596,296152000
2014-08-13,0.4492603790005599,0.45495624318906586,0.44641246105210997,0.4511590003967285,256596000
2014-08-14,0.4528203797820782,0.4528203797820782,0.4442765958286489,0.446175217628479,255992000
2014-08-15,0.4475992049782263,0.4544816773886936,0.4433273128685925,0.4518710970878601,369796000
2014-08-18,0.4537697159854882,0.45851628504352115,0.4492605135740366,0.45804160833358765,284076000
2014-08-19,0.4581607580797518,0.46412017937391037,0.4564920973839776,0.46173641085624695,248260000
2014-08-20,0.46006774900001174,0.4622131577105546,0.45768398048836106,0.4588758647441864,221468000
2014-08-21,0.45768395011896756,0.4600677184724445,0.45386993780346074,0.4545850455760956,272796000
2014-08-22,0.45410838742896514,0.45863756524667404,0.451247870522224,0.4548235237598419,251224000
2014-08-25,0.4567304550600181,0.4598293596091033,0.4545850464875312,0.4555385708808899,153380000
2014-08-26,0.45673054462354973,0.46459698743173417,0.4550619121289084,0.46364349126815796,269636000
2014-08-27,0.4607829753778949,0.464358628844861,0.4576840700231708,0.4583992063999176,182972000
2014-08-28,0.45744562157493013,0.4631666546472886,0.4560153490984594,0.4622131586074829,179704000
2014-08-29,0.46388185110066904,0.46459698743173417,0.45887592519997916,0.46364349126815796,207932000
2014-09-02,0.4648353159427643,0.4648353159427643,0.46054452692456965,0.4648353159427643,192636000
2014-09-03,0.46721914417063093,0.4707947974066185,0.4641202390160885,0.4691261649131775,259456000
2014-09-04,0.4684109984341155,0.4803298702037012,0.46817261020035345,0.4774693250656128,491832000
2014-09-05,0.4769924883860956,0.47913789696884146,0.47294008784103403,0.47603899240493774,253792000
2014-09-08,0.475562243792333,0.47651573977224365,0.4698411826625875,0.4717482030391693,319288000
2014-09-09,0.4696029425775645,0.47270184792732445,0.4653121527407251,0.46578890085220337,198588000
2014-09-10,0.4684108484794615,0.4691259845350436,0.463166536349696,0.4674573242664337,172376000
2014-09-11,0.4641201489399114,0.4657887811095052,0.45768395163085457,0.4626898765563965,250720000
2014-09-12,0.4655504827976715,0.4655504827976715,0.4553002711813426,0.45577701926231384,262536000
2014-09-15,0.45720720253920855,0.4579223387292412,0.4476721291168008,0.4495791494846344,294152000
2014-09-16,0.4483872661374936,0.458637475768923,0.4469569937547786,0.45625370740890503,219936000
2014-09-17,0.4550619115467942,0.460782945354465,0.45291650255634325,0.456492155790329,173584000
2014-09-18,0.459352642092232,0.46388179090665854,0.45792236961569605,0.463405042886734,219604000
2014-09-19,0.46483537555858484,0.4653121236402474,0.45410838742896514,0.4548235237598419,601316000
2014-09-22,0.46412014816887026,0.46412014816887026,0.44981750960776307,0.45029428601264954,221464000
2014-09-23,0.4479104888009625,0.45339316170095856,0.44624185663577076,0.4483872652053833,196144000
2014-09-24,0.44814893562607633,0.4524397249098244,0.44767218757605187,0.45100945234298706,159592000
2014-09-25,0.45053273461104815,0.45172461902469774,0.4402825229703082,0.4412360191345215,298440000
2014-09-26,0.4426662328532951,0.4455267493818019,0.4407592123620365,0.442189484834671,241188000
2014-09-29,0.43861383178003915,0.44457325305080825,0.43432304278173295,0.4414743483066559,208540000
2014-09-30,0.4395673876308393,0.4429046810466499,0.4345614617155064,0.4398057758808136,277204000
2014-10-01,0.4405208822879872,0.44361975882654087,0.4343230723773516,0.4355149567127228,350976000
2014-10-02,0.4347998202403128,0.4369452006763484,0.42359608475925287,0.43360793590545654,288996000
2014-10-03,0.43622997254080137,0.4421893925720781,0.4345613121986389,0.4345613121986389,239140000
2014-10-06,0.436230153364075,0.43980580686499754,0.4290788179454618,0.43193936347961426,199032000
2014-10-07,0.430032282634185,0.4343230719203592,0.42693337768212786,0.4274101257324219,301896000
2014-10-08,0.42693343606092266,0.4374220366854203,0.4235961424189956,0.4352766275405884,260172000
2014-10-09,0.43336954770657354,0.43384632417396557,0.4233577249763301,0.4269333779811859,306956000
2014-10-10,0.42359602113387795,0.4250262934875799,0.40142697015205603,0.4016653299331665,691376000
2014-10-13,0.4042875473409971,0.4123923778715486,0.39975839823330955,0.4002351462841034,397628000
2014-10-14,0.40571776125057424,0.4207355073882476,0.40333399292449146,0.4095318019390106,376620000
2014-10-15,0.4035724682098744,0.4178751106765611,0.40095033935078356,0.41572970151901245,404428000
2014-10-16,0.40834006439898857,0.42073565846216365,0.40738653967611654,0.415968120098114,351116000
2014-10-17,0.4209739258041087,0.42574146279847713,0.41358423209613276,0.4152528643608093,290716000
2014-10-20,0.41525280535621734,0.4226424980141683,0.41239228924940846,0.41882845759391785,200336000
2014-10-21,0.42192736612067594,0.4371834995381365,0.4207354820294724,0.4367067515850067,351092000
2014-10-22,0.4359917353849272,0.43742200805453185,0.42645666003227234,0.42645666003227234,239512000
2014-10-23,0.43384623506144726,0.4390905193747009,0.43074733074373794,0.4359916150569916,214476000
2014-10-24,0.43861377296525755,0.4431429211570128,0.4359916165910256,0.4405207931995392,210156000
2014-10-27,0.440282433990561,0.4424278141348491,0.43551489729946724,0.44075918197631836,145092000
2014-10-28,0.4395672995261124,0.4517245295027471,0.43909055153848675,0.45124778151512146,192580000
2014-10-29,0.4493407611807042,0.4519629177379772,0.4443348362683686,0.4483872652053833,168340000
2014-10-30,0.4471953497562659,0.44910234157355516,0.43980565700561597,0.44552668929100037,170260000
2014-10-31,0.4557770484273223,0.4660272891163263,0.4533932794531635,0.46578890085220337,256316000
2014-11-03,0.47651577018783475,0.4781844308843283,0.4712714851300669,0.47365525364875793,308732000
2014-11-04,0.4767542478894685,0.48152178582168037,0.4688878046179654,0.47985315322875977,360196000
2014-11-05,0.48271369872150094,0.482952058568051,0.4762774997796009,0.47985315322875977,335652000
2014-11-06,0.48080653099733384,0.4827135798005205,0.47341683765621806,0.4819984436035156,394088000
2014-11-07,0.4874811140417793,0.4932021467547643,0.46698066630609497,0.4717482030391693,450800000
2014-11-10,0.47127160427795217,0.48032996103924586,0.47007971971727186,0.47723105549812317,293388000
2014-11-11,0.47437033044300747,0.4769924584349239,0.467457385555027,0.47150981426239014,212992000
2014-11-12,0.46984118294893285,0.47103306713292786,0.4619747416512139,0.4684109389781952,204584000
2014-11-13,0.4700796611446844,0.47079479747533953,0.4622132183410103,0.46602725982666016,225328000
2014-11-14,0.46650391831613963,0.4717482030391693,0.46197474136966277,0.4717482030391693,160248000
2014-11-17,0.4696027934551239,0.4746087180779323,0.46650388908942153,0.4696027934551239,158732000
2014-11-18,0.4698411545235646,0.4819984122482645,0.46864927041167853,0.48080649971961975,207772000
2014-11-19,0.4811655764176918,0.4826019016230227,0.4739840074650739,0.47901108860969543,240300000
2014-11-20,0.47565978836696354,0.48738970359517547,0.4742234628983585,0.4869109094142914,220968000
2014-11-21,0.4912197274861116,0.49193788998893007,0.48547448453759257,0.4895440340042114,198976000
2014-11-24,0.49074099245480274,0.4948105424106493,0.48882593026641685,0.4926561117172241,136004000
2014-11-25,0.4916986065557374,0.4960075828180843,0.4907410752998976,0.49241676926612854,190240000
2014-11-26,0.4895441256436821,0.5012740392867756,0.4893047000485713,0.5007952451705933,219264000
2014-11-28,0.5024707215327433,0.5048645769296868,0.49792237915634646,0.5019919276237488,124832000
2014-12-01,0.4998376805347244,0.5027102738173032,0.49193794912807054,0.4926561117172241,190060000
2014-12-02,0.4921774800255347,0.49552886849800787,0.4876291344848614,0.49337443709373474,245952000
2014-12-03,0.49576820318694864,0.5063011609137534,0.49433187779828347,0.5060617923736572,284424000
2014-12-04,0.5053437835272545,0.507258846579138,0.49816221147159956,0.5015136003494263,185332000
2014-12-05,0.501752726021873,0.5070192324756876,0.5015133575248012,0.5043860077857971,165680000
2014-12-08,0.5036677798830456,0.5086948601136247,0.49385293081388115,0.49792248010635376,226944000
2014-12-09,0.49481037083822316,0.4974436517767243,0.4873894360888466,0.49624669551849365,239448000
2014-12-10,0.49481061084540523,0.4967257303726971,0.4847564473547856,0.48523518443107605,204364000
2014-12-11,0.488107741465225,0.491459128651944,0.4840381917279187,0.4849957227706909,135652000
2014-12-12,0.4785324229699408,0.48284137094861257,0.46943576135652804,0.4699145555496216,323964000
2014-12-15,0.47542025479616035,0.48403817659679377,0.4670417585542599,0.46847808361053467,254696000
2014-12-16,0.46799939710015204,0.475420335044816,0.4629722870916538,0.46321165561676025,185308000
2014-12-17,0.47254779830570925,0.48284138870638127,0.4572270969888642,0.4821232259273529,345596000
2014-12-18,0.4881078439534556,0.4938530884904531,0.4794899486109371,0.4840382933616638,226156000
2014-12-19,0.4873896218186682,0.4907410093004038,0.48284127762257695,0.4888259470462799,325528000
2014-12-22,0.4883472246849472,0.49744391441345215,0.4866715306979164,0.49744391441345215,148976000
2014-12-23,0.5012741281150266,0.5036679849720629,0.4938531319063796,0.4943319261074066,109280000
2014-12-24,0.4955287886531418,0.496246951363533,0.4919380321752312,0.49241676926612854,45644000
2014-12-26,0.49241668988288667,0.4955287087682067,0.4912197902745522,0.4928954839706421,52636000
2014-12-29,0.4914591747900575,0.49552872490941263,0.48906531842137585,0.4921773374080658,82944000
2014-12-30,0.4888260427278349,0.491219899551076,0.48691092302481287,0.48762908577919006,112120000
2014-12-31,0.4883473476921535,0.490980630684239,0.47853252130916174,0.4799688756465912,166300000
2015-01-02,0.48188379406929016,0.485474607492821,0.4742234301484532,0.48188379406929016,113680000
2015-01-05,0.48188385070885514,0.48332017624709,0.4715902604502384,0.4737447202205658,197952000
2015-01-06,0.47446294596245026,0.4749417116930641,0.45890287422681414,0.459381639957428,197764000
2015-01-07,0.46273294611424176,0.46680252544151984,0.4567483042059194,0.4581846296787262,321808000
2015-01-08,0.46345107290842813,0.4782930065196437,0.4632116758358519,0.47542035579681396,283780000
2015-01-09,0.4770961440695046,0.4809263265371572,0.47063270758821263,0.47733551263809204,209540000
2015-01-12,0.4785323888119374,0.4787717858913958,0.467041871201356,0.4713508188724518,190732000
2015-01-13,0.4749417404294603,0.48451716976921405,0.46728140266506335,0.47063279151916504,236720000
2015-01-14,0.4656055376291308,0.47398403523133564,0.4644086094002444,0.472547709941864,155260000
2015-01-15,0.47589918378630397,0.47877180617640347,0.4689569820951215,0.4691963791847229,188932000
2015-01-16,0.46847814061256404,0.4782929631049568,0.4670418153815245,0.4778141975402832,181512000
2015-01-20,0.48116573232430276,0.48379895800459893,0.4732659982093592,0.4792506694793701,140308000
2015-01-21,0.4766174188833642,0.48715040729566056,0.473266001805213,0.4859534502029419,144780000
2015-01-22,0.4869109298987596,0.4957682516364383,0.4818838476211983,0.4943319261074066,159712000
2015-01-23,0.4948106606378525,0.4967257803578615,0.4907411097096509,0.4957682490348816,120416000
2015-01-26,0.4936138093471527,0.4960076664272938,0.49050178943556383,0.4936138093471527,133240000
2015-01-27,0.48595339051859904,0.48643218471169253,0.4689569957004588,0.4699145555496216,357948000
2015-01-28,0.475659836823632,0.47757492813119273,0.46201482909290315,0.46225422620773315,272728000
2015-01-29,0.4624934494789649,0.47613842354374847,0.46033896186641027,0.4735051989555359,235340000
2015-01-30,0.470153940082706,0.47565981665712614,0.4589028183662107,0.45962095260620117,298200000
2015-02-02,0.4624935831175983,0.47159024463496146,0.45339692160023515,0.4696751534938812,259604000
2015-02-03,0.47302652134633305,0.48188381392768137,0.47063266465667625,0.48140501976013184,183468000
2015-02-04,0.47996877487136336,0.48810787659931004,0.4785324208355138,0.48260200023651123,181516000
2015-02-05,0.4830806769055027,0.4907410405579979,0.4826019398484975,0.49050167202949524,140448000
2015-02-06,0.4900230160688248,0.49576831896520324,0.4861928331625916,0.4883473217487335,210524000
2015-02-09,0.4854745718152044,0.4893046964201032,0.48236255276819495,0.48786842823028564,273944000
2015-02-10,0.4883473563770282,0.5017529689623964,0.4861928676381133,0.5015136003494263,226204000
2015-02-11,0.5027102583954569,0.5027102583954569,0.4948105272311464,0.4981619715690613,320832000
2015-02-12,0.5266490714575894,0.5386183568619326,0.5235370515450548,0.5338306427001953,676904000
2015-02-13,0.5326335109473848,0.534787998735826,0.5244944109564326,0.534069836139679,310084000
2015-02-17,0.5331122768542677,0.5383787832562644,0.5297608896321029,0.5357455015182495,203340000
2015-02-18,0.5350274606599089,0.535985049004659,0.5285640532400993,0.5295215845108032,170948000
2015-02-19,0.5362243247194833,0.5371818558244138,0.5285639617319665,0.530957818031311,169432000
2015-02-20,0.5304790347663975,0.5350273213867872,0.526648853606571,0.5347879528999329,157752000
2015-02-23,0.5345486835303866,0.5345486835303866,0.527845850989327,0.5304791331291199,125008000
2015-02-24,0.5325217923924981,0.5361263751983643,0.5277156437888029,0.5361263751983643,149356000
2015-02-25,0.5339636287139857,0.5363667604787542,0.5296381175837946,0.5320411920547485,123820000
2015-02-26,0.532521453134391,0.5366066711155454,0.5291571054201102,0.5334826707839966,152864000
2015-02-27,0.5320411403144458,0.5332427060799794,0.5281962100760712,0.5301187038421631,157492000
2015-03-02,0.5286767872842136,0.5459789427281344,0.5279558593662335,0.5430952310562134,301512000
2015-03-03,0.5390100909993978,0.5416534555615367,0.5313202302628708,0.5330023765563965,160344000
2015-03-04,0.5310798975662818,0.5402115563288664,0.5289171136644303,0.5390100479125977,226840000
2015-03-05,0.5390101216629298,0.5503045658727339,0.5375682655310794,0.5493433475494385,323056000
2015-03-06,0.5462193509850283,0.5488627157263709,0.5414132020223242,0.5418938398361206,257392000
2015-03-09,0.5421341080436979,0.5474208946051474,0.5409325422049905,0.5433356165885925,222388000
2015-03-10,0.5457386797571195,0.5563122526627289,0.5447774614821945,0.5527076125144958,527212000
2015-03-11,0.5527075945312129,0.5599168172993032,0.5483820837878824,0.5498239398002625,262120000
2015-03-12,0.544536983969133,0.5486222032030046,0.5344440523188791,0.5447772741317749,406972000
2015-03-13,0.5421340193914868,0.5469401673727677,0.5346844499148389,0.5454983115196228,359288000
2015-03-16,0.5498238487599935,0.5553509243630662,0.5462192093259026,0.551986575126648,236956000
2015-03-17,0.5507851334505101,0.5589555740974278,0.546940203353782,0.558715283870697,299900000
2015-03-18,0.558715573160757,0.5615992292560386,0.544537411153987,0.5495838522911072,413844000
2015-03-19,0.551505894371344,0.559916622697352,0.547420675285313,0.5579941868782043,310756000
2015-03-20,0.5625601788794311,0.5673663268771204,0.5572733931644515,0.5640019774436951,462084000
2015-03-23,0.5471803738706232,0.5543895947396068,0.5454982280639065,0.5457385182380676,426012000
2015-03-24,0.5440564360401184,0.5479013657452014,0.5358859962254429,0.5382890701293945,330480000
2015-03-25,0.5380488367325634,0.5380488367325634,0.5039251034824561,0.5056073069572449,542552000
2015-03-26,0.49527412283274325,0.5060879287792124,0.4916694826547122,0.5039251446723938,311920000
2015-03-27,0.5068089183966376,0.5157002888577459,0.4986384760587347,0.5137778520584106,318288000
2015-03-30,0.5161807775918441,0.5185838515437302,0.5094521361502814,0.5159404873847961,253252000
2015-03-31,0.5144985693065715,0.5149791496625227,0.5024832010008603,0.5029637813568115,357276000
2015-04-01,0.5048863887786865,0.5065685349923128,0.4962353101844599,0.5048863887786865,330768000
2015-04-02,0.5077701650337768,0.5092120213603704,0.5017625067313999,0.5060880184173584,192204000
2015-04-06,0.5039250729339287,0.5224287943906228,0.498638344483848,0.520746648311615,515864000
2015-04-07,0.5207468620443805,0.5310800902664077,0.5178631491289023,0.5253127217292786,413964000
2015-04-08,0.5257931670626848,0.5310799536161283,0.5207467280529062,0.5291574597358704,366432000
2015-04-09,0.5250722475549752,0.5430953343445899,0.5248319573012165,0.5414131879806519,379432000
2015-04-10,0.5418938279738034,0.5471805573407597,0.539971334054517,0.546940267086029,258728000
2015-04-13,0.5457387131712318,0.5488627157263709,0.5394907080609536,0.5418938398361206,236724000
2015-04-14,0.5397309596819717,0.5418937435189157,0.5320410997909293,0.5373278856277466,220276000
2015-04-15,0.5387698292961571,0.5479014892724332,0.5361264073001762,0.5438162684440613,243560000
2015-04-16,0.5406922937477936,0.5452581526177012,0.5366070727092827,0.5404520034790039,155284000
2015-04-17,0.5291571054201102,0.5387694537974885,0.5289168153311524,0.5334826707839966,293636000
2015-04-20,0.5358861208087251,0.539250413597631,0.5298784060052664,0.5308396816253662,231624000
2015-04-21,0.5373279265539371,0.5373279265539371,0.5274752820755129,0.5301187038421631,230456000
2015-04-22,0.5332427204124335,0.5368473032182997,0.5250722219511029,0.5361263751983643,207420000
2015-04-23,0.5262736993553621,0.5390099967453317,0.5202659859629004,0.5339635014533997,259380000
2015-04-24,0.5337232964533974,0.5339635866934386,0.523390071312093,0.5293977856636047,240960000
2015-04-27,0.5310795980130956,0.5428546717786429,0.5265137425602514,0.5334826707839966,248456000
2015-04-28,0.5325217923924981,0.5380488690161288,0.5274752962529505,0.5361263751983643,234484000
2015-04-29,0.5322814823136994,0.5375682690673238,0.5298784078427456,0.5320411920547485,195156000
2015-04-30,0.5293974528028422,0.5361260336438555,0.5281958877705046,0.5334826707839966,218844000
2015-05-01,0.5378084561524297,0.5483820276312311,0.5354053821424845,0.5466998815536499,256968000
2015-05-04,0.5462193287664401,0.5498239689887494,0.5416534702494524,0.5433356165885925,200720000
2015-05-05,0.5414131570728179,0.5421340850867518,0.5269947113817621,0.5293977856636047,292928000
2015-05-06,0.5322816954366828,0.5373281939519494,0.5241112504227965,0.5310801863670349,316484000
2015-05-07,0.5289172111698403,0.5421341499481662,0.5272350647006779,0.5404520034790039,534564000
2015-05-08,0.5048863279206689,0.524831847141511,0.49239032064705174,0.5005607604980469,1146552000
2015-05-11,0.49359193460628253,0.5008012151870661,0.4897470613549496,0.4957547187805176,544144000
2015-05-12,0.49215003044372874,0.5046459804235445,0.4919096829466043,0.5005607604980469,388800000
2015-05-13,0.5041655998203373,0.5080105310662781,0.49863852189688945,0.5034446716308594,308524000
2015-05-14,0.5048864522181329,0.5142584599806305,0.5036848863181029,0.5116150379180908,293052000
2015-05-15,0.5137777406235523,0.5161808147484205,0.5087313021494712,0.5118553042411804,215824000
2015-05-18,0.5106538674081144,0.5142585081520411,0.5082507926767702,0.5111345052719116,324972000
2015-05-19,0.5118102934027339,0.5135002833334393,0.5069818987524444,0.5079476237297058,253808000
2015-05-20,0.508189026194519,0.5142245482868832,0.5074647612410751,0.5079476237297058,196824000
2015-05-21,0.5081890110486414,0.510361805844216,0.5038434214574925,0.5043262839317322,239692000
2015-05-22,0.505533539931605,0.5074648752018366,0.5023950769482155,0.503602147102356,212592000
2015-05-26,0.5011876908558369,0.5045675546158168,0.49660070000501405,0.5004634261131287,259732000
2015-05-27,0.5038434319215602,0.5296753948703182,0.5021534995651281,0.5272611975669861,432332000
2015-05-28,0.5272610488768033,0.5361935706242174,0.526295381739594,0.5345036387443542,327656000
2015-05-29,0.5345037615923417,0.5378836261288811,0.5335380942331878,0.5342623591423035,335168000
2015-06-01,0.5376422660309993,0.5456091230998513,0.5342624012282149,0.5402978658676147,372660000
2015-06-02,0.5369180164086271,0.5398150763560935,0.529192561588055,0.5296754240989685,224304000
2015-06-03,0.5311240287218882,0.5352281591849607,0.5229157102367281,0.5238814353942871,250788000
2015-06-04,0.5207429720549194,0.5349867561872513,0.5207429720549194,0.5332968235015869,323712000
2015-06-05,0.5316066632571683,0.539814979109949,0.5260540043974918,0.5374007821083069,313320000
2015-06-08,0.5357111266048251,0.5393323951978166,0.519053141423595,0.5250886082649231,342812000
2015-06-09,0.525571497412232,0.5316069645575779,0.5246058295760602,0.5277442932128906,256888000
2015-06-10,0.521467188862748,0.5248470539211513,0.5154316662078767,0.5183287262916565,529460000
2015-06-11,0.5183287747538914,0.5275027032785801,0.5183287747538914,0.5238814353942871,283052000
2015-06-12,0.520501515094531,0.52363997797494,0.5084305261541182,0.5096376538276672,323728000
2015-06-15,0.5069818898672842,0.5110860770512061,0.5031192202619518,0.5086718797683716,306548000
2015-06-16,0.5077060753802923,0.5156729309231772,0.5026362791471818,0.5149486660957336,256892000
2015-06-17,0.5147076028474536,0.5238815916677513,0.5135005323789597,0.5209845304489136,233544000
2015-06-18,0.5253298917367761,0.5330552889983411,0.5238813617630429,0.5296754240989685,299404000
2015-06-19,0.5296753261381488,0.5340208576966567,0.5231570000208887,0.5279853940010071,355656000
2015-06-22,0.5289510279254054,0.5318480871543636,0.5178457109597229,0.525812566280365,514236000
2015-06-23,0.5267784053176359,0.5308825355246004,0.5081890893593807,0.5122932195663452,414064000
2015-06-24,0.5115688999290744,0.5142245573247117,0.5048091703234642,0.50722336769104,253368000
2015-06-25,0.5072232606066364,0.5142244487622252,0.5072232606066364,0.5110859870910645,350460000
2015-06-26,0.5069819286659386,0.5074647911830598,0.4985322663088779,0.5007050037384033,421296000
2015-06-29,0.4949109836783516,0.49998083908543195,0.4850127904819305,0.48573705554008484,391724000
2015-06-30,0.48863396988211616,0.49080676466379763,0.4821156430960741,0.48549550771713257,315916000
2015-07-01,0.49756667404364335,0.5045678074666091,0.4881512852291515,0.4924968183040619,302892000
2015-07-02,0.492255112848231,0.4961178385148771,0.4898409165014498,0.49297937750816345,145764000
2015-07-06,0.48887544197008925,0.49563517137913937,0.48332278243022503,0.4869440495967865,214776000
2015-07-07,0.48404710370270704,0.4859784387417507,0.4625606992085413,0.4777701497077942,594252000
2015-07-08,0.47511450348251577,0.4780115345391432,0.4705275112616451,0.4743902385234833,332492000
2015-07-09,0.48187430559105415,0.48404710066560314,0.4656991588942635,0.4685961902141571,357588000
2015-07-10,0.4746317293783846,0.48115008644405444,0.4734246304817062,0.4768045246601105,216708000
2015-07-13,0.4816329100922546,0.48259857767743447,0.47680451460734097,0.4799429774284363,212472000
2015-07-14,0.480667208975867,0.4811500427347746,0.4739074500126453,0.4801843464374542,249216000
2015-07-15,0.47897729116232857,0.4821157540495941,0.4724589628761665,0.4768045246601105,265732000
2015-07-16,0.4797013938722661,0.48742684721946716,0.4780114617448777,0.48742684721946716,282848000
2015-07-17,0.48573701017330057,0.4862198151276353,0.4782529577910377,0.48452988266944885,220372000
2015-07-20,0.48452984611757655,0.4864612384662378,0.474390223353865,0.4755973219871521,188412000
2015-07-21,0.47463168710009035,0.4845299086829627,0.47463168710009035,0.4777701497077942,149720000
2015-07-22,0.4743902816334494,0.4743902816334494,0.4628021275743699,0.4685961902141571,356472000
2015-07-23,0.4695618438359368,0.48139139930862473,0.468596147630726,0.4743902385234833,169916000
2015-07-24,0.4777701743751758,0.47825300815986554,0.46690628471187656,0.4688376486301422,188844000
2015-07-27,0.4647333743030478,0.47149313195146486,0.4608706762035949,0.4661819040775299,192420000
2015-07-28,0.467389025282743,0.4794600113901404,0.46256063083978405,0.47632157802581787,198308000
2015-07-29,0.47535595670192077,0.4859784434163645,0.4734245928647941,0.4821157157421112,232680000
2015-07-30,0.4809084840847336,0.4881511036679762,0.4809084840847336,0.48332270979881287,190180000
2015-07-31,0.4852541247142711,0.48549552718002353,0.4787357976669177,0.4816328287124634,218340000
2015-08-03,0.48549557301062257,0.4903239681354982,0.4792186766159873,0.48984116315841675,397132000
2015-08-04,0.4881511167321723,0.4932209131627763,0.4862197245974208,0.4917723834514618,260100000
2015-08-05,0.5038434267478817,0.5043262892271915,0.49587656997279217,0.49684229493141174,234628000
2015-08-06,0.4956351470803778,0.49925647162840586,0.4854954959049003,0.49370381236076355,655676000
2015-08-07,0.5422294895791686,0.5641986777269914,0.5282271043393457,0.5547833442687988,1405248000
2015-08-10,0.5509202593282536,0.578200689345735,0.5475403377088279,0.5740965604782104,662304000
2015-08-11,0.5656469365261112,0.5767522553302731,0.5656469365261112,0.5711995959281921,435008000
2015-08-12,0.56202571050121,0.5767522974577431,0.56202571050121,0.5726481676101685,384048000
2015-08-13,0.5733723135968636,0.5745794408327534,0.566371125282089,0.5678196549415588,276884000
2015-08-14,0.5673370848821637,0.5716826760998408,0.563957218974431,0.5683028101921082,214652000
2015-08-17,0.567336891379235,0.567336891379235,0.5576801020456488,0.5646812915802002,273880000
2015-08-18,0.56293590772382,0.5668148882032156,0.5551779467650286,0.5595418214797974,287084000
2015-08-19,0.5588144991276581,0.5651178350698598,0.5512989565190968,0.5573598742485046,249248000
2015-08-20,0.5510565241959239,0.5537232978719563,0.5345708723229753,0.5372377038002014,426932000
2015-08-21,0.5333588117429356,0.5423289226840371,0.5200248255540314,0.5205097198486328,382664000
2015-08-24,0.4914172255649677,0.5292372337295239,0.48487147270608183,0.5020844340324402,682284000
2015-08-25,0.5241461104995256,0.5260856294539478,0.4916597604751587,0.4916597604751587,622684000
2015-08-26,0.5076606159825564,0.5292374000624329,0.5037816351208301,0.5287525057792664,614976000
2015-08-27,0.534328488989011,0.5488746227550311,0.5311768208929202,0.5486322045326233,463764000
2015-08-28,0.548631970840632,0.5544504103084128,0.5447529919283871,0.5510563254356384,320944000
2015-08-31,0.5483897498395557,0.5522687301460957,0.5428137264866283,0.5449956059455872,219352000
2015-09-01,0.5292367565827218,0.5382068564058701,0.5188120334798995,0.5226909518241882,353408000
2015-09-02,0.5369951396485687,0.5386921824185043,0.5280250316641163,0.538449764251709,344044000
2015-09-03,0.5464502894993178,0.5491171212597745,0.5389348040862122,0.5399045348167419,262556000
2015-09-04,0.5306919408327483,0.5391772146570106,0.5270554361946351,0.527297854423523,287972000
2015-09-08,0.5401469611404558,0.5520263217206977,0.5379650814143793,0.5498443841934204,238448000
2015-09-09,0.5515413782860722,0.5561476128820837,0.5377225010944688,0.5389347076416016,289392000
2015-09-10,0.5357831404043912,0.5542082556454968,0.533358784656909,0.5474200248718262,357076000
2015-09-11,0.5413588335239055,0.5527532927926314,0.5391768973444159,0.5491167902946472,301584000
2015-09-14,0.5517836599750081,0.5534807024802286,0.5471773687173095,0.5500866174697876,192460000
2015-09-15,0.5503292525897553,0.5590569444872826,0.5486322094154025,0.5561476945877075,327976000
2015-09-16,0.5551778755289586,0.5631782536782926,0.5510564773613,0.5600265860557556,173508000
2015-09-17,0.5697241311456418,0.574815318768028,0.5639056888069732,0.5651178956031799,268712000
2015-09-18,0.5573598266353806,0.569481603257484,0.5539657407414298,0.5646328926086426,326412000
2015-09-21,0.565360249579829,0.571663585480747,0.5624509998405761,0.5704513788223267,281840000
2015-09-22,0.5580870629901664,0.5619660425410826,0.5520261466041381,0.5549353957176208,228356000
2015-09-23,0.5554202303012186,0.5609962525505255,0.5532383512741027,0.5576021671295166,161632000
2015-09-24,0.5542081365954385,0.5740878725748857,0.545480446219067,0.5682694315910339,382440000
2015-09-25,0.5753000460753521,0.5835429004422521,0.5668148313168836,0.5723908543586731,369692000
2015-09-28,0.5723909069819699,0.5760274114124417,0.5612388598731171,0.5648753643035889,395584000
2015-09-29,0.5709360559559848,0.5757847651436269,0.5629356800162583,0.574815034866333,380736000
2015-09-30,0.5801487156667191,0.5983314082637997,0.576754630003612,0.5976040959358215,556380000
2015-10-01,0.5976042465042629,0.5993012897633923,0.5689968137333368,0.5859673619270325,489296000
2015-10-02,0.582815582617929,0.6012406945228577,0.5767546654460542,0.6012406945228577,386144000
2015-10-05,0.6051198635888161,0.6237873995151336,0.6019681949231926,0.6162719130516052,482024000
2015-10-06,0.6097258013646106,0.626938702038617,0.607301446714701,0.6242719292640686,453216000
2015-10-07,0.6257268201785637,0.6371212861071496,0.6155445031907301,0.6308179497718811,310152000
2015-10-08,0.6281508575895552,0.636151233068963,0.6174836517495653,0.6344541907310486,460068000
2015-10-09,0.6310603409601913,0.6371212588078515,0.6201507697560776,0.6320301294326782,423248000
2015-10-12,0.6327572874805988,0.6424547661165559,0.6281510530449144,0.6388182044029236,227588000
2015-10-13,0.6337271082428861,0.6439093659598693,0.6315451711030223,0.6400304436683655,298444000
2015-10-14,0.6407577586179563,0.6737290636117482,0.6400305039706717,0.663304328918457,612148000
2015-10-15,0.6645164385557735,0.678577734661084,0.6577282665057563,0.6650013327598572,526048000
2015-10-16,0.6671830924401668,0.6817292210776686,0.6654859920780656,0.6754258871078491,448396000
2015-10-19,0.67760785050412,0.6807595176134963,0.6664558065480467,0.674213707447052,294712000
2015-10-20,0.6713047169409665,0.6763958463465577,0.6662135297341785,0.6732441782951355,264824000
2015-10-21,0.6773654779146052,0.681486933841276,0.6633042406512641,0.6645163893699646,386280000
2015-10-22,0.6722744532686676,0.6906995674929276,0.6713047225834323,0.6885176301002502,306884000
2015-10-23,0.6945783824208159,0.6977300497472497,0.6841536499875004,0.6931237578392029,381776000
2015-10-26,0.6936086042412238,0.6953056468692751,0.6836687088182646,0.6899720430374146,247436000
2015-10-27,0.6865780291958029,0.6938510945587509,0.6860931350511322,0.6894872784614563,208268000
2015-10-28,0.6938510270324385,0.6950632333755493,0.6836687133947906,0.6950632333755493,217036000
2015-10-29,0.6839111361172714,0.6909417242758964,0.6698498441976707,0.6710619926452637,327168000
2015-10-30,0.6783352112083111,0.6926389232956855,0.6732440251595604,0.6877901554107666,301160000
2015-11-02,0.6899723251656136,0.6965180802078361,0.685850925983518,0.6957907676696777,190088000
2015-11-03,0.6916693018899733,0.6955482824529282,0.6831840860971322,0.6909419894218445,376768000
2015-11-04,0.6890023111840953,0.6940934390574162,0.6763956427726193,0.6795473098754883,442264000
2015-11-05,0.6829415131958343,0.6848810321027825,0.6698500062289884,0.6717894673347473,478800000
2015-11-06,0.7382168058245099,0.774339711970497,0.7229433638379833,0.7648847103118896,1172272000
2015-11-09,0.7573691267217977,0.7636724603238173,0.7508233171958107,0.761490523815155,492568000
2015-11-10,0.7515509009120601,0.7556723572957357,0.7309439079996553,0.7469446659088135,552260000
2015-11-11,0.7474292498478331,0.7527628532829251,0.7370045189073181,0.7396713495254517,619896000
2015-11-12,0.7379743085066086,0.7447625368603372,0.7338529109852497,0.7370045781135559,291080000
2015-11-13,0.7377319848949019,0.7408836524270768,0.7188219797018525,0.72245854139328,292940000
2015-11-16,0.7319134501991442,0.7374894722106722,0.7260949522384683,0.7370045781135559,344280000
2015-11-17,0.7389440967008412,0.7433079123701682,0.7338529109852497,0.7370045781135559,257048000
2015-11-18,0.7400464830659842,0.7561080532099511,0.7320157270043324,0.7551345825195312,350216000
2015-11-19,0.7578114905052954,0.7648687754166477,0.7517275601796087,0.757324755191803,254072000
2015-11-20,0.7629219797738543,0.7682758363471407,0.7582981971887734,0.7638953924179077,239744000
2015-11-23,0.7702229210514301,0.7702229210514301,0.7497810165586929,0.7524579167366028,242552000
2015-11-24,0.7524578309121523,0.7651123721656036,0.7490508568887384,0.7585417628288269,195428000
2015-11-25,0.7570815627788738,0.7660857326627293,0.7548913404760969,0.7575682401657104,138300000
2015-11-27,0.759028271176979,0.7663289530383721,0.7551345625801036,0.7638953924179077,86996000
2015-11-30,0.7646256006927957,0.7753333157199013,0.7638955265763716,0.7719262838363647,327244000
2015-12-01,0.7787403258041413,0.7977221376727208,0.7780102516537595,0.7969920635223389,409496000
2015-12-02,0.7982085407764037,0.806482634276318,0.7892043733770082,0.7909078598022461,294240000
2015-12-03,0.7972352944159646,0.8055093896404233,0.7853108289332643,0.7892045378684998,246656000
2015-12-04,0.7892045407916831,0.8227877152092299,0.7892045407916831,0.8213275671005249,458756000
2015-12-07,0.8210843141209591,0.8210843141209591,0.8033193123257667,0.8057528734207153,333588000
2015-12-08,0.7957753354671429,0.8201109495710661,0.7906648739115231,0.8167039752006531,314488000
2015-12-09,0.8164604996987866,0.8213276217042693,0.787744445054036,0.7960185408592224,372676000
2015-12-10,0.7984520130177563,0.8069695045899404,0.7957751136188022,0.8025891184806824,236596000
2015-12-11,0.79455844162036,0.8001556376649539,0.7889612455757662,0.7906647324562073,227320000
2015-12-14,0.7913947284021973,0.7969919238940798,0.7831205754876768,0.7926114797592163,275892000
2015-12-15,0.801615619115864,0.8079428883969048,0.7972352331631924,0.8023456931114197,307296000
2015-12-16,0.8040494917450054,0.8098900859756956,0.7969922037507298,0.8072131276130676,236356000
2015-12-17,0.8084295096557358,0.8167036030769165,0.7945582217388966,0.7950448989868164,254160000
2015-12-18,0.7894479716982218,0.7974787292136396,0.7811738754764804,0.7821472883224487,395896000
2015-12-21,0.7906647290249812,0.8013723856644308,0.7836073848218729,0.8006423115730286,284216000
2015-12-22,0.8030758957892526,0.8094031660841547,0.796505286797061,0.8013724088668823,130012000
2015-12-23,0.8025892189765544,0.8076996797473703,0.8011290707504151,0.8045360445976257,122524000
2015-12-24,0.8021026656818987,0.8091600116968594,0.8008858558769433,0.8072131276130676,52448000
2015-12-28,0.7986954321519133,0.8064827919006348,0.7875010408661685,0.8064827919006348,142024000
2015-12-29,0.8069695856715572,0.8220576869339628,0.8047793633865297,0.819624125957489,203660000
2015-12-30,0.8188940271542032,0.825951371179239,0.8123234185180443,0.8125667572021484,180344000
2015-12-31,0.8113502540485692,0.8150005675098657,0.8021026849746704,0.8021026849746704,148528000
2016-01-04,0.7857977557677424,0.7928550432854081,0.7797138231952101,0.7877445816993713,358076000
2016-01-05,0.8025889289375399,0.8137833172649592,0.7909078053704128,0.8003987073898315,490272000
2016-01-06,0.7872577388782703,0.7909081095282663,0.7582983444641046,0.7673025727272034,449344000
2016-01-07,0.7480773790701731,0.7531878980785782,0.7271487416623119,0.7368830442428589,645304000
2016-01-08,0.7463739514590169,0.7471040256611626,0.7196047767894952,0.7210649251937866,398472000
2016-01-11,0.721794957381604,0.7273921539251332,0.7093837546882379,0.7222816348075867,409372000
2016-01-12,0.7351793413746927,0.7451569805207185,0.7293388074969346,0.7344492673873901,469356000
2016-01-13,0.7400465517841603,0.744913731626219,0.7113305562462273,0.7120606303215027,481672000
2016-01-14,0.6974591899512034,0.7057333432637843,0.6770172904003972,0.6977025866508484,600236000
2016-01-15,0.6697166583457053,0.6777474155642084,0.6483012864228065,0.6597390174865723,841452000
2016-01-19,0.6733667401563299,0.6923485445397494,0.6624156902396414,0.6650926470756531,457140000
2016-01-20,0.6524383398778568,0.6772606858551595,0.6436775084728869,0.6687431931495667,481180000
2016-01-21,0.6760439222040968,0.6869949177482587,0.6621725722164626,0.6765305995941162,481456000
2016-01-22,0.6894284818121055,0.6969725615975118,0.6879683335942416,0.6923487782478333,257996000
2016-01-25,0.6921054163505079,0.7001361732588751,0.6901585327850637,0.6916186809539795,270728000
2016-01-26,0.693078884260319,0.7013529805148558,0.6860215395628968,0.6984326839447021,227944000
2016-01-27,0.6974592891694684,0.6996495116538431,0.6770173867106644,0.6901586055755615,231700000
2016-01-28,0.6957556011504986,0.6981891616454866,0.6692297743489324,0.6826143860816956,276776000
2016-01-29,0.688455288443784,0.7142510551125592,0.6857783878715852,0.7127909064292908,310504000
2016-02-01,0.7120605615046157,0.7166842861736095,0.7059766308055238,0.7130339741706848,289884000
2016-02-02,0.7057334526284266,0.7093837654614348,0.6779908082024525,0.6828579306602478,341908000
2016-02-03,0.6882116964813277,0.6923487442148007,0.6704466960854721,0.6862648129463196,326772000
2016-02-04,0.6872381350623854,0.702082895228829,0.6796941146634786,0.6865081191062927,348140000
2016-02-05,0.6818843094762232,0.6894283295751157,0.641243797149565,0.6431906223297119,600428000
2016-02-08,0.6334565639565044,0.6366201993065244,0.6047405070934551,0.6137447357177734,608852000
2016-02-09,0.6064440210650356,0.6461110722430887,0.603523724577553,0.6203153133392334,425372000
2016-02-10,0.6242090360243858,0.6422173766946141,0.6154482043948853,0.6188551783561707,335800000
2016-02-11,0.6030368848533689,0.6220186926975221,0.6030368848533689,0.6156914234161377,340144000
2016-02-12,0.6254258386789576,0.6273727225449746,0.6023069771570011,0.6261559128761292,340816000
2016-02-16,0.6351598631093768,0.6577920393113958,0.6332130379409265,0.6568185687065125,485352000
2016-02-17,0.6650928412869919,0.6794508680741644,0.6624158836692916,0.6731235980987549,771468000
2016-02-18,0.7283654261088046,0.7539178426988796,0.727635352090174,0.7310423254966736,1068660000
2016-02-19,0.7271487632698933,0.7473473851545828,0.7215515666795757,0.7407767176628113,525628000
2016-02-22,0.751484426942229,0.775576700142567,0.7500242786232978,0.7670592069625854,449668000
2016-02-23,0.7609753159216134,0.7763067568850687,0.757324945206184,0.769006073474884,369380000
2016-02-24,0.7658425057628666,0.7755767511686004,0.7446704697867843,0.774359941482544,336852000
2016-02-25,0.7772800728433094,0.7799569723538177,0.7621919724681409,0.7760632634162903,349616000
2016-02-26,0.7797138324292733,0.7816606583839583,0.763165579731724,0.7709529995918274,361964000
2016-02-29,0.7720518886114577,0.7820658215093339,0.7654573417536318,0.7659457921981812,323344000
2016-03-01,0.7678998663237397,0.799895703792572,0.7666786235929628,0.799895703792572,348700000
2016-03-02,0.7954992490624745,0.8074671591926926,0.7940337811719083,0.8045362234115601,233812000
2016-03-03,0.8035593232802828,0.8069787097881839,0.786706557764409,0.7974532842636108,302004000
2016-03-04,0.8035592105963526,0.8042919444927307,0.7889046491328933,0.7950107455253601,175304000
2016-03-07,0.7906145595449429,0.795987923518563,0.7796236063091048,0.7898818254470825,239968000
2016-03-08,0.7818216517752784,0.7864622807201638,0.7730289025967791,0.7754713296890259,274940000
2016-03-09,0.7823102711475959,0.7835314557504333,0.7649689955772099,0.7749829888343811,222788000
2016-03-10,0.7796235034403017,0.7840199074473724,0.7581301668459314,0.7737616896629333,286084000
2016-03-11,0.7852410738210193,0.7871950505230416,0.7759598737406009,0.7869507670402527,277400000
2016-03-14,0.7832870198763686,0.7920797679345607,0.7796233505887687,0.78890460729599,190312000
2016-03-15,0.7847525227511482,0.7898816017515414,0.7710749205180489,0.784996747970581,226216000
2016-03-16,0.779134959145901,0.81113079316192,0.7754712895809914,0.808444082736969,363644000
2016-03-17,0.8055132986680817,0.8094211356807952,0.7906144516868907,0.8016054034233093,353680000
2016-03-18,0.8111309530091002,0.8365321868140281,0.8060018146074426,0.8257855176925659,545512000
2016-03-21,0.8184581686244001,0.8284721028720766,0.8096654188847544,0.8282278776168823,337780000
2016-03-22,0.8255413723039615,0.8326243718239374,0.8165043374657989,0.8267625570297241,242012000
2016-03-23,0.8304259345652399,0.8470344136587517,0.8267622652169366,0.8409283757209778,429008000
2016-03-24,0.8333569844714593,0.8436152025400157,0.8306703318807669,0.8421497344970703,244956000
2016-03-28,0.8406842401585631,0.8543618444114661,0.8397072809045113,0.8506982326507568,265388000
2016-03-29,0.8470344971867275,0.8663296884490868,0.8450805788296514,0.8643757700920105,261812000
2016-03-30,0.8675507375004898,0.8853804569002744,0.8670622289042053,0.873412549495697,376700000
2016-03-31,0.8773207049673842,0.879274623470609,0.8633988754937452,0.8702376484870911,379884000
2016-04-01,0.8648642581674617,0.8834267745270116,0.8582697106355464,0.8829382658004761,348292000
2016-04-04,0.8902655131446441,0.89490614205646,0.8709703217837772,0.8743897080421448,393940000
2016-04-05,0.8665740399219256,0.8812286034461736,0.8631545951806205,0.8731685876846313,339568000
2016-04-06,0.8621775726679356,0.874878216749935,0.8458133170897008,0.8743897080421448,453376000
2016-04-07,0.8687720763064835,0.8765878658461951,0.861689078907675,0.8653526902198792,378104000
2016-04-08,0.8724357766501075,0.8780533646615818,0.8624217850303211,0.8709703087806702,255936000
2016-04-11,0.8760995032180848,0.8907541256061391,0.873412850592438,0.8763437867164612,387524000
2016-04-12,0.8792745243405354,0.8804957669414113,0.8582696407547097,0.8753666877746582,292764000
2016-04-13,0.8792746339350456,0.8975928676070382,0.8792746339350456,0.8973486423492432,350716000
2016-04-14,0.8949060295288196,0.9036987775390399,0.8912423602612081,0.89979088306427,416564000
2016-04-15,0.8995467202150399,0.9149340157415838,0.8966157845977737,0.9068740010261536,436972000
2016-04-18,0.9051645227491653,0.9051645227491653,0.8941735698087991,0.902966320514679,307320000
2016-04-19,0.9063854807679512,0.9080951737788333,0.8812284778146058,0.8868460655212402,309152000
2016-04-20,0.8853806108983913,0.8956388273482914,0.8844036517679369,0.8902654647827148,200172000
2016-04-21,0.8905098484364498,0.8946620273856786,0.8853807684150193,0.8892886638641357,178280000
2016-04-22,0.8922196473702031,0.8983256870200207,0.8829383879068718,0.8858693242073059,223540000
2016-04-25,0.886113344804245,0.8951503186670384,0.8836709178620832,0.8902654647827148,191972000
2016-04-26,0.895639052928051,0.9058972719616332,0.887090527361388,0.8909984230995178,214536000
2016-04-27,0.8888000280731192,0.9117588887184892,0.8870903349769832,0.9112703800201416,352396000
2016-04-28,0.9056526565148899,0.9110260184644486,0.881961123715192,0.8841592669487,381224000
2016-04-29,0.8804958740381973,0.8824497925587956,0.8582697451480793,0.8677952289581299,321904000
2016-05-02,0.876099445523471,0.88464796983421,0.8719473251092461,0.8792746067047119,256076000
2016-05-03,0.8692607174483341,0.8729243293188022,0.8612007014548314,0.8687722086906433,224024000
2016-05-04,0.858269853724368,0.8590025878203026,0.840195901310162,0.8489886522293091,525764000
2016-05-05,0.85607166842258,0.8641316848574562,0.8477673684794509,0.8541176915168762,246884000
2016-05-06,0.8526519952147377,0.8651084126798984,0.850942302274823,0.8629102110862732,183240000
2016-05-09,0.8651088359092935,0.8687724487922701,0.8546063896889098,0.8616894483566284,333336000
2016-05-10,0.8670623916327865,0.8797630351994021,0.858758151561716,0.8782975673675537,269676000
2016-05-11,0.880984329975636,0.8905097549826457,0.876099417502837,0.8807400465011597,328176000
2016-05-12,0.8870904427391659,0.8909983381045098,0.8531406854613287,0.8687722086906433,670540000
2016-05-13,0.9571879077948917,1.0013958715093194,0.9525473378607052,1.0009074211120605,2110256000
2016-05-16,0.993335693358463,1.0453594953779528,0.9901605333731993,1.0304605960845947,973032000
2016-05-17,1.0258204025773434,1.0399865159237545,1.0126313067412136,1.0326592922210693,628392000
2016-05-18,1.025820020406911,1.0710050544175898,1.025820020406911,1.0590370893478394,541072000
2016-05-19,1.0548852187188118,1.0712495910080002,1.0534198672695017,1.0636780261993408,398880000
2016-05-20,1.0702724452242713,1.087125265975473,1.0685627522743346,1.0827288627624512,391084000
2016-05-23,1.08736985648103,1.0915219194125443,1.0778443712181867,1.0844389200210571,413636000
2016-05-24,1.087744413233203,1.1141912168930224,1.084805866519163,1.1107628345489502,415788000
2016-05-25,1.1141915200943233,1.1188440840966782,1.09729493027385,1.1061105728149414,458076000
2016-05-26,1.1080696467219504,1.1259456758451567,1.1048862394767254,1.117864727973938,309964000
2016-05-27,1.1190889428671327,1.1257006156954985,1.1154157004773841,1.1239864826202393,277416000
2016-05-31,1.128883643039869,1.1465148035798476,1.128148948102172,1.1440659761428833,412524000
2016-06-01,1.1386791664094449,1.1572897718193045,1.1352509000646434,1.1462703943252563,387132000
2016-06-02,1.1523918871777936,1.1641460731496478,1.14112753679912,1.154350996017456,329208000
2016-06-03,1.1430872119736148,1.1445563691814507,1.118109671175001,1.1381895542144775,461076000
2016-06-06,1.1411279428797794,1.149943585495796,1.1264353219529901,1.1323124170303345,322512000
2016-06-07,1.1391685607566353,1.1455353726588084,1.1340261627048491,1.1345158815383911,193400000
2016-06-08,1.1347610285216108,1.1389239899612733,1.121537682532717,1.1308430433273315,234616000
2016-06-09,1.126925260400931,1.161942624255449,1.1244764316400537,1.1602284908294678,472168000
2016-06-10,1.1465149687266782,1.1567997652037303,1.1298632433497147,1.131332516670227,400024000
2016-06-13,1.132557216893345,1.1680644114550145,1.132557216893345,1.1457805633544922,475588000
2016-06-14,1.1430867273648777,1.1533715240590416,1.1303531028293194,1.147984266281128,298344000
2016-06-15,1.1575344506516034,1.169778239198996,1.1448008264904102,1.159738302230835,301036000
2016-06-16,1.1511675792654896,1.1663499136473883,1.1399032289929425,1.1643909215927124,246456000
2016-06-17,1.165860096619094,1.1661049560094865,1.1394132974258662,1.1440659761428833,471000000
2016-06-20,1.1624320449981447,1.1795733731373041,1.161697349925586,1.1646358966827393,293768000
2016-06-21,1.1695334095238765,1.1727168156451486,1.1558202305528051,1.1575344800949097,212508000
2016-06-22,1.1599833225112952,1.1675745495292795,1.154596064144705,1.1565550565719604,202620000
2016-06-23,1.167574386447173,1.1886338148234115,1.166839691410477,1.1874094009399414,297880000
2016-06-24,1.1386785504363581,1.1597379728526416,1.1092933261484978,1.1198229789733887,1017684000
2016-06-27,1.1105182543825065,1.1190890372481992,1.0914178127045422,1.107824683189392,449088000
2016-06-28,1.1288840223733456,1.1301083197367037,1.1085591681763467,1.1239864826202393,381920000
2016-06-29,1.1337812031061005,1.1511675045924208,1.1308426568314378,1.1423518657684326,318932000
2016-06-30,1.1443112204975976,1.1582692613443535,1.1350059766996519,1.151167869567871,430940000
2016-07-01,1.1448006897316487,1.1597381636876314,1.1386787378060181,1.14259672164917,218488000
2016-07-05,1.136230399988493,1.1614527967437718,1.1271700146591792,1.1594938039779663,371084000
2016-07-06,1.1514125238840942,1.1736963666672333,1.1455354305186172,1.1668397188186646,273104000
2016-07-07,1.1746757690988994,1.2013674311043825,1.1692885115200595,1.1972044706344604,395400000
2016-07-08,1.2099381865169005,1.2510776084283262,1.2052855068503379,1.245200514793396,481932000
2016-07-11,1.2630764054177557,1.2831562786125434,1.2616071321636821,1.2738510370254517,448776000
2016-07-12,1.2880535698183524,1.3047051729681531,1.271891568592784,1.2929511070251465,436760000
2016-07-13,1.2954000607026075,1.3027464262767225,1.2905025225753706,1.2924615144729614,324604000
2016-07-14,1.2993185852006999,1.3174394705072332,1.288543951098667,1.30568528175354,316892000
2016-07-15,1.2890332750737559,1.296379640793844,1.2694431221755502,1.2905025482177734,428616000
2016-07-18,1.3064202112675072,1.3083792041556563,1.2922173084869144,1.2971148490905762,252992000
2016-07-19,1.2963798587273598,1.3157251554814406,1.2939310308201526,1.3105827569961548,382652000
2016-07-20,1.3149902380163463,1.334825367057349,1.3096029810047212,1.3277238607406616,296460000
2016-07-21,1.3247859980885488,1.328948960268385,1.298829020453262,1.3032368421554565,361308000
2016-07-22,1.3078892929394572,1.338743805885315,1.2983390726506725,1.338743805885315,315768000
2016-07-25,1.3468245474714184,1.366659563466654,1.3409474537988106,1.3634761571884155,312528000
2016-07-26,1.3754754959582776,1.3938412424339988,1.3735165032404058,1.3867398500442505,514508000
2016-07-27,1.3987384842036368,1.4011873121534673,1.3644557102718144,1.37278151512146,446676000
2016-07-28,1.3759651220048394,1.3860050611765193,1.3715573011124333,1.3757202625274658,221916000
2016-07-29,1.3808622511218354,1.4019216778772354,1.356129699765262,1.398248553276062,409588000
2016-08-01,1.4041257630196837,1.4092681612430111,1.3801277878776206,1.3891881704330444,301120000
2016-08-02,1.3957997021115083,1.3965343970792437,1.3590682231874083,1.3722915649414062,282748000
2016-08-03,1.3705775033927214,1.378658447857406,1.3629862777542208,1.3759647607803345,299828000
2016-08-04,1.3825766961629984,1.4077990887950858,1.3798831253378077,1.4014322757720947,272712000
2016-08-05,1.4175938589080943,1.425919662562527,1.4107373284593292,1.4251850843429565,371588000
2016-08-08,1.444775665141294,1.4482039313790778,1.423226396265851,1.4384088516235352,305064000
2016-08-09,1.4455099553888904,1.4560397282484028,1.4384085648502118,1.4420816898345947,372344000
2016-08-10,1.4548153153564516,1.4570191669953265,1.4281236524270027,1.4327763319015503,375740000
2016-08-11,1.4403677724872712,1.4680388772569146,1.4374292253536434,1.4619169235229492,681064000
2016-08-12,1.5157896248541591,1.552031386389438,1.4846902612272814,1.5437055826187134,1425744000
2016-08-15,1.5454198534813457,1.554970071922514,1.5214218776625028,1.5422364473342896,573304000
2016-08-16,1.5400327189780159,1.5424814302590464,1.528278647942663,1.5329313278198242,287652000
2016-08-17,1.5329314342266924,1.5363597003180338,1.4854251943516923,1.4974241256713867,595212000
2016-08-18,1.495219740166217,1.523135694639454,1.4893426479543717,1.5206869840621948,331684000
2016-08-19,1.5199528324160927,1.5361147250087592,1.5133411596978705,1.5246055126190186,291560000
2016-08-22,1.5292578712505107,1.5331759722237632,1.5111369899529963,1.5309720039367676,244748000
2016-08-23,1.5465503400491676,1.5534195058827325,1.538945125315317,1.5433610677719116,339764000
2016-08-24,1.5487587044567457,1.5494946365343603,1.5124500313812472,1.5195645093917847,298448000
2016-08-25,1.5200552852883737,1.5207912173841582,1.4906158957857556,1.509506106376648,406032000
2016-08-26,1.5134312370378769,1.5303588429167936,1.501410078473622,1.5217723846435547,300024000
2016-08-29,1.527905767941463,1.5340388861724703,1.5183379490852056,1.5207911729812622,274652000
2016-08-30,1.518828600980638,1.5269244388692103,1.5077888007722695,1.511959433555603,285544000
2016-08-31,1.5149032217944178,1.5190737371167737,1.5004288395368162,1.5048446655273438,388544000
2016-09-01,1.5060714519858278,1.5548917881681916,1.5048447815686592,1.549249291419983,428492000
2016-09-02,1.5524382452316894,1.5541555366700663,1.516620318680735,1.5340385437011719,323148000
2016-09-06,1.5394359756160798,1.5485130548477173,1.5315854496713424,1.5485130548477173,306812000
2016-09-07,1.5436061926213809,1.55121140643986,1.5168654644242432,1.5256972312927246,397988000
2016-09-08,1.5242256616790637,1.5391907827415685,1.5068074338550408,1.5367374420166016,315808000
2016-09-09,1.5198093929763818,1.5283958490499414,1.4474375004086937,1.4601945877075195,697760000
2016-09-12,1.4408138942442281,1.4933141161077,1.4062225194257012,1.4903701543807983,598260000
2016-09-13,1.4866900754191412,1.5038631053645628,1.4604399677590922,1.4687811136245728,471768000
2016-09-14,1.4722159302231606,1.4866903117256587,1.4599495785824579,1.4817837476730347,319048000
2016-09-15,1.4842373224133916,1.5396815166557023,1.4808026217509915,1.5379642248153687,515212000
2016-09-16,1.543361030163187,1.551702176612359,1.5239800863324007,1.541643738746643,902444000
2016-09-19,1.5578358406738348,1.6010136826107153,1.550721362408992,1.5620064735412598,417128000
2016-09-20,1.5799152127554779,1.5799152127554779,1.539190717692266,1.5477771759033203,331112000
2016-09-21,1.5524381093261879,1.5941439554329144,1.5521927987109958,1.5911999940872192,336212000
2016-09-22,1.600523217502749,1.6054297829532314,1.5860488318765642,1.5951259136199951,308732000
2016-09-23,1.5970884768489177,1.6017496141355347,1.5862939871231663,1.593408465385437,276132000
2016-09-26,1.5752541350376703,1.58482195396183,1.5585718380845504,1.5784434080123901,230040000
2016-09-27,1.5723102029685423,1.6348689932174267,1.5715742708748808,1.6324156522750854,402752000
2016-09-28,1.6348686967656143,1.6395299501254468,1.6174503535750222,1.638303279876709,319788000
2016-09-29,1.6356048225571933,1.658665781435846,1.620394507408136,1.653513789176941,336684000
2016-09-30,1.6625912267447558,1.697427922292051,1.6527780961362843,1.6809909343719482,429932000
2016-10-03,1.6809907757551872,1.7052782892666682,1.6763295216087333,1.6792733669281006,242596000
2016-10-04,1.6817269700407853,1.7099396930312767,1.6630819505479897,1.6755937337875366,281624000
2016-10-05,1.6898227718763659,1.7069958096104134,1.6687245285365784,1.673876404762268,305440000
2016-10-06,1.6537589651579856,1.6640627141442286,1.6255461352958243,1.6520416736602783,360212000
2016-10-07,1.6630815694784231,1.6674975126067269,1.6353594743061228,1.640020728111267,286260000
2016-10-10,1.648606911771793,1.6574387965555106,1.630697948550133,1.6461536884307861,287876000
2016-10-11,1.6407567146849098,1.6432099383416832,1.6098452309448377,1.6223570108413696,388540000
2016-10-12,1.6157329944648269,1.6383032113783882,1.602239973238003,1.6297167539596558,419920000
2016-10-13,1.6105815611106489,1.614261455729119,1.5627424631435733,1.6032216548919678,390116000
2016-10-14,1.6228476767514617,1.6338874759644741,1.6093546538142929,1.618922472000122,330636000
2016-10-17,1.6186767850286616,1.6338870961312837,1.6073916777648787,1.6095995903015137,195328000
2016-10-18,1.6319248298909828,1.6434552501437334,1.6253009739368862,1.634132742881775,269372000
2016-10-19,1.6230929865550066,1.6383033000891842,1.614751722346051,1.6306980848312378,199060000
2016-10-20,1.6498335627705234,1.66700659388493,1.6265274148839821,1.6616092920303345,312084000
2016-10-21,1.6557218959858333,1.6598924117445835,1.6412475122136623,1.6569485664367676,279508000
2016-10-24,1.668233386388538,1.736679971269888,1.6679879587557522,1.7347173690795898,339836000
2016-10-25,1.731773734022629,1.7737249047952508,1.7234325854039223,1.7631757259368896,397460000
2016-10-26,1.7484557310679318,1.789670962672255,1.7467384394995613,1.7702900171279907,333792000
2016-10-27,1.7837834288846415,1.7872180127720476,1.7268672500701079,1.733981728553772,388664000
2016-10-28,1.7423226064863366,1.768818028848985,1.7278482250522234,1.7310374975204468,290856000
2016-10-31,1.7366802630889278,1.7572878820040931,1.735698903338022,1.7457574605941772,252388000
2016-11-01,1.7521358113120602,1.7617036291359283,1.6753479580561519,1.6939929723739624,473224000
2016-11-02,1.7069953181928479,1.7300561576966462,1.6839343617073343,1.6868783235549927,295848000
2016-11-03,1.6947289671433494,1.6962009481693696,1.6348688343515114,1.6672521829605103,309664000
2016-11-04,1.6562123451801398,1.6861424693697955,1.6333968152808245,1.657684326171875,328780000
2016-11-07,1.7062595205352458,1.7594958013455235,1.7050328500877736,1.7484560012817383,487580000
2016-11-08,1.7550798518099882,1.7607224656596654,1.72956578508549,1.7457574605941772,429884000
2016-11-09,1.6984090433587076,1.739378971843485,1.6858973787683418,1.7163180112838745,456532000
2016-11-10,1.753853725063038,1.7540990358150157,1.637813316690777,1.6625914573669434,869280000
2016-11-11,1.9506064601897126,2.1777805054864787,1.9258282121825714,2.158154249191284,2175344000
2016-11-14,2.161097916269682,2.1635512564628163,2.0514362300266358,2.051926851272583,1348796000
2016-11-15,2.06787414289019,2.1453979541713646,2.059042254095704,2.1144866943359375,626092000
2016-11-16,2.1426989409100865,2.2707602470224773,2.1184114276166883,2.2479448318481445,987984000
2016-11-17,2.264626445821516,2.325467924544283,2.223901841606125,2.2665891647338867,832988000
2016-11-18,2.2665904933630117,2.314184056761592,2.252116105544444,2.2903873920440674,576060000
2016-11-21,2.30829478291267,2.314673326292185,2.2668341339641387,2.2810633182525635,436436000
2016-11-22,2.2889143905639022,2.2997087617426835,2.2663441715803136,2.2975008487701416,330368000
2016-11-23,2.3026600714941803,2.340251484170596,2.279319148347,2.308802604675293,443236000
2016-11-25,2.319859412539915,2.3365666845024604,2.295043948229335,2.3134713172912598,195564000
2016-11-28,2.3063471962145554,2.3277227110683216,2.2997133026256678,2.312243938446045,278736000
2016-11-29,2.3095400347940123,2.32035080187136,2.27342291577493,2.2911128997802734,444568000
2016-11-30,2.2997120715084702,2.3134712074541426,2.26285780376182,2.265314817428589,440500000
2016-12-01,2.262857217753215,2.264577080011819,2.0827623334021794,2.1532769203186035,1035524000
2016-12-02,2.119125782171951,2.181778224719029,2.0913621838483203,2.1731789112091064,478292000
2016-12-05,2.211016192752038,2.2753885067965265,2.186692316508916,2.2574527263641357,602284000
2016-12-06,2.2655602229991154,2.302906078371623,2.2498356646482547,2.2945523262023926,498796000
2016-12-07,2.281038750425304,2.3414797235586287,2.2628571823235455,2.3358287811279297,480804000
2016-12-08,2.3387775051212305,2.373911905852081,2.286198684399109,2.2967634201049805,381544000
2016-12-09,2.314454401134013,2.316174264196134,2.2287065745437715,2.25597882270813,382312000
2016-12-12,2.20757689978255,2.2100339142639776,2.1508211774188353,2.201188802719116,601332000
2016-12-13,2.21347349404426,2.2675266374825953,2.2124907820423685,2.240008592605591,387796000
2016-12-14,2.2736682631540224,2.3859513941350627,2.249835746838614,2.3697354793548584,983980000
2016-12-15,2.3807915868928013,2.455483300837601,2.3734207803954064,2.425262689590454,746548000
2016-12-16,2.4527807475290047,2.4741562526166447,2.4011846280476785,2.467031240463257,1089528000
2016-12-19,2.449586231202775,2.5171524559866914,2.432387372612536,2.4970054626464844,744656000
2016-12-20,2.569486887601792,2.6075696734574136,2.5581847619765443,2.5839829444885254,848056000
2016-12-21,2.5955305123173873,2.6031471160030972,2.5481112613823114,2.600198745727539,576136000
2016-12-22,2.6245221021307383,2.674889713311406,2.6173968558575456,2.6316473484039307,718612000
2016-12-23,2.613711616996015,2.698722522603777,2.61100904212093,2.6972482204437256,647692000
2016-12-27,2.753266361105111,2.8834850290922804,2.7326277759716815,2.882502317428589,1194272000
2016-12-28,2.938521353301721,2.946629311657116,2.67046737166029,2.6842262744903564,2295764000
2016-12-29,2.577347975933058,2.73926154845035,2.52575186677449,2.7377872467041016,2175368000
2016-12-30,2.735822300260313,2.7498269977219594,2.611745915318899,2.622556447982788,1212932000
2017-01-03,2.5650637840114445,2.613465975330692,2.441724540764207,2.506342649459839,1501996000
2017-01-04,2.540494504690119,2.592090629934235,2.4945493245030756,2.5648183822631836,1199220000
2017-01-05,2.5682568602385247,2.5999515304971266,2.4827546375756597,2.4997076988220215,984296000
2017-01-06,2.526981196193388,2.561378691602805,2.4864413996779664,2.533123731613159,822856000
2017-01-09,2.542951140887124,2.6535141830314055,2.542951140887124,2.635823965072632,916248000
2017-01-10,2.6488456349308342,2.6827515305072924,2.595283865860237,2.615922451019287,880920000
2017-01-11,2.6043752470447896,2.6092890405852636,2.558921426648245,2.5837366580963135,525664000
2017-01-12,2.5608868064079657,2.572434489434211,2.4967600620348613,2.5414767265319824,625616000
2017-01-13,2.54540827504514,2.5798057696602306,2.53214072688409,2.541231632232666,457820000
2017-01-17,2.530666575695765,2.5355803694425796,2.4709624937796257,2.4842300415039062,580612000
2017-01-18,2.4628537899342167,2.5363167532958975,2.4350901958688116,2.529437303543091,654424000
2017-01-19,2.5323863323139486,2.615677136207501,2.5301751135050483,2.5837366580963135,644872000
2017-01-20,2.606340155250578,2.6240303708504813,2.5336143381763945,2.555481195449829,492024000
2017-01-23,2.5503215535791326,2.6019176631777796,2.5478645401902225,2.5820162296295166,369904000
2017-01-24,2.5920900733022596,2.6431948316079734,2.5773482259780294,2.637052297592163,428052000
2017-01-25,2.6793127831558885,2.6854553190874983,2.612483679279243,2.64835524559021,522760000
2017-01-26,2.651057085972964,2.7014246950819745,2.621573624615035,2.694053888320923,458800000
2017-01-27,2.700933411559871,2.7490898033619673,2.6743983190582767,2.7461414337158203,471996000
2017-01-30,2.725257445228101,2.7274686640139563,2.651303107577325,2.7031447887420654,496004000
2017-01-31,2.6768546648240745,2.7038811064701336,2.6584273005556525,2.6825056076049805,362756000
2017-02-01,2.7169039099491226,2.8038802408140517,2.6992139239274264,2.799703598022461,590004000
2017-02-02,2.78373292272414,2.8436827945949004,2.7532667480447266,2.835083246231079,483240000
2017-02-03,2.8365569754817312,2.8476133011175273,2.7984742062438137,2.810267448425293,372744000
2017-02-06,2.8009311431123143,2.882747863702912,2.8009311431123143,2.882256507873535,506768000
2017-02-07,2.9164086093953348,2.9709530974774574,2.896752967567473,2.926973581314087,746224000
2017-02-08,2.90903761841703,2.9313958334310657,2.8594069267720092,2.9141972064971924,449580000
2017-02-09,2.9203392845852076,2.9252533115153407,2.8402426607218634,2.8594067096710205,842568000
2017-02-10,2.9466286283567795,2.9655471153610704,2.766533723446944,2.7915947437286377,1651092000
2017-02-13,2.785944802779334,2.8004408597088513,2.658428660832714,2.662851333618164,1180724000
2017-02-14,2.653268389863246,2.706338809464525,2.611500093018377,2.6726784706115723,850632000
2017-02-15,2.6756264023265057,2.6977388197011334,2.6476170122794755,2.6780831813812256,373020000
2017-02-16,2.6876663282528117,2.6888948353431243,2.5960217612766625,2.635087490081787,647176000
2017-02-17,2.621573406001097,2.6390178268547433,2.574645526248158,2.6345951557159424,563740000
2017-02-21,2.65916494600546,2.732873713849054,2.6589191509198424,2.728942632675171,551952000
2017-02-22,2.7409969128497185,2.7503451603460376,2.705817932090532,2.7247605323791504,433772000
2017-02-23,2.595361682052486,2.61725614007072,2.4521863363258594,2.4721126556396484,1592888000
2017-02-24,2.3879782029756456,2.5092590676893565,2.354275388339651,2.4959747791290283,1029904000
2017-02-27,2.514179555034169,2.583553095169672,2.498435150591279,2.568546772003174,715400000
2017-02-28,2.578140256258735,2.587980711899274,2.4792460700869423,2.4964663982391357,625360000
2017-03-01,2.5532950780680457,2.567563558672313,2.4873655854433303,2.5286946296691895,504804000
2017-03-02,2.5159015213459726,2.5299238921772216,2.4327514829039636,2.435457468032837,754332000
2017-03-03,2.4248789450449957,2.4297989384152845,2.3670674393307665,2.4214348793029785,864692000
2017-03-06,2.3852721358852405,2.4133168744406275,2.34123712439807,2.402738571166992,883568000
2017-03-07,2.4027394095201573,2.448496469974707,2.389947092867532,2.4290618896484375,603400000
2017-03-08,2.4772779590651077,2.492038408077584,2.422418779004941,2.4246327877044678,638712000
2017-03-09,2.408643107701738,2.446527839351342,2.396096664308392,2.4241414070129395,478060000
2017-03-10,2.4504640338800736,2.4622721609818687,2.4202052829521365,2.4384095668792725,499740000
2017-03-13,2.448742357966211,2.515409921085011,2.448004276599213,2.5055696964263916,774136000
2017-03-14,2.518362187426674,2.5277102020857027,2.471620941084139,2.50384783744812,522016000
2017-03-15,2.5154103209614984,2.5336146104386876,2.4679309889611414,2.5227904319763184,615036000
2017-03-16,2.5333679845366004,2.554278488353498,2.519345613561585,2.553786277770996,523100000
2017-03-17,2.571252515498846,2.610613640210726,2.553786079459228,2.6093835830688477,1119688000
2017-03-20,2.6268508259347967,2.696470486204517,2.610860312788367,2.6925342082977295,748568000
2017-03-21,2.675313036109779,2.7050798087983305,2.5975752081935815,2.605447292327881,913484000
2017-03-22,2.5943769281717475,2.663258717844418,2.5904408862328694,2.6585845947265625,616764000
2017-03-23,2.6507128047821245,2.670639358321993,2.6248823044614147,2.63447642326355,533940000
2017-03-24,2.6807255924036926,2.6885976775711313,2.6179940779295348,2.643824577331543,439500000
2017-03-27,2.5973293780141025,2.6669490238988236,2.5481282604401616,2.663012981414795,506644000
2017-03-28,2.664243481673808,2.678757831367182,2.6389049546972214,2.6492371559143066,432444000
2017-03-29,2.6566167050259524,2.668917042519087,2.638412421376784,2.6406264305114746,349992000
2017-03-30,2.6477604514204383,2.7060639436038483,2.6421023759033133,2.6913034915924072,525532000
2017-03-31,2.6817097597721022,2.7033583476353713,2.6667034349224865,2.679741621017456,440808000
2017-04-03,2.6802339786178773,2.697454313879732,2.6425948771592234,2.6662116050720215,445232000
2017-04-04,2.5436991819654025,2.5687918235848475,2.4684214917164042,2.479245662689209,1271280000
2017-04-05,2.460550250899279,2.5183617705095864,2.4477579366085203,2.460796356201172,747048000
2017-04-06,2.465962681791643,2.490809231351389,2.4209434723510097,2.478754997253418,635120000
2017-04-07,2.485151066423069,2.502617505550727,2.453170278908304,2.4681766033172607,429068000
2017-04-10,2.4689145162717248,2.4755565440278815,2.4010169030886455,2.4051990509033203,756332000
2017-04-11,2.3751860158500686,2.432997531009116,2.3702660216759877,2.413809061050415,618148000
2017-04-12,2.413808343061474,2.4280765799925756,2.388715699870162,2.3938817977905273,414092000
2017-04-13,2.3697742841750764,2.391422636094446,2.349109649658203,2.349109649658203,506892000
2017-04-17,2.3619020882337147,2.4413619653004024,2.3567359879856755,2.4411160945892334,497292000
2017-04-18,2.4268482109292258,2.4487429092768376,2.401017703363412,2.4425926208496094,370116000
2017-04-19,2.4600579533162663,2.4841664161537507,2.44554360763795,2.452185869216919,380828000
2017-04-20,2.466700205318042,2.4957288965619684,2.445543598142899,2.4910547733306885,404016000
2017-04-21,2.4807229597243463,2.504093581715311,2.4689148306732274,2.501387596130371,341896000
2017-04-24,2.532876075865548,2.5456683911279727,2.511965804165636,2.532630205154419,371820000
2017-04-25,2.547144254700409,2.591179271595199,2.5257417748727944,2.576664924621582,388440000
2017-04-26,2.5901957551868167,2.5926556354701358,2.5569849079625815,2.558953046798706,327004000
2017-04-27,2.566332903343281,2.6071697273257985,2.5483744886970565,2.5988056659698486,319700000
2017-04-28,2.591917806020828,2.5988059400791177,2.560182886754388,2.5658411979675293,348248000
2017-05-01,2.5766651653752404,2.628572506531356,2.569530926562963,2.623406171798706,307732000
2017-05-02,2.596591266982714,2.5978213241230095,2.523035351493277,2.545667886734009,629972000
2017-05-03,2.538779750574116,2.5742045984887425,2.5240195341318445,2.564610481262207,336904000
2017-05-04,2.5707607445662517,2.581831025116534,2.546898150251618,2.5547704696655273,209788000
2017-05-05,2.543208389613081,2.562150756282244,2.5277098550015924,2.55501651763916,228428000
2017-05-08,2.566824871406738,2.5683007994263565,2.516885670296576,2.5282020568847656,365240000
2017-05-09,2.533859842803704,2.5813389238364275,2.5254955478217216,2.532383680343628,847672000
2017-05-10,2.811601563736898,2.996844080597028,2.8049595335703694,2.9838056564331055,2129096000
2017-05-11,2.9532996661865973,3.2086537136439213,2.949855599991065,3.111973285675049,1939792000
2017-05-12,3.1151721068165155,3.1882358274213143,3.0942616001687777,3.1461687088012695,962620000
2017-05-15,3.1872523866079825,3.3065651586137235,3.182824132321639,3.304105043411255,1087540000
2017-05-16,3.3550272879459686,3.3811041265648143,3.2807337530058756,3.365605592727661,1120700000
2017-05-17,3.2989377164355833,3.317634209651921,3.1378039842997927,3.141986131668091,1271368000
2017-05-18,3.1857756888646738,3.282456135528904,3.1255042841786036,3.273599863052368,1156032000
2017-05-19,3.3745680800301447,3.4038734765702734,3.3299941914250475,3.349202871322632,1018372000
2017-05-22,3.392792521115781,3.434903713556217,3.3819567086119227,3.4206204414367676,836608000
2017-05-23,3.440321006604809,3.442537347676648,3.342061261948861,3.374568223953247,681248000
2017-05-24,3.4713511189586894,3.4740601897071843,3.400426777793716,3.412493944168091,815996000
2017-05-25,3.447708870950609,3.4484477295896454,3.3600385728126874,3.4048588275909424,608228000
2017-05-26,3.3967324227739026,3.577737071836149,3.376538751878215,3.4930219650268555,779140000
2017-05-30,3.5388269272658746,3.602609499324451,3.5228198105537465,3.5676400661468506,989652000
2017-05-31,3.61246090215452,3.620095150335536,3.4981940137110548,3.554835081100464,887316000
2017-06-01,3.5705947969452563,3.5715800200361327,3.509767428628041,3.5550801753997803,503340000
2017-06-02,3.5521252264932444,3.5782292953979007,3.5314390629729058,3.5373494625091553,487456000
2017-06-05,3.5210957621207415,3.6577726273235704,3.5095213282726676,3.6449668407440186,817376000
2017-06-06,3.640288124366664,3.686339734302007,3.615169277907878,3.628467559814453,758728000
2017-06-07,3.652847910980725,3.691018911034461,3.6373332873532505,3.672302722930908,612612000
2017-06-08,3.7791809321266903,3.940238239691609,3.738054740592357,3.938760757446289,1161744000
2017-06-09,4.056968067860548,4.149563532153972,3.5154312461444803,3.6841228008270264,3692928000
2017-06-12,3.592513169779559,3.735839316428395,3.49967131917517,3.693235397338867,1697532000
2017-06-13,3.802329816191044,3.8114417787452792,3.586848036425052,3.7284505367279053,1672504000
2017-06-14,3.7314058102272507,3.793957022428611,3.657033800345804,3.736330986022949,1184640000
2017-06-15,3.6191099276725516,3.7826297544473553,3.6077816209849307,3.7523393630981445,963824000
2017-06-16,3.7619428783927376,3.809718332422443,3.699884154995973,3.7338685989379883,924960000
2017-06-19,3.7779501508963578,3.8794114624953737,3.7742563272961287,3.874239921569824,778176000
2017-06-20,3.9163517520903395,3.9830895358047624,3.8643899697778985,3.8685762882232666,1095444000
2017-06-21,3.8961572450890074,3.9308805473789987,3.8343446518377187,3.9271864891052246,682652000
2017-06-22,3.935313166002035,3.9486116816306986,3.8762096437132847,3.900097370147705,469132000
2017-06-23,3.907732255351695,3.923493244177839,3.7732714735532724,3.7882938385009766,1088588000
2017-06-26,3.82104672036734,3.8565088845271616,3.652847863839055,3.7469210624694824,1063960000
2017-06-27,3.729436730602107,3.738055967002257,3.604087903690115,3.6097519397735596,999492000
2017-06-28,3.677227937134784,3.7417493688115258,3.5893112715841275,3.737070322036743,994948000
2017-06-29,3.7087492565673124,3.711704220986341,3.548184446975357,3.612213373184204,1064424000
2017-06-30,3.629452268866717,3.642996914242298,3.5339015971868895,3.5600056648254395,731060000
2017-07-03,3.5720724995785407,3.5868482624597013,3.4127390279235383,3.431208848953247,709072000
2017-07-05,3.4944988766549736,3.551632420683165,3.4755365617586196,3.5228195190429688,820188000
2017-07-06,3.493760637684429,3.580199586980964,3.4417986283599933,3.5334091186523438,746284000
2017-07-07,3.5900495719753613,3.6324071160117284,3.5671468358197878,3.6141834259033203,654972000
2017-07-10,3.687571221301758,3.792479997873198,3.6614671507048624,3.7850921154022217,958492000
2017-07-11,3.7887855124868475,3.8464115493538045,3.7469204610340032,3.8387773036956787,757956000
2017-07-12,3.898373931530037,4.014118282752321,3.8555238851261895,4.00205135345459,1145208000
2017-07-13,4.014118959719984,4.095386383797085,3.9094565317934586,3.955754280090332,1369132000
2017-07-14,3.972005818286618,4.06361628146636,3.9651104323329243,4.06213903427124,941948000
2017-07-17,4.096124522593807,4.124937662792359,3.983335137229177,4.044901371002197,930792000
2017-07-18,3.9840751366184093,4.101543837391423,3.9722543336800054,4.087014198303223,776640000
2017-07-19,4.0961234718234865,4.122473899545925,4.053766165619698,4.06583309173584,687044000
2017-07-20,4.086274514552628,4.125184140847944,4.036529076132213,4.124938011169434,699596000
2017-07-21,4.104497489253721,4.169265285238735,4.090213984466443,4.139713287353516,648332000
2017-07-24,4.146854097469605,4.156458317913628,4.081101331838637,4.091690540313721,652524000
2017-07-25,4.068787972769442,4.086273037599481,4.028400643574511,4.0719895362854,496556000
2017-07-26,4.129370219623227,4.184779922276561,4.0843035988367715,4.119027137756348,640404000
2017-07-27,4.1438984529622385,4.155473118592795,3.880148780253958,3.9830875396728516,782856000
2017-07-28,3.9473789270373487,4.072727921351592,3.922506454564863,4.048347473144531,513348000
2017-07-31,4.061893740624289,4.097848398858005,3.955507483306197,4.00205135345459,559672000
2017-08-01,3.9926941679030894,4.052536568687156,3.9648664792321795,4.050812721252441,431384000
2017-08-02,4.081839881948235,4.085779833774857,3.9715132456834707,4.048347473144531,478444000
2017-08-03,4.047856226828955,4.103512052865201,4.030863888614545,4.099818229675293,442420000
2017-08-04,4.122474278668921,4.188227054368191,4.099818141346504,4.117795467376709,589096000
2017-08-07,4.146855759537585,4.24486891874967,4.137251065531045,4.2443766593933105,717412000
2017-08-08,4.282300929431514,4.298800541001937,4.154735779834138,4.193892002105713,755336000
2017-08-09,4.147839818293603,4.240928014512272,4.129123633258059,4.238465309143066,530784000
2017-08-10,4.239696441922096,4.252009968811545,4.046871260992244,4.0569682121276855,1328088000
2017-08-11,3.8698066224747025,3.9156118624772414,3.76563672072678,3.840747356414795,1497196000
2017-08-14,3.9321120856232357,4.1507952258742105,3.9205376509805805,4.147101402282715,1279020000
2017-08-15,4.152273285101129,4.178377121466455,4.0779012598572395,4.1121320724487305,764532000
2017-08-16,4.127155192626975,4.150550197770542,4.0348058206257225,4.067066192626953,596632000
2017-08-17,4.058691851512568,4.075683719239546,3.9742228932482884,3.9764389991760254,525444000
2017-08-18,4.030616851066757,4.047609185453522,3.931371913979238,3.977177143096924,601204000
2017-08-21,4.001558907981509,4.012886978060727,3.8754712455131295,3.9193062782287598,623672000
2017-08-22,3.9557857140947252,4.012476406071623,3.9365601198876923,4.006560802459717,450456000
2017-08-23,3.973286154424343,4.097759235628306,3.9646588603591386,4.086667537689209,579520000
2017-08-24,4.118710402436434,4.123147458190623,4.045259217877505,4.071632385253906,469700000
2017-08-25,4.095787875288201,4.105893718517991,4.031209393272156,4.037618160247803,357200000
2017-08-28,4.056596161480304,4.069413222104093,4.001137680884426,4.066208839416504,389496000
2017-08-29,4.007547284535115,4.0812452810059865,3.999413152953871,4.059554576873779,324096000
2017-08-30,4.0792712328388925,4.094799979648768,4.048954188379795,4.0837082862854,384400000
2017-08-31,4.103921044471777,4.180330255354886,4.096526892851023,4.176386833190918,612684000
2017-09-01,4.1889578257212285,4.237021694936312,4.180330531382972,4.201528072357178,445432000
2017-09-05,4.150260249254813,4.155189997921995,4.031456409212001,4.08937931060791,695364000
2017-09-06,4.122159896283915,4.135962810356963,4.052159000519317,4.086912631988525,397672000
2017-09-07,4.103676037296086,4.138183343124931,4.065718000884357,4.105894565582275,352868000
2017-09-08,4.094307140597673,4.109095909542186,4.010503333034617,4.034658432006836,498856000
2017-09-11,4.080258330420082,4.176139698039046,4.074835420778974,4.16554069519043,567444000
2017-09-12,4.190188523993784,4.190188523993784,4.115504699708936,4.180575847625732,411488000
2017-09-13,4.155437143015315,4.228149304388451,4.12314836433062,4.199311256408691,580960000
2017-09-14,4.160364194736825,4.253287987195401,4.135962749183316,4.1753997802734375,513712000
2017-09-15,4.260683197054313,4.439382553100586,4.255507103065301,4.439382553100586,1364792000
2017-09-18,4.563363153660662,4.712731317671001,4.556461694674351,4.622765064239502,1684460000
2017-09-19,4.5724824058944185,4.679455473129059,4.550545360424358,4.61783504486084,874280000
2017-09-20,4.621531089146997,4.668855428342432,4.540438507044737,4.580615043640137,724920000
2017-09-21,4.477094514457188,4.503221802536979,4.377762396709948,4.455404281616211,1075600000
2017-09-22,4.444065957057835,4.493608839626062,4.402164042305567,4.412023067474365,491232000
2017-09-25,4.381213021505902,4.382445693529425,4.194133651174554,4.214838027954102,874580000
2017-09-26,4.349169772947171,4.404135087542824,4.198815783307401,4.238499164581299,1125620000
2017-09-27,4.328711586128126,4.344733027904649,4.2579711780892975,4.331422805786133,713720000
2017-09-28,4.338571619466589,4.342515511785984,4.282866784917443,4.330191612243652,435244000
2017-09-29,4.413995395407725,4.430016370605665,4.368889096171666,4.4063544273376465,619092000
2017-10-02,4.456389856050485,4.485474708994688,4.362727001377151,4.412023067474365,503480000
2017-10-03,4.418184541803863,4.4509669370214695,4.377022140638346,4.421142578125,390332000
2017-10-04,4.427304884080673,4.480298494552268,4.390825410645643,4.458115100860596,427848000
2017-10-05,4.48251616565208,4.485966894228168,4.425825020310832,4.455649375915527,437364000
2017-10-06,4.428044517550407,4.482023985015341,4.412023072739553,4.468713760375977,318800000
2017-10-09,4.505438987505107,4.602553028952448,4.486706324991137,4.56952428817749,563492000
2017-10-10,4.718400688712322,4.755866025062479,4.615617830262761,4.656780242919922,974876000
2017-10-11,4.673293922482881,4.707801688410568,4.6274485823653055,4.70632266998291,529508000
2017-10-12,4.70977264134596,4.75931551955687,4.68142730005456,4.708540439605713,528292000
2017-10-13,4.7706543646213495,4.806394332746527,4.72382316858834,4.79628849029541,628728000
2017-10-16,4.826113016925464,4.881571508960979,4.7630135562038705,4.878613471984863,576640000
2017-10-17,4.857908710522161,4.902521847004452,4.839669207739079,4.874176502227783,478596000
2017-10-18,4.883048979231887,4.883788018114932,4.764984226779905,4.869985103607178,567316000
2017-10-19,4.792590212722617,4.880337449288368,4.74354050132985,4.875408172607422,570772000
2017-10-20,4.8924164033890305,4.919529075749701,4.844352068036117,4.8532257080078125,451620000
2017-10-23,4.8749156560253,4.901289287801833,4.8261122844662685,4.8463239669799805,428696000
2017-10-24,4.855442505972263,4.898823428674205,4.829562042198306,4.897098064422607,407244000
2017-10-25,4.857661524616627,4.910408782898703,4.711990933628069,4.773364543914795,828160000
2017-10-26,4.800972184149839,4.834986319415834,4.777063421823301,4.823401927947998,322744000
2017-10-27,4.875408002716423,4.9757259491075505,4.849527067942292,4.975479602813721,572192000
2017-10-30,4.975480513632072,5.079741900316777,4.959705415535346,5.0242838859558105,504056000
2017-10-31,5.056079654790002,5.124108380250737,5.050410398448869,5.0974884033203125,411908000
2017-11-01,5.160095051692335,5.175376987141525,5.0430161321556355,5.1071014404296875,502576000
2017-11-02,5.077523577688236,5.122136709285966,5.019600222458373,5.07604455947876,342308000
2017-11-03,5.107102090198056,5.14382791519165,5.061256748144263,5.14382791519165,353640000
2017-11-06,5.1071032947991135,5.17562521273245,5.09477939147906,5.166998386383057,389944000
2017-11-07,5.189672940245491,5.247596297681058,5.17759538803687,5.226151943206787,427700000
2017-11-08,5.221716046667525,5.225413592819289,5.108088314347517,5.155412673950195,522988000
2017-11-09,5.059531157134242,5.085657975283052,4.938755152001494,5.060763359069824,978564000
2017-11-10,5.252032180919687,5.389815454407801,5.216292221737924,5.327455520629883,1253256000
2017-11-13,5.327457546040661,5.352844858522917,5.225660539335314,5.240942478179932,582376000
2017-11-14,5.25006039061927,5.2944271749550404,5.206433115372637,5.279145240783691,529292000
2017-11-15,5.224181888099002,5.225414560420066,5.121892181407678,5.175624847412109,501948000
2017-11-16,5.249567581938719,5.27963828684844,5.206926163044648,5.215799331665039,441768000
2017-11-17,5.272737091154528,5.307983891199637,5.19460252376764,5.209637641906738,515664000
2017-11-20,5.225165414324046,5.288758020165017,5.188439599633909,5.2766804695129395,396100000
2017-11-21,5.316365057631018,5.336823088519991,5.284568982552567,5.325238227844238,399176000
2017-11-22,5.3523693121000955,5.3523693121000955,5.268753787221783,5.30131196975708,356640000
2017-11-24,5.317590541706115,5.35236878938502,5.2931716719628135,5.351381778717041,180752000
2017-11-27,5.360014365729203,5.361247423223818,5.278618457492495,5.281825065612793,422896000
2017-11-28,5.287006863868924,5.296379704108994,5.136301867507722,5.197225093841553,512752000
2017-11-29,5.179958749819488,5.1826718533812475,4.716744420488004,4.844757556915283,1396788000
2017-11-30,4.913328587976844,4.999163740731201,4.850432269618107,4.950572967529297,823768000
2017-12-01,4.916040837349313,4.936266563816445,4.7473301831448635,4.875836372375488,811548000
2017-12-04,4.934292438453037,4.940459139041359,4.550747466791511,4.604024410247803,1240844000
2017-12-05,4.498950597021288,4.7530033526278785,4.454059947393627,4.6306633949279785,981488000
2017-12-06,4.580345560606925,4.689859539097982,4.559133296120606,4.668154239654541,467032000
2017-12-07,4.734748392155539,4.775199825086647,4.689364259253709,4.735488414764404,542600000
2017-12-08,4.78531416171226,4.804306828533258,4.7147715836452955,4.72315788269043,466876000
2017-12-11,4.737218829914943,4.804308779061019,4.7214332362649305,4.801348686218262,372748000
2017-12-12,4.757936014860618,4.781121360156989,4.683693324144435,4.707125186920166,455016000
2017-12-13,4.7480696905522,4.749302748407478,4.584785261955489,4.592185020446777,554280000
2017-12-14,4.5857720652052345,4.67012762320997,4.5532138787023335,4.599338054656982,438164000
2017-12-15,4.643242059521665,4.745109756138681,4.578372212011946,4.724884033203125,670036000
2017-12-18,4.765335575664388,4.884222400517202,4.735737481037844,4.88126277923584,477704000
2017-12-19,4.871891167523377,4.877070858911295,4.808747859739233,4.837112903594971,373100000
2017-12-20,4.87632859284108,4.885454442734573,4.79863278730648,4.854129791259766,288820000
2017-12-21,4.857583514434146,4.88249542230185,4.823298767625337,4.8316850662231445,300904000
2017-12-22,4.794934115410073,4.825765738247542,4.717238294132747,4.81639289855957,466276000
2017-12-26,4.7611420095520245,4.877562237927142,4.731296929589327,4.869915962219238,355080000
2017-12-27,4.856598617794886,4.932320907369323,4.842046084286312,4.863257884979248,329488000
2017-12-28,4.886934562372595,4.917766179430321,4.8627626799808406,4.868928909301758,240248000
2017-12-29,4.895075064911731,4.895075064911731,4.772735118865967,4.772735118865967,279964000
2018-01-02,4.8289717966898795,4.9207271111997,4.7974006219009935,4.917026996612549,355616000
2018-01-03,5.034186435117084,5.270973500617158,5.02555361990932,5.240634918212891,914704000
2018-01-04,5.321785372687156,5.378268934306695,5.246062624210568,5.268261432647705,583268000
2018-01-05,5.2830602300766145,5.350149681258216,5.206350951554219,5.312905311584473,580124000
2018-01-08,5.436232596375194,5.549692755787042,5.391341473561443,5.475697040557861,881216000
2018-01-09,5.4811231921568115,5.520587635932108,5.392821463925591,5.474216938018799,497000000
2018-01-10,5.381968265792931,5.520587316474899,5.327704776355258,5.517134189605713,582664000
2018-01-11,5.549692268956575,5.581017398124637,5.505541173031601,5.527000427246094,406032000
2018-01-12,5.5151619022263745,5.549446658347346,5.459418358837358,5.499869346618652,359916000
2018-01-16,5.52626155606833,5.611603203448441,5.344724902735985,5.429080009460449,702348000
2018-01-17,5.443632448832442,5.552652951882488,5.349904501814696,5.542787075042725,538408000
2018-01-18,5.5235462047693105,5.59014261736738,5.492468067071487,5.535879135131836,408632000
2018-01-19,5.625907839641956,5.699903545658723,5.599022849167659,5.675731658935547,609380000
2018-01-22,5.683624864195454,5.7657603578654495,5.626154764467906,5.764033794403076,550944000
2018-01-23,5.817310281065666,5.915478343550291,5.798811589921604,5.892786502838135,475228000
2018-01-24,5.895992167473702,5.931756959444365,5.76057974564734,5.816076755523682,579972000
2018-01-25,5.87034026648512,5.913504816806049,5.8148437267846464,5.8296427726745605,409884000
2018-01-26,5.873302428317495,6.002055160897727,5.860476458570805,6.0018086433410645,516356000
2018-01-29,5.9872545657800655,6.1197073798196575,5.934717642105019,6.088628768920898,455116000
2018-01-30,5.947050135686135,6.078022904578278,5.880453716835236,5.986761093139648,570832000
2018-01-31,6.061989812636716,6.148318444116083,6.029431628920219,6.062729835510254,478576000
2018-02-01,5.883169060771191,6.089864649497656,5.871823135814742,5.932006359100342,519224000
2018-02-02,5.845675126777659,5.8696004931332375,5.7018764111837035,5.7598395347595215,718464000
2018-02-05,5.599022589485811,5.752687189838002,5.056385869019509,5.270974159240723,1165204000
2018-02-06,5.041587620203389,5.566958320760447,5.031721274056116,5.563998699188232,1114800000
2018-02-07,5.662658926393454,5.795604767983694,5.59162284473863,5.6434197425842285,802932000
2018-02-08,5.768719942226253,5.801771162611393,5.364948763250677,5.3651957511901855,1144000000
2018-02-09,5.876507348422898,5.8922929356700235,5.365195739853088,5.724322319030762,1674604000
2018-02-12,5.805224873523904,5.808184965470186,5.550432559935962,5.6244282722473145,1093172000
2018-02-13,5.588170356666561,5.784012991390942,5.555858685964663,5.737888813018799,625524000
2018-02-14,5.697684279601359,5.983555198711346,5.686584876006259,5.9546966552734375,744988000
2018-02-15,6.037819037923263,6.126120766335566,5.957163586672766,6.079996585845947,698900000
2018-02-16,6.052865513692763,6.166325680394429,6.005261283731539,6.014387607574463,637656000
2018-02-20,6.03683247375609,6.21244938936461,6.033132358722428,6.1436333656311035,686240000
2018-02-21,6.208009965335765,6.214916219731849,5.953217164356499,5.956916809082031,892292000
2018-02-22,5.990730063412516,6.0623036523931155,5.9110116322718556,5.976415157318115,534364000
2018-02-23,6.036139919373507,6.069705486297607,5.985544662968651,6.069705486297607,415300000
2018-02-26,6.115859928993064,6.12030235551838,6.023554242568354,6.085749626159668,469312000
2018-02-27,6.05909541911812,6.143256753338923,6.049963893406978,6.0729169845581055,455436000
2018-02-28,6.083772638372068,6.123261592079709,5.961110022958846,5.972710132598877,523116000
2018-03-01,5.97049105070678,6.024294924446665,5.630145243043967,5.731089115142822,1040120000
2018-03-02,5.6237271608527415,5.844372201676828,5.475396642821389,5.837954998016357,913428000
2018-03-05,5.78785445140607,5.855479417365354,5.664697975165996,5.815990447998047,620776000
2018-03-06,5.901136655228082,5.995910435333606,5.858192425870338,5.976659297943115,636808000
2018-03-07,5.873989543534866,6.020839588107905,5.8727557192066815,5.96876335144043,581208000
2018-03-08,5.996158361625562,5.996158361625562,5.90829510712101,5.9524736404418945,411912000
2018-03-09,5.999859155267545,6.067730772510709,5.983817089693415,6.054897308349609,505524000
2018-03-12,6.096114908568405,6.244198290359063,6.087970068367301,6.164233207702637,605060000
2018-03-13,6.206931723948742,6.281220567645893,6.0724222706692315,6.113638877868652,619772000
2018-03-14,6.1565830567918445,6.183731900336136,6.076864633466693,6.139060020446777,505496000
2018-03-15,6.152634374040824,6.2348204451905085,6.1119111091756455,6.153868198394775,401952000
2018-03-16,6.170157190258023,6.201007976209314,6.132642529094232,6.182003974914551,399456000
2018-03-19,6.125238435700395,6.1541144427405,5.849309007901929,5.948031425476074,713772000
2018-03-20,5.950992259876718,6.198538995992041,5.950992259876718,6.159790515899658,554696000
2018-03-21,6.153374188546132,6.219518657987136,6.104259884011307,6.134617328643799,438688000
2018-03-22,6.071434225556255,6.117833735683708,5.931741883046754,5.9690093994140625,551196000
2018-03-23,5.982583030698724,5.985051149517886,5.738738728610121,5.749845027923584,735620000
2018-03-26,5.873987775152294,6.035152204694043,5.822158695550277,6.033918380737305,611424000
2018-03-27,6.1146243917264735,6.17015588887546,5.4260352393156515,5.565974235534668,1409000000
2018-03-28,5.531669639416001,5.661489523753892,5.35569690909767,5.463057518005371,945904000
2018-03-29,5.531174636059601,5.812286936723993,5.4470138036293445,5.715785980224609,916628000
2018-04-02,5.6454440313513725,5.791306368620563,5.368033782160677,5.4556498527526855,922092000
2018-04-03,5.622246762944575,5.685182152012148,5.463056612529633,5.561779022216797,667432000
2018-04-04,5.306581752753473,5.594111298273365,5.28165435960762,5.58374547958374,789168000
2018-04-05,5.641991734284166,5.655072342900288,5.392470663279069,5.463797569274902,701240000
2018-04-06,5.3613725053149714,5.4692269132442615,5.258701006467194,5.2878241539001465,662988000
2018-04-09,5.350759510146956,5.478358388800338,5.296461834531142,5.316453456878662,499524000
2018-04-10,5.546230121596091,5.651863073109065,5.489217655227911,5.6249613761901855,761676000
2018-04-11,5.610153838469719,5.651370442520072,5.551167057774741,5.58374547958374,460244000
2018-04-12,5.676543700399584,5.807844522571264,5.632365171141594,5.790074348449707,593920000
2018-04-13,5.853504861026074,5.861896373252153,5.665438672598812,5.713565826416016,503036000
2018-04-16,5.720227938489726,5.746636291414428,5.619284093660845,5.713317394256592,350792000
2018-04-17,5.765395109678466,5.883862016405811,5.70986360004201,5.862636566162109,447224000
2018-04-18,5.812287189769074,5.9048395365535855,5.744909375055191,5.833759307861328,391364000
2018-04-19,5.719735104302074,5.753054007156208,5.5975662645825155,5.65285062789917,471996000
2018-04-20,5.64421243710298,5.728373276907721,5.613608794921182,5.6447062492370605,386200000
2018-04-23,5.662476421553817,5.713565029221949,5.4995843217869025,5.525498867034912,427508000
2018-04-24,5.551167715232185,5.646928214098621,5.394198979811333,5.45935583114624,414596000
2018-04-25,5.429738026118685,5.468733650886996,5.190336109890054,5.347304821014404,588492000
2018-04-26,5.508716548831038,5.566716180055462,5.442819217675992,5.5585713386535645,375824000
2018-04-27,5.6642045119618345,5.683948996221032,5.543762828458782,5.58596658706665,400848000
2018-04-30,5.602255909765012,5.651864027486285,5.531422812333573,5.550673484802246,327844000
2018-05-01,5.54252783597705,5.608671820767293,5.484034407669387,5.60595703125,253788000
2018-05-02,5.602502754213488,5.6469274892657895,5.559311372689677,5.58547306060791,268248000
2018-05-03,5.617310565547473,5.776500717117908,5.572144880373844,5.750339031219482,443144000
2018-05-04,5.7217108714239835,5.9033603321511885,5.704434504900312,5.90015172958374,400660000
2018-05-07,6.004548614159441,6.194589515621621,5.994676139449222,6.137577056884766,687616000
2018-05-08,6.137826585683949,6.182745613339741,6.08895894290175,6.180030822753906,506616000
2018-05-09,6.200020716302519,6.31503234644177,6.172871874492293,6.312810897827148,596760000
2018-05-10,6.365628803674077,6.429304693562391,6.34785862367767,6.420173168182373,994080000
2018-05-11,6.238768152818595,6.411779381119491,6.183483795652961,6.281959056854248,1214456000
2018-05-14,6.319967962252316,6.3796952200504125,6.278751362181617,6.3024444580078125,523140000
2018-05-15,6.239016335939232,6.241731596918744,5.960372092830068,6.060575485229492,963528000
2018-05-16,6.02207338246265,6.133629742702751,5.985299203823298,6.071681499481201,553828000
2018-05-17,6.073409424322861,6.207178394675734,6.057366882900811,6.113638877868652,519784000
2018-05-18,6.165466756633866,6.228648809864714,6.065016250284316,6.069952487945557,483716000
2018-05-21,6.167194573909057,6.170896516890969,5.935443245883082,6.027995586395264,640624000
2018-05-22,6.041324076730589,6.066498139443173,5.929520583332928,5.989988327026367,518264000
2018-05-23,5.933928567254295,6.114455749992318,5.933187626474796,6.113220691680908,442956000
2018-05-24,6.109517725979208,6.1591565291705095,6.056421512457639,6.116926193237305,437372000
2018-05-25,6.129520311527187,6.172491110798442,6.09395844942009,6.156191825866699,292112000
2018-05-29,6.1381623788229716,6.207064206292989,6.092475121415454,6.139150142669678,352684000
2018-05-30,6.172738449513654,6.256457226198308,6.148042463158842,6.247813701629639,390996000
2018-05-31,6.215955021628862,6.302390723741467,6.205335970678587,6.228055953979492,493868000
2018-06-01,6.272755959507304,6.368329309955514,6.264112435698902,6.362154960632324,421968000
2018-06-04,6.396234033786173,6.562684243665887,6.364129590978997,6.54070520401001,642024000
2018-06-05,6.543917371439187,6.5836780559166925,6.4992178664673546,6.546140193939209,391712000
2018-06-06,6.456246604314873,6.551325839817572,6.439947320258317,6.548115253448486,371356000
2018-06-07,6.54441104065344,6.55626515110124,6.402409480601927,6.492549896240234,369448000
2018-06-08,6.4199445721025,6.5197158164454185,6.401175640209652,6.47723913192749,360456000
2018-06-11,6.464643753775056,6.506132672057842,6.423401658757259,6.436243534088135,265372000
2018-06-12,6.462667752286715,6.496747730793107,6.412534841996411,6.484646797180176,319160000
2018-06-13,6.486128299190428,6.560956718821732,6.471063603349157,6.480201244354248,338208000
2018-06-14,6.525148665180622,6.64813400502718,6.510330791146676,6.591580390930176,430016000
2018-06-15,6.5345329861526675,6.605657183548417,6.5036631202595725,6.550832271575928,432260000
2018-06-18,6.506873039510518,6.564167591402365,6.479707880615835,6.546633720397949,356268000
2018-06-19,6.443651525723882,6.510824660757541,6.2979462048993335,6.4251298904418945,594932000
2018-06-20,6.4661250729939725,6.530828090550254,6.427846273595946,6.4779791831970215,369780000
2018-06-21,6.509837114006674,6.528111926651796,6.341904977372701,6.349560737609863,359516000
2018-06-22,6.370305381508679,6.383641374257668,6.182122898633195,6.197433948516846,434160000
2018-06-25,6.091241664685308,6.0949458975569915,5.816870304050774,5.9052815437316895,665816000
2018-06-26,6.018387506862929,6.066544408248127,5.924789701328214,5.976157188415527,478884000
2018-06-27,6.019623653064523,6.085808556712581,5.815882356392251,5.821315765380859,453892000
2018-06-28,5.8114372247181025,5.960106789022831,5.803781464255762,5.9482526779174805,338012000
2018-06-29,6.013201264125445,6.025795841393051,5.849220226089044,5.850455284118652,392300000
2018-07-02,5.781061529063429,5.986037416403463,5.760563893225749,5.982333183288574,357572000
2018-07-03,6.016905363780003,6.022832417496514,5.840576575546182,5.848973274230957,222732000
2018-07-05,5.904046169080395,5.999372222900518,5.865273724519082,5.994433403015137,306216000
2018-07-06,5.969985043735303,6.116431789072338,5.9487464667498715,6.108035087585449,296352000
2018-07-09,6.182121369311291,6.191752655560347,6.076916748101925,6.155449390411377,303880000
2018-07-10,6.167798604991752,6.27621335831007,6.127544278022791,6.254234313964844,360016000
2018-07-11,6.161624717481892,6.196198812604628,6.102354167219034,6.112973690032959,367508000
2018-07-12,6.158167650679718,6.252258653505266,6.148289068073913,6.204348564147949,345508000
2018-07-13,6.222869646558137,6.222869646558137,6.115195374857412,6.1571784019470215,246988000
2018-07-16,6.129520416259766,6.1823697993195825,6.11717265847861,6.129520416259766,197036000
2018-07-17,6.080373562480949,6.280163264235703,6.0549366441476264,6.265098571777344,362136000
2018-07-18,6.257691464173221,6.271521101669961,6.165081880761804,6.2159552574157715,277640000
2018-07-19,6.197187020853802,6.257692162692672,6.182122794486167,6.224105358123779,235752000
2018-07-20,6.221635686520507,6.260408131595907,6.185085592663818,6.19595193862915,222352000
2018-07-23,6.169525866046455,6.171254570400656,6.00801447844696,6.159400463104248,301584000
2018-07-24,6.207312253221584,6.293747965843255,6.124580773514485,6.142115116119385,354620000
2018-07-25,6.151500680074041,6.232750292716392,6.093711998476659,6.220155239105225,319112000
2018-07-26,6.200149896435694,6.330296861360285,6.183356496555523,6.293499946594238,325124000
2018-07-27,6.330050277990525,6.336965096782798,6.170020739729758,6.223857879638672,295420000
2018-07-30,6.237934329160639,6.243861383529538,5.99418557247012,6.0290069580078125,340340000
2018-07-31,6.018635476894755,6.121617293888882,5.979863030994698,6.0470356941223145,283988000
2018-08-01,6.078399577405365,6.133471306202758,6.023080554331581,6.086795806884766,283556000
2018-08-02,6.0156724203761,6.193235857991941,5.956896450995273,6.189284801483154,269668000
2018-08-03,6.213732483082271,6.249541635325923,6.196939553579779,6.225833415985107,214288000
2018-08-06,6.213238314749932,6.276953560080871,6.1668101149710575,6.273496150970459,207508000
2018-08-07,6.322146360643774,6.364129382035793,6.2954748550700526,6.345607280731201,258132000
2018-08-08,6.346843063904102,6.426857589767848,6.312021679045904,6.381910800933838,262100000
2018-08-09,6.399693877766806,6.4024103469793685,6.325853207279617,6.3335089683532715,204280000
2018-08-10,6.251764741346821,6.324617636340362,6.240651571905884,6.292265892028809,256396000
2018-08-13,6.300909521848901,6.4456275502576,6.299180817040954,6.325111389160156,375208000
2018-08-14,6.430315804827358,6.4703233082922385,6.347337505917876,6.456246376037598,466220000
2018-08-15,6.476990475627023,6.510824098989789,6.319677881261507,6.3982110023498535,591136000
2018-08-16,6.467854785831434,6.470324431761707,6.297699808218942,6.357710838317871,801260000
2018-08-17,6.24657837589318,6.247319316631019,6.01912888188141,6.046047687530518,1143188000
2018-08-20,6.005546096413886,6.252998616949036,5.8954021785512305,6.120628833770752,854388000
2018-08-21,6.136928575750965,6.26040802205969,6.117171883183038,6.25596284866333,673988000
2018-08-22,6.22336509341703,6.495513651438657,6.219907683542983,6.490574359893799,749856000
2018-08-23,6.452047238195284,6.655047551682693,6.438217601904657,6.589850425720215,720684000
2018-08-24,6.598247224605702,6.73728500130712,6.593802051593406,6.722714424133301,531512000
2018-08-27,6.752350168671855,6.8876837319511655,6.720986658952772,6.813596248626709,505776000
2018-08-28,6.8076699582501785,6.830390417538581,6.656283917196165,6.776059150695801,475384000
2018-08-29,6.768397877723354,6.9062764484625845,6.7476420753376125,6.881319999694824,420108000
2018-08-30,6.850187050516337,6.961132583910305,6.827701593908492,6.864518642425537,346608000
2018-08-31,6.844504215708833,6.948283718005384,6.834620229159438,6.935434818267822,306592000
2018-09-04,6.92233777363557,7.04761441530764,6.89392202218405,7.010056495666504,391720000
2018-09-05,6.992512643685579,7.027846996897987,6.798790861002018,6.8795905113220215,393156000
2018-09-06,6.863282418912252,6.865753415361337,6.705883762590068,6.7387471199035645,322796000
2018-09-07,6.646828642312467,6.842774478655888,6.602104687719215,6.717497825622559,295420000
2018-09-10,6.739983310567615,6.818065012731903,6.696247660172904,6.7884135246276855,220140000
2018-09-11,6.742205830628544,6.82967711783467,6.72145002782594,6.740723609924316,243112000
2018-09-12,6.700940495678086,6.720461034008451,6.471884399764803,6.627059459686279,419092000
2018-09-13,6.692787900291968,6.79508470247253,6.675491396456412,6.704648494720459,305536000
2018-09-14,6.794836802832286,6.896392244879373,6.758019762071219,6.830418109893799,386936000
2018-09-17,6.804968893843612,6.8538934938683935,6.749372650339453,6.768645763397217,205528000
2018-09-18,6.77259875164951,6.875142504579018,6.690069455793789,6.696740627288818,299520000
2018-09-19,6.678209366866817,6.738253213919687,6.62829646388271,6.720462322235107,224860000
2018-09-20,6.5986450853909,6.640898041448498,6.525752338370183,6.57961893081665,430584000
2018-09-21,6.591479186009431,6.6369444822962675,6.476580447109337,6.509690761566162,435128000
2018-09-24,6.478803653530786,6.568745936813636,6.391826754239927,6.565286636352539,293912000
2018-09-25,6.6312605742763155,6.657205326950609,6.545765898270365,6.632248878479004,280388000
2018-09-26,6.637190838252575,6.67746717990424,6.579617994902832,6.595431804656982,268548000
2018-09-27,6.630521365257868,6.651771561994558,6.5759138879288095,6.60729455947876,214428000
2018-09-28,6.738994228619711,6.966073277335361,6.711072394239323,6.9438347816467285,709396000
2018-10-01,7.021422424633364,7.216626418157375,6.982875730926572,7.149911403656006,622060000
2018-10-02,7.1224848297111265,7.233923806628516,7.056510681851803,7.078749179840088,383964000
2018-10-03,7.1489231934250075,7.156336182864405,6.981146632707836,7.084926128387451,320552000
2018-10-04,7.04884985073549,7.073064954441898,6.824241331969578,6.901087760925293,391220000
2018-10-05,6.876377774241846,6.93839822106676,6.610751584730088,6.66807746887207,426636000
2018-10-08,6.585054928878049,6.7002006335047914,6.426420533715067,6.567017078399658,408612000
2018-10-09,6.54650862992388,6.640898535027553,6.4936308091801305,6.561334609985352,273500000
2018-10-10,6.455577424705536,6.501290152029572,6.06862824147266,6.070852279663086,684940000
2018-10-11,5.983874101671465,6.117058105975861,5.788423163183892,5.809920310974121,725436000
2018-10-12,6.066404206318019,6.165983046094796,5.921607030514667,6.091854572296143,608236000
2018-10-15,6.078513088385394,6.078513088385394,5.815110862410267,5.816099166870117,449760000
2018-10-16,5.928526238278297,6.085430981888948,5.879354680244968,6.07431173324585,408712000
2018-10-17,6.136332612764242,6.1743853960683595,5.95694240125589,6.005867004394531,329668000
2018-10-18,6.075051886774591,6.113351146909124,5.858350295551928,5.918641090393066,524020000
2018-10-19,5.973743491506479,5.993263559173427,5.6263293633346025,5.662652015686035,613608000
2018-10-22,5.714789595901414,5.814615397268397,5.61076314788748,5.713306903839111,368844000
2018-10-23,5.446692445200162,5.539600117668825,5.354773548313665,5.462259769439697,626436000
2018-10-24,5.423960399044169,5.470414002768898,4.913464203307828,4.927301406860352,884288000
2018-10-25,4.829945931009748,5.182795987035481,4.785715900332007,5.135601043701172,951720000
2018-10-26,4.900121602146084,5.06147397514723,4.771880021776073,4.899627685546875,664784000
2018-10-29,5.040470462799425,5.043929763659891,4.349101379465867,4.586558818817139,758016000
2018-10-30,4.609540390224145,5.025893797347186,4.586560538196059,5.01600980758667,807192000
2018-10-31,5.180326519619255,5.252972321028704,5.040965215157934,5.209483623504639,745772000
2018-11-01,5.245805645899684,5.3987571790551225,5.119540687731207,5.389367580413818,566528000
2018-11-02,5.379977456977233,5.485486598792226,5.194162582349934,5.310544013977051,452960000
2018-11-05,5.297447335171757,5.320674605344344,5.072344905509968,5.232708930969238,379332000
2018-11-06,5.224802648403968,5.308814644584688,5.178101615555267,5.215166091918945,299012000
2018-11-07,5.281633079522762,5.372069271192832,5.218129943136577,5.282621383666992,483812000
2018-11-08,5.223566020587555,5.224307366543288,5.036515905528873,5.089888572692871,511352000
2018-11-09,5.001182950337626,5.172171874113618,4.967578242512255,5.081982612609863,413240000
2018-11-12,4.9908039983071895,5.012795535089188,4.661674649055503,4.683419227600098,617116000
2018-11-13,4.781022482432553,5.045906928294173,4.774844754820169,4.924830913543701,644712000
2018-11-14,5.097548498019646,5.111880088075978,4.764713354751783,4.872446060180664,526580000
2018-11-15,4.866515799648799,5.072839515433807,4.830687059887577,5.000935077667236,840708000
2018-11-16,4.035540321830658,4.216907175007929,3.9932868836499824,4.062967777252197,1963520000
2018-11-19,3.997734232135896,3.9984751069736695,3.5737207698359827,3.5754504203796387,1697820000
2018-11-20,3.312541631002466,3.8116713030415004,3.294009631303598,3.6836767196655273,1692032000
2018-11-21,3.8205671248087554,3.837369476002701,3.548516691992622,3.5756969451904297,1025496000
2018-11-23,3.541103343848825,3.69627816699659,3.5282544476263897,3.582862138748169,411968000
2018-11-26,3.703691870649483,3.79215146946641,3.621409527282587,3.781773567199707,814832000
2018-11-27,3.7558290071386753,3.8796232094339067,3.7200004972496443,3.7985763549804688,738060000
2018-11-28,3.915944822493707,3.960421808996925,3.7837495966615347,3.955232858657837,804524000
2018-11-29,3.9574599197400886,3.994561012134455,3.8619862784330445,3.8921618461608887,549172000
2018-11-30,3.9018069041269503,4.052932375709756,3.8515966290963775,4.042296886444092,729564000
2018-12-03,4.2691100076797435,4.320557032680872,4.139008269364891,4.2057905197143555,890804000
2018-12-04,4.161267736402398,4.166214673073174,3.870889252902882,3.885977268218994,812112000
2018-12-06,3.745735623295295,3.920111172643788,3.730153193644054,3.9151644706726074,692308000
2018-12-07,3.919369339043974,3.9295104207730804,3.601783314930206,3.6510040760040283,681676000
2018-12-10,3.606235013243494,3.780857997862722,3.602524809979828,3.7561237812042236,629472000
2018-12-11,3.847639836085052,3.8558020941995017,3.5864475764226538,3.6653494834899902,671912000
2018-12-12,3.6710379820779226,3.778878709960328,3.5819952376689588,3.682910442352295,654136000
2018-12-13,3.7296581635361514,3.7937194925094015,3.6467988500627473,3.6826632022857666,471384000
2018-12-14,3.6411102968297695,3.724711708916402,3.5988150621058814,3.622312545776367,471820000
2018-12-17,3.5923838146649856,3.6643599622546725,3.4934471880581057,3.5513250827789307,662868000
2018-12-18,3.59510495972883,3.718280935640844,3.567897507686149,3.634432315826416,564372000
2018-12-19,3.6007930418075422,3.654218877998292,3.374475856483022,3.4259228706359863,745364000
2018-12-20,3.4175134638632625,3.507298298895326,3.2819704029459897,3.3415796756744385,749588000
2018-12-21,3.368045045634862,3.400941517873868,3.177345002077389,3.2047998905181885,863740000
2018-12-24,3.1286196570603906,3.214941751630458,3.0793986573482632,3.1432127952575684,463840000
2018-12-26,3.1892171385127157,3.29310045136717,3.0784083029190215,3.2921111583709717,695100000
2018-12-27,3.239922220622022,3.2743026307070826,3.0962169090431018,3.2443742752075195,637044000
2018-12-28,3.264903795478063,3.3982208288197224,3.2231032137878097,3.3057150840759277,628728000
2018-12-31,3.3490000177104666,3.381401609081078,3.271334844675895,3.3020052909851074,465140000
2019-01-02,3.231265932474815,3.4251813233405146,3.2166727958069883,3.3692822456359863,508752000
2019-01-03,3.309178113220349,3.343063881144149,3.158300053822009,3.165720224380493,705552000
2019-01-04,3.2386862301960746,3.4066309111298634,3.2080160158102617,3.3685405254364014,585620000
2019-01-07,3.42567572255454,3.5837267346364183,3.3744759128738573,3.546872854232788,709160000
2019-01-08,3.6282481901467687,3.630474453555184,3.3861011187874763,3.4585721492767334,786016000
2019-01-09,3.509771426739684,3.5738329882410813,3.4593139422259735,3.5265908241271973,617260000
2019-01-10,3.5072984808573757,3.600793287782794,3.446947117236109,3.5921363830566406,523156000
2019-01-11,3.569876246556271,3.70393539771204,3.5421741466955674,3.681180000305176,874764000
2019-01-14,3.6289902806288747,3.7462300105912045,3.6054927992140615,3.721001148223877,730168000
2019-01-15,3.7536505090263956,3.792977863679628,3.688599879066131,3.7069032192230225,617012000
2019-01-16,3.734110518255913,3.7670067578894963,3.675985415077157,3.681426763534546,470104000
2019-01-17,3.6485304526702196,3.792482988633846,3.6213227673825545,3.7526609897613525,493436000
2019-01-18,3.8023766394178167,3.907496705882418,3.7509296199826263,3.881525754928589,651336000
2019-01-22,3.851349988777855,3.862975008613983,3.6495195660652597,3.6796951293945312,661552000
2019-01-23,3.734852805681426,3.8234009202373347,3.6613924746342406,3.6925573348999023,591020000
2019-01-24,3.7769002971674324,3.921594675016262,3.772200801083401,3.904033660888672,708972000
2019-01-25,3.844671836656973,3.979225378987472,3.74227268118326,3.961169481277466,1154572000
2019-01-28,3.377444067456263,3.5033406966245266,3.240169859925918,3.413555860519409,2511528000
2019-01-29,3.367550847567004,3.415782548644251,3.240417468264105,3.2550106048583984,1153932000
2019-01-30,3.3309441284015135,3.412566710091489,3.2515475742334536,3.398221015930176,974228000
2019-01-31,3.3950055764390172,3.591147220486164,3.373239475276869,3.555530071258545,842852000
2019-02-01,3.574080821416264,3.6307219872380387,3.5265914436354735,3.5797696113586426,625048000
2019-02-04,3.5955989010224516,3.7269371103711824,3.5735855968003305,3.689836025238037,528592000
2019-02-05,3.701708175377461,3.745487577613269,3.6680698525763553,3.708881139755249,542424000
2019-02-06,3.7420251267197253,3.848629364647908,3.7365837785660503,3.784320592880249,702464000
2019-02-07,3.738068282657456,3.7402943105003184,3.6035147240832255,3.6463046073913574,637120000
2019-02-08,3.5792743082967,3.675490016584057,3.5649286154462865,3.6648545265197754,461604000
2019-02-11,3.6208283700271857,3.6749960672125797,3.57408084393874,3.622312545776367,495180000
2019-02-12,3.660650038347677,3.7546397285891064,3.646304108199021,3.7390570640563965,591060000
2019-02-13,3.768490290275961,3.854317711220307,3.7548864496887444,3.7813520431518555,605372000
2019-02-14,3.780363471800342,3.85036103826904,3.7373259145717483,3.8221640586853027,827264000
2019-02-15,4.030424790642507,4.0531799465823735,3.8689110205307045,3.8916664123535156,1516748000
2019-02-19,3.8810310120576945,3.954738777372475,3.861985821478209,3.8743526935577393,551892000
2019-02-20,3.903538486120398,3.9886238199317057,3.8924083497895876,3.9215943813323975,540988000
2019-02-21,3.93420911878508,3.958695655777153,3.8382406134468496,3.8528337478637695,448548000
2019-02-22,3.9045279492047844,3.9562221655032705,3.8909241087544744,3.9374241828918457,401740000
2019-02-25,4.020779204193187,4.088055860925728,3.9164009851696213,3.925058126449585,656020000
2019-02-26,3.9203586006211872,3.97625767723932,3.8523396206545732,3.885730743408203,488464000
2019-02-27,3.8713846565324657,3.897850016459146,3.7870411676496665,3.8439297676086426,500256000
2019-02-28,3.8377396774458985,3.8600233649660747,3.7971340252599255,3.8194174766540527,324944000
2019-03-01,3.8691846114523383,3.9157326149717138,3.8109996070531196,3.8736414909362793,357188000
2019-03-04,3.9120185178973528,3.9347973615143252,3.8253597864383737,3.8818118572235107,409992000
2019-03-05,3.8662133367413505,3.913504191633946,3.81198982074945,3.8753745555877686,362924000
2019-03-06,3.8664610498022225,3.8748791799768414,3.7619755042596372,3.7646989822387695,403524000
2019-03-07,3.7411777555157997,3.750834131965574,3.6495672080075923,3.695620059967041,450104000
2019-03-08,3.6064851586223226,3.7404347531295925,3.5851917822764676,3.729788064956665,422416000
2019-03-11,3.7533094740706834,4.012542344270088,3.706266081637575,3.9897637367248535,859728000
2019-03-12,4.017495191948236,4.070233010803532,3.9414831322687927,4.023932933807373,579576000
2019-03-13,4.061318396786696,4.204181249254392,4.053890344509894,4.174964904785156,768900000
2019-03-14,4.184127258205856,4.196011956175132,4.091526164801752,4.099201679229736,519384000
2019-03-15,4.142281729108111,4.247014939502149,4.138815399582142,4.204428672790527,661484000
2019-03-18,4.2358728244941215,4.289601400922303,4.156146778303247,4.183135032653809,486992000
2019-03-19,4.27747020210782,4.394830989700251,4.260633942280537,4.350511074066162,854972000
2019-03-20,4.3794802501598085,4.4327134555341265,4.2834128314654505,4.3180766105651855,719148000
2019-03-21,4.341102869772194,4.58052807605089,4.336150834187309,4.5542826652526855,824312000
2019-03-22,4.527048099584981,4.575576733359796,4.3809663334740065,4.394831657409668,747644000
2019-03-25,4.354226317013071,4.418353444907615,4.236618042843589,4.3027262687683105,525212000
2019-03-26,4.444102371215902,4.500059049764365,4.323027795717588,4.379232406616211,703508000
2019-03-27,4.404735188965764,4.451035259026395,4.300744799971149,4.3700714111328125,474372000
2019-03-28,4.396069894129766,4.4542551465713105,4.33565655567904,4.388642311096191,480264000
2019-03-29,4.455243313283615,4.47009941669864,4.4049815329269135,4.445834636688232,456896000
2019-04-01,4.537447435634991,4.54338978523563,4.465892252519744,4.513183116912842,483824000
2019-04-02,4.53719947856981,4.57532911810016,4.494365263005259,4.531009197235107,440920000
2019-04-03,4.580529169936253,4.72908696719544,4.575577133168762,4.670158863067627,783504000
2019-04-04,4.654806175601139,4.703582728669663,4.59860204227738,4.661243915557861,457376000
2019-04-05,4.704325641109393,4.745179222042119,4.66792917508908,4.727847099304199,481744000
2019-04-08,4.69739320876047,4.773652946849277,4.673376356993114,4.748645782470703,424192000
2019-04-09,4.715220510599144,4.726362354526328,4.64391280391559,4.686004161834717,439972000
2019-04-10,4.685262120413046,4.782071929810852,4.680805476521032,4.756321907043457,444772000
2019-04-11,4.758797778090692,4.79024268901286,4.6931849502183125,4.742456436157227,374600000
2019-04-12,4.7810813189665256,4.78504304231926,4.69590828102607,4.704574108123779,471708000
2019-04-15,4.696898147959655,4.701850183617474,4.533484749268529,4.5731000900268555,440092000
2019-04-16,4.612220274177535,4.67882340302873,4.579537596114416,4.660006046295166,394964000
2019-04-17,4.6949183449089205,4.7157163316119775,4.6149447968110735,4.637228488922119,351004000
2019-04-18,4.6439136499988285,4.677834108167068,4.58498554927499,4.612716197967529,380988000
2019-04-22,4.58919424088744,4.682042789821907,4.557749804332199,4.666444301605225,279936000
2019-04-23,4.679566336092608,4.752112286478688,4.669910197465085,4.720914840698242,346856000
2019-04-24,4.731313866275317,4.773900616188951,4.670653083973578,4.73329496383667,318204000
2019-04-25,4.693184905223643,4.7154685960331095,4.548341387214284,4.627819538116455,499296000
2019-04-26,4.474310019505192,4.478767135766609,4.290841456651692,4.409440040588379,868988000
2019-04-29,4.417362120778531,4.467871844571422,4.345311561761806,4.440141201019287,391920000
2019-04-30,4.407954333030912,4.50699270305737,4.388889511735497,4.481490612030029,362920000
2019-05-01,4.533732939797751,4.575824300781846,4.468119644225633,4.468367576599121,354280000
2019-05-02,4.4780238221047926,4.5773096421118185,4.434942147363374,4.5357136726379395,394684000
2019-05-03,4.544132163305182,4.554035763436946,4.469853037182209,4.531257152557373,336824000
2019-05-06,4.345314422863191,4.465151306693164,4.308175076187485,4.453019142150879,422176000
2019-05-07,4.404734701033539,4.404734701033539,4.238102448089224,4.286136150360107,555220000
2019-05-08,4.258654075863931,4.386165945195903,4.246769377249044,4.306192398071289,419168000
2019-05-09,4.237360033834992,4.247016172854094,4.095240009746013,4.21383810043335,660248000
2019-05-10,4.183137637306675,4.248503014696945,4.060577318573798,4.1799187660217285,569500000
2019-05-13,4.048197850899309,4.07122439885991,3.9073155566027387,3.923161745071411,656912000
2019-05-14,3.9627748713886772,4.047205504831226,3.9241500867988903,4.012046813964844,524880000
2019-05-15,3.9565861680085823,3.987535685228147,3.897410847872491,3.951139211654663,502320000
2019-05-16,3.9456924990787705,4.0088295502210025,3.9033536714913817,3.966242790222168,781088000
2019-05-17,3.9243983529422812,4.053395900789907,3.8362541529146705,3.875621795654297,1022068000
2019-05-20,3.7770782421499702,3.832044602329322,3.7325108720313556,3.757270574569702,572064000
2019-05-21,3.8179323897499655,3.8550717152495353,3.7793073589998123,3.8392255306243896,361848000
2019-05-22,3.8006003508083475,3.8265978287979796,3.75751844479888,3.7684128284454346,325868000
2019-05-23,3.706266993246436,3.706266993246436,3.5879161027604103,3.6475868225097656,591844000
2019-05-24,3.6664030037492,3.701561699555245,3.5871723262011903,3.593857526779175,357584000
2019-05-28,3.611437590898888,3.6441202754816437,3.546814838291281,3.548795700073242,428356000
2019-05-29,3.501257225214244,3.5361682325482295,3.440101038310798,3.474764585494995,559800000
2019-05-30,3.477986654424504,3.5136812064222056,3.410067837679183,3.4482412338256836,394300000
2019-05-31,3.399409121089743,3.4665842397642948,3.356030292484083,3.3577654361724854,389720000
2019-06-03,3.3689190984715136,3.4075882072459476,3.286871409080441,3.3161211013793945,478644000
2019-06-04,3.380074668095808,3.5498717215125177,3.358013521019817,3.544666290283203,641836000
2019-06-05,3.618285942697726,3.62373935243207,3.465840576664286,3.502030849456787,511616000
2019-06-06,3.5062451435420043,3.5885408363110862,3.5037662992283582,3.5640008449554443,408140000
2019-06-07,3.569949813087888,3.6408429606015114,3.5508629964225635,3.606635808944702,348856000
2019-06-10,3.662656809374648,3.7476793318866677,3.662656809374648,3.679264783859253,402780000
2019-06-11,3.739002687057581,3.7766803600690517,3.69735924180774,3.736771821975708,383872000
2019-06-12,3.6933931797938406,3.6995902902123228,3.6088666266878255,3.6239871978759766,358892000
2019-06-13,3.646048302277105,3.6933931379177904,3.6284488871211047,3.6750502586364746,308080000
2019-06-14,3.5820960184268884,3.6063880310336267,3.5407003108403656,3.5853183269500732,394428000
2019-06-17,3.5835829437204834,3.6319194595030355,3.5607780974032335,3.5949854850769043,276040000
2019-06-18,3.6562115384735345,3.8448471865550116,3.6453049548652916,3.7895703315734863,581920000
2019-06-19,3.8247695314867194,3.83617183775806,3.769492434784261,3.7955198287963867,331644000
2019-06-20,3.885995259421755,3.899876409205698,3.805434711202738,3.8198115825653076,350168000
2019-06-21,3.804938523304347,3.8540184995073092,3.7553625891879383,3.761807441711426,434428000
2019-06-24,3.78312625533661,3.8136153835795628,3.7360291510928145,3.7841176986694336,282948000
2019-06-25,3.789074704454762,3.863934099675752,3.7521407284212343,3.7548673152923584,311868000
2019-06-26,3.882028763883153,4.008694948974044,3.8691390588718604,3.947716474533081,584072000
2019-06-27,4.033234753133843,4.065211037122441,3.9972922241704474,4.046124458312988,445440000
2019-06-28,4.089998460579333,4.099170134918949,4.024310757808632,4.070911884307861,397668000
2019-07-01,4.277645125023439,4.311852525903724,4.081572872233405,4.119002819061279,709756000
2019-07-02,4.102393790372585,4.123463733399671,4.008200058086192,4.021337509155273,400228000
2019-07-03,4.044635845078449,4.050337231872541,3.974486424496334,4.034224987030029,246636000
2019-07-05,3.9759749757305314,3.9804367057867256,3.908551648600757,3.9717609882354736,396552000
2019-07-08,3.912270157498809,3.931108994720168,3.8669084444589887,3.8969016075134277,329788000
2019-07-09,3.854762196636293,3.927390722295944,3.842120469781752,3.8993804454803467,342860000
2019-07-10,3.9427589731733534,4.024806674809341,3.9288778253043866,3.9675469398498535,452076000
2019-07-11,4.040422057235071,4.162378504350351,4.003240351980227,4.1217265129089355,682560000
2019-07-12,4.149489603741981,4.22558864483207,4.149489603741981,4.1546950340271,506392000
2019-07-15,4.175765807919174,4.191877587104491,4.118010105310479,4.146267890930176,289840000
2019-07-16,4.131394575199453,4.168576288590352,4.08603262955534,4.141557693481445,341444000
2019-07-17,4.143292365625822,4.213690012341834,4.114042672468542,4.206749439239502,348204000
2019-07-18,4.21716224603596,4.281114834233011,4.160645719429872,4.2184014320373535,442192000
2019-07-19,4.256574086615086,4.263018703350953,4.169320472162421,4.175269603729248,344896000
2019-07-22,4.1965873769820705,4.259548508575528,4.189150844164121,4.246658802032471,315940000
2019-07-23,4.285823730358957,4.356220919527254,4.27020696470607,4.354238033294678,428176000
2019-07-24,4.397369154134487,4.434303131051249,4.321518313945671,4.4286017417907715,366236000
2019-07-25,4.38720513851172,4.399847100226015,4.274420344431656,4.297720909118652,392700000
2019-07-26,4.324740369252087,4.386214094427422,4.324740369252087,4.33961296081543,274160000
2019-07-29,4.33242311188116,4.349526798886484,4.245417749177853,4.333414554595947,248160000
2019-07-30,4.287061778523097,4.361177450700526,4.272684675173794,4.349031448364258,197772000
2019-07-31,4.317551641140734,4.3185435570114254,4.1400705645445735,4.1822099685668945,359416000
2019-08-01,4.192620111561201,4.28284803541097,4.035960784856661,4.088015556335449,421212000
2019-08-02,3.9955577850341797,4.064716268579135,3.9482131799050997,3.9955577850341797,428348000
2019-08-05,3.812375055230867,3.8136144773001788,3.690914529185375,3.7377636432647705,589156000
2019-08-06,3.812374563541211,3.857736270728806,3.7288394652871135,3.7764320373535156,361272000
2019-08-07,3.7157022914951865,3.8265042141545442,3.6983508551753905,3.814605951309204,372560000
2019-08-08,3.8721141603502467,3.9241687091173865,3.814854180345954,3.922929286956787,309300000
2019-08-09,3.882028567577463,3.885498854413051,3.7714746375389443,3.821794033050537,341816000
2019-08-12,3.769739980519211,3.821794526165038,3.7323102845376672,3.7541236877441406,279200000
2019-08-13,3.752636680092983,3.914005764872741,3.713719815365377,3.8681480884552,351956000
2019-08-14,3.7801511289732193,3.791305692199871,3.676290008782504,3.719916582107544,419880000
2019-08-15,3.738754544555076,3.7585848219991544,3.6534843042664265,3.6876914501190186,477200000
2019-08-16,3.949947557940962,4.004232727881584,3.888721341218695,3.955152988433838,1007960000
2019-08-19,4.06818754027584,4.249138973581081,4.052075283866336,4.233274459838867,815112000
2019-08-20,4.2278195977279545,4.228315555656023,4.140070503796948,4.161140441894531,463188000
2019-08-21,4.22707624393112,4.29945679431367,4.205510818927859,4.244427680969238,427244000
2019-08-22,4.254095898234614,4.2964830534906335,4.211460527564616,4.2506256103515625,303488000
2019-08-23,4.1742780845028475,4.228563495368226,4.006711906139541,4.0265421867370605,568056000
2019-08-26,4.105119141208708,4.129163404115451,4.062979745491093,4.1011528968811035,318208000
2019-08-27,4.139325664320654,4.142052250196877,3.981427170880689,4.010676860809326,290968000
2019-08-28,3.984377275928954,4.052859302388664,3.94517343006626,4.0002570152282715,255612000
2019-08-29,4.09156616161059,4.175928389541459,4.088092439516701,4.143672466278076,357976000
2019-08-30,4.189823101263714,4.239448106163374,4.138213247610987,4.1563262939453125,290616000
2019-09-03,4.083627083659792,4.1166274499411415,4.050626717378443,4.073453903198242,296140000
2019-09-04,4.133995918409182,4.194786537943837,4.133995918409182,4.187342643737793,227728000
2019-09-05,4.289320824737236,4.465985130466954,4.287583963874514,4.459782123565674,695676000
2019-09-06,4.436457629111296,4.493278057015207,4.394772972102614,4.432735919952393,376976000
2019-09-09,4.4637522898818425,4.564987152602954,4.462263416626171,4.478639602661133,417524000
2019-09-10,4.445887387995308,4.571686297593129,4.436210658009127,4.545137405395508,352812000
2019-09-11,4.559776452935597,4.621807473399679,4.5307457914876315,4.573671340942383,361512000
2019-09-12,4.620071765636443,4.6746589068972995,4.5642437386314505,4.572183609008789,327840000
2019-09-13,4.505685658905281,4.542656191686492,4.47069997506587,4.514369964599609,324592000
2019-09-16,4.439437615064883,4.5059348042900425,4.429016445554475,4.471445560455322,231832000
2019-09-17,4.478145170088164,4.497002660293803,4.431745881458406,4.49278450012207,223048000
2019-09-18,4.485836191910457,4.50146794370118,4.379390729822373,4.465737819671631,258152000
2019-09-19,4.4716919031420375,4.4900534102224805,4.379637799741761,4.390307426452637,245476000
2019-09-20,4.389316957009467,4.412888584167326,4.274683610254921,4.28485631942749,350244000
2019-09-23,4.285103736213856,4.383608854453236,4.281381552536594,4.338201999664307,249712000
2019-09-24,4.369465611551954,4.3989922511248905,4.245403559873673,4.280885219573975,317268000
2019-09-25,4.280388033094018,4.441917038852592,4.235725626464752,4.4223151206970215,308432000
2019-09-26,4.412638803204647,4.4213231082739,4.349366896832507,4.400232315063477,234564000
2019-09-27,4.358548034890815,4.409165469798091,4.201237158861238,4.26177978515625,362056000
2019-09-30,4.287584600438513,4.329269267332629,4.256320627008765,4.319096088409424,186184000
2019-10-01,4.34217243287037,4.491047010934916,4.312645789053364,4.317359924316406,366008000
2019-10-02,4.295523895897131,4.307433934350846,4.2213348532172725,4.293539047241211,293372000
2019-10-03,4.298007250277595,4.504942729353566,4.267736164121805,4.498739719390869,450588000
2019-10-04,4.500971432868056,4.5443934382819275,4.4359631285480425,4.515114784240723,265524000
2019-10-07,4.579874348336966,4.673168866816315,4.571190043332724,4.573671340942383,480984000
2019-10-08,4.482113596779682,4.482113596779682,4.379390327827567,4.39750337600708,444436000
2019-10-09,4.474173273041271,4.533227019421583,4.445391073078044,4.483850002288818,292412000
2019-10-10,4.481616088679843,4.592279188870893,4.4764055070096544,4.5414137840271,309124000
2019-10-11,4.62528122390011,4.697981398600452,4.606423740557816,4.6148600578308105,446404000
2019-10-14,4.606175486565861,4.649101038214642,4.575159974748541,4.62825870513916,200040000
2019-10-15,4.718328018520987,4.944865345798221,4.704432656393893,4.87241268157959,664124000
2019-10-16,4.838420013873234,4.943128605047771,4.8074045009637905,4.818818092346191,428944000
2019-10-17,4.86323371063679,4.908144123758238,4.766464964828939,4.820804595947266,263436000
2019-10-18,4.821301111016897,4.853805508874148,4.652328596952768,4.726517677307129,307440000
2019-10-21,4.787804517427591,4.876881394301317,4.768947024940553,4.863482475280762,261868000
2019-10-22,4.920300838221016,5.0252574148366165,4.845863798218304,4.853555679321289,328720000
2019-10-23,4.771674477667987,4.854795818554513,4.739914530586785,4.840652942657471,279916000
2019-10-24,4.881841316678145,4.918067411363147,4.8478485319089915,4.884571075439453,232020000
2019-10-25,4.964964234557789,5.0959737537874785,4.95727235193186,5.075131416320801,423092000
2019-10-28,5.11880100719679,5.183313342999633,5.089522349919318,5.130959510803223,330792000
2019-10-29,5.117063447958273,5.123514917288467,5.015581059249241,5.0349345207214355,211236000
2019-10-30,5.061732101187581,5.067439134059727,4.968933541298537,5.036919593811035,205960000
2019-10-31,5.0160772916046446,5.036919627567306,4.908143428041418,4.987791061401367,209732000
2019-11-01,4.952557687400017,5.059003157203133,4.927497190501189,5.026747226715088,283640000
2019-11-04,5.107635161973665,5.235419415070301,5.0845599881369195,5.223012924194336,376716000
2019-11-05,5.222763922024642,5.248816837915492,5.153041018598312,5.200929164886475,300868000
2019-11-06,5.176860644912417,5.202417109724963,5.064460188210242,5.151800155639648,269012000
2019-11-07,5.238147862634401,5.252787188243311,5.124754967800568,5.169417381286621,280340000
2019-11-08,5.152545073202675,5.187034306800953,5.115078093051343,5.155522346496582,189100000
2019-11-11,5.1547785599665294,5.188523361182357,5.068679459008743,5.165448188781738,243436000
2019-11-12,5.2036584503713526,5.256757179837685,5.168672768132822,5.200929164886475,283504000
2019-11-13,5.1696656005734,5.197207391905786,5.108875458696897,5.175124645233154,300188000
2019-11-14,5.184058340052732,5.207630439740375,5.124260606519312,5.205397129058838,518080000
2019-11-15,5.203161872194428,5.254771727110094,4.9783614179687765,5.066445827484131,1053628000
2019-11-18,5.0590017841364725,5.293726948648811,5.0560245110225575,5.267178058624268,574588000
2019-11-19,5.236163163136437,5.259734782811542,5.102672367728209,5.160733222961426,414564000
2019-11-20,5.137907423108266,5.323504103527588,5.125252942650369,5.239886283874512,472588000
2019-11-21,5.235419469967482,5.29099903524504,5.193486334907724,5.215073108673096,288388000
2019-11-22,5.237651025737851,5.28405029690506,5.209116813293341,5.232688903808594,224100000
2019-11-25,5.360474506227291,5.493717346201479,5.347572038234067,5.488754749298096,506476000
2019-11-26,5.471136134479743,5.4758507421905955,5.377841610563299,5.384293079376221,385244000
2019-11-27,5.4297329618014505,5.46399899846414,5.392735152261117,5.419055461883545,215784000
2019-11-29,5.388266417967206,5.41657304466473,5.357972530434071,5.381810188293457,141556000
2019-12-02,5.37485663201326,5.388265430503943,5.1806805399113,5.195827007293701,372036000
2019-12-03,5.0125777583707425,5.160320379056722,4.975331771281079,5.156347751617432,465232000
2019-12-04,5.239777554688436,5.262125237158131,5.1714931798569586,5.200048446655273,273424000
2019-12-05,5.221900073212716,5.237543357075451,5.1526220643241505,5.183164119720459,184884000
2019-12-06,5.252193808646158,5.301110450292041,5.242261293676923,5.268333435058594,232236000
2019-12-09,5.245489408402762,5.322961320172626,5.236798694608872,5.268333435058594,211880000
2019-12-10,5.298378472688952,5.364925183754723,5.245737376765178,5.313277244567871,256388000
2019-12-11,5.323705549299849,5.402170606689801,5.321222420910559,5.396707534790039,233796000
2019-12-12,5.367905134665788,5.581945822911809,5.358966249624642,5.563819408416748,404348000
2019-12-13,5.566800116909639,5.6857393064919535,5.507950949214585,5.56183385848999,454704000
2019-12-16,5.609259482123776,5.662893736864883,5.58120055357763,5.590636253356934,320976000
2019-12-17,5.609258882070009,5.6912002273833044,5.599823183300094,5.668604373931885,321196000
2019-12-18,5.703368234873497,5.759237451477673,5.694925691278481,5.698898792266846,343548000
2019-12-19,5.733413138739753,5.860049864322609,5.728446881201196,5.8466410636901855,445360000
2019-12-20,5.912938223291909,5.969055598734315,5.893818655681329,5.943728446960449,603044000
2019-12-23,5.9722840686250755,6.0043156215903055,5.919394804297216,5.930071830749512,355060000
2019-12-24,5.914678144062526,5.942240261753774,5.880411625071578,5.925107002258301,138864000
2019-12-26,5.928582504727154,5.96731846159525,5.909711104693334,5.939260005950928,182852000
2019-12-27,5.95440666121821,5.9678154624624895,5.855332044762571,5.88165283203125,254644000
2019-12-30,5.859801829264254,5.8650162577180085,5.737386372392708,5.768672943115234,258056000
2019-12-31,5.733413233709171,5.852104233361392,5.714293662838255,5.842668533325195,231004000
2020-01-02,5.9283346184940875,5.9571380615234375,5.87792847479062,5.9571380615234375,237536000
2020-01-03,5.837701493917199,5.905489527898822,5.812870682746855,5.86178731918335,205384000
2020-01-06,5.768672347337643,5.891584133115414,5.742600207761552,5.886369705200195,262636000
2020-01-07,5.914678168348962,6.003323936985491,5.869734620146879,5.957635402679443,314856000
2020-01-08,5.953413060374501,6.010027258014917,5.913435777645766,5.968808174133301,277108000
2020-01-09,6.054970904760999,6.106618845916107,5.980727107752627,6.034361362457275,255112000
2020-01-10,6.141382911321963,6.171676330159924,6.052488968749053,6.0666422843933105,316296000
2020-01-13,6.149576480886754,6.281923983662668,6.126980149927382,6.256844997406006,319840000
2020-01-14,6.214135205399541,6.239462833086717,6.126979427600585,6.140140056610107,359088000
2020-01-15,6.152804805138233,6.175152494161595,6.071856593539559,6.097680568695068,263104000
2020-01-16,6.151065616620908,6.187070273217819,6.127724774613784,6.181110858917236,284192000
2020-01-17,6.200231505070186,6.207680892640402,6.142375968406058,6.189802646636963,253792000
2020-01-21,6.153301311440246,6.190050958426522,6.122511079468189,6.156529426574707,217916000
2020-01-22,6.201719881814991,6.296821384646895,6.182848483712182,6.2104105949401855,239240000
2020-01-23,6.25038990641841,6.287139081474139,6.161744136844011,6.278696537017822,244516000
2020-01-24,6.393910339538206,6.443571968511958,6.165467698754059,6.219598770141602,373512000
2020-01-27,5.91566936319543,6.015240772317174,5.766436808495874,5.9643378257751465,470536000
2020-01-28,6.030139760177138,6.1895530171885635,5.977001849970545,6.157273292541504,310976000
2020-01-29,6.142872452573034,6.178877113475648,6.0572061577627805,6.096935749053955,258848000
2020-01-30,5.9993496142246245,6.117047448911372,5.944474034228208,6.103638648986816,290504000
2020-01-31,6.057951111711317,6.069869941674612,5.8290121077994055,5.8707275390625,370420000
2020-02-03,5.852600426682379,5.986934708189254,5.846392841617823,5.967566967010498,255564000
2020-02-04,6.109101537748103,6.155535047308561,6.059191742920374,6.136415004730225,271544000
2020-02-05,6.257093118185327,6.267273804534784,6.143368372698854,6.226551532745361,208220000
2020-02-06,6.260817085167685,6.313209533691406,6.1798688956538586,6.313209533691406,218284000
2020-02-07,6.273234011415952,6.295333529765175,6.221834231565014,6.247161865234375,189752000
2020-02-10,6.269757213066146,6.530479600799783,6.264790955072942,6.529735088348389,529608000
2020-02-11,6.637747932218731,6.766370970308543,6.575919305118348,6.6519012451171875,638556000
2020-02-12,6.704542242184371,6.773820254487021,6.66580628678317,6.767364025115967,374644000
2020-02-13,6.7095085866977415,6.79070495481685,6.6821946441272795,6.72366189956665,528016000
2020-02-14,7.132872187223781,7.3243170050003235,7.101585618170038,7.1956939697265625,1041924000
2020-02-18,7.092646240797741,7.382421154368142,7.073278500086372,7.364046096801758,620164000
2020-02-19,7.486213518147479,7.831857176120988,7.486213518147479,7.814227104187012,694332000
2020-02-20,7.766304555761992,7.85445349985836,7.358584075955059,7.665243625640869,810052000
2020-02-21,7.553256172115003,7.578335155313168,7.217296402519011,7.301969051361084,768180000
2020-02-24,6.709011073491668,6.999034134209443,6.6546318384086485,6.785737991333008,856916000
2020-02-25,6.8607288806333,6.922557520223502,6.4053334902319055,6.506891250610352,1055496000
2020-02-26,6.507138012452967,6.839621511425255,6.505648514112078,6.645941734313965,747732000
2020-02-27,6.333136140736128,6.633767803366144,6.183814297198913,6.275991439819336,906416000
2020-02-28,6.024056858575295,6.769423944264948,6.007410467266816,6.710042953491211,1133252000
2020-03-02,6.879739659159656,6.896883166091774,6.484694989717539,6.8680620193481445,890744000
2020-03-03,6.9237166272843185,6.983345951261071,6.520969778803869,6.606190204620361,652792000
2020-03-04,6.713273723231877,7.07825514478719,6.638736722285123,7.068813800811768,597408000
2020-03-05,6.869801250527407,7.036266618537501,6.745573378098731,6.7900471687316895,540328000
2020-03-06,6.610908530328439,6.668302014749807,6.410156205287758,6.609914779663086,515412000
2020-03-09,5.960453109775377,6.444941989409287,5.917718976759138,6.098097801208496,614160000
2020-03-10,6.373882454356786,6.4866814613342285,6.111762085086141,6.4866814613342285,580648000
2020-03-11,6.347049469826052,6.375373500467724,6.02679016858534,6.123687744140625,499964000
2020-03-12,5.601682018569501,5.866535787380021,5.361673914199751,5.374345302581787,816540000
2020-03-13,5.726904246684154,5.988279679616138,5.456336262840261,5.983807563781738,634836000
2020-03-16,5.277446673977681,5.61758282996687,4.820039885736427,4.879669189453125,726972000
2020-03-17,4.991723260570334,5.48739257970352,4.745503860622238,5.398196697235107,833632000
2020-03-18,4.971597639823064,5.216077814958566,4.489096905227361,5.039177417755127,874268000
2020-03-19,5.017812979218908,5.384782480902775,4.804886751479359,5.29136323928833,765512000
2020-03-20,5.441178645242527,5.722430433719786,5.096570874469085,5.111975193023682,804636000
2020-03-23,5.110981281037893,5.378568423181183,4.932341691721579,5.284403324127197,643876000
2020-03-24,5.689635534109391,6.277482011070205,5.666032412800152,6.191019058227539,1101644000
2020-03-25,6.305805593471,6.505067080541429,6.053871523402629,6.102569103240967,793432000
2020-03-26,6.309284089634278,6.51500567196271,6.211392763360578,6.391274929046631,696108000
2020-03-27,6.211392473893671,6.537366419164007,6.178596329213779,6.279221057891846,638828000
2020-03-30,6.344565875032006,6.607929311957334,6.300589195787831,6.59873628616333,602252000
2020-03-31,6.638735812991768,6.842469875227869,6.403945263646195,6.549292087554932,949960000
2020-04-01,6.351771819080358,6.49786364712741,5.994740813490309,6.039214134216309,656912000
2020-04-02,6.06828211430881,6.360466172613561,6.020330439771605,6.3472981452941895,675764000
2020-04-03,6.309782657987004,6.351274725727074,5.922937224558074,6.060084819793701,663212000
2020-04-06,6.341584633964066,6.705324028034606,6.2841911317723405,6.668552398681641,727884000
2020-04-07,6.889676079722989,6.913279673254459,6.392764706231681,6.4357476234436035,784520000
2020-04-08,6.54457209541664,6.657371111088002,6.474756003192719,6.632525444030762,542444000
2020-04-09,6.75799563614717,6.780853326872135,6.47028368318691,6.533143043518066,525564000
2020-04-13,6.473513100836527,6.713272880415038,6.385311444319896,6.7045769691467285,398408000
2020-04-14,6.832533575246531,7.088939823782434,6.804954970014636,7.054901599884033,530948000
2020-04-15,6.887192650096263,7.060366418638952,6.841973904473054,6.977630615234375,366148000
2020-04-16,7.132666967595268,7.4288260502279275,7.119498939335271,7.321990013122559,745620000
2020-04-17,7.4039804904478155,7.425347792957144,7.129188706028905,7.262857913970947,539120000
2020-04-20,7.136641723005758,7.2921748539610265,7.087695825238775,7.13192081451416,449388000
2020-04-21,7.014153773290799,7.075273479581441,6.6365009587876695,6.696130275726318,735160000
2020-04-22,6.8879379344289635,7.152295094093899,6.842470870529456,7.109560489654541,483356000
2020-04-23,7.151548667594547,7.283229879784153,7.031295825709126,7.056389808654785,424160000
2020-04-24,7.046204988864382,7.197017237436438,6.971667981991772,7.1950297355651855,352328000
2020-04-27,7.329196381486133,7.540632185219082,7.304599030722726,7.3811235427856445,479388000
2020-04-28,7.528207409397369,7.558022301469902,7.233539222714368,7.239005088806152,442904000
2020-04-29,7.373419918837021,7.46808167070093,7.298386285060615,7.415409088134766,379160000
2020-04-30,7.361494701113532,7.4154098329912435,7.2479507252078275,7.261864185333252,375916000
2020-05-01,7.064837711480267,7.177885036259341,6.977629802301647,7.025830268859863,342096000
2020-05-04,6.9786235872010405,7.250931203108053,6.9786235872010405,7.2372660636901855,317556000
2020-05-05,7.3411215423924565,7.460380176917266,7.237266757199791,7.298138618469238,368896000
2020-05-06,7.37739587501728,7.503362917200423,7.339630499507867,7.3987627029418945,323464000
2020-05-07,7.5376498918987815,7.637777522329543,7.486468166152815,7.57466983795166,373732000
2020-05-08,7.646224187677115,7.77045203954479,7.612434291582904,7.764240741729736,339216000
2020-05-11,7.759271740488808,8.062388011187469,7.730699390591938,8.015678405761719,469060000
2020-05-12,8.073318243348975,8.122015341347776,7.744611410182353,7.754301071166992,493060000
2020-05-13,7.868592632588932,8.02859789180375,7.547836208662022,7.731942176818848,625852000
2020-05-14,7.7933121054428804,7.986362340519687,7.640014754755902,7.980896472930908,602312000
2020-05-15,7.8410132881203465,8.44799027470349,7.825360647564114,8.438301086425781,987660000
2020-05-18,8.706383329298868,8.861419800060519,8.626877592669787,8.696196556091309,774460000
2020-05-19,8.735949308514005,9.031362884264832,8.708619034200986,8.751105308532715,717320000
2020-05-20,8.935462935324942,8.9871417777898,8.833844433095647,8.914592742919922,587536000
2020-05-21,8.995587009812692,8.99658028664725,8.683526534995123,8.721043586730957,761068000
2020-05-22,8.770734713042978,9.036831514550855,8.65942703996952,8.97049331665039,1038764000
2020-05-26,9.100185812231855,9.12503194861191,8.618430459053387,8.663897514343262,770780000
2020-05-27,8.571722899357706,8.579424587408813,7.9473535129374895,8.472589492797852,1175892000
2020-05-28,8.360287817879668,8.706387094062297,8.327491663644077,8.434576988220215,734896000
2020-05-29,8.501657646038316,8.820674896240234,8.432586984658801,8.820674896240234,745256000
2020-06-01,8.778686633499351,8.786140002346322,8.63582439463739,8.751852989196777,389876000
2020-06-02,8.741913641016255,8.782659789629411,8.604517298064136,8.770733833312988,391320000
2020-06-03,8.76775199001811,8.811479859344383,8.646256620985332,8.715327262878418,365440000
2020-06-04,8.678041533816561,8.89205948059891,8.627830673954769,8.71632194519043,424280000
2020-06-05,8.74416371287131,8.945504066976902,8.658158641672431,8.868945121765137,481748000
2020-06-08,8.826438305141293,8.838866568264795,8.636034697013924,8.754602432250977,387736000
2020-06-09,8.749632267006549,9.057608978908226,8.701161369707968,8.994223594665527,468488000
2020-06-10,9.115276667601618,9.445624603112948,9.101107479710079,9.31313705444336,632180000
2020-06-11,9.097631494473028,9.208244702326745,8.735715402553208,8.745906829833984,583652000
2020-06-12,9.110058437847792,9.134666537472798,8.653436526345065,8.88137435913086,570908000
2020-06-15,8.764794008236555,9.129693016162985,8.69370248342079,9.121241569519043,400004000
2020-06-16,9.172200921487875,9.213711919077781,8.788161137420968,9.016595840454102,535716000
2020-06-17,9.061587043912771,9.245776080449938,9.0183351251666,9.183136940002441,408304000
2020-06-18,9.174188600931451,9.229370971612544,9.062332316008169,9.165240287780762,254408000
2020-06-19,9.189601443060338,9.390941840343315,9.174438520649856,9.208243370056152,524160000
2020-06-22,9.246771661468518,9.476697912993025,9.220174203686891,9.472223281860352,398468000
2020-06-23,9.496332960119092,9.587309525836865,9.353654927459205,9.39591121673584,375108000
2020-06-24,9.422013440147458,9.501804874068604,9.092162257590573,9.182641983032227,449372000
2020-06-25,9.302201948489339,9.450597738483603,9.129694924322715,9.435683250427246,376072000
2020-06-26,9.445627697411371,9.445627697411371,9.072773972513554,9.102602005004883,592084000
2020-06-29,9.117266222856149,9.151817312552694,8.849059572517856,9.147342681884766,342248000
2020-06-30,9.260688628625926,9.471723508714437,9.213460850621935,9.443387031555176,367892000
2020-07-01,9.466255678772631,9.520941176102271,9.359122473225884,9.475452423095703,326648000
2020-07-02,9.583829361365101,9.681765828943993,9.523427067505946,9.557232856750488,364056000
2020-07-06,9.685989553860882,9.852033490649278,9.65690683203007,9.782931327819824,315892000
2020-07-07,9.889321207970426,10.012362642023092,9.79436782317376,9.815247535705566,357800000
2020-07-08,9.936549995462096,10.16647718547054,9.90846194337441,10.157527923583984,365480000
2020-07-09,10.320835811494605,10.509499445424936,10.174925327215476,10.448848724365234,494548000
2020-07-10,10.528144672391011,10.594263768223163,10.319346579441985,10.419271469116211,497676000
2020-07-13,10.534356593084116,10.73047698922072,9.96761851491164,9.994712829589844,457076000
2020-07-14,10.017337234248702,10.34321161679843,9.72949390388349,10.317608833312988,542676000
2020-07-15,10.354643532436837,10.373285456655864,9.9981949595581,10.168713569641113,403984000
2020-07-16,9.957677561652746,10.14832961882827,9.8388613835981,10.076742172241211,344964000
2020-07-17,10.166974030828735,10.189842154212721,10.03001277488039,10.143111228942871,266284000
2020-07-20,10.21544491768399,10.470973936765288,10.098617130568732,10.450591087341309,284852000
2020-07-21,10.452827165470543,10.499559035477194,10.227872436950578,10.269383430480957,277036000
2020-07-22,10.308159471542753,10.54181405224988,10.23259426307041,10.37900161743164,367292000
2020-07-23,10.390188199099878,10.486633131352665,9.973835145892702,10.071771621704102,411660000
2020-07-24,9.818479092225905,10.305425850353402,9.721040433377166,10.136150360107422,473292000
2020-07-27,10.173685827717728,10.38198611518215,10.159268204168063,10.361852645874023,292132000
2020-07-28,10.31487394684012,10.322579150159058,10.150818353408443,10.157032012939453,271636000
2020-07-29,10.33127653908729,10.456057943379921,10.287777140002785,10.405598640441895,284508000
2020-07-30,10.315616995996077,10.562197671691823,10.23632339743743,10.55324935913086,308880000
2020-07-31,10.502789580184212,10.704877134724839,10.373285104214844,10.553995132446289,386080000
2020-08-03,10.671070091242163,11.035223811270463,10.65391876498306,10.947230339050293,412720000
2020-08-04,10.98675327923711,11.163485527038574,10.84357743926811,11.163485527038574,310336000
2020-08-05,11.179643221178804,11.306661465559195,11.102338033544148,11.222147941589355,249924000
2020-08-06,11.284789542978082,11.292992559456534,11.114768727732969,11.270621299743652,244316000
2020-08-07,11.24775298021625,11.438902888927283,10.974327320204562,11.13539981842041,342516000
2020-08-10,11.269375985990894,11.342951836490055,10.794359735838071,11.101094245910645,427796000
2020-08-11,11.010368494518175,11.073008586632106,10.733959759991317,10.7878999710083,354512000
2020-08-12,10.927842871271675,11.40136666941188,10.895528625086735,11.374770164489746,464412000
2020-08-13,11.479915466163844,11.654660281162782,11.290754924571592,11.3775053024292,374460000
2020-08-14,11.464006479493863,11.637756604352083,11.375019266250126,11.497812271118164,366436000
2020-08-17,11.783417060907157,12.338720679866736,11.749612219421017,12.266386985778809,621300000
2020-08-18,12.378740485765862,12.424477676202287,12.01707295308066,12.190573692321777,503448000
2020-08-19,12.226119746907969,12.244513237961666,12.028755255290813,12.069024085998535,622624000
2020-08-20,11.906461006424056,12.30417121176024,11.810761365998337,12.071510314941406,921388000
2020-08-21,12.131910646894115,12.735436709967265,12.125447608200558,12.6109037399292,999868000
2020-08-24,12.810008752365281,12.8385946165752,12.435911984887685,12.647444725036621,490564000
2020-08-25,12.558455188322542,12.68820808728753,12.501781279435177,12.677022933959961,289076000
2020-08-26,12.725989774147282,12.794843509741666,12.605185196211957,12.69989013671875,321244000
2020-08-27,12.70833988594655,12.776448314895612,12.494570371885285,12.555967330932617,317604000
2020-08-28,12.60245349059197,13.072745800414442,12.570139242268583,13.072497367858887,537160000
2020-08-31,13.107296770619834,13.497301743517985,12.963127187794592,13.29794979095459,500840000
2020-09-01,13.406853896827913,13.9178162444731,13.36358999116668,13.746004104614258,511316000
2020-09-02,14.623964634932472,14.646840546330916,13.824575879843783,14.268653869628906,874012000
2020-09-03,13.75371044591522,13.809157822383906,12.808865638922967,12.944873809814453,945128000
2020-09-04,12.714383643840854,13.103511288247317,11.641238886565278,12.554009437561035,1463684000
2020-09-08,11.67082842971862,12.481903777414194,11.640742968653129,11.848360061645508,795728000
2020-09-09,12.332714361952345,12.739743935097291,12.165377241772093,12.646005630493164,736200000
2020-09-10,12.918767098090333,12.994354914581717,12.100978478450475,12.244943618774414,698684000
2020-09-11,12.417751873748696,12.583845521051666,11.83120166985141,12.098493576049805,636928000
2020-09-14,13.010020502713123,13.242750033631548,12.562710979011644,12.80240249633789,1201744000
2020-09-15,13.20794269690055,13.226591149442848,12.758147067598735,12.920511245727539,727556000
2020-09-16,12.886941792074117,13.021706504588948,12.445848717637983,12.44659423828125,556384000
2020-09-17,12.066419314288503,12.52143733948817,11.969448508524536,12.395872116088867,792512000
2020-09-18,12.525413979484178,12.563953411285826,11.923697276841326,12.123108863830566,698460000
2020-09-21,11.860292243862816,12.454549912007502,11.83990329972909,12.449328422546387,721044000
2020-09-22,12.506766345855947,12.579370193536365,12.089543202829288,12.569175720214844,646452000
2020-09-23,12.507263849012158,12.657942495758004,12.013707338704753,12.057965278625488,647012000
2020-09-24,12.006743398377193,12.501294804313572,11.948809052122478,12.280996322631836,731240000
2020-09-25,12.37995930307491,12.81359341042278,12.179304208660158,12.803895950317383,588016000
2020-09-28,12.969492081929529,12.980930038377432,12.680817182936027,12.96427059173584,573808000
2020-09-29,12.867298209631182,13.369806586512889,12.863071696016648,13.153984069824219,621460000
2020-09-30,13.086103752297042,13.548580675580677,13.078893259891974,13.457079887390137,689184000
2020-10-01,13.683348208064956,13.688071736035704,13.387710370072455,13.540626525878906,525004000
2020-10-02,13.153239241621401,13.446140634224474,12.98018265968585,12.991372108459473,552496000
2020-10-05,13.164179678210838,13.570214312585838,13.151001225511452,13.568473815917969,479820000
2020-10-06,13.754956254284847,14.065263568306756,13.590851607157786,13.66196346282959,784420000
2020-10-07,13.92378768544491,14.042639439434828,13.788276482852954,13.88823127746582,418084000
2020-10-08,13.998626515827448,14.00807546805278,13.683347172141852,13.76365852355957,378900000
2020-10-09,13.692298713449562,13.749238090470126,13.586625429092514,13.688071250915527,346892000
2020-10-12,13.91359008305016,14.269150288914334,13.837008235079223,14.14880657196045,434744000
2020-10-13,14.218924969070205,14.270642853771273,13.942682072541785,14.170936584472656,344604000
2020-10-14,14.212957463317636,14.264923856549403,13.884251150985698,14.018767356872559,276100000
2020-10-15,13.735809428920685,13.929751006700569,13.693042537607855,13.894195556640625,267224000
2020-10-16,13.96058405122219,14.044874357852594,13.717659097272511,13.736556053161621,242392000
2020-10-19,13.82756165113079,13.907624505901477,13.334004171483173,13.424510955810547,298068000
2020-10-20,13.509794010029397,13.724871025768707,13.433709170027877,13.571457862854004,229212000
2020-10-21,13.55106984318131,13.716666494155783,13.404370150058263,13.451363563537598,219596000
2020-10-22,13.449127329584885,13.537892674582903,13.159954430178722,13.288503646850586,290480000
2020-10-23,13.37701701892779,13.519490174370686,13.21912885025494,13.51650619506836,233484000
2020-10-26,13.354144270624808,13.618452225556153,12.96775208441768,13.069944381713867,336896000
2020-10-27,13.233802153921825,13.369064855419346,13.119923378916424,13.324060440063477,250520000
2020-10-28,13.126388844691007,13.188052711675699,12.54058495383574,12.558486938476562,376520000
2020-10-29,12.768838326092173,13.121166120183615,12.680818504298344,12.95333194732666,320080000
2020-10-30,12.780272480919278,12.866302324786236,12.233256753800275,12.465987205505371,416820000
2020-11-02,12.589068316716522,12.767096951899822,12.32774434236848,12.512486457824707,299652000
2020-11-03,12.639544890552855,13.033893157969803,12.534368595745603,12.948857307434082,272900000
2020-11-04,13.316598246406535,13.752470792021674,13.264631851760678,13.719400405883789,410228000
2020-11-05,14.08565499600529,14.261196681458742,13.915085345992704,14.083168029785156,319028000
2020-11-06,14.033188045302696,14.50958900610018,13.819603973147315,14.48298454284668,383348000
2020-11-09,14.473537042533199,14.61178275956872,13.536897458927408,13.556788444519043,582976000
2020-11-10,13.532668624695363,13.532668624695363,12.559727213621446,12.700708389282227,644068000
2020-11-11,12.982918253581106,13.362099908071459,12.877990493799244,13.345191955566406,404744000
2020-11-12,13.405863195675428,13.69130564112091,13.243747525525295,13.383733749389648,365812000
2020-11-13,13.553304602279749,13.594579503194321,12.988386882116803,13.224846839904785,346312000
2020-11-16,13.101021962780749,13.575433861635306,13.084611974472585,13.441912651062012,413776000
2020-11-17,13.478962824136428,13.52247524343966,13.231562827098397,13.349419593811035,312028000
2020-11-18,13.39218838981243,13.531926113672368,13.113459411386144,13.355886459350586,510924000
2020-11-19,13.141056448609183,13.414315378972356,13.028918190667222,13.367321968078613,565936000
2020-11-20,13.380996827726403,13.42127675687941,12.994106718659982,13.01673412322998,341088000
2020-11-23,13.099781223360337,13.309884305156885,12.94487607234443,13.068700790405273,361356000
2020-11-24,13.071186853481274,13.090580823661265,12.815084388554446,12.887439727783203,346500000
2020-11-25,12.96178411756884,13.197497637148764,12.94935213399809,13.162936210632324,259916000
2020-11-27,13.302424222397182,13.33474813562024,13.09903368840049,13.189291000366211,167276000
2020-11-30,13.1930242779278,13.339723978938197,12.901862386621666,13.32878303527832,286952000
2020-12-01,13.419039943942463,13.455341867991653,13.156471550429629,13.317344665527344,296948000
2020-12-02,13.278058816081627,13.599306136815693,13.162439563503987,13.471006393432617,283360000
2020-12-03,13.517766430386201,13.589894576674254,13.260593943208093,13.327249526977539,199520000
2020-12-04,13.37947715956388,13.490405637857798,13.320034212669325,13.488664627075195,202244000
2020-12-07,13.531442259514337,13.660775157722723,13.430712221462855,13.536913871765137,223244000
2020-12-08,13.515277208917487,13.528956715154852,13.213334699311595,13.28148365020752,271920000
2020-12-09,13.232237965404359,13.34515509436293,12.802206372644868,12.864385604858398,401300000
2020-12-10,12.802952434607922,13.001677197887197,12.78355178644564,12.905672073364258,207764000
2020-12-11,12.900697287883272,12.95317714039091,12.75718771417098,12.94646167755127,209264000
2020-12-14,13.020828245041423,13.32003447401288,13.010382180140862,13.240445137023926,270156000
2020-12-15,13.370774767503343,13.394900342976547,13.11907389477602,13.291932106018066,193016000
2020-12-16,13.353609357953253,13.36828413251128,13.144687134351264,13.17453384399414,223116000
2020-12-17,13.2981479389699,13.310833124873806,13.110864499454864,13.27277946472168,231384000
2020-12-18,13.31033340523875,13.336199985751847,13.003417409299962,13.203883171081543,342064000
2020-12-21,13.007645399918461,13.30138000486994,12.900945634831366,13.263823509216309,302332000
2020-12-22,13.25089297888134,13.26880025003233,12.98700409143935,13.210103034973145,185580000
2020-12-23,13.187967415608872,13.206869957358288,12.938256138787487,12.942483901977539,179144000
2020-12-24,12.970338727219502,13.065100006417657,12.872344955272986,12.927062034606934,97884000
2020-12-28,12.9954590638984,12.9954590638984,12.69774525994913,12.833792686462402,212564000
2020-12-29,12.858663762892384,13.005406770053444,12.776338151206707,12.876819610595703,170372000
2020-12-30,12.923580016159637,13.145933201726493,12.830560696633615,13.078282356262207,225396000
2020-12-31,13.069077859414788,13.08350310484441,12.848714303542376,12.987996101379395,192424000
2021-01-04,13.036995675741743,13.582432117374609,12.89597283811847,13.046197891235352,560640000
2021-01-05,13.032517804717118,13.374503578803857,13.019833567840328,13.335952758789062,322760000
2021-01-06,13.15463928774817,13.177023851121177,12.521406527298588,12.549759864807129,580424000
2021-01-07,12.900949560630512,13.309094787492663,12.820365881049895,13.275517463684082,461480000
2021-01-08,13.293920064625954,13.35211916574799,12.975064589250893,13.208609580993652,292528000
2021-01-11,13.349882219992052,13.88934991932038,13.293921285257271,13.551591873168945,518344000
2021-01-12,13.681918228400308,13.683908768453083,13.276510305945383,13.415542602539062,291476000
2021-01-13,13.420765571709692,13.555072944184918,13.316304914526613,13.462301254272461,210028000
2021-01-14,13.505330358708365,13.529953094168745,13.112855226974897,13.132503509521484,283120000
2021-01-15,13.16010939853899,13.25686026552302,12.782557674546371,12.793500900268555,277780000
2021-01-19,12.94944518994785,13.026796351578763,12.7780794490241,12.958399772644043,226188000
2021-01-20,13.044455477389974,13.361569918313185,12.9897384021598,13.297152519226074,258572000
2021-01-21,13.349631654463508,13.927401511527409,13.184981367786673,13.796327590942383,337780000
2021-01-22,13.66948319202541,13.770711361469516,13.55731179569324,13.64212417602539,246820000
2021-01-25,13.711016129258498,13.757526257382864,13.168564636769304,13.583175659179688,251112000
2021-01-26,13.510800674012138,13.574720917203404,13.318791364133517,13.366296768188477,163980000
2021-01-27,13.162098483674535,13.164834764389763,12.728087739342117,12.851451873779297,371272000
2021-01-28,12.9295498263929,13.271287026648704,12.89398291811221,12.984018325805664,228316000
2021-01-29,13.00789568264157,13.266312945852967,12.845234971987278,12.923083305358887,271552000
2021-02-01,12.986257425752575,13.202640890001744,12.836529537314517,13.16906452178955,217204000
2021-02-02,13.329984932916615,13.502345023877039,13.217315428489607,13.487174034118652,220440000
2021-02-03,13.566013553169237,13.860246245026833,13.447127670678036,13.461055755615234,245408000
2021-02-04,13.461550849022798,13.603319376809507,13.269293021091732,13.594117164611816,201340000
2021-02-05,13.654561886139208,13.666748964406889,13.476231107078341,13.521248817443848,169152000
2021-02-08,13.656798344420974,14.399467130873976,13.656798344420974,14.364646911621094,434624000
2021-02-09,14.267149863534422,14.50840560388812,14.149506854766857,14.190048217773438,287560000
2021-02-10,14.389020780396104,14.828503172781936,14.267895756343098,14.688475608825684,485352000
2021-02-11,14.903366783802442,15.19386796154073,14.848400177999755,15.172477722167969,450828000
2021-02-12,14.972758655967848,15.212770519830906,14.699169476852274,14.884464263916016,374756000
2021-02-16,14.986937029281831,15.293605449198264,14.873273202629141,15.251571655273438,321960000
2021-02-17,15.093139569433127,15.145370852242163,14.704146447914447,14.829500198364258,274756000
2021-02-18,14.653407246591904,14.796916836680797,14.500197331565527,14.752894401550293,233868000
2021-02-19,14.94738826308237,15.099105725035558,14.77055091017518,14.849891662597656,271724000
2021-02-22,14.69892327018391,15.055583866437722,14.251481515501311,14.282073974609375,325884000
2021-02-23,14.003010016724044,14.165671652932998,13.320779544823493,14.069417953491211,391780000
2021-02-24,14.050268009256117,14.432297029257633,13.685399568921875,14.424586296081543,448320000
2021-02-25,13.97341582362996,14.30097638862867,13.148422295447304,13.239203453063965,824436000
2021-02-26,13.681917670854737,13.783394411878966,13.29242744323524,13.644113540649414,500932000
2021-03-01,13.80379015389627,13.853533731594203,13.483691763689485,13.770710945129395,353184000
2021-03-02,13.828659823403687,13.849054792199592,13.32724682102197,13.337444305419922,264116000
2021-03-03,13.357341042163638,13.382460931935002,12.733061116512415,12.739030838012695,377592000
2021-03-04,12.735053297663734,12.90840960500294,12.021733103971219,12.3067626953125,573344000
2021-03-05,12.48558876020493,12.48558876020493,11.619307359237807,12.397542953491211,542840000
2021-03-08,12.386102995034543,12.40724370649822,11.507137260717878,11.533750534057617,543112000
2021-03-09,12.072160122978335,12.556330138602013,12.001500032074086,12.46029281616211,521824000
2021-03-10,12.779008634694895,12.917840255866876,12.397843341761316,12.408541679382324,384376000
2021-03-11,12.887982786943063,12.983772381108242,12.673514929162938,12.9312744140625,299916000
2021-03-12,12.58768004946713,12.827028797912275,12.529709519311325,12.794435501098633,243964000
2021-03-15,12.803142092591518,13.143504301301956,12.706109160796741,13.12807846069336,221988000
2021-03-16,13.292537069306986,13.447790141533767,13.0539352931175,13.22760009765625,272128000
2021-03-17,12.977303509185077,13.388823115161827,12.92729410030536,13.277359962463379,243864000
2021-03-18,13.07358935587392,13.120861535601579,12.656098001762194,12.661571502685547,293896000
2021-03-19,12.68893987970819,12.859618766234545,12.552098561022962,12.784231185913086,299208000
2021-03-22,12.850912459188029,13.330354946608361,12.844940676234321,13.123102188110352,297804000
2021-03-23,13.190776400457926,13.280594218123273,12.958892409753085,13.008155822753906,222048000
2021-03-24,13.088270010291474,13.096232071229919,12.576234227742477,12.582453727722168,245840000
2021-03-25,12.439642442353005,12.653861664457352,12.21323193641956,12.475220680236816,295144000
2021-03-26,12.494377961706281,12.794683107271615,12.31424498723302,12.777764320373535,363968000
2021-03-29,12.758856522679663,12.999946887154547,12.639182621038824,12.88624382019043,273520000
2021-03-30,12.78049983259111,12.913111935410978,12.644155840330791,12.810107231140137,200204000
2021-03-31,12.953172540579997,13.405993599058158,12.920330575787311,13.284329414367676,314776000
2021-04-01,13.50725239685172,13.803575983608503,13.446543707901194,13.74560546875,308276000
2021-04-05,13.801090791161734,13.946888858751477,13.667234391669156,13.920516014099121,255672000
2021-04-06,13.93270468820541,13.98694331314169,13.707538513605108,13.795116424560547,191744000
2021-04-07,13.814279876357059,14.175292852624823,13.645840815778792,14.075772285461426,251284000
2021-04-08,14.184497473888925,14.402199933838368,14.180764634468144,14.24843978881836,244416000
2021-04-09,14.14593123495432,14.339002443747564,14.10711843994296,14.331040382385254,195172000
2021-04-12,14.221317360385132,15.278977778996202,14.071537799554179,15.136164665222168,869324000
2021-04-13,15.158555698521697,15.624812178804676,15.053312053982292,15.604410171508789,676212000
2021-04-14,15.550174265451684,15.645216922969265,15.1545777941743,15.203841209411621,385500000
2021-04-15,15.587493880373994,16.13660177459163,15.556642200301264,16.05997085571289,598480000
2021-04-16,15.976123314232588,16.08833436820493,15.789272566562536,15.836297035217285,335208000
2021-04-19,15.462098601243506,15.731800742106158,15.160051831017325,15.288185119628906,404420000
2021-04-20,15.24986813446878,15.422785985221951,14.89134381807293,15.098596572875977,334132000
2021-04-21,15.046347575304525,15.28893085259979,15.029927070355269,15.286940574645996,216776000
2021-04-22,15.301369588101839,15.364565890935939,14.712701982849865,14.779132843017578,277788000
2021-04-23,14.862733902872684,15.261564981870862,14.82889727370879,15.19214916229248,227500000
2021-04-26,15.11228113181427,15.404872871832849,15.05256804757207,15.403877258300781,197796000
2021-04-27,15.503895773425132,15.59545520137398,15.28096851185869,15.308088302612305,164572000
2021-04-28,15.290921556787088,15.457868581848174,15.1426349303623,15.203591346740723,209416000
2021-04-29,15.326252116986469,15.362577303047306,14.999325442438934,15.251362800598145,173196000
2021-04-30,15.101832829586288,15.291419872387051,14.92518212012407,14.9376220703125,201912000
2021-05-03,15.052568004352894,15.173734835232782,14.716684635138343,14.765698432922363,203912000
2021-05-04,14.56715281088662,14.567401476976356,13.94315563012395,14.282522201538086,405324000
2021-05-05,14.638561381478151,14.742561720214292,14.318601150830188,14.389261245727539,292024000
2021-05-06,14.425833080432389,14.501469334711977,14.149911470541818,14.453450202941895,193380000
2021-05-07,14.737332425528978,14.899053629404147,14.601485779059601,14.741312980651855,229328000
2021-05-10,14.716433747684961,14.735094144163076,14.181757059075164,14.197431564331055,268904000
2021-05-11,13.758794372476588,14.286007365956934,13.684153723804577,14.237739562988281,285584000
2021-05-12,13.942409127844432,14.191958844362496,13.643597898091196,13.692611694335938,303408000
2021-05-13,13.966542771255337,14.013318571765083,13.394545268670152,13.599807739257812,285404000
2021-05-14,13.823483068810868,14.25938527455248,13.68266022181972,14.174792289733887,258616000
2021-05-17,14.089204485525109,14.101395769520703,13.787158662144325,14.097663879394531,216980000
2021-05-18,14.19867545367631,14.335268109499602,13.936934476221778,13.948628425598145,186256000
2021-05-19,13.501529742338581,14.012073471257523,13.478391458639676,13.99838924407959,344000000
2021-05-20,14.23400657092492,14.613431183534683,14.202160225647615,14.542522430419922,321592000
2021-05-21,15.091132453121565,15.149103926583816,14.79829204158811,14.91995620727539,672992000
2021-05-24,15.139650393500888,15.669600637012607,15.10332520653618,15.537238121032715,554816000
2021-05-25,15.6904966300758,15.742744980486313,15.408354588751854,15.572813034057617,435408000
2021-05-26,15.658899315983863,15.718114114485589,15.51160831799245,15.624813079833984,370440000
2021-05-27,15.624568689462901,15.674578110871414,15.385966869333954,15.413832664489746,581476000
2021-05-28,15.426771457170338,16.19955281579326,15.426771457170338,16.166709899902344,644536000
2021-06-01,16.19208371844466,16.30976731502325,15.827089363864259,16.186609268188477,472804000
2021-06-02,16.174420647544324,16.837728952367616,16.157750527142543,16.697900772094727,594168000
2021-06-03,16.62077215706791,17.1763491798281,16.503585882792244,16.88848304748535,580008000
2021-06-04,17.030550709204036,17.576424107008513,17.01363381979466,17.49407196044922,617120000
2021-06-07,17.487104196499413,17.727197966588108,17.110416805068787,17.534624099731445,575756000
2021-06-08,17.443309039141475,17.537107385076943,17.168381216387527,17.373395919799805,323848000
2021-06-09,17.435862301693522,17.494841943488854,17.177047922626723,17.27907943725586,381656000
2021-06-10,17.27086704833761,17.412219583949422,17.097660874799708,17.345523834228516,287772000
2021-06-11,17.39977978705198,17.85743409569149,17.36419339668503,17.743953704833984,416308000
2021-06-14,17.82433055010109,17.95722080361598,17.582190124030767,17.936565399169922,321376000
2021-06-15,17.833292979468382,17.9340808879031,17.64714558818746,17.707368850708008,243032000
2021-06-16,17.70961117675783,17.872862771783062,17.50430069412692,17.729021072387695,307124000
2021-06-17,17.69343341937015,18.749095854040014,17.675267140573446,18.57215690612793,809656000
2021-06-18,18.69833315440634,19.286637415623073,18.49924452484963,18.55374526977539,968856000
2021-06-21,18.3511693418325,18.451959152942997,17.741463607959098,18.34320640563965,672384000
2021-06-22,18.38725274124048,18.877258052337343,18.3021419888777,18.800607681274414,580144000
2021-06-23,18.92105744176349,19.065396569450836,18.821513150301545,18.9703311920166,332356000
2021-06-24,19.14006003501539,19.331432554333333,19.0011946790379,19.117910385131836,320924000
2021-06-25,19.192572491519797,19.257276593344493,18.808333147443598,18.944210052490234,278364000
2021-06-28,19.27295191735017,19.987180404089194,19.230894919687486,19.893857955932617,495436000
2021-06-29,19.79181849083902,20.007081674259897,19.567346857383377,19.93541145324707,367632000
2021-06-30,19.9080348431735,20.070540237808444,19.773152897382392,19.911270141601562,326568000
2021-07-01,20.033214626548176,20.36270439094077,19.927697171358744,20.11981773376465,480136000
2021-07-02,20.3470264154675,20.411730494811923,20.195221786226497,20.39356231689453,342764000
2021-07-06,20.642919053523535,20.746942264644705,20.257436236959123,20.604097366333008,446708000
2021-07-07,20.758392448778196,20.779794027787037,20.23927125233733,20.278839111328125,418428000
2021-07-08,19.76593512559663,20.04117280914113,19.610895227946322,19.811973571777344,503300000
2021-07-09,19.871452007779578,19.988665125073833,19.664151776378613,19.95880126953125,296624000
2021-07-12,20.147690934282892,20.43910519307565,20.09567932268978,20.418949127197266,321984000
2021-07-13,20.307455300297775,20.36792918431061,20.02226296191594,20.157642364501953,290708000
2021-07-14,20.264901240088385,20.324627057304227,19.66266101165078,19.751005172729492,380100000
2021-07-15,19.72139014783065,19.756479085995565,18.772486985762363,18.879745483398438,550564000
2021-07-16,18.94370028142175,19.06962248129004,17.99056708478896,18.07816505432129,688224000
2021-07-19,17.8335458640855,18.955156212033163,17.784021479768406,18.694103240966797,749060000
2021-07-20,18.64457864969428,18.752085902495235,18.08115999036989,18.527116775512695,434687000
2021-07-21,18.795886027698945,19.43794487271185,18.656525124403085,19.32147789001465,371017000
2021-07-22,19.552414359226333,19.7962958674944,19.18808253655946,19.5046329498291,323826000
2021-07-23,19.56634836932359,19.610148306398543,19.16220001414079,19.468795776367188,195672000
2021-07-26,19.222929669807954,19.353330839467855,18.827738996164285,19.20600700378418,203943000
2021-07-27,19.177132989949083,19.532505085696283,18.655522752528007,19.120393753051758,248863000
2021-07-28,19.230886448455678,19.556394670076585,18.908364802076598,19.414047241210938,202191000
2021-07-29,19.429975408460677,19.762453610725807,19.239846550542488,19.572324752807617,190781000
2021-07-30,19.329438564431676,19.540471578419623,19.175146696320255,19.410070419311523,183497000
2021-08-02,19.610152354563404,19.869961658246222,19.27269777815783,19.659923553466797,217444000
2021-08-03,19.649969748387328,20.129771796246487,19.132340904279957,19.724628448486328,301811000
2021-08-04,19.89882869548474,20.225333759526567,19.737566897497963,20.181533813476562,231309000
2021-08-05,20.4065028973456,20.63844002549978,20.249222567431012,20.542877197265625,211435000
2021-08-06,20.430391658316715,20.476181384713264,20.117822711619997,20.27311134338379,178497000
2021-08-09,20.352750666567054,20.41446817532741,20.051133065996048,20.20244026184082,146443000
2021-08-10,20.229320630984642,20.33682789214191,19.744540215181463,19.845081329345703,179238000
2021-08-11,19.951584652682246,19.957557803565333,19.341381532525443,19.609153747558594,185925000
2021-08-12,19.779374492032925,19.937647795117172,19.53051473289066,19.8142147064209,151652000
2021-08-13,19.81421606765823,20.121806766278755,19.760461505395682,20.095924377441406,183063000
2021-08-16,20.043168322323123,20.194475504529578,19.364277685801866,19.859012603759766,210876000
2021-08-17,19.595217108343547,19.679830414635195,19.17912431578376,19.369253158569336,204585000
2021-08-18,19.411060357563738,19.54444995723382,18.91334086121595,18.95315933227539,285913000
2021-08-19,19.405092071189426,20.4015281044792,18.676430196540903,19.707706451416016,766555000
2021-08-20,19.899823633457626,20.76983801312774,19.8420894983611,20.72106170654297,675741000
2021-08-23,20.875356807002596,21.896676532709122,20.854452674261367,21.85785484313965,575807000
2021-08-24,21.65379265057936,21.85885253592805,21.436786460048275,21.6936092376709,297299000
2021-08-25,21.63786162430471,22.367518367862452,21.622930643720796,22.111690521240234,347701000
2021-08-26,22.098749850642953,22.23811072383032,21.6906199517518,21.96735191345215,237940000
2021-08-27,22.0828224516965,22.61836882879445,22.06589978843184,22.532760620117188,304722000
2021-08-30,22.725874798350432,22.937902675579686,22.448147955070617,22.584522247314453,262580000
2021-08-31,22.595474734179547,22.595474734179547,22.022997435726552,22.286834716796875,259850000
2021-09-01,22.386396092304786,22.597466292510102,22.258957158391045,22.342588424682617,201767000
2021-09-02,22.419249529951113,22.493921385599155,22.197227896388572,22.29778480529785,187834000
2021-09-03,22.227100272958122,22.885200930384197,22.102648427978476,22.742828369140625,280532000
2021-09-07,22.73287172125641,22.798582279426377,22.42323471429615,22.5626220703125,198107000
2021-09-08,22.414270268595097,22.51084499897377,21.88061968348647,22.24103355407715,254434000
2021-09-09,22.21415637158111,22.43916513590544,22.033950346554978,22.079748153686523,196856000
2021-09-10,22.24999788331724,22.526778660735864,22.172340814379883,22.37942886352539,248376000
2021-09-13,22.584521910954482,22.8632946864074,21.76214402740333,22.054855346679688,297500000
2021-09-14,22.177318823418137,22.311727046467276,21.989148450540036,22.14446449279785,199755000
2021-09-15,22.211165569828992,22.268911777280785,21.869669360408633,22.243024826049805,166538000
2021-09-16,22.085723205642353,22.179310858145648,21.830845305683194,22.14446449279785,156033000
2021-09-17,22.202206286674826,22.223114103504372,21.734268077405748,21.8039608001709,294503000
2021-09-20,21.053270591267214,21.339012693768538,20.57139376968549,21.020416259765625,349440000
2021-09-21,21.323077843301743,21.331042182861882,20.85812676400177,21.152828216552734,204688000
2021-09-22,21.272304527219312,21.863699567380518,21.103049939355934,21.844783782958984,268726000
2021-09-23,22.04291208043508,22.43618040031982,21.79400836896139,22.383413314819336,248555000
2021-09-24,21.973213750163456,22.051867773910164,21.76513066495934,21.98416519165039,217655000
2021-09-27,21.61479768356571,21.703408104868426,21.23148763384745,21.565017700195312,245215000
2021-09-28,21.12096960542121,21.32507053002053,20.560436939331986,20.608226776123047,343069000
2021-09-29,20.84817209585024,20.924834092595493,20.37724487487281,20.427026748657227,218394000
2021-09-30,20.67692268286252,20.97361615381417,20.597273594598942,20.625150680541992,221009000
2021-10-01,20.659005371326064,20.767526631043445,20.11440324016766,20.65104103088379,240978000
2021-10-04,20.41408754199275,20.45192101438955,19.469249598030608,19.64547348022461,345635000
2021-10-05,19.862516117895748,20.557455206159453,19.76693642818016,20.361318588256836,279282000
2021-10-06,20.031767889875287,20.629135169524517,19.991942391773726,20.609224319458008,297202000
2021-10-07,20.999505841929384,21.228498682857182,20.880033132647856,20.982582092285156,256919000
2021-10-08,21.00846910302151,21.11300820810894,20.683898444287028,20.739652633666992,151258000
2021-10-11,20.484773437642136,20.970632383544228,20.421053017517437,20.604246139526367,163388000
2021-10-12,20.73666197268602,20.964657828842242,20.437978323976292,20.580350875854492,162134000
2021-10-13,20.826269685815685,20.897954452846133,20.62216872749453,20.847177505493164,180652000
2021-10-14,21.194646843821843,21.6595979888479,21.029374431188767,21.650638580322266,243589000
2021-10-15,21.71435652898172,21.834826198844418,21.56700673526924,21.766128540039062,226994000
2021-10-18,21.653624540532604,22.19324752272249,21.5490835543678,22.124549865722656,189494000
2021-10-19,22.178312668438,22.280861623084096,21.940362329321403,22.19225311279297,161473000
2021-10-20,22.207184914348492,22.334623846905142,21.88560143025834,22.006071090698242,146276000
2021-10-21,22.000097295285027,22.611405016436052,21.98615875079242,22.592487335205078,187590000
2021-10-22,22.72291945031227,23.028572443151834,22.46206920518055,22.626344680786133,249384000
2021-10-25,22.872258622224397,23.25258344955109,22.67014969676888,23.06441307067871,230235000
2021-10-26,23.883803837264775,25.14823509331115,23.819088343329533,24.608610153198242,485898000
2021-10-27,24.36667464722999,24.97997251638669,24.175515291453934,24.343774795532227,245990000
2021-10-28,24.768901535208865,24.840586291381936,24.415458790011783,24.83162498474121,234204000
2021-10-29,24.891363736621464,25.596259159623884,24.89036866878223,25.45488166809082,292503000
2021-11-01,25.536518593441247,25.780443102720618,25.116368358501102,25.71373748779297,265740000
2021-11-02,25.708759787654955,26.56100485226317,25.686855006308992,26.285219192504883,294112000
2021-11-03,26.55304424185898,26.666544637188032,26.11995237716791,26.481359481811523,239910000
2021-11-04,27.109598462266224,31.22746140898035,26.99908514654283,29.670320510864258,1153631000
2021-11-05,30.05462047753978,31.262300425460428,29.28102744943848,29.62152862548828,851260000
2021-11-08,30.016784643098717,30.963614337249158,29.7758453334055,30.668912887573242,503101000
2021-11-09,32.14043594172841,32.16831303240709,29.832600226347303,30.522560119628906,646746000
2021-11-10,29.227269752002172,30.714717786724723,28.65180336425327,29.329816818237305,636206000
2021-11-11,30.334390000111334,30.455854738894605,29.646420236957336,30.256731033325195,332172000
2021-11-12,29.878398271524592,30.5454602165024,29.500063610739595,30.256731033325195,413054000
2021-11-15,30.418020909460683,30.509616521619076,29.118743398652445,29.89333152770996,384909000
2021-11-16,29.62849963276353,30.25673114722093,29.575730654228828,30.0705509185791,264484000
2021-11-17,30.28460666991569,30.375209109979387,28.673702083946914,29.132680892944336,428508000
2021-11-18,32.22506137050019,32.61633569675382,31.183646972782004,31.536094665527344,781711000
2021-11-19,32.101608157533384,32.94290388231008,31.76509100701343,32.840354919433594,533867000
2021-11-22,33.37001411954836,34.49505972389229,31.760106571634346,31.815860748291016,754335000
2021-11-23,31.39671157119762,32.218094514763855,30.744583214227514,31.606786727905273,532163000
2021-11-24,31.323035910804574,32.71092196803006,30.792372310199486,32.53071594238281,435162000
2021-11-26,32.45703660205331,32.5665548230208,31.212520168167917,31.364849090576172,283069000
2021-11-29,32.22406422648845,33.26547475913897,31.895509575688923,33.22963333129883,454964000
2021-11-30,33.02354533082021,33.20674036434526,31.72426963928221,32.53270721435547,622066000
2021-12-01,33.077378025602634,33.14707928825368,31.24621570117578,31.300981521606445,484368000
2021-12-02,31.080924085668652,32.33953513403898,30.892728782523843,31.98903465270996,472890000
2021-12-03,31.863574209549956,31.992025853618237,30.00154575602389,30.56214714050293,544325000
2021-12-06,29.752611029224973,30.11207202986678,27.918465014907625,29.90894317626953,658938000
2021-12-07,30.825023080342124,32.310662878163335,30.52032598088665,32.288753509521484,593053000
2021-12-08,31.86257802352817,32.15233775708551,31.287041214384153,31.69031524658203,475551000
2021-12-09,31.59870204936308,32.06769651903593,30.29827039453706,30.36000633239746,488507000
2021-12-10,31.01719680171708,31.171536668842634,29.733692678385772,30.069255828857422,488825000
2021-12-13,30.120032572835907,30.164840789277438,27.996125392567258,28.04093360900879,598344000
2021-12-14,27.580909846868153,28.555736152702433,27.13382466783278,28.216190338134766,667035000
2021-12-15,28.278923439427665,30.369971003090434,27.71931911008017,30.329145431518555,698297000
2021-12-16,31.01918913294205,31.027154448930762,27.97323064778504,28.265975952148438,707366000
2021-12-17,27.86568776813946,28.798693182569515,27.64164666608465,27.682472229003906,713758000
2021-12-20,27.188589819244115,28.024011677111307,27.02927210549903,27.6008243560791,461847000
2021-12-21,28.253028750149053,28.995848487605922,27.28417563606335,28.951040267944336,524385000
2021-12-22,28.767823731054484,29.42899232103665,28.327706864600266,29.2746524810791,395184000
2021-12-23,29.628145129735767,29.930849942052966,29.305527026516437,29.513635635375977,343022000
2021-12-27,29.53354885530447,30.95446509890773,29.51363366651382,30.81307029724121,403686000
2021-12-28,31.178505155996454,31.196428065606888,29.88404641723083,30.192726135253906,420591000
2021-12-29,30.14393233812567,30.417759500865014,29.240797826876175,29.873090744018555,343139000
2021-12-30,29.699835409860693,30.32715053513794,29.41406024985419,29.459863662719727,308864000
2021-12-31,29.54749135107495,29.9019745214391,29.2059532443293,29.285612106323242,266530000
2022-01-03,29.687889053615017,30.580069009930835,29.658016270092954,29.992584228515625,391547000
2022-01-04,30.147918368019972,30.33810404913154,28.22813864702251,29.16512680053711,527154000
2022-01-05,28.82557789334784,29.290587837147367,27.41561641931234,27.486312866210938,498064000
2022-01-06,27.522160621764158,28.316758809179447,26.949613182894534,28.0578670501709,454186000
2022-01-07,28.02102606266158,28.300828200556737,26.94164598984423,27.130836486816406,409939000
2022-01-10,26.467673635110437,27.351888211869046,25.534668178229204,27.28318214416504,594681000
2022-01-11,27.20651282406831,27.94535000609593,26.724577023199927,27.698406219482422,404089000
2022-01-12,27.947338113635016,28.473086907923104,27.49029538667551,27.879629135131836,383413000
2022-01-13,28.258012259555365,28.358581501754113,26.385030961290575,26.46170425415039,540171000
2022-01-14,26.187873849164077,27.081050909641085,26.09825739628388,26.827136993408203,395832000
2022-01-18,26.148042698978056,26.524431382788112,25.660132004918143,25.792564392089844,424270000
2022-01-19,25.967819225021024,26.429839877619013,24.945197155347234,24.960132598876953,488315000
2022-01-20,25.19612032401024,25.46994751510898,23.97534549383341,24.047039031982422,435181000
2022-01-21,23.40678352912288,24.717173064459438,23.163824281021945,23.274351119995117,718958000
2022-01-24,22.234800479522537,23.280323256927787,20.79894871741768,23.272357940673828,913982000
2022-01-25,22.449876349333593,22.8451850306954,21.906204650379927,22.228822708129883,664616000
2022-01-26,23.140918549293506,23.954434796117226,22.204925605698346,22.67491340637207,755959000
2022-01-27,23.46751957498949,23.892699123335404,21.58258875418974,21.85044288635254,573353000
2022-01-28,21.918155191484143,22.760549101180075,21.20520811526972,22.742626190185547,543774000
2022-01-31,23.083167451846627,24.40451162128033,22.95372251615152,24.381608963012695,564680000
2022-02-01,24.996971847725337,25.03779741322022,23.78814690915183,24.532958984375,518925000
2022-02-02,25.684030811068062,25.70693156804896,24.448320550364187,25.134384155273438,543419000
2022-02-03,24.353725465820713,24.97008589250318,23.678616565700732,23.84589958190918,410178000
2022-02-04,23.869797957184883,24.529971431012495,23.531247360390374,24.21531867980957,354829000
2022-02-07,24.268092626990843,25.074638756833302,24.098817325743227,24.622575759887695,376868000
2022-02-08,24.255148284706152,25.122435194530542,23.877764383475125,25.00095558166504,410359000
2022-02-09,25.51275986295692,26.61105783985489,25.24490764594495,26.591142654418945,524282000
2022-02-10,25.884171987627038,26.81020536713915,25.49085560163504,25.713899612426758,513200000
2022-02-11,25.805512129420663,26.040506046365,23.671648776457072,23.84689712524414,605472000
2022-02-14,23.831955659258128,24.768943621881085,23.65371798797429,24.163536071777344,440424000
2022-02-15,24.842631726431065,26.431828001236315,24.67833617578049,26.382041931152344,699869000
2022-02-16,26.147049472381745,26.468672364813905,25.44306293139375,26.397974014282227,732676000
2022-02-17,25.52073073259493,25.675070604494053,24.061978217389743,24.40251922607422,810595000
2022-02-18,24.562829258106373,24.87947428103264,23.00151540777712,23.54120445251465,761255000
2022-02-22,22.936789580443467,23.96140174606812,22.901938955709063,23.29027557373047,633422000
2022-02-23,23.700523668904758,24.052019342712313,22.205923511795177,22.291555404663086,566511000
2022-02-24,20.92540691455172,23.698533574396834,20.800939822460943,23.64675521850586,735801000
2022-02-25,23.619866534863007,24.1137502356423,23.281315967911333,24.054006576538086,528866000
2022-02-28,23.88971413278726,24.559845228253224,23.605929341272788,24.281038284301758,477319000
2022-03-01,24.187439989958865,24.273073784814436,23.033380786073458,23.376909255981445,412056000
2022-03-02,23.658752163102065,24.309078898961875,23.31914848717471,24.120851516723633,389642000
2022-03-03,24.162677458354135,24.226416539633046,23.372924502534758,23.61692237854004,365095000
2022-03-04,23.288269861512525,23.583057606711368,22.389962101255723,22.842103958129883,431415000
2022-03-07,22.723594140609173,22.938711412053266,21.24268191605436,21.264591217041016,450821000
2022-03-08,21.221771178308412,22.281414851467673,20.565468413477934,21.425931930541992,557467000
2022-03-09,22.295352427006858,23.124942518382856,22.15592615939423,22.91978645324707,492742000
2022-03-10,22.438767569291258,22.6947154875098,21.792424138907304,22.565248489379883,428066000
2022-03-11,22.927751696595113,23.050249252253458,21.955747421099613,22.0095272064209,367209000
2022-03-14,21.779474563363422,22.170865393438028,21.072381995476352,21.2426815032959,385354000
2022-03-15,21.429910411009644,22.943688372057732,21.234713636338597,22.87895393371582,491996000
2022-03-16,23.403796625061247,24.49630589121448,23.077140259936503,24.395719528198242,671422000
2022-03-17,24.021262124146144,24.740304734658185,23.808137465094195,24.66461753845215,471941000
2022-03-18,24.69748098703601,26.460235655741535,24.523198138240513,26.344709396362305,730719000
2022-03-21,26.39848559475205,27.04084554919752,25.86069533534459,26.624555587768555,591727000
2022-03-22,26.61759056442038,27.126500332939813,25.965273065436676,26.415422439575195,547007000
2022-03-23,26.019046837158616,26.50305734840452,25.470303785598432,25.529062271118164,502120000
2022-03-24,26.058885884967737,28.20406749144338,25.800945365640167,28.03476333618164,877379000
2022-03-25,27.77184031036565,28.241908164028267,27.15935821789396,27.57863426208496,579016000
2022-03-28,27.642375427784486,28.134352617050098,27.094625830029123,28.103479385375977,425494000
2022-03-29,28.5775285613948,28.827500474518697,27.86545546506131,28.53868865966797,488984000
2022-03-30,28.188131660804462,28.379345100642087,27.390410153130244,27.576644897460938,463487000
2022-03-31,27.668265181187795,28.13235706761943,27.158362081398682,27.17429542541504,523440000
2022-04-01,27.26293373491524,27.38343868051935,26.1594698017538,26.60264778137207,517235000
2022-04-04,26.618580799031673,27.445182845672498,26.504051817215565,27.24799346923828,397120000
2022-04-05,27.14242826487716,27.2071627020829,25.714298707379786,25.824844360351562,436615000
2022-04-06,24.831922245510295,25.196423096241695,23.904733926991753,24.307079315185547,703833000
2022-04-07,24.340942190832628,24.62079195567915,23.38188522206564,24.108896255493164,557992000
2022-04-08,23.819090390264524,23.825066344638063,22.967590974113833,23.024356842041016,524781000
2022-04-11,22.123063188914138,22.228628253478472,21.571330249174363,21.82727813720703,575207000
2022-04-12,22.44474204972869,22.631972169880864,21.194878517496804,21.415969848632812,662258000
2022-04-13,21.639052358381548,22.40789137072251,21.367169228856223,22.112106323242188,516943000
2022-04-14,22.412871600546225,22.683759389398876,21.076366219253643,21.170976638793945,569097000
2022-04-18,21.113215008567124,21.997578418558497,20.99271005360588,21.693828582763672,525701000
2022-04-19,21.631082424341212,22.28140906472453,21.226744362071575,22.107126235961914,512781000
2022-04-20,22.42481903619335,22.577192555974293,21.113211195451072,21.39405632019043,468974000
2022-04-21,21.620130170301234,22.30033475649145,19.918126615701347,20.100378036499023,656209000
2022-04-22,20.219884332875687,20.402135741058334,19.42017210608827,19.435110092163086,624713000
2022-04-25,19.12339100546342,19.863349361314793,19.017825948530263,19.820526123046875,641566000
2022-04-26,19.637281368701824,19.706994507674615,18.593571203547693,18.711088180541992,653143000
2022-04-27,18.52186245193841,19.088533303599878,18.215124690050864,18.33961296081543,499460000
2022-04-28,18.8893550683818,19.95497647373352,18.41430844686625,19.701019287109375,570327000
2022-04-29,19.32257448999954,20.045602297833724,18.441197185099483,18.4710750579834,500435000
2022-05-02,18.46509589745595,19.493865971063627,18.3157103580548,19.453035354614258,572049000
2022-05-03,19.320582473628384,19.743843804731753,19.054675285256874,19.52175521850586,475751000
2022-05-04,19.841446056207623,20.316492754987344,18.67424272609035,20.250762939453125,648855000
2022-05-05,19.785669950252917,19.843431175196322,18.424265535645223,18.766857147216797,626331000
2022-05-06,18.65929999241693,19.432122333318322,17.916353624000763,18.598548889160156,633297000
2022-05-09,17.960173412210224,18.180267458938104,16.75811385880719,16.880611419677734,644455000
2022-05-10,17.61658525253339,18.12350232079174,16.955303927577983,17.52297019958496,761474000
2022-05-11,17.275983917823066,17.68032194709463,16.500173704044624,16.561918258666992,670167000
2022-05-12,16.15260230985151,16.71927317338393,15.503272000214082,16.108781814575195,708728000
2022-05-13,16.719276866807252,17.854609562915,16.52507542137206,17.63351821899414,670437000
2022-05-16,17.437326772978906,17.715184003331498,17.035976596007032,17.193328857421875,521446000
2022-05-17,18.00000966759252,18.295794716695035,17.561812268275418,18.102588653564453,585830000
2022-05-18,17.632518279068112,18.04382762467623,16.794961603480765,16.8686580657959,545161000
2022-05-19,16.867665016255632,17.614594729725628,16.665495022322716,17.05389976501465,621310000
2022-05-20,17.26105062577283,17.33873044435796,15.690505601912752,16.625661849975586,739105000
2022-05-23,16.207378932516523,16.845755601223512,16.112768519957527,16.828824996948242,639889000
2022-05-24,16.44241318228326,16.529056923699873,15.715401091996485,16.08786964416504,588550000
2022-05-25,15.954419501105296,17.040952887419728,15.934500919066734,16.90550994873047,781132000
2022-05-26,15.970351364556697,18.017934299435986,15.95640873833212,17.777921676635742,996575000
2022-05-27,18.11155027204223,18.80370475029721,18.025901901467446,18.733991622924805,738379000
2022-05-31,18.90230557875584,19.121406232166063,18.27488529749239,18.59556770324707,664100000
2022-06-01,18.6473501146243,18.97500185230617,18.047813348721185,18.24500274658203,544514000
2022-06-02,18.21711762991746,19.53868493920684,18.123502575652576,19.511795043945312,648656000
2022-06-03,19.00388342136499,19.25285997901017,18.446174564570704,18.64336395263672,598779000
2022-06-06,19.060648619208788,19.25783800037351,18.488001796850387,18.70909309387207,422406000
2022-06-07,18.396380279945216,18.92221865575563,18.113542511249516,18.848522186279297,388914000
2022-06-08,18.726002870282798,19.105523955961853,18.4630280486972,18.575590133666992,363252000
2022-06-09,18.40923586335072,18.859480331996103,17.970943930182248,17.977916717529297,395574000
2022-06-10,17.531657297722646,17.628280755740548,16.803494968741788,16.90808868408203,465248000
2022-06-13,15.937868732069086,16.248657445936082,15.545398661343508,15.5862398147583,604153000
2022-06-14,15.669912860368118,16.003612016416973,15.35215136745031,15.774505615234375,469680000
2022-06-15,16.032496557191926,16.802495430465633,15.864153172658016,16.462820053100586,563936000
2022-06-16,15.79841174165895,15.880094046952882,15.341194505792407,15.540417671203613,545749000
2022-06-17,15.58723513693202,15.932887781168011,15.26847807134145,15.818334579467773,630334000
2022-06-21,16.411020810356447,16.941949982642416,16.343284093469975,16.501667022705078,483089000
2022-06-22,16.162988330653885,16.59729600370665,16.117167436690835,16.29646873474121,437135000
2022-06-23,16.45485004508153,16.520593728784007,15.791436941343258,16.1619930267334,463680000
2022-06-24,16.43592551294382,17.07343959152511,16.24666280838682,17.059494018554688,472153000
2022-06-27,17.244770110232803,17.26269985867149,16.561433331282462,16.803489685058594,427968000
2022-06-28,16.834372525159395,17.135199826222774,15.88308111450523,15.919938087463379,461149000
2022-06-29,15.752591579090298,15.758567846845672,15.111092291433094,15.481647491455078,482352000
2022-06-30,15.301352039966417,15.506552451888224,14.804290100614665,15.100136756896973,686070000
2022-07-01,14.8411474921821,15.004510240958377,14.33611619874948,14.466607093811035,577610000
2022-07-05,14.119955710684517,14.91286420559904,14.000421809691066,14.905891418457031,651397000
2022-07-06,14.951712254279894,15.259512337175808,14.731569789510388,15.071246147155762,529066000
2022-07-07,15.395981666093258,15.883082152996206,15.329241452564782,15.796420097351074,492903000
2022-07-08,15.37008313178978,15.974726402731946,15.329241976596508,15.776498794555664,467972000
2022-07-11,15.465707871427929,15.466704390913305,14.97960300654342,15.093160629272461,437321000
2022-07-12,15.208709354081796,15.37107648181063,14.819227931417547,15.023431777954102,458483000
2022-07-13,14.533343560416391,15.315295058565692,14.408828966444313,15.105113983154297,521918000
2022-07-14,15.049334455117044,15.412916908368315,14.670809905852426,15.312309265136719,456235000
2022-07-15,15.59819449374581,15.720716063425629,15.38502478396033,15.700794219970703,385935000
2022-07-18,16.23870243346267,16.831391475945008,15.939868037240583,16.038482666015625,670517000
2022-07-19,16.421982128219415,17.0435595776271,16.109202264221235,16.92601776123047,702366000
2022-07-20,16.881191075573774,17.863362252554914,16.73575812116985,17.737850189208984,760538000
2022-07-21,17.815549700814543,18.073542834559365,17.476869827222348,17.979907989501953,557049000
2022-07-22,17.823517582725398,17.897229633267205,17.07045276387724,17.251747131347656,536671000
2022-07-25,16.9529079098025,17.057501599171562,16.58434582326554,16.957889556884766,480748000
2022-07-26,16.823416159959134,16.853300347202065,16.414012864423395,16.468799591064453,397865000
2022-07-27,16.965860804114296,17.86635161594308,16.84732342255859,17.720918655395508,569776000
2022-07-28,17.90519966314176,18.069557945364984,17.372277332995978,17.91416358947754,474646000
2022-07-29,17.743830767643395,18.173156925324996,17.623300329186787,18.092472076416016,435460000
2022-08-01,18.111393572390696,18.772816539459214,17.9201397228468,18.369388580322266,476469000
2022-08-02,18.051629067336524,18.864460391381805,18.021744878238078,18.454059600830078,489527000
2022-08-03,18.11338707008379,18.8943430004141,18.06656870107235,18.81963348388672,418146000
2022-08-04,18.77580669644715,19.199155581116848,18.68715160109545,19.140384674072266,409652000
2022-08-05,18.736960242767893,19.154333889054843,18.593520291504326,18.915266036987305,386068000
2022-08-08,17.43403710855411,18.168174706690454,17.175046511530418,17.723905563354492,981859000
2022-08-09,17.18500523413819,17.379247676702683,16.659055765062003,17.019649505615234,668263000
2022-08-10,17.62927873105072,18.047647949674293,17.249757634884343,18.026729583740234,597422000
2022-08-11,18.06059111186056,18.634354502788938,17.806580307573075,17.872323989868164,509327000
2022-08-12,18.089480817540075,18.645314550682862,17.883283911712684,18.636348724365234,478094000
2022-08-15,18.628381495120706,19.089582944835495,18.540723865569156,18.95809555053711,457666000
2022-08-16,18.846528100303107,19.067666130006987,18.42915457848667,18.805686950683594,451240000
2022-08-17,18.451075096193428,18.61543340601533,18.074542628314358,18.263803482055664,446799000
2022-08-18,18.229934589865376,18.791743657859055,18.11239277422747,18.700101852416992,415447000
2022-08-19,18.334526059114626,18.448083694133654,17.70099608999701,17.77968978881836,441588000
2022-08-22,17.422084130919913,17.4898208696324,16.90011871477872,16.96785545349121,409593000
2022-08-23,16.92302685754724,17.397178237368543,16.904099637165128,17.114280700683594,369986000
2022-08-24,16.945939135983163,17.338410181530257,16.829394785860185,17.15512466430664,522661000
2022-08-25,16.778590073936765,17.877307466202186,16.76763310909007,17.84343910217285,770691000
2022-08-26,17.787658007376972,17.85439727044476,16.173947959014292,16.19685935974121,769127000
2022-08-29,15.957789648026925,16.27455364227297,15.70577186993532,15.739639282226562,496132000
2022-08-30,15.898023253937998,15.97671599783805,15.12304454959439,15.407934188842773,530181000
2022-08-31,15.324259904969264,15.479654254742409,14.900910096286847,15.035386085510254,573710000
2022-09-01,14.153824316249922,14.324160780710457,13.21847139112477,13.882881164550781,1178865000
2022-09-02,14.045247525726571,14.115970968690647,13.538223289757255,13.594006538391113,743157000
2022-09-06,13.677680890653752,13.725494835509304,13.299156360470214,13.412714004516602,535751000
2022-09-07,13.51434705091727,13.788361151575964,13.298125457424504,13.66480541229248,512657000
2022-09-08,13.410720161896329,13.957751553071784,13.321043803751946,13.939815521240234,624873000
2022-09-09,14.10621466793855,14.422077892391746,14.07532668659429,14.335390090942383,486612000
2022-09-12,14.31745676821465,14.49481775493603,14.147069690827237,14.45296859741211,484159000
2022-09-13,13.752489132610048,13.87205855128794,13.052010885075777,13.083895683288574,714956000
2022-09-14,13.206453364571683,13.242324471898772,12.866677036184084,13.08090591430664,588507000
2022-09-15,12.968312751976555,13.185530199582288,12.744119495023593,12.882620811462402,523625000
2022-09-16,12.6962911946005,13.164605464480621,12.571739597842733,13.150655746459961,670751000
2022-09-19,12.96532227645463,13.41470462187878,12.963329595471533,13.33399486541748,569685000
2022-09-20,13.167597109836768,13.434635427165027,13.010163873448496,13.12873649597168,524818000
2022-09-21,13.16560415413887,13.980669759694642,13.06297298523187,13.213431358337402,807679000
2022-09-22,13.023115583255532,13.10183266935545,12.38341928920965,12.515941619873047,759162000
2022-09-23,12.375445471878537,12.5657602771744,12.213030099787952,12.471100807189941,663309000
2022-09-26,12.446192490592988,12.613590061867972,12.170185718593245,12.184135437011719,547343000
2022-09-27,12.462133804063294,12.690312407168465,12.214027440777055,12.368471145629883,553854000
2022-09-28,12.365484415747904,12.777003065810181,12.309685534452253,12.690315246582031,542414000
2022-09-29,12.403346432766009,12.455159943744142,11.903147353863744,12.176164627075195,532763000
2022-09-30,12.043641657389104,12.587683536419725,12.031684619918396,12.095455169677734,565638000
2022-10-03,12.30271017308679,12.632523169207891,12.061577674019702,12.467118263244629,547478000
2022-10-04,12.832800195456576,13.172577516081788,12.832800195456576,13.119767189025879,584182000
2022-10-05,12.864686858561551,13.273215984590474,12.575727163303043,13.161617279052734,507131000
2022-10-06,13.172576390235374,13.607012205791838,13.05599552454441,13.08289909362793,644157000
2022-10-07,12.460141479897947,12.624549544676155,11.978874322115674,12.03268051147461,672478000
2022-10-10,11.993821701559334,12.080509516858074,11.367078280478221,11.628138542175293,698699000
2022-10-11,11.51952842526829,11.803505925509853,11.242525784323794,11.544439315795898,667482000
2022-10-12,11.537463990629318,11.692903570079896,11.304303196073544,11.458746910095215,492590000
2022-10-13,10.931644516028966,12.034673832144149,10.774211301684586,11.917097091674805,850103000
2022-10-14,12.013749105457423,12.067555297007958,11.163809311742797,11.186726570129395,713432000
2022-10-17,11.476683331813856,11.905141179135784,11.475687466268546,11.845355987548828,580774000
2022-10-18,12.299717788184358,12.447186626800823,11.576322361329343,11.924070358276367,659362000
2022-10-19,11.836389481808228,12.30570066362384,11.791550821758921,12.007772445678711,523131000
2022-10-20,12.069547352328092,12.723194242073287,12.061575677964084,12.150257110595703,652398000
2022-10-21,12.054601866532238,12.453167564548195,11.844359270919771,12.421281814575195,609494000
2022-10-24,12.463132178101741,12.664407237339118,12.020724633774568,12.553805351257324,517457000
2022-10-25,12.648465797577563,13.252291971392953,12.6185727259184,13.213431358337402,505482000
2022-10-26,12.82283740595862,13.339974778311161,12.662414686166759,12.849740028381348,532953000
2022-10-27,13.581108440535328,13.788362513806657,13.074930296219073,13.12873649597168,583113000
2022-10-28,13.056994256397354,13.800318541551777,13.014148282801942,13.784375190734863,521040000
2022-10-31,13.728577689841467,13.788362885764602,13.249303107599212,13.448585510253906,486341000
2022-11-01,13.761455439986173,13.8750468051688,13.470503118907711,13.494417190551758,432817000
2022-11-02,13.800318290781895,14.159026573083835,13.163610543300285,13.171581268310547,672628000
2022-11-03,12.99621185480263,13.731564388380816,12.909524051073214,13.372855186462402,500065000
2022-11-04,13.93582958769378,14.177957930344933,13.647865776966073,14.105219841003418,612576000
2022-11-07,14.1769615012651,14.360301478064772,13.903945167549931,14.249699592590332,410061000
2022-11-08,14.747906191962752,14.837583500238217,14.165004638425565,14.549620628356934,595292000
2022-11-09,14.111198522670565,14.160023489846735,13.709644264687311,13.726583480834961,454414000
2022-11-10,14.746910406367014,15.716419686091069,14.49481769622729,15.693502426147461,700819000
2022-11-11,15.75029472497801,16.33020665970529,15.426460807751228,16.268428802490234,655487000
2022-11-14,16.15982401511625,16.480669454615672,15.86488533252821,16.236547470092773,527852000
2022-11-15,16.66201530534491,16.93702431634431,16.323234794348377,16.606216430664062,545876000
2022-11-16,16.104025972359103,16.303307412411236,15.816062134408572,15.85292911529541,649547000
2022-11-17,15.658627572163233,16.20765162732223,15.47927296101109,15.620763778686523,710894000
2022-11-18,15.908725591523805,15.94459765168975,15.065760685221573,15.353724479675293,492072000
2022-11-21,15.092665143329405,15.421481294578124,15.025905097362354,15.262055397033691,404739000
2022-11-22,15.273015617031902,16.000397462317586,15.067754251325974,15.98046875,472866000
2022-11-23,16.040252289045704,16.467714217291594,15.990432410924427,16.459741592407227,427241000
2022-11-25,16.259465648152826,16.427858142364496,16.11398946353445,16.211637496948242,167934000
2022-11-28,15.968512050766721,16.298325994560756,15.668593078367639,15.77022647857666,303741000
2022-11-29,15.77022345370602,15.874847281240129,15.464325545701916,15.582898139953613,298384000
2022-11-30,15.644694063052635,16.873586217572935,15.545027852999587,16.866609573364258,565298000
2022-12-01,16.942353455622023,17.207465887298017,16.579566121809616,17.077899932861328,470977000
2022-12-02,16.603489123219873,16.876576265200864,16.390201516412013,16.819765090942383,371389000
2022-12-05,16.62342349091921,16.9383705081479,16.41711252133541,16.55465316772461,352255000
2022-12-06,16.474916083420236,16.51777206016381,15.766284980034621,15.933725357055664,352694000
2022-12-07,15.719443294997907,16.132064232758374,15.614792692114394,16.0662841796875,372388000
2022-12-08,16.218773657752436,17.121754700808335,15.905818930591325,17.111787796020508,515456000
2022-12-09,17.1028160194911,17.524406752700667,16.91843304409184,16.944345474243164,465338000
2022-12-12,16.9802285062354,17.47955848372448,16.741028482869503,17.4765682220459,457328000
2022-12-13,18.469247954138357,18.727385645434474,17.65198080321333,18.011777877807617,656589000
2022-12-14,17.92705944978632,18.191177653739228,17.36194948910425,17.615102767944336,496888000
2022-12-15,17.088865417042985,17.26228539533921,16.64435244524807,16.895511627197266,478542000
2022-12-16,16.80780430040909,16.98421452775994,16.355316696171542,16.515779495239258,478232000
2022-12-19,16.51677591008969,16.553651364106894,16.09119880078537,16.1998348236084,354039000
2022-12-20,16.010470747950464,16.255651316160492,15.799178230906909,16.031400680541992,403260000
2022-12-21,16.060302979691098,16.571593975514052,16.04834193364069,16.446012496948242,325025000
2022-12-22,16.040371897957666,16.08422590594544,14.832410596049105,15.287887573242188,565045000
2022-12-23,15.14536375199491,15.287886895394593,14.83340700919184,15.155330657958984,349326000
2022-12-27,15.02377046116637,15.04968384623769,14.009162061218975,14.073945999145508,464902000
2022-12-28,13.88059410154777,14.214477891182089,13.837737160676078,13.98923110961914,351066000
2022-12-29,14.354008980352377,14.634071797044276,14.179591938632296,14.554338455200195,354923000
2022-12-30,14.28623425846336,14.580251302126825,14.185570989377842,14.565301895141602,310490000
2023-01-03,14.801512873667992,14.946030156445817,14.049028593833635,14.267298698425293,401277000
2023-01-04,14.518459253168668,14.803505525216863,14.193545359327329,14.699851989746094,431324000
2023-01-05,14.442713107430109,14.515469810414057,14.100855645137985,14.217466354370117,389168000
2023-01-06,14.425766288153945,14.95998035300493,13.987232978527544,14.809483528137207,405044000
2023-01-09,15.233070349137327,16.002497216572273,15.090546259586656,15.575923919677734,504231000
2023-01-10,15.455326689560788,15.908810437445068,15.42044347056914,15.855987548828125,384101000
2023-01-11,15.787217661590548,15.974590928995806,15.511140262906103,15.947680473327637,353285000
2023-01-12,16.046350570153667,16.58155988533878,15.44037584745414,16.45598030090332,551409000
2023-01-13,16.22375667699758,16.865611678653806,16.11113426118995,16.842687606811523,447287000
2023-01-17,16.842691082523842,17.66892924665794,16.842691082523842,17.643014907836914,511102000
2023-01-18,17.60812825910423,17.81344118394388,17.224410962438323,17.319095611572266,439624000
2023-01-19,16.979228061683155,17.139692742246442,16.67524604897352,16.709131240844727,452932000
2023-01-20,16.954318015492934,17.79650364180214,16.76893885833487,17.779560089111328,564967000
2023-01-23,18.00380595113542,19.180872256618034,17.75862728937308,19.129045486450195,655163000
2023-01-24,18.764265416274096,19.430040716014094,18.75728877168834,19.2008056640625,496204000
2023-01-25,18.849976169985318,19.30545403532492,18.518085645970668,19.258609771728516,449537000
2023-01-26,19.635350144248754,20.0988007667648,19.213759381728458,19.736013412475586,489535000
2023-01-27,19.39714737022937,20.559262315315294,19.34033810009434,20.297138214111328,542142000
2023-01-30,19.883522650362398,20.07288815679004,19.086187298640233,19.098148345947266,488611000
2023-01-31,19.10612138016746,19.621398819093155,18.886855153366426,19.471899032592773,498017000
2023-02-01,19.62538402504865,21.1213817226709,19.545650683627567,20.873212814331055,660477000
2023-02-02,20.93001702371723,21.87585386658417,20.631017540918208,21.636653900146484,564276000
2023-02-03,20.93002263417135,21.672540940249053,20.71972529905481,21.02968978881836,429366000
2023-02-06,20.736664676346177,21.498118619101376,20.71673086922874,21.018722534179688,452197000
2023-02-07,21.310748940899305,22.184827328430092,21.079521682438997,22.09911346435547,664150000
2023-02-08,22.312398971746344,22.80176393868283,21.934662201742093,22.131006240844727,559651000
2023-02-09,22.530666358802463,22.943286261976205,22.046285893905168,22.262561798095703,523876000
2023-02-10,21.6177244226343,22.00443010232316,20.74165374341449,21.19413948059082,550737000
2023-02-13,21.4662318309297,21.97453265239466,20.89215094788676,21.71539878845215,474919000
2023-02-14,21.506097057062863,22.972196070287414,21.294803588437638,22.89445686340332,675474000
2023-02-15,22.473860964718224,22.778841054015846,22.032338260019806,22.68814468383789,420575000
2023-02-16,22.059246323523663,22.474856585066412,21.853933394359046,21.92868423461914,412026000
2023-02-17,21.558922723947695,21.667558774123847,20.905108479188826,21.31673240661621,465888000
2023-02-21,20.930021777294268,21.422375105842487,20.549294744904135,20.586172103881836,410015000
2023-02-22,20.637998793039895,21.03367523119019,20.352950629424083,20.68484115600586,513184000
2023-02-23,23.361891451181727,23.80839853574855,22.94827344265805,23.58514404296875,1117995000
2023-02-24,23.147606985640458,23.39577778263142,22.870533495406775,23.208402633666992,589716000
2023-02-27,23.59112499865335,23.800424307289973,23.37584516662916,23.422687530517578,452994000
2023-02-28,23.294117844928124,23.745609343959064,23.128670637340598,23.13863754272461,455963000
2023-03-01,23.114717384744207,23.1785051990992,22.43299664359423,22.622364044189453,460026000
2023-03-02,22.41306693029748,23.30209292749656,22.357251874394603,23.236312866210938,389415000
2023-03-03,23.24229019406714,23.82035737741727,23.05292280095457,23.81039047241211,412393000
2023-03-06,23.81139038959998,24.167199231552658,23.408735379499408,23.475513458251953,437429000
2023-03-07,23.525353628386604,24.04869267419401,23.167487988654617,23.214340209960938,515154000
2023-03-08,23.412709959422333,24.12345598243845,23.34990950267541,24.104515075683594,513573000
2023-03-09,24.098534615353046,24.37665338080257,23.309039864365545,23.361873626708984,501257000
2023-03-10,23.334958480231546,23.55226936391661,22.654118224508185,22.892362594604492,474866000
2023-03-13,22.680036313439018,23.224308845911295,22.22647555282617,22.89335823059082,421890000
2023-03-14,23.421684721601242,24.14239751688331,23.385797384475328,23.98689079284668,474910000
2023-03-15,23.68584522635948,24.20918430620047,23.286114490388712,24.151369094848633,524486000
2023-03-16,23.951003432054158,25.507064935559395,23.818422785484607,25.460214614868164,583253000
2023-03-17,25.899816121394398,26.31549691711218,25.586808261666317,25.64362907409668,848547000
2023-03-20,25.533980590026932,25.941687335476704,25.050514016475315,25.818078994750977,432747000
2023-03-21,26.09719563603672,26.3085249951989,25.300723004441352,26.116134643554688,547408000
2023-03-22,26.34141790205971,27.50173767157012,26.154012813178745,26.3842830657959,797295000
2023-03-23,27.02923209610895,27.412018238340906,26.605577177571398,27.104991912841797,564889000
2023-03-24,26.945497674200514,27.081067169624458,26.27163535426083,26.694293975830078,454920000
2023-03-27,26.752112468073136,26.91459699343309,26.281605317466703,26.447080612182617,361026000
2023-03-28,26.363351140587802,26.42914237361527,25.768239273478084,26.326467514038086,356104000
2023-03-29,26.74015174035028,26.99234984404029,26.51287227864152,26.89864730834961,393694000
2023-03-30,27.142874491555478,27.412020935167096,27.01627538766958,27.29638671875,364516000
2023-03-31,27.054156013485166,27.74596114615361,27.019266870020537,27.68914222717285,433933000
2023-04-03,27.421991687577037,27.911437912375046,27.24953854012971,27.876548767089844,398716000
2023-04-04,27.87754496966134,27.911437825351527,27.2206289482267,27.366167068481445,368592000
2023-04-05,26.74414297141955,26.912607163282487,26.31151565571502,26.795978546142578,515015000
2023-04-06,26.49991459021249,26.994346033960124,26.34341159102696,26.95148277282715,397654000
2023-04-10,26.738156744869016,27.533632944199486,26.58464452796212,27.49176597595215,395279000
2023-04-11,27.636309871277366,27.702101097960746,27.04019987081764,27.083065032958984,314378000
2023-04-12,27.28342808388289,27.381117678822534,26.36434353627186,26.411195755004883,446259000
2023-04-13,26.649438069211914,26.801953999694348,26.24572032443633,26.379295349121094,353615000
2023-04-14,26.420170212204003,26.797971184144085,26.137068080300253,26.67336654663086,395660000
2023-04-17,26.480973631209377,26.920578703015185,26.34939118660513,26.91659164428711,321471000
2023-04-18,27.445911825397904,28.021086392851622,27.270467934497674,27.579486846923828,604812000
2023-04-19,27.274458372050166,27.91143718116391,27.145866682608375,27.842655181884766,358660000
2023-04-20,27.58347456890567,27.941340187321615,26.914597451904964,27.018268585205078,427713000
2023-04-21,26.866750601318966,27.09702084669948,26.637478546679382,27.033222198486328,345103000
2023-04-24,26.92755907031357,27.27944127802104,26.586639849155418,26.956466674804688,339282000
2023-04-25,26.992357408890378,27.160823523001273,26.142056521194057,26.158004760742188,378527000
2023-04-26,26.91659109618502,27.24355272101591,26.620529651196374,26.87073516845703,406337000
2023-04-27,27.276446906007767,27.408029336469994,26.540780462251472,27.13987922668457,377161000
2023-04-28,27.138887339013703,27.670200494580325,26.985373211032865,27.661230087280273,292216000
2023-05-01,27.751942445275365,28.96609033128575,27.692132757184343,28.818557739257812,570329000
2023-05-02,28.58928602409841,28.74479273603856,27.994174201759634,28.120771408081055,402730000
2023-05-03,27.75193973878234,28.27727321647942,27.38510372531901,27.714059829711914,383387000
2023-05-04,27.563540293710812,27.770882582276077,27.15384096655844,27.474822998046875,321850000
2023-05-05,27.73798787503542,28.664048441913906,27.643289040070506,28.58928680419922,361494000
2023-05-08,28.43178384704761,29.127576016939173,28.260328904734493,29.058794021606445,344979000
2023-05-09,28.807588662660574,28.881353997290418,28.36000950451593,28.48062515258789,314869000
2023-05-10,28.9132576098521,29.020917714127965,28.37097953587767,28.793638229370117,369350000
2023-05-11,28.80460099601504,28.858431044188475,28.15665734572962,28.487606048583984,322149000
2023-05-12,28.43875993883251,28.68896736052221,27.957287902221466,28.25035858154297,274222000
2023-05-15,28.417829411901007,28.877371722844355,28.062956433881705,28.861421585083008,293926000
2023-05-16,28.749776627024,29.775523171518977,28.740806219257955,29.1205997467041,449405000
2023-05-17,29.490427067750744,30.103481628369693,29.336914830555962,30.082548141479492,432535000
2023-05-18,30.31381549594501,31.72732974738972,30.22410000650582,31.577804565429688,748725000
2023-05-19,31.436246715841435,31.480108161589943,30.818208923474266,31.16510772705078,473908000
2023-05-22,30.803258976791746,31.420302459294863,30.582959233506156,31.077390670776367,372000000
2023-05-23,30.901946256374558,31.189035411939713,30.534113929383956,30.590932846069336,356253000
2023-05-24,30.114446491845936,30.510192064798854,29.71172499125114,30.441410064697266,721419000
2023-05-25,38.40114883242656,39.3551225285011,36.51912017458201,37.859867095947266,1543911000
2023-05-26,37.77015525878446,39.04610546738504,37.431230509295986,38.82281494140625,714397000
2023-05-30,40.46659728547173,41.80534782144874,39.822640705708025,39.984127044677734,923401000
2023-05-31,39.36309641035941,40.1675430373075,37.70236568816468,37.71432876586914,1002580000
2023-06-01,38.367260487804366,39.92332397878751,38.218733498055144,39.64421081542969,635873000
2023-06-02,39.970174994520356,40.37190020075976,38.934459847678006,39.20261001586914,482731000
2023-06-05,38.78593534052818,39.43985871743566,38.58457457981163,39.0471076965332,396094000
2023-06-06,38.70718409484521,39.03613834073106,38.02733822176895,38.53173828125,388729000
2023-06-07,38.79592485025507,39.37813750275476,37.2416933197928,37.360328674316406,511998000
2023-06-08,37.60857182578051,38.74508306628558,37.39024395636986,38.39216613769531,417772000
2023-06-09,38.91754848393105,39.58948588191824,38.448989234454245,38.6513671875,427717000
2023-06-12,39.08005597622932,39.40904425940009,38.49983605891858,39.36119079589844,388701000
2023-06-13,40.063036270092226,40.975237387752834,39.618401830821284,40.89647674560547,613208000
2023-06-14,40.699081687742314,42.868421916484955,40.427910831503084,42.86543273925781,740465000
2023-06-15,42.47165262178882,43.15655089419858,42.018042951563174,42.52249526977539,568622000
2023-06-16,43.317050916384595,43.587221609742976,42.53046366608263,42.561370849609375,655709000
2023-06-20,42.86643115503074,43.85539630398405,42.543421257103255,43.6739501953125,451153000
2023-06-21,43.367894115226505,43.481547516431846,41.95124449603973,42.91328811645508,551603000
2023-06-22,42.1237190225818,43.29313038937875,42.104779954933065,42.89336013793945,417737000
2023-06-23,42.33406622553571,42.678007983073286,41.88643880055925,42.0798454284668,358140000
2023-06-26,42.33106545231296,42.63313965450452,39.977290186433514,40.50766372680664,594322000
2023-06-27,40.674163315350505,41.81167093605906,40.3242393713419,41.747867584228516,462175000
2023-06-28,40.535593222698935,41.716968869927854,40.39402940114142,40.99119567871094,582639000
2023-06-29,41.430842057083,41.4727133655292,40.475773103828736,40.69709396362305,380514000
2023-06-30,41.55246701356272,42.419803905460185,41.3740138694354,42.17256164550781,501148000
2023-07-03,42.38690024476898,42.76673493754276,42.07286548445585,42.28321838378906,198209000
2023-07-05,42.00607294813804,43.04488443654503,41.95622669958026,42.18751907348633,323618000
2023-07-06,41.7159719008241,42.04994599038348,41.219494533498526,41.974178314208984,303582000
2023-07-07,42.19250176000006,43.08177451798843,42.050937955304576,42.372947692871094,355881000
2023-07-10,42.52647545344216,42.680003559932054,41.521556604913506,42.050933837890625,353908000
2023-07-11,42.35100950902143,42.6271623304336,41.938278668558176,42.27524185180664,298244000
2023-07-12,42.901329149439654,43.80056964792914,42.64611193757971,43.767669677734375,481277000
2023-07-13,44.381783639889846,46.01377191487625,44.35586222212897,45.83631896972656,478204000
2023-07-14,46.44046184420574,47.94085779132301,44.92212322629915,45.329872131347656,772075000
2023-07-17,46.147361621458764,46.353725148743315,45.123503715655524,46.31883239746094,510488000
2023-07-18,46.55810196861849,47.74944513877749,45.59406179064249,47.34867477416992,569164000
2023-07-19,47.31876592185892,47.67168281088611,46.59897504315981,46.93294906616211,427502000
2023-07-20,46.36470161642384,46.942928804835816,44.92412321467116,45.38072204589844,537865000
2023-07-21,45.647898491989125,45.72566275241697,43.96506361938245,44.173423767089844,963769000
2023-07-24,44.594129747804274,44.970975292246095,43.90524600694248,44.475494384765625,382516000
2023-07-25,44.803489544215395,46.04168599596265,44.78554306973034,45.53923034667969,348081000
2023-07-26,45.88018262099463,45.912086196628444,44.493440026375104,45.312923431396484,364237000
2023-07-27,46.376665137451575,47.24998426093751,45.61001707056192,45.759559631347656,455976000
2023-07-28,46.525202843607126,46.883105518604516,46.23908226392985,46.60695266723633,331194000
2023-07-31,46.61094263427025,46.98579159307672,46.363700375175576,46.58601760864258,251055000
2023-08-01,46.3178432431884,46.7564993884591,45.88616945228999,46.36470031738281,237858000
2023-08-02,45.69076967402106,45.699741010536016,43.254247470375134,44.133548736572266,530142000
2023-08-03,43.665975669938696,44.97994351428875,43.665975669938696,44.378787994384766,324176000
2023-08-04,44.84735625489334,45.502343664999096,44.257168589781394,44.54328918457031,362666000
2023-08-07,44.97296316545108,45.4006513036196,44.42663967720104,45.27802658081055,322154000
2023-08-08,44.71575315581905,45.10356277836036,43.92119104559553,44.5273323059082,353843000
2023-08-09,44.13852436844698,44.17641010034291,42.00507315736143,42.423789978027344,586449000
2023-08-10,42.03099019324286,43.44066481177175,41.70698393305918,42.25829315185547,492705000
2023-08-11,41.62323855662076,41.889423617755284,40.5146418389353,40.72998046875,533085000
2023-08-14,40.362116194769875,43.66597480294201,40.18765244113688,43.619117736816406,690286000
2023-08-15,44.42365526404346,45.12948908567366,43.576253839259216,43.80554962158203,676512000
2023-08-16,44.38378393145876,44.53830846558312,43.27319018328481,43.35294723510742,527451000
2023-08-17,43.83546018459533,43.927177736442225,42.86942340203336,43.21137619018555,452395000
2023-08-18,42.504541812711565,43.44465716941068,41.53252668330837,43.16651153564453,583768000
2023-08-21,44.35785896625514,46.92099149712555,44.086691857163586,46.82329177856445,692573000
2023-08-22,47.98771355577138,48.03955639191804,45.19428904679984,45.528263092041016,755293000
2023-08-23,45.72565339980645,47.05557105969461,45.06966590460551,46.97182846069336,779046000
2023-08-24,50.06234798957418,50.11219423827407,47.014702631702306,47.0186882019043,1156044000
2023-08-25,46.86814754737519,47.658720291728024,44.8862279220612,45.87718963623047,925341000
2023-08-28,46.33977183033874,46.836249134555814,44.750651224061855,46.69169235229492,685192000
2023-08-29,46.52321191086775,48.93082341552477,46.249051833640735,48.63473129272461,701397000
2023-08-30,48.89392651921933,49.77422400503659,48.27682114567205,49.11325454711914,735206000
2023-08-31,49.22890833319217,49.5917929853516,48.80819868484659,49.203983306884766,528570000
2023-09-01,49.60973326514342,49.64761519313272,47.994687598350154,48.360565185546875,463830000
2023-09-05,48.075442101099355,48.7015226451209,47.7135538785842,48.39944839477539,382653000
2023-09-06,48.29674799789352,48.40442428205269,46.44128986405677,46.92085647583008,468670000
2023-09-07,45.38943829933542,46.20599974475195,45.01754791417301,46.10330581665039,433330000
2023-09-08,45.805199355822154,46.46721981309031,45.13619596961709,45.43629837036133,473069000
2023-09-11,46.010585175997676,46.025539902373815,44.180053643461356,45.04347610473633,473966000
2023-09-12,44.60478224808882,45.536999459957386,44.39839790348207,44.73638916015625,349256000
2023-09-13,44.46719292129203,45.79323440179784,44.37048163678398,45.34955978393555,398355000
2023-09-14,45.813171215808374,45.85005979000756,44.99660978408658,45.44527053833008,370097000
2023-09-15,45.20598272428771,45.46321387121769,43.67754676368698,43.7692756652832,506831000
2023-09-18,42.620703892646866,44.110254465014556,41.87493023032647,43.83507537841797,500271000
2023-09-19,43.70248677033201,43.83509018273788,42.87395980732267,43.390419006347656,373064000
2023-09-20,43.470167525058194,43.772266659114486,42.097269015445136,42.11322021484375,367108000
2023-09-21,41.45917191816058,41.97463066173917,40.85796692750404,40.89485549926758,450736000
2023-09-22,41.448218009359955,41.989604300467136,41.108233732087406,41.486106872558594,479236000
2023-09-25,41.46715750384496,42.409343350786685,41.054388777119094,42.09627914428711,419091000
2023-09-26,41.875929814501234,42.69249125804407,41.53095945617028,41.786197662353516,402282000
2023-09-27,42.20395172792175,42.744337580019156,41.50503894981491,42.34153747558594,444935000
2023-09-28,42.33356473794384,43.31662875856255,41.98959464052307,42.960693359375,424663000
2023-09-29,43.69648724068338,44.0125445851486,43.17803529229858,43.36946487426758,397830000
2023-10-02,43.898891446595,45.04048245716081,43.73039595276652,44.64865493774414,433298000
2023-10-03,44.674580823479765,44.995624457689956,43.11723147497765,43.38742446899414,470850000
2023-10-04,43.61174546536846,44.01155233952571,43.163084716605525,43.909854888916016,361821000
2023-10-05,43.91883469559828,44.76630599321606,43.75731831894087,44.554935455322266,393483000
2023-10-06,44.06141166404006,45.65266008201276,43.89490910599022,45.62574005126953,434436000
2023-10-09,44.70846728115123,45.46919568500271,44.23587974540924,45.13818359375,409675000
2023-10-10,45.17507908955567,46.12125070086953,44.95374003044169,45.661624908447266,368582000
2023-10-11,46.05843799423147,46.71946573957931,45.91287284021887,46.666622161865234,378137000
2023-10-12,46.637711102575786,47.4672343606174,46.19204354796514,46.80521011352539,481325000
2023-10-13,46.82016325151491,46.97570075879303,45.14516559213605,45.325626373291016,474115000
2023-10-16,44.928816083518186,46.08735476029038,44.77826474104746,45.95774459838867,375099000
2023-10-17,43.86898271179327,44.620739164515385,42.35350830716708,43.807167053222656,812333000
2023-10-18,42.464174898094846,43.090307040885016,41.700456999229225,42.070350646972656,627294000
2023-10-19,42.68352429308483,43.168077212016314,41.757289685675055,41.97563934326172,501233000
2023-10-20,41.76527172933952,42.343546602351324,40.95568918912639,41.263771057128906,477266000
2023-10-23,41.10623136446677,43.11922033673946,40.82307664352765,42.84703063964844,478530000
2023-10-24,42.9487282788918,43.5668810255137,42.56387990123347,43.532981872558594,401463000
2023-10-25,43.26877302407248,43.52002535417708,41.43126239759443,41.65459442138672,398379000
2023-10-26,41.7283746394427,42.13017450154096,39.7612500826686,40.2059211730957,541001000
2023-10-27,41.00752725918924,41.08330116511961,39.895845748458264,40.37940216064453,416784000
2023-10-30,40.964667345264616,41.64164270595532,40.360468880142975,41.03844451904297,388028000
2023-10-31,40.329550161466386,40.757273552176585,39.11318181784756,40.658565521240234,517969000
2023-11-01,40.7622597335259,42.25480380163395,40.74730500713954,42.198970794677734,437593000
2023-11-02,43.19897822868172,43.75332234424489,42.76627246802236,43.37644958496094,409172000
2023-11-03,43.8889268867807,45.174086428721,43.59281034902624,44.870994567871094,424610000
2023-11-06,45.15014941074925,45.79821535111658,44.765297265873905,45.61476135253906,400733000
2023-11-07,45.582863690228386,46.080374555632474,45.02353336587058,45.81816101074219,343165000
2023-11-08,45.962719040672205,46.72743711996402,45.83111214888231,46.43531036376953,346719000
2023-11-09,47.32565472798377,48.08638320008785,46.610790709948866,46.81019592285156,540496000
2023-11-10,47.358554124348004,48.32765981676779,47.142201251891926,48.19106674194336,421245000
2023-11-13,48.17611002726251,48.96974108943456,47.95576746252599,48.475215911865234,384136000
2023-11-14,49.53206353654858,49.68560428700353,48.89396993275051,49.50813293457031,416954000
2023-11-15,49.78630718435211,49.811230458479834,48.05647298035821,48.74242401123047,475497000
2023-11-16,48.53405091082967,49.37753247238456,48.18609109090698,49.332664489746094,339756000
2023-11-17,49.37653194691317,49.56895804695832,48.861073108178935,49.151206970214844,325205000
2023-11-20,49.165169788318394,50.397489558773835,49.03455933420522,50.25890350341797,414120000
2023-11-21,49.97674154704206,50.36657612795036,49.07543401602206,49.795284271240234,565747000
2023-11-22,49.703549221280575,50.18510881847485,47.54798478525453,48.57093048095703,899420000
2023-11-24,48.325669336815935,48.77532658141017,47.60282592861512,47.63373565673828,294645000
2023-11-27,47.65766910789753,48.385494990493825,47.51011098197541,48.09835433959961,395662000
2023-11-28,48.09236930689928,48.17911204503058,47.33164078012809,47.67860412597656,401491000
2023-11-29,48.2349412356402,48.616800180789156,47.71748568176772,47.99665069580078,382005000
2023-11-30,47.88099726514556,47.96674352591701,46.28377015509841,46.630733489990234,526247000
2023-12-01,46.38646825144851,47.05945760454386,46.04947343587655,46.62575149536133,369317000
2023-12-04,45.93979415914972,45.93979415914972,44.87597007312704,45.374481201171875,437543000
2023-12-05,45.33459625037478,46.46531769952222,45.14016013303565,46.431419372558594,371718000
2023-12-06,47.078540477295284,47.25004424942053,45.2807500654452,45.37148666381836,380590000
2023-12-07,45.56793131942615,46.49424743379082,45.4722080825041,46.461341857910156,350823000
2023-12-08,46.4603430274887,47.60303102965734,46.41547109826504,47.368709564208984,359224000
2023-12-11,47.353746056504626,47.393627560593224,45.69754725900702,46.49224090576172,509728000
2023-12-12,45.912927610504205,47.52824471452688,45.912927610504205,47.51927185058594,372387000
2023-12-13,47.49135865819483,48.45357005871663,47.47041943734218,47.949031829833984,447792000
2023-12-14,48.2501437897404,48.52933332337193,47.28494297084845,48.21025848388672,391232000
2023-12-15,48.05471159561218,49.26121358218172,47.980924159413945,48.74869918823242,479948000
2023-12-18,49.25723605827901,50.28724783914224,49.00795855556237,49.93227767944336,412587000
2023-12-19,49.281159865930675,49.55636317420033,48.75368939419547,49.46063995361328,464444000
2023-12-20,49.511490749608875,49.85449831929735,47.95899143016388,47.971954345703125,397894000
2023-12-21,48.669924250210805,48.95310381142598,48.27905513323096,48.84840774536133,300425000
2023-12-22,49.05281623744541,49.24027260571634,48.32691966505345,48.688873291015625,252507000
2023-12-26,48.82647939940057,49.45665286845571,48.81850309781851,49.13658142089844,244200000
2023-12-27,49.36791528650649,49.536425600159234,48.94314392704513,49.27418518066406,233648000
2023-12-28,49.49953204501984,49.73983287122963,49.26919684127221,49.37887954711914,246587000
2023-12-29,49.66903891502132,49.85250906748791,48.61010784761711,49.37887954711914,389293000
2024-01-02,49.101683898702085,49.152535199799544,47.457451257375006,48.02879333496094,411254000
2024-01-03,47.34776550065434,48.04474284454288,47.183241449788504,47.431522369384766,320896000
2024-01-04,47.62895205059956,48.35983539054749,47.37070168440111,47.85928726196289,306535000
2024-01-05,48.321937950337194,49.40380119345811,48.16638677946172,48.955101013183594,415039000
2024-01-08,49.36890655044413,52.123921699220006,49.33600098033536,52.10198211669922,642510000
2024-01-09,52.24956080282397,54.16800018278708,51.54061326714163,52.98642349243164,773100000
2024-01-10,53.4610522035269,54.442205820352854,53.334416522190715,54.192928314208984,533796000
2024-01-11,54.84004936433209,55.186046630349715,53.40520900250216,54.66355895996094,596759000
2024-01-12,54.4621436511034,54.81113441098262,54.172984660391826,54.551883697509766,352994000
2024-01-16,54.8589987377964,56.670745116790805,54.74133972907017,56.21905517578125,449580000
2024-01-17,56.18415552246115,56.3077977062965,54.581801354818275,55.89100646972656,474394000
2024-01-18,57.09452091474022,57.43353849056932,55.944853126147336,56.94196319580078,491650000
2024-01-19,57.82139962518428,59.32803414176751,57.05960778546638,59.319061279296875,543501000
2024-01-22,59.87546063771517,60.15664716031092,58.89928981630902,59.48160171508789,452955000
2024-01-23,59.397833118705194,59.73685061790294,58.41567931351442,59.69995880126953,294654000
2024-01-24,60.12971710051197,62.667360005652704,59.76477374613349,61.18465805053711,560271000
2024-01-25,62.16980621821151,62.53774309008504,60.674141236503075,61.438926696777344,482777000
2024-01-26,60.78382030493906,61.60444363196895,60.39794153183259,60.8546142578125,390309000
2024-01-29,61.055031402652325,62.308398507444245,60.730973730437555,62.28446960449219,348733000
2024-01-30,62.71822564353858,63.30951043078787,62.080071996336734,62.592586517333984,410735000
2024-01-31,61.262427961717485,62.089034402842934,60.52456880100295,61.349178314208984,453795000
2024-02-01,61.920522012090565,63.00837229900728,61.47182560913307,62.844844818115234,369146000
2024-02-02,63.789108872006786,66.40751896695984,63.50592925992764,65.96879577636719,476578000
2024-02-05,68.02781943535477,69.29614635606846,67.01077071404906,69.13162231445312,680078000
2024-02-06,69.42877233327619,69.552414531284,66.10840153882174,68.02584075927734,683111000
2024-02-07,68.12155362100862,70.01706057362387,67.40462981569888,69.89640808105469,495575000
2024-02-08,69.87147502102263,70.58939534958982,69.2542683281726,69.43972778320312,414422000
2024-02-09,70.32916305952648,71.97638935285751,70.00909157292358,71.92454528808594,436637000
2024-02-12,72.39017224345903,74.39536169687851,71.04407549243956,72.03919219970703,613710000
2024-02-13,70.19655257557241,73.2377338167756,69.41880791459157,71.9195556640625,602580000
2024-02-14,72.99044348203591,74.0214517262709,71.73009661007124,73.6864242553711,504917000
2024-02-15,73.65552738205378,73.76121624211152,72.19077091766044,72.4480209350586,420122000
2024-02-16,73.88583908151942,74.18696820662582,72.29146138961607,72.40313720703125,495327000
2024-02-20,71.7390740272432,71.74805069531128,67.53825202114858,69.25128936767578,704833000
2024-02-21,67.80946909427277,68.6889240135881,66.05655384481933,67.27701568603516,673755000
2024-02-22,74.80817959484354,78.34791554573746,74.00550573707999,78.31102752685547,865100000
2024-02-23,80.55651569183838,82.15587637734276,77.3458203592003,78.58921813964844,829388000
2024-02-26,79.46967086730548,80.41294376465017,78.27812461798902,78.86343383789062,503973000
2024-02-27,79.1515839793688,79.25030450092336,76.93900277777333,78.47354888916016,391705000
2024-02-28,77.39567785845682,78.7048791588161,76.90210568945557,77.43855285644531,393110000
2024-02-29,78.86541608909434,79.75882270864132,78.12356300049603,78.88336181640625,507289000
2024-03-01,79.76878610572811,82.0621417492055,79.20541661950624,82.04119873046875,479135000
2024-03-04,83.88685110747949,87.44155024884783,83.47704345209779,84.99065399169922,615616000
2024-03-05,85.02756212891575,85.85221432148215,83.1798336316164,85.71958923339844,520639000
2024-03-06,87.77173362164056,89.4688902523757,86.78254975478006,88.44779968261719,582520000
2024-03-07,89.90165539673119,92.5032385135836,89.34723648723485,92.405517578125,608119000
2024-03-08,94.86749190765931,97.12306133342042,86.26003174516178,87.27912902832031,1142269000
2024-03-11,86.18324958318006,88.54451266458084,83.9266836856204,85.53011322021484,678364000
2024-03-12,87.79866017993605,91.69853581019218,85.90505740123257,91.65167236328125,668075000
2024-03-13,90.7961026211969,91.24382347923168,88.18354935724443,90.62957763671875,635713000
2024-03-14,89.32231468480107,90.3882755061813,86.35377401546849,87.69395446777344,602318000
2024-03-15,86.68283850567245,89.29139794365639,86.01175546714047,87.5872573852539,642086000
2024-03-18,90.13099363074502,92.14225684199752,86.8373838940454,88.2034912109375,668976000
2024-03-19,86.4534797466604,90.28655172899164,84.7682901573293,89.14381408691406,672171000
2024-03-20,89.54168157483528,90.15294523438696,87.97215934887909,90.11505126953125,479063000
2024-03-21,92.0375720151123,92.38458214165158,90.1479556941056,91.1750259399414,480372000
2024-03-22,90.88186017417289,94.50852022791372,90.57573384993215,94.02091217041016,586719000
2024-03-25,93.67389990625729,96.49086455465545,93.24412560987103,94.73188018798828,552136000
2024-03-26,95.57846759747075,96.10097979295517,92.23899068459922,92.29782104492188,513648000
2024-03-27,92.84725495724012,92.97488937266765,88.8695984293379,89.99339294433594,586067000
2024-03-28,89.74410760252643,91.04041442208826,88.93940289555813,90.0990982055664,435212000
2024-04-01,90.04226569169144,91.96278458075767,88.95037777581965,90.1060791015625,452441000
2024-04-02,88.19651163521841,89.83783523468522,87.37087059473389,89.19766235351562,433064000
2024-04-03,88.23241336254476,90.11703889051455,88.14865256608842,88.71104431152344,370067000
2024-04-04,90.14893737073052,90.3762935173085,85.63580564756691,85.66073608398438,434965000
2024-04-05,86.61902297298796,88.22943673946416,85.68170072109015,87.75778198242188,399678000
2024-04-08,88.44779987998065,88.57743512523471,86.4854007087341,86.88526153564453,283220000
2024-04-09,87.19337337953033,87.38582540473588,82.7859427996773,85.1113052368164,501700000
2024-04-10,83.68738625967652,87.15150809881327,83.4710003679758,86.79153442382812,431929000
2024-04-11,87.1714479258609,90.48101167566662,86.67885677486333,90.35836029052734,431637000
2024-04-12,89.44396327846418,89.91861544290224,87.2811315064311,87.93526458740234,426805000
2024-04-15,88.84465613304712,90.35534773623158,85.68466822355283,85.75646209716797,443077000
2024-04-16,86.18725549413733,87.86746232886081,85.81930894271287,87.16646575927734,370453000
2024-04-17,88.08881854088399,88.5225868752461,83.71130127056159,83.79606628417969,495400000
2024-04-18,84.7283978612392,85.94493013538192,82.167698910902,84.43024444580078,447260000
2024-04-19,82.91358102333888,84.08423897081519,75.39103216599602,75.98333740234375,875198000
2024-04-22,77.8819196640173,79.84532288255929,76.18276995811692,79.29190063476562,596341000
2024-04-23,80.53934787289336,82.53366130187051,80.03578647084935,82.18864440917969,438559000
2024-04-24,83.71130021339918,83.84292866853282,78.95785602564062,79.45045471191406,512208000
2024-04-25,78.64375119701494,83.08608614140688,78.00058847000186,82.39705657958984,424641000
2024-04-26,83.5796943254643,88.0798637130723,83.14991996305922,87.48555755615234,551011000
2024-04-29,87.34594249418755,87.74180926182623,85.0235621625501,87.50748443603516,388971000
2024-04-30,86.99194098130891,88.56645365033815,86.05461893624248,86.15632629394531,363709000
2024-05-01,84.83509991070004,85.75547203094351,81.02396098069623,82.80488586425781,559863000
2024-05-02,84.20889135183461,85.99180970266082,82.96344197206183,85.57300567626953,377898000
2024-05-03,87.53939567590184,89.02715032615576,86.79252471992756,88.53655242919922,398341000
2024-05-06,89.13584021044993,91.95779560513117,88.80179361610953,91.87802124023438,376203000
2024-05-07,90.8389759868272,91.52003263915564,88.75791206874568,90.29652404785156,437342000
2024-05-08,89.22858583150523,90.93471969755814,89.16576142158716,90.15494537353516,325721000
2024-05-09,90.27159797496299,90.81305333122494,87.9801353538175,88.49466705322266,378013000
2024-05-10,90.04823199188911,91.14111635473476,88.97329419694542,89.62244415283203,335325000
2024-05-13,90.22074555223655,90.73927132421963,88.27728953555432,90.14197540283203,289680000
2024-05-14,89.34425178727211,91.39041950305226,88.68114159761363,91.09626007080078,296507000
2024-05-15,92.20907765380471,94.59228164011105,91.3385587292716,94.3609390258789,417735000
2024-05-16,94.64014935721045,95.54656142094716,93.83543705567772,94.09071350097656,323952000
2024-05-17,94.10068232469492,94.47062203748345,91.5449662156453,92.21604919433594,359691000
2024-05-20,93.48344309476195,94.9293173048801,93.17432694405993,94.51051330566406,318764000
2024-05-21,93.33286278018406,95.1287443727323,92.91505542877422,95.11478424072266,328946000
2024-05-22,95.18757094825777,95.74697281531282,92.9838557882849,94.68001556396484,548648000
2024-05-23,101.73790743867507,106.01770397120008,101.23134859062449,103.50387573242188,835065000
2024-05-24,104.15202177987621,106.17226230771774,102.70714415978955,106.1662826538086,429494000
2024-05-28,109.93055601288341,114.61220681929554,109.57058235224117,113.57715606689453,652728000
2024-05-29,112.7285727659483,115.16362326202471,110.58568085733936,114.49851989746094,557442000
2024-05-30,114.32402359196342,115.4896985615827,109.35120333690087,110.18582153320312,484553000
2024-05-31,112.20006619281486,112.39651226649593,106.6359377048998,109.32128143310547,613263000
2024-06-03,113.29795006188645,114.67302703857422,111.68454659500959,114.67302703857422,438392000
2024-06-04,115.38699108204422,116.26847269779265,113.72073695926161,116.1059341430664,403324000
2024-06-05,118.03444954327455,122.10085027973177,117.13401707628022,122.09188079833984,528402000
2024-06-06,123.69529221491227,125.22991785379394,117.98358173920542,120.65396881103516,664696000
2024-06-07,119.42946352714927,121.34600353396539,117.68643999762348,120.5442886352539,412386000
2024-06-10,120.02776477909312,122.74999853797115,116.67731737762591,121.4437255859375,313434100
2024-06-11,121.43375200225071,122.53072064853247,118.41211998717576,120.57613372802734,222551200
2024-06-12,122.72019591619149,126.52964756781702,122.23155106787934,124.85428619384766,299595000
2024-06-13,129.03272721920433,129.44159877760444,126.80888896455666,129.2521209716797,260704500
2024-06-14,129.60112719578945,132.47316384016574,127.9656566008486,131.5158233642578,309320400
2024-06-17,132.62277611443673,133.36072299109455,129.2221885999668,130.61831665039062,288504400
2024-06-18,130.77788509132313,135.95355648117285,130.32913071079423,135.20562744140625,294335100
2024-06-20,139.41394956266274,140.37129003031137,129.16233868973217,130.41885375976562,517768400
2024-06-21,126.76896611362388,130.26927552404442,123.95675373138954,126.2204818725586,649445800
2024-06-24,122.89968290118539,124.1163152101961,117.71404522588668,117.78385162353516,476060900
2024-06-25,120.86531742755339,126.15068514494095,118.9905115651875,125.74181365966797,414192600
2024-06-26,125.7817056647018,127.76620840809865,122.26145451808375,126.05096435546875,362975900
2024-06-27,123.75731038151326,126.06093675176166,122.58056851355609,123.64761352539062,252571700
2024-06-28,124.23599694106169,127.35735127952529,122.41104832536521,123.19886779785156,315516700
2024-07-01,123.12906949273948,124.4952817088337,118.50188230843665,123.95677947998047,284885500
2024-07-02,120.79551981451768,123.0692304193492,120.69579746715523,122.33126831054688,218374000
2024-07-03,121.32408029184768,127.92579650878906,121.024905598081,127.92579650878906,215749000
2024-07-05,127.02825159880693,128.49420118342798,125.3329490025218,125.48253631591797,214176700
2024-07-08,127.13796209423431,130.40891148198673,126.68920771422978,127.84600067138672,237677300
2024-07-09,129.99007251430768,133.45049207075732,128.29475452643044,131.01722717285156,285366600
2024-07-10,133.65988550841513,134.72693809179796,132.0543307877707,134.53746032714844,248978600
2024-07-11,135.37515978161727,135.7740491933907,126.69918573397183,127.0482177734375,374782700
2024-07-12,127.90582806874107,131.5557253023775,126.86870653322082,128.8831329345703,252680500
2024-07-15,130.19948360408995,131.02719355977734,126.82881950170466,128.08534240722656,208326200
2024-07-16,128.0853283678797,128.68366239858466,124.2359867587292,126.01107025146484,214769500
2024-07-17,121.01489915039261,121.51351843622722,116.39768730256174,117.66417694091797,390086200
2024-07-18,121.51352635797906,122.0620106514847,116.23813305693453,120.75562286376953,320979500
2024-07-19,120.01767057688257,121.26421889531369,117.04590364640599,117.60435485839844,217223800
2024-07-22,120.01767396475167,123.72740308245356,119.52902914046476,123.19886779785156,258068900
2024-07-23,122.44095023584373,124.34567955387372,121.76282770486009,122.25147247314453,173911000
2024-07-24,118.8409292880146,119.61877422549412,113.12675602679064,113.93451690673828,327776900
2024-07-25,112.72785127466838,116.30793416547407,106.00646529957123,111.9699478149414,460067000
2024-07-26,115.86914899111223,115.8791158985684,111.27187868948438,112.74778747558594,293399100
2024-07-29,113.3760676606231,115.95891218291776,110.99266783046404,111.2818603515625,248152100
2024-07-30,111.21204752075072,111.68075088933978,102.2568489765504,103.44356536865234,486833300
2024-07-31,112.58823561538453,118.01320824039244,110.57380945153913,116.69685363769531,473174200
2024-08-01,117.20545726694776,119.82819978465332,106.51505772619602,108.90843200683594,523462300
2024-08-02,103.47347587762454,108.4197782586363,101.09007631034588,106.9737777709961,482027500
2024-08-05,91.80578374541406,103.12444802394918,90.43957172286065,100.17261505126953,552842400
2024-08-06,103.55325619325184,107.41257244920943,100.27234777984627,103.96212768554688,409012100
2024-08-07,107.51229690555586,108.4995686514933,98.41748524596572,98.63687896728516,411440400
2024-08-08,101.71833775867768,105.208672877848,97.2507054584759,104.68013763427734,391910000
2024-08-09,105.348288539487,106.30563671378638,103.14439207443418,104.46074676513672,290844200
2024-08-12,106.02642207987165,110.7633060746513,105.96659019039194,108.71896362304688,325559900
2024-08-13,112.1295177782614,115.90905322658823,111.27189191883488,115.81929779052734,312646700
2024-08-14,118.20269109826258,118.2724974965541,113.75500781546704,117.75393676757812,339246400
2024-08-15,118.43206727440648,122.89969228155606,117.1456284695593,122.52074432373047,318086700
2024-08-16,121.60327554530542,124.6548231821397,120.84537209002657,124.2359848022461,302589900
2024-08-19,123.93680096772643,129.64100646972656,123.07917523933753,129.64100646972656,318333600
2024-08-20,128.04543898793298,129.52136317375601,125.54237540722741,126.89862060546875,300087400
2024-08-21,126.96843015643721,128.99283109530663,126.31025657503493,128.14517211914062,257883600
2024-08-22,129.66097288180268,130.38895283197962,122.7600756761678,123.39830780029297,376189100
2024-08-23,125.51246908853835,129.24214747384983,124.87423690023081,129.0127716064453,323230300
2024-08-26,129.2122143703238,130.89753484404284,124.02656901853358,126.11079406738281,331964700
2024-08-27,124.70472111610005,128.84325625296367,123.53794588039054,127.94574737548828,303134600
2024-08-28,127.76620894054898,127.97563574905244,122.30134548595971,125.26314544677734,448101100
2024-08-29,121.02487540717718,124.08639756190335,116.38771446055243,117.2652816772461,453023300
2024-08-30,119.19992897597831,121.41379989153823,116.89631023816276,119.04037475585938,333751600
2024-09-03,115.68965834345619,115.88910303086084,106.99373606605621,107.70177459716797,477155100
2024-09-04,105.11893116355375,112.95722005840781,103.83249237473713,105.91671752929688,372470300
2024-09-05,104.70008464878364,109.34722045042044,104.47072401794104,106.91395568847656,306850700
2024-09-06,107.74167143504636,107.85136830211154,100.67124500554577,102.54605865478516,413638100
2024-09-09,104.59038905946406,106.25578342210773,103.40368021481835,106.1760025024414,273912000
2024-09-10,107.5122906776436,109.09790400275718,104.66018768236026,107.8014907836914,268283700
2024-09-11,109.0879346022382,116.86639906475774,107.12337325723898,116.58717346191406,441422400
2024-09-12,116.52732649632485,120.46676065848584,115.07123444451854,118.82117462158203,366052700
2024-09-13,118.76133738659651,119.6389797203674,117.28529459768677,118.78128051757812,238358300
2024-09-16,116.47745888999548,117.86373849865818,114.05396151496328,116.46748352050781,248772300
2024-09-17,117.85376774830212,118.48208669803358,114.52270945275087,115.28067016601562,231925900
2024-09-18,115.57986510061662,117.38501890816246,112.917012138231,113.06661224365234,310318900
2024-09-19,117.03596036023049,119.3397837869768,116.93622949013678,117.55457305908203,293506400
2024-09-20,116.74674381909426,118.30257441739377,115.0812145821692,115.68958282470703,382462400
2024-09-23,116.23810791147417,116.67692526968904,114.55262802291854,115.94888305664062,206228500
2024-09-24,116.20818172536411,121.47405850127808,115.07123304654733,120.54654693603516,354966800
2024-09-25,121.69346336275538,124.60565503965537,121.28456450552947,123.17948150634766,284692900
2024-09-26,126.46067739619816,127.32834434574869,121.47405774507013,123.70806121826172,302582900
2024-09-27,123.63824884420143,123.6980858451405,118.94085404604166,121.07512664794922,271009200
2024-09-30,117.99339940741461,121.1748653861715,117.83383152489164,121.11502838134766,226553700
2024-10-01,121.44412897274735,122.11234177416986,115.48013626179672,116.68689727783203,302094500
2024-10-02,116.12839762685847,119.06052472572213,114.83187351018621,118.53194427490234,221845900
2024-10-03,120.59640479294298,124.02720146176961,120.01795510176126,122.521240234375,277118000
2024-10-04,124.6056517279934,124.70538259718006,121.50397375972977,124.58570098876953,243678100
2024-10-07,124.65550686574433,130.2903881845544,124.61561299835192,127.37820434570312,346250200
2024-10-08,129.9114112143918,133.1227955252644,129.07366275536995,132.5343780517578,285722500
2024-10-09,133.75111306364067,134.16001952786942,131.02842299164354,132.29501342773438,246191600
2024-10-10,131.5570306151262,134.63875854734422,130.64946199779328,134.4492645263672,242311300
2024-10-11,133.65139075503694,135.41665858843493,133.3023364675461,134.4392852783203,170209500
2024-10-14,136.104806530019,139.22643549757692,135.93526327737888,137.70053100585938,232347700
2024-10-15,137.50104323972985,138.1991821543322,128.3954862474048,131.24783325195312,377831000
2024-10-16,133.62143219677557,136.25436629658557,131.22786127620384,135.35678100585938,264879700
2024-10-17,138.96712260930138,140.512977854023,136.50373111006368,136.56356811523438,306435900
2024-10-18,138.2989120156457,138.52829226592988,136.9126323168706,137.63070678710938,176090200
2024-10-21,137.76036967912168,143.325439453125,137.63071268872676,143.325439453125,264554500
2024-10-22,142.5275764963188,144.0335302578968,141.400595506541,143.20574951171875,226311600
2024-10-23,141.64993025905358,142.04885378245024,137.09216737152124,139.18653869628906,285930000
2024-10-24,140.4431777464081,140.97175826689335,138.08949241788707,140.03427124023438,172354900
2024-10-25,140.55287134358582,143.74432048434818,140.42322956503693,141.16123962402344,205122100
2024-10-28,142.6173258267159,142.7569505719539,139.67522319765803,140.1439666748047,173586700
2024-10-29,139.91457158033694,141.8793009979601,138.52829188537018,140.87200927734375,157593600
2024-10-30,139.1665637778278,139.95445814390004,136.44387391965424,138.96710205078125,179418100
2024-10-31,137.2317836775648,137.24175143875112,131.756469630996,132.40472412109375,270039600
2024-11-01,134.3395349599235,136.94255111570317,134.2098931927627,135.03765869140625,207127800
2024-11-04,136.8428124063768,138.58812914709054,135.2072018980832,135.6859130859375,187528200
2024-11-05,137.0821601293647,139.99434394500742,136.9624861371184,139.53558349609375,160537400
2024-11-06,142.577419626437,146.09797148430005,141.58009580907174,145.22032165527344,242043900
2024-11-07,145.99828573749463,148.53148245247704,145.7788732010049,148.48162841796875,207323300
2024-11-08,148.3718728926044,149.3691967390222,145.868580298605,147.23492431640625,175665800
2024-11-11,148.2821074463959,148.4516658981078,143.18579701946294,144.8712615966797,182325600
2024-11-12,146.38721941597868,149.24953450275174,145.61927565442116,147.89317321777344,198634700
2024-11-13,148.67106495867824,148.93036366610121,145.5095351466514,145.87855529785156,191903300
2024-11-14,147.24488307732136,148.60124403427176,145.16048001800849,146.3672332763672,194463300
2024-11-15,144.4823175216733,144.85133773586546,139.70514243904907,141.6000518798828,250132900
2024-11-18,139.12669362767247,141.17121080701085,136.78297621414575,139.7749481201172,221205300
2024-11-19,140.94181709193657,146.7362663614533,140.61269838756368,146.6165771484375,227834900
2024-11-20,147.01550923449048,147.1651017216073,142.34802580304432,145.49957275390625,309871700
2024-11-21,148.95036341042947,152.48088409935733,140.32350064158226,146.27752685546875,400946600
2024-11-22,145.539474391015,146.7661937868221,140.72241318136372,141.57012939453125,236406200
2024-11-25,141.61001503848368,141.66985203296244,135.45652887967213,135.65599060058594,344941900
2024-11-26,137.33151565059862,138.9272401830298,135.30694909062626,136.55360412597656,190287700
2024-11-27,134.64871022731037,136.85280300357402,131.44730865073987,134.9778289794922,226370900
2024-11-29,136.41396798376013,138.97709782710584,135.68592576491588,137.88003540039062,141863200
2024-12-02,138.45847968192444,140.07413953973298,137.45118801543165,138.25901794433594,171682800
2024-12-03,137.8899957715255,140.1638930268938,137.58082780000817,139.8846435546875,164414000
2024-12-04,141.61999054867616,145.39984134699782,139.91456002292938,144.7515869140625,231224300
2024-12-05,144.73165063129176,146.1579148411047,143.57467148409813,144.68177795410156,172621200
2024-12-06,144.22297517109268,145.32009789302302,140.9415450143936,142.068603515625,188505600
2024-12-09,138.6076455444956,139.58508599383495,136.77244688316378,138.44805908203125,189308600
2024-12-10,138.6475644899376,141.45025097804097,133.4411729750498,134.7178497314453,210020900
2024-12-11,137.00184953896905,139.8045203384501,134.85746151474785,138.94676208496094,184905200
2024-12-12,136.72258646567687,138.07904108019704,135.44592508954074,136.98190307617188,159211400
2024-12-13,138.57773734651352,139.2360201486468,132.19441524956173,133.89996337890625,231514900
2024-12-16,133.8301313094174,134.04955889819416,130.07994062496547,131.65582275390625,237951100
2024-12-17,128.75342001528475,131.24690176576593,126.5292385551769,130.05003356933594,259410300
2024-12-18,133.51095751271384,136.34354849340636,127.94550566757769,128.57386779785156,277444500
2024-12-19,131.41643441707996,133.6805197239663,129.21220544602065,130.33924865722656,209719200
2024-12-20,129.4715360054975,134.92727495716574,127.88568536239204,134.34878540039062,306528600
2024-12-23,135.92467137837366,139.42551415908295,134.76769223262775,139.3058319091797,176053500
2024-12-24,139.63498826590208,141.53002844762267,138.28850193430708,139.8544158935547,105157000
2024-12-26,139.33575896662117,140.48276971800976,137.37089410442982,139.56515502929688,116205600
2024-12-27,138.18876430649956,138.65754010210347,134.3587799168467,136.65277099609375,170582600
2024-12-30,134.47844750631418,139.9042657427297,133.67056192681179,137.1315155029297,167734700
2024-12-31,137.67010377599792,137.71000800391963,133.48105776544256,133.93984985351562,155659200
2025-01-02,135.64539681236818,138.51789243847597,134.27897378808947,137.94937133789062,198247200
2025-01-03,139.6449446721197,144.52219430432945,139.36567593719187,144.09332275390625,229322500
2025-01-06,148.20258376458906,151.76328315584956,147.43460231153736,149.04039001464844,265377400
2025-01-07,152.63098706400407,152.73073241075815,139.6449312609891,139.77459716796875,351782200
2025-01-08,142.20825109505992,143.57467420574872,137.20133554653654,139.74468994140625,227349900
2025-01-10,137.09162690267476,139.55518814906236,133.87005266470834,135.55564880371094,207602500
2025-01-13,129.6510717959939,133.1419459563911,129.17231238202828,132.8826141357422,204808900
2025-01-14,135.69526562735138,136.02440701006375,129.71091005586072,131.41644287109375,195590500
2025-01-15,133.30152233922777,136.094224818832,130.9476750631476,135.88478088378906,185217300
2025-01-16,138.2785134363621,138.38822723428095,133.14194748607855,133.22174072265625,209235600
2025-01-17,136.33359221153037,138.13887032002236,135.1068036173015,137.35093688964844,201188800
2025-01-21,138.79715528751996,141.46019165371834,136.7325453387914,140.46279907226562,197749000
2025-01-22,144.2828338584672,147.40466270866227,143.2954095914058,146.68655395507812,237651400
2025-01-23,144.67182587415004,146.84613483080005,143.34529164963172,146.83616638183594,155915500
2025-01-24,147.98314630855361,148.58158800111045,141.51007758845265,142.24813842773438,234657600
2025-01-27,124.47459855123269,128.06520275177593,116.39571246675482,118.1112289428711,818830900
2025-01-28,121.49239920882492,128.66365497133788,115.94689837533355,128.6536865234375,579666400
2025-01-29,126.17017448185184,126.55915701971556,119.7369947161038,123.37747192382812,467120600
2025-01-30,122.77904281152207,124.67409050916186,117.7920791911556,124.32500457763672,392925500
2025-01-31,123.45726093608867,127.51664871512425,118.8792323275003,119.7569351196289,388161100
2025-02-03,114.45081126895413,118.26085104341853,112.71535011762803,116.3558349609375,371235700
2025-02-04,116.65504122535879,120.88398385074507,116.39571701060105,118.34063720703125,256550000
2025-02-05,121.44252915135603,124.67407915232373,120.44513651813745,124.50452423095703,262230800
2025-02-06,127.08775801782105,128.43424405982125,124.8835213759819,128.34446716308594,251483600
2025-02-07,128.88307105233656,130.03006643749526,124.67407312607986,129.50144958496094,228186300
2025-02-10,129.7508034170435,134.64800487659767,129.621152724233,133.22174072265625,216989100
2025-02-11,132.23433823730105,134.12937845518158,130.67840791626125,132.45376586914062,178902400
2025-02-12,129.68100547013307,131.89521852186024,128.7434538800678,130.79808044433594,160278600
2025-02-13,131.2169852346524,136.14410776005724,130.8280026783839,134.937255859375,197430000
2025-02-14,136.12414513567924,138.8869270481558,135.1467045962306,138.48797607421875,195479600
2025-02-18,140.90167961185236,143.06602007700403,137.57037622357197,139.0365447998047,219176600
2025-02-19,139.1462426003846,140.99142508356047,136.86222013681927,138.86697387695312,167536000
2025-02-20,139.6648967001902,140.29325896288867,136.43333891646114,139.74468994140625,143903600
2025-02-21,139.67487215272783,141.09118323158302,133.68054728393315,134.07949829101562,228217600
2025-02-24,136.20394796569565,138.22865397806314,129.74084737496105,129.94032287597656,251381100
2025-02-25,129.6410992372649,129.8605268493821,124.11555036059914,126.29983520507812,271428700
2025-02-26,129.65109883362112,133.3813382599071,128.15500959573998,130.93772888183594,322553800
2025-02-27,134.64801060127058,134.6579790491402,119.69709659183455,119.83673095703125,443175800
2025-02-28,117.71228067710521,124.76384661623277,116.09650940652436,124.59429168701172,389091100
2025-03-03,123.18796891235903,123.37746834229016,111.98724605192426,113.76260375976562,411381400
2025-03-04,110.36149568941593,118.99891188150963,109.82290275774469,115.68756866455078,398163300
2025-03-05,117.27342459632162,117.971596377653,114.2114295961939,116.99415588378906,284337900
2025-03-06,113.2339891683523,115.04924353236196,109.93262184934352,110.28170776367188,321181900
2025-03-07,110.9599388924034,113.18412798197828,107.27955736061682,112.39618682861328,341755500
2025-03-10,109.61344182887889,111.55835424093472,105.18501650973491,106.70105743408203,366487400
2025-03-11,106.71103594468934,111.94734728122161,104.49682307629253,108.47642517089844,354865700
2025-03-12,113.83292501602207,116.46628328215824,112.59603885298675,115.44884490966797,323857500
2025-03-13,116.73560262668995,117.46376961532557,113.50375517662202,115.28925323486328,299033100
2025-03-14,118.31162980343127,121.57340056729696,117.85278787516224,121.36392974853516,277593500
2025-03-17,122.43123309193861,122.58085727393843,117.73308248243704,119.22930908203125,255501500
2025-03-18,117.70316017412442,118.7205909220559,114.25186503478537,115.1396255493164,299686900
2025-03-19,116.97498651717953,120.14698705841565,115.3889900516623,117.22435760498047,273426200
2025-03-20,116.25680439544837,119.89761619602571,116.17700382075364,118.23181915283203,248829700
2025-03-21,116.64582513098318,117.6931791575635,115.1296446207881,117.4039077758789,266498500
2025-03-24,119.5784337604655,121.91255134314885,119.03979124138472,121.1045913696289,228452500
2025-03-25,120.24674348347415,120.98487978418257,118.62083909476823,120.38639068603516,167447200
2025-03-26,118.4313220614094,118.5410383402261,112.42646191953317,113.47382354736328,293463300
2025-03-27,111.06988814101668,114.1620883069464,110.3816290692769,111.14968872070312,236902100
2025-03-28,111.20953292547101,112.58606625933987,108.79562251910656,109.39411163330078,229872500
2025-03-31,104.86552901006266,110.68086470981991,103.38925640513808,108.10735321044922,299212700
2025-04-01,108.24699756669231,109.92277156753886,106.20215922942107,109.8729019165039,222614000
2025-04-02,107.02010369655069,111.69830803370559,106.52136148952614,110.14222717285156,220601200
2025-04-03,103.24961220285616,105.36427425680411,101.344413349133,101.54391479492188,338769400
2025-04-04,98.66119636165205,99.87812106911886,91.87829866162578,94.07276153564453,532273800
2025-04-07,87.23998007579976,101.49403230771996,86.40209687721266,97.39437103271484,611041300
2025-04-08,103.54885717389794,105.58372634261488,94.2223791915971,96.05775451660156,476243400
2025-04-09,98.64122793388745,114.81044852614636,97.28464859296416,114.04238891601562,612918300
2025-04-10,109.09487535601897,110.58112503277279,98.90058321638736,107.29940032958984,437812400
2025-04-11,108.22706011361765,111.26939065397997,107.20962934859612,110.65094757080078,313417300
2025-04-14,113.82294410726054,114.00249160148302,108.79562187923341,110.4314956665039,264705000
2025-04-15,110.69084593782598,113.33418114021705,110.22202704858428,111.9177474975586,228966900
2025-04-16,104.2869965726397,106.52135948725393,100.1973044637503,104.22714233398438,397016900
2025-04-17,104.1872406628714,104.20719461222582,99.79831546993584,101.23468780517578,292517500
2025-04-21,98.52153569265882,99.18985605733366,94.80092295909544,96.66622161865234,288501100
2025-04-22,98.53150383378456,99.55891150664588,97.03527729423074,98.64122772216797,241004800
2025-04-23,104.25705857766793,104.53636058197965,101.76334775853866,102.45161437988281,247526000
2025-04-24,103.21967869312851,106.27197821529161,102.85060676252529,106.1622543334961,220815000
2025-04-25,106.58121206849437,111.63845793071249,105.46403435389149,110.73075103759766,251064700
2025-04-28,109.4140660423662,110.09235573735528,105.75329251827114,108.45648193359375,207708500
2025-04-29,107.39914795371472,109.9227823722281,107.16973079396023,108.7457504272461,170444300
2025-04-30,104.20719367744803,108.64599609375,103.81817538074749,108.64599609375,235044600
2025-05-01,112.79553450528941,114.6508560442669,111.02001354244473,111.32923126220703,236121500
2025-05-02,113.8927727544179,115.10970497913567,113.08481279973248,114.21196746826172,190194800
2025-05-05,112.62596928442517,114.38153638068397,112.3765981799359,113.53367614746094,133163200
2025-05-06,111.19957134225872,114.4513652140045,110.541227943435,113.25438690185547,158525600
2025-05-07,112.7656187028628,117.38396890879066,111.99755142427854,116.7655258178711,206758800
2025-05-08,117.95252869863282,118.38144728921775,115.55856464909375,117.07474517822266,198428100
2025-05-09,117.05479580716789,117.9325869721132,114.92017974547274,116.35655975341797,132972200
2025-05-12,121.66318211752383,122.69058990478516,119.97743092665668,122.69058990478516,225023300
2025-05-13,124.66561195964681,130.88991289915035,124.15689275092413,129.6031494140625,330430100
2025-05-14,132.86491109788813,135.09928149974084,131.34873063875938,134.99952697753906,281180800
2025-05-15,133.95214894900732,135.95710196840525,132.32626002340953,134.4907989501953,226632600
2025-05-16,135.87733175434735,136.0070096021913,133.1242801768634,135.05938720703125,226542500
2025-05-19,132.05696494191162,135.5282065455698,132.05696494191162,135.22897338867188,193154600
2025-05-20,133.9521612557517,134.24144022899694,132.28636428496227,134.0419464111328,161514200
2025-05-21,132.72526966841644,137.0543482410567,130.26148202288624,131.46844482421875,270608700
2025-05-22,131.8973680939745,133.91229099864714,131.21908595560456,132.49586486816406,187344000
2025-05-23,129.67298375994758,132.3462348885888,128.83510044085753,130.95973205566406,198821300
2025-05-27,133.81250879901197,135.31871978851976,132.974625664691,135.15911865234375,192953600
2025-05-28,135.68780317037033,136.904735369061,134.45091702175245,134.4708709716797,304021100
2025-05-29,141.8921589021039,143.12904506361895,137.56308016740775,138.83985900878906,369241900
2025-05-30,138.37101919890563,139.2687489540489,132.58560738686538,134.79005432128906,333170900
2025-06-02,135.14916370580715,137.7725372671851,135.05937854437917,137.03440856933594,197663100
2025-06-03,138.4308667634816,141.64276735349586,137.60295298700936,140.86473083496094,225578800
2025-06-04,141.83229805086768,142.03179187100486,139.1889554677409,141.56297302246094,167120800
2025-06-05,141.8123411098902,143.63773920540723,138.4807472006614,139.63783264160156,231397900
2025-06-06,142.1515008770834,142.9095987862069,141.15401644541944,141.36349487304688,153986200
2025-06-09,142.8297985646697,144.63524295526028,141.58294302195193,142.27120971679688,185114500
2025-06-10,142.33106034435926,143.92702635161132,141.17397471532814,143.59786987304688,155881900
2025-06-11,144.25623511410478,144.6353103750697,141.52293261104455,142.4805908203125,167694000
2025-06-12,141.62270753548705,144.64529418945312,141.5030059559913,144.64529418945312,162365000
2025-06-13,142.13145812905782,143.2287733742275,140.50545582034982,141.62271118164062,180820600
2025-06-16,142.99931091676874,145.82237413621124,142.84966874779792,144.33602905273438,183133700
2025-06-17,144.13653073401778,144.8647406282524,143.42826095310537,143.76742553710938,139108000
2025-06-18,143.65770976302605,145.29369730081095,142.76988753620614,145.12411499023438,161494100
2025-06-20,145.09416929186932,145.84233449814036,142.30101614416546,143.4980926513672,242956200
2025-06-23,142.15140884759998,144.4258301714446,141.6825573691225,143.81732177734375,154308900
2025-06-24,145.20390562225958,147.59804349475166,145.1440548392029,147.53817749023438,187566100
2025-06-25,148.90483162044157,154.0721520137232,148.8948463426075,153.9324951171875,269146500
2025-06-26,155.59842060814296,156.33661581991106,153.6232685600938,154.64077758789062,198145700
2025-06-27,155.65826650868465,158.32174817747665,154.880175871103,157.3640899658203,263234500
2025-06-30,158.01248577811177,158.27185945851633,155.57846775508057,157.60350036621094,194580300
2025-07-01,155.90764810734902,156.81542555199195,151.1194029227986,152.9249725341797,213143600
2025-07-02,152.6057523429847,157.21446053326332,152.59578228626097,156.8653106689453,171224100
2025-07-03,157.98256705200242,160.58618269349765,157.3840439934681,158.9501953125,143716100
2025-07-07,157.81297934590498,158.92026447090194,156.95508262544374,157.85289001464844,140139000
2025-07-08,158.94022243433284,159.82804456030718,158.0025195823342,159.60858154296875,138133000
2025-07-09,160.82559421950873,164.01776272716893,160.76574343834326,162.48153686523438,183656400
2025-07-10,163.91802564623063,164.0975779997467,161.214648514871,163.6985626220703,167704100
2025-07-11,163.319494380175,167.4792915182188,163.07010595303956,164.5165557861328,193633300
2025-07-14,164.96544774793,165.08516454052796,161.62365204151925,163.66864013671875,136975800
2025-07-15,170.77121644956358,171.97824787505814,168.78607915204378,170.28240966796875,230627400
2025-07-16,170.64150546811555,171.32981984353174,168.48678617675853,170.95074462890625,158831500
2025-07-17,171.59918390717252,173.7339481189201,170.4120926228971,172.5767822265625,160841100
2025-07-18,173.21522225123383,173.8237306114437,170.841039596405,171.9882354736328,146456400
2025-07-21,172.32738268326037,172.95584631586675,170.58166390065136,170.9607391357422,123126100
2025-07-22,170.92082177764132,170.97070249948388,164.1773652525099,166.62136840820312,193114300
2025-07-23,169.1152710575868,170.84103463039327,167.55908978070133,170.36221313476562,154082200
2025-07-24,172.01817945898665,173.40477863012546,170.88096873748768,173.31500244140625,128984600
2025-07-25,173.18529303585547,174.29257821699642,172.53688923976992,173.0755615234375,122316800
2025-07-28,173.59430945229414,176.56701539294556,173.54442872003753,176.317626953125,140023500
2025-07-29,177.52464594674228,178.94117023690123,174.59183591750704,175.08062744140625,154077500
2025-07-30,176.07819353379378,179.4499298230835,175.60934208925488,178.83145141601562,174312200
2025-07-31,182.4525537970388,182.8515843840116,175.4996037416905,177.4348602294922,221685400
2025-08-01,173.6641186818972,176.1081221843386,170.47194991004753,173.29502868652344,204529000
2025-08-04,174.7315057215643,179.75916955634796,174.09307197712414,179.55966186523438,148174600
2025-08-05,179.18057181311008,179.81900550487381,175.4696712230272,177.8238983154297,156407600
2025-08-06,175.89862689332494,179.45988530544022,175.81882077930385,178.98106384277344,137192300
2025-08-07,181.12583532286254,183.43018196887525,178.3626072705472,180.32778930664062,151878400
2025-08-08,181.10587113034643,182.85159004607542,179.95867528141937,182.2530517578125,123396700
2025-08-11,181.6046539661726,183.39026839012567,179.80905426349312,181.6146240234375,138323200
2025-08-12,182.51242163652668,184.02869221788941,179.0209838780724,182.71192932128906,145485700
2025-08-13,182.17326161923742,183.51996527523906,178.9112718042809,181.14578247070312,179871700
2025-08-14,179.3102712094187,182.57227595462552,179.02098734413144,181.57472229003906,129554000
2025-08-15,181.43506987144983,181.45500998578265,177.6044521364236,180.00856018066406,156602200
2025-08-18,180.15820389652,182.49247589603021,180.14821861780752,181.5647430419922,132008000
2025-08-19,181.98370991508045,182.0535459787435,175.06070018553257,175.2103271484375,185229200
2025-08-20,174.74148365399904,175.5694550698242,168.38707131580557,174.97091674804688,215142700
2025-08-21,174.42225404103465,176.46722675550242,173.38478976711397,174.5519256591797,140040900
2025-08-22,172.1877223514448,178.15308843889832,170.78116816439123,177.5545654296875,172789400
2025-08-25,177.91369740024777,181.46498591558236,176.13805314258047,179.3701171875,163012800
2025-08-26,179.61950918930867,181.94381103857447,178.37256711704984,181.32533264160156,168688200
2025-08-27,181.53482178191953,182.0435839210746,178.66187741767394,181.15576171875,235518900
2025-08-28,180.37766708382995,184.01873199506826,175.97845161993425,179.729248046875,281787800
2025-08-29,177.674269227683,177.71416467354967,172.72639675993378,173.75387573242188,243257900
2025-09-02,169.58412249632292,171.9583050821389,166.81092453439402,170.36221313476562,231164900
2025-09-03,170.64153226145447,171.9882358353705,168.46687251736884,170.20260620117188,164424900
2025-09-04,170.15272152001435,171.43955894132503,168.9955557135668,171.24005126953125,141670100
2025-09-05,167.61894341349083,168.61649709218636,163.66863936987482,166.61141967773438,224441400
2025-09-08,167.140134281122,170.54179623040895,166.94062657490792,167.8982696533203,163769100
2025-09-09,168.67635699060992,170.56173293634785,166.33211485189898,170.34226989746094,157548400
2025-09-10,176.2078799889887,178.85139113084074,175.04074401948455,176.8961944580078,226852000
2025-09-11,179.25053151190707,179.84910351407555,176.05818301908454,176.7465362548828,151159300
2025-09-12,177.3451207317183,178.1731387966239,176.02826832324598,177.39500427246094,124911000
2025-09-15,175.2501343169162,178.4225418052247,174.0929031464731,177.32516479492188,147061600
2025-09-16,176.5769489507663,177.0757538913052,173.96321593348455,174.46202087402344,140737800
2025-09-17,172.22736966160153,172.78602876073558,168.00748411706098,169.8829803466797,211843800
2025-09-18,173.56417834624654,176.67673180432445,172.54662713675344,175.81878662109375,191763300
2025-09-19,175.34989886544702,177.65437533147113,174.76129744715922,176.24774169921875,237182100
2025-09-22,174.8810364137678,184.1089289332547,174.29245016588177,183.17117309570312,269637000
2025-09-23,181.53508786527138,181.98400930831284,175.78885990523673,178.0035400390625,192559600
2025-09-24,179.34033838980653,179.35030900890538,174.98077271717747,176.54702758789062,143564100
2025-09-25,174.06295512355928,179.82913859886173,172.7161910154847,177.26528930664062,191586700
2025-09-26,177.7441731762758,179.34035527690486,174.5119112725463,177.76412963867188,148573700
2025-09-29,179.99874009736317,183.56021461148362,179.8890176259668,181.4153594970703,193063500
2025-09-30,181.6448190078555,186.90222763381766,181.04624695721463,186.13406372070312,236981000
2025-10-01,184.7972757932568,187.69033860903804,183.46046686832446,186.79249572753906,173844900
2025-10-02,189.14686265639136,190.59339411626704,187.6105347272827,188.4385528564453,136805800
2025-10-03,188.7378093314507,189.90501102540352,184.93691825112066,187.1715545654297,137596900
2025-10-06,185.0566446584491,186.78250559975277,182.8918329061041,185.09654235839844,157678100
2025-10-07,185.78489078203316,188.6081286768816,183.56022492696124,184.5977325439453,140088000
2025-10-08,186.12409742063042,189.14685437964263,186.0941551173159,188.65802001953125,130168900
2025-10-09,191.77054228398893,194.83321191134357,190.60334055524348,192.1097412109375,182997200
2025-10-10,193.04748211324375,195.15243956582322,181.6148814298513,182.72222900390625,268774400
2025-10-13,187.52074924115996,189.6556339904095,185.51555866051012,187.8699188232422,153482800
2025-10-14,184.32839277968645,184.35831986008523,179.2705030798172,179.59971618652344,205641400
2025-10-15,184.35831474003746,184.42813951825556,176.86625456034105,179.4001922607422,214450500
2025-10-16,181.79443681084305,182.84193018690272,179.34032512988762,181.3754425048828,179723300
2025-10-17,179.74934657743225,183.65999082680747,179.3203816221287,182.78208923339844,173135200
2025-10-20,182.69231029505525,184.75735492260156,181.2956472677441,182.20347595214844,128544700
2025-10-21,182.35311411361405,182.35311411361405,179.37027013728058,180.72702026367188,124240200
2025-10-22,180.7070509305708,183.00155667206866,176.33751483638122,179.84910583496094,162249600
2025-10-23,179.98879302554099,182.59255571493648,179.3602938591047,181.72463989257812,111363700
2025-10-24,183.40059008116805,187.0219186862977,183.06140638753934,185.81480407714844,131296700
2025-10-27,189.5359184602369,191.54110896467577,187.9796341631504,191.03233337402344,153452700
2025-10-28,192.58860677151606,202.6644582837766,191.45133202040452,200.54953002929688,297986200
2025-10-29,207.48290651547202,211.68285096872194,204.29055782184227,206.54515075683594,308829600
2025-10-30,204.65966800141675,205.66726375798942,200.9286166610889,202.4050750732422,178864400
2025-10-31,205.95656932325562,207.4729406961805,201.5870481318289,202.00604248046875,179802200
2025-11-03,207.58267267525224,210.83487551397138,205.06869143040765,206.3855438232422,180267300
2025-11-04,202.51481474882632,203.4824975937368,197.4569251230167,198.21511840820312,188919300
2025-11-05,198.29492759193732,202.43500266122365,194.18476438007542,194.74343872070312,171350300
2025-11-06,195.95054108781363,197.1476699621838,185.9345440647224,187.63047790527344,223029800
2025-11-07,184.45805485831954,187.86989393508227,178.48238160939712,187.70028686523438,264942300
2025-11-10,194.64369382605648,199.46215210416702,193.32684127795724,198.57427978515625,198897100
2025-11-11,194.69355355890158,194.9529266552934,190.84277869998112,192.69833374023438,176483300
2025-11-12,195.25221648764446,195.4218083488666,190.673190567689,193.33680725097656,154935300
2025-11-13,190.59337913278358,190.9824463944715,183.41059072037282,186.41339111328125,207423100
2025-11-14,182.42294356130517,190.55345800755302,180.14839424900484,189.71546936035156,186591900
2025-11-17,185.52552307898492,188.54828000089623,183.87947275520656,186.15402221679688,173628900
2025-11-18,182.9416897271721,184.358293814419,179.22059421855408,180.926513671875,213598900
2025-11-19,184.34831228056447,187.41098174033533,182.39300555425,186.07418823242188,247246400
2025-11-20,195.4816571057099,195.53154064523628,179.42014682895694,180.208251953125,343504800
2025-11-21,180.80681345200097,184.11887021564362,172.51666286870193,178.45245361328125,346926200
2025-11-24,179.0610093294625,183.06141961318156,176.0581937395723,182.1136932373047,256618300
2025-11-25,174.49195573568102,177.73418799379976,169.1447659257062,177.39500427246094,320600300
2025-11-26,181.1958831941039,182.4728225932506,177.81398638784032,179.8291473388672,183852000
2025-11-28,178.58215589898685,178.86148547381688,176.0781603452176,176.57696533203125,121332800
2025-12-01,174.3423041351479,179.8690716163194,173.2648835948944,179.48997497558594,188131000
2025-12-02,181.32557695606172,185.2162648499111,179.56978894419797,181.02630615234375,182632200
2025-12-03,180.6472109015755,182.01393165685582,178.68191808959097,179.1607666015625,165138000
2025-12-04,181.19598816136636,184.08922700452197,179.53987513877786,182.95188903808594,167364900
2025-12-05,183.46070200471706,184.22890867632069,180.48766317737477,181.98416137695312,143971100
2025-12-08,182.21361127014939,187.5610985176648,181.97416608957425,185.1168212890625,204378100
2025-12-09,185.12681175320978,185.28644189022677,182.89205072764324,184.53819274902344,144719700
2025-12-10,184.53817644999398,185.04698034073257,181.61500881382975,183.3509521484375,162785400
2025-12-11,179.85912243695617,180.89670300875093,176.20766331092784,180.50759887695312,182136600
2025-12-12,180.6871989054384,182.39321360477518,174.21234434473615,174.61141967773438,204274900
2025-12-15,177.52459033283526,178.0034654802094,174.6213802569945,175.87843322753906,164775600
2025-12-16,175.84850127733236,178.0733061224419,174.4916756985292,177.3050994873047,148588100
2025-12-17,175.68889685369163,175.71882560019336,169.91240520818417,170.5409393310547,222775500
2025-12-18,174.1225483861358,175.7387615308714,171.41888356310693,173.73345947265625,176096000
2025-12-19,176.2575523358494,181.0263919449467,175.92832091222974,180.56747436523438,324925900
2025-12-22,183.49062822521734,183.73007341419415,181.9243013805983,183.26116943359375,129064400
2025-12-23,182.54285710968043,188.88801027625055,182.47301321780614,188.76829528808594,174873600
2025-12-24,187.50124372172942,188.4689804086018,186.154389299292,188.169677734375,65528500
2025-12-26,189.47662851874142,192.240166195598,187.5611125998212,190.085205078125,139740300
2025-12-29,187.2717899684254,188.31932652162573,185.47598909796272,187.7805938720703,120006100
2025-12-30,187.80056616478433,188.5488153175326,186.49361152385626,187.10218811035156,97687300
2025-12-31,189.12744593978846,190.11512498868174,186.05463453876877,186.06460571289062,120100500
2026-01-02,189.39681300359115,192.47959571470966,187.8204997023152,188.4091339111328,148240500
2026-01-05,191.31233377676458,193.1779786425506,185.7154296257417,187.6808319091797,183529700
2026-01-06,190.07524399309986,191.72138605392453,186.38388451934557,186.8029022216797,176862600
2026-01-07,188.12978540958392,190.9232365533545,186.12446806753155,188.66851806640625,153543200
2026-01-08,188.66850725549676,189.10748247384038,183.2811201033086,184.60800170898438,172457000
2026-01-09,184.64792389684447,185.9049768874807,183.2412119543349,184.42843627929688,131327500
2026-01-12,182.79226917353867,186.6831584288149,182.59273912358015,184.5082550048828,137968500
2026-01-13,184.5681140987238,187.6708543554723,182.97184323887342,185.376220703125,160128900
2026-01-14,183.88970125566945,184.02937380837906,180.37791464347094,182.7124481201172,159586100
2026-01-15,186.06460797964908,189.25713440169068,185.895006678512,186.6133270263672,206188600
2026-01-16,188.63859508159712,189.99542077422674,185.64559857342888,185.7952423095703,187967200
2026-01-20,181.47532662721457,181.95421697054311,177.19534884297914,177.65428161621094,223345300
2026-01-21,178.6320081827799,184.94723253133864,177.9835164834521,182.8920440673828,200381000
2026-01-22,184.31869154642928,185.7353746560278,183.5005985718231,184.40847778320312,139636600
2026-01-23,187.06227125943187,189.15737478680413,186.38386606278428,187.23187255859375,142748100
2026-01-26,186.7230595290241,188.67847518398236,185.5557928402329,186.03466796875,124799600
2026-01-27,186.80288446054914,189.55643562401056,185.2664711415707,188.07989501953125,143711600
2026-01-28,190.82345963399504,191.9009400606663,189.39679023846315,191.0728759765625,148552700
2026-01-29,190.89331059974717,193.0283141326731,185.62563804704834,192.06057739257812,171764400
2026-01-30,190.76362243793778,194.0359639826301,189.0276790286862,190.68380737304688,179489500
2026-02-02,186.7629659025267,189.8557348322644,184.44839001538193,185.1766815185547,165794100
2026-02-03,185.8052108647954,185.8351396091497,175.81857039871747,179.91897583007812,204019600
2026-02-04,179.04105715530034,179.16077214377114,171.50867959294058,173.78335571289062,207014100
2026-02-05,174.52161198787914,176.40721432559468,170.63072277473634,171.47874450683594,206312900
2026-02-06,176.27751351666032,186.56344202919422,174.19239634754115,184.97715759277344,231346200
2026-02-09,183.82983865020864,193.20790343822367,183.52056478242866,189.59634399414062,196387400
2026-02-10,190.93321971968697,192.0306425866914,187.6808205923615,188.09983825683594,136764800
2026-02-11,192.0007297023972,192.80883635229745,188.32932783046314,189.60633850097656,144192700
2026-02-12,192.57938064366328,193.15802849168205,186.07459697001164,186.50360107421875,189932500
2026-02-13,187.04230481693136,187.0622623874058,181.16605622339495,182.38320922851562,161888000
2026-02-17,181.32570855160378,186.71309627900055,178.7617008539599,184.53819274902344,162276900
2026-02-18,188.3093443160685,189.92555739322245,186.3239846890322,187.5411376953125,164749100
2026-02-19,186.62328370338446,187.99008040371612,185.22655825948098,187.46131896972656,126554500
2026-02-20,186.13444888465776,189.88566546751952,185.5059147845697,189.37686157226562,178422300
2026-02-23,190.9531547742145,193.49720463285962,189.13741163084848,191.10281372070312,171584800
2026-02-24,191.04296985904048,193.31764595479845,186.96250644177093,192.39979553222656,175123600
2026-02-25,193.9960453222018,197.16862939564908,193.33758246616242,195.10345458984375,250637100
2026-02-26,193.81648130196652,193.83642365132246,183.8897126034445,184.4583740234375,360807900
2026-02-27,180.82685580423004,182.16372380185732,175.96823012244815,176.77633666992188,311636500
2026-03-02,174.60140889187144,183.03169334881736,174.23227758067924,182.05397033691406,209095300
2026-03-03,178.07331350693755,180.4776756968921,176.50697142699124,179.62966918945312,178099400
2026-03-04,180.01876499488523,184.26881453838726,179.63964723402094,182.61268615722656,177731200
2026-03-05,180.74703993972415,183.63029235671348,177.46472744924466,182.91197204589844,198779700
2026-03-06,179.42014994688597,182.3333312190456,176.40721126414203,177.40487670898438,189021900
2026-03-09,176.4171820751478,182.48298979408452,175.1501427003192,182.2235870361328,177213600
2026-03-10,181.97417604353973,186.00475307627937,181.5850871183009,184.33865356445312,179118500
2026-03-11,185.4860219488843,187.1921136401388,184.02934488988058,185.60574340820312,145280400
2026-03-12,183.63026415055788,184.5182338343672,181.3355064165816,182.7223358154297,155762700
2026-03-13,184.49829181300376,185.66562182453413,179.52965286608148,179.8389434814453,160988400
2026-03-16,182.55272468439094,188.44925014875608,180.99628481489137,182.80215454101562,217307400
2026-03-17,184.63797319169822,184.9771941770484,181.2656763194747,181.51510620117188,182497800
2026-03-18,182.06384475172882,182.96180140975886,179.91875397930713,179.98858642578125,156683100
2026-03-19,177.6040222894031,179.56953069628346,175.3890840362079,178.15277099609375,170968500
2026-03-20,177.59406866914642,177.85347025510498,171.32839150930033,172.30615234375,241323500
2026-03-23,176.85574153065542,177.96321071223454,174.36144294367455,175.23944091796875,182836300
2026-03-24,174.4312942297872,175.81812366395545,173.58322660302642,174.80044555664062,147667800
2026-03-25,176.69612335614488,180.8067226806179,176.44669348987364,178.2725067138672,162602100
2026-03-26,175.66847416549638,176.10745794358192,170.74970926821888,170.8494873046875,186152200
2026-03-27,169.61230999497113,170.58009909933227,166.629123297364,167.13796997070312,196212700
2026-03-30,168.3950875250076,169.0635577295173,163.89537828689438,164.79331970214844,185627000
2026-03-31,166.58921042239905,174.22175778800025,166.57923870897636,174.00225830078125,226181300
2026-04-01,175.5986119754623,176.9654826629128,174.35146274268203,175.34918212890625,168132000
2026-04-02,171.78733317216196,177.0852364118599,170.97918282725632,176.98545837402344,143143200
2026-04-06,176.75597747742694,177.3845303646084,175.35916114415525,177.23487854003906,107564300
2026-04-07,175.32922705160684,177.8235255680002,173.26395579650787,177.69383239746094,132534900
2026-04-08,184.079243714486,184.83750503722598,179.8888249511496,181.66476440429688,147732700
2026-04-09,181.42531387192042,183.66021107746678,180.2080948395415,183.4906005859375,116428500
2026-04-10,183.88967366981893,189.56669990817062,183.87970195572368,188.1998291015625,160459500
2026-04-13,185.605746824658,189.2274732756209,185.3164148846483,188.87826538085938,133648200
2026-04-14,190.40477641072036,196.0618438720703,190.33494396561244,196.0618438720703,161307000
2026-04-15,196.09178511161633,199.94298301571828,195.2936216855987,198.41647338867188,185338400
2026-04-16,196.97974400923295,199.39423847906178,195.36344336942167,197.8976593017578,134012900
2026-04-17,199.44410763257105,201.2400056483541,198.8155547450397,201.2200469970703,160324400
2026-04-20,199.52392392325544,201.70893187328167,197.38880498867078,201.59918212890625,119381400
2026-04-21,201.66904795828867,202.28762917830338,198.54618104306965,199.42417907714844,107945300
2026-04-22,200.53164182940822,202.03819274902344,198.54617460274403,202.03819274902344,107501000
2026-04-23,201.99828375930824,203.3651545152774,196.77022843278436,199.18470764160156,113561800
2026-04-24,199.50398270942756,210.46890943516505,199.35431566144254,207.79502868652344,214134400
2026-04-27,209.17187844164343,216.33551207209098,206.90706623150768,216.1160125732422,187172400
2026-04-28,209.01225288404052,214.2402930542568,207.72518626919629,212.68385314941406,180275400
2026-04-29,212.2149257168926,212.23488436877426,207.10660696252424,208.77279663085938,123711800
2026-04-30,209.45122654333912,209.82039307402036,198.24684193288383,199.1148681640625,225239200
2026-05-01,200.82098460367052,202.5370634031337,196.6704677294345,197.9974365234375,128647000
2026-05-04,199.04502180842945,201.2699318245734,194.29588290907526,198.02734375,125368100
2026-05-05,198.84548202478717,199.7833407086998,195.58293528206713,196.05186462402344,113406600
2026-05-06,199.43413852494058,207.7950323152332,198.15705885791613,207.3560333251953,188362800
2026-05-07,207.86487247229027,213.7115092245668,206.02907228582575,211.01766967773438,168307900
2026-05-08,212.5441790763045,217.30330524675068,212.40449895841255,214.709228515625,136421400
2026-05-11,213.55186573785767,221.79303819063418,213.40221390900197,218.93955993652344,160685800
2026-05-12,218.05159434962442,223.23973257586303,214.42986778297353,220.27650451660156,159176600
2026-05-13,224.41703053540263,227.32039781394542,221.0647077692387,225.3149871826172,150405400
2026-05-14,229.32582552778115,236.00055597235212,228.77707677625682,235.202392578125,180782900
2026-05-15,229.23601388526635,230.97205119780003,223.72861351776262,224.80615234375,180977600
2026-05-18,229.34577348371204,229.4754818886306,217.8719993892805,221.81300354003906,146280900
2026-05-19,219.11914008419038,223.96805720569674,217.41304835521052,220.1068878173828,140948200
2026-05-20,222.6710257508039,225.61431038954527,219.9971448577806,222.9603729248047,184201600
2026-05-21,221.78305837384474,226.8814055684356,217.43300079554024,219.0093994140625,203381800
2026-05-22,220.39621757095847,220.50596731800164,214.3101381389001,214.83892822265625,169275700
2026-05-26,216.04617181279934,217.68243116855118,211.5165320236786,214.37001037597656,187202600
2026-05-27,213.63168066177133,213.66161102691768,208.30386252985457,212.1151580810547,167601200
2026-05-28,210.79817024571656,215.0285063161196,210.73830951283205,213.7613983154297,143996000
2026-05-29,214.09065053210412,217.36316924965476,210.64852132770383,210.6584930419922,289410600
2026-06-01,215.23801892090273,224.35717434911126,215.20808855445495,223.8483428955078,212850700
2026-06-02,226.66188583823322,231.75026086454594,220.84519513709748,222.3118438720703,193362900
2026-06-03,221.2143597561905,222.31185725112735,214.02079575535723,214.26025390625,160907000
2026-06-04,213.67091279390368,221.35231998810906,210.73419644348996,218.4156036376953,169022200
2026-06-05,214.2902104723603,214.62982678346356,204.10161444712602,204.87075805664062,219655500
2026-06-08,209.94507132882276,210.23475572682116,205.76975069388217,208.40679931640625,138372800
2026-06-09,210.3845825512031,211.16370951624515,199.11719156565087,207.95730590820312,180962500
2026-06-10,204.20149632565034,206.98838641050182,199.696542748819,200.19598388671875,161746600
2026-06-11,201.26479475008583,205.43013200106668,199.31696212361035,204.64100646972656,158643200
2026-06-12,204.6310298517525,206.83856645475237,203.21261880599855,204.96066284179688,112001800
2026-06-15,208.68648640498938,212.47225882321928,208.10713284720606,212.21253967285156,149936700
2026-06-16,210.94395209283806,211.25361840198772,207.05830064217733,207.1781768798828,125694100
2026-06-17,208.29691745433288,208.9761653200819,202.8530121596522,204.42124938964844,128363500
2026-06-18,207.09826842291386,211.1537281092123,206.26919428756833,210.4545135498047,241272000
2026-06-22,211.2036686200953,213.7508214450341,207.48782537372824,208.41677856445312,122041400
2026-06-23,201.94403040148535,203.54224815949766,199.77645766483005,199.81640625,153496200
2026-06-24,199.89631590195674,201.44458647582786,196.36027935647695,198.77757263183594,151810700
2026-06-25,199.85637045714446,200.5755669254449,191.9152592982058,195.52122497558594,149550000
2026-06-26,192.90414096411192,195.33143282930595,191.0062707295152,192.31480407714844,179304100
2026-06-29,193.63333194293918,195.96071419295149,189.58785574691487,194.7520751953125,148835700
2026-06-30,197.0195429632178,200.4057532237791,194.89191886651452,199.86634826660156,166476700
2026-07-01,195.98069896251877,199.62662840490702,193.23377271109229,197.35916137695312,146147600
2026-07-02,196.9196593659626,199.8363939026278,192.1350197738411,194.61224365234375,142068700
2026-07-06,194.20269428466304,197.32920075051607,193.77318221313826,195.33143615722656,108999000
2026-07-07,192.15498377986222,198.18824142626735,190.92636281467173,196.7098846435547,124154600
2026-07-08,194.9618356993413,204.93069180759116,194.84197470333905,203.891845703125,147419100
2026-07-09,204.23147485952867,204.36131918975943,198.73762239526957,202.5533447265625,132037400
2026-07-10,201.7742207048944,210.7641612313501,201.69430829342895,210.72421264648438,148421000
2026-07-13,208.3069001369788,210.33464515051216,202.77309911383117,203.30250549316406,121411000
2026-07-14,207.96729575339148,212.31243993744155,203.57221964678251,211.5632781982422,124379600
2026-07-15,211.7230919717581,213.57101502024952,205.80969553973085,212.26248168945312,124797200
2026-07-16,209.93509060438328,210.84407715298516,205.61992700554663,207.16818237304688,122986100
2026-07-17,202.41350482950477,206.41901728963356,197.74872640584337,202.58331298828125,144281900
2026-07-20,205.63989694335598,207.50781723343968,202.05391309694542,203.05279541015625,88701500
2026-07-21,207.30802440628602,208.4167843613107,203.78197113093626,207.0583038330078,108685600
2026-07-22,205.57996827489498,214.15038042761168,204.72092886821054,211.82298278808594,137645600
2026-07-23,209.22588688656515,210.63429930291466,205.72979894313582,208.5266571044922,110505300
2026-07-24,207.21812923496972,211.6731509810223,204.5810805834776,206.6088104248047,114836800
2026-07-27,207.96729627325774,208.51668459839084,195.22156333884286,196.2903594970703,154353700
2026-07-28,194.78204700134697,198.47790843456414,192.52457850774027,196.789794921875,134111500
2026-07-29,195.63110696844683,196.84974460884015,189.79762268066406,189.79762268066406,147680800
2026-07-30,193.23377181769484,197.02952748682713,191.3059363552755,194.82199096679688,129010200
2026-07-31,198.2182038580375,201.77422236802423,194.73209918257555,200.52561950683594,139961200
2026-08-03,197.46904862701152,208.50670133078404,196.62999113475112,206.40904235839844,128406900
2026-08-04,211.06382570110384,212.82185300096492,208.8163406042335,211.70310974121094,134922000
2026-08-05,216.6176127852948,221.9716224388697,216.15812022814887,218.9749755859375,158187400
2026-08-06,221.28239358061882,223.38005249670454,216.75745800384053,218.7452392578125,113940600
2026-08-07,221.29237770419127,224.50877992471257,220.41337164588714,223.70968627929688,105669400
2026-08-10,223.15029107269072,223.88946943306019,216.5277120448001,217.3068389892578,115846600
2026-08-11,221.92167541427946,221.9516406634887,215.95834695389817,217.25689697265625,101273100
2026-08-12,220.7929293559802,224.84840415873398,219.95387191061064,223.8395233154297,108783600
2026-08-13,224.80845001468583,226.97602279610956,223.45996804263754,225.04818725585938,98867200
2026-08-14,226.51654155338588,227.23573802273873,224.24907448357243,224.90834045410156,75680900
2026-08-17,225.72741618855906,227.66525027466162,224.60867289832842,224.7584991455078,93678700
2026-08-18,220.20359791537197,221.39227027986857,218.44557057093272,219.49440002441406,103128200
2026-08-19,221.4222404106533,222.62089613745684,216.51772459764655,217.31683349609375,96797300
2026-08-20,218.1159423024499,219.6142657707553,215.41896310784705,216.60763549804688,92457000
2026-08-21,218.17587248780362,218.49552214328025,214.26025565862156,214.48001098632812,98869300
2026-08-24,215.28910206110334,215.34903256074918,207.01835779182306,208.24697875976562,135187300
2026-08-25,210.79412790131315,214.48998931653267,209.87515802586688,212.81187438964844,122309000
2026-08-26,212.40232405945306,213.3612577394914,208.99613188036045,209.4256591796875,179900000
2026-08-27,222.61090164325523,230.21239627098788,220.6530857022795,227.7251739501953,298909800
2026-08-28,227.10587153371227,229.00374173344596,216.56766062888835,217.3068389892578,195116400
2026-08-31,218.62536478578363,221.05265670783686,215.96834944345454,220.53323364257812,124702700
2026-09-01,216.50774446342592,220.1636574397174,214.8595947199138,217.1969757080078,109756200
2026-09-02,218.5454508199983,227.6952163087265,218.23579974693772,224.1591796875,157104700
2026-09-03,225.76737972053164,230.14247379152744,224.49879494304554,228.1946563720703,134681600
2026-09-04,230.83170360414334,234.49759976142684,229.37334400327853,230.10252380371094,135352400
2026-09-08,232.84944771666764,233.44878317831424,224.59868561283858,225.47769165039062,122965600
2026-09-09,225.0281992525124,225.92718720955042,223.21024142511232,223.4199981689453,82955500
2026-09-10,220.52999877929688,220.99000549316406,217.1999969482422,218.36000061035156,105768000
2026-09-11,221.24000549316406,222.0,218.14999389648438,218.2899932861328,89060100
2026-09-14,211.24000549316406,212.77000427246094,208.92999267578125,210.9600067138672,132267200
2026-09-15,213.3800048828125,213.94000244140625,211.16000366210938,212.1699981689453,88059700
2026-09-16,214.13999938964844,216.75999450683594,212.5,213.89999389648438,96563600
2026-09-17,218.3800048828125,219.91000366210938,217.14999389648438,219.33999633789062,94191300
2026-09-18,219.35000610351562,222.72999572753906,218.02999877929688,222.27000427246094,190287400
2026-09-21,222.94000244140625,228.5,221.55999755859375,227.3800048828125,109806100
2026-09-22,226.85000610351562,229.97999572753906,226.5,228.8699951171875,95746700
2026-09-23,228.02999877929688,228.9499969482422,224.02000427246094,225.50999450683594,89547300
2026-09-24,222.0800018310547,224.94000244140625,221.08999633789062,224.5800018310547,77469900
2026-09-25,225.1300048828125,226.94000244140625,223.1300048828125,225.07000732421875,89808400
