dt,o,h,l,c,v
2008-01-02,104.11077847276529,104.4376170551879,102.22793584798227,102.97396087646484,204935600
2008-01-03,102.95979059422197,103.37188683023408,102.36296604889387,102.92426300048828,125133300
2008-01-04,101.84429378115296,101.91534897332936,100.11776319456818,100.40196228027344,232330900
2008-01-07,100.75722329050838,101.05563560288813,99.5422596502123,100.31671142578125,234991000
2008-01-08,100.94901864641386,101.5316298037631,98.36276891722615,98.69670867919922,326365700
2008-01-09,98.82462741560232,100.03248973094504,97.8370210067545,99.73407745361328,301824900
2008-01-10,99.24379180158357,101.46058501756636,99.0235359684129,100.38771057128906,335701200
2008-01-11,100.02539026287565,100.82115634939781,98.76068594329587,99.57776641845703,267076600
2008-01-14,100.29534245887092,100.79269604220013,99.75534927568921,100.38059997558594,170365500
2008-01-15,99.32197207010773,100.5298451157841,97.9791115249545,98.17095184326172,239940100
2008-01-16,97.59541316787605,98.8459037787133,96.8280629607161,97.3254165649414,378802600
2008-01-17,97.91516926089704,97.96491005707888,94.44788450246412,94.80313873291016,397892600
2008-01-18,95.73388732722061,95.93282877368156,93.14763768173256,93.82971954345703,348561500
2008-01-22,90.38375428276123,94.09260281282944,89.5240399464635,92.87763977050781,435923700
2008-01-23,90.2985055390822,95.34311926903538,90.12087844776691,95.10865020751953,511913000
2008-01-24,95.54911012685363,96.24541575321541,94.71781709112759,95.9114761352539,259949300
2008-01-25,96.9914808195193,97.16910788845648,94.21340170087869,94.52601623535156,269603900
2008-01-28,94.682350225514,96.28810622853568,93.82974227109008,96.08916473388672,217934600
2008-01-29,96.70019913848418,96.948870577602,95.83337800916361,96.56520080566406,168968300
2008-01-30,96.33073754460108,98.43383649830002,95.6344422949371,95.85469818115234,334939200
2008-01-31,94.78182715135729,98.43384031475954,94.63972762327336,97.60254669189453,343680800
2008-02-01,98.00754179114699,99.19408965570551,97.70912952953638,99.17277526855469,206843600
2008-02-04,98.90987025278041,98.97381340107925,97.79436696102658,97.9222640991211,124694300
2008-02-05,96.58653294775293,96.80678886116402,94.97367552156528,95.3005142211914,286882500
2008-02-06,95.62021132636504,96.09625060137748,94.07840956778833,94.53313446044922,250792900
2008-02-07,93.645025704183,95.76943925403206,93.59528490354454,95.15840148925781,297368100
2008-02-08,94.5615427525444,95.36442056437762,93.85814650603176,94.5473403930664,221643500
2008-02-11,94.56867617737397,95.3715433294232,93.81552813624631,95.03050231933594,188576300
2008-02-12,95.85463419586776,96.84934103139686,95.19385613680875,95.9114761352539,256654400
2008-02-13,96.63622251850009,97.38225834419576,96.01808381450716,96.89200592041016,181967800
2008-02-14,97.30414065168732,97.33966824635455,95.76943963066077,96.03943634033203,215207200
2008-02-15,95.56335683198903,96.07492362435721,95.14415957869974,96.01808166503906,154110300
2008-02-19,97.1406860153007,97.26147111334963,95.64151321723013,96.28807830810547,145190000
2008-02-20,95.20104275851729,97.0199428782715,95.03761798915664,96.57231903076172,220085700
2008-02-21,97.09809028130485,97.34676174133871,95.25787594275891,95.7694320678711,201051200
2008-02-22,95.89731240011592,96.52256321435206,94.39813935525207,96.35913848876953,205491000
2008-02-25,96.30228087475842,97.80145367606605,95.76229852205104,97.5740966796875,190107000
2008-02-26,97.1620047276219,98.72512073409986,96.98437766230631,98.30592346191406,212420700
2008-02-27,97.7375361468328,98.86014074711997,97.63096422083954,98.20647430419922,168395800
2008-02-28,97.51015647299705,98.02172328210074,97.01990404414805,97.24726104736328,170831100
2008-02-29,96.34493468345737,96.40176580981147,94.34129597232547,95.08023071289062,252715200
2008-03-03,94.59709128914994,95.0731306330123,93.95763804312544,94.85287475585938,189483500
2008-03-04,93.95050057897824,94.78179391029917,93.06947730894335,94.49049377441406,282513100
2008-03-05,94.79599222996927,95.75518253019119,94.02864215809045,95.0873031616211,270681400
2008-03-06,94.48336834300977,94.65389419760092,92.75683878643595,93.11919403076172,247911700
2008-03-07,92.20266294203809,93.60236512719429,91.35715635043148,92.1600341796875,326434600
2008-03-10,92.25242433228232,92.31636749760582,90.65378015019633,90.9450912475586,235683600
2008-03-11,92.8776578078706,94.29867459092677,91.62005491924656,94.21341705322266,341440600
2008-03-12,94.312894955581,95.04471778710263,93.19029031074723,93.33238983154297,229161100
2008-03-13,92.08898934093119,94.24182881300676,91.37137979740507,93.53842163085938,351504200
2008-03-14,94.33419046890371,94.36260603077858,90.7887501323423,92.08898162841797,484687800
2008-03-17,89.92900651570926,91.84026954454625,89.57375247947422,91.15818786621094,405311100
2008-03-18,92.8066214632356,94.98788787174001,92.35189643405063,94.94525909423828,334416600
2008-03-19,95.30757297993907,95.66992827217702,92.3944849174147,92.59343719482422,345971600
2008-03-20,92.85907617919253,94.90119081446461,92.29498958224015,94.30854797363281,245320700
2008-03-24,95.18676363590406,96.97182787300424,95.13678750275233,96.19354248046875,208977300
2008-03-25,96.2935743280597,96.78625415215423,95.51528838037355,96.28643798828125,192947200
2008-03-26,96.00790233431046,96.45773112558504,95.04396326198194,95.10822296142578,196934300
2008-03-27,95.82224185586945,95.99361193735741,94.50843724996272,94.8083267211914,225153200
2008-03-28,94.95830113020776,95.22248720662989,93.58022558268823,93.90153503417969,180896100
2008-03-31,93.74444487628729,94.77264379770796,93.60164189168317,94.22998809814453,166692100
2008-04-01,95.400960619761,97.70726025150485,95.32955370186828,97.54303741455078,254547300
2008-04-02,97.85726667156362,98.29995931050337,97.09325361257042,97.60735321044922,210910800
2008-04-03,97.079019880416,98.13577574656617,96.90051330663228,97.85015869140625,175884800
2008-04-04,97.90722674960134,98.50701677875153,97.19320085814819,97.74300384521484,204446800
2008-04-07,98.44274692406543,98.94257376805683,97.6359050692441,97.7929916381836,154245500
2008-04-08,97.24318390206581,97.7644197307482,97.07181377290159,97.69302368164062,148937300
2008-04-09,97.54306903632431,97.67873568720168,96.31494373756128,96.98612976074219,195610600
2008-04-10,96.69338339746695,97.58591574779267,96.32208688908376,97.1218032836914,192967800
2008-04-11,96.02932436734393,96.47915316861112,94.97255844223167,95.23675537109375,222973300
2008-04-14,95.10110474378963,95.35100725429038,94.64412863540872,94.91545104980469,160522000
2008-04-15,95.37957648231986,95.45811976338223,94.48704414987021,95.13681030273438,172389200
2008-04-16,96.06503056949641,97.75727919874976,96.05075789738949,97.71443939208984,189268900
2008-04-17,97.12178548982435,98.00003411099158,96.8647357842183,97.85723114013672,179665700
2008-04-18,99.2067602355293,99.6494528068351,98.7212169583034,98.87830352783203,218530600
2008-04-21,98.69980541328259,99.23532488335384,98.42848295716313,98.92829895019531,118587400
2008-04-22,98.67122800936141,98.7569076197445,97.75012861706651,98.49272155761719,162166000
2008-04-23,98.59983367891756,99.09251329195942,97.9072276859704,98.33564758300781,193309000
2008-04-24,98.59268323140432,99.7779686677528,97.85009030217701,98.76405334472656,229381300
2008-04-25,99.53521800816709,99.88509466328016,98.47132626281532,99.67803192138672,190788100
2008-04-28,99.87797704983684,100.14216322751079,99.52096399020222,99.69947052001953,105610200
2008-04-29,99.52805554369547,99.77082170016584,98.9711162928898,99.30670928955078,125514100
2008-04-30,99.45664470711395,100.38488038712609,98.72119903564453,98.72119903564453,208395900
2008-05-01,98.80693454185516,100.76335906982422,98.72839123557492,100.76335906982422,187279500
2008-05-02,101.63444425861677,101.6558641640595,100.36347902488579,101.04180145263672,181585500
2008-05-05,100.71333042718744,101.11318308891603,100.25635440018793,100.55624389648438,118504500
2008-05-06,99.97791168675703,101.5344829520523,99.74228182734456,101.42738342285156,179339800
2008-05-07,101.31311774335781,101.42021725255982,99.34241050785907,99.62088012695312,199267300
2008-05-08,99.77795916672893,100.19209539644615,99.23529264046667,99.36382293701172,178321200
2008-05-09,98.96400831283079,99.52808406097712,98.85689787534355,99.17820739746094,152588200
2008-05-12,99.4280849074549,100.36345688938968,99.05678846972071,100.29206085205078,147865900
2008-05-13,100.53486715536592,100.59912688319402,99.77085407394533,100.3063735961914,159132200
2008-05-14,100.72765297203335,101.53449494269434,100.29209667656224,100.51344299316406,181910800
2008-05-15,100.70619346696839,101.84150276285794,100.55625415111345,101.77009582519531,166927000
2008-05-16,102.00570272834715,102.01283906244254,101.1131706839283,101.86289978027344,204236800
2008-05-19,101.97004829983953,103.03395093062437,101.60589897287538,102.14141845703125,165664400
2008-05-20,101.58448186443944,101.63445801884849,100.67766579563202,101.31314849853516,178552100
2008-05-21,101.25600639078233,101.47735266618245,99.2495954490327,99.59947204589844,252724800
2008-05-22,99.55663089023875,100.0850140044156,99.24960496786204,99.61375427246094,170820400
2008-05-23,99.2852977515573,99.72085396082142,98.19283906023698,98.27851867675781,181376400
2008-05-27,98.39275046888505,99.2495791893276,98.19996046585578,99.0068130493164,168322900
2008-05-28,99.37095643570315,99.96359908052926,98.53554766509313,99.46378326416016,181288100
2008-05-29,99.34243160066461,100.62766956465119,99.30672812496029,99.96363067626953,173927200
2008-05-30,100.29919583707216,100.49198583611158,99.92076306924876,100.21351623535156,117362000
2008-06-02,99.8422572453309,99.86367715379392,98.53558835322615,99.17820739746094,181069900
2008-06-03,99.46378364275908,99.69226620461137,97.9857451924762,98.59980773925781,271965700
2008-06-04,98.32132651630049,99.36380872408212,98.14996733897547,98.54981994628906,246637700
2008-06-05,98.94972901206224,100.5991274059231,98.76408616564775,100.52058410644531,237867100
2008-06-06,99.64231417678236,99.82082064757732,97.26460667837301,97.31458282470703,384276300
2008-06-09,97.72159445885565,98.17857064276785,96.68625898383897,97.55022430419922,228263900
2008-06-10,96.87191480706795,97.89297774420032,96.64343213205058,97.06470489501953,260234900
2008-06-11,97.08612208328971,97.29318484219286,95.62950285209797,95.63665008544922,283890100
2008-06-12,96.10787334243585,97.0146782290448,95.33672420066853,96.00076293945312,252791800
2008-06-13,96.5148650131414,97.478804190568,95.97934566905306,97.21460723876953,244726900
2008-06-16,96.78619621711788,97.7715443803143,96.72193651205112,97.271728515625,185832500
2008-06-17,97.87155326734663,97.90724585274705,96.6577002988993,96.8005142211914,191707700
2008-06-18,96.17215962014967,96.76480248253237,95.47241722036055,95.85798645019531,265893000
2008-06-19,95.78658005356036,96.56487664554705,95.32246752853133,95.9793701171875,304204900
2008-06-20,95.3255855399446,95.50498479500307,94.16308187105749,94.42141723632812,289275700
2008-06-23,94.78741731567222,94.88788049182827,94.23487532164641,94.32815551757812,165096400
2008-06-24,94.04112312528436,95.03858287882875,93.42398904361669,94.14158630371094,267300600
2008-06-25,94.52190569520843,95.7274637562258,94.17746209915553,94.58648681640625,287853900
2008-06-26,93.6967189661787,94.30667032433718,91.9098970941548,92.01753234863281,297775000
2008-06-27,92.05335744557689,92.46956508808728,91.1635385519728,91.5151596069336,303423400
2008-06-30,91.77351764456618,92.50546995157201,91.35013786832063,91.83810424804688,258842600
2008-07-01,90.79040806650875,92.18972608763279,90.36702828705812,92.1251449584961,388622000
2008-07-02,92.41937208832309,92.68489059439167,90.3813979291207,90.54644775390625,288064600
2008-07-03,91.21378947891172,91.21378947891172,89.6924812947176,90.63970947265625,239352500
2008-07-07,90.9841546970349,91.37882989405064,88.92464864773763,89.71400451660156,372427300
2008-07-08,89.69246664697297,91.41470090964732,89.12556423895595,91.30706024169922,375973700
2008-07-09,91.49361445543737,91.6658361967539,89.26188742171439,89.5489273071289,336729400
2008-07-10,89.29065101546439,90.26658398646727,88.6806942772961,89.91496276855469,436475700
2008-07-11,88.96053205225289,90.34549496520617,87.89848571220699,88.86724090576172,481124600
2008-07-14,89.88623531520555,90.05845712655817,87.83390669090852,88.06353759765625,322720800
2008-07-15,87.40335532749103,88.61609106932109,86.12602750543871,86.82209777832031,502502500
2008-07-16,87.1521907378593,89.39109630645015,86.9010327753971,88.95336151123047,371642900
2008-07-17,89.80015421325665,90.60386541553316,89.04667461894525,89.84320831298828,375490600
2008-07-18,90.53927864998931,90.71867803170437,89.80733158151918,90.40293884277344,267030100
2008-07-21,90.78324201122102,90.99134589908155,89.83601373103394,90.4531478881836,222863000
2008-07-22,89.80728353678428,91.70891706060254,89.59200220396269,91.47928619384766,296904200
2008-07-23,91.77350755433557,92.67767610499152,91.52952712871382,91.97443389892578,311698400
2008-07-24,92.09644741504724,92.14668448873863,89.81449294565273,90.0656509399414,248634500
2008-07-25,90.33832521031883,90.76888250274585,89.8216542694732,90.04411315917969,219131000
2008-07-28,90.06564095075962,90.4603161909159,88.56585970863317,88.7237319946289,205201300
2008-07-29,88.9677014504547,90.68993031546461,88.723715560518,90.61817169189453,261505600
2008-07-30,91.21379360048674,92.28301752358057,90.61818652517938,92.23278045654297,354710000
2008-07-31,91.42190104817846,92.26149408617299,90.86934803749973,91.01287078857422,277402100
2008-08-01,91.22096669502976,91.33577941101682,90.02975260202206,90.53207397460938,248690900
2008-08-04,90.44594593739134,90.51770455781725,89.52742245634344,89.69246673583984,188239600
2008-08-05,90.4315835006358,92.25428077886843,89.6781098358041,92.11076354980469,251577600
2008-08-06,91.86677802189124,92.78530137606717,91.47927495531745,92.51978302001953,209555400
2008-08-07,91.8237516967582,92.1682008166084,90.80476482423556,91.14203643798828,246312500
2008-08-08,90.83346444942234,93.23740875261879,90.68994170941848,92.83555603027344,260811700
2008-08-11,92.90730993361835,94.37120339704819,92.73508266452956,93.79713439941406,249425800
2008-08-12,93.48853456346254,93.7899239839564,92.37625704400065,92.82117462158203,213200800
2008-08-13,92.419351200046,93.03648531436924,91.61564573010533,92.26148986816406,256393200
2008-08-14,91.73762176202055,93.48856065032048,91.67304064310721,92.95753479003906,239555300
2008-08-15,93.23737208392865,93.64640762594831,92.78529342391779,93.40959930419922,181000800
2008-08-18,93.5962180090417,93.63210006682174,91.60848121409497,92.13232421875,172275100
2008-08-19,91.43624496979677,91.62999930313852,90.79758382253348,91.12767791748047,194673700
2008-08-20,91.4147106825704,91.81656337938384,90.6612314012128,91.55105590820312,225498200
2008-08-21,90.95548193176742,92.16822344280465,90.84784121321266,91.7089614868164,180609800
2008-08-22,92.3332263467131,93.03646850585938,91.70892031407965,93.03646850585938,167715300
2008-08-25,92.42655909070086,93.03651038864535,90.95548204326266,91.14923095703125,171936900
2008-08-26,91.14916001542912,91.7591217883077,90.83342108781197,91.4146728515625,159117200
2008-08-27,91.52953615749334,92.44805980898757,91.35013683572235,92.3045425415039,171032800
2008-08-28,92.77099494078139,93.53164646517861,92.64900469155428,93.42401123046875,167537100
2008-08-29,93.09388518629481,93.38810267726377,92.21841569344285,92.41934204101562,189195800
2008-09-02,93.30919051370125,93.79716244720368,91.50801947841693,91.84529113769531,252364900
2008-09-03,91.76632690429688,92.21123913409353,91.08461176210996,91.76632690429688,251947000
2008-09-04,91.1133312872581,91.29990812073063,88.95336185213927,89.00359344482422,340042500
2008-09-05,88.47257191566084,89.66378058865533,87.54687074019846,89.28345489501953,289503400
2008-09-08,91.88115178371831,92.02468000081035,89.28345310940382,91.12767791748047,364075300
2008-09-09,91.20662382240528,91.39320066990243,88.12095844369635,88.42234802246094,377326800
2008-09-10,88.9031105018695,89.62788515653727,87.94153294850369,88.78112030029297,298916600
2008-09-11,87.63299619914004,90.23069527554524,87.25984248633945,90.0656509399414,375369400
2008-09-12,89.19014760859821,90.56793277904693,88.86005358702185,90.48181915283203,297851200
2008-09-15,87.28135473480839,90.16609885108969,86.0327370071515,86.17625427246094,483607000
2008-09-16,84.1024162281874,87.77651702421956,83.95889893276579,87.61864471435547,581744300
2008-09-17,85.85331143106403,87.4392002694922,83.24125858249631,83.67899322509766,624095600
2008-09-18,84.71235181407066,87.39616381431777,81.66256370816141,86.16189575195312,776114700
2008-09-19,91.44582256338161,92.38410078963494,89.01352593395326,89.58370971679688,501087800
2008-09-22,89.82192397395615,90.0384515108604,86.86996455953721,87.55562591552734,249966500
2008-09-23,87.22359181763942,88.06803901667952,85.36869229605765,85.56356811523438,327470400
2008-09-24,86.14095597169225,86.61009508805687,85.01502649763441,85.83782196044922,311818400
2008-09-25,86.17707201387029,87.98866859749361,85.48419170249174,87.18030548095703,328253000
2008-09-26,85.76567528246382,87.69274919001208,85.53471517563995,87.2236099243164,285917400
2008-09-29,85.98939919707854,86.13374717012452,80.09269584314283,80.38861083984375,459562300
2008-09-30,81.92595721740479,84.30051865849461,79.77513682331426,83.71589660644531,328154400
2008-10-01,83.19621177958464,84.22110209421471,82.24350094972631,83.76639556884766,332783000
2008-10-02,82.965286807522,83.08076962674414,80.15767546683982,80.72785949707031,365337800
2008-10-03,81.45680823785455,83.32614045379776,79.1616401211244,79.63799285888672,461798000
2008-10-06,77.33564275873114,77.67486670630791,72.63704086982216,75.581787109375,610637500
2008-10-07,77.11185274815088,77.46551460447623,71.92246824601769,72.19673156738281,540012100
2008-10-08,70.38513560141077,73.7484969729368,69.87269319413308,70.37792205810547,725414800
2008-10-09,71.92969983606872,72.62258006335766,65.1380209879856,65.46280670166016,534485200
2008-10-10,62.61908302996616,67.8012525112326,60.32391592251902,63.87492752075195,871026300
2008-10-13,67.7507585909583,73.14945220947266,64.92149089363579,73.14945220947266,455584000
2008-10-14,75.5672846112078,76.16633892279616,70.08920027327855,72.0667953491211,546268300
2008-10-15,70.34181094672907,70.587209007601,64.7482439453109,64.97198486328125,484627500
2008-10-16,65.88862718746498,68.40031673512925,62.4603110958696,67.6785659790039,708811200
2008-10-17,66.3938693793921,71.15742462203842,66.14847669571347,67.27440643310547,476649000
2008-10-20,68.81893559533535,71.5255010133993,67.90952807303985,71.31619262695312,321294200
2008-10-21,69.98820161736869,71.19352457372055,68.72513725428146,69.18705749511719,356502000
2008-10-22,67.26715929729843,69.18701869568314,63.17483437739909,65.41947937011719,516168000
2008-10-23,65.1669003741459,66.72587971676623,61.93345337584241,66.17735290527344,634666400
2008-10-24,60.67040692854963,64.8998695975648,60.62710361662573,62.82122802734375,545812600
2008-10-27,62.04890467741923,64.60390265632628,60.41052760728673,60.590965270996094,397288600
2008-10-28,63.0377403320442,68.01782417354494,61.00962144196515,67.67138671875,639939500
2008-10-29,67.67858455312755,70.13253889873616,66.4732617811672,67.18058013916016,531270100
2008-10-30,69.12929463352229,69.6778268142195,67.05065419488513,69.50460815429688,414582100
2008-10-31,68.62404437268586,71.14295227815116,68.19099513921202,69.8871078491211,411394000
2008-11-03,69.8510314590729,70.50782723538646,69.25197705998882,70.0892105102539,205419400
2008-11-04,71.49666279074823,72.79581698402109,69.80054879313151,72.47103118896484,346793400
2008-11-05,71.59766705271709,72.68751214873186,68.5663163231443,69.42520141601562,387844100
2008-11-06,68.17660314021073,68.88392158811784,65.00089743670011,65.57830047607422,477721900
2008-11-07,66.1484542224711,67.84456730376094,65.31843979776984,67.74352264404297,380391000
2008-11-10,68.71791581764737,68.9488759300521,65.62160319706553,66.85579681396484,301773000
2008-11-11,65.50614845777788,66.50216325312832,63.983252799178985,64.79161071777344,418498200
2008-11-12,63.680096471915874,64.19975259352124,61.43545030440169,61.940673828125,454330600
2008-11-13,62.164378209042845,66.20618604014757,59.24850507672651,65.802001953125,753141900
2008-11-14,64.53175606281626,66.44439170414945,62.445890719632715,62.518070220947266,540352300
2008-11-17,62.34483976149928,63.91825691856947,61.46430830307555,61.68804931640625,415254900
2008-11-18,61.45708773803644,62.951111820042556,59.84036732958337,62.850067138671875,523811800
2008-11-19,62.00562472898296,62.698504957531156,58.404083641618776,58.82270050048828,558327600
2008-11-20,57.83392713678093,59.55169867922148,54.16743487939412,54.45613098144531,814180400
2008-11-21,55.90683327371398,58.38965854128385,53.654968111974554,57.393638610839844,718536500
2008-11-24,59.125841141977894,62.78511852535668,57.999911333714635,61.370487213134766,523305300
2008-11-25,63.00885099952297,63.16041801625868,60.497155634920645,61.82518005371094,454112400
2008-11-26,60.84361175940979,64.3729737237842,60.80030295479127,64.21418762207031,370134200
2008-11-28,63.968796568769314,65.05142319436648,63.86053831142862,65.02255249023438,118308100
2008-12-01,63.16042613793116,63.189296836239244,59.08253223616963,59.262969970703125,369927100
2008-12-02,60.24454902975442,61.70248343760692,59.21244501348709,61.543697357177734,469508400
2008-12-03,60.19404472148574,63.39140241461722,60.00638788779752,63.02330780029297,519863500
2008-12-04,62.11386856164457,63.55015653684683,60.439407020912434,61.56534194946289,444173800
2008-12-05,60.37448693495182,63.81723761939122,59.356815134313294,63.46358108520508,471905300
2008-12-08,65.2029707029508,66.67534313289445,63.571817707693825,65.67932891845703,412859300
2008-12-09,65.2246355156768,66.4949132265216,64.22140213290187,64.59671020507812,370790000
2008-12-10,65.18852377512037,65.93914517278505,64.2358130601077,65.03695678710938,396187400
2008-12-11,64.62556428510752,65.67931974328312,63.059366443563576,63.47076416015625,365061000
2008-12-12,61.74580264476958,64.28636384032602,61.493185379764164,64.22862243652344,415060400
2008-12-15,64.25026226625778,64.34409340680577,62.279885406062625,63.333641052246094,256694200
2008-12-16,66.31444549560547,66.41549014266454,63.64397038358118,66.31444549560547,377699500
2008-12-17,65.56384777713166,66.71143454814342,65.00088296764457,65.67211151123047,281819800
2008-12-18,65.9680318280519,66.16290214365281,63.66564474847765,64.44513702392578,374673300
2008-12-19,64.83005284658972,65.93602320571725,64.09516515872957,64.16793060302734,301451300
2008-12-22,64.45170022393712,64.51718246452278,62.20338225968507,63.34572982788086,243759500
2008-12-23,63.6877019619532,63.978747070142184,62.42893977952963,62.690879821777344,221625200
2008-12-24,62.90186928769411,63.20746964350515,62.57444707580973,63.05467224121094,62061600
2008-12-26,63.4767035820006,63.52036396284176,62.938273662238764,63.41849899291992,74767700
2008-12-29,63.476686946209,63.542174724695634,62.28340713880634,63.23657989501953,127795900
2008-12-30,63.67314100512887,64.79366086627287,63.21474323621106,64.7354507446289,168256300
2008-12-31,64.81547572651766,66.19065766460542,64.6626783501992,65.65950012207031,193987200
2009-01-02,65.80503646444822,67.98786600960712,65.37574376726455,67.63861083984375,227566300
2009-01-05,67.39849581278234,68.14793859246207,66.8600660988497,67.5585708618164,240349700
2009-01-06,68.13334344920358,68.72270528402206,67.4348390946582,68.00965118408203,328260900
2009-01-07,66.94011947529421,67.12929962815399,65.6304192650707,65.97239685058594,280899200
2009-01-08,65.60132804728305,66.27800009838609,65.24479510810421,66.24162292480469,263834400
2009-01-09,66.32891931621008,66.44533401035808,62.10877979230481,64.82276153564453,330953600
2009-01-12,64.6408762592421,64.6918142935578,62.87278910997411,63.26569366455078,277858500
2009-01-13,63.10560179054911,63.94234863805517,62.71996392500364,63.3820915222168,356432300
2009-01-14,62.23976836253014,62.39256581675075,60.508058330138695,61.388465881347656,435491600
2009-01-15,61.206563639201754,62.028761054147274,59.46029828813628,61.41029357910156,532647300
2009-01-16,62.472589281789254,62.56717657462422,60.42800714676778,61.890499114990234,399237200
2009-01-20,61.28657436343027,61.89048626339428,58.24516525346341,58.62351989746094,419855200
2009-01-21,59.62034077111901,61.29383975534676,58.55075362075308,61.15559768676758,364360700
2009-01-22,59.969627004171635,61.148357441159966,59.06011432010731,60.209739685058594,427940300
2009-01-23,58.863635937920776,61.111947632017824,58.62352336343786,60.47165298461914,386800600
2009-01-26,60.820929588978196,62.10880265924819,60.25339456189984,60.886417388916016,317978800
2009-01-27,61.21383005974673,61.9559954018727,60.609917951465576,61.50487518310547,273789700
2009-01-28,62.86547579058928,63.993267433867395,62.62536327028099,63.58580780029297,330007000
2009-01-29,62.654517512013996,63.6586176335789,61.46123717581495,61.519447326660156,294392500
2009-01-30,61.832275810470676,62.137870557425934,59.81679379817193,60.267913818359375,383383600
2009-02-02,59.35110756037692,60.52255931659546,59.161927533270436,60.085994720458984,288233300
2009-02-03,60.46436108866505,61.38115080631172,59.824066592098156,60.930030822753906,278385800
2009-02-04,61.337496120543655,62.11603822913608,60.420706401147534,60.6317138671875,322989300
2009-02-05,60.173329888039525,62.0578422083038,56.557113745995146,61.53396224975586,417679400
2009-02-06,61.74496008453204,63.54942904641454,61.61399011542593,63.28749465942383,366101700
2009-02-09,63.27297100234564,63.84050596858195,62.80730100178126,63.37483596801758,240075200
2009-02-10,62.77089714440446,63.32388216560748,59.99142783565331,60.47165298461914,536212800
2009-02-11,60.71902440153588,61.15559464207204,59.955037583040024,60.82816696166992,324442500
2009-02-12,59.787698780168576,60.98825611757095,58.9727793181529,60.87184143066406,469302200
2009-02-13,60.791807710758384,61.293854753261215,60.20243993296913,60.21699523925781,293998400
2009-02-17,58.3252171948373,60.362521756876426,57.60487933586874,57.64126205444336,478910100
2009-02-18,58.05599102586645,58.165133614416,56.957298589920185,57.50300598144531,362964800
2009-02-19,58.09234669610344,58.31790944264955,56.76809747130289,56.884517669677734,316867500
2009-02-20,55.82951116155077,57.000958016338856,55.13100075881183,56.33155822753906,477176600
2009-02-23,56.950022376244696,56.950022376244696,54.27241781877838,54.316078186035156,379641400
2009-02-24,54.78176110257817,56.717200940883956,54.35246828822886,56.37522888183594,426260900
2009-02-25,56.1278258216824,57.059165581920745,55.02913334614052,55.931373596191406,461985800
2009-02-26,56.62259764622046,57.96867474281607,54.956370442958146,55.02185821533203,363353900
2009-02-27,53.85040448451273,55.072789207611294,53.70487918936861,53.79219436645508,470510900
2009-03-02,52.76626858490032,53.78492357598351,51.20191170887669,51.369258880615234,426452600
2009-03-03,52.104155069180194,52.16963730776621,50.67076241151903,50.98363494873047,443761000
2009-03-04,51.82763577159828,53.020915106521535,50.98360594624137,52.19144058227539,462753100
2009-03-05,51.00545220995022,52.19145988415825,49.60116489934244,50.05956268310547,485549400
2009-03-06,50.496105624538814,51.26009234769713,48.82260138124257,50.1468505859375,490470000
2009-03-09,49.441093933964275,50.932696553521026,49.28102440782371,49.55751419067383,379905300
2009-03-10,50.5761575445429,52.657121966945574,50.474292619073296,52.5115966796875,406227900
2009-03-11,53.11555114078564,53.661258857985494,52.2642484342481,52.85361099243164,356648300
2009-03-12,52.839032911736396,55.11644989923136,52.366085366712916,54.934547424316406,409702700
2009-03-13,55.30563742966455,56.01142001499312,54.3742975216439,55.36384201049805,337474700
2009-03-16,55.9968688160942,56.73175652138632,55.16011614783771,55.19649887084961,360644900
2009-03-17,55.34926099873822,57.01548761723913,54.8981410568666,56.884517669677734,356814300
2009-03-18,56.61530624096411,58.86362299180202,56.07687664336101,58.157840728759766,473273200
2009-03-19,58.88546101320567,58.93639347687754,57.25561662448362,57.43751907348633,428520400
2009-03-20,57.71676084409438,57.826684688185026,56.08257385904278,56.214481353759766,371078200
2009-03-23,57.70208371171226,60.303589665824276,57.38697177015186,60.25229263305664,419933300
2009-03-24,59.53415061331518,60.3549090322673,58.999196443778345,59.065147399902344,330271000
2009-03-25,59.52679594012456,60.60403347461801,57.93657696919752,59.688011169433594,441775100
2009-03-26,60.27425630616133,61.04371713368597,59.59273561608262,60.90447998046875,422025200
2009-03-27,60.12769748287966,60.47944686526954,59.585408332682185,59.80525588989258,322332300
2009-03-30,58.47884822728956,58.53014523697673,57.130460901155125,57.73870086669922,324108500
2009-03-31,58.30299884651654,59.416885348068064,57.92926568844439,58.273685455322266,364238300
2009-04-01,57.54820423385692,59.66604808584302,57.40164285091413,59.4022331237793,377018300
2009-04-02,60.88250718504223,62.00371758009098,59.45350904960338,61.13899230957031,476230700
2009-04-03,61.18294256311791,61.76186916362385,60.58203232819292,61.747215270996094,284646300
2009-04-06,61.073008058913146,61.76185830131831,60.30355303479936,61.26354217529297,264866600
2009-04-07,60.274280594362054,60.56740891301249,59.731996838981225,59.834590911865234,258947800
2009-04-08,60.13502497617498,60.77990819798229,59.75396219225279,60.47945022583008,230402800
2009-04-09,62.047667871406944,62.89040927063277,61.79851255893323,62.883079528808594,269653500
2009-04-13,62.23089909381819,63.418066187883454,61.98174367399063,62.89776611328125,224847500
2009-04-14,62.31147610605595,62.846435383792446,61.61530166184753,61.81315994262695,276598800
2009-04-15,61.43945276103449,62.597306435910674,61.27090776753967,62.47272872924805,250726100
2009-04-16,62.971038401216695,63.86507707741347,62.12096700714221,63.38874435424805,335202900
2009-04-17,63.63055064376749,64.23146082468523,63.12490473375531,63.81375503540039,262649000
2009-04-20,62.68523839152639,63.79179488986914,61.07303579700229,61.13899230957031,293690100
2009-04-21,60.691970513785,62.38477785778031,60.64067349096563,62.33348083496094,114090900
2009-04-22,61.76920721885554,63.27148021287963,61.607986423477556,61.95241165161133,340395200
2009-04-23,62.07698749990478,62.59728740272737,61.285543031827274,62.56064987182617,324903700
2009-04-24,63.04429895182051,63.98230461083462,62.795143644687585,63.505977630615234,287703000
2009-04-27,62.78783855939209,63.76248771852512,62.68524449958408,62.905086517333984,289581600
2009-04-28,62.26752103773262,63.45468213684202,62.11362999121678,62.707210540771484,247926300
2009-04-29,63.40338590960094,64.75177340543341,63.24217070954816,64.04093933105469,311505700
2009-04-30,64.89100716520493,65.23542677503124,63.69651078028576,64.06291961669922,301419800
2009-05-01,64.07759048721996,64.64185773554267,63.54996077447574,64.40735626220703,236110300
2009-05-04,64.8910189850363,66.6424530948381,64.76643570883711,66.59848022460938,287120000
2009-05-05,66.37130737304688,66.63512222613993,65.83634792345372,66.37130737304688,243036300
2009-05-06,67.18474738298465,67.56581024280278,66.40063242926146,67.52184295654297,291941000
2009-05-07,68.1594147478126,68.26200883709681,66.15881882485353,66.58385467529297,317728000
2009-05-08,67.44121753973093,68.31327246299738,67.00885774510843,68.13739776611328,299081700
2009-05-11,67.19939258805485,67.49985058117974,66.7157357288949,66.86229705810547,247923600
2009-05-12,67.14808549759266,67.29465239578776,65.84367085391133,66.6644287109375,282431300
2009-05-13,65.76307514358574,65.96093910259644,64.85438253567246,64.98628997802734,269619100
2009-05-14,65.01560598809509,66.04155218215391,64.85438515304851,65.5432357788086,260098700
2009-05-15,65.49193272432147,65.95360595324989,64.59789406017994,65.00827026367188,271502700
2009-05-18,65.62383866594979,66.93557765667232,64.90567473523134,66.85497283935547,241447400
2009-05-19,66.81833557051657,67.39726237571558,66.54719093791749,66.77436828613281,206102200
2009-05-20,67.38259297910817,68.00549256805748,66.25405851217982,66.32733917236328,285722200
2009-05-21,65.55790697980017,65.80706804271273,64.67852749048649,65.37470245361328,258988400
2009-05-22,65.55789242825381,65.95361478789604,64.98629532797852,65.2354507446289,166811900
2009-05-26,64.75180874073745,67.09682445975326,64.72249534537994,66.90629577636719,236318500
2009-05-27,67.00885970777436,67.23603143085992,65.6091750619036,65.7117691040039,246015800
2009-05-28,66.29068925393766,66.93556682480934,65.29405672289161,66.6277847290039,289095000
2009-05-29,66.9942268269537,68.66505113722239,66.45194301892714,67.80765533447266,258641500
2009-06-01,68.6430439709149,69.74227070272995,68.46716925929225,69.44914245605469,276246800
2009-06-02,69.17798576593454,69.88881976544823,69.05340810998705,69.50775146484375,230874500
2009-06-03,68.91420126557587,68.98015219796825,67.97619517627997,68.62840270996094,235310500
2009-06-04,68.88487709192948,69.3758637038403,68.3719068393296,69.27326965332031,210102300
2009-06-05,69.97679377100701,70.10870124315895,68.73833507292503,69.28794860839844,284257900
2009-06-08,68.76762913486871,69.69098125544475,68.18137816873929,69.00213623046875,238565100
2009-06-09,69.39050969847585,69.72027542660123,68.89951759108304,69.35386657714844,225125500
2009-06-10,69.96943053588446,69.9767546867769,68.29127747395889,69.17798614501953,296100400
2009-06-11,69.3099345544544,70.43114530946036,69.29527506208566,69.48580932617188,275414200
2009-06-12,69.17799142272972,69.7202749507512,68.88486322697705,69.67630767822266,184361800
2009-06-15,68.85555084683799,68.89951812000413,67.71235701687502,68.07876586914062,224190500
2009-06-16,68.32060152984049,68.36456880588737,67.11145111994921,67.1554183959961,227319000
2009-06-17,67.12611507760852,67.6610745771811,66.56184778358177,67.0894775390625,223445200
2009-06-18,67.19206704847396,67.9102253741224,66.86962542171804,67.58045959472656,211725100
2009-06-19,68.22749397179932,68.315925230955,67.44631557319092,67.82953643798828,215655600
2009-06-22,67.1663041031885,67.20315422610867,65.77345491940426,65.79556274414062,251913600
2009-06-23,65.93557435641696,66.23772394322899,65.47865877979146,65.84713745117188,188309800
2009-06-24,66.44408315828224,67.12208262988786,66.03138318303368,66.41460418701172,211577700
2009-06-25,66.08295439960645,67.9253475006719,66.00925980007135,67.85902404785156,279411000
2009-06-26,67.6305650113372,67.9769358217863,67.26208638278074,67.6821517944336,167579000
2009-06-29,67.8811235781939,68.40436248031237,67.50527385715164,68.31592559814453,168481300
2009-06-30,68.33068970576147,68.58125251809578,67.26209812290993,67.76322937011719,228888200
2009-07-01,68.05063945110243,68.70653666968387,67.95483701908142,68.04327392578125,173041100
2009-07-02,67.15888679842041,68.06534634741247,66.14925934574173,66.18610382080078,212309900
2009-07-06,65.54499576111614,66.27458204403801,65.33864857988887,66.17877960205078,174499600
2009-07-07,66.11242667623385,66.19349241428343,64.85223059728648,64.89644622802734,197088900
2009-07-08,65.28701289618567,65.4417788020814,64.11525405536999,64.85221099853516,248050500
2009-07-09,65.30180214991991,65.51552049185219,64.78593416769671,64.9775390625,163777600
2009-07-10,64.63115867578588,65.21335566896933,64.37322472248651,64.82276916503906,173520300
2009-07-13,65.08069474927856,66.45143572201435,64.55008461498886,66.39984893798828,217413500
2009-07-14,66.60619316208464,66.8346537292442,66.12717545530133,66.77569580078125,181487400
2009-07-15,67.66004626286364,68.91287701581702,66.82728655829689,68.7286376953125,220877900
2009-07-16,68.53704488502812,69.64985224188098,68.40439231518778,68.61811065673828,231174500
2009-07-17,69.31818708962398,69.50979752116474,68.93497184907925,69.3697738647461,138561700
2009-07-20,69.77511433740513,70.2246587205481,69.41400685050819,70.10674285888672,164179400
2009-07-21,70.65209681940085,70.67420463830798,69.58350538440774,70.4310073852539,217718300
2009-07-22,69.98144452979614,70.84368297492473,69.92985775844322,70.41625213623047,196068100
2009-07-23,70.46050266956156,72.280788481654,70.40154472379633,71.97126770019531,258795500
2009-07-24,71.63226833229952,72.32501019680475,71.25642404723104,72.26605224609375,154003100
2009-07-27,72.13337315259017,72.51659406880302,71.73541556538648,72.47974395751953,159259400
2009-07-28,71.97127288039532,72.49451203600921,71.52909387786902,72.1407699584961,186685200
2009-07-29,71.80913731186763,72.28815516690709,71.47013755209142,71.96389770507812,194399300
2009-07-30,72.83352260694302,73.57048022363364,72.6640198811864,72.71560668945312,225575400
2009-07-31,72.70082299663312,73.30512762662413,72.50184142018207,72.81873321533203,207358000
2009-08-03,73.58520406016842,74.08633537696363,73.18724634190109,74.02001190185547,175776900
2009-08-04,73.68835464947999,74.3147671942416,73.53359430001213,74.21159362792969,176714600
2009-08-05,74.26318611823547,74.3295152002692,73.38621073718843,73.99788665771484,184726400
2009-08-06,74.33689818644226,74.44743730320583,73.26830653656934,73.61467742919922,193203800
2009-08-07,74.3884580514933,75.19173866271109,73.9831293616349,74.58006286621094,220640900
2009-08-10,74.24111458520584,74.5948567430286,73.89474357844253,74.42535400390625,130898700
2009-08-11,74.09366038413555,74.1452471512737,73.29774544325899,73.4967269897461,157301000
2009-08-12,73.371470069894,74.84538473178846,73.33462557686957,74.2853012084961,219052400
2009-08-13,74.62430532802249,74.88223928463071,73.88734795340555,74.8527603149414,176449500
2009-08-14,74.815899240044,74.87485717078795,73.47463723957704,74.27792358398438,199616100
2009-08-17,72.84824457257871,72.92193919485597,72.30289762067986,72.45028686523438,237667500
2009-08-18,72.61240639350706,73.28304027710912,72.47975384634063,73.02510070800781,173461500
2009-08-19,72.45026394505811,73.9168128903566,72.37656934609468,73.66624450683594,192812800
2009-08-20,73.7620909720766,74.5948567430286,73.59996500655456,74.42535400390625,174131300
2009-08-21,75.03698143787824,76.00239356498966,74.88959224775978,75.88448333740234,224605000
2009-08-24,76.19402048864654,76.60671480826133,75.6044523555925,75.87712860107422,191279000
2009-08-25,76.17929652849493,76.8351882341421,75.86240458803871,76.0245361328125,215310600
2009-08-26,75.78870119148478,76.37826939841798,75.53076720940366,76.03189849853516,194620700
2009-08-27,75.98768242358797,76.43722691377523,75.1254435643917,76.20140075683594,196230100
2009-08-28,76.81308680249278,76.90151810879173,75.66342921774789,76.1866683959961,147024400
2009-08-31,75.44235113675246,75.59711155722839,75.01491438160548,75.50867462158203,176051600
2009-09-01,75.13277646716683,76.08345183087441,73.68834118028501,73.84310150146484,321276800
2009-09-02,73.53360086632892,74.01999539883654,73.37884050304146,73.56307983398438,171805000
2009-09-03,73.99051957236823,74.26319019531523,73.39358029144482,74.17475891113281,143572300
2009-09-04,74.32215698576452,75.23598264057344,74.10107312643639,75.21387481689453,142687900
2009-09-08,75.90659661715588,75.94344672860645,75.45705224563963,75.86238098144531,132909100
2009-09-09,75.99504327822646,76.70252165321104,75.7592171532316,76.44458770751953,154612500
2009-09-10,76.4961827683954,77.27735583768528,76.06874611357911,77.22576904296875,162902400
2009-09-11,77.37316059027003,77.60162122158805,76.84992147892984,77.21102905273438,152360100
2009-09-14,76.5551419357793,77.71953611784791,76.0171661174133,77.58688354492188,149593800
2009-09-15,77.71215117715428,78.19854573240964,77.20365442329638,77.9111328125,196795900
2009-09-16,78.19118203378144,79.10500767074555,77.91851138368078,79.09027099609375,206406300
2009-09-17,78.97974711979889,79.6356389545678,78.53757367043814,78.97238159179688,229170900
2009-09-18,79.34106807908644,79.34847433349891,78.75609826547185,79.02266693115234,153799100
2009-09-21,78.40811673025412,79.2300362498382,78.2378123393174,78.8227767944336,151892000
2009-09-22,79.28927423897899,79.50401052705901,78.93384729507974,79.28186798095703,143126700
2009-09-23,79.46695797294984,79.99268912806596,78.48213501438748,78.6228256225586,225947400
2009-09-24,78.79315596049398,78.96346033608422,77.41588584364095,77.75650024414062,228636800
2009-09-25,77.58620598162838,78.01567861054792,77.07528145241996,77.34185028076172,204059000
2009-09-28,77.63800585226667,78.8968038233512,77.62319898994899,78.72649383544922,118285800
2009-09-29,78.86719536742268,79.24482972663992,78.32665160425087,78.48955535888672,133733900
2009-09-30,78.75614504324734,78.83019068340145,77.46773282674124,78.18598175048828,254383000
2009-10-01,76.26814665212066,78.2896252578235,76.23112102023214,76.24593353271484,281840600
2009-10-02,75.54252031669037,76.34222687372893,75.520307187215,75.89054107666016,224748800
2009-10-05,76.19411740104817,77.2455800404018,75.97197486064638,77.0234375,149875000
2009-10-06,77.57879697619943,78.5710266130818,77.53437072282205,78.12674713134766,202491100
2009-10-07,77.94899349177791,78.422897781252,77.80090228522297,78.34144592285156,159200300
2009-10-08,78.89685028785816,79.35593673120799,78.37851941239312,78.94127655029297,183305800
2009-10-09,78.96347725448173,79.42256927490234,78.75614719665319,79.42256927490234,135008300
2009-10-12,79.79277451882773,80.03712448545359,79.43734765478905,79.73353576660156,118031000
2009-10-13,79.51883856023159,79.75578803612947,79.05234586842921,79.57067108154297,157692700
2009-10-14,80.50362525094991,81.0219502267168,79.54101526816163,80.94049835205078,191421600
2009-10-15,80.5480592875886,81.2366943359375,80.51103929963294,81.2366943359375,173873600
2009-10-16,80.56287722916186,80.91089225611985,80.14081092266609,80.6295166015625,192069400
2009-10-19,80.7627914416639,81.54768519790218,80.51103519883983,81.29592895507812,159530400
2009-10-20,81.41440712795558,81.44402650869797,80.47401579899159,80.86646270751953,180921100
2009-10-21,80.74059271976154,81.68098414357239,80.08157696740375,80.14081573486328,225379300
2009-10-22,80.11119722216253,81.21449244382303,79.60027273357859,80.95532989501953,238444000
2009-10-23,81.2218694359535,81.27370192703768,79.69650277817128,80.02971649169922,240033200
2009-10-26,80.1186047560319,80.94052437422054,78.94126379714136,79.16340637207031,242028200
2009-10-27,79.25221498933844,79.51878367188797,78.6080120476081,78.80052947998047,253266300
2009-10-28,78.60062187947779,78.84497749671196,77.26777819394444,77.31221008300781,248821400
2009-10-29,77.88978894946628,79.12636849035565,77.7046720487588,78.97087097167969,198110600
2009-10-30,78.7116849877087,78.94863432404036,76.593947822668,76.68280029296875,325608100
2009-11-02,77.10486907723441,78.05267210386835,76.32738168927274,77.24555969238281,254222900
2009-11-03,76.81610858912468,77.60100810042475,76.66801732625575,77.48993682861328,228362600
2009-11-04,78.1267209501022,78.73390402317222,77.48991850159972,77.6898422241211,247996700
2009-11-05,78.23783514389169,79.14120116854795,78.07493131424704,79.11898803710938,180015300
2009-11-06,78.68208316527088,79.52621571732635,78.52658565824161,79.32628631591797,170954100
2009-11-09,79.93348173737847,81.1774676337092,79.87424861798743,81.13304138183594,159495700
2009-11-10,80.94048955127948,81.39958137226857,80.6887333473718,81.14781951904297,171899800
2009-11-11,81.68097950827064,82.05861956774474,81.17006070355572,81.56250762939453,169466200
2009-11-12,81.45143162234672,81.87349790568975,80.52584717209278,80.7331771850586,157144500
2009-11-13,80.94048758633707,81.51805123946217,80.52582766087656,81.17003631591797,150963000
2009-11-16,81.73280741859918,82.70282376586718,81.68838117268372,82.34739685058594,210922200
2009-11-17,82.13265429574012,82.48067492696832,81.82165929948808,82.44364929199219,147134100
2009-11-18,82.3843993207325,82.51027741497373,81.8734750391071,82.39179992675781,156486800
2009-11-19,81.82908552161453,82.4214562805325,80.80723649986984,81.31816101074219,208734600
2009-11-20,80.89605830187652,81.27369823365301,80.71834771899482,81.02934265136719,134196000
2009-11-23,81.9845557653443,82.7398300675659,81.89569763889307,82.05860137939453,148010200
2009-11-24,82.19189264598255,82.3399838865181,81.45883140148977,82.18448638916016,138420100
2009-11-25,82.31776910733657,82.56212473368528,82.05860661696002,82.4732666015625,109564800
2009-11-27,80.26669557438773,81.68839212753144,80.18524367974013,81.13304138183594,126001800
2009-11-30,81.06639850803394,81.59953045548156,80.05936208065566,81.40701293945312,160874800
2009-12-01,82.13268874392361,82.68063899493482,81.99200370050924,82.41407012939453,159613700
2009-12-02,82.39921965110378,82.9397633931406,82.13265090836212,82.37700653076172,132315100
2009-12-03,82.59914693186553,83.06563939513869,81.66615635600087,81.73279571533203,167324900
2009-12-04,82.81387874770294,83.2137318575602,81.48104069749718,82.19929504394531,274907800
2009-12-07,82.12526344782317,82.58434973989931,81.8142627652936,82.07342529296875,127973800
2009-12-08,81.48105234411375,82.02159050834233,80.91088914975187,81.16265106201172,169863700
2009-12-09,81.14043043959971,81.58470981211103,80.72576479584627,81.46623229980469,155063400
2009-12-10,81.9697191942771,82.28071972091652,81.78460238882542,81.92529296875,138014600
2009-12-11,82.2733383178711,82.45845517923803,81.9031045951372,82.2733383178711,124854000
2009-12-14,82.83611297607422,82.93237173093547,82.28816288105621,82.83611297607422,107141500
2009-12-15,82.53253222423133,82.87314670094224,82.19191774752042,82.45108032226562,120408800
2009-12-16,82.78427811270015,83.02862812182462,82.39182554793314,82.57694244384766,155358200
2009-12-17,81.98456996116367,82.14006747238939,81.51067117000358,81.584716796875,183390100
2009-12-18,82.03884140512702,82.11329136059948,81.35394498075995,82.0462875366211,174591200
2009-12-21,82.45573495172852,83.15551792013173,82.45573495172852,82.88007354736328,118039600
2009-12-22,83.0587563037681,83.35653912486686,82.95453316834377,83.17787170410156,91707500
2009-12-23,83.37883873728917,83.46072912257048,83.00661177864056,83.34161376953125,111783100
2009-12-24,83.52029083847835,83.8255140058711,83.37884276983641,83.7361831665039,39677500
2009-12-28,84.0488579044893,84.11585603835168,83.61707322048746,83.91485595703125,87508500
2009-12-29,84.13075357914649,84.145640161028,83.78830539853544,83.79574584960938,80572500
2009-12-30,83.55008164354373,83.86275098557267,83.50541053772979,83.7659683227539,73138400
2009-12-31,83.95210255447292,83.97444095275917,82.92475774297549,82.96198272705078,90637900
2010-01-04,83.65430518808466,84.41364583402492,83.01407423888254,84.36898040771484,118944600
2010-01-05,84.31687890182981,84.62954828274115,84.01164997303462,84.59232330322266,111579900
2010-01-06,84.51042263821236,84.86031695618865,84.44342449888946,84.65187072753906,116074400
2010-01-07,84.49553357387852,85.11343179046233,84.25730850817234,85.00920867919922,131091100
2010-01-08,84.78587760955702,85.32933160558157,84.61465634596625,85.29210662841797,126402800
2010-01-11,85.67175921535063,85.70897850383191,85.04641496369827,85.41120147705078,106375700
2010-01-12,84.84544114145471,85.02410854872359,84.28710052397184,84.61466217041016,163333500
2010-01-13,84.83050395992213,85.56751727415981,84.3987250942938,85.32929229736328,161822000
2010-01-14,85.23251996936938,85.71641610936683,85.18040842689163,85.5600814819336,115718800
2010-01-15,85.41121987090018,85.49310459508649,84.27220034720965,84.59976196289062,212283100
2010-01-19,84.58485817630762,85.70897952924045,84.56251978727234,85.65686798095703,139172700
2010-01-20,85.07623301200356,85.2027888746855,84.10844586946858,84.78589630126953,216490200
2010-01-21,84.80822986995265,85.06878773094712,83.05131732191082,83.1555404663086,344859600
2010-01-22,82.78328845275091,83.1852943230897,81.21248994595315,81.30182647705078,345942400
2010-01-25,82.04628874557257,82.19518297897729,81.4507288511564,81.7187271118164,186937500
2010-01-26,81.39860682265049,82.23984357264528,81.17527400527888,81.37627410888672,211168800
2010-01-27,81.27203960510734,81.94949545294287,80.64670098839743,81.76338195800781,271863600
2010-01-28,82.03137283032646,82.07603824450983,80.3340189345713,80.82535552978516,316104000
2010-01-29,81.17528040306502,81.74106714185302,79.82037409051554,79.94692993164062,310677600
2010-02-01,80.51270481266296,81.19760115995298,80.02880855521958,81.19015502929688,187865000
2010-02-02,81.33903629563855,82.3291556854125,81.05614017307518,82.17282104492188,216327900
2010-02-03,81.80060124915495,82.2472781807856,81.52515691168026,81.76338195800781,172730700
2010-02-04,81.13063013360436,81.1678494398549,79.22482330988332,79.23971557617188,356715700
2010-02-05,79.32902295047751,79.56724802289175,77.85500708983125,79.40347290039062,493585800
2010-02-08,79.46301545372349,79.90224625106691,78.77067303194015,78.83023071289062,224166900
2010-02-09,79.75336208632616,80.51270841468222,79.11313113486274,79.82036590576172,337820500
2010-02-10,79.69379556243214,80.10324181652426,78.99400704997971,79.66401672363281,240511500
2010-02-11,79.55978731601353,80.58713161429117,79.09822387084006,80.49779510498047,223591600
2010-02-12,79.64916028778472,80.4755049769958,79.29182542094146,80.43083953857422,304622100
2010-02-16,81.04125556975427,81.77826337281714,80.26702279816253,81.69637298583984,159317500
2010-02-17,82.09094417410756,82.19517296465919,81.69638444319149,82.08350372314453,168845100
2010-02-18,81.94948472705272,82.73860402477956,81.9197058901927,82.5673828125,193708600
2010-02-19,82.35151095689967,83.05874004883354,82.15795130910567,82.7386245727539,222684900
2010-02-22,83.04385378381215,83.06618649715566,82.50784594463268,82.7535171508789,132346900
2010-02-23,82.53018373215734,82.78329540525753,81.53261226352127,81.74850463867188,207497000
2010-02-24,81.9941677526358,82.63439868329951,81.78572152957945,82.50039672851562,176350700
2010-02-25,81.32417839417413,82.44830587040798,81.10084553329168,82.38874816894531,259634700
2010-02-26,82.46315912510372,82.7237225437519,81.97182248596779,82.44082641601562,173589300
2010-03-01,82.78329142004473,83.37885695590907,82.76095870640324,83.29696655273438,147709700
2010-03-02,83.65430198109858,83.92974633909631,83.37885194336731,83.52774047851562,160992400
2010-03-03,83.74359229939334,84.10093256242781,83.3936981634325,83.6021499633789,150785000
2010-03-04,83.71386043761166,83.97442391379836,83.40119108186838,83.85530853271484,135770400
2010-03-05,84.39874609611334,85.12086165441237,84.19774034958235,85.05386352539062,176118800
2010-03-08,85.06129276673991,85.25484666530669,84.919844727245,85.06873321533203,114631200
2010-03-09,84.81566814482525,85.60478778779192,84.77100270986031,85.2102279663086,154556700
2010-03-10,85.24743372010302,85.8206608318833,85.17298945204155,85.58988189697266,186088800
2010-03-11,85.38890203732282,85.9695811357738,85.12834418017289,85.9472427368164,160791100
2010-03-12,86.31943171768754,86.33432397707695,85.71642584627094,85.95465087890625,162074800
2010-03-15,85.80574566637968,86.0365245244128,85.31440343733043,85.97696685791016,146816800
2010-03-16,86.21519602308078,86.74375755951505,85.97697102525504,86.66187286376953,168673000
2010-03-17,86.92242554868282,87.45843318277406,86.669308308259,87.175537109375,177468100
2010-03-18,87.183047244978,87.30215698459449,86.78104122426767,87.13093566894531,196509100
2010-03-19,86.68988037109375,87.67660637290192,86.35349300719669,86.68988037109375,226641100
2010-03-22,86.19648844989466,87.3102968273212,86.1441623028635,87.15331268310547,184477800
2010-03-23,87.28040740969183,87.84104722092525,86.99634625533481,87.76629638671875,182941600
2010-03-24,87.43736063258605,87.78121893317548,86.39830893861844,87.34017944335938,196072600
2010-03-25,87.93073193647899,88.3343932206529,87.09351360170837,87.19816589355469,223396300
2010-03-26,87.36264783718723,87.77378033711689,86.80200794381813,87.14586639404297,205808500
2010-03-29,87.58687603880682,87.85598356910901,87.22806980048546,87.69900512695312,134513500
2010-03-30,87.80366130667758,88.08024564259321,87.39252890277999,87.7588119506836,145772500
2010-03-31,87.422430081886,87.84851609956688,87.16827611136051,87.45980834960938,161078700
2010-04-01,88.05784606933594,88.39422774143632,87.53457872002795,88.05784606933594,161215200
2010-04-05,88.39417698807364,88.83521073618205,88.14749419517186,88.7754135131836,105847600
2010-04-06,88.52125419859713,89.14169672695516,88.4240787206976,88.9847183227539,110384200
2010-04-07,88.80533563795946,89.22394481194819,88.06528708707218,88.47642517089844,184576300
2010-04-08,88.1699321221441,88.93240528699414,87.90830140993941,88.78289794921875,158704000
2010-04-09,88.96977663449799,89.40333935346939,88.80532711986353,89.365966796875,133006500
2010-04-12,89.47809413699446,89.73973056036408,89.3734418488954,89.50799560546875,110279000
2010-04-13,89.41830079685568,89.73225767482401,88.9548365700056,89.57527923583984,125043600
2010-04-14,89.90419645143173,90.5919189453125,89.76217157922235,90.5919189453125,161609000
2010-04-15,90.4423983241711,90.87596107778037,90.41249685463367,90.66665649414062,144615300
2010-04-16,90.34520963882937,90.6666432605378,88.76794299546033,89.22393035888672,366786700
2010-04-19,88.96230575812591,89.65002239482457,88.55864450533625,89.56031799316406,217947800
2010-04-20,90.12099284660533,90.43495552339886,89.60520801932644,90.36019897460938,157708000
2010-04-21,90.41250016893362,90.62181046336833,89.69488198309602,90.19572448730469,192910100
2010-04-22,89.56033036951469,90.57695758300126,89.04454567227522,90.46482849121094,115360300
2010-04-23,90.40502049731771,91.09273714724328,90.17328554768486,91.05535888671875,177335500
2010-04-26,91.08526953501924,91.28710303719966,90.62181099528513,90.71150970458984,143457300
2010-04-27,90.18823234269627,90.70401693974512,88.3941843319106,88.56611633300781,355853300
2010-04-28,88.99222206571771,89.4631574209448,88.40915191237409,89.23889923095703,300674100
2010-04-29,89.77710596039378,90.53210237968288,89.75468128410873,90.34522247314453,193775000
2010-04-30,90.36017833990302,90.45735954988739,88.79038812690943,88.81281280517578,270000900
2010-05-03,89.23888671271139,90.21066446217581,89.1043329582182,89.96398162841797,182747900
2010-05-04,88.96231917744211,88.97726706174612,87.40000007247389,87.8485107421875,360353400
2010-05-05,87.13088439233184,88.05781282004068,86.68985055752238,87.32524108886719,328973200
2010-05-06,86.90664628191435,87.45980929081084,78.48957244047126,84.42488098144531,647356600
2010-05-07,84.20063508889693,85.04533046267235,81.78614917743654,83.16905975341797,637558800
2010-05-10,86.57023463565052,87.19815400423492,85.89747162354627,86.83187103271484,396159600
2010-05-11,86.01708852986395,87.72890926512764,85.89748834782729,86.585205078125,317849800
2010-05-12,86.92909111176783,87.92329396188694,86.77958370773246,87.79621124267578,235607100
2010-05-13,87.55700623751918,87.96814447505557,86.63008313294776,86.704833984375,234452500
2010-05-14,86.0545308212822,86.21150938500735,84.37261030592126,85.13507843017578,345601400
2010-05-17,85.36675053720792,85.60595662170915,83.55027737257818,85.17987060546875,325739800
2010-05-18,85.87503965773952,86.12919925795255,83.7446101848892,84.02119445800781,360556800
2010-05-19,83.55025673370679,84.29777627600866,82.49625714468432,83.54278564453125,394742700
2010-05-20,81.76371651827881,82.14495322642988,80.3359566161816,80.3882827758789,530418300
2010-05-21,79.16982105218541,81.76370984622777,78.75868290016776,81.56188201904297,500909400
2010-05-24,81.12084719169376,81.77119147887582,80.44060713088996,80.5153579711914,269823000
2010-05-25,78.57180209935056,80.63495822514673,78.02611016747174,80.59757995605469,396505200
2010-05-26,81.09092596868364,81.83096875072471,79.87246541198701,80.1116714477539,349719300
2010-05-27,81.62166727853504,82.82517429564379,81.31518150379912,82.79527282714844,300870500
2010-05-28,82.7055730252395,82.76537596555899,81.36751217698318,81.7562255859375,297933500
2010-06-01,80.9937258729245,82.18975577264816,80.26116005445894,80.3807601928711,277909400
2010-06-02,80.79193465438732,82.48132515607308,80.36584863183855,82.4738540649414,240243700
2010-06-03,82.7130241953714,83.01950418910207,81.91317865152533,82.75787353515625,226618300
2010-06-04,81.18814381858743,81.72635910564667,79.58097475393132,79.85008239746094,398475600
2010-06-07,80.13412370682366,80.44060957543415,78.79606822633139,78.85586547851562,264609100
2010-06-08,78.91567102226064,79.85754763832152,78.22795412303316,79.70056915283203,357774300
2010-06-09,80.16401204438192,80.94143322658309,78.93808017713623,79.27446746826172,268023300
2010-06-10,80.62750307481332,81.6889800457478,79.26701698024421,81.59180450439453,317890600
2010-06-11,80.8741505350311,82.04027933197166,80.8218243890946,81.98795318603516,214128200
2010-06-14,82.61589182584719,83.06440830113252,81.77867323864552,81.86090087890625,207196100
2010-06-15,82.43647132358872,83.7969569448443,82.29444075607171,83.72220611572266,238268700
2010-06-16,83.2886527811034,84.03617256345713,83.12419751648584,83.69231414794922,216374000
2010-06-17,83.93153373878971,83.96891201516378,83.01208745247975,83.8268814086914,263185800
2010-06-18,83.99286160875958,84.21818105417896,83.64736720824408,83.91775512695312,174006600
2010-06-21,84.96173049562648,85.02181222863253,83.21172180734995,83.6773910522461,213140700
2010-06-22,83.67741646793414,84.04544226424767,82.17526381166611,82.2954330444336,239355400
2010-06-23,82.34800789389075,82.64092720250225,81.4767623357856,82.04006958007812,254639900
2010-06-24,81.63446527885291,81.73961547718396,80.47029500128711,80.68059539794922,268523600
2010-06-25,80.92091877901134,81.43165063863519,80.19237421290407,81.01856231689453,238726500
2010-06-28,81.1387445057352,81.3565572471708,80.47028728178877,80.7632064819336,169218600
2010-06-29,79.62907617859085,80.7481835609569,77.77392324451644,78.2696304321289,373649500
2010-06-30,78.0518359384347,78.77286838996046,77.27071601671766,77.52608489990234,284101700
2010-07-01,77.4735223290917,77.72888552333043,75.95634497773607,77.18060302734375,382924800
2010-07-02,77.44346128625611,77.67629305607164,76.32435944165913,76.75997924804688,233385200
2010-07-06,77.841532602622,78.38982071959823,76.51963695929037,77.2632064819336,256935300
2010-07-07,77.45849872693762,79.79434653779082,77.3758798734149,79.69670867919922,253769400
2010-07-08,80.3651765853064,80.5754770651369,79.54650604164361,80.4853515625,210842100
2010-07-09,80.46280976405386,81.09371689700966,80.31259678158047,81.0862045288086,144999900
2010-07-12,80.81578522468475,81.29647345843223,80.47780328010646,81.13874816894531,131283600
2010-07-13,81.97996377621224,82.6859714680241,81.81472610464255,82.3630142211914,213025900
2010-07-14,82.10013800793399,82.6784698938336,81.76215600830922,82.35550689697266,184426800
2010-07-15,82.32546901961818,82.66345104329437,81.24391737544303,82.37804412841797,232337900
2010-07-16,81.93491218451996,82.02504340491753,79.95207117783363,80.10980224609375,282693400
2010-07-19,80.40272058654328,80.83834048760343,79.77932587933954,80.58297729492188,186709000
2010-07-20,79.51643633943719,81.53682734419374,79.47888023875969,81.47674560546875,258162400
2010-07-21,81.897361108082,81.91989248042472,80.08726445978432,80.41773986816406,264527000
2010-07-22,81.3715765738877,82.57330283908765,81.36406993916545,82.21278381347656,274781300
2010-07-23,82.04755946039568,83.04649214485049,81.81472768065674,82.92632293701172,222020800
2010-07-26,83.06902189751096,83.8726731570585,82.83619012230055,83.79005432128906,184445700
2010-07-27,84.24820287186616,84.33833406473643,83.45206405740718,83.78253936767578,204855600
2010-07-28,83.6097859150716,83.86515475259333,82.9638600516558,83.24176025390625,163056200
2010-07-29,83.76001744004404,83.98534259789646,82.1752518894407,82.83619689941406,220149100
2010-07-30,81.99499190205636,83.26431258376155,81.85229131275868,82.82117462158203,220070600
2010-08-02,84.1130285459122,84.82655442931036,83.77504652184687,84.69136047363281,188263200
2010-08-03,84.48108624069468,84.69889338048704,84.00790438393346,84.28580474853516,146657300
2010-08-04,84.51863036965946,84.95425607750987,84.2407357558909,84.84910583496094,158171700
2010-08-05,84.30829711032875,84.80401011557616,84.18061554119153,84.75894165039062,140473800
2010-08-06,83.92525906639612,84.5486537328411,83.30937676696749,84.41345977783203,239728300
2010-08-09,84.81150724148463,85.00678862137555,84.36086275195261,84.86408233642578,120800400
2010-08-10,84.1430768949061,84.85660281740546,83.64736951709509,84.40595245361328,242916300
2010-08-11,83.10658789603413,83.136631633552,81.95744215469655,82.09263610839844,273406900
2010-08-12,80.85336493796812,81.88233580283678,80.81580883082013,81.58941650390625,239542600
2010-08-13,81.33404105615217,81.837260726665,81.25142221708212,81.34906005859375,158698500
2010-08-16,80.7932562043474,81.57437603942535,80.50033698247515,81.3115005493164,147895300
2010-08-17,82.01001416017766,82.91130333058794,81.77717663578719,82.31044006347656,172270300
2010-08-18,82.27289377777883,82.90379508235607,81.7997177993459,82.46066284179688,182922100
2010-08-19,82.0325375441945,82.23532558220592,80.6881105558591,81.02609252929688,265847600
2010-08-20,80.78573784652082,81.07115041197355,80.17736808164396,80.7632064819336,209714200
2010-08-23,81.14624975843917,81.54431911193832,80.41770513927807,80.45526123046875,163490300
2010-08-24,79.57652853909556,79.90700393168044,78.84047700321113,79.26107788085938,280677800
2010-08-25,78.82544592941447,79.86944140265577,78.32973861066107,79.56901550292969,272234800
2010-08-26,79.94457601190598,80.04972625232928,78.77289289964047,79.03577423095703,224439500
2010-08-27,79.53146487509878,80.34262861281398,78.34476300661807,80.260009765625,272649000
2010-08-30,80.04969508668707,80.29755158415504,79.08831855981792,79.0958251953125,167238600
2010-08-31,78.80290596385257,79.59905055599916,78.47994299964596,79.0958251953125,273933100
2010-09-01,80.16237973613978,81.57440118269959,80.10980462191303,81.46173858642578,256828100
2010-09-02,81.65702201988428,82.23534829041543,81.48427193737051,82.22032928466797,156112200
2010-09-03,83.02395920750207,83.36194118655878,82.58082129447111,83.28683471679688,212197300
2010-09-07,82.89628007624921,83.00143028306263,82.28039783766069,82.34799194335938,141973700
2010-09-08,82.51322875012997,83.25679255626068,82.47567264941111,82.92632293701172,149924400
2010-09-09,83.85763706476236,83.8801684280609,83.08402969681794,83.3093490600586,147017900
2010-09-10,83.45960017284504,83.82762595384702,83.2718310986236,83.72998809814453,127819000
2010-09-13,84.55615046142621,84.83404495680782,84.21816277128492,84.66130065917969,178503500
2010-09-14,84.49608679453752,85.08943778054785,84.18063611243308,84.60874938964844,209823600
2010-09-15,84.36086696332781,85.02932423105904,84.10550384093874,84.93168640136719,168608400
2010-09-16,84.66884310375251,84.96176243444879,84.38343041109394,84.90918731689453,199962900
2010-09-17,85.35618557347225,85.43924672381122,84.70680154042255,84.94087982177734,195836900
2010-09-20,85.23538137612218,86.42843649591082,84.9635458865264,86.23966217041016,214555200
2010-09-21,86.30760987076762,86.71535727783707,85.71108240799924,86.06597900390625,268389100
2010-09-22,85.93001449445269,86.41327596505141,85.40144330034518,85.64307403564453,191322400
2010-09-23,84.940903223635,85.83191836835196,84.70682487778987,84.94845581054688,202354300
2010-09-24,85.89230261067888,86.76066550354511,85.8167940462849,86.70025634765625,209671800
2010-09-27,86.73044524050118,86.82860578036772,86.20187962439962,86.2849349975586,128761800
2010-09-28,86.39821606556917,86.8663783808783,85.46189719588507,86.58699035644531,209207500
2010-09-29,86.36799713319887,86.768203402526,86.09616173864202,86.43595886230469,179665800
2010-09-30,86.87391575402752,87.43268594411916,85.77146901872624,86.1792221069336,287106700
2010-10-01,86.82862951673171,86.92679584436715,86.0282282904197,86.54169464111328,174638700
2010-10-04,86.36047345917969,86.72291690845114,85.46190589959733,85.8923110961914,166153200
2010-10-05,86.68515635351173,87.832901502975,86.586990035622,87.62147521972656,229634100
2010-10-06,87.60635427704275,87.84043827215073,87.25901033696832,87.61390686035156,148626600
2010-10-07,87.96882662557981,87.99147862055788,86.97965110530627,87.50821685791016,164860000
2010-10-08,87.62901224870696,88.24063899680603,87.29676771347629,87.99900817871094,177760100
2010-10-11,88.13491832447967,88.32369256497559,87.78002183059814,88.08206176757812,103098300
2010-10-12,87.79512877638442,88.61063494800028,87.3269723067381,88.3539047241211,182210000
2010-10-13,88.84473266255041,89.51676865933844,88.63330062320227,89.04105377197266,194347200
2010-10-14,88.95799317680448,89.1090160629894,88.13494005059937,88.69371032714844,217764300
2010-10-15,89.31288139357294,89.36573795855386,88.1651363707299,88.87492370605469,243705000
2010-10-18,88.90513595083176,89.60737652384105,88.58044394909768,89.3128890991211,141204800
2010-10-19,88.4898535235771,88.98821474078315,87.6063853133209,88.14250946044922,280604700
2010-10-20,88.30106294486966,89.43370867474871,88.24820637457934,89.00330352783203,200051800
2010-10-21,89.4034949150774,89.92450797987568,88.50492755149558,89.19961547851562,221585500
2010-10-22,89.33554096746147,89.50166326034109,89.1014626970951,89.3657455444336,108212400
2010-10-25,89.96227235445421,90.43043465287847,89.56207179398001,89.6300277709961,151145700
2010-10-26,89.17695648925087,89.73572666835442,89.00328740159242,89.6451187133789,158982900
2010-10-27,89.01841642747804,89.48657880738443,88.54270722276792,89.38841247558594,190024000
2010-10-28,89.90187221156597,89.93962937653741,88.97310586698774,89.40351104736328,168576000
2010-10-29,89.31289634296859,89.64514095613684,89.15432662148405,89.47146606445312,144305500
2010-11-01,89.90942401964456,90.42289034977166,88.98820450727524,89.50167083740234,174074800
2010-11-02,90.17369151122756,90.42287492914696,89.93206067713608,90.2114486694336,158345900
2010-11-03,90.37000178875469,90.6267319824796,89.4412300200145,90.5738754272461,226702800
2010-11-04,91.57817098274681,92.36347262046941,90.58899567259371,92.31816864013672,215039400
2010-11-05,92.37860193836724,92.81655975983507,92.25778936471748,92.66554260253906,180654100
2010-11-08,92.3786165578541,92.64290526635035,92.07658219546326,92.49188232421875,156107100
2010-11-09,92.74102118745185,92.83918173185424,91.45735848278424,91.82735443115234,186621600
2010-11-10,91.80475479165514,92.24271272122219,91.1100664791302,92.19740295410156,221387400
2010-11-11,91.40450919485085,91.98593144571254,91.1251211849421,91.85001373291016,158017600
2010-11-12,91.23083471731906,91.6310352731587,90.34737246073715,90.7626724243164,239068800
2010-11-15,91.0496442458513,91.40454093925236,90.59658696614316,90.63433837890625,163940800
2010-11-16,90.0755478214176,90.22656496063519,88.79187909432973,89.2222900390625,299566200
2010-11-17,89.26003316985332,89.63758174383676,88.99575032025172,89.26758575439453,172308900
2010-11-18,90.12840187947405,90.90615107050233,90.1208492944437,90.58145904541016,197723700
2010-11-19,90.53614004433315,90.86837883842921,90.04532579556685,90.83062744140625,156852900
2010-11-22,90.37754799311386,90.79284782323096,89.68285448072876,90.75509643554688,181361000
2010-11-23,89.68287686574621,89.87165113408115,89.0939020702906,89.44124603271484,222309000
2010-11-24,90.00757529678987,90.78533017732667,89.99247588905025,90.7626724243164,140046100
2010-11-26,89.977371299802,90.46817979568306,89.70553588867188,89.70553588867188,76007800
2010-11-29,89.47901954984269,90.21901735181714,88.9051440561238,89.97738647460938,223642300
2010-11-30,89.08637063839117,89.98493239347022,88.95799973543603,89.47146606445312,233930700
2010-12-01,90.76267312961325,91.54797483965532,90.75512630615174,91.37430572509766,221037200
2010-12-02,91.51777562944477,92.6126699936294,91.46491905744512,92.54470825195312,191213600
2010-12-03,92.22755385657793,92.89958977479719,92.20490186667242,92.79387664794922,151288900
2010-12-06,92.5975657955739,92.90715840691631,92.49940523538291,92.69573211669922,103050500
2010-12-07,93.58673919940651,93.63959576754036,92.69572436448335,92.74858093261719,206581000
2010-12-08,92.86186843173941,93.16390274280562,92.43146320144135,93.08839416503906,138019200
2010-12-09,93.60939826863621,93.64714967105236,92.99021881185533,93.4508285522461,123705100
2010-12-10,93.73774795335069,94.08509190736287,93.42816115646448,93.9944839477539,117571700
2010-12-13,94.42491820095532,94.53817818544583,94.02471179899342,94.05491638183594,133812700
2010-12-14,94.1983867658184,94.56083599920775,93.85104270432679,94.13797760009766,147249600
2010-12-15,93.96429371179998,94.33428971217032,93.54898796377822,93.70755767822266,160823100
2010-12-16,93.7679666056015,94.31919007336367,93.44327459274088,94.25122833251953,185035200
2010-12-17,94.18518454875928,94.47362838268124,93.98782519332276,94.35218048095703,141075300
2010-12-20,94.61028896935916,94.8076483833665,94.10930681531907,94.57992553710938,119085500
2010-12-21,94.8759445827964,95.24029991258546,94.78486009377276,95.17957305908203,94965500
2010-12-22,95.24786136806816,95.50594172502304,95.19472683626982,95.47557830810547,78878100
2010-12-23,95.36934505673734,95.47561416023922,95.10367229798264,95.33898162841797,70053700
2010-12-27,94.9822038915624,95.46800708705798,94.91389053183532,95.37692260742188,58126000
2010-12-28,95.56668434526298,95.60463427925659,95.26305591716138,95.5135498046875,55309100
2010-12-29,95.62743433104168,95.79442450524027,95.5667074724793,95.5818862915039,58033100
2010-12-30,95.49078819024261,95.74127631146924,95.28583651960219,95.43006134033203,76616900
2010-12-31,95.28583913678247,95.54392536037562,95.13402779906744,95.45283508300781,91218900
2011-01-03,96.18156519785813,96.85713567327466,95.4149044211418,96.43965148925781,138725200
2011-01-04,96.6521702504187,96.68253367806439,95.78683283182768,96.3864974975586,137409700
2011-01-05,96.08283327842129,96.94817037518708,95.99174302936137,96.88744354248047,133975300
2011-01-06,96.92543857868847,97.0317076834185,96.40927187375753,96.69771575927734,122519000
2011-01-07,96.82675714710906,96.98616080611282,95.75647378201762,96.50794982910156,156034600
2011-01-10,96.08286901233348,96.52313002634831,95.79441934531535,96.3864974975586,122401700
2011-01-11,96.73567305460982,96.96339008646531,96.36372539081819,96.72808074951172,110287000
2011-01-12,97.3201539833998,97.70727465524197,96.75084695462554,97.60100555419922,107929200
2011-01-13,97.63893922721412,97.68448146273415,97.19867831308592,97.44157409667969,129048400
2011-01-14,97.30494823147362,98.17028546121863,97.2366348776029,98.14751434326172,117677900
2011-01-18,98.05640695691436,98.4055833626685,97.94255138028774,98.31449890136719,114401300
2011-01-19,98.23102395446902,98.32969494983209,97.09242159173031,97.35050201416016,151958400
2011-01-20,97.1303681643518,97.46435424114826,96.50034015556595,97.2214584350586,175745700
2011-01-21,97.82870626352141,98.04883092935515,97.33530501964603,97.44157409667969,151462900
2011-01-24,97.3808572900116,98.10956788080605,97.35808616990509,97.99571228027344,113715500
2011-01-25,97.73765304563348,98.1323718972356,97.24426316798017,98.04887390136719,167552200
2011-01-26,98.29178661738504,98.71686313449477,98.09442138982239,98.42841339111328,141281500
2011-01-27,98.4511588668587,98.83829112314729,98.27657639620773,98.67129516601562,123302700
2011-01-28,98.78513238565316,98.94454179958079,96.78878515904127,96.94818878173828,295637300
2011-01-31,97.21386704313703,97.75279896293458,96.97095966677782,97.67688751220703,149249200
2011-02-01,98.26897135713398,99.41516013549278,98.20824451303758,99.2405776977539,167194300
2011-02-02,98.98249445229465,99.31648633307698,98.92936569805867,99.05081939697266,118323600
2011-02-03,98.87621636427126,99.42274637719126,98.35246905247898,99.27093505859375,145886700
2011-02-04,99.3088925325373,99.58974405601114,98.85344698626386,99.55178833007812,134634800
2011-02-07,99.77196525245084,100.5006645245115,99.76436715469086,100.17427062988281,112439100
2011-02-08,100.26532334529861,100.68281320338244,99.99205830932216,100.62968444824219,99072800
2011-02-09,100.35642003773725,100.67522731795302,99.90097444745044,100.40196228027344,146436700
2011-02-10,99.89338085206175,100.55376648693995,99.66565807306392,100.43991088867188,162708500
2011-02-11,100.04521879332559,101.1686367974715,100.02244766761392,101.03959655761719,137710300
2011-02-14,100.97883282406701,101.36595340227898,100.86497723708129,101.28245544433594,101690700
2011-02-15,100.97131269871102,101.12312410865795,100.43996697266266,100.96371459960938,119575400
2011-02-16,101.30522887208502,101.72270704112937,101.10027725180869,101.60126495361328,130183500
2011-02-17,101.30530911274046,102.0415950618143,101.21421299687476,101.90496826171875,109810500
2011-02-18,101.9959551025955,102.23886240228731,101.76064589505503,102.1174087524414,130002400
2011-02-22,101.04719405286185,102.14025453566369,99.79473567275657,100.06800079345703,233116400
2011-02-23,100.00724157741541,100.25014897612272,98.83828157290776,99.453125,227584000
2011-02-24,99.34689013008686,99.77196664178584,98.45118326689295,99.38483428955078,260431400
2011-02-25,99.80228191534313,100.50822135164972,99.74155507052934,100.44749450683594,141686900
2011-02-28,100.81947153632095,101.1990057404195,100.48547958351986,101.06995391845703,141585500
2011-03-01,101.38878627178809,101.4798707864475,99.3544766454864,99.38483428955078,258565500
2011-03-02,99.24816697714925,100.06037550931626,98.94454433066267,99.59734344482422,200277400
2011-03-03,100.5006498475329,101.42671420665447,100.49306333334694,101.31285858154297,176480100
2011-03-04,101.23692876445773,101.43429392217189,99.89338630175068,100.55377197265625,277202300
2011-03-07,100.8497861273965,101.07750886914232,99.24056549532293,99.76431274414062,216790400
2011-03-08,99.92374207174362,100.9560753354649,99.49107920032905,100.63726806640625,174615000
2011-03-09,100.43992086460061,100.80427039770818,99.89339077370784,100.49304962158203,153806000
2011-03-10,99.43792641585918,99.5745531215823,98.53463347537637,98.63331604003906,301291800
2011-03-11,98.31454117956152,99.67326850225712,98.29177005444393,99.3165054321289,225621800
2011-03-14,98.67126989940843,99.04320586849055,97.96533051912735,98.71681213378906,234974100
2011-03-15,96.09045751614096,98.17030891871238,96.02214414594695,97.58582305908203,359585400
2011-03-16,97.27457999038154,97.59339880988288,95.09605807937488,95.77922058105469,468670300
2011-03-17,97.16071348117312,97.45674956676268,96.47755105626266,97.0468521118164,254303700
2011-03-18,98.22319182594687,98.25369296762831,97.20924988780476,97.39984130859375,230435400
2011-03-21,98.61203293056147,99.11518557911972,98.49767106692249,98.90935516357422,153992600
2011-03-22,98.8941075726749,99.02370838248551,98.47480399224018,98.5662841796875,129538600
2011-03-23,98.2918227124101,99.10755974946683,97.82679071490024,98.84835815429688,148603100
2011-03-24,99.41249538477314,99.93852964652498,98.85597160953056,99.7936782836914,159129800
2011-03-25,100.05290035122066,100.53318293607626,99.78606764524983,100.09864044189453,155642800
2011-03-28,100.31210711821275,100.57130873389653,99.82419340460423,99.85468292236328,109762400
2011-03-29,99.77081211471256,100.55604798635441,99.44300039264701,100.52555847167969,129798800
2011-03-30,101.05156269484858,101.51660617656594,100.90671136947788,101.21928405761719,135835000
2011-03-31,101.08969286928361,101.36414497681055,100.97533103869415,101.08206176757812,132537100
2011-04-01,101.70720995202643,101.98166206697141,101.26503645390521,101.50898742675781,153850100
2011-04-04,101.72244286632527,101.90541480971214,101.30315106599231,101.59284210205078,100768900
2011-04-05,101.39464948361874,102.02741448159281,101.34890939772787,101.57762145996094,120791500
2011-04-06,102.06557149989257,102.15705170430144,101.4861658512155,101.8978500366211,120411600
2011-04-07,101.71481753242658,102.14174040960157,101.13542386094281,101.63858795166016,170731500
2011-04-08,102.08840448712452,102.14939514551499,100.86861458487252,101.28791809082031,147945400
2011-04-11,101.39466655469668,101.73772888941585,100.73903140339269,100.98299407958984,121385400
2011-04-12,100.4188324325993,100.61704336923304,99.86230860963461,100.22824096679688,161187400
2011-04-13,100.69330529966956,100.76953492198666,99.83945907991138,100.22064208984375,162059000
2011-04-14,99.64120183850466,100.44930767745113,99.31339014763243,100.29683685302734,161220400
2011-04-15,100.4798051733761,100.9143475888437,100.18248300507372,100.66276550292969,170006700
2011-04-18,99.55733964617365,100.65514817799611,98.7339832473068,99.53446960449219,210759300
2011-04-19,99.68694345006806,100.13674809326126,99.44299245380756,100.10624694824219,124258800
2011-04-20,101.30318006799716,101.69198247213052,101.23455829909602,101.47090148925781,156133800
2011-04-21,101.9968849098266,102.0350055150379,101.4708624359025,101.98926544189453,135935400
2011-04-25,101.91304261058819,102.0502744875423,101.54711032667319,101.88255310058594,65757100
2011-04-26,102.19514929216926,102.96513464883141,102.0884185334955,102.75929260253906,146600000
2011-04-27,102.95752026072282,103.58265426873727,102.53821667638219,103.43018341064453,143031000
2011-04-28,103.24719494697734,103.90283000179166,103.23195600654324,103.76560974121094,124791100
2011-04-29,103.80373685698412,104.1163096471378,103.6665049550324,104.00956726074219,115094100
2011-05-02,104.49748764048701,104.58133671250428,103.64363001907468,103.84947204589844,126278700
2011-05-03,103.65125123866177,103.82659210186974,102.94986452027386,103.47589874267578,138375000
2011-05-04,103.43016412735203,103.47590421297409,102.33235554130808,102.78977966308594,182678500
2011-05-05,102.21803126140726,102.88128593676143,101.40992518964663,101.8597183227539,226900000
2011-05-06,102.87364893135819,103.39968322537585,101.9130605221852,102.30949401855469,222787200
2011-05-09,102.30188722947992,103.00326249752098,102.14178526384462,102.70594024658203,114104500
2011-05-10,103.04901820746107,103.76564416005196,102.91941737410909,103.58267211914062,114806900
2011-05-11,103.43016885464932,103.4454194281466,102.01979907480052,102.49246215820312,193564200
2011-05-12,102.21799622525074,103.19382340755757,101.69196202188051,102.98036193847656,171550700
2011-05-13,103.03372644771525,103.17857780144334,101.82156769721934,102.1875,157444900
2011-05-16,101.82158428520931,102.62207077958337,101.37179121135021,101.53951263427734,141675400
2011-05-17,101.15835192000823,101.66151629932638,100.72379769256547,101.52428436279297,192686200
2011-05-18,101.57759651306908,102.53817297920132,101.35650397519068,102.43144226074219,135217900
2011-05-19,102.76689156822474,102.94223240990176,102.11125664632735,102.67539978027344,119489500
2011-05-20,102.40862275504068,102.67544386645851,101.6691268291205,101.8597183227539,182594900
2011-05-23,100.617026008131,101.18118083736405,100.3197038380923,100.67801666259766,168700000
2011-05-24,100.96777135233964,101.18885240993721,100.403616232618,100.59420776367188,147199600
2011-05-25,100.19010785095733,101.34890707568418,100.15961833865488,100.92960357666016,151050100
2011-05-26,100.65517269718791,101.57764058990257,100.46458121489636,101.39466857910156,164850000
2011-05-27,101.6767012829683,102.05788410146367,101.36414021271219,101.78343200683594,120921900
2011-05-31,102.7440400067685,102.85839022130145,102.03503377832818,102.8431396484375,164731200
2011-06-01,102.5458178197551,102.85839058428647,100.4493119055422,100.53317260742188,233094300
2011-06-02,100.60180516213887,100.81526667477382,99.8394392933626,100.42645263671875,200466800
2011-06-03,99.22189237638577,100.19010008402418,99.1685328257984,99.427734375,234690200
2011-06-06,99.17619620916861,99.38203829892736,98.24610870170484,98.3757095336914,179951200
2011-06-07,98.87881748497462,99.16090067151728,98.23081369486539,98.3146743774414,161660500
2011-06-08,98.16222436776032,98.49004773801502,97.72005077112601,97.90302276611328,198696400
2011-06-09,98.16985626751121,99.05419183517174,97.93352470922349,98.65013885498047,160964400
2011-06-10,98.23084090232672,98.29181993129343,97.0186762197812,97.27787780761719,238629400
2011-06-13,97.49896208158991,97.76579476575486,96.85857759892878,97.35411071777344,207599800
2011-06-14,98.24607556362322,98.93221175379333,98.20796658037386,98.58914947509766,160570400
2011-06-15,97.76576319755146,98.5738688265627,96.5764689737303,96.8356704711914,300958000
2011-06-16,96.86618423268911,97.55993981336003,96.30203524181067,97.04915618896484,308032800
2011-06-17,98.01297380181583,98.02063689189619,97.00932527461656,97.3387680053711,233284900
2011-06-20,97.00932891684187,98.04362399797022,96.97868240059488,97.83676147460938,159479000
2011-06-21,98.34244775819583,99.36908003638668,97.87509848372778,99.17754364013672,193157300
2011-06-22,98.87105687317127,99.45332311363418,98.5186248786477,98.57991790771484,176703000
2011-06-23,97.42305011068858,98.55694200888932,96.67988815087064,98.29645538330078,334286500
2011-06-24,98.27346162841853,98.35006914471327,97.00932070505921,97.1548843383789,226129300
2011-06-27,97.21615229308512,98.39601061568851,97.02461601607214,98.0206069946289,168904700
2011-06-28,98.4113707957515,99.31542841466853,98.27347024006706,99.30010223388672,165556300
2011-06-29,99.75212147241429,100.31140430032993,99.31542470527337,100.15052032470703,244295500
2011-06-30,100.47232079111114,101.2691069703948,100.14288383625379,101.10822296142578,223322700
2011-07-01,101.20014065904192,102.74010035808651,100.96263746119644,102.60218811035156,202385700
2011-07-05,102.49492276397528,102.72476870432098,102.19612654866091,102.51790618896484,165936000
2011-07-06,102.27274879907833,102.77073860925543,101.98160981995606,102.64049530029297,143331600
2011-07-07,103.55224044466385,103.9659539182438,103.33772061533294,103.7054672241211,170464200
2011-07-08,102.53322817935062,103.7054295677195,102.19612237267857,102.96992492675781,194100500
2011-07-11,101.70581551850167,102.03525247335902,100.87071972597928,101.10822296142578,195918600
2011-07-12,100.8936516417638,101.72874700790496,100.64082235202034,100.67146301269531,214675700
2011-07-13,101.20013466170327,102.06588263262819,100.76343789906555,101.00859832763672,204062600
2011-07-14,101.26145658133976,101.72880583741487,100.11989549605376,100.31143188476562,226111800
2011-07-15,100.87070858928635,101.03159258049287,100.18883963454846,100.89369201660156,220012800
2011-07-18,100.42633528749452,100.57956202155067,99.31542685252442,100.06624603271484,196872100
2011-07-19,100.62552627813346,101.81305389473692,100.60254285314018,101.69046783447266,166554900
2011-07-20,101.95097991188788,102.01226125985087,101.45297835868766,101.62918853759766,137145400
2011-07-21,102.20380245336858,103.29173932360497,101.6445195257614,103.03890991210938,245246300
2011-07-22,103.06188989365447,103.21511664658449,102.47961186588769,103.10785675048828,126019400
2011-07-25,102.12717754211921,103.03889237952896,102.01991766068573,102.53323364257812,136653800
2011-07-26,102.46426883919708,102.6328217276163,101.92030057376253,102.150146484375,131278200
2011-07-27,101.5831923746417,101.61384473023172,99.92831588623137,100.0585708618164,249020100
2011-07-28,100.05857209595827,100.95496061562467,99.60653752379268,99.7674331665039,207939900
2011-07-29,98.76378406702297,100.02026177230518,98.04360568281578,99.08556365966797,307038400
2011-08-01,100.24246517251747,100.3344105735484,97.7065256717888,98.6642074584961,325790900
2011-08-02,97.92103453983972,98.44967669763759,96.1435775756836,96.1435775756836,346653800
2011-08-03,96.27383608520394,96.77182593100075,94.6419426030107,96.66456604003906,370830800
2011-08-04,95.32381200141955,95.4770445929534,91.98341749391535,92.13665008544922,520721800
2011-08-05,93.28586565732095,93.5233688611458,89.53175202358118,91.99874114990234,655619200
2011-08-08,89.57004583233866,92.02937143418335,85.82359010488844,86.0074691772461,702263900
2011-08-09,87.39423819476426,90.12937806080618,84.4828822489886,90.00679779052734,717828700
2011-08-10,88.30591685315709,89.08738255751011,85.76997170742874,86.03046417236328,662607400
2011-08-11,86.77363400220206,91.11001414464604,86.05345541953126,89.891845703125,487979700
2011-08-12,90.71159767406917,91.33217344860643,89.8535129001463,90.49707794189453,313731600
2011-08-15,91.31687217045183,92.50439403427858,91.17130267386173,92.41246032714844,258810600
2011-08-16,91.53139545194756,92.46609381172865,90.64266394749151,91.62332916259766,294095200
2011-08-17,92.12895881236203,92.85679440251981,90.9567576105258,91.6845932006836,238201100
2011-08-18,89.25593563352257,91.71526157058143,86.87322306444312,87.73130798339844,512956300
2011-08-19,86.54376548580618,88.78090818056849,86.19133937733466,86.29859924316406,428281300
2011-08-22,88.2369674671461,88.2829401675417,86.12241029617229,86.3675765991211,275090600
2011-08-23,86.6893570172603,89.30957299841758,86.2526543537341,89.20997619628906,331136600
2011-08-24,89.01843916076565,90.58903378122382,88.81157662185375,90.4664535522461,246869700
2011-08-25,90.96443126094206,91.47774719340072,88.77325530228845,89.08737182617188,312365400
2011-08-26,88.63534613161764,90.79587550984455,87.22563582751016,90.38215637207031,314495900
2011-08-29,91.6003366593909,93.03303057573991,90.45111862832036,92.97940063476562,190977200
2011-08-30,92.57336396819686,93.79919562299125,91.37051574361324,93.2245864868164,241315700
2011-08-31,93.82217130639829,94.62662636871059,92.93344562201345,93.63829803466797,301828400
2011-09-01,93.69191066107332,94.542332422789,92.5350296063135,92.6576156616211,254585900
2011-09-02,90.72694008645415,92.60399989023547,89.96845775018697,90.29023742675781,255517200
2011-09-06,87.63937826853706,89.7616044555724,87.63171517731166,89.63135528564453,285130500
2011-09-07,90.98745090537635,92.19795648190392,90.68099150369804,92.15965270996094,209803200
2011-09-08,91.60800620426166,92.65762751754309,90.99508753974793,91.20195007324219,250568200
2011-09-09,90.15997894627098,91.21725735374396,88.32122906113231,88.81156158447266,380195100
2011-09-12,87.70065962200187,89.45513318437668,87.37887997612312,89.38617706298828,305793500
2011-09-13,89.677334336701,90.54307665923223,89.04143216017006,90.20597076416016,272514700
2011-09-14,90.66566857939644,92.55039192166984,89.42451643354214,91.45480346679688,319389500
2011-09-15,92.4354428071929,93.06368179545831,91.47776106622575,93.03303527832031,326777200
2011-09-16,93.40653450628196,93.93020893525586,92.65952773071236,93.58365631103516,284528300
2011-09-19,92.05112562683367,93.12927937612291,91.42733923191189,92.65180969238281,241517000
2011-09-20,93.0446091053107,93.94563561216732,92.42082242755886,92.54403686523438,218932200
2011-09-21,92.59025433299031,92.87519104633841,89.67153904651431,89.81785583496094,316251300
2011-09-22,87.21486236602084,87.95416645453112,85.713151854276,86.91452026367188,513911300
2011-09-23,86.33692288022438,87.9156487246652,86.2676100130394,87.43817901611328,307242500
2011-09-26,88.26220324181003,89.64069921744856,87.00692754074895,89.5174789428711,260673700
2011-09-27,91.28103740142974,92.07424889273743,89.97955104648803,90.51863098144531,311753900
2011-09-28,90.70345200437208,91.25022877928349,88.53944723845326,88.67036437988281,286696800
2011-09-29,90.14130228656182,90.58796124677718,87.73855898556258,89.3711929321289,298108900
2011-09-30,88.13898622878196,88.90909534699051,87.07623776082204,87.13784790039062,288392300
2011-10-03,86.62957379256368,87.7539324095722,84.56568110334447,84.65809631347656,365136800
2011-10-04,83.44133440228075,86.69889905017475,82.732835316489,86.51406860351562,459177500
2011-10-05,86.72969751148648,88.34692560590359,85.92878326343481,88.11589050292969,284108000
2011-10-06,88.06969892851195,89.84095264678655,87.41510720670355,89.71002960205078,257800800
2011-10-07,90.23366470289481,90.29527482930787,88.60873434040695,89.10930633544922,312657900
2011-10-10,90.62645197198513,92.12816257971033,90.61874923476252,92.08966064453125,230666300
2011-10-11,91.54288170751236,92.44390805144292,91.45046648936557,92.18206787109375,209088000
2011-10-12,92.87515933599467,94.06112809401145,92.66723245736907,92.99067687988281,281544900
2011-10-13,92.44387216023785,93.08306395112076,91.73537338925331,92.80582427978516,212538800
2011-10-14,93.8840191707942,94.41539054486292,93.36034465869908,94.39228820800781,211397600
2011-10-17,93.94559760435503,94.3768626504111,92.35917490499797,92.5902099609375,202311600
2011-10-18,92.5209179564377,95.10848531438046,91.79701343502906,94.39998626708984,318857900
2011-10-19,94.24594627817797,94.78502615478409,92.95986553583934,93.28330993652344,226601300
2011-10-20,93.51435485322912,94.03032657656193,92.2744786446155,93.69148254394531,262075600
2011-10-21,94.7927438319381,95.58596128704565,94.50780717253367,95.47044372558594,278999400
2011-10-24,95.62445496314407,96.87973668018279,95.53974248375617,96.64099884033203,203215600
2011-10-25,96.17890714515859,96.22511180241798,94.55397677626588,94.76190948486328,268596800
2011-10-26,95.76308842579034,96.08653291541573,94.11505502573614,95.7245864868164,289053800
2011-10-27,98.28902804605825,99.66752412045213,97.50351930348438,99.05914306640625,393220200
2011-10-28,98.57396347620353,99.22856090278556,98.41994400845839,99.0360336303711,225906500
2011-10-31,97.9270808897816,99.05143365167467,96.51007701944006,96.64869689941406,228146700
2011-11-01,93.97641806914967,95.11618218949917,93.58366075988151,93.95331573486328,416565800
2011-11-02,95.36260256604595,95.80156447799399,94.56168847003336,95.4858169555664,244717600
2011-11-03,96.47155551965956,97.41879221094716,95.18547485078095,97.22626495361328,291174800
2011-11-04,96.44077348965762,96.80271986245928,95.50123936661217,96.63330078125,249401600
2011-11-07,96.5639736510521,97.3340827037763,95.64754199816122,97.23397064208984,196617200
2011-11-08,97.74224807407765,98.58937280622354,96.81041674418348,98.48155212402344,224426300
2011-11-09,96.17893475742095,96.87973692953054,94.6156140663663,94.84664916992188,337982000
2011-11-10,96.10190426292999,96.21742178976346,94.73880802213293,95.73995208740234,231866500
2011-11-11,96.90285347178347,97.79617719387115,96.87204839509526,97.54204559326172,189924400
2011-11-14,97.1800409514544,98.15037390496852,96.20199938858508,96.61785888671875,159258300
2011-11-15,96.39454253025025,97.61131616554188,96.04799582896112,97.09534454345703,184709400
2011-11-16,96.11732165597908,97.29558772183566,95.41652538089659,95.55514526367188,235782500
2011-11-17,95.37802859922618,95.61676645994592,93.3603461422566,94.03804016113281,331219600
2011-11-18,94.3383891257551,94.53091645050154,93.5451774878746,93.93793487548828,215580400
2011-11-21,92.56711413152397,92.68263167493883,91.37344851748054,92.15126037597656,229611600
2011-11-22,91.95103649139924,92.49011056266494,91.27333665841755,91.78931427001953,216494900
2011-11-23,90.92678241729826,91.78930673599449,89.763916015625,89.763916015625,224329100
2011-11-25,89.62533328047515,90.64187749228789,89.48671334816119,89.59452819824219,99557000
2011-11-28,92.05883354725742,92.55170285318646,91.50435410922086,92.18975067138672,210686000
2011-11-29,92.45159912109375,93.18320041049382,92.11274923945189,92.45159912109375,199241500
2011-11-30,95.1007569324146,96.43304806194803,92.41307821933262,96.25592041015625,324439500
2011-12-01,96.14810909526719,96.75649592057603,95.82466471992795,96.24052429199219,176954800
2011-12-02,97.12614645285036,97.41878574942028,96.09419736674502,96.15580749511719,221109700
2011-12-05,97.68061932056715,97.94245942664371,96.60247145867892,97.20315551757812,225263900
2011-12-06,97.19546283926731,97.88856216181226,96.84891611572773,97.23397064208984,178842100
2011-12-07,96.9105067526409,98.00406591915025,96.24051573124433,97.59590911865234,237802500
2011-12-08,96.9567410544042,97.17237067164655,95.22399550453567,95.45502471923828,240862800
2011-12-09,95.88630430505064,97.31870797922785,95.80159181756413,97.07227325439453,209111400
2011-12-12,96.22512963784851,96.24053511010044,94.8466395200748,95.6552505493164,215826100
2011-12-13,96.1558048165289,96.70258147080361,94.2998394104091,94.76190948486328,245159800
2011-12-14,94.38457151642608,94.74652374155609,93.54515539896822,93.75308227539062,238618800
2011-12-15,94.7465411576915,94.8774583215582,93.94562682358821,94.09194946289062,199109200
2011-12-16,94.72745420115795,95.28544453145882,94.00671003936371,94.23145294189453,220481400
2011-12-19,94.59570439456864,94.79720435944458,93.02246854098344,93.22396850585938,183903000
2011-12-20,94.68864596388504,96.20763155019714,93.28591051133061,96.04488372802734,225418100
2011-12-21,96.04491452885932,96.37816186571312,95.13042224954394,96.23091125488281,194230900
2011-12-22,96.58739413933002,97.1841421758555,96.27740160956606,97.08338928222656,119465400
2011-12-23,97.39341223188083,97.98240882955322,97.1919182193779,97.95140838623047,92187200
2011-12-27,97.78090252880227,98.28464935267425,97.69565279340566,98.02890014648438,86075700
2011-12-28,98.04440538016097,98.05990264477198,96.66491823332142,96.74241638183594,119107100
2011-12-29,97.06015151910655,97.8428963454342,96.76565621710478,97.74214935302734,123507200
2011-12-30,97.66462097927163,97.9048728439994,97.26162719726562,97.26162719726562,95599000
2012-01-03,99.01313013097764,99.49362803018268,98.75738096304292,98.81163024902344,193697900
2012-01-04,98.57917042689678,99.05191693295862,98.19942526903324,98.96666717529297,127186500
2012-01-05,98.43189684755578,99.3773836699681,97.98239933204096,99.23013305664062,173895000
2012-01-06,99.35413316285002,99.3696363391154,98.64889237373738,98.9743881225586,148050000
2012-01-09,99.19914983684586,99.33864296508304,98.74190659367709,99.21465301513672,99530200
2012-01-10,100.27637649586521,100.47787048440621,99.93537757259693,100.07488250732422,115282000
2012-01-11,99.76488732338775,100.26088257790832,99.60214534754644,100.12913513183594,111540700
2012-01-12,100.41587140134432,100.5166124728238,99.61761755135257,100.3693618774414,118983700
2012-01-13,99.69514712296427,100.01289724430201,98.98215463819253,99.85014343261719,179836200
2012-01-17,100.81112438998642,100.99712702901671,99.89662619657742,100.23762512207031,132209200
2012-01-18,100.214360531051,101.40009908317685,100.03611542088652,101.34585571289062,163395200
2012-01-19,101.69462021744758,101.96587259848471,101.3691244554785,101.88062286376953,126328900
2012-01-20,101.71013728906244,102.2603759765625,101.46213372675317,102.2603759765625,138230200
2012-01-23,101.9193373911908,102.49283653710705,101.50859199798595,101.99684143066406,129295800
2012-01-24,101.3691244554785,101.91161739209363,101.21412816293976,101.88062286376953,103083300
2012-01-25,101.72560732491917,102.97334690084132,101.33036503395932,102.73310089111328,198613200
2012-01-26,103.19037946778225,103.38412784216821,101.80314631038212,102.20614624023438,184880500
2012-01-27,101.71013225642852,102.33787498245458,101.64037386706774,102.15962982177734,135259100
2012-01-30,101.14436501077076,101.86511488400875,100.7956204126369,101.81085968017578,147311800
2012-01-31,102.31459517572573,102.43858508777532,101.27609540593244,101.77210235595703,157212000
2012-02-01,102.52388613237997,103.18263534540756,102.39989615825522,102.66339111328125,166234500
2012-02-02,102.8648399751884,103.0895946163779,102.46185204177497,102.82608795166016,113090400
2012-02-03,103.8491098037441,104.32960190077836,103.67086464282174,104.2676010131836,160598500
2012-02-06,103.83356725580822,104.24431263310716,103.71732302655595,104.19781494140625,107694500
2012-02-07,103.98084979534825,104.63959883150382,103.57010429177902,104.46134185791016,135528100
2012-02-08,104.51556739249689,104.79456537471735,104.08931883279118,104.77131652832031,139361400
2012-02-09,104.94185872439473,105.0813518596316,104.28310960676976,104.90310668945312,148602900
2012-02-10,103.97307838921631,104.21332436104343,103.72507491800354,104.1280746459961,167907500
2012-02-13,104.87211215677631,105.02710847108196,104.42261456746738,104.90310668945312,115841900
2012-02-14,104.62406595083507,104.8333173938644,104.0428211399971,104.77131652832031,165329500
2012-02-15,105.11236019889448,105.26735651612145,104.07386004000567,104.28311157226562,195195100
2012-02-16,104.29087161556556,105.53085400905265,104.10486893508492,105.43785858154297,186567800
2012-02-17,105.80210002596466,105.88734977116762,105.36810562328075,105.71685028076172,129869400
2012-02-21,105.9648378256135,106.21284137475,105.43784802188857,105.76334381103516,134042300
2012-02-22,105.6005779032766,105.8253325721101,105.23633012313299,105.42233276367188,124455300
2012-02-23,105.36809264701598,105.96482896448697,105.01159053130917,105.88733673095703,137704300
2012-02-24,106.11985778808595,106.3291093511352,105.88736919076759,106.11985778808594,105539100
2012-02-27,105.41458101781107,106.58481652198341,105.24408156350013,106.2980728149414,145728900
2012-02-28,106.32907232843468,106.73207213257062,106.11982083824466,106.60807037353516,129355900
2012-02-29,106.7630626145707,107.0963158511699,105.81756993230061,106.1895751953125,185934700
2012-03-01,106.41431141309717,106.94131292354336,106.11981022121672,106.73980712890625,145023500
2012-03-02,106.67006344476225,106.80956836982999,106.17406827038606,106.41431427001953,120638300
2012-03-05,106.25159909790025,106.32909134206051,105.61609883829816,105.9803466796875,140765000
2012-03-06,104.89534432231923,104.95733337780955,104.12809672421415,104.43034362792969,202129900
2012-03-07,104.67061720722009,105.32936639345702,104.56986427097016,105.15886688232422,143692200
2012-03-08,105.80211291898937,106.42211006643079,105.58511569120418,106.2051010131836,116968900
2012-03-09,106.40657036003556,106.89480804222609,106.27482293306619,106.6158218383789,122836800
2012-03-12,106.6003244516396,106.76306641272103,106.24382235160168,106.62357330322266,104003500
2012-03-13,107.19707439807708,108.5998103196717,107.01881743228617,108.5455551147461,184090500
2012-03-14,108.57654899681118,108.84778951390875,108.09604518501256,108.4292984008789,145163600
2012-03-15,108.5920975067981,109.10359611176652,108.31309934276655,109.05709838867188,165118500
2012-03-16,109.2547626930253,109.34816564255247,108.9745419671613,109.20806121826172,152893500
2012-03-19,109.1380765595704,109.97094775537106,109.06023280192629,109.63624572753906,125291100
2012-03-20,109.01349844765554,109.44939485361199,108.69435576569234,109.31707000732422,121729700
2012-03-21,109.37929934058225,109.48048190224557,108.91226087483211,109.13800048828125,122388400
2012-03-22,108.33628129612354,108.62429358441027,107.99379977800949,108.35185241699219,135216700
2012-03-23,108.4452597684135,108.82666312369128,107.84589636789708,108.70211791992188,120521000
2012-03-26,109.48047070405268,110.22772979736328,109.44156073362137,110.22772979736328,120164000
2012-03-27,110.32891868057389,110.39897087656568,109.81517882207461,109.8852310180664,119868500
2012-03-28,109.83079000119275,110.00203668316188,108.69433582787799,109.34040069580078,148562100
2012-03-29,108.69432506149349,109.35596098331827,108.26620839897646,109.15357208251953,164963700
2012-03-30,109.69063429656978,109.79182872065896,109.01343931020023,109.60501098632812,135486800
2012-04-02,109.47275668617984,110.69483454842114,109.25480846112708,110.40682220458984,151741100
2012-04-03,110.2511523952752,110.43797025969597,109.30929532675825,109.95536041259766,155806700
2012-04-04,109.14578315077136,109.23918609561291,108.46079654918167,108.86556243896484,146896000
2012-04-05,108.49199585380516,109.13026944145174,108.39858098254146,108.81112670898438,137439400
2012-04-09,107.44112383959775,108.85000722409437,107.29322790380486,107.58901977539062,127555900
2012-04-10,107.37884314832864,107.68241461781345,105.67416802072825,105.78314208984375,235360300
2012-04-11,106.86509388874126,107.05969127222647,106.44476876641713,106.63936614990234,154133000
2012-04-12,106.74053650059399,108.11827711309486,106.66269281385516,108.03265380859375,154321500
2012-04-13,107.78362707780497,108.05606823476109,106.6471728437378,106.74836730957031,169246700
2012-04-16,107.2932215191127,107.44889706642115,106.31245488151485,106.67829895019531,147825300
2012-04-17,107.29326087690285,108.47641684956683,107.18428676608427,108.25846862792969,147877600
2012-04-18,107.77581681997535,108.25841451562162,107.71354423387885,107.89257049560547,123884200
2012-04-19,107.90815121069166,108.31290524040287,106.69386536699322,107.19981384277344,198666700
2012-04-20,107.67459881777364,108.06379348773858,107.31653449540325,107.3788070678711,143199600
2012-04-23,106.2813242062361,106.56933647123181,105.81429751351081,106.47592163085938,171844900
2012-04-24,106.56932517405335,107.15311738603661,106.48370184120449,106.88067626953125,137484200
2012-04-25,107.92376372045202,108.3908024496062,107.8303607255365,108.34410095214844,150252200
2012-04-26,108.1105173254136,109.22362048809792,108.04824474005603,109.09907531738281,136291600
2012-04-27,109.42601788137648,109.58947305578977,108.8188749075603,109.27812194824219,130725000
2012-04-30,109.06016219240604,109.13800589965129,108.57756446387549,108.87334442138672,115092200
2012-05-01,108.81105761897672,110.26665398882542,108.68652433184492,109.550537109375,138832200
2012-05-02,108.9122850658701,109.33262215386465,108.55423245624355,109.22364807128906,121081000
2012-05-03,109.2391811576279,109.32480447895614,108.18836244381545,108.39073944091797,143759700
2012-05-04,107.82252156713139,108.42966445342275,106.57709356191327,106.63936614990234,193927300
2012-05-07,106.2579652079368,107.07527670329638,106.21905522786331,106.71722412109375,127765900
2012-05-08,106.07889406097044,106.46030909813099,105.02028412583259,106.2890625,213377700
2012-05-09,105.1603930586367,106.33575655738873,104.68557513818874,105.65856170654297,220752500
2012-05-10,106.39029217060467,106.52262886374812,105.63526513358823,105.8765640258789,150600000
2012-05-11,105.21491787901265,106.53817778673503,105.1682164046774,105.55741119384766,153032400
2012-05-14,104.54549180866991,105.55740053377804,104.23414075968948,104.38981628417969,163910000
2012-05-15,104.31979274885191,104.9347153966293,103.62702637879585,103.79048156738281,207629300
2012-05-16,104.2574681315494,104.73228609507582,103.37010477579426,103.3934555053711,207265500
2012-05-17,103.41683307069104,103.54137824560485,101.80556104810789,101.86005401611328,247992900
2012-05-18,102.25703289998424,102.43607105078367,100.84037007415145,100.98826599121094,319615900
2012-05-21,101.31519205744922,102.76299717240559,101.15172501726657,102.72407531738281,177861100
2012-05-22,102.98871475234135,103.70483168033256,102.23367597317294,102.90309143066406,197531200
2012-05-23,102.16360482448586,103.1054611882992,101.18283849399131,102.95756530761719,204958400
2012-05-24,103.23780922059962,103.40126437387708,102.29595264453873,103.15996551513672,167357600
2012-05-25,103.12106688257522,103.4090791558153,102.57619645348993,102.82528686523438,135465600
2012-05-29,103.65036878416511,104.24972026382834,102.10136910275656,104.07069396972656,152883500
2012-05-30,103.18332963216214,104.06291373337379,102.35045888665516,102.56061553955078,162370400
2012-05-31,102.52170242881911,103.09770314813909,101.45530056919887,102.33488464355469,196186000
2012-06-01,100.73140993802683,102.35824149604709,99.7584228515625,99.7584228515625,253240900
2012-06-04,99.93744346345328,100.20988458307507,98.96445643235133,99.71171569824219,202545800
2012-06-05,99.51713912951988,100.61466570781042,99.46265207866351,100.46678161621094,164149400
2012-06-06,101.1672961347322,102.77077679249712,101.13615389980095,102.72407531738281,184202800
2012-06-07,103.89166592553693,103.93836740344777,102.57618553705929,102.7863540649414,184772700
2012-06-08,102.5217221629855,103.6270342146721,102.1947880065212,103.60368347167969,143915400
2012-06-11,104.43650508487971,104.49877766257792,102.18696017863124,102.28815460205078,169756100
2012-06-12,102.58393998895076,103.53357606442528,102.09356271391616,103.4635238647461,181931800
2012-06-13,103.16000121091074,103.80606618250444,102.4516636288553,102.80194854736328,172223900
2012-06-14,103.01206340462996,104.30419282298456,102.73184271001426,103.89164733886719,230615500
2012-06-15,104.35954850357047,105.0480723938762,104.14047109226998,104.95418548583984,169444500
2012-06-18,104.51605036319278,105.41583190500126,104.2813211100349,105.15763092041016,131360900
2012-06-19,105.68965305886667,106.60508612726414,105.13412772394743,106.17475128173828,137382600
2012-06-20,106.18258268710251,106.48772704190736,105.05589216510856,106.00261688232422,206451800
2012-06-21,106.12783521234378,106.23737393411683,103.53801748134705,103.62408447265625,205272200
2012-06-22,104.1639639287427,104.61777064092428,103.76492061107265,104.42216491699219,130029200
2012-06-25,103.31890685510803,103.3580303729243,102.3800021216242,102.74774169921875,146375700
2012-06-26,103.04509033556809,103.5771440992006,102.44262137844508,103.26416778564453,141634000
2012-06-27,103.60843431628831,104.39867711169913,103.25634641492015,104.19525146484375,108088000
2012-06-28,103.50668449788145,104.0543898900885,102.71644193934155,103.89789581298828,169242100
2012-06-29,105.78360498712829,106.62080346844054,105.50976405441111,106.48779296875,212250900
2012-07-02,106.78509149669291,106.91810197876632,106.03397207571044,106.80856323242188,129524500
2012-07-03,106.78504364389369,107.59093804632282,106.67550494663602,107.51270294189453,80450000
2012-07-05,107.11371594299136,107.81790388530015,106.636437381886,107.02764892578125,126177500
2012-07-06,105.99480810244445,106.22953730901921,105.50970983066044,106.01045989990234,151192100
2012-07-09,105.92442302011172,106.07308529114496,105.39236920477312,105.87747955322266,103780500
2012-07-10,106.41731218391598,106.5894461411983,104.59426577366133,104.95418548583984,167884800
2012-07-11,105.00896452942743,105.3141089301829,104.35955220190702,104.96984100341797,141733400
2012-07-12,104.35952822871467,105.02458026280573,103.7492395673976,104.46123504638672,143583200
2012-07-13,104.73513410070784,106.32345169673727,104.71948229920456,106.21391296386719,129642600
2012-07-16,105.97135573431743,106.27650017696081,105.54884069753395,105.9635238647461,97525200
2012-07-17,106.38603294261249,106.91025480503058,105.27499395883947,106.69117736816406,138860300
2012-07-18,106.44076838543495,107.69264935782948,106.37818508175481,107.48139190673828,113349700
2012-07-19,107.7004739076441,108.11515696054471,107.35621796734382,107.76306915283203,129847300
2012-07-20,107.15279652718066,107.31711056282724,106.65987829788905,106.77723693847656,142904500
2012-07-23,105.21238099644202,106.70681121268501,104.71945087702233,105.69747924804688,145210900
2012-07-24,105.77572380204636,105.82266725253827,104.08568795140188,104.78986358642578,173301200
2012-07-25,105.00896781893292,105.28280863192958,104.25783668802282,104.81336212158203,129122300
2012-07-26,106.32345639908246,106.76944322045223,105.83052610995313,106.54253387451172,156526500
2012-07-27,107.1058392130594,108.81152684812662,106.51902220839902,108.5063705444336,236768900
2012-07-30,108.38119199027784,109.02277237385213,108.1855863220577,108.5063705444336,106782000
2012-07-31,108.3577329540387,108.65504548614969,107.74744415283203,107.74744415283203,120575900
2012-08-01,108.52203128093892,108.54550300795316,107.50487933463553,107.6535415649414,138293800
2012-08-02,106.8398173693627,107.63789183109955,106.08086642866812,106.91023254394531,199556600
2012-08-03,108.41245816125713,109.25747588200143,106.94150006157415,109.03057861328125,157825000
2012-08-06,109.32009121605925,109.67217901307463,109.19490072948696,109.2418441772461,86326200
2012-08-07,109.68002301552072,110.25902018888743,109.56266437036338,109.7895736694336,109545100
2012-08-08,109.42182681975967,110.04775547131337,109.39052322388774,109.92257690429688,89754700
2012-08-09,109.76609083279526,110.23554929462867,109.6565521168774,110.01647186279297,90291700
2012-08-10,109.57046299370673,110.2355270238041,109.39050912651724,110.19640350341797,99792700
2012-08-13,110.00864453208264,110.19641835312426,109.57047775906331,110.14165496826172,79426900
2012-08-14,110.54852192038392,110.61894905210926,109.82869431348188,110.15731048583984,102379400
2012-08-15,110.03992920319034,110.47026408046298,109.96951402477019,110.28247833251953,71085900
2012-08-16,110.43897767315579,111.22923237226213,110.16513684596516,111.09622192382812,112014200
2012-08-17,111.28395841603569,111.33873372638655,110.99446588652661,111.24483489990234,90813700
2012-08-20,111.08839438128467,111.27618016576552,110.78324994326915,111.2527084350586,78255700
2012-08-21,111.52654096680934,111.95687589576227,110.67370297777278,110.91625213623047,105581100
2012-08-22,110.63455253885577,111.14313439984568,110.37636358311109,110.96318054199219,133243500
2012-08-23,110.68937131094418,110.69719124215706,109.88347665944455,110.05561065673828,111466400
2012-08-24,109.78171445777608,110.97100016740073,109.71129928821962,110.72061920166016,99481200
2012-08-27,111.01791695421849,111.16657912457492,110.5875822344548,110.74406433105469,68785900
2012-08-28,110.46247901327058,110.97888108478695,110.29817686067872,110.63461303710938,75689600
2012-08-29,110.72845106860302,111.0179436137717,110.41547486142728,110.72061920166016,65421300
2012-08-30,110.24336115962983,110.27466475550176,109.68784769055237,109.92257690429688,96589900
2012-08-31,110.54852998211425,110.96322511669202,109.82088239143494,110.44682312011719,151970400
2012-09-04,110.35290507396802,110.68153315200921,109.6409094084103,110.34508514404297,120226200
2012-09-05,110.39202818600849,110.68935266558248,110.03212038962087,110.2511978149414,100660300
2012-09-06,110.91625227340087,112.49674967858961,110.90843234334642,112.48892974853516,158272500
2012-09-07,112.67669723353727,112.9740217024018,112.57499039326032,112.92707824707031,107272100
2012-09-10,112.81750732883066,113.01311296274878,112.24634222065944,112.28545379638672,86458500
2012-09-11,112.35593104051686,112.95838806589964,112.3246274393803,112.59848022460938,88760000
2012-09-12,112.97400665283202,113.09919714292158,112.59061525399107,112.97400665283203,87640900
2012-09-13,112.95836363379344,115.04743085184298,112.66105112025718,114.69534301757812,225470200
2012-09-14,114.92228387142389,115.88466073322792,114.82838500134623,115.2039566040039,169777000
2012-09-17,114.96918813866104,115.16479380462751,114.52320148962275,114.81270599365234,119427800
2012-09-18,114.61709658118289,114.86746561724848,114.4293108500172,114.71880340576172,98326600
2012-09-19,114.85184066466046,115.14916515712433,114.55452811102137,114.78142547607422,128318300
2012-09-20,114.25716155717883,114.8517983843787,113.94419731945688,114.78921508789062,154009800
2012-09-21,115.34696465366291,115.37056168141531,114.69408554654598,114.74127960205078,108737500
2012-09-24,114.17491465949215,114.8277936964384,114.08838823284732,114.5682144165039,95682000
2012-09-25,114.81205919875718,115.03230608109142,113.31751306571218,113.34898376464844,133165200
2012-09-26,113.3254117665395,113.35687046986766,112.444412040103,112.71185302734375,146502200
2012-09-27,113.18377032547946,114.03329899123597,112.88485875718943,113.77371978759766,111830300
2012-09-28,113.34116090012701,113.71086376176113,112.84561119399467,113.24677276611328,150696100
2012-10-01,113.6793595085538,114.59967945416584,113.27818609459476,113.54563903808594,135911200
2012-10-02,113.99396736756094,114.17488184307177,113.13657702432195,113.6635971069336,113422200
2012-10-03,113.97036809291241,114.39512641886664,113.3725569668336,114.127685546875,121283100
2012-10-04,114.56035506126157,115.11097233171265,114.40303755578358,114.94579315185547,124311600
2012-10-05,115.55934407868646,115.7559939684116,114.6075533312919,114.95365905761719,124842100
2012-10-08,114.52887455786897,114.9378975937331,114.30075401618126,114.56033325195312,78415400
2012-10-09,114.47386007169361,114.56824820039166,113.38834858142755,113.42768096923828,148872900
2012-10-10,113.41189123491834,113.52202666900453,112.55450080351991,112.7039566040039,124247500
2012-10-11,113.49056917205722,113.65576033984478,112.7433020852821,112.76689910888672,123601500
2012-10-12,112.84559199165895,113.23101814166927,112.15338045318752,112.39722442626953,124181900
2012-10-15,112.66464519362314,113.45124470876898,112.30281613808745,113.33325958251953,107689100
2012-10-16,113.86813519604301,114.56034657191827,113.78948245041063,114.48168182373047,108815500
2012-10-17,114.56034545397834,115.09523933081365,114.38729261169827,115.00083923339844,128834100
2012-10-18,114.70193481445312,115.25255201576124,114.31649677226004,114.70193481445312,148108500
2012-10-19,114.4895468071628,114.4974084803625,112.52304827733366,112.79048919677734,185645200
2012-10-22,112.60175079491152,113.01078603065368,111.91741284482278,112.8062744140625,125578600
2012-10-23,111.58701148052188,111.74432898837152,110.77681491266752,111.24090576171875,192056300
2012-10-24,111.64207366313687,111.77580615522685,110.75322429123571,110.92627716064453,120179400
2012-10-25,111.71285155307247,111.91736307872385,110.5722848092451,111.24874877929688,134457400
2012-10-26,111.14650441907546,111.57126283993301,110.43069604067814,111.18583679199219,146023500
2012-10-31,111.57913651604939,111.72071865548355,110.65880459950709,111.18583679199219,103438500
2012-11-01,111.42183516715372,112.49161116689402,111.31958537481016,112.35002899169922,100995600
2012-11-02,113.01862336223508,113.05009406727609,111.23305093426656,111.35103607177734,137702200
2012-11-05,111.185824769155,111.83083000553394,110.85544247442367,111.5791244506836,98378500
2012-11-06,111.91738419622632,112.89277196945189,111.79939906350242,112.45227813720703,107068100
2012-11-07,111.42969925670592,111.44542260644695,109.38453555000866,109.90369415283203,264304500
2012-11-08,109.88794953916462,110.44644047438499,108.49566504077373,108.58219146728516,181517300
2012-11-09,108.25185751161573,109.68347486753598,108.19680176853576,108.67662811279297,201055300
2012-11-12,109.01477464256432,109.18782741787119,108.51922533377707,108.76306915283203,97677500
2012-11-13,108.18886347877752,109.53395357580476,108.0472813646446,108.38551330566406,123018300
2012-11-14,108.71590482063225,108.8889456406565,106.6786033189262,106.92244720458984,191505000
2012-11-15,106.96178587908327,107.36295926532404,106.33250394193578,106.74153900146484,178128400
2012-11-16,106.89886722118074,107.48095517194947,105.95495022193735,107.26856994628906,239483900
2012-11-19,108.47207956725687,109.45532906298094,107.30005384999045,109.43960571289062,151495800
2012-11-20,109.26654660380191,109.66770805423583,108.61366753560479,109.4867935180664,119807400
2012-11-21,109.58118360874373,109.78570717752088,109.360936690489,109.6913070678711,81710800
2012-11-23,110.22618450508823,111.22515716235387,110.15538143281609,111.18583679199219,65409200
2012-11-26,110.63521262400604,111.19370353877267,110.27338358279577,110.94985961914062,100124400
2012-11-27,110.83972825394676,111.21729261858236,110.31270807761766,110.38349914550781,128646200
2012-11-28,109.93517079756737,111.33531731669085,109.33735934079792,111.27239990234375,177086500
2012-11-29,111.68925414505486,112.09827719494432,111.20155435087216,111.79150390625,151085900
2012-11-30,111.80723995033416,112.02748682550705,111.42967559325986,111.81510162353516,136568300
2012-12-03,112.32640996585022,112.42079806416292,111.17796942530416,111.26449584960938,124656300
2012-12-04,111.25663355757705,111.59486557635586,110.8082660879709,111.107177734375,127512200
2012-12-05,111.20155598377224,111.82297624599241,110.41495656505121,111.30381774902344,147300500
2012-12-06,111.20160068355501,111.72862106563828,111.03642146065698,111.68142700195312,103220600
2012-12-07,112.11402616103074,112.23988496207772,111.43755010859803,112.01963806152344,108726400
2012-12-10,111.86234479019693,112.33429739251137,111.81513872766286,112.06685638427734,98840700
2012-12-11,112.53093755249455,113.35686953812102,112.47588182148343,112.82984924316406,152570400
2012-12-12,113.27031045273341,113.7029425112234,112.72755496140543,112.88487243652344,145880100
2012-12-13,112.81410396975379,113.13661266000423,111.90951930472161,112.19269561767578,135715000
2012-12-14,111.94886311743478,112.15337469668698,111.60275736596365,111.77581024169922,137701700
2012-12-17,112.06679692397492,113.15230773769821,112.03532623231656,113.0893783569336,143238200
2012-12-18,113.2703164322584,114.4502155617611,113.10512527300399,114.34795379638672,177762800
2012-12-19,114.47379289004562,114.51312525477321,113.45908509436792,113.49840545654297,150895400
2012-12-20,113.56923784264146,114.16704913220339,113.25459084611755,114.15131378173828,168487000
2012-12-21,112.62400370288607,114.14498480771712,112.44180605216073,113.11515045166016,245883800
2012-12-24,112.86953835442647,112.93291405634548,112.6398120116893,112.76656341552734,53874600
2012-12-26,112.99633626607239,113.05179456095712,111.97443136026364,112.29129791259766,106947700
2012-12-27,112.32295231844648,112.55269078734864,110.84158281192771,112.14075469970703,167920600
2012-12-28,111.41195544198739,112.0298535479385,110.80197476745766,110.92872619628906,148806700
2012-12-31,110.63564949824115,112.93296225683683,110.54057986094672,112.81414031982422,243935200
2013-01-02,114.95303729964603,115.7768977262835,114.65200556314092,115.70560455322266,192059000
2013-01-03,115.65013459155936,115.95115417857325,115.13521135390911,115.44416046142578,144761800
2013-01-04,115.63430528630415,116.14129908082883,115.3966493009395,115.951171875,116817700
2013-01-07,115.53917406891205,115.74513601149133,115.2064486489087,115.63423156738281,110002500
2013-01-08,115.4283337966389,115.58676707806302,114.85003479229826,115.30158233642578,121265100
2013-01-09,115.55502368445141,115.91151352459991,115.3728260932213,115.59463500976562,90745600
2013-01-10,116.23631309526291,116.52149775332704,115.63426196720796,116.51358032226562,130735400
2013-01-11,116.48193793744235,116.5690780683802,116.14130693594034,116.5057144165039,113917300
2013-01-14,116.36309216891391,116.50569057567118,115.99868476291986,116.42646789550781,89567200
2013-01-15,115.88780397768979,116.61661893881694,115.8165108035642,116.5057144165039,93172600
2013-01-16,116.26804388836054,116.672050578948,116.14129242507178,116.48985290527344,104849500
2013-01-17,117.00474518972032,117.57511459463086,116.56904465990216,117.24240112304688,133833500
2013-01-18,117.21861478942182,117.63055085754104,116.7908317719994,117.50379943847656,169906000
2013-01-22,117.5038280800702,118.13757324218751,117.22656079424277,118.1375732421875,111797300
2013-01-23,118.1375064801423,118.43060846581385,117.92361504016961,118.32762145996094,104596100
2013-01-24,118.15334757166313,118.93760816783085,118.04244313169089,118.35932159423828,146426400
2013-01-25,118.73171624643558,119.02481842041016,118.32769747940628,119.02481842041016,147211600
2013-01-28,119.05647025210718,119.08816415290636,118.43857215101912,118.8822021484375,113357700
2013-01-29,118.64460895256217,119.50016341112004,118.56538624637264,119.34964752197266,105694400
2013-01-30,119.33373748953348,119.57139339480153,118.77128558332181,118.8822021484375,137447700
2013-01-31,118.73961188922017,119.12778363062259,118.50988548728473,118.58909606933594,108975800
2013-02-01,119.34166472549025,119.95164544533263,119.13570270410042,119.8090591430664,131173000
2013-02-04,119.08025919146449,119.83282623055321,118.37520883318753,118.46234893798828,159073600
2013-02-05,119.10397084226769,119.9991237905096,119.05643000713926,119.65849304199219,113912400
2013-02-06,119.23872608988407,119.82493051694556,119.15158596049842,119.74571990966797,138762800
2013-02-07,119.78530962861251,119.89621412892504,118.71586387813292,119.58726501464844,162490000
2013-02-08,119.79322821691962,120.32398633694002,119.79322821691962,120.25269317626953,103133700
2013-02-11,120.20514034198766,120.33187968413877,119.9278731001887,120.2289047241211,73775000
2013-02-12,120.23685187320065,120.64878807812995,120.10218297859936,120.4269790649414,65392700
2013-02-13,120.67253614057549,120.89434512375591,120.18930683700033,120.52993774414062,82322600
2013-02-14,120.16559204911175,120.78349048409925,120.03092311714659,120.6408920288086,80834300
2013-02-15,120.75176659889384,120.87851806376528,120.05465771747086,120.49827575683594,215226500
2013-02-19,120.70418548549952,121.42507053074256,120.5378348367079,121.40130615234375,95105400
2013-02-20,121.31421411230006,121.35382545454502,119.82491467521842,119.88829040527344,160574800
2013-02-21,119.58726800925888,119.95166333897465,118.77924257949999,119.15948486328125,183257000
2013-02-22,119.73778862085499,120.32400512695311,119.2149599399415,120.32400512695312,106356600
2013-02-25,120.91021901084073,121.09241669739428,118.03460693359376,118.03460693359375,245824800
2013-02-26,118.60495727014444,118.98519953764684,117.82069626121722,118.84261322021484,186596200
2013-02-27,118.73960209038752,120.6725190306231,118.63661504576933,120.33980560302734,150781900
2013-02-28,120.33189163483355,121.10030563394699,119.94373196298314,120.10216522216797,126866000
2013-03-01,119.69025027788669,120.68047343278552,119.15157468371052,120.49827575683594,170634800
2013-03-04,120.22100079473276,121.13993072509766,120.03088569719812,121.13993072509766,99010200
2013-03-05,121.72612508074138,122.54998522530646,121.71027812959147,122.22518920898438,121431900
2013-03-06,122.6608400023663,122.72421569360232,122.1221647583759,122.3915023803711,94469900
2013-03-07,122.55001995603962,122.77182898427108,122.40743361832746,122.61339569091797,86101400
2013-03-08,123.15200875023521,123.30251243070377,122.51826387325455,123.13616180419922,123477800
2013-03-11,123.04113684773314,123.61149409142935,122.890621039775,123.60357666015625,83746800
2013-03-12,123.51645162575906,123.6590500198311,122.95401174475779,123.32632446289062,105755800
2013-03-13,123.38969061162454,123.67487528996199,122.96983706958355,123.50059509277344,92550900
2013-03-14,123.82537528314685,124.21354696141138,123.50850883111725,124.15808868408203,126329900
2013-03-15,124.01007331206807,124.16124638567746,123.58038773861723,123.99415588378906,138601100
2013-03-18,122.8085492114048,123.84296344326248,122.6971515028318,123.30984497070312,126704300
2013-03-19,123.57247360303398,123.73956415699139,122.21181838501742,123.0234375,167567300
2013-03-20,123.74751416964894,124.08966002405532,123.54062398657283,123.88278198242188,113759300
2013-03-21,123.14280742176274,123.84302889798929,122.61765345603885,122.82453155517578,128605000
2013-03-22,123.21439629176814,123.81117248535156,123.11890384461373,123.81117248535156,111163600
2013-03-25,124.13745609630782,124.34434637258092,122.81660009481283,123.29401397705078,151322300
2013-03-26,123.80323661367245,124.31248526547641,123.66796876850765,124.2806625366211,86856600
2013-03-27,123.54065357019526,124.32045005377441,123.33377547902182,124.2806625366211,99950600
2013-03-28,124.20113476918397,124.80587612058967,123.93059897589731,124.66264343261719,102932800
2013-04-01,124.59890108896079,124.85353140935518,123.8668571299898,124.16922760009766,99194100
2013-04-02,124.61484157854197,125.09226744690517,124.42386880290785,124.78194427490234,101504300
2013-04-03,124.85358540405633,124.94906574477508,123.190571382153,123.51679992675781,154167400
2013-04-04,123.67588553953556,124.26470905484057,123.40534992768274,124.0180435180664,131885000
2013-04-05,122.49833101912037,123.61232119990709,122.35511047468424,123.46113586425781,159666000
2013-04-08,123.54860068851973,124.30451484053927,123.1348324239046,124.29656219482422,86571200
2013-04-09,124.52732425671445,125.17980552160817,124.11355594584147,124.72624969482422,101922200
2013-04-10,125.0604527105454,126.41314336671748,125.02862998020615,126.2540054321289,135711100
2013-04-11,126.27784171256272,127.08150810049172,126.15052654239376,126.66773986816406,110142500
2013-04-12,126.2619217991343,126.54837485566249,125.65719296488261,126.35741424560547,116359900
2013-04-15,125.72085425613204,125.8242993505919,123.41332444598278,123.42922973632812,217259000
2013-04-16,124.3601869494261,125.31503849986915,124.05782862379814,125.25138092041016,147507800
2013-04-17,124.3601789373275,124.38406115184758,122.76082333382745,123.42125701904297,226834800
2013-04-18,123.62819260337429,123.66002747659837,122.1800215492924,122.64948272705078,167583200
2013-04-19,122.93592913004781,123.77141845533734,122.63355855825162,123.71571350097656,149687600
2013-04-22,123.95443201619926,124.55916104539733,123.13486008998552,124.26475524902344,106553500
2013-04-23,124.88537305030125,125.66515727713228,124.26472672710705,125.54580688476562,166141300
2013-04-24,125.58560921255138,125.95959000801399,125.35484890482581,125.62539672851562,96781200
2013-04-25,125.99145665194672,126.73146585419742,125.80049593506868,126.13468933105469,131060600
2013-04-26,125.98345258579488,126.19829544604976,125.50602670554947,125.9118423461914,95918800
2013-04-29,126.25399879781862,127.03378313533933,126.05507335467438,126.75529479980469,88572800
2013-04-30,126.73142682977844,127.08949020511571,126.2062607371794,127.05765533447266,116010700
2013-05-01,126.7791076869895,126.84276525705087,125.80039834785599,125.94361877441406,138874200
2013-05-02,126.26193566699635,127.224740033739,126.14258527260198,127.11334228515625,96407600
2013-05-03,128.21938152060116,128.80820519575775,127.13722663796858,128.4023895263672,144202300
2013-05-06,128.49785905005206,128.91161515082334,128.44215410873102,128.72860717773438,66882100
2013-05-07,129.0071227388374,129.42087888815783,128.64109460826745,129.381103515625,90359200
2013-05-08,129.23789592407107,130.00972770723027,129.16628566990914,129.96994018554688,97419200
2013-05-09,129.91422027281934,130.25636617675355,129.27765648299084,129.60389709472656,106738600
2013-05-10,129.6914414647642,130.1370325325786,129.30949585682674,130.025634765625,103203000
2013-05-13,129.85850792980202,130.3438864259894,129.5561495564735,130.12904357910156,81843200
2013-05-14,130.23250783493023,131.56929312819963,130.23250783493023,131.4738006591797,119000900
2013-05-15,131.25897147749666,132.44455936374604,131.219183960054,132.18197631835938,120718500
2013-05-16,131.91142048818668,132.37292890888602,131.36238439905395,131.56130981445312,109913600
2013-05-17,132.046693094252,132.9140050228457,131.8716377510476,132.83444213867188,129801000
2013-05-20,132.70717238930345,133.34373638785632,132.57190451259632,132.82652282714844,85071200
2013-05-21,132.9458610638815,133.51876734353436,132.48435255296968,133.01747131347656,95804200
2013-05-22,133.1527038976922,134.52927641856863,131.42603286882064,132.03076171875,244031800
2013-05-23,130.62238445266507,132.01486232603713,130.4473291201257,131.64883422851562,211064400
2013-05-24,130.86910410323063,131.5931958105755,130.47920576663373,131.53749084472656,151573900
2013-05-28,132.91405278081047,133.50287661420236,131.93534274955312,132.3252410888672,143679800
2013-05-29,131.62498875992813,131.9273593256552,130.76562936900316,131.46585083007812,160363400
2013-05-30,131.5692842254678,132.5559465874949,131.46583911663154,131.9512176513672,107793800
2013-05-31,131.5851643763819,132.33312579271376,129.80280063510676,130.0574188232422,176850100
2013-06-03,130.35982177000002,130.8611177678012,129.42885216083027,130.77359008789062,168390700
2013-06-04,130.8451951665197,131.37036122524734,129.48453985826075,130.1449737548828,157631500
2013-06-05,129.77101656558483,130.03359964269612,128.21144768155358,128.32284545898438,211737800
2013-06-06,128.26712013608775,129.49250763473344,127.5112058991401,129.4845428466797,200225500
2013-06-07,130.37570824461142,131.25097269442298,129.81075478272152,131.13162231445312,188337800
2013-06-10,131.53742574779318,131.6090359757751,130.78946432280196,131.13162231445312,105667100
2013-06-11,129.9381449369545,130.92480769129355,129.492553739324,129.7790069580078,159505400
2013-06-12,130.6701264867654,130.80539431086407,128.5853920402135,128.70474243164062,177361500
2013-06-13,128.63312881906873,130.8929185413375,128.34667574572174,130.66217041015625,163587800
2013-06-14,130.51898761068085,131.02823636414064,129.62780532748823,129.84263610839844,141197500
2013-06-17,130.72583703588583,131.46584598752648,129.87444246475428,130.84519958496094,136295600
2013-06-18,130.91680372567353,132.0785335853687,130.9088510793508,131.87960815429688,114695600
2013-06-19,131.76818447880686,131.99893259122467,130.00172602704853,130.0574188232422,206149500
2013-06-20,128.79226253229984,130.0733426046071,126.50063801998799,126.83483123779297,321255900
2013-06-21,127.69799381613001,127.79397938234875,125.96218566141663,127.24205017089844,271956800
2013-06-24,125.91415989340071,126.73006140390876,124.57030128991738,125.63418579101562,222329000
2013-06-25,126.77006254055719,128.065928405117,125.9221576918797,126.8420639038086,162262200
2013-06-26,127.88193597756126,128.3858844766547,127.38599441063712,128.09791564941406,134848000
2013-06-27,128.86579413384604,129.44173159857604,128.7458000420442,128.84979248046875,129483700
2013-06-28,128.48982521286052,129.1057484574293,127.87388976260736,128.32183837890625,160402900
2013-07-01,128.99388692339014,129.9697811617042,128.84990853037473,129.07388305664062,131954800
2013-07-02,128.88184079376845,129.82574347107465,128.38589917008508,128.95384216308594,154863700
2013-07-03,128.3698793353394,129.40177269066032,128.16190660129817,129.0098114013672,75216400
2013-07-05,129.96168785791218,130.4496346069736,129.0257923960771,130.40164184570312,122416900
2013-07-08,131.07356444721833,131.4975167778442,130.44963414155433,131.1455535888672,108092500
2013-07-09,131.96946816611322,132.24944222679954,131.40153752509244,132.08946228027344,119298000
2013-07-10,131.9615152895484,132.58544582284767,131.6895480736367,132.1374969482422,121410100
2013-07-11,133.67329868582414,134.07325469742605,132.1294621340825,133.93727111816406,135592200
2013-07-12,133.89730057613463,134.32924778687635,133.68932780143547,133.9932861328125,104212700
2013-07-15,134.3612401825517,134.6972018092933,134.12925883185775,134.50521850585938,69450600
2013-07-16,134.59319356915145,134.67318965430542,133.64130850767717,134.0012664794922,88702100
2013-07-17,134.51323228609544,134.76919783134684,134.16926370897798,134.34524536132812,92873900
2013-07-18,134.63322785401908,135.40114897887366,134.5452370189388,135.0811767578125,103620100
2013-07-19,134.8011680608935,135.3690987221285,134.6331811773651,135.32110595703125,103831700
2013-07-22,135.51313960976668,135.77711212164022,135.1931673806658,135.5851287841797,79428600
2013-07-23,135.8250793237297,135.84907571068132,135.22514523855926,135.29713439941406,80829700
2013-07-24,135.81707283676428,135.87307254362864,134.52921384147677,134.8011932373047,112914000
2013-07-25,134.56117402899687,135.24909871663692,134.3371996847128,135.1291046142578,111088600
2013-07-26,134.5611655258604,135.3130845794504,134.00122970053346,135.27308654785156,107814600
2013-07-29,134.929151626928,135.23312209573476,134.47320812940643,134.85716247558594,79695000
2013-07-30,135.26512541123475,135.40910371391882,134.53720255471777,134.85716247558594,85209600
2013-07-31,135.13714713497794,135.86507004845427,134.77718914441272,134.9531707763672,142388700
2013-08-01,135.97706085156668,136.632982419751,135.90505948699496,136.51300048828125,110438400
2013-08-02,136.20900978360226,136.7609509978727,136.02503344740813,136.7449493408203,91116700
2013-08-05,136.44097215039224,136.75293728832264,136.2649905643098,136.54495239257812,54072700
2013-08-06,136.28104736031273,136.5770231953627,135.46514564602555,135.76910400390625,87495000
2013-08-07,135.33710849386026,135.52907955549745,134.82516532001432,135.3291015625,84854700
2013-08-08,135.9690515574505,136.1290315318615,135.12914143468063,135.8250732421875,102181300
2013-08-09,135.64911570327564,136.0650734751804,134.96119070599508,135.43313598632812,91757700
2013-08-12,134.75314875412346,135.43306646856132,134.68915434470244,135.27308654785156,68593300
2013-08-13,135.51308523803124,135.90503427859142,134.7131732947654,135.67306518554688,80806000
2013-08-14,135.60911337357896,135.82509308371377,134.94518478738047,134.97718811035156,79829200
2013-08-15,133.91324845572785,133.9292379049583,132.85735893356846,133.08934020996094,152931800
2013-08-16,132.83339041272652,133.28934613083587,132.38544162659812,132.6494140625,130868200
2013-08-19,132.4974792769997,132.95343516873302,131.7935525132123,131.8015594482422,96437600
2013-08-20,132.0175034695578,132.94540454636964,131.87352513299635,132.449462890625,89294400
2013-08-21,132.08150909549028,132.8094321849291,131.3375965488737,131.63356018066406,159530500
2013-08-22,131.90544294472235,133.0253267202726,131.89744822125357,132.83334350585938,101471400
2013-08-23,133.22535405632402,133.44932845334384,132.60142363524182,133.28134155273438,90888900
2013-08-26,133.4173868656753,133.8253500106161,132.69747057154842,132.78546142578125,89702100
2013-08-27,131.4735207094159,132.78537574055295,130.55362690433145,130.6496124267578,158619400
2013-08-28,130.59362107404468,131.57752156449044,130.4256463990724,131.1135711669922,108113000
2013-08-29,130.8256829453102,132.01754467784875,130.70568875502892,131.32162475585938,119200500
2013-08-30,131.59350334108208,131.60950499680408,130.52162431576292,130.90557861328125,134928900
2013-09-03,132.1694972109413,132.44947137978835,130.94563244896142,131.49757385253906,142375100
2013-09-04,131.5295743768133,132.80943894635487,131.2896104500057,132.58546447753906,97389400
2013-09-05,132.66542714920274,133.1053690412489,132.56942939698482,132.75341796875,63090500
2013-09-06,133.19338833405848,133.56934807924978,131.56956739448447,132.8174285888672,159756500
2013-09-09,133.1453916312095,134.16927833521433,133.1453916312095,134.08929443359375,87559300
2013-09-10,134.89720035925995,135.10517314868056,134.59322980067492,135.0811767578125,105847200
2013-09-11,134.8971980520448,135.505126953125,134.66522887572364,135.505126953125,94545900
2013-09-12,135.45712211422267,135.633103765708,134.96118048132269,135.14515686035156,83209000
2013-09-13,135.28911672524845,135.55308914263256,134.97715154210144,135.4490966796875,72727800
2013-09-16,136.91294708099602,136.97694150859138,136.0170373003503,136.23301696777344,106299200
2013-09-17,136.35299560780362,136.87293349013166,136.35299560780362,136.8409423828125,82523300
2013-09-18,136.79294685321815,138.80073378672674,136.4489905516286,138.42477416992188,203460600
2013-09-19,138.80073574056865,138.86473016621161,138.0568112224466,138.1927947998047,146616900
2013-09-20,138.5207598171872,138.5207598171872,137.11409047868327,137.22662353515625,132867100
2013-09-23,137.0417735954951,137.1703740637883,136.157576384312,136.5916290283203,104616500
2013-09-24,136.56750200956998,137.07390693123205,136.01288264915928,136.2700958251953,106333100
2013-09-25,136.35849694828286,136.6317897434343,135.75563870094044,135.87620544433594,117306500
2013-09-26,136.10130596595192,136.78453806506747,135.88427352732253,136.39871215820312,77146900
2013-09-27,135.71548635930395,135.95663218352624,135.4180801263686,135.77175903320312,99141800
2013-09-30,134.622320811529,135.474358875971,134.3570615954916,135.04833984375,143937000
2013-10-01,135.15278457455747,136.24596805367807,135.01613817281523,136.1173553466797,127160000
2013-10-02,135.32158667742024,136.11735171724092,134.90360152341208,135.98873901367188,113350000
2013-10-03,135.67529041919465,135.7958694612991,134.10786099332336,134.73483276367188,176698000
2013-10-04,134.83927134742,135.8922616083302,134.66243197755324,135.755615234375,96878000
2013-10-07,134.5740585892823,135.4019830761295,134.4374121683175,134.58209228515625,96295000
2013-10-08,134.55794873793147,134.73478812895294,132.91817978912897,133.01463317871094,178015000
2013-10-09,133.27190481300786,133.59342439996112,132.25106111339292,133.11114501953125,168973000
2013-10-10,134.46957438093511,136.05308347478018,134.42134766988374,135.98074340820312,195955000
2013-10-11,135.77178035334148,136.90515731952922,135.65924725305825,136.85691833496094,105040000
2013-10-14,136.0129435338722,137.51606705015888,135.9084441184505,137.40353393554688,112106000
2013-10-15,137.05782329580805,137.57226189812909,136.2218651664803,136.40673828125,155485000
2013-10-16,137.22663293820955,138.3841228927786,137.16232657793526,138.31178283691406,161676000
2013-10-17,137.74911992714186,139.31656156231293,137.7250065726179,139.23617553710938,129389000
2013-10-18,139.75063199658146,140.2731044313492,139.4692931377453,140.17665100097656,138316000
2013-10-21,140.2248396132414,140.46598538883404,139.87116077772995,140.1846466064453,104104000
2013-10-22,140.594630624328,141.41450927972554,140.2087923880611,140.9965362548828,126663000
2013-10-23,140.51418056876255,140.5784869121734,139.8309486672366,140.32127380371094,105484000
2013-10-24,140.60264822766283,140.96436080072215,140.27308270468623,140.7875213623047,70350000
2013-10-25,141.0769240747951,141.47079604744022,140.80363116243942,141.43060302734375,93625000
2013-10-28,141.3823011050848,141.84851290680308,141.22957506906903,141.6555938720703,84979000
2013-10-29,141.97714130296657,142.46746650512145,141.77618855233234,142.41119384765625,87401000
2013-10-30,142.57997480773915,142.68446187960936,141.19741914212648,141.7038116455078,140002000
2013-10-31,141.5913439704094,142.18616869906742,141.09298493016297,141.30197143554688,133795000
2013-11-01,141.4868308159703,141.96107641314663,140.84377949402446,141.63955688476562,142805000
2013-11-04,142.02540637297304,142.19419986060805,141.45469501029723,142.137939453125,85677000
2013-11-05,141.5832448036618,142.07356992030233,141.12507899001633,141.687744140625,85825000
2013-11-06,142.29866079790835,142.67645295031537,141.90478899119952,142.41119384765625,87348000
2013-11-07,142.67647244311254,142.78900550823494,140.47402557979197,140.6106719970703,157000000
2013-11-08,140.5624235343531,142.52372430732996,140.54635614552575,142.5076446533203,136713000
2013-11-11,142.3710577570626,142.7006233434898,142.20226424755717,142.53182983398438,62614000
2013-11-12,142.2263214686639,142.5639206196103,141.76814330761934,142.24240112304688,83990000
2013-11-13,141.54307033703523,143.42398505752234,141.54307033703523,143.38380432128906,103844000
2013-11-14,143.51242173977315,144.21977939981767,143.27932192826762,144.09921264648438,103435000
2013-11-15,144.33229398569932,144.7824261607783,144.147420899188,144.72616577148438,102818000
2013-11-18,144.96733830636583,145.08790506655245,143.89826806036913,144.21978759765625,104796000
2013-11-19,144.1474568362629,144.58150946610692,143.65713153791387,143.90631103515625,93891000
2013-11-20,144.19571221803915,144.6297649341984,143.06233531308533,143.45620727539062,124909000
2013-11-21,143.8580327611554,144.7261499748463,143.76961307461707,144.61361694335938,92841000
2013-11-22,144.66991722949612,145.35316156530737,144.50112376829924,145.3370819091797,81296000
2013-11-25,145.59431890890008,145.62646595852448,144.98341457937238,145.19241333007812,79486000
2013-11-26,145.26468798685337,145.666593384722,145.01550860260352,145.23252868652344,86994000
2013-11-27,145.38533564133652,145.6827541416648,145.20849618660716,145.58628845214844,58800000
2013-11-29,145.74704785047624,146.0926807677548,145.3290626060498,145.4898223876953,55870900
2013-12-02,145.5621623235885,145.83545517866767,144.88696388215106,145.11203002929688,99726000
2013-12-03,144.637757184458,144.99946969112975,144.01881926359482,144.4850311279297,116563000
2013-12-04,143.9625709771921,145.07182193992762,143.35971266031135,144.46896362304688,123033000
2013-12-05,144.21180723445696,144.47706647014988,143.69736842543728,143.83401489257812,106934000
2013-12-06,145.22452644179387,145.57820523093463,144.80654130324734,145.44155883789062,127728000
2013-12-09,145.8676130008342,146.02837278069478,145.61843350227255,145.81134033203125,70124000
2013-12-10,145.47378309904488,145.77923535456412,145.20049016789002,145.28890991210938,80976000
2013-12-11,145.34515883120616,145.36927218794233,143.48031080903172,143.6571502685547,130591000
2013-12-12,143.59283113898633,143.7696705827992,142.8854733637349,143.18289184570312,115565000
2013-12-13,143.48029495013844,143.60890768197348,142.89351622577067,143.16680908203125,107808000
2013-12-16,143.8419885728678,144.53326658391256,143.80179556631728,144.05902099609375,96195000
2013-12-17,144.18766690180038,144.21178025824466,143.279356258444,143.6008758544922,89886000
2013-12-18,143.81792616624534,146.07663411138833,142.53183535734496,146.05252075195312,234906000
2013-12-19,145.63444480683324,146.0524298856413,145.25666498898744,145.88363647460938,136531200
2013-12-20,146.02916089577758,147.07979099287832,145.9321838298762,146.73226928710938,197087000
2013-12-23,147.45161035246497,147.6051656630973,147.14451206297923,147.51626586914062,85598000
2013-12-24,147.52424403809067,147.90408723591813,147.5161667283518,147.8394317626953,45368800
2013-12-26,148.1708099763022,148.67188689043527,148.15465535425818,148.591064453125,63365000
2013-12-27,148.78497520442068,148.84961833194203,148.42937634421367,148.5829315185547,61814000
2013-12-30,148.59917575159133,148.72040943528515,148.36481036062384,148.55877685546875,56857000
2013-12-31,148.760776272867,149.2618408203125,148.6476199358085,149.2618408203125,86119900
2014-01-02,148.68806937587252,148.76081451579284,147.4758065796819,147.83140563964844,119636900
2014-01-03,148.0819054534093,148.3809385963976,147.59700784049974,147.80712890625,81390600
2014-01-06,148.29204117148336,148.34860701124387,147.15251141588993,147.37879943847656,108028200
2014-01-07,147.96877826411296,148.5344983760346,147.85563424172864,148.28396606445312,86144200
2014-01-08,148.2596907556656,148.56680118002456,147.8071147608867,148.31626892089844,96582300
2014-01-09,148.7930664180698,148.809233367345,147.73435937827202,148.41322326660156,90683400
2014-01-10,148.66378182024184,148.88199251291698,147.904095382742,148.8173370361328,102026400
2014-01-13,148.4374937625762,148.84965855368037,146.55444462166076,146.83731079101562,149892000
2014-01-14,147.32219941547768,148.51830716519208,147.04742290477458,148.43748474121094,105016100
2014-01-15,148.78500337675126,149.46386733017906,148.46981566039048,149.23757934570312,98525800
2014-01-16,148.9304961238281,149.23760658671952,148.5668198203776,149.04364013671875,72290600
2014-01-17,148.78498910931674,149.06784289690282,148.15461373704372,148.41322326660156,107848700
2014-01-21,149.26992487668747,149.32650304777363,147.9364410161315,148.84967041015625,88621200
2014-01-22,149.10021049683758,149.1648659767835,148.63146751605856,148.9466552734375,61270900
2014-01-23,148.1950613884821,148.21930565448994,146.94239987216582,147.726318359375,132496900
2014-01-24,146.76459215683167,146.8130806861349,144.52594384374365,144.57443237304688,208677100
2014-01-27,144.71182173813756,145.08358768521188,143.14396017609064,143.8632354736328,180843100
2014-01-28,143.96828529215415,144.90577119503223,143.95211834023664,144.7198944091797,110463200
2014-01-29,143.5157413292985,144.29967219338292,142.95002120361227,143.32986450195312,216597300
2014-01-30,144.52594755498018,145.31795566140642,144.06528185122528,144.84921264648438,118938100
2014-01-31,143.05500163992997,144.89763900071898,142.98226887531743,144.0005645751953,194677900
2014-02-03,143.83087828150352,144.1541432870886,140.48503491344292,140.7598114013672,254837100
2014-02-04,141.39023532332973,142.1095106896348,140.7113711795354,141.74583435058594,165012400
2014-02-05,141.2528359017314,141.88321146154988,140.3880950006564,141.56802368164062,164230500
2014-02-06,141.89934813572768,143.43487548828125,141.60840468314413,143.43487548828125,132877600
2014-02-07,144.1056492981827,145.36640003657504,143.6369064256424,145.2128448486328,170787200
2014-02-10,145.22906668475696,145.52809986494242,144.83306876805457,145.47959899902344,92218800
2014-02-11,145.6008438884651,147.44348231865135,145.50385448092527,147.07171630859375,117814100
2014-02-12,147.28989001553788,147.75863298346573,146.8534809525824,147.14442443847656,94717700
2014-02-13,146.15034520774873,148.05763845524982,146.14226789822743,147.90408325195312,100542200
2014-02-14,147.76675999888067,148.99518983384377,147.6293716859627,148.7204132080078,96498400
2014-02-18,148.84964673046161,149.10019130742106,148.42131502124718,148.8981475830078,80460900
2014-02-19,148.51025789217135,149.47198827282276,147.79098251759766,147.91221618652344,126524300
2014-02-20,148.11427777690625,149.1244968138736,147.57280185290477,148.78506469726562,104998100
2014-02-21,149.06788672757,149.4234857255673,148.54257787347478,148.6153106689453,118116400
2014-02-24,148.9304820546733,150.44176529803906,148.86582657744756,149.43963623046875,114063900
2014-02-25,149.5608866722603,149.98921850200517,148.89009983863983,149.38308715820312,117085000
2014-02-26,149.60124956523762,149.99725968802662,148.97087415787217,149.39112854003906,98677200
2014-02-27,149.1729076261922,150.2154477031331,149.00318549043632,150.175048828125,93880800
2014-02-28,150.15084409683143,151.24996270922085,149.5528024243518,150.554931640625,150842000
2014-03-03,149.22954703976777,149.87608967172244,148.5021942861781,149.49624633789062,167748500
2014-03-04,150.95899277246195,151.92072293150895,150.9266712005937,151.5974578857422,167545900
2014-03-05,151.72678597031359,151.99348521248479,151.49240830366048,151.73486328125,88376900
2014-03-06,152.10660827758403,152.42987331533766,151.75908664681666,152.0823516845703,82516500
2014-03-07,152.71275078826312,152.71275078826312,151.47623171439068,152.1470184326172,114513500
2014-03-10,151.91269839590527,152.12281951547254,151.1934229371928,152.06625366210938,74939200
2014-03-11,152.29253362898004,152.51074438153248,150.96712682063952,151.31463623046875,99009100
2014-03-12,150.57920026365733,151.41161968380678,150.23975584780248,151.35504150390625,104824400
2014-03-13,151.80760079899065,151.9288344574442,149.23761001917646,149.65785217285156,155014300
2014-03-14,149.3911345491197,150.15889823443237,149.05977988193342,149.23757934570312,153919600
2014-03-17,149.98918061614322,150.9428334353637,149.92452514265617,150.5872344970703,98359500
2014-03-18,150.89433048111138,151.86413782711975,150.73268564696875,151.66209411621094,101804600
2014-03-19,151.67830314601898,151.8884365730781,149.8922430066597,150.85397338867188,176267300
2014-03-20,150.5226007250749,151.8480072932221,150.25590148290368,151.73486328125,117241000
2014-03-21,152.37214683498698,153.4355272260803,151.0084133816048,151.1464080810547,163128000
2014-03-24,151.66587574696592,151.85258532926431,149.86380747520056,150.5213165283203,121411000
2014-03-25,151.2843592786469,151.74705818452145,150.39145047080902,151.23565673828125,103852000
2014-03-26,151.8281873409161,152.07171236861137,150.1072986146116,150.14788818359375,119843000
2014-03-27,149.96930871684563,150.44823344181953,149.27932318098993,149.83131408691406,142383000
2014-03-28,150.26152621554317,151.3249059996926,150.17223412142852,150.5699920654297,101642000
2014-03-31,151.52784376222954,152.0392450714311,150.59434562550007,151.8038330078125,99745000
2014-04-01,152.29903861123373,152.89973218392848,151.79576250661418,152.81044006347656,89193000
2014-04-02,153.00521380124195,153.52472804917048,152.7210992214793,153.32179260253906,78774000
2014-04-03,153.55718580434663,153.597775369203,152.64803900530544,153.1188507080078,77435000
2014-04-04,153.95495629994662,153.98742052276629,151.06515740730475,151.3086700439453,169381000
2014-04-07,150.94339474396224,151.1950327360269,149.32803638734177,149.63648986816406,140803000
2014-04-08,149.57157579584833,150.4969611762853,149.0277101446108,150.25344848632812,112660000
2014-04-09,150.6593021644429,151.91749220524406,150.22095460051347,151.86878967285156,100254000
2014-04-10,151.86062991917512,151.9336836952534,148.4918946277392,148.67860412597656,172959000
2014-04-11,147.85069588658544,148.88972471543795,147.17694850149817,147.33929443359375,167251000
2014-04-14,148.49199672103202,148.84916527568421,147.28250875374545,148.5001220703125,132382000
2014-04-15,148.80853320629592,149.6283880781259,147.33926994163235,149.52285766601562,157093000
2014-04-16,150.55377069049783,151.09763627537166,149.88813638930404,151.0895233154297,105197000
2014-04-17,150.8866141636987,151.72270747292166,150.62685076585828,151.30059814453125,105255000
2014-04-21,151.34116357999335,151.87691621291924,151.15446640895505,151.8282012939453,68329000
2014-04-22,151.98245104318767,152.93218769591462,151.90128427498706,152.51820373535156,85790000
2014-04-23,152.4613483671775,152.54251511415282,152.03923916983715,152.16099548339844,73869000
2014-04-24,152.907817597541,152.92405590366147,151.7389072808338,152.469482421875,88170000
2014-04-25,151.9743479357512,152.06364005690128,150.87849121129145,151.21942138671875,100380000
2014-04-28,151.8363283800786,152.3558427126329,150.13979074257153,151.69833374023438,135121000
2014-04-29,152.18533676181895,152.6399101508873,151.8606450228261,152.40451049804688,84098000
2014-04-30,152.15293448593846,153.0133790921446,151.94187362209107,152.85914611816406,101508000
2014-05-01,152.78602834944317,153.2893042549621,152.3882704454776,152.8753204345703,93019000
2014-05-02,152.85912445211727,153.53287175620926,152.42890220999334,152.65618896484375,98122000
2014-05-05,151.90935106431834,153.0539099080072,151.487241884892,152.94837951660156,75883000
2014-05-06,152.60751384670988,152.71304428263514,151.58472326613145,151.6171875,85454000
2014-05-07,152.1285358996069,152.58310933235606,150.99208993153687,152.5100555419922,106500000
2014-05-08,152.37209619923797,153.45982750604534,151.86069477589123,152.3477325439453,93618000
2014-05-09,152.37204625606367,152.63991012828538,151.65770956695013,152.57498168945312,83679000
2014-05-12,153.25685412721708,154.13353675647372,152.6074582107829,154.0604705810547,86940000
2014-05-13,154.26343004108605,154.57189593629766,154.04426863930826,154.19850158691406,66454000
2014-05-14,154.0605860674544,154.13365229764514,153.24884365996516,153.468017578125,72367000
2014-05-15,153.15951242403932,153.19198904832857,151.37368206042387,152.1204833984375,154956000
2014-05-16,152.20973892879235,152.71302739460847,151.56846819464283,152.64808654785156,97458000
2014-05-19,152.35587450695843,153.32996253550004,152.2178798383168,153.2082061767578,63839000
2014-05-20,153.13509610947057,153.15133441471846,151.8525548774346,152.2421875,111644000
2014-05-21,152.6805312422395,153.59780355428848,152.6561799760965,153.52474975585938,89093000
2014-05-22,153.5652999716622,154.21469585588756,153.30554904968983,153.8981170654297,61549000
2014-05-23,154.0361385488842,154.6205937080226,153.89814391217075,154.51507568359375,61092800
2014-05-27,155.09142172804886,155.51353102853648,155.00212961421877,155.46482849121094,72010000
2014-05-28,155.46480913983154,155.7083341823464,155.09140242314902,155.35116577148438,66723000
2014-05-29,155.70829137524035,156.17909063881987,155.31053350227717,156.1547393798828,64377000
2014-05-30,156.008748356761,156.50391163533385,155.87886662128525,156.406494140625,76316000
2014-06-02,156.62559628588872,156.65807289798525,155.83009269630014,156.5850067138672,64656000
2014-06-03,156.2034770512455,156.5849967087131,156.05736946474178,156.5038299560547,65047000
2014-06-04,156.23599455770412,156.9097419507373,156.07364862369388,156.82044982910156,55529000
2014-06-05,156.99897943005064,158.00553130231162,156.42263732077498,157.8431854248047,92103000
2014-06-06,158.18413299486167,158.6387064566823,158.11107919982575,158.59812927246094,78696000
2014-06-09,158.5737703777886,159.14198717772507,158.42765040854934,158.76046752929688,65119000
2014-06-10,158.56564208323897,158.80916710331027,158.224712009618,158.77670288085938,57129000
2014-06-11,158.20850839621696,158.3870926243482,157.86757824783905,158.22474670410156,68772000
2014-06-12,158.03804867617947,158.12734078977107,156.75549485649978,157.1045379638672,106350000
2014-06-13,157.41300956242438,157.73771379911304,156.90973347830712,157.58348083496094,82017000
2014-06-16,157.38861085967073,158.04611970978218,157.20191372121602,157.7133026123047,87424000
2014-06-17,157.49419381132694,158.2653462708255,157.32372253327753,158.15170288085938,84834000
2014-06-18,158.15169959540015,159.40177685905795,157.8026440851981,159.31248474121094,105267000
2014-06-19,159.4504230092661,159.588430004024,158.9390341389942,159.4910125732422,85929000
2014-06-20,159.88826897277923,159.9453691612935,159.61910903882145,159.8148651123047,100587000
2014-06-23,159.8556806890281,159.90461660565583,159.47233274803938,159.76596069335938,70611000
2014-06-24,159.48042718071758,160.2715907362299,158.62401161133783,158.80345153808594,96237000
2014-06-25,158.46905327404014,159.6843488015205,158.4364334870733,159.52122497558594,82782000
2014-06-26,159.54568406486212,159.5620001802143,158.338552885339,159.4070281982422,84312000
2014-06-27,159.0318400031828,159.7659158833713,158.95843614882898,159.71697998046875,71445100
2014-06-30,159.6190751213072,160.00242290528473,159.48041926580126,159.63539123535156,70201200
2014-07-01,160.02689704543636,161.19325655654282,159.96980931239491,160.70387268066406,90470000
2014-07-02,160.720196691884,161.07091227857435,160.64679284056038,160.86700439453125,52475000
2014-07-03,161.32377590831155,161.73159172656415,161.20143614105623,161.65818786621094,52938800
2014-07-07,161.34828477298626,161.47877639923007,160.85890072652376,161.09542846679688,61696000
2014-07-08,160.80178570562933,160.85888589885965,159.66805813319752,160.0595703125,108143000
2014-07-09,160.4591869169474,160.92410286147634,160.11662316887055,160.77728271484375,72992000
2014-07-10,159.22764017011843,160.56527581739485,159.0971360958589,160.14114379882812,99040000
2014-07-11,160.04327798686353,160.47556185925174,159.6843979919252,160.3613739013672,64243000
2014-07-14,161.1769598189418,161.38086771748075,161.0383039414014,161.16880798339844,58658000
2014-07-15,161.26666832765358,161.57661229397496,160.1574089406371,160.86700439453125,111307000
2014-07-16,161.5847420792617,161.7070818147734,161.0219544048122,161.46240234375,79986400
2014-07-17,160.96486278987126,161.57658634375392,159.39883953984983,159.62722778320312,145398000
2014-07-18,160.14927018547343,161.42165349453325,160.05955021134483,161.25852966308594,124330000
2014-07-21,160.75284866692263,161.0872606506489,160.21452875832216,160.95675659179688,67592000
2014-07-22,161.50321586398678,161.95181575317483,161.3890279326981,161.65818786621094,67678000
2014-07-23,161.90291714494413,162.18839326170846,161.57666939340263,162.01710510253906,65612000
2014-07-24,162.1720429474456,162.35963474275164,161.86209893694323,162.0252227783203,56888000
2014-07-25,161.56850342211345,161.70715933734778,160.94862772243874,161.2667236328125,76837000
2014-07-28,161.29929220669374,161.5684521139276,160.36947272968115,161.33192443847656,69259000
2014-07-29,161.63372825977837,161.8621041341494,160.6141886614963,160.63865661621094,80466000
2014-07-30,161.20957284799667,161.4216450187384,159.9942897888073,160.66310119628906,104222000
2014-07-31,159.5457213481924,159.68437724721403,157.39245410384908,157.49032592773438,183479000
2014-08-01,157.05803014649587,158.0367856474424,156.2505627698519,157.00909423828125,189261000
2014-08-04,157.31084412955346,158.47720365148186,156.64203276823255,158.14279174804688,91340000
2014-08-05,157.49846868886766,157.90628449340065,156.0384811391311,156.6094207763672,152690000
2014-08-06,155.87535914171477,157.3271824273021,155.85089118879876,156.6583709716797,94818000
2014-08-07,157.3679945439322,157.5229665703871,155.41863512571402,155.8101348876953,135733000
2014-08-08,156.16084749838663,157.718694554249,155.74486737491634,157.6126708984375,117014000
2014-08-11,158.2080222984247,158.77080995089142,157.9959626166383,158.06936645507812,74544000
2014-08-12,157.91440362000372,158.35483912162888,157.3679320485872,157.84915161132812,73632000
2014-08-13,158.46907890496817,159.09711880422367,158.19993139369655,158.9176788330078,69047000
2014-08-14,159.17865831624115,159.66802978515625,159.03183816368167,159.66802978515625,57371000
2014-08-15,160.2471148337563,160.3939225235102,158.48534788341897,159.63539123535156,139951000
2014-08-18,160.51627084308788,161.04642630404587,160.42655088632824,160.9730224609375,75424000
2014-08-19,161.36455624911156,161.93549589235698,161.03830858027155,161.8131561279297,59135000
2014-08-20,161.59296024280363,162.44122424236778,161.5603404484602,162.24546813964844,72763000
2014-08-21,162.38412436789233,162.9305961544889,162.2536202991535,162.71853637695312,67791000
2014-08-22,162.58799222162904,162.87346824591603,162.09862075284414,162.4656524658203,76107000
2014-08-25,163.2405385734054,163.60757037320286,162.4330586574087,163.2894744873047,63855000
2014-08-26,163.3955078125,163.79517184511943,163.35472373642818,163.3955078125,47298000
2014-08-27,163.4769926120419,163.5911929537304,163.07734119832125,163.33018493652344,47874000
2014-08-28,162.79192437790732,163.3465603931991,162.6288005306633,163.2405242919922,58330000
2014-08-29,163.49334165028287,163.72171748855774,162.97950223693934,163.70541381835938,65907000
2014-09-02,163.91748346431393,163.94195141664252,163.01213189150448,163.6238555908203,72426000
2014-09-03,164.25187836765798,164.27634631744831,163.30574282393454,163.53411865234375,57462000
2014-09-04,163.81144686472894,164.41501872657616,162.84900755466086,163.297607421875,85236000
2014-09-05,163.26495114935628,164.0968987400982,162.64507570764485,164.03164672851562,102177000
2014-09-08,163.87670387383338,164.11324401354153,163.1263242756316,163.6075439453125,64146000
2014-09-09,163.46067516289926,163.5748630494127,162.2372281878783,162.57164001464844,88591000
2014-09-10,162.661394503325,163.28943428335768,162.12308713741825,163.18341064453125,67251000
2014-09-11,162.53090269515923,163.39547014815804,162.40855049514727,163.37100219726562,66774400
2014-09-12,163.20786580991356,163.22416947888667,161.95178634824822,162.4167022705078,117409300
2014-09-15,162.44122326371507,162.5717273314084,161.8050314906513,162.29440307617188,76401000
2014-09-16,161.9926404814978,163.8114960026517,161.90292048114202,163.5178680419922,116201000
2014-09-17,163.7543532254724,164.49656849297907,162.922405542205,163.738037109375,151266000
2014-09-18,164.23556756496822,164.63523150038645,164.02350784474302,164.6107635498047,94990000
2014-09-19,165.1344136857343,165.44579400748606,164.1264882254922,164.46246337890625,121649000
2014-09-22,164.17568025751956,164.20026258768138,162.84817191013886,163.1923370361328,125553000
2014-09-23,162.6022826887144,163.28242277512675,162.20895303160856,162.25811767578125,111393000
2014-09-24,162.28270076957378,163.63479100937406,161.85659884890134,163.52825927734375,107276000
2014-09-25,163.10219136922763,163.1103938147843,160.8323396136104,160.8896942138672,150300000
2014-09-26,161.18466874597425,162.569531419712,160.95522537439086,162.16799926757812,103547000
2014-09-29,160.77500949718586,162.15987271224,160.65209782283878,161.87306213378906,95112000
2014-09-30,161.99591021567474,162.4957716294319,161.1109090649051,161.44688415527344,131302000
2014-10-01,161.18465837729127,161.2420254683598,158.89841474903852,159.25897216796875,177798000
2014-10-02,159.11971622043185,159.84083133273654,157.62014389038086,159.2836151123047,157285000
2014-10-03,160.34884300398676,161.3813507495612,159.857183961847,161.0371856689453,121569000
2014-10-06,161.70915876536208,161.92222231684815,160.26694108818737,160.84873962402344,104778000
2014-10-07,160.02101824357334,160.3815755927316,158.33296565771684,158.36573791503906,147913000
2014-10-08,158.45589715547007,161.36492612932943,157.62826313910782,161.13548278808594,186461000
2014-10-09,160.88149927159859,161.10275273137614,157.80858317807332,157.939697265625,210705000
2014-10-10,157.8987607876745,158.68542049603005,156.09598541031812,156.13694763183594,221909000
2014-10-13,156.07132848527797,156.63673441005386,153.48188213340063,153.572021484375,230939000
2014-10-14,154.39967796092162,155.54690736765764,153.268840939579,153.80967712402344,215847000
2014-10-15,151.7282816084033,153.8014743047838,149.0732780646754,152.7689666748047,380715000
2014-10-16,150.00751695247,153.71140981038067,149.86821287976133,152.637939453125,270391000
2014-10-17,154.3996991108919,155.48956156990567,153.74414114634692,154.440673828125,214625000
2014-10-20,154.1620691070693,156.06317349146246,154.11290444681242,155.9402618408203,130011000
2014-10-21,157.071072455761,159.13607552751117,156.90718610168847,159.02955627441406,154949000
2014-10-22,159.30814185230938,159.71786393155276,157.83313986628806,157.89869689941406,151822000
2014-10-23,159.4802119921299,160.77493521320915,159.18521160626722,159.73423767089844,154944000
2014-10-24,159.99648648948875,161.01260183972647,159.37371337376499,160.9634246826172,117927000
2014-10-27,160.38981996964324,160.9798208314797,159.81621149389306,160.7421875,82954000
2014-10-28,161.2830241365299,162.59412744120144,161.2092646508088,162.5859375,106736000
2014-10-29,162.7006300397205,163.16770667904382,161.26660285164087,162.34007263183594,142557000
2014-10-30,161.90578107010916,163.8478597573474,161.7582746171517,163.3807830810547,113330000
2014-10-31,165.3474748255763,165.38025960064965,164.51984055903193,165.2491455078125,146903000
2014-11-03,165.46217554763325,165.8964799843175,164.96231407284407,165.33926391601562,93600000
2014-11-04,164.8967723610357,165.1999752534178,163.93802403412806,164.7656707763672,93343000
2014-11-05,165.9702065136358,166.01118122036854,165.0770154239963,165.8063201904297,91709000
2014-11-06,165.84733485251706,166.56024740726474,165.23275161463724,166.47010803222656,107089000
2014-11-07,166.4864894327522,166.83885696782158,166.02760264601483,166.62579345703125,89540000
2014-11-10,166.65859419318318,167.19941795579714,166.4537331077864,167.15025329589844,66319000
2014-11-11,167.21575762526558,167.42061864607547,166.8797825502435,167.3140869140625,54499400
2014-11-12,166.634019045173,167.3633240404695,166.60123426800862,167.13388061523438,90120300
2014-11-13,167.2976833062874,167.84670926373948,166.5192140383695,167.322265625,85357900
2014-11-14,167.24859006337317,167.5681728467818,166.93719722179063,167.36331176757812,80417500
2014-11-17,167.043716106025,167.6419069101387,166.87981725231535,167.46981811523438,80441000
2014-11-18,167.527153610452,168.73992737600364,167.527153610452,168.43673706054688,76068100
2014-11-19,168.2401135660301,168.43678470677602,167.41247929321466,168.16636657714844,82373000
2014-11-20,167.37969224228925,168.5678965088488,167.31413519626523,168.46136474609375,72840300
2014-11-21,170.14940391683788,170.3132902664267,168.78912345816937,169.36273193359375,142327300
2014-11-24,169.76426571286387,169.94454445022305,169.55121470676988,169.8380126953125,65880800
2014-11-25,170.06748876443305,170.27234986863715,169.46110789837581,169.7151336669922,79108300
2014-11-26,169.86261878889064,170.24775864497818,169.6495677529879,170.14942932128906,62167800
2014-11-28,170.02647943528194,170.3378597248582,169.55120030477224,169.78883361816406,57890100
2014-12-01,169.13330005779574,169.24802176069073,168.29747586687284,168.60885620117188,103968400
2014-12-02,168.64984268233167,169.90359155990558,168.62526035169128,169.69873046875,74507200
2014-12-03,169.87076377185514,170.5672837519187,169.70687745323573,170.35423278808594,68952000
2014-12-04,170.06744493595394,170.66564820875078,169.3791148041144,170.16578674316406,91316600
2014-12-05,170.33783472485194,170.829506168039,170.07561912454997,170.44436645507812,91025500
2014-12-08,170.05101009737956,170.54266895963062,168.748084728667,169.30531311035156,108588200
2014-12-09,167.46979040238645,169.29715978829483,167.09285311017462,169.1906280517578,125180100
2014-12-10,168.73175829411525,168.78911288620185,166.28980557440164,166.47828674316406,159856400
2014-12-11,167.06823999582156,168.9611535590262,166.92893602187607,167.322265625,159012800
2014-12-12,166.05214540483456,167.01909590681004,164.58534602505827,164.6181182861328,202330200
2014-12-15,165.51133282276095,165.96202962481365,162.88911393408057,163.4873046875,189965800
2014-12-16,162.7252346227588,165.85550503958038,162.13523378436992,162.17620849609375,259543800
2014-12-17,162.6105510954629,165.80637930033063,162.48762693144218,165.35568237304688,253910100
2014-12-18,167.77302606332887,174.5170489736125,167.1010757532422,169.44468688964844,257633900
2014-12-19,170.09148283703885,170.8330605981145,169.41583651008966,170.1656494140625,245084600
2014-12-22,170.35515287325197,170.9484100341797,170.11620800944846,170.9484100341797,148318900
2014-12-23,171.52520280260094,171.5746388092108,170.89074471471864,171.17913818359375,122167900
2014-12-24,171.40157886013054,171.66524170077506,171.15438630327048,171.19558715820312,42963400
2014-12-26,171.6405304340055,172.0854795683514,171.5910944352418,171.74765014648438,57326700
2014-12-29,171.56636438724016,172.1843394738604,171.5004455359391,171.9783477783203,79643900
2014-12-30,171.55814702551612,171.68997216904498,170.9813601600387,171.05552673339844,73540800
2014-12-31,171.37689873891466,171.54168962233103,169.23457953628642,169.35816955566406,130333800
2015-01-02,170.050326374956,170.46230990618886,168.2375887793397,169.26754760742188,121465900
2015-01-05,168.2293181695571,168.39410903276186,165.90573808107496,166.21060180664062,169632600
2015-01-06,166.51546104230036,167.03456419149842,163.8540515837314,164.6450653076172,209151400
2015-01-07,165.9633863814453,167.03454570394203,165.518449854762,166.69671630859375,125346700
2015-01-08,168.0974730491747,169.8690093256582,168.08100276449525,169.65476989746094,147217800
2015-01-09,170.06670446926213,170.08318732194306,167.68544145254816,168.29518127441406,158567300
2015-01-12,168.42713425283634,168.58369002864853,166.37545144879564,166.97694396972656,144396100
2015-01-13,168.18813502289086,169.30873061252777,165.21361373830064,166.5072479248047,214553300
2015-01-14,164.50497821214233,165.6997402147332,163.61510506928573,165.50198364257812,192991100
2015-01-15,166.13643959644816,166.44953844924805,163.87053076429905,163.9858856201172,176613900
2015-01-16,163.77991338204083,166.293015081969,163.59863964809597,166.13645935058594,211879600
2015-01-20,166.77086833911568,167.03454373903753,164.93342597207484,166.49072265625,130991100
2015-01-21,166.02930772449517,167.80907900341523,165.56788833501264,167.3311767578125,122942700
2015-01-22,168.0810094473482,169.95140522448418,166.71322140038436,169.819580078125,174356000
2015-01-23,169.564119738954,169.8195600042842,168.75663580723023,168.8884735107422,117516800
2015-01-26,168.67428432824417,169.37464871062735,167.96567222959058,169.2840118408203,92009700
2015-01-27,167.24058005329104,168.18813705752373,166.22710418148955,167.0510711669922,134044600
2015-01-28,168.22930726446546,168.32817926143179,164.71921307206398,164.90872192382812,168514300
2015-01-29,165.10648776880188,166.68850267284625,163.70573401180317,166.43307495117188,173585400
2015-01-30,165.26303082958518,166.58137019560846,164.0765165992491,164.34017944335938,197729700
2015-02-02,164.83461286717392,166.46606412560314,163.03012299413967,166.37542724609375,163107000
2015-02-03,167.26533652096325,168.78968082377298,166.89455380677046,168.78143310546875,124212900
2015-02-04,168.0233017716348,169.22629878455885,167.6854723793993,168.13865661621094,134306700
2015-02-05,168.79785059929478,169.9843648834055,168.72369659972196,169.83604431152344,97953200
2015-02-06,170.19859606236224,170.75890007641658,168.8472908873023,169.36639404296875,125672000
2015-02-09,168.72373806397397,169.44058538148425,168.20463479392058,168.60838317871094,87219000
2015-02-10,169.6383795867851,170.6600909189883,168.64960883947037,170.4046630859375,96164200
2015-02-11,170.23981611142796,170.93194534851392,169.59712288088554,170.50347900390625,91087800
2015-02-12,171.2944579002742,172.20082641122664,170.53640995144835,172.1431427001953,97545900
2015-02-13,172.2667362476208,172.90118159934494,172.011295991369,172.85174560546875,93670400
2015-02-17,172.53865049954948,173.29671105298593,172.29147050683778,173.12367248535156,76968200
2015-02-18,172.75297791412572,173.2143975658568,172.48930235728363,173.14024353027344,80652900
2015-02-19,172.54693165380414,173.37913379359748,172.40685877320954,173.01658630371094,91462500
2015-02-20,172.60460433909398,174.12894832436666,171.9866290865897,174.05479431152344,140896400
2015-02-23,173.80760046355132,174.0300750732422,173.42857011269794,174.0300750732422,74411100
2015-02-24,173.9559205595038,174.72221645817518,173.65929191691157,174.5244598388672,72472300
2015-02-25,174.4008471530005,174.87874949135494,174.03829968440488,174.37612915039062,73061700
2015-02-26,174.28549036653706,174.44204609650325,173.56863058052016,174.17013549804688,72697900
2015-02-27,174.07124638593027,174.33492183432463,173.52743777590726,173.57687377929688,108076000
2015-03-02,173.67576962994886,174.73044642284773,173.6263336197722,174.6727752685547,87491400
2015-03-03,174.24426499906545,174.7221672649512,173.0989516184424,173.95587158203125,110325800
2015-03-04,173.36262229593285,173.43678886860448,172.25850972111044,173.22254943847656,114497200
2015-03-05,173.54391927618923,173.6922398686798,172.90947376137532,173.41209411621094,76873000
2015-03-06,172.55519038874388,172.98365680561906,170.64359323445663,170.97317504882812,188128000
2015-03-09,171.1709223977097,172.0360777566986,171.01436664391485,171.68177795410156,89818900
2015-03-10,170.32224644132774,170.40463560849065,168.85557342204058,168.8967742919922,157121300
2015-03-11,169.1521949353537,169.32523355274154,168.41886474307137,168.5012664794922,110145700
2015-03-12,169.12741574830258,170.7094304479297,169.0779797534291,170.64352416992188,93993500
2015-03-13,170.37160716696647,171.32739903467038,168.56711798607776,169.59707641601562,162410900
2015-03-16,170.32217748797643,171.95362818111172,169.62180070056112,171.8629913330078,136099200
2015-03-17,171.12971349315757,171.73120590124896,170.54469137319978,171.35218811035156,94510400
2015-03-18,170.88250948225874,174.07950535057307,170.24805139470664,173.41209411621094,228808500
2015-03-19,173.00010882563075,173.4203274499487,172.2338130133591,172.62107849121094,117917300
2015-03-20,173.56544166464516,174.64965461375428,173.38335875102342,174.14479064941406,177715100
2015-03-23,174.15304453556226,174.72412155748765,173.80543518066406,173.80543518066406,71784500
2015-03-24,173.68133087234958,174.13652557841615,172.762644297807,172.828857421875,77805300
2015-03-25,173.03568772802535,173.26742723939157,170.25480096277474,170.29617309570312,159521700
2015-03-26,169.63413335156343,170.8011032627564,168.93890191840413,169.8907012939453,153067200
2015-03-27,169.77479920123068,170.45346143952418,169.5844317850146,170.2796630859375,118939000
2015-03-30,171.3059127415639,172.6549777719399,171.28936893876872,172.35702514648438,96180400
2015-03-31,171.53771597981955,172.23294745000203,170.79284045395625,170.85076904296875,126768700
2015-04-01,170.81765912889423,170.8424874697604,169.26168241402135,170.24658203125,137303600
2015-04-02,170.18036433094065,171.30596205906053,169.99828141691677,170.85903930664062,86900900
2015-04-06,169.97346328746013,172.5226116080673,169.84104967473803,172.0094757080078,114368200
2015-04-07,172.0342652822478,172.7791406227922,171.52112949782202,171.55422973632812,81236300
2015-04-08,171.77769420945268,172.57222620747424,171.3887001127006,172.13357543945312,89351900
2015-04-09,171.96807643480446,173.12677437884773,171.47976891759052,172.89503479003906,85548900
2015-04-10,173.1433128000492,173.87991626544922,172.94468610394253,173.83853149414062,72722900
2015-04-13,173.69777738815787,174.32679540004014,173.00255891815064,173.05221557617188,74436600
2015-04-14,172.85362386603953,173.5653989088068,172.23289025765612,173.38331604003906,75099900
2015-04-15,173.84683466458407,174.66619513158932,173.7640651130928,174.1613311767578,99529300
2015-04-16,173.83026756672515,174.61652774222532,173.63162823264585,174.11166381835938,68934900
2015-04-17,172.9281070316124,173.1681184676077,171.33074599599726,172.10873413085938,191113200
2015-04-20,173.0274431208199,174.01234258579933,172.94468620701252,173.68128967285156,92189500
2015-04-21,174.36003067504745,174.51728529981543,173.17650397935554,173.47445678710938,72559800
2015-04-22,173.81371006782535,174.50894141841778,172.89502367522857,174.3268585205078,78264600
2015-04-23,173.92963422797035,175.4111262123887,173.81376440479212,174.76556396484375,102585900
2015-04-24,175.17928977894266,175.4358576293068,174.72408264336593,175.17100524902344,61327400
2015-04-27,175.73382715305146,175.85796882521973,174.2523358446019,174.4427032470703,79358100
2015-04-28,174.41787405170209,175.04687956901284,173.25089182364948,174.99722290039062,86863500
2015-04-29,174.1116825690308,174.87311448837966,173.47440498267443,174.2772216796875,125684900
2015-04-30,173.70616890949674,174.0951631420665,171.83568277955806,172.53091430664062,161304900
2015-05-01,173.3088393254637,174.44272144124693,173.20952597737084,174.40133666992188,103399700
2015-05-04,174.8233905609093,175.47723696146258,174.71580533499838,174.89788818359375,70927200
2015-05-05,174.657922674561,175.01381659021314,172.75433665603813,172.89503479003906,113326200
2015-05-06,173.44123586592173,173.74746038938505,171.12382798568237,172.18321228027344,135060200
2015-05-07,172.0839485085861,173.29231577668872,171.75289555700596,172.87020874023438,88244900
2015-05-08,174.5337909840612,175.34487959139798,174.45102142808634,175.146240234375,155877300
2015-05-11,175.10483211158484,175.36967190434544,174.2358024678275,174.31028747558594,75708100
2015-05-12,173.4826852745384,174.32688679003272,172.66331210107083,173.78890991210938,119727600
2015-05-13,174.19441336639656,174.8151470066639,173.59023615928334,173.8219757080078,94667900
2015-05-14,174.83176571517885,175.7256239910206,174.5586413007109,175.63458251953125,95934000
2015-05-15,175.82485961914062,175.96555771670614,175.34482412981623,175.82485961914062,76510100
2015-05-18,175.65936438184937,176.61942290212738,175.59315127202686,176.3711395263672,74549700
2015-05-19,176.48702817355368,176.76015254493973,176.03182088791033,176.31321716308594,72114600
2015-05-20,176.4125267125117,176.9339471037886,175.87456251401304,176.18907165527344,76857500
2015-05-21,176.04834506739874,176.90909017165316,175.88280599105198,176.70217895507812,64764600
2015-05-22,176.32144721122995,176.73526962196954,176.21386197206093,176.2800750732422,57433500
2015-05-26,175.79175933015534,176.2138662819026,173.97094320413913,174.384765625,124308600
2015-05-27,174.83998698806207,176.27180914423877,174.43443643635138,176.04006958007812,93214000
2015-05-28,175.7338632910631,175.94904644335773,175.15451432037722,175.84146118164062,74974600
2015-05-29,175.7752313862801,175.81660352901272,174.48410733731347,174.7489471435547,124919600
2015-06-01,175.41109829212778,175.7421512688393,174.31860073702902,175.10487365722656,93338800
2015-06-02,174.6496187981613,175.61796175173745,174.02888516416186,174.93101501464844,91531000
2015-06-03,175.46068330891364,176.01520376428567,174.90616285354164,175.39447021484375,87820900
2015-06-04,174.6910744283151,175.34490856465314,173.59857672746074,173.9130859375,151882800
2015-06-05,173.76403654187754,174.28545684704468,172.96122001408557,173.6150665283203,121704700
2015-06-08,173.5075108812999,173.6564935599734,172.4729545502893,172.5474395751953,89063300
2015-06-09,172.52256774902344,173.06054448286812,171.89356220470077,172.52256774902344,105034700
2015-06-10,173.28402474351776,174.9724275682748,173.22609616215163,174.59170532226562,134551300
2015-06-11,175.03037142217224,175.53523540720437,174.79863181876678,175.15452575683594,73876400
2015-06-12,174.33515639532266,175.03037522062644,173.54061157436013,173.81373596191406,135382400
2015-06-15,172.67980781976254,173.35019807648044,171.9763046994113,173.0688018798828,124384200
2015-06-16,172.9198318415462,174.09509863781517,172.74603349581696,174.0123291015625,85308200
2015-06-17,174.29371643066406,174.89790623101047,173.2757168567306,174.29371643066406,126708600
2015-06-18,174.88968393574558,176.56980247723928,174.32689133000042,176.1063232421875,165867900
2015-06-19,175.86505635081244,175.93990365305393,174.9502136891323,175.324462890625,130478700
2015-06-22,176.23935425368018,176.80488428060616,176.0147995946178,176.22271728515625,70696000
2015-06-23,176.4306147697586,176.68011850788776,175.95656908857174,176.34744262695312,68476800
2015-06-24,176.08133551629476,176.4555848227745,175.04174705924612,175.0666961669922,92307300
2015-06-25,175.56573082290518,175.69047638090552,174.45960701090294,174.53445434570312,97107400
2015-06-26,174.89200265232557,175.13319422979956,173.9522235157458,174.50112915039062,104174800
2015-06-29,173.0290794637627,174.50945219008148,170.7669343041614,170.84178161621094,202621300
2015-06-30,172.3720785092808,172.42198941511714,170.7253739447675,171.19943237304688,182925100
2015-07-01,172.76301234306723,173.01251617977732,171.7899588011609,172.5717315673828,135979900
2015-07-02,173.0457283654755,173.21205996715375,171.99781516335582,172.4136505126953,104373700
2015-07-06,171.13287379186576,172.69640598984356,170.93326826667652,171.92295837402344,117975400
2015-07-07,172.12259662024158,173.12891119494245,169.75232973288658,173.00416564941406,173820200
2015-07-08,171.67346540118666,171.95623039521413,169.86874149419305,170.1016082763672,164020100
2015-07-09,172.18913801615184,172.44696665569074,170.30125420507525,170.40936279296875,144113100
2015-07-10,172.39701898396842,172.97087381460608,170.45091253333575,172.55503845214844,129456900
2015-07-13,173.81086208595383,174.5676727692977,173.76927601339287,174.45956420898438,106069400
2015-07-14,174.4180032755056,175.5241269755584,174.35978022747096,175.21640014648438,81709600
2015-07-15,175.2579690339328,175.7153904725882,174.68411420091857,175.15817260742188,97914100
2015-07-16,176.20603473380666,176.56365966796875,175.96485585889977,176.56365966796875,106683300
2015-07-17,176.55540518528056,176.77164773544249,176.14789457666555,176.7134246826172,89030000
2015-07-20,176.9378951519699,177.29550736810856,176.48879867514484,176.80482482910156,70446800
2015-07-21,176.67183808770818,176.92966671909812,175.80690596044315,176.10630798339844,77965000
2015-07-22,175.42431550362008,176.12292861924817,175.3910542553946,175.79025268554688,88667900
2015-07-23,175.9233129582215,176.02310938745734,174.4429400365433,174.80055236816406,90509100
2015-07-24,174.90036359915393,174.9585739534814,172.654855082219,172.98751831054688,117755000
2015-07-27,172.1059746773746,172.61329442396672,171.54043187759277,171.98121643066406,132361100
2015-07-28,172.8128479541322,174.2350104248588,171.98950208870576,174.0936279296875,123544800
2015-07-29,174.21836698588396,175.51577119011958,174.07698449596467,175.29122924804688,105791300
2015-07-30,174.78388857218434,175.49912576400212,174.16844778703884,175.33279418945312,91304400
2015-07-31,175.83183174854534,175.8567808562914,174.78393115234425,175.0666961669922,103266900
2015-08-03,175.03347276634796,175.09168313357893,173.52813769521094,174.4762420654297,113965700
2015-08-04,174.40136670830458,174.85878819288368,173.65286805374927,174.13523864746094,81820800
2015-08-05,175.02513274776874,175.7403702064177,174.42632870377005,174.7091064453125,85786800
2015-08-06,174.8920408655341,175.00016212666623,172.69643053750892,173.2786102294922,116030800
2015-08-07,173.12056401144787,173.27025863578,172.0477017759198,172.94590759277344,117858000
2015-08-10,174.05207644959614,175.2080984366142,174.05207644959614,175.12493896484375,80270700
2015-08-11,173.79421197816612,174.21004729175883,172.78788493554558,173.54470825195312,126081400
2015-08-12,172.2473178456554,173.93560833830855,170.79189413196906,173.7526397705078,172123700
2015-08-13,173.5946178194664,174.27659386972576,172.9958139134832,173.53640747070312,89383300
2015-08-14,173.34512893495634,174.2433348709196,173.2037464297985,174.16848754882812,72786500
2015-08-17,173.57799302121936,175.1415252685547,173.1205716096502,175.1415252685547,79072600
2015-08-18,174.86711365601124,175.2164139007703,174.4013799963325,174.63424682617188,71692700
2015-08-19,173.89403946974545,174.6591750606617,172.44694044161014,173.253662109375,172946000
2015-08-20,171.7483330321831,173.22870604693054,169.57767172781692,169.63589477539062,194327900
2015-08-21,167.77291409561514,169.61091178762499,164.27158781942728,164.52940368652344,346588500
2015-08-24,155.9299546251587,164.23833735657138,151.69674083211345,157.6016082763672,507244300
2015-08-25,162.533434014676,162.55007098556018,155.45591939317808,155.74700927734375,369833100
2015-08-26,159.747364596865,162.00118586353452,156.6618596534704,161.72674560546875,339257000
2015-08-27,163.85577631670665,165.85178106006242,162.35045427496829,165.72703552246094,274143900
2015-08-28,165.08664937112624,166.2010851675592,164.60427879723235,165.7353515625,160414400
2015-08-31,164.7622841872376,165.610591861225,163.84744133388966,164.39634704589844,163298800
2015-09-01,160.61226520831102,161.9845296798491,158.62457244980104,159.48951721191406,256000400
2015-09-02,161.85977286453277,162.5583860063134,160.03009957669445,162.5167999267578,160269300
2015-09-03,163.22365769531467,164.71235508747648,162.1424961317428,162.6331787109375,152087800
2015-09-04,160.38769024511666,161.22767303477093,159.35641406857826,160.17144775390625,207081000
2015-09-08,162.9575352677576,164.34642361175145,162.3171453686945,164.19671630859375,116025700
2015-09-09,165.76859346144022,165.89333897786784,161.63518947998506,162.00111389160156,149347700
2015-09-10,161.80982826003762,164.022075079209,161.55201240710525,162.8826904296875,158611100
2015-09-11,162.49189742031157,163.6895057893682,161.7849719359871,163.6229705810547,119691200
2015-09-14,163.7975501158982,163.84744832997723,162.5334070346458,163.01577758789062,79452000
2015-09-15,163.51479446591247,165.4941750062351,162.97421352873837,165.0533905029297,113806200
2015-09-16,165.35279608532932,166.67514962395944,165.01180800848826,166.48385620117188,99581600
2015-09-17,166.3507343945147,168.73762463176556,165.73529366551574,166.1095428466797,276046600
2015-09-18,163.61246252375318,166.095354048049,162.98546675101164,163.3950958251953,223657500
2015-09-21,164.222763232418,165.25938825858097,163.19449355908208,164.23948669433594,105726200
2015-09-22,162.08264823156475,162.56752666352745,160.97912916097386,162.10772705078125,153890900
2015-09-23,162.27489386503237,162.74304874679908,161.2717030103517,161.84854125976562,92790600
2015-09-24,160.6363250984917,161.723120411968,159.30709701235185,161.26332092285156,159378800
2015-09-25,162.71796688143738,163.01892540782544,160.3521009460491,161.22154235839844,155054800
2015-09-28,160.32696410682263,160.43564743309784,156.86594868409188,157.17526245117188,178515900
2015-09-29,157.39272558422127,158.6216388125004,156.27248299257263,157.26731872558594,159045600
2015-09-30,159.14823809088995,160.36879543749174,158.37076947932167,160.20159912109375,163452000
2015-10-01,160.5778113747788,160.92057215200472,158.68846855841454,160.61961364746094,131079000
2015-10-02,158.64667341224848,163.0439997119208,158.10326935549577,163.0189208984375,211003300
2015-10-05,164.23950106479637,166.1455676897734,164.13081768721608,165.9198455810547,126320800
2015-10-06,165.78608489375063,166.34619973759558,164.690934023228,165.3513641357422,110274500
2015-10-07,166.2793230608517,167.05680468250551,165.09221224373042,166.7056884765625,124307300
2015-10-08,166.32113885633336,168.49473012450835,166.02018026160553,168.2104949951172,153055200
2015-10-09,168.35257803347145,168.78728599294183,167.68377987609506,168.31077575683594,107069200
2015-10-12,168.38604569865194,168.67028082629506,167.95969300718727,168.4696502685547,56395600
2015-10-13,167.74230593463147,169.00466590360523,167.24071684469598,167.4079132080078,88038700
2015-10-14,167.34936598496148,167.926204207173,166.31274101172406,166.60533142089844,99106200
2015-10-15,167.26578677357645,169.17185327783363,166.89794714007698,169.1634979248047,134142200
2015-10-16,169.56480799290574,169.94935841471005,168.8040497478462,169.93264770507812,114580100
2015-10-19,169.28887847560063,170.0161895751953,168.9795646068099,170.0161895751953,76523900
2015-10-20,169.58151988458505,170.40914642421916,169.3307189382881,169.7988739013672,78448500
2015-10-21,170.21685980932756,170.3673327132533,168.57830479218902,168.74551391601562,102038000
2015-10-22,169.69017062421008,171.80523582065535,168.74550545453735,171.5962371826172,174911700
2015-10-23,173.25986464451492,173.84505825852705,172.465672400051,173.4772186279297,144442300
2015-10-26,173.30167372036806,173.36018670593268,172.68303315770692,173.05087280273438,69033000
2015-10-27,172.38207097188328,173.0508691527118,172.0393101502223,172.7164764404297,77905800
2015-10-28,173.05085883359754,174.70612434633904,172.39042880152962,174.68104553222656,135906700
2015-10-29,174.17943001429148,174.94854329476564,174.06239131413804,174.58070373535156,90525500
2015-10-30,174.77301653548977,175.09069854277453,173.66951037566886,173.82833862304688,131076900
2015-11-02,174.1544158782471,176.07719341534738,174.0290090239147,175.88491821289062,86270800
2015-11-03,175.53371757337985,176.94654992811374,175.30799554913722,176.39479064941406,95246100
2015-11-04,176.68742605670448,176.8128201174033,175.3247510678855,175.8597869873047,96224500
2015-11-05,175.9183273318255,176.37812688635816,174.79809769442923,175.6842498779297,78408700
2015-11-06,175.34151223970306,175.8263906391281,174.2714401707186,175.59230041503906,110471500
2015-11-09,174.9819896555417,175.13247528409406,173.0090423180787,173.95372009277344,131008700
2015-11-10,173.47721420953502,174.3884579098564,173.2097026026275,174.35501098632812,75874600
2015-11-11,174.62252780808376,174.6726854349463,173.6026135410018,173.66949462890625,67846000
2015-11-12,172.63290193955868,173.10105692076502,171.2284369959397,171.24514770507812,121315200
2015-11-13,170.83542589560682,171.10293741578366,169.23867385580832,169.322265625,153577100
2015-11-16,169.13842962780612,171.95572728172053,169.02137814053694,171.89720153808594,117645200
2015-11-17,172.20654085384277,173.0843250227058,171.2785862912092,171.77182006835938,121123700
2015-11-18,172.2482890016951,174.63923361307806,172.2064994846576,174.4971160888672,121342500
2015-11-19,174.38006807423167,174.76463110931041,174.05403076990362,174.3466339111328,88220500
2015-11-20,175.09909441652601,175.65920935733473,174.60586058516319,174.9820556640625,94011500
2015-11-23,175.04054359954463,175.5421326776157,174.32158777367135,174.78138732910156,64931200
2015-11-24,173.77817608423797,175.4167309495358,173.39362575010847,175.0154571533203,98874400
2015-11-25,175.1407987726487,175.34144198879466,174.7311569899483,174.99032592773438,51980100
2015-11-27,175.08228040394124,175.39160696968958,174.60577028544031,175.1909637451172,37317800
2015-11-30,175.34985149569619,175.46689021886348,174.35501597064206,174.4636993408203,112822700
2015-12-01,175.09069429523274,176.24437081474125,174.81481457290403,176.1273193359375,97858400
2015-12-02,176.0771509151852,176.3948328952947,174.0791246452473,174.32992553710938,108441300
2015-12-03,174.58074318982835,174.84825481223766,171.1698838993245,171.8888397216797,166224200
2015-12-04,171.88884673408964,175.53378362650037,171.88884673408964,175.24118041992188,192913900
2015-12-07,174.9151251015423,175.33312235019997,173.21805729249317,174.17945861816406,102027100
2015-12-08,172.62449815934227,174.12927796072816,172.03093648850808,173.00904846191406,103372400
2015-12-09,172.37370159741678,174.45531966113742,170.69334455078356,171.66310119628906,162401500
2015-12-10,171.73003661066258,173.41038143260286,171.49595910580328,172.10623168945312,116128900
2015-12-11,169.99952785720936,170.6599580594321,168.46128790983457,168.77061462402344,211173300
2015-12-14,168.9293963640286,169.74866731316496,167.1570795425392,169.62326049804688,182385200
2015-12-15,171.12808145000753,172.30683682436776,169.59820989618638,171.40396118164062,154069600
2015-12-16,172.5241875432432,174.21290007018928,171.21168276083145,173.9119415283203,197017000
2015-12-17,174.2212403367473,174.28812142428936,171.24510210057215,171.26182556152344,173092500
2015-12-18,170.5234828257022,170.65802826719286,168.05102908372263,168.2108154296875,251393500
2015-12-21,169.3797258906182,169.77498271244173,168.2696396253656,169.59837341308594,99094300
2015-12-22,170.481434581934,171.43173476122777,169.4975012497569,171.13739013671875,111026200
2015-12-23,172.13811564780246,173.29865811337848,172.0456084537032,173.25660705566406,110987200
2015-12-24,173.00430332569002,173.5172954022791,172.75200982648252,172.9706573486328,48539600
2015-12-28,172.2811100869447,172.61749294503812,171.50741924758302,172.57545471191406,65899900
2015-12-29,173.66869730253606,174.745137796761,173.63506415117155,174.4171600341797,92640700
2015-12-30,174.1732746058439,174.25737672780107,173.03796012033254,173.18092346191406,63317700
2015-12-31,172.5081777608578,173.14731033221142,171.44854736328125,171.44854736328125,114877900
2016-01-04,168.60606005038835,169.0601781507124,167.008209539375,169.05177307128906,222353500
2016-01-05,169.3713254091288,169.79181034096098,168.23602379249098,169.3376922607422,110845800
2016-01-06,166.79800054241517,168.24447008885522,166.17569090344355,167.20167541503906,152112600
2016-01-07,164.26665653892186,166.0411035890853,162.8033642538553,163.19021606445312,213436100
2016-01-08,164.14886963902637,164.7039126931674,161.11296865960358,161.39889526367188,209817200
2016-01-11,162.31558354036966,162.65197917431388,159.63290054068452,161.5587158203125,187941300
2016-01-12,162.99677138132162,163.6106757369849,160.74296566414114,162.86221313476562,172330500
2016-01-13,163.52656949568546,163.87137018171097,158.4218896556032,158.80032348632812,221168900
2016-01-14,159.40586404289417,162.52585551726517,157.81643127635823,161.40736389160156,240795600
2016-01-15,157.06796280692814,158.74148481243708,156.01675035836897,157.94256591796875,324846400
2016-01-19,159.7506674780919,159.87680784571734,156.588612052986,158.15281677246094,195244400
2016-01-20,155.60462522225873,157.681821443313,152.23234128724235,156.1260223388672,286547800
2016-01-21,156.5970094310656,158.83397959412105,155.27668053952908,157.00067138671875,195772900
2016-01-22,159.59923539326783,160.4233821411335,158.8423677641108,160.2215576171875,168319600
2016-01-25,159.71698596011285,159.91040542483697,157.60615634093995,157.79957580566406,130371700
2016-01-26,158.45555862577692,160.23000575805105,158.11917577400814,159.95248413085938,141036800
2016-01-27,159.43102756991277,161.09614388163698,157.3117804617866,158.2116241455078,185681700
2016-01-28,159.75064189917398,159.95246645505898,157.39592370045483,159.0358123779297,143798800
2016-01-29,159.80113309627245,163.04727801479393,159.6833978021161,162.9127197265625,210529300
2016-02-01,161.91187790917306,163.6358681752829,161.33160682540253,162.853759765625,136061600
2016-02-02,161.43261768664232,161.44102276762055,159.3974588576561,159.9188690185547,182564900
2016-02-03,160.97000961954572,161.2811642950244,157.3454323498448,160.87750244140625,205054900
2016-02-04,160.38138953068196,162.0969626330107,159.75066204961968,161.12985229492188,139531800
2016-02-05,160.61679659775575,161.1886497950574,157.42951446751223,158.06024169921875,180788300
2016-02-08,156.22691588459708,156.52124752588443,153.7292353107009,155.9325714111328,191526700
2016-02-09,154.20023904512558,157.21091278145332,154.06568078343693,155.9410400390625,184513100
2016-02-10,156.7651317441645,158.38819676288816,155.68027387429214,155.80642700195312,148214100
2016-02-11,153.34244670274717,154.82256192212859,152.29123433997384,153.77975463867188,219058900
2016-02-12,155.54579243158952,156.96702072947815,154.70482256358872,156.95021057128906,127632400
2016-02-16,158.74989866451398,159.62450175318617,157.7911934492347,159.59927368164062,120250700
2016-02-17,160.75981426882714,162.57631239023576,160.63366108051162,162.20628356933594,136009500
2016-02-18,162.4753623648004,162.5342364100918,161.23073065709553,161.54188537597656,102343000
2016-02-19,160.76822569323,161.6176007331378,160.16272629553106,161.4662322998047,114793000
2016-02-22,163.0387764541717,163.94702518547737,162.97149734457372,163.80406188964844,103640300
2016-02-23,163.14815956732068,163.41727609306477,161.61758819956123,161.73533630371094,111455300
2016-02-24,160.31407141872498,162.75287861972492,159.21240307277986,162.47535705566406,150812200
2016-02-25,162.9210839433892,164.45165521570598,162.16421621824927,164.4432373046875,110728300
2016-02-26,165.30947943673962,165.40197381805424,163.90504824121246,164.06483459472656,129833700
2016-02-29,164.08162778086034,165.02350990560976,162.5847024759486,162.7781219482422,125918100
2016-03-01,163.99755632872777,166.68867061495902,163.52661517829247,166.6045684814453,141799700
2016-03-02,166.29340978015458,167.40348348979975,165.88132986710897,167.35302734375,102415000
2016-03-03,167.17639213163855,168.02577989932098,166.6045387886515,168.0089569091797,95172200
2016-03-04,168.20236673015884,169.32927602568247,167.37821991107634,168.55557250976562,129293600
2016-03-07,167.6388819629211,169.0937686532972,167.563197776396,168.69009399414062,100219000
2016-03-08,167.62212277197764,168.12669700106255,166.6886456911612,166.84841918945312,123974900
2016-03-09,167.6557996856485,168.01741066927798,166.8736908197425,167.67262268066406,94801200
2016-03-10,168.16036284896478,169.09384004006324,165.9906587606769,167.80714416503906,156838700
2016-03-11,169.25359036882483,170.55709622569168,167.79031101667988,170.51504516601562,137964500
2016-03-14,170.01042959640884,170.7504741715497,169.68245194219742,170.29635620117188,73612000
2016-03-15,169.33770678601047,170.32164007103475,169.07700815906168,170.01889038085938,93169100
2016-03-16,169.5395282788217,171.40648238765817,169.49747721954162,171.0028076171875,129303200
2016-03-17,170.91875964917796,172.5922818563243,170.5235026943218,172.08770751953125,134278500
2016-03-18,172.58635007193652,173.1019879218968,172.2735905705773,172.7638702392578,138372400
2016-03-21,172.50184137839855,173.23725449310788,172.2736048296266,173.00901794433594,72926700
2016-03-22,172.23987376963674,173.48247698675954,172.07927615855496,172.91612243652344,97471900
2016-03-23,172.53570440818353,172.72167307934697,171.6058610523664,171.77493286132812,81052500
2016-03-24,170.75209710695995,171.73265679981606,170.5323218234029,171.69883728027344,84360900
2016-03-28,172.11302202861935,172.32434885627111,171.35225060841947,171.80026245117188,62408200
2016-03-29,171.39453917293912,173.499359431378,171.0902279656753,173.38946533203125,92922900
2016-03-30,174.386938362037,174.86875692583024,173.78676436680576,174.15025329589844,86365300
2016-03-31,174.05717777852038,174.47983130356266,173.56689814166788,173.72750854492188,94584100
2016-04-01,172.738547229676,175.09694885743517,172.42577476626965,174.91098022460938,114423500
2016-04-04,174.8349301055988,175.03780852386896,174.04033909033305,174.3446502685547,63497000
2016-04-05,173.0090306052794,174.3530660161623,172.34969199245515,172.60328674316406,99662200
2016-04-06,172.60329540527508,174.54750472712718,172.42577520136052,174.4883270263672,91839800
2016-04-07,173.4063849361208,173.76141254835287,171.67350193245986,172.4004669189453,113859000
2016-04-08,173.5754268590138,174.00654190892814,172.33282388873346,172.86537170410156,95040600
2016-04-11,173.49931906851236,174.19247722872257,172.36661040990907,172.4595947265625,83757500
2016-04-12,172.62865402950032,174.3446267787749,172.18909063165515,174.065673828125,115350600
2016-04-13,174.9785607411311,175.90840366286844,174.84330851644896,175.82386779785156,96336400
2016-04-14,175.8831267424022,176.33113865758003,175.485831210321,175.8323974609375,65212900
2016-04-15,175.83238706052995,175.96763933969962,175.31674903226698,175.63796997070312,75761600
2016-04-18,175.63793136726323,176.9058921844675,174.97859277418618,176.87208557128906,82531000
2016-04-19,177.29475331391956,177.6835874391158,176.61850491114927,177.42999267578125,88316100
2016-04-20,177.4723019745627,178.2922512580045,176.9989318518269,177.59910583496094,81100300
2016-04-21,177.6160040851196,177.72589818531617,176.3734010540472,176.64390563964844,85695000
2016-04-22,176.28887804482324,176.91439732688107,175.74788177198937,176.64390563964844,99251700
2016-04-25,176.0436301901649,176.38176072728697,175.4350081217063,176.33949279785156,66166500
2016-04-26,176.70302576233865,177.10878253811143,176.1282230108752,176.60159301757812,75864200
2016-04-27,176.22119814670083,177.3539067320732,175.8661706601676,176.96507263183594,77329400
2016-04-28,176.21276214228232,177.31165129306655,174.9448012159631,175.35899353027344,97216200
2016-04-29,174.74190072853477,175.08847976684544,173.31332953511696,174.4122314453125,142424100
2016-05-02,174.91096307443323,175.97604549570423,174.47986104880636,175.7985382080078,62188000
2016-05-03,174.57289639990015,174.80958145160974,173.52471052920916,174.26858520507812,106422100
2016-05-04,173.27956615175552,174.00653102154735,172.79773474926188,173.2964630126953,92243800
2016-05-05,173.7613624771199,174.11638998704692,172.83998063718795,173.26263427734375,67619200
2016-05-06,172.49342360262426,173.93890491198147,172.3412744639378,173.89663696289062,89315000
2016-05-09,173.769822100806,174.47141578602287,173.59230189840062,174.04031372070312,74374900
2016-05-10,174.7419673404335,176.22125546465944,174.67434119266463,176.204345703125,77472200
2016-05-11,175.74785570738067,176.28039057145557,174.55596923828125,174.55596923828125,81727000
2016-05-12,175.2237449131014,175.39281669215237,173.6007564414654,174.60667419433594,89586300
2016-05-13,174.31085013034456,174.86029479833752,172.76393599172155,173.08514404296875,96474600
2016-05-16,173.25416543608657,175.26598775531772,173.19498774222131,174.79261779785156,77486800
2016-05-17,174.52215440321876,174.8095557954899,172.63710979883587,173.1612091064453,114924900
2016-05-18,172.81466428906626,174.38693672702755,172.1299672899872,173.2119598388672,120062100
2016-05-19,172.49341286002985,172.89915676962522,171.41142050219796,172.61175537109375,115430500
2016-05-20,173.2203933153996,174.2178627686886,173.16967693441953,173.7022247314453,104990400
2016-05-23,173.71908172463347,173.9980346543722,173.27953125810387,173.4654998779297,58682600
2016-05-24,174.2769999822592,176.02679223918366,174.25164179578482,175.71401977539062,93537800
2016-05-25,176.39027632722886,177.32011953546845,175.71402789381517,176.90591430664062,76621400
2016-05-26,177.04110935006855,177.26934586347824,176.64381400753987,176.95657348632812,55280700
2016-05-27,177.11721817510207,177.7258403964382,177.06650180638476,177.71739196777344,64211200
2016-05-31,177.987910031557,178.0978041123605,176.8213817841543,177.37928771972656,109879400
2016-06-01,176.7706562122627,177.92027464165395,176.57623914726463,177.74276733398438,69936200
2016-06-02,177.34547607093702,178.30066455955787,176.87210604146725,178.2837677001953,63044700
2016-06-03,177.72586251561034,178.09779979697967,176.5508858667569,177.751220703125,101757100
2016-06-06,178.10622799488203,179.01071290804657,177.9456175599564,178.6556854248047,64887000
2016-06-07,178.8077794284034,179.49247599924624,178.78242125158405,178.9345703125,60974800
2016-06-08,179.0698867439369,179.64470238750525,178.94309581436713,179.5178985595703,66170900
2016-06-09,178.79093478154198,179.39110861431743,178.5204431641872,179.27276611328125,73786900
2016-06-10,177.9033692622777,178.24148700246033,177.03269092949563,177.57369995117188,113829200
2016-06-13,176.973578623331,177.8273345544715,176.11982269219052,176.204345703125,117751200
2016-06-14,175.82387466610396,176.44940655592274,174.9109414613803,175.85768127441406,125059300
2016-06-15,175.85769749026315,176.9735091428242,175.4265954781539,175.61256408691406,109124500
2016-06-16,175.61260180337405,176.3057600209619,173.78673483342055,176.13668823242188,149533100
2016-06-17,176.03299949147097,176.05848954865775,174.8264225780127,175.48069763183594,117055700
2016-06-20,177.43500710950025,178.10626685198173,176.525818571425,176.6107940673828,82789600
2016-06-21,176.9931789116003,177.5199907459401,176.55132961787942,177.1121368408203,72461700
2016-06-22,177.29056857800433,178.01282148859787,176.6787812330277,176.8232421875,95560500
2016-06-23,178.2762123937077,179.1768956408914,177.81737840633824,179.12591552734375,102731400
2016-06-24,173.02507882083157,179.15993738952622,172.25184574324885,172.69369506835938,333444400
2016-06-27,171.29171639705177,171.30022172948782,168.79358616465717,169.60081481933594,230775800
2016-06-28,171.19820785334176,172.685188546693,170.89231416352035,172.65969848632812,159382400
2016-06-29,174.0531589544112,175.82903510807486,173.9511987436175,175.59962463378906,137328600
2016-06-30,176.06700220207614,178.04679920829113,175.51468735402474,177.99581909179688,165021900
2016-07-01,177.99583369464284,178.85404227750905,177.83438800220492,178.3697052001953,106055300
2016-07-05,177.54551930273485,177.65598489147834,176.49189540559277,177.08668518066406,109803700
2016-07-06,176.59382993181467,178.2677463898298,175.93955479184584,178.14878845214844,96021500
2016-07-07,178.32721080270562,178.989978277703,177.27358710678274,178.03831481933594,85593800
2016-07-08,179.32987466035493,180.93581329457842,179.10045115105365,180.68939208984375,133971000
2016-07-11,181.14826023002234,181.89600333096453,180.9443267573715,181.32669067382812,73633900
2016-07-12,182.28687916043364,182.94115444391744,181.3522001840282,182.6437530517578,101275600
2016-07-13,183.06004383663773,183.06853620035284,182.13387053950225,182.61819458007812,87324100
2016-07-14,183.87579431169166,184.10521783972584,183.24702214918557,183.63787841796875,91230900
2016-07-15,184.19867977283846,184.394107900916,182.94961488842702,183.39146423339844,107155400
2016-07-18,183.51042107944764,184.0457383025507,183.25550749866315,183.88429260253906,58725900
2016-07-19,183.4679946169916,183.73140065114163,183.22158628469091,183.69741821289062,54345700
2016-07-20,183.69733894796877,184.6999825118304,183.69733894796877,184.46206665039062,58159500
2016-07-21,184.35164773799968,184.5725659452951,183.3235009617616,183.76535034179688,67777300
2016-07-22,183.8842985218272,184.6405339577171,183.6208925672,184.5895538330078,62787500
2016-07-25,184.38559711133118,184.43657722961012,183.5104038396971,184.08819580078125,55873100
2016-07-26,183.98623625238693,184.5300457917998,183.3319611459951,184.1731719970703,70080500
2016-07-27,184.5470523114183,184.61503012777584,183.21301197560646,183.97775268554688,84083900
2016-07-28,183.782349083125,184.4791121188098,183.32351493593765,184.19021606445312,65035700
2016-07-29,183.92676979991873,184.84443789334478,183.64636617369976,184.48756408691406,79519400
2016-08-01,184.5470357803996,184.9378919826407,183.88426833708508,184.33460998535156,73311400
2016-08-02,184.08819970987324,184.24115303340008,182.32082839994354,183.15353393554688,92295500
2016-08-03,183.09405309019246,183.74832822448334,182.79666473129126,183.6888427734375,53993600
2016-08-04,183.79931708712982,184.19867867175537,182.04893037942287,183.88429260253906,46585500
2016-08-05,183.88427924586267,185.4307323835247,183.88427924586267,185.38824462890625,71892200
2016-08-08,185.57515931378427,185.67713250638295,185.0143650989755,185.27777099609375,39906500
2016-08-09,185.34576983973014,185.88107405850735,185.06536621777903,185.38824462890625,51251700
2016-08-10,185.49872776314322,185.5751979494322,184.58104663134466,184.92942810058594,57941100
2016-08-11,185.45622916171774,186.0340341214879,185.1928232251601,185.78761291503906,72504300
2016-08-12,185.48169871991223,185.83858545983358,185.22679814202752,185.62615966796875,61313500
2016-08-15,185.99151521634286,186.509834637598,185.98302285271072,186.1614532470703,49813500
2016-08-16,185.7451034123525,185.81306825097215,185.2012939453125,185.2012939453125,53213600
2016-08-17,185.2353575155949,185.68569932002558,184.40265174057447,185.54974365234375,75134300
2016-08-18,185.5241694399179,186.0000010955423,185.41371685478808,185.9660186767578,52989300
2016-08-19,185.498709461304,185.87258095575433,185.014385363815,185.6941375732422,75443000
2016-08-22,185.45621493443744,185.91506192103134,185.09084878348472,185.68563842773438,61368800
2016-08-23,186.29745569083772,186.59485704345448,186.00005433822096,186.05953979492188,53399200
2016-08-24,185.9150492505905,186.00851711441985,184.69147465698464,185.1078338623047,71728900
2016-08-25,184.72550936690118,185.39678229680928,184.57256898212898,184.9804229736328,69224800
2016-08-26,185.16733625551717,186.18697759310794,183.7483333411749,184.63201904296875,122506300
2016-08-29,184.75954928339414,185.8046810608455,184.72555387940108,185.54127502441406,70502200
2016-08-30,185.45623923732404,185.73664288466728,184.6830190811947,185.23532104492188,58114500
2016-08-31,184.9038936604877,185.02285157686785,183.93523263698074,184.70846557617188,85269500
2016-09-01,184.69996702858973,185.00586067700408,183.56136793494113,184.7169647216797,97844200
2016-09-02,185.5667413521655,185.97459538976486,184.98044388005303,185.54974365234375,79293900
2016-09-06,185.83011575431115,186.18698959720462,185.11636806852422,186.1105194091797,56702100
2016-09-07,185.94910360220908,186.2719950686042,185.49026943483608,186.0935516357422,76554900
2016-09-08,185.76212327308824,186.0340345407559,185.3627617021031,185.6686553955078,74102900
2016-09-09,184.36010787022246,184.41108798872762,181.1992108684818,181.22470092773438,221589100
2016-09-12,180.4684883089777,184.22417544194204,180.4005104872635,183.82481384277344,168110900
2016-09-13,182.55027395879748,182.8136799363271,180.5619711295948,181.1822509765625,182828800
2016-09-14,181.2331852212836,182.43126981456757,180.56192541512283,181.11422729492188,134185500
2016-09-15,180.95282830152544,183.30649720923515,180.77438489601016,182.92413330078125,134427900
2016-09-16,182.31091998830942,182.49026474179965,181.53379413901084,182.21697998046875,155236400
2016-09-19,182.86602208219125,183.5065185723338,181.92662201760845,182.2511444091797,80250500
2016-09-20,183.10518009313085,183.25889302980107,182.22556576190743,182.2597198486328,69665300
2016-09-21,182.95999648976823,184.4886426667215,182.27679749897058,184.30931091308594,110284400
2016-09-22,185.3170359558854,185.76965255883255,185.06938297785203,185.4707489013672,76678700
2016-09-23,185.0778960657672,185.21453846600355,184.36054301093114,184.45448303222656,73630900
2016-09-26,183.62612218361085,183.80545394726772,182.76357836004044,182.9600067138672,89827300
2016-09-27,182.7977331719538,184.18973692863324,182.43050834334028,184.09580993652344,78494800
2016-09-28,184.31786345899306,185.16332375535865,183.36139260075672,185.0095977783203,87411000
2016-09-29,184.8045969886785,185.2059758640299,182.78916734916712,183.33572387695312,128070600
2016-09-30,184.16410293469733,185.41947721610654,183.9164500021247,184.71920776367188,117202900
2016-10-03,184.30925255495555,184.4971195127768,183.64312430241583,184.27508544921875,83512100
2016-10-04,184.38614758781864,184.6081816978476,182.74647800446056,183.33572387695312,119948100
2016-10-05,183.95916890270405,184.57404668886872,183.8908477008039,184.1470489501953,72816000
2016-10-06,183.92494428554687,184.4971195127768,183.38693616405374,184.27508544921875,62927400
2016-10-07,184.54838865985104,184.71918511284747,182.91725451722704,183.6431427001953,89788300
2016-10-10,184.5996551513672,185.06080694964336,184.4544774920777,184.5996551513672,51855000
2016-10-11,184.1726842375255,184.24100544553374,181.54237636842893,182.2682647705078,130367400
2016-10-12,182.40486643174575,183.028292428927,181.9095475575587,182.50735473632812,73866100
2016-10-13,181.18367286306528,182.40488006844393,180.3723798138563,181.90956115722656,101357000
2016-10-14,182.88310847634645,183.3442732865908,181.92663780463312,182.0034942626953,93346200
2016-10-17,181.97789627449495,182.23409752829875,181.19222198551714,181.37156677246094,58275700
2016-10-18,182.95997123618378,183.01974413549965,182.13159469170796,182.50735473632812,76869700
2016-10-19,182.7721217434871,183.30159478701952,182.41344519487444,182.99415588378906,66519200
2016-10-20,182.64396330422522,183.2076033070078,181.99493159343336,182.6525115966797,73639800
2016-10-21,182.65256908054616,182.82336558125093,181.69608522091153,182.7379608154297,89089100
2016-10-24,183.60901570123647,183.88230049108293,183.16493443320397,183.51507568359375,60146600
2016-10-25,183.33569463099104,183.59189581303832,182.73790056016966,182.90016174316406,66542300
2016-10-26,182.08034252064866,183.11366952993558,181.84121184966799,182.532958984375,75705500
2016-10-27,183.25032493308078,183.2844790136868,181.9693318999274,182.0461883544922,77220200
2016-10-28,182.02059647118577,182.69524716820135,180.79938918705093,181.50819396972656,140623200
2016-10-31,181.8412330215534,182.0632801638312,181.35446242297428,181.5167236328125,61272500
2016-11-01,181.8412382436597,181.8924889147664,178.99744496669493,180.20156860351562,122781800
2016-11-02,179.89414564956775,180.27845404672607,178.68147361145748,179.1170196533203,103330800
2016-11-03,179.3305051213913,179.54400397899198,178.02389315535012,178.2971649169922,88939300
2016-11-04,178.4081773824272,179.24508920344076,177.95556087497548,178.10073852539062,109122100
2016-11-07,178.10074275948946,182.06328088275612,178.10074275948946,182.02911376953125,109794900
2016-11-08,181.6362813584885,183.4125933311949,181.37154487286696,182.8489532470703,106772100
2016-11-09,181.36299160674898,185.40239906795784,181.33737278825802,184.7875213623047,258429000
2016-11-10,185.57316432198863,186.4356948049575,183.79685269675403,185.24864196777344,172113300
2016-11-11,184.53133047790513,185.06080346427555,183.88229865490476,184.82168579101562,100552700
2016-11-14,185.34258738615114,185.5475509365364,184.22385569769818,184.96682739257812,94580000
2016-11-15,185.35113633936126,186.41009521484375,185.14618580476963,186.41009521484375,91652600
2016-11-16,185.7952457984158,186.2905647172134,185.67568695808095,186.0599822998047,65617700
2016-11-17,186.21372163613847,187.076252401182,186.10269805108655,187.0164794921875,69797200
2016-11-18,187.08479086709053,187.2555873521638,186.4186624227128,186.59800720214844,86265800
2016-11-21,187.17019862550617,188.03272941911158,187.02502094921246,188.00711059570312,72402600
2016-11-22,188.31454267353945,188.55366037063234,187.64842722721824,188.37432861328125,67429000
2016-11-23,187.86192883033078,188.52804428632663,187.66551351149542,188.476806640625,56620200
2016-11-25,188.8184017170154,189.2112323319122,188.74153222198203,189.1770782470703,37872300
2016-11-28,188.8696335841565,189.1429053473451,188.18643462978068,188.28890991210938,76572500
2016-11-29,188.3230397794785,189.10871386078892,188.02413622389,188.65609741210938,69886700
2016-11-30,189.27100069730977,189.43326190485206,188.14372053813292,188.20350646972656,113291800
2016-12-01,188.50238922501075,188.50238922501075,187.153075013537,187.5117645263672,79040500
2016-12-02,187.59720814351144,188.09252714533665,187.2470668270756,187.60574340820312,74840300
2016-12-05,188.43408284299034,189.0745794033417,188.23766754647798,188.7329864501953,67837800
2016-12-06,188.92086588064257,189.36494714306397,188.4426305353899,189.33078002929688,59877400
2016-12-07,189.17705058798379,191.8671306855542,189.05749176211253,191.80735778808594,110738100
2016-12-08,191.78174798179285,192.74675389633438,191.51699846905584,192.2770538330078,99714400
2016-12-09,192.49907433795983,193.4555448575416,192.46490723029848,193.43846130371094,88005800
2016-12-12,193.34455528054696,193.8228036553141,192.79799874032028,193.21646118164062,102016100
2016-12-13,193.87406362757642,195.00133092061142,193.85698006877575,194.50601196289062,110477500
2016-12-14,194.20707871517268,194.9073481010056,192.46492096624655,192.9004669189453,142501800
2016-12-15,193.13954946890678,194.54863627750782,192.90896712590464,193.69464111328125,124972600
2016-12-16,194.14911601109662,194.2092543255151,192.99802043664093,193.31585693359375,156420200
2016-12-19,193.4963198057635,194.1577759343136,193.35028642034894,193.73684692382812,90341100
2016-12-20,194.26938888388705,194.6301925722848,194.03746050844165,194.48414611816406,89838800
2016-12-21,194.35527756606604,194.5270807147422,193.9429473876953,193.9429473876953,67909000
2016-12-22,193.7969128096895,193.91717632376344,193.21276637865904,193.60792541503906,56219100
2016-12-23,193.65084782660008,193.89997350830055,193.46187355778628,193.89138793945312,36697800
2016-12-27,194.15772506438944,194.76762827263357,194.14054081538862,194.3724822998047,42672500
2016-12-28,194.63021785170486,194.64738899510348,192.65444841818655,192.76611328125,64095000
2016-12-29,192.83480937821537,193.1870143832582,192.28503139062656,192.72314453125,48696100
2016-12-30,193.0495852394987,193.13549338336978,191.3315272240164,192.0187530517578,108998300
2017-01-03,193.31588512561513,193.9945253925662,192.3194214231025,193.48770141601562,91366500
2017-01-04,193.81408994305164,194.78479676307333,193.80550437311655,194.63876342773438,78744400
2017-01-05,194.37248126960412,194.638778142869,193.69384106895362,194.48414611816406,78379000
2017-01-06,194.59581569011266,195.64383199684897,194.0546232885752,195.17996215820312,71559900
2017-01-09,194.92225069076343,195.05969846051255,194.5013218113095,194.5356903076172,46939700
2017-01-10,194.55286144803023,195.38612052899077,194.14911681673016,194.5356903076172,63771900
2017-01-11,194.44979359470986,195.08547973632812,193.78833763321774,195.08547973632812,74650000
2017-01-12,194.57007063243853,194.7848278847922,193.2471717253465,194.59584045410156,72113200
2017-01-13,194.76763068865978,195.34317851378316,194.7332752979734,195.0425262451172,62717900
2017-01-17,194.40687106900864,194.81061578953012,193.96877095232824,194.35533142089844,61240800
2017-01-18,194.6044339487009,194.8277898891978,194.054655884601,194.7848358154297,54793300
2017-01-19,194.8621077286855,194.9995554951565,193.6337027236693,194.06321716308594,66608800
2017-01-20,194.74187661598043,195.26588484357595,194.11478910024897,194.7762451171875,129168600
2017-01-23,194.77623096881686,194.83635617994787,193.51345734990758,194.26939392089844,75061600
2017-01-24,194.48415413642564,195.92732962629242,194.37248928326196,195.51499938964844,95555300
2017-01-25,196.45989611624702,197.20726013183594,196.2966785368915,197.20726013183594,84437700
2017-01-26,197.06122383961116,197.32753380833327,196.72620309390223,197.0010986328125,59970700
2017-01-27,197.07842442804207,197.2244577797934,196.5114621628368,196.69186401367188,59711100
2017-01-30,196.00463966850268,196.0304094891354,194.49275339116883,195.4720458984375,79737300
2017-01-31,194.98236549341132,195.51497229583404,194.41541641199498,195.454833984375,75880800
2017-02-01,195.4548713204092,196.36543998180076,194.9480473458977,195.5321807861328,79117700
2017-02-02,195.5321485461528,195.94449184417536,194.84493593159607,195.6610107421875,69657600
2017-02-03,196.56297328192488,197.1900606261048,196.25372239437576,197.00965881347656,80563200
2017-02-06,196.60594632353383,197.00110539735095,196.32246520470133,196.65748596191406,57790100
2017-02-07,197.0440973342747,197.2846244314358,196.4771349876478,196.66612243652344,57931200
2017-02-08,196.66601011149655,197.05257036059845,196.12481789811213,196.92372131347656,51566200
2017-02-09,196.92380686219033,198.39273906846634,196.92380686219033,198.0920867919922,65955200
2017-02-10,198.43569449439863,199.0971504795477,198.109259287333,198.87379455566406,66015900
2017-02-13,199.36344467204233,200.21388807002674,199.3376748515951,199.9561767578125,55182100
2017-02-14,199.77572787194453,200.76361881822072,199.43212160838507,200.75502014160156,71109000
2017-02-15,200.54029652138877,201.99205747727612,200.48875688400074,201.80307006835938,86785800
2017-02-16,201.82878325094103,202.0091850389167,200.88385957925763,201.63121032714844,84722400
2017-02-17,200.96983464832184,201.94912719726562,200.95265039792142,201.94912719726562,77204100
2017-02-21,202.31848957816084,203.32355181515192,202.30989090023309,203.15174865722656,88946100
2017-02-22,202.74803168672034,203.19471733671713,202.58481407671505,202.97137451171875,62115200
2017-02-23,203.48681584072088,203.50398698501354,202.3528911457067,203.1088409423828,74615900
2017-02-24,202.2669449416613,203.4094418121065,202.22399087630657,203.3665008544922,82381600
2017-02-27,203.2805968021621,203.85614458778943,203.03148419049145,203.68434143066406,56515400
2017-02-28,203.30633987769065,203.54686688757567,202.7479764135445,203.13453674316406,96961900
2017-03-01,204.7838862185403,206.44181870851824,204.76670197144094,205.97793579101562,149158200
2017-03-02,205.78895814761938,205.7975568254465,204.6292770143903,204.68081665039062,70246000
2017-03-03,204.59493513304764,204.97290998987253,204.21696027622275,204.8096923828125,81974300
2017-03-06,204.01941196373505,204.55200581312022,203.59848298447469,204.19981384277344,55391500
2017-03-07,203.89910995184624,204.25131496349996,203.38368734417045,203.58985900878906,65103700
2017-03-08,203.88194037727087,204.13965169965755,203.07445101740572,203.21189880371094,78168800
2017-03-09,203.33211096424378,203.79599384887982,202.50745067026264,203.4695587158203,90683900
2017-03-10,204.42309844281942,204.46605250727922,203.2376344239782,204.1825714111328,81991700
2017-03-13,204.12248794225042,204.3286596424068,203.79606580168246,204.28570556640625,57256800
2017-03-14,203.74444852893532,203.79600126845767,202.89401838903945,203.50392150878906,59880800
2017-03-15,204.07094947329878,205.68592836449596,203.83900794775064,205.26499938964844,96081800
2017-03-16,205.402413749063,205.47972320907772,204.53479922416713,204.86122131347656,78344000
2017-03-17,205.12261162580296,205.3124211944738,204.5014190673828,204.5014190673828,89002100
2017-03-20,204.50141401919228,204.78612836517027,203.8888575611373,204.277099609375,52537000
2017-03-21,204.88106201136898,205.00184873594333,201.52490248773285,201.65431213378906,131809300
2017-03-22,201.68879355694983,202.41351377291028,201.06760103905137,202.12879943847656,97569200
2017-03-23,202.12883849513824,203.04336844409934,201.5421638730748,201.91314697265625,100410300
2017-03-24,202.21512154769727,202.78453716514386,200.98999527263658,201.7664794921875,112504900
2017-03-27,200.1012954231144,201.81820435967396,199.82521717174694,201.5593719482422,87454500
2017-03-28,201.2574499256847,203.44887000641816,201.14528612102265,203.026123046875,93483900
2017-03-29,202.74141628747404,203.44887766371772,202.51708866970682,203.21592712402344,61950400
2017-03-30,203.15552999280033,204.0614370101192,202.9829794096838,203.8629913330078,56737900
2017-03-31,203.526536611908,204.05282450833957,203.33672699911187,203.3885040283203,73733100
2017-04-03,203.44023008636267,203.6386625847675,201.80960283565494,203.03472900390625,85546500
2017-04-04,202.74999956260902,203.2504053966203,202.37038043578917,203.16412353515625,56466200
2017-04-05,203.83713195325583,204.81206194462604,202.35317307771257,202.56024169921875,108800600
2017-04-06,202.69828610441428,203.64732099263955,202.2582669322238,203.12966918945312,69135800
2017-04-07,202.87946647896086,203.61282301419865,202.43946045667866,202.922607421875,74412300
2017-04-10,203.06062448619653,203.8371086898843,202.51707764475574,203.04336547851562,67615300
2017-04-11,202.66372735227813,202.90530077816507,201.31781450383258,202.80177307128906,88045300
2017-04-12,202.52571668900205,202.71552628196744,201.68883252859067,201.91314697265625,81864400
2017-04-13,201.57669086568936,202.31004738858752,200.6017608642578,200.6017608642578,92880400
2017-04-17,201.11938415921915,202.3790283203125,200.9209516639989,202.3790283203125,68405400
2017-04-18,201.64572155877082,202.31005523287985,201.09355170574668,201.77513122558594,83225800
2017-04-19,202.33587204744288,202.70685508276267,201.17975568197974,201.40408325195312,68699900
2017-04-20,202.0166717401344,203.48338460340221,201.69745250424853,203.04336547851562,92572200
2017-04-21,202.96568416407084,203.01744801328724,201.9993905393296,202.39625549316406,110389800
2017-04-24,204.63086108102416,204.82930676634282,202.37041806974946,204.6222381591797,119209900
2017-04-25,205.2606964055646,206.1579674025081,205.17441452528865,205.8128662109375,76698300
2017-04-26,205.7783306976484,206.65835577553025,205.64029813161565,205.6834259033203,84702500
2017-04-27,206.00267146917838,206.1579630526786,205.32107885777282,205.8560028076172,57410300
2017-04-28,206.1148099683487,206.140691897407,205.27792582275546,205.4073486328125,63532800
2017-05-01,205.9250030517578,206.3477631731403,205.51087901668387,205.9250030517578,66882500
2017-05-02,206.06304180758352,206.18382852892205,205.59715392949636,206.00265502929688,57375700
2017-05-03,206.00263565261935,206.09754043651324,205.07946973976397,205.75242614746094,73137700
2017-05-04,206.05446428741485,206.1321100900766,205.1485570953898,205.9940643310547,61462700
2017-05-05,206.36500201310355,206.822266940735,205.92498292687233,206.8050079345703,62001300
2017-05-08,206.84812306583103,206.99479168802486,206.3477172675895,206.77047729492188,48385700
2017-05-09,207.029376348337,207.22780888168813,206.2356198853983,206.5807342529297,51363200
2017-05-10,206.53756665101363,206.95169067382812,206.3304980572237,206.95169067382812,54293800
2017-05-11,206.50306399394864,206.69287358241365,205.45048833601197,206.52894592285156,62358300
2017-05-12,206.2788190168176,206.57215643839254,205.9164587022655,206.1839141845703,53912700
2017-05-15,206.60658023464333,207.4434643287316,206.58932122807815,207.3226776123047,61918900
2017-05-16,207.61603570807566,207.64191763813506,206.74464667828815,207.1328887939453,51241800
2017-05-17,207.13288305142774,207.13288305142774,203.39710432748612,203.45750427246094,172174100
2017-05-18,203.3798156405783,205.1226065622781,203.12098322016524,204.277099609375,107047700
2017-05-19,204.7602820844805,206.27012277416677,204.70851822433954,205.6057891845703,115011400
2017-05-22,206.1148714543292,206.81372324167398,206.0458617327645,206.64979553222656,61010600
2017-05-23,207.0206975048625,207.2709070152425,206.64107836136483,207.1069793701172,48341700
2017-05-24,207.33998303359678,207.6937071763966,207.00349157169038,207.59017944335938,46927700
2017-05-25,208.09911337846978,208.85835151362326,207.89205800689098,208.58226013183594,64071700
2017-05-26,208.3925180071036,208.7031143297026,208.31487221764533,208.53919982910156,46629900
2017-05-30,208.2199559810207,208.608198071749,208.06466441063546,208.35800170898438,35201900
2017-05-31,208.65137562977858,208.6858936502107,207.6160588178628,208.3062744140625,91796000
2017-06-01,208.76355448881984,209.98005808372505,208.4788400411972,209.96279907226562,68962000
2017-06-02,210.01448559723988,210.81686477499576,209.72114833430274,210.66156005859375,88666100
2017-06-05,210.48898184189127,210.77369614724483,210.3077952240256,210.50624084472656,44698800
2017-06-06,209.94547887695174,210.49764859982017,209.75566930051903,209.8333282470703,50375400
2017-06-07,210.16982427585478,210.44590257830131,209.50549070204522,210.22158813476562,54144300
2017-06-08,210.3165266131886,210.7996735934203,209.79886161164447,210.3251495361328,65950700
2017-06-09,210.59261039873047,211.3863537674347,208.74629115386514,210.0059356689453,132256400
2017-06-12,209.7643665171717,210.01456294187545,209.11729181751173,209.96279907226562,86108100
2017-06-13,210.4976579486158,211.04120477479216,210.15255679328286,210.98944091796875,60067000
2017-06-14,211.25692619678506,211.26554911922136,209.9023769825641,210.72201538085938,78602300
2017-06-15,209.37607273992884,210.43728453124618,209.0999944310873,210.31649780273438,66464900
2017-06-16,210.47509173299676,210.527108009417,209.48674279412816,210.3623809814453,84553100
2017-06-19,211.18607102170412,212.17442027941766,211.09070340784731,212.11373901367188,65123800
2017-06-20,211.7583254619848,211.76699043652482,210.6659433663497,210.6832733154297,56906400
2017-06-21,211.07335999027543,211.18605754202875,210.1630352304678,210.63119506835938,55977600
2017-06-22,210.63988871186203,211.13405673092268,210.36245084020524,210.5358428955078,44148100
2017-06-23,210.5965114980298,211.11668759998207,210.21504108588627,210.78724670410156,66986800
2017-06-26,211.45481868793817,211.8709754678572,210.7178991944742,210.92596435546875,56700500
2017-06-27,210.70924772268842,211.004028786433,209.20938717140842,209.2267303466797,82247700
2017-06-28,210.24108716973942,211.29879596557046,210.00700060568718,211.09939575195312,70042600
2017-06-29,211.24680185516667,211.2988181573154,208.0390020093047,209.2440948486328,106949700
2017-06-30,210.05028348149455,210.4230888678693,209.44340483631018,209.63414001464844,86820700
2017-07-03,210.57055579302573,211.00404260041984,209.98968505859375,209.98968505859375,39153800
2017-07-05,210.3538134314714,210.68325441102513,209.5475210866607,210.47518920898438,54427600
2017-07-06,209.7122327219339,209.83360849049384,208.3684210656846,208.5504913330078,65400800
2017-07-07,209.1226680429866,210.05032273922362,208.55912737294966,209.90293884277344,57972300
2017-07-10,209.9029181076465,210.50113183523914,209.5994721438358,210.12832641601562,36663300
2017-07-11,210.1283847116784,210.28444683689426,208.81059438013204,209.9723358154297,50354600
2017-07-12,210.93464241773597,211.7149132288822,210.93464241773597,211.55018615722656,59610400
2017-07-13,211.5589012768821,212.0183962259148,211.33347967466187,211.9056854248047,39471600
2017-07-14,211.90564799352268,213.24945948004287,211.81028038534473,212.8939971923828,60262700
2017-07-17,212.8159799239652,213.1974503695233,212.6946041666481,212.8679962158203,33531900
2017-07-18,212.46047783519572,213.03268339637143,212.1223587724942,212.9806671142578,42742500
2017-07-19,213.29279331328186,214.14242351624048,213.28411511299942,214.13375854492188,51034300
2017-07-20,214.38522064366933,214.50659641278904,213.68297417740766,214.2291717529297,47135200
2017-07-21,213.65692071154007,214.06439925622144,213.43149916744,214.03839111328125,82340800
2017-07-24,213.96038304344285,214.12511012415288,213.518231323352,213.9864044189453,46622300
2017-07-25,214.73200015497065,214.8360459755248,214.28118343877938,214.506591796875,54915600
2017-07-26,214.79268139600626,214.82735451474008,214.25516206735588,214.51524353027344,47575400
2017-07-27,214.9747346806394,215.0094077966364,212.99802311573262,214.31582641601562,70766600
2017-07-28,213.83901628145244,214.19447860436682,213.3881995698679,214.06443786621094,50088400
2017-07-31,214.4632150657075,214.5585826730198,213.73496055293967,213.9430389404297,65838700
2017-08-01,214.54125185026356,214.57592496688747,213.89968674652113,214.4198760986328,55050400
2017-08-02,214.5499491886717,214.66265998539095,213.59627297558586,214.52394104003906,47211200
2017-08-03,214.41117504181935,214.43718318375602,213.83030449029465,214.1077423095703,40856000
2017-08-04,214.59329242240065,214.82736575126967,214.11645433383487,214.4979248046875,60191800
2017-08-07,214.5672266224045,214.89666748046875,214.46318083078597,214.89666748046875,31995000
2017-08-08,214.58458698349708,215.7983577120531,213.9950514062568,214.3678436279297,61719400
2017-08-09,213.68292322041066,214.411177661462,213.32746097098197,214.35916137695312,62632600
2017-08-10,213.52687674210125,213.6569306918411,211.2814187702836,211.33343505859375,120479500
2017-08-11,211.5588184239532,212.23505650784375,211.3247319398489,211.6455078125,74869900
2017-08-14,212.92009092029667,213.96045682743352,212.88541778927922,213.74371337890625,73291900
2017-08-15,214.12511471817118,214.14245789255634,213.41420331597075,213.71763610839844,55242700
2017-08-16,214.23779221214846,214.63660578722943,213.66558660706167,214.0904083251953,56715500
2017-08-17,213.48356857384485,213.795679576412,210.75259399414062,210.75259399414062,128490400
2017-08-18,210.5878553301835,211.70625853997723,209.98097653326255,210.4231414794922,136748000
2017-08-21,210.36239078761662,210.84789369545265,209.66014456528507,210.58779907226562,65469700
2017-08-22,211.16875695760717,212.9460421774711,211.15141378224735,212.7899932861328,63140100
2017-08-23,211.82760788301152,212.4518297759899,211.68022399563662,212.02700805664062,50203800
2017-08-24,212.40844460979648,212.56449344368974,211.32472805566485,211.53280639648438,50741700
2017-08-25,212.32177583139043,212.9373327529811,211.87962416926572,212.02700805664062,64445900
2017-08-28,212.55589700150568,212.5819051488729,211.61956400938766,212.0357208251953,40565600
2017-08-29,210.72653744061483,212.53850854228116,210.6138266733943,212.27842712402344,51135700
2017-08-30,212.26114196008922,213.55293734929995,212.07907168858918,213.28416442871094,62030800
2017-08-31,213.89964185746587,214.80996641813792,213.31877136592288,214.5672149658203,103803900
2017-09-01,214.94005648507263,215.29551877510065,214.72331312222116,214.87069702148438,62007000
2017-09-05,214.3678496208747,214.59327118350407,212.36514307607808,213.32748413085938,91398800
2017-09-06,214.00375457603712,214.3852250665595,213.47490016489778,214.05577087402344,57916900
2017-09-07,214.35922410103743,214.37656727726971,213.6222912442902,214.02976989746094,58034700
2017-09-08,213.74363396539954,214.23781519434118,213.53556879865806,213.7783203125,63832800
2017-09-11,215.044085856404,216.13648085540885,215.02675591248934,216.05845642089844,71364800
2017-09-12,216.4225853869284,216.82138576355234,216.24051514266796,216.78671264648438,56896000
2017-09-13,216.50065735642428,216.92547920032825,216.38794655051822,216.8907928466797,59228000
2017-09-14,216.5699336606164,217.02076348213075,216.3965416458687,216.82135009765625,95446300
2017-09-15,216.67761276820727,217.20037034849545,216.57306391107275,217.11325073242188,95432400
2017-09-18,217.47923233742642,217.92357837152673,217.19170962314323,217.5750732421875,46235200
2017-09-19,217.81902967604634,217.8800253857725,217.47052454641207,217.7928924560547,47108100
2017-09-20,217.8800133835203,217.98456225772762,216.8780379254347,217.8712921142578,59574100
2017-09-21,217.71446667763573,217.80158630708547,217.11328406757664,217.28753662109375,48211400
2017-09-22,216.99130333548783,217.49664504082952,216.96516611750616,217.3311004638672,51214000
2017-09-25,217.07850743105254,217.42702596411576,216.1462486061816,216.88682556152344,57064400
2017-09-26,217.31365618348264,217.55761239750964,216.78217729693458,217.01742553710938,54082000
2017-09-27,217.71449450912652,218.24597350679676,216.8344970652516,217.86260986328125,81001400
2017-09-28,217.58374699503923,218.20235879113042,217.4966273737161,218.1239471435547,44778800
2017-09-29,218.11519003617093,218.96904992930595,217.93222955522359,218.890625,85578000
2017-10-02,219.1172323043251,219.84039306640625,218.94296644773243,219.84039306640625,59023000
2017-10-03,219.84033840339544,220.33695874626937,219.76191346958166,220.31082153320312,66810200
2017-10-04,220.16276478522528,220.81622187491448,220.0494946354012,220.572265625,55953600
2017-10-05,220.90331222571203,221.8965663385826,220.60708157503166,221.879150390625,63522800
2017-10-06,221.43481355743776,221.91401806716368,221.1734413654219,221.62649536132812,80646000
2017-10-09,221.85300313361688,221.91398553794212,220.9991431161343,221.26052856445312,35803100
2017-10-10,221.82689862545803,222.21897020843707,221.2866984073851,221.8443145751953,43057400
2017-10-11,221.74846601668025,222.1928253173828,221.58293473218265,222.1928253173828,47674300
2017-10-12,221.8791540963811,222.22765918598844,221.62647660599134,221.86172485351562,47065100
2017-10-13,222.29736525116894,222.41063538908594,221.86172723717084,222.13182067871094,54800400
2017-10-16,222.35837967951406,222.61975187422956,222.01858253176565,222.42807006835938,38221700
2017-10-17,222.37574312495846,222.62842057968223,222.15792415104528,222.58485412597656,31561000
2017-10-18,222.9595271588733,223.00309361859325,222.61102207034773,222.80270385742188,40888300
2017-10-19,222.02726047930824,222.89853646284217,221.60905172970456,222.86367797851562,61903800
2017-10-20,223.65660936352654,224.0399730155595,222.84631559088965,224.01380920410156,89176400
2017-10-23,224.33620306437822,224.36234028651927,223.0641206822097,223.1425323486328,63915300
2017-10-24,223.56941964107733,223.76979609744606,223.1773348181456,223.53456115722656,66935900
2017-10-25,223.2035052667913,223.31677541424685,221.3041297472279,222.42807006835938,103715300
2017-10-26,223.03795734568504,223.30803749521493,222.59359805856283,222.715576171875,69798000
2017-10-27,223.45617099962706,224.6933946976007,222.72430230377432,224.5365447998047,85562500
2017-10-30,223.45617803770907,224.44072426563199,223.40390359987563,223.70013427734375,54285700
2017-10-31,224.07475171796614,224.3012919829008,223.75238385739476,224.04861450195312,60304800
2017-11-01,224.82405109475886,225.16383488509774,223.9789123690431,224.34483337402344,54202700
2017-11-02,224.2751835197542,224.57141420229036,223.21222561689552,224.4320068359375,56449500
2017-11-03,224.58880179335614,225.2248428365465,224.17930101553856,225.18128967285156,59589700
2017-11-06,225.0505674298265,225.66047123100844,224.9808770530326,225.52978515625,49652600
2017-11-07,225.63440384661874,225.96549306462873,224.8676765184357,225.37303161621094,57502200
2017-11-08,225.1986990902852,225.85215606215831,224.9198844008703,225.7563018798828,50469600
2017-11-09,224.55393812822638,225.1289833895001,223.36026785891667,224.9373016357422,95085500
2017-11-10,224.55401386828285,225.0419263898298,224.24034062486652,224.86766052246094,59984700
2017-11-13,224.1880140299429,225.30324618964931,224.15315554673057,225.0767059326172,50228600
2017-11-14,224.27515563886934,224.65851920137254,223.4997072454137,224.55397033691406,61315200
2017-11-15,223.58689230298575,224.10966333642224,222.72433738082103,223.43006896972656,80811500
2017-11-16,224.37105854548744,225.69541551110643,224.32750536708872,225.3294677734375,67777000
2017-11-17,224.98087898188828,225.30324683213357,224.58879416501952,224.66720581054688,75756800
2017-11-20,224.91117162390447,225.24223412805867,224.66718884837488,225.05055236816406,48075500
2017-11-21,225.81729412101691,226.70601260626515,225.0157351377626,226.5230255126953,69176800
2017-11-22,226.53177535792597,226.66246144893927,226.15713303394276,226.3226776123047,45033400
2017-11-24,226.8105507983486,226.94995813436475,226.67114346233242,226.8453826904297,27856500
2017-11-27,226.888955235085,227.18518584375184,226.53172893336713,226.7321319580078,52274900
2017-11-28,227.19387797081984,229.0583942895719,227.09802380985838,229.03225708007812,98971700
2017-11-29,229.1630378087075,229.69453007364146,228.44861159096217,228.8929443359375,77512100
2017-11-30,229.80778600995802,231.80298907710585,229.72937435393015,230.89688110351562,127894400
2017-12-01,230.67906235051507,231.1582535565381,227.19395804711638,230.41766357421875,164390900
2017-12-04,232.02953977531664,232.45645656258978,230.08658446911275,230.13888549804688,94040600
2017-12-05,229.31112670898438,231.018820180373,229.18044063016967,229.31112670898438,77994500
2017-12-06,229.4069649857178,229.78163388140953,228.8929153256221,229.3546905517578,75898600
2017-12-07,230.07786560058594,230.39151220579578,229.09331944106495,230.07786560058594,77218600
2017-12-08,231.02750663199498,231.3411531738826,230.04296067124437,231.33245849609375,76563900
2017-12-11,232.02955627441406,232.09055198814374,231.30640874768952,232.02955627441406,83077500
2017-12-12,232.81366820273482,232.90952239559513,232.06438355507768,232.43902587890625,85195800
2017-12-13,232.68298102303947,233.11861905035576,232.32575464993192,232.4128875732422,102905400
2017-12-14,232.7091141556158,232.82238429500705,231.41092136555983,231.46319580078125,100666700
2017-12-15,232.46239967150672,233.8548063287974,232.4098580410537,233.3906707763672,144610300
2017-12-18,234.78310346051757,235.22096824626072,234.6780201879625,234.8706817626953,83653600
2017-12-19,235.11584660188396,235.15962238325565,233.89856986811236,233.96864318847656,82382900
2017-12-20,234.93193480685355,234.98447643693277,233.54829400619622,233.84603881835938,76751500
2017-12-21,234.4678024189318,235.0370479610358,234.08247930972732,234.3276824951172,67032300
2017-12-22,234.3452309088358,234.38026757357494,233.73220953905195,234.26641845703125,78720900
2017-12-26,233.863499571522,234.20504682760523,233.72340640122556,233.98611450195312,45244400
2017-12-27,234.1525935198448,234.459104236388,233.82857783169675,234.1000518798828,57751000
2017-12-28,234.59918147383397,234.62545228903213,234.21385836749923,234.58164978027344,45116100
2017-12-29,235.15966952902252,235.17717450005242,233.504554474286,233.6971893310547,96007400
2018-01-02,234.55534435922428,235.40480289216075,234.17002130973938,235.36976623535156,86655700
2018-01-03,235.53623649329967,237.00748259962404,235.53623649329967,236.8585968017578,90070400
2018-01-04,237.49784698792118,238.3385398103603,236.9198623208871,237.85687255859375,80636400
2018-01-05,238.6450993999332,239.56460485750245,238.15469292587647,239.4420166015625,83524000
2018-01-08,239.34561291783155,240.03744666370142,239.05663395950918,239.87982177734375,57319200
2018-01-09,240.30020606817087,241.0445816016159,240.01996617143786,240.42282104492188,57254000
2018-01-10,239.6696542810785,240.317712314285,239.00411800325506,240.0549774169922,69574300
2018-01-11,240.6067274035964,241.8064727783203,240.4403366278896,241.8064727783203,62361500
2018-01-12,242.0691724071142,243.5491307499253,241.77140084390925,243.3827667236328,90816100
2018-01-16,244.63492922957883,245.28296021100587,241.85885622579573,242.55068969726562,106555100
2018-01-17,243.4790909737871,245.2480550819238,242.55081976875894,244.86273193359375,113258800
2018-01-18,244.74887089803556,245.16920392065526,243.96069303034096,244.4511260986328,100728000
2018-01-19,245.0291302827362,245.56333923339844,244.4511722674767,245.56333923339844,140920100
2018-01-22,245.35310814296204,247.5599365234375,245.30053979389277,247.5599365234375,91322400
2018-01-23,247.60372098050044,248.3743671253375,247.2797053798622,248.08538818359375,97084700
2018-01-24,248.7246230676983,249.32013929538698,246.8155396315042,247.989013671875,134816100
2018-01-25,248.8472879654413,248.94360537851676,247.30599555509468,248.09414672851562,84587300
2018-01-26,248.92609958806912,251.01033998377386,248.6721305610344,250.96653747558594,107743100
2018-01-29,250.39731991405617,250.83518464725677,249.14503319113666,249.3026580810547,90118300
2018-01-30,247.48113867833266,249.35518573431412,246.272627806415,246.7455291748047,131796400
2018-01-31,247.59508049350308,248.0942261371767,245.79981848066515,246.8682098388672,108364800
2018-02-01,246.14127154046471,247.88396451331243,245.79972424269462,246.58787536621094,90102500
2018-02-02,245.2743321202365,245.40571293902062,241.18468989581447,241.2197265625,173174800
2018-02-05,239.468264594396,241.5700102435903,230.58835381573178,231.1313018798828,294681800
2018-02-06,227.6371327146444,236.18426134989403,226.55123666595557,235.68508911132812,355026800
2018-02-07,235.13338368290727,238.51368691076328,234.32770073952963,234.4065399169922,167376100
2018-02-08,234.70425744685963,234.84437736527985,225.57914485766418,225.6141815185547,246449500
2018-02-09,228.39022881983215,230.85102642500632,221.48948987210917,229.0032501220703,283565300
2018-02-12,231.04368310322172,233.82852299383882,229.14336521158504,232.3660430908203,143736000
2018-02-13,231.16628592730768,233.4869634434931,230.58830132844153,232.9440155029297,81223600
2018-02-14,231.46413012595892,236.4470345854193,231.45536427633326,236.08798217773438,120735700
2018-02-15,237.8218908915382,239.10921445633494,235.36983200732504,239.10044860839844,111200300
2018-02-16,238.4786336984104,241.10582186620243,238.43483119386315,239.17044067382812,160420100
2018-02-20,238.22470277104793,239.66091202707622,236.88483766031146,237.67298889160156,86369700
2018-02-21,238.11084281540718,240.58040638947253,236.39442049927678,236.49073791503906,98883700
2018-02-22,237.41030841934827,239.1179651655026,236.13175064053598,236.7972869873047,110511300
2018-02-23,238.01457016716648,240.57168579101562,237.5416686709184,240.57168579101562,92766400
2018-02-26,241.64007640950928,243.46160905135406,241.05335250888044,243.36526489257812,86491400
2018-02-27,243.5490938363365,244.2584592468746,240.26510854277814,240.326416015625,99099200
2018-02-28,241.42114191195762,241.86777258257086,237.5767026707905,237.89195251464844,121907800
2018-03-01,237.68176475917994,239.22305734767247,232.9440645992234,234.4328155517578,176855100
2018-03-02,232.7689045215854,236.20177612876677,231.91070666364885,235.64129638671875,139083200
2018-03-05,234.45904615794302,238.97781315135055,234.3539361789086,238.3647918701172,97307400
2018-03-06,239.33689242334253,239.41573160660244,237.480349920733,238.96910095214844,79213200
2018-03-07,236.8148065071499,239.2318019924513,236.62214492914111,238.8815155029297,87063500
2018-03-08,239.55576261266404,240.16001802641597,238.56621085658298,240.0374298095703,66901200
2018-03-09,241.4386435020961,244.21469116210938,241.1233669724046,244.21469116210938,113625300
2018-03-12,244.50375016731894,245.12551078968104,243.5229104251607,243.90823364257812,71924800
2018-03-13,245.06418140447812,245.56335371770083,241.72765358476482,242.3319091796875,91968900
2018-03-14,243.28637664689475,243.47027233344934,240.53660029385185,241.08828735351562,105895100
2018-03-15,241.5962994420393,242.2355649806559,240.32648076303303,240.82565307617188,83433000
2018-03-16,241.35053707930095,242.13307082578123,241.03402466421792,241.08677673339844,100343700
2018-03-19,240.33944568211206,241.26263382369024,236.1806449023751,237.82481384277344,109208400
2018-03-20,238.22043183337917,238.8622843868566,237.55220324796042,238.22923278808594,59757300
2018-03-21,238.1852914021509,240.2690787418608,237.56104066228033,237.7720489501953,78709600
2018-03-22,235.55643295912358,236.40049312760704,231.55588774438473,231.82847595214844,148785900
2018-03-23,232.26802203099732,232.59333538854,226.69363651223378,226.88706970214844,183534800
2018-03-26,230.47435853685462,233.3758293932869,228.08283324450488,233.09446716308594,141956100
2018-03-27,234.02650655323708,234.5540272479464,227.58168480032617,229.129150390625,129941400
2018-03-28,229.26101238250533,230.9227829355966,227.35305658067978,228.4521026611328,146452300
2018-03-29,229.586320324593,233.22637373681107,228.46089823798928,231.3711700439453,111601600
2018-04-02,230.84363252390713,231.35360494123992,223.91525502005953,226.3771209716797,186286300
2018-04-03,227.60805024012828,229.75339040602205,225.82320042029326,229.27859497070312,119956900
2018-04-04,225.74413253644428,232.43511419877544,225.61225233372713,231.7317352294922,123715300
2018-04-05,233.48137667319213,234.43976862395363,232.39993232626645,233.56053161621094,82652600
2018-04-06,231.60857948692498,233.0944650563523,226.84310402261673,228.3553924560547,179521200
2018-04-09,229.80610248528535,232.85705504696494,228.54880038656336,229.4807891845703,105442900
2018-04-10,232.35593638938647,233.9122029452148,231.22174005637157,233.12966918945312,103529000
2018-04-11,231.65249979998578,233.56045528943488,231.58217266851003,231.90748596191406,91140200
2018-04-12,233.22643217461038,234.7562960796163,233.05057402894235,233.8155059814453,68890500
2018-04-13,235.11675325942593,235.2310583547333,232.12735303095369,233.12966918945312,85079200
2018-04-16,234.75632655008883,235.81142189667278,233.93864241419033,235.0464630126953,63405300
2018-04-17,236.8048317911143,238.15886395470056,236.29488626134088,237.5609893798828,64682000
2018-04-18,238.0006530533323,238.53697471543825,237.27967231184803,237.7368927001953,57303900
2018-04-19,237.08618569692788,237.2884198102276,235.3892651989447,236.41798400878906,77655900
2018-04-20,236.3476927030386,236.56750195013655,233.53412360731127,234.41336059570312,99953100
2018-04-23,234.98483410364858,235.538757576906,233.30548860758378,234.37815856933594,65558000
2018-04-24,235.39811619816612,235.61792543371928,229.727027188022,231.22174072265625,112885500
2018-04-25,231.16019172549036,232.23286188697082,229.34896573954205,231.79324340820312,103840900
2018-04-26,232.81315145098966,234.9760667601679,232.37353299119516,234.1495819091797,67731900
2018-04-27,234.75623586232194,235.0551731675286,233.43738060466845,234.36936950683594,57053600
2018-04-30,234.984887819717,235.53881141959786,232.49663209837655,232.56698608398438,82182300
2018-05-01,232.00424241401504,233.08571348812194,230.45677684433647,232.98020935058594,74203400
2018-05-02,232.78673784182317,233.59562065125908,231.02826428648606,231.41513061523438,86368900
2018-05-03,230.58866949186387,231.5558085805169,227.7662998275908,230.90518188476562,136311500
2018-05-04,229.93807120660654,234.57166778485288,229.61275778057427,233.89463806152344,91222100
2018-05-07,234.65952179650694,235.6530368387894,233.973691335472,234.68589782714844,55304900
2018-05-08,234.31660656598947,235.0463613018567,233.12963152276564,234.68589782714844,67499200
2018-05-09,235.3541432533565,237.27967434429695,234.83539666628883,236.95436096191406,59666100
2018-05-10,237.69284120768543,239.4952925036921,237.5873370990751,239.16995239257812,72063900
2018-05-11,239.29318080039857,240.16361697381603,238.78320823837726,239.8998565673828,59871500
2018-05-14,240.33064208412807,240.9812688879109,239.4689801511902,240.01412963867188,54790600
2018-05-15,238.79193197053002,238.80950704787915,237.42032463628027,238.36111450195312,87036100
2018-05-16,238.39629475901697,239.82065417703188,238.36989189436235,239.36343383789062,53942600
2018-05-17,239.0996866008191,240.23390972369216,238.38750685282884,239.16123962402344,56536400
2018-05-18,238.81829490037902,239.17878520760263,238.211619362878,238.5633087158203,64368000
2018-05-21,240.04042125960322,240.8932819361762,239.6535549630851,240.35693359375,58025900
2018-05-22,240.87580303820448,241.13078932570937,239.36351406103282,239.68882751464844,52966400
2018-05-23,238.42262560236685,240.37453213211134,238.26434260533662,240.34812927246094,64694200
2018-05-24,239.95254971554198,240.22511101264362,238.07977079326324,239.85581970214844,76043800
2018-05-25,239.28433227539065,239.90858300131285,238.7831607706077,239.28433227539062,56374800
2018-05-29,237.666495314586,238.42265290912437,235.42445222582273,236.5322723388672,115908600
2018-05-30,237.8336500003806,240.12844609135894,237.76332283426987,239.68882751464844,69678400
2018-05-31,239.2843128432339,239.58325016421844,237.62256908361684,238.22044372558594,93519900
2018-06-01,239.51297088807289,240.8582025174482,239.44261689720378,240.55926513671875,71258400
2018-06-04,241.3768808866275,241.95718040231645,241.13949660700942,241.7021942138672,45385200
2018-06-05,241.83415009808652,242.25619355952372,241.06921812538312,241.8781280517578,51135000
2018-06-06,242.4848012910785,244.00586426364794,241.8693246035115,243.90036010742188,62732200
2018-06-07,244.38399605116697,244.67413252762603,242.96841017411614,243.8740234375,72969400
2018-06-08,243.41675065452628,244.64767699624716,243.24969349041612,244.5949249267578,72139700
2018-06-11,244.81467715999997,245.63236087888467,244.70037209199285,244.92018127441406,58892500
2018-06-12,245.33341275126716,245.5971730256273,244.59485715088428,245.23670959472656,72329000
2018-06-13,245.47417225734918,245.72915849213456,244.2520199873287,244.45425415039062,79070600
2018-06-14,245.31588739846273,245.59722280407743,244.48060164006642,245.0697021484375,77097600
2018-06-15,244.28894738544173,245.09264887433613,243.1849662665204,244.7570343017578,120041600
2018-06-18,243.30861721127397,244.37729042408938,242.83171673643022,244.25363159179688,52917600
2018-06-19,241.99268165214522,243.53825534882864,241.5775836383579,243.3174591064453,97531500
2018-06-20,243.9975191915361,244.39496323717256,243.39695983816085,243.73257446289062,53785500
2018-06-21,243.7236534165711,243.74133436108124,241.70999328654455,242.20457458496094,71061400
2018-06-22,243.45873637045227,243.5735547121451,242.4253982478793,242.6461944580078,54898500
2018-06-25,241.4981286426786,241.65709548726045,237.6651086581895,239.34315490722656,137854200
2018-06-26,239.9084428652288,240.72095816318244,239.15773004781013,239.87310791015625,68547400
2018-06-27,240.45601273472968,241.87792797865885,237.73578720760872,237.8859405517578,105110700
2018-06-28,237.83291594816677,240.00554368185115,237.12635171788804,239.2460174560547,76650500
2018-06-29,240.33224982493448,241.69236199968046,239.47555946815228,239.5903778076172,97592500
2018-07-02,238.02715256453158,240.26160911013994,237.7886754103207,240.1026153564453,63554800
2018-07-03,240.9946973830279,241.0918617527472,238.83091020814945,239.25482177734375,42187100
2018-07-05,240.37638941373592,241.26838762459968,239.30771653080046,241.20655822753906,56925900
2018-07-06,241.23318056910415,243.61776406289744,240.853390508735,243.24684143066406,66493700
2018-07-09,244.2448436987284,245.49013800090842,244.20069522207166,245.43714904785156,50550400
2018-07-10,245.887438581422,246.41735475535995,245.59597255706083,246.3201904296875,51966800
2018-07-11,244.77467057650426,245.56071801354992,244.21825982042242,244.51853942871094,77054700
2018-07-12,245.77275928969894,246.7884168085472,245.17219986409648,246.7354278564453,60124700
2018-07-13,246.55885631383396,247.23005882559366,246.1084231782066,246.92977905273438,48216000
2018-07-16,246.97389504224088,247.11518094031493,246.26733078851893,246.70892333984375,48201000
2018-07-17,245.9405542501472,248.09552803612263,245.8875653007109,247.70692443847656,52315500
2018-07-18,247.78626720066868,248.33383733578194,247.34467490426707,248.2278594970703,44593500
2018-07-19,247.56560956155548,247.94537268029526,246.81489684712972,247.2918243408203,61412100
2018-07-20,247.08868447408216,247.71576529783255,246.85023420124972,247.0092010498047,82337700
2018-07-23,246.80602564624027,247.6715295794587,246.46157060555356,247.46841430664062,47047600
2018-07-24,248.8726778463494,249.5527205090907,247.84818013902662,248.71368408203125,68026900
2018-07-25,248.46638757068533,251.15127712172054,248.42223910825902,250.83334350585938,78882900
2018-07-26,250.11794529224085,250.92161973917163,250.02078094918681,250.2415771484375,57919500
2018-07-27,250.56840315355595,250.66556751675208,247.62740902904164,248.54592895507812,76768700
2018-07-30,248.62544727019025,248.78441412028107,246.7265777343142,247.2476806640625,63742500
2018-07-31,248.00712323271455,249.07576930129864,247.62736023474866,248.46636962890625,68570500
2018-08-01,248.66955556162895,249.1729774582386,247.4066075355376,248.0513153076172,53853300
2018-08-02,246.75310876921614,249.57044456441832,246.5499664844106,249.4026641845703,63426400
2018-08-03,249.52620769182317,250.52421085714974,249.34955994564325,250.47122192382812,53935400
2018-08-06,250.5066768120812,251.69895533537,250.11807314654234,251.38986206054688,39400900
2018-08-07,252.05214459683614,252.59971490730823,251.91964530335906,252.2199249267578,43196600
2018-08-08,252.05216543312807,252.51141190346755,251.6547214251683,252.1139678955078,42114600
2018-08-09,252.17580404927884,252.56440759328345,251.6370741534844,251.76954650878906,35717000
2018-08-10,250.3388033202759,250.877533242226,249.37610793543428,250.08267211914062,77076000
2018-08-13,250.35647413214605,250.96587398972937,248.85504872451506,249.14651489257812,65732900
2018-08-14,249.8707780696921,250.97475961134043,249.48217441081795,250.7362823486328,43842000
2018-08-15,249.39374687675829,249.53505968969637,247.43307539532,248.86383056640625,102925400
2018-08-16,250.29465806200673,251.7430945986613,250.2593231103961,250.8775634765625,69967900
2018-08-17,250.67441481267045,252.20233473703993,250.26815721384136,251.7607421875,65618500
2018-08-20,252.21111459734792,252.5643831615425,251.76068168021817,252.2994384765625,39807500
2018-08-21,252.81164514357084,253.74781886107743,252.33471781210088,252.89112854003906,67272000
2018-08-22,252.48492715788865,253.26213425506418,252.21995549148787,252.74105834960938,44993300
2018-08-23,252.5644233792702,253.4211139340078,252.08749591769774,252.40545654296875,49204900
2018-08-24,252.97946999700662,254.06579706291785,252.92648106234387,253.9244842529297,57487400
2018-08-27,255.11684015677477,256.03536022591345,254.95787330423272,255.92938232421875,57072400
2018-08-28,256.38859669554984,256.4946015366076,255.59373557995536,256.0530090332031,46943500
2018-08-29,256.2649754069763,257.66039591626367,256.0265251482379,257.4307861328125,61485500
2018-08-30,256.95383162780604,257.3247542134845,255.79686149898535,256.3885803222656,61229500
2018-08-31,255.9823019313726,256.8389923415614,255.4965610292986,256.39739990234375,66140800
2018-09-04,255.98230501544074,256.3090791119726,254.95780730979303,255.955810546875,57594400
2018-09-05,255.6025671179281,255.8057093653517,254.26013565747596,255.26695251464844,72452400
2018-09-06,255.37294072808618,255.6732203977271,253.47409834357205,254.49859619140625,65909900
2018-09-07,253.45638176676854,254.97546068984587,253.21790462279685,254.0039520263672,73524800
2018-09-10,255.0108267983319,255.27579846839774,254.25130064001073,254.4456024169922,50210900
2018-09-11,253.8008929804244,255.72622999265644,253.4564648134547,255.28463745117188,50530500
2018-09-12,255.29335507087617,255.94690309290917,254.5603236639465,255.34634399414062,59810800
2018-09-13,256.40625295326265,257.04214717503464,256.1236273096607,256.8566589355469,51034200
2018-09-14,257.0598457510956,257.2453070700821,256.12367172789,256.90087890625,55079900
2018-09-17,256.84787978767656,256.8831877833534,255.2669710194141,255.54075622558594,68244000
2018-09-18,255.75262581060497,257.51899529516726,255.7261313464429,256.9272766113281,61930400
2018-09-19,256.98031461211065,257.61620882608855,256.8566557873011,257.20111083984375,49080600
2018-09-20,258.4551705755734,259.60329984689514,257.21869049549554,259.28533935546875,100360600
2018-09-21,260.024368276411,260.1397063566886,258.8887755296782,259.0484619140625,105479700
2018-09-24,258.4718933406768,258.61384587039015,257.61132474312956,258.18798828125,53409600
2018-09-25,258.64045746369817,258.74691509115587,257.7089261487671,257.9484558105469,44370000
2018-09-26,258.09046385825224,259.2704055826351,256.75968907940677,257.1766662597656,79739700
2018-09-27,257.64682299273915,258.97759751708634,257.3717984236816,257.8952331542969,59249500
2018-09-28,257.2741607004745,258.4186342232433,257.23869287821276,257.92181396484375,70091400
2018-10-01,259.1550695170986,259.8825662332984,258.1525752517197,258.8179626464844,62078900
2018-10-02,258.6669921875,259.3767275350329,258.29439060617904,258.6669921875,47258200
2018-10-03,259.713968516545,260.1309456508911,258.45418369340865,258.8090515136719,64694600
2018-10-04,258.3299446701572,258.38317348526033,255.20707019384005,256.7862548828125,111545900
2018-10-05,257.00801142314197,257.5225655821874,253.92948573757167,255.34898376464844,105951700
2018-10-08,254.66583561726435,255.7038515027494,253.29071297912077,255.34898376464844,87742200
2018-10-09,254.96757175041503,256.271704954829,254.4174954691894,254.97642517089844,74339000
2018-10-10,254.47063777439158,254.54162756220535,246.5303677356784,246.90296936035156,214731000
2018-10-11,245.82061307572138,247.4352923666238,239.85874321865035,241.46456909179688,274840500
2018-10-12,245.54564580207276,245.82955087923344,241.64204575248766,244.81817626953125,183186500
2018-10-15,244.46324812946958,245.78516911999583,243.35426945518478,243.4429931640625,102263700
2018-10-16,245.39482863663616,249.13874206234044,244.9246227192346,248.76611328125,118255800
2018-10-17,248.80163586234124,249.4315282954246,246.24654414968518,248.81051635742188,110626000
2018-10-18,247.87892571901244,248.47335024410975,243.9487115121267,245.21737670898438,134557500
2018-10-19,245.86499957010082,247.79017128688514,244.39227271815466,245.0842742919922,139901600
2018-10-22,245.7496773022289,246.06905016858272,243.45187670926651,243.98419189453125,82415800
2018-10-23,240.38227374282013,243.86001636147097,238.30624144610618,242.74215698242188,146352700
2018-10-24,242.49366009806855,242.87516927454965,234.83729536245292,235.38734436035156,177806700
2018-10-25,237.21498902513562,241.1452031203424,236.1947340152179,239.61036682128906,138061500
2018-10-26,235.91971729336254,240.42659505910345,232.6992386438329,235.39625549316406,201574600
2018-10-29,238.47477285454744,239.7611989981916,230.5345014729558,234.0920867919922,160749100
2018-10-30,233.92351555366437,237.8714630180491,233.43554873806258,237.56094360351562,157116000
2018-10-31,240.11609206878217,242.4050395472768,239.64588612547567,240.09835815429688,128296300
2018-11-01,240.95891952431904,242.84862373496037,239.87655513053133,242.6534423828125,99495000
2018-11-02,243.75357845494347,244.17943612779212,239.17571000187786,241.21624755859375,122634100
2018-11-05,241.70416230807044,243.09704625212134,240.73713599252275,242.5469970703125,65622500
2018-11-06,242.48483819201113,244.24144301684072,242.42272889071398,244.08175659179688,60085900
2018-11-07,246.24651972727324,249.38715523548547,245.82066212583987,249.30731201171875,102752100
2018-11-08,248.50882875761963,249.49361601251272,247.71924992952057,248.85484313964844,65584900
2018-11-09,247.55069347645488,247.7369943421544,245.02221628610278,246.42398071289062,98812600
2018-11-12,245.91834743915967,246.15787718945415,241.30498333023263,241.81956481933594,99673600
2018-11-13,242.2808477496291,244.2681293791758,240.64843397183265,241.36705017089844,98176600
2018-11-14,243.2300485690303,243.6292645987899,238.16424217715743,239.71681213378906,125335900
2018-11-15,238.4570567918774,242.68005673296886,236.88675255543484,242.2187042236328,135101400
2018-11-16,241.12749548140937,243.75354980191392,240.61291413620395,242.8486328125,126668000
2018-11-19,242.24530815536264,242.53809370819096,237.8271541279223,238.74095153808594,103061700
2018-11-20,235.42289807982084,236.87789138228501,233.4622309792524,234.3227996826172,136021300
2018-11-21,235.86649217131097,237.01096598131056,235.11240817622902,235.1212615966797,75563700
2018-11-23,233.4887635086266,234.94375630084633,233.3911863961748,233.55087280273438,42807900
2018-11-26,235.7954858771656,237.5432373902508,235.40512320903764,237.32144165039062,79981400
2018-11-27,236.29236938022643,238.11996459960938,235.6890913043429,238.11996459960938,75502400
2018-11-28,239.1845527032355,243.6027069091797,238.05781291603475,243.6027069091797,127629600
2018-11-29,242.8308625626681,244.4632761090894,241.6952693532151,243.07041931152344,82346400
2018-11-30,242.91958839251905,245.11093160574055,242.60021549084044,244.552001953125,98204200
2018-12-03,248.659747890527,248.766205560421,246.2022597615166,247.79029846191406,103176300
2018-12-04,246.96510568773246,247.390963237214,239.45066525471964,239.7611846923828,177986000
2018-12-06,235.9197036518377,239.5127837949778,232.83229721703475,239.39744567871094,204185400
2018-12-07,239.06033286080262,240.62178366519305,233.00088464890422,233.8348388671875,161018900
2018-12-10,233.65734252371468,235.24540740375193,229.44322399250612,234.27838134765625,151445900
2018-12-11,237.46343560815416,237.64973648123552,232.867833574281,234.33168029785156,121504400
2018-12-12,237.2948278377277,238.65221668607788,235.43173820331026,235.51158142089844,97976700
2018-12-13,236.45197181768043,237.31254029567572,234.32273831713044,235.4317169189453,96662700
2018-12-14,233.29365668777106,234.24294908760876,230.53453028646314,231.08457946777344,116961100
2018-12-17,230.13523834236764,231.24421696494525,224.92747906269102,226.551025390625,165492300
2018-12-18,228.1834492293881,228.84883639423893,224.70568040157815,226.3026123046875,134515100
2018-12-19,226.38243167084684,230.13521109487448,221.21903485487525,222.91354370117188,214992800
2018-12-20,221.67154333984448,223.23298053526167,217.0493139863957,219.28501892089844,252053400
2018-12-21,220.18187787359022,222.83219979748833,214.14948907768272,214.7919921875,255345600
2018-12-24,213.31068523832312,214.91694316664362,209.05411874876637,209.1165771484375,147311600
2018-12-26,210.57105762691342,219.6820831298828,208.5989279125675,219.6820831298828,218485400
2018-12-27,216.46069713767926,221.5650056323348,213.23926322091438,221.3686981201172,186267300
2018-12-28,222.7161726307013,224.34026776675762,219.92306940648027,221.08314514160156,153100200
2018-12-31,222.69835596174136,223.2605496346968,220.83331848390992,223.0196075439453,144299400
2019-01-02,219.5036313704784,224.1707035858878,219.47686154729473,223.25155639648438,126925200
2019-01-03,221.51142537562873,221.81483936556182,217.442249303845,217.92413330078125,144140700
2019-01-04,220.94038988695792,225.86624276540294,220.56559865721877,225.22373962402344,142628800
2019-01-07,225.4914450069322,228.40054653433256,224.59908107156352,226.99954223632812,103139100
2019-01-08,229.17685193188655,229.6141014303248,226.66037976243663,229.13221740722656,102512600
2019-01-09,229.83722205027829,231.04191864728134,228.61468798077402,230.20309448242188,95006600
2019-01-10,228.67716310716855,231.26501275988133,227.998957883904,231.01515197753906,96823900
2019-01-11,229.94425055651254,231.13110941883903,229.36421965135236,231.10433959960938,73858100
2019-01-14,229.2125586590983,230.4975647437102,228.81101127814628,229.69444274902344,70908200
2019-01-15,230.0692251323306,232.63923705127664,230.06029278047396,232.326904296875,85208300
2019-01-16,232.75525327364485,233.77256114426123,232.55002701513308,232.88912963867188,77636700
2019-01-17,232.0235184925681,235.5126641905326,231.9788839632567,234.65597534179688,96118400
2019-01-18,236.45855492637688,238.24328241616914,234.69166490768163,237.77923583984375,127900300
2019-01-22,236.31576390264777,236.52992247827257,232.96046764303685,234.56671142578125,115531200
2019-01-23,235.59297988875502,236.28902257625495,232.60355565717606,235.05755615234375,86030300
2019-01-24,234.87909465890846,235.76255343882323,233.8707190939541,235.1824951171875,59204100
2019-01-25,237.02074100226002,237.99344153026766,235.28064789407634,237.17245483398438,96883400
2019-01-28,235.0397180517145,235.43233307573223,233.6119305026941,235.36988830566406,85613700
2019-01-29,235.5126704132107,236.07483674202095,234.22766433893665,235.05755615234375,66136300
2019-01-30,236.565626676837,239.61749533673162,235.8071120713006,238.77867126464844,92473700
2019-01-31,238.7162274696689,241.35761645588957,238.50204165856266,240.875732421875,104012100
2019-02-01,241.07213078167035,242.00912932767181,240.20653660651251,240.9918212890625,85782500
2019-02-04,241.03630157768274,242.7496515488,240.36702892584808,242.6871795654297,60744800
2019-02-05,243.11556550617132,244.00792919479102,242.61584401916656,243.70452880859375,79552800
2019-02-06,243.42788952738272,243.91867864543855,242.6515375033268,243.3832550048828,58347800
2019-02-07,241.77705153770148,242.32138038708896,239.41229290069123,241.06317138671875,95482000
2019-02-08,239.82278385087898,241.45579770825748,239.00179712931825,241.35765075683594,75788900
2019-02-11,242.0090871381183,242.26785304714784,240.96500945065426,241.4915008544922,68021400
2019-02-12,243.09775917507974,244.97170137499526,243.02635482048785,244.596923828125,72270200
2019-02-13,245.42684598053933,246.2299680559357,245.00743385198552,245.39114379882812,65277200
2019-02-14,244.31134754114603,245.97115828504187,243.49929325687182,244.84677124023438,83234400
2019-02-15,246.6137182344973,247.55071683597302,246.40849192994528,247.5150146484375,97088700
2019-02-19,246.72077942009167,248.59472181280694,246.71184706665318,247.9433135986328,59120800
2019-02-20,247.90759992306843,248.8981379613445,247.40787834381004,248.44302368164062,76610800
2019-02-21,247.8094616284365,248.1664017356935,246.60476493775758,247.55960083007812,64214700
2019-02-22,248.17523020847509,249.29068471964067,247.54165967131036,249.09439086914062,78114600
2019-02-25,250.51337387671342,251.03093305220366,249.353284252051,249.43359375,69030700
2019-02-26,249.08556036069322,250.12961095966432,248.88030684291857,249.25511169433594,56844100
2019-02-27,248.54124299518804,249.49607913214564,247.61320392510532,249.1480712890625,56921600
2019-02-28,248.9338207584465,249.3710975786756,248.36272203533355,248.6839599609375,69268300
2019-03-01,250.25444025069731,250.64708239776786,248.80881563319886,250.23660278320312,78880500
2019-03-04,251.2896116987926,251.53054008280552,247.04195196952872,249.32640075683594,106494600
2019-03-05,249.45130536932348,249.64762643253337,248.44293023705333,248.9872589111328,59114600
2019-03-06,249.10335674714386,249.1122890999003,247.15801014103693,247.479248046875,75039800
2019-03-07,247.0330474088362,247.17582887820254,244.57014195241382,245.40896606445312,94885100
2019-03-08,243.56175355920197,245.0876878804618,243.09773423309156,244.9181365966797,85795800
2019-03-11,245.6320620628198,248.6303912829194,245.6052922388111,248.4697723388672,65098900
2019-03-12,249.0229826948177,249.92427864044683,248.83559396500522,249.4066925048828,79667500
2019-03-13,250.29015178853098,251.98563717829566,250.12950564397,251.0575714111328,80639200
2019-03-14,251.0843766719062,251.50378871150951,250.4597384047559,250.89698791503906,67518400
2019-03-15,251.44641412956332,252.94321031415885,251.25817262994,252.1365509033203,81309000
2019-03-18,252.3517183749023,253.34661954395162,252.12764473850024,253.0508270263672,62199800
2019-03-19,254.10847232408358,254.87030079650296,252.22624833038137,253.1135711669922,90268100
2019-03-20,252.89840780961697,254.09943891227132,251.2492295483872,252.35165405273438,84609200
2019-03-21,251.5361388257631,255.6052967638512,251.49130768248756,255.2019805908203,79550400
2019-03-22,253.84851218600596,254.36835092558272,250.22747499256286,250.29022216796875,122659300
2019-03-25,249.94966866530024,251.13278409220587,248.8472438221411,250.10205078125,85575200
2019-03-26,251.84977067913186,252.91636327100957,250.56807617048426,251.96629333496094,68125900
2019-03-27,251.95735561808698,252.5399689758073,249.10714542554365,250.64877319335938,72224700
2019-03-28,251.2762087520225,252.04700901604357,250.1289527025606,251.59886169433594,56238500
2019-03-29,253.10462425059868,253.50794037553487,251.98425609343445,253.18528747558594,82186800
2019-04-01,255.17501552412202,256.4835976324492,254.90611080417543,256.18780517578125,77617900
2019-04-02,256.37607115052464,256.5463692835884,255.5245804852058,256.3133239746094,40070400
2019-04-03,257.52333435925203,257.9177061153034,256.1161454730113,256.7166748046875,68243200
2019-04-04,257.03931484795163,257.64878849405113,256.3491779856979,257.3978271484375,48997500
2019-04-05,258.06109087920464,258.6974522325927,257.77427011188774,258.6436767578125,58621700
2019-04-08,258.2224359901956,258.9484323049997,257.56813119604186,258.84088134765625,53566300
2019-04-09,257.88185781115266,258.20451070581373,256.9676472568753,257.5143737792969,66142300
2019-04-10,257.9267010253007,258.4824266834013,257.51441314596076,258.3927917480469,52601500
2019-04-11,258.8767125839089,258.88568428123676,257.756344527357,258.3210144042969,55093100
2019-04-12,259.92528473238696,260.3465440465795,258.3657417768646,260.0686950683594,69727800
2019-04-15,260.140488185737,260.23909479705657,259.10078335831236,259.89849853515625,49596700
2019-04-16,260.77677505449674,260.8305505113958,259.4771376897449,260.0686950683594,52153200
2019-04-17,261.1802532577738,261.20714100292923,259.02017988781523,259.4324951171875,58268300
2019-04-18,260.0149866851149,260.21217252885253,258.72432068114665,259.9432678222656,68708500
2019-04-22,259.1814564680707,260.31974047739857,259.09182156001907,260.1673583984375,40160100
2019-04-23,260.5348552038877,262.73975916905067,260.30183725475945,262.5067138671875,52246600
2019-04-24,262.4261171496475,262.75774179234065,261.78078391020006,261.9241943359375,50392900
2019-04-25,261.82553404227406,262.41709166992746,260.5796989626639,261.7627868652344,57770900
2019-04-26,261.8076069798987,263.0534420070687,261.03677955107406,262.98175048828125,50916400
2019-04-29,263.071451059731,263.91397021762236,262.98181612432387,263.39410400390625,57197700
2019-04-30,263.05349888175925,263.8153547781804,261.6463371185243,263.5285339355469,81111700
2019-05-01,264.1558268173081,264.36198432958724,261.53863572703256,261.547607421875,71671900
2019-05-02,261.4312100573297,262.3454480819899,259.49521038202386,260.9830627441406,65030200
2019-05-03,262.4529364877734,263.8152941480737,261.09055147473833,263.5374450683594,56543700
2019-05-06,259.2531642106628,262.89211741292036,258.9394556892126,262.45294189453125,107198100
2019-05-07,260.0598124870552,260.6513700683735,256.1698981063263,258.0700378417969,144729900
2019-05-08,257.7115173339844,259.41447115468867,257.11995977153765,257.7115173339844,91568300
2019-05-09,255.6501289651859,257.5323258192694,253.92025952900033,256.93182373046875,103471100
2019-05-10,255.9995922364823,258.97529609388704,253.02388837907756,258.222412109375,112429300
2019-05-13,253.13142898057433,254.0904430205277,250.89963774353276,251.73318481445312,127290500
2019-05-14,252.74609382656956,255.5335841272381,252.62062681179003,254.00987243652344,77003200
2019-05-15,252.38756813357963,256.13407262584394,252.18141054901224,255.49771118164062,73956400
2019-05-16,256.19680023221036,259.2173081278269,256.12510871199436,257.8639221191406,76749600
2019-05-17,255.56938770151973,258.67055853759854,255.55144430851703,256.19677734375,100353000
2019-05-20,254.6013868725707,256.30434077404203,253.75886794240608,254.5028076171875,62877600
2019-05-21,256.1877708565927,257.17369999218766,255.93680956323482,256.7972717285156,46847100
2019-05-22,255.8472185127596,256.9586146903073,255.53351003765886,256.008544921875,49482500
2019-05-23,253.7947035256118,253.83950730062355,251.47330451372397,252.8804931640625,98733800
2019-05-24,254.31464360757246,254.72695885411594,252.83576285695116,253.45420837402344,55268100
2019-05-28,253.73192417755664,254.68199385025704,251.07890097941555,251.09681701660156,70029400
2019-05-29,249.9855068541915,250.38882297493316,248.01364797699472,249.411865234375,104972900
2019-05-30,250.16472435586059,250.9982989609334,248.99955254201674,250.09303283691406,62523800
2019-05-31,247.55658197670175,248.3811576995462,246.69611945798482,246.72300720214844,86862800
2019-06-03,246.75883021463042,247.87022661296436,244.76905538206495,246.0955810546875,96428000
2019-06-04,248.38108719185382,251.57189290628787,247.93294001451494,251.4374542236328,77231900
2019-06-05,253.05086951579688,253.64242729755463,251.2493357764936,253.61553955078125,71169700
2019-06-06,253.91123206198466,255.93683867710504,253.26589904097955,255.26461791992188,69430400
2019-06-07,256.27746425638986,258.89465607265004,256.10716612351325,257.819091796875,74272200
2019-06-10,259.36067899996857,260.6603166850076,258.91253184688355,259.0021667480469,60799100
2019-06-11,260.8127051852287,261.1801891806901,258.29412004685184,258.939453125,58641300
2019-06-12,258.706403900747,259.26210199894365,257.9714359986725,258.4823303222656,47096300
2019-06-13,259.3875322535689,259.9073981995692,258.688423881801,259.5488586425781,48945200
2019-06-14,259.2621154785156,259.8626173825372,258.50025980152225,259.2621154785156,52324700
2019-06-17,259.4951564689148,260.1225735181229,259.19041964158777,259.3607177734375,39205700
2019-06-18,261.1712991311088,263.1252148132128,260.8127594054737,262.0765380859375,85434800
2019-06-19,262.21088043232373,263.19680960996527,261.2428946460134,262.6679992675781,78674400
2019-06-20,265.33896606301266,265.5809556714044,262.7307464283125,265.1776123046875,116570000
2019-06-21,264.90926466616133,266.1611589574299,264.57602721062443,264.79217529296875,83309500
2019-06-24,264.99936948825126,265.3145763201404,264.3148638254183,264.4679870605469,47582700
2019-06-25,264.52200860882357,264.5490271209979,261.76601042395885,261.87408447265625,82028700
2019-06-26,262.76575082413854,263.27011476224845,261.5048409788637,261.6129150390625,51584900
2019-06-27,262.3694314566564,263.044921742749,261.9911722884758,262.5405578613281,40355200
2019-06-28,263.51325387039157,264.3868890801006,262.99990213807325,263.89154052734375,59350900
2019-07-01,267.20598003847806,267.42215565476,265.0894379746776,266.2873229980469,78705600
2019-07-02,266.24223128349144,267.0348109497761,265.40462992580103,266.98077392578125,61504500
2019-07-03,267.6562712698563,269.1333565933882,267.51216337347967,269.1153259277344,40898900
2019-07-05,267.890486025087,268.97128165021803,266.6025576032776,268.80914306640625,51677300
2019-07-08,267.5031576476492,268.6289747449363,266.7916335461484,267.33203125,45841800
2019-07-09,266.1791797032662,267.96245628769606,266.1251426846936,267.6652526855469,41101300
2019-07-10,268.7280962470277,269.8899474589201,268.1967137512382,268.9442443847656,58448500
2019-07-11,269.5836918467792,269.81784313562406,268.5749640265412,269.5746765136719,50826100
2019-07-12,270.060982268774,270.85356181926977,269.75476334894904,270.781494140625,40326000
2019-07-15,271.21389592419735,271.21389592419735,270.3672791135901,270.87164306640625,33900000
2019-07-16,270.78155022134894,270.9887104831493,269.6917668565987,269.99798583984375,36650100
2019-07-17,269.9709981269623,270.1331092273333,268.1606750488281,268.1606750488281,36036300
2019-07-18,267.6652458538998,269.52059007291723,267.22393438489826,269.1423034667969,51392600
2019-07-19,270.23221123306587,270.2592297513728,267.4762124226513,267.6473388671875,58678600
2019-07-22,268.0435817376525,268.8451768651962,267.5302299272995,268.3047790527344,43638100
2019-07-23,269.42148570217086,270.2230529785156,268.5928724360471,270.2230529785156,44564500
2019-07-24,269.466601543074,271.4930725097656,269.37653066962224,271.4930725097656,47213200
2019-07-25,271.04278384762506,271.09682088216147,269.39457183693844,270.1961669921875,55394100
2019-07-26,270.88056127464273,272.2045230475153,270.7544565887672,272.0063781738281,45084100
2019-07-29,271.8893645581002,272.00645394595506,270.9616922741828,271.5110778808594,38126500
2019-07-30,270.1151075682067,271.24994024875394,269.7368208460993,270.8446350097656,45849000
2019-07-31,271.0877334885615,271.2768905449335,265.8729686415346,267.88140869140625,104245200
2019-08-01,268.03454960744455,270.9796773444244,264.75615690970017,265.5487365722656,142646600
2019-08-02,264.6570998538528,264.900266462213,262.0001603982473,263.5492858886719,116749700
2019-08-05,259.4693164915534,259.5773905358963,253.73215692294193,255.62353515625,178745400
2019-08-06,257.50599959440535,259.424397095242,256.03792911307846,259.2082214355469,120711700
2019-08-07,256.14592653629853,260.1268282910362,254.02039683355144,259.36126708984375,140572300
2019-08-08,260.8473662533496,264.4499816894531,260.2979805925156,264.4499816894531,87713900
2019-08-09,263.51324043844005,264.10767516291054,260.87433176426345,262.64862060546875,93730000
2019-08-12,261.1536071415826,262.6396806362952,258.5056823753921,259.4513854980469,65527600
2019-08-13,259.1541243644712,264.92731871564195,258.8118715111946,263.48626708984375,94299800
2019-08-14,259.45135625290015,260.0547789289397,255.56954043177137,255.69561767578125,135622100
2019-08-15,256.5783456416137,257.262851556361,254.33572571726162,256.3711853027344,99556600
2019-08-16,258.0191730698293,260.58601304383325,256.4249991021651,260.1537170410156,83018300
2019-08-19,263.16203921415007,263.96360681327474,262.48654885595346,263.2881164550781,53571800
2019-08-20,262.78375220434907,263.3151346538664,261.14458315961394,261.2706604003906,51596400
2019-08-21,263.4231977101356,263.7654230198255,262.73869211921766,263.39617919921875,49524700
2019-08-22,264.09868577575924,264.7291268538394,261.54982049544003,263.3150939941406,51666400
2019-08-23,262.0181829782447,263.67538246569245,255.30830200906564,256.55120849609375,149161500
2019-08-26,258.7308184666326,259.3883056640625,257.20871127967257,259.3883056640625,72423800
2019-08-27,260.77533291189644,261.1446043021233,257.614028987942,258.3705749511719,66668900
2019-08-28,257.71302205360644,260.35193037965183,256.911427194521,260.1898193359375,59696700
2019-08-29,262.738756504129,264.0357003174939,261.7390163836797,263.5133056640625,57899400
2019-08-30,264.99032631484863,265.00832949353685,262.46850701004956,263.39617919921875,62901200
2019-09-03,261.7029833463762,262.61262500129374,260.53211690558965,261.8560791015625,69101400
2019-09-04,264.01760331130134,264.8461892118585,263.27004544878713,264.82818603515625,46887300
2019-09-05,267.30505471636684,269.1423687179154,264.79222286459446,268.23272705078125,83258100
2019-09-06,268.5479208659887,269.07930324088835,267.8724306034567,268.4398193359375,49584300
2019-09-09,269.4215066427357,269.5115500059495,267.6382027817239,268.57489013671875,51260300
2019-09-10,267.81841132882255,268.57498473811705,266.5665167900906,268.5119323730469,57947100
2019-09-11,268.8181022138992,270.50232018051446,268.1696304715146,270.4212646484375,68821100
2019-09-12,271.3219373460333,272.41172066807127,270.56539150782567,271.35797119140625,72908700
2019-09-13,271.7993097824489,272.15057796681884,270.8085850793493,271.1778564453125,62104800
2019-09-16,270.0520856439344,271.2229523075761,269.7008448848866,270.3403015136719,58191200
2019-09-17,270.1420991494671,271.11479314596744,269.97097273102594,271.0247497558594,41475500
2019-09-18,270.6374460314941,271.2949331869254,268.6109750229394,271.1868591308594,73375800
2019-09-19,271.5741589935935,272.56488374290353,270.83561622721925,271.1688537597656,76560500
2019-09-20,271.7696332635808,272.0501507115491,269.100451345295,269.88763427734375,89565000
2019-09-23,269.2270389853923,270.53902859724644,268.97369250459167,269.82421875,43476800
2019-09-24,270.9100771613818,271.2991401437469,266.747931631159,267.70703125,94869400
2019-09-25,267.78841257718466,269.73375474914366,266.31356316285877,269.2904052734375,71854000
2019-09-26,269.2994371147494,269.507526385877,267.32695184488114,268.7294006347656,56179700
2019-09-27,269.48042710932464,269.5890278573318,265.7345158777197,267.28173828125,84746600
2019-09-30,267.7974924652988,269.2270847903198,267.75226286244816,268.5213317871094,51662400
2019-10-01,269.3989896786448,270.0504560848609,265.110185278463,265.32733154296875,88242400
2019-10-02,263.75303184079075,263.7620888083091,259.3556532089676,260.6404724121094,122539500
2019-10-03,260.4142716976358,262.8029916787892,257.7088892026817,262.7758483886719,85278800
2019-10-04,263.42725373830876,266.5850420764219,263.37293955799163,266.3316955566406,65091200
2019-10-07,265.53541588400043,267.1550385419711,264.90203587328466,265.1825256347656,59610500
2019-10-08,263.33682468669383,264.06972112299644,261.0295346060289,261.06573486328125,95708100
2019-10-09,263.0743071151631,264.47675583286633,262.4499841085226,263.5447998046875,62359400
2019-10-10,263.4634191387641,266.20500117894466,263.3005594403848,265.32733154296875,55296300
2019-10-11,268.06888493024525,270.30377370590077,267.95128245800737,268.07794189453125,98720400
2019-10-14,267.7613050131464,268.4308854111592,267.4355855865738,267.7794189453125,40394800
2019-10-15,268.8199757891408,271.17249535642475,268.702345668871,270.4305419921875,46754500
2019-10-16,269.9690725325945,270.68388259277367,269.5619232168243,269.9962158203125,48928200
2019-10-17,271.1542474171095,271.6609402903978,270.1046614331007,270.7923278808594,45736600
2019-10-18,270.2585525385415,270.90096193087385,268.75655989311184,269.6070861816406,64304000
2019-10-21,270.91912254267635,271.6339049366315,270.48480235900485,271.4348449707031,39048600
2019-10-22,271.96863087406336,272.2581776094596,270.45760889672664,270.548095703125,48594700
2019-10-23,270.29476731931624,271.38958319579564,270.0866504119283,271.3352966308594,34352200
2019-10-24,272.26729329320835,272.41206669212943,270.9553033492189,271.7786865234375,35453100
2019-10-25,271.2085743945086,273.4344337189904,271.15428783661343,272.89154052734375,45205400
2019-10-28,274.10409009964496,274.9274733563282,274.07694681042267,274.4298095703125,42147000
2019-10-29,274.1582636553359,275.2711932800511,274.03157661605553,274.3482666015625,44284900
2019-10-30,274.54732137820343,275.5607072227236,273.24438883162225,275.18975830078125,49643900
2019-10-31,275.1807761315872,275.1807761315872,273.00923050128966,274.4569091796875,69053800
2019-11-01,275.8955777764334,277.04468028616344,275.7326904592425,276.99945068359375,71141500
2019-11-04,278.5466859006218,278.6824023272669,277.74138908135876,278.11236572265625,60606900
2019-11-05,278.31144163213037,278.61004540055967,277.51520173325594,277.80474853515625,42933200
2019-11-06,277.80475948454966,278.13953590688425,276.92708969043014,277.86810302734375,46487100
2019-11-07,279.19813566220006,280.17532148829997,278.37475257286513,278.8452453613281,54272300
2019-11-08,278.5013371850439,279.5871234668853,277.8046413486891,279.5328369140625,49032100
2019-11-11,278.15764546419433,279.1710316821398,278.0219014138559,278.9991149902344,35797300
2019-11-12,279.3609245078078,280.4828834333322,278.81803135869535,279.5871276855469,46484600
2019-11-13,278.6009437781828,280.07579322546786,278.3747405528372,279.67767333984375,53917700
2019-11-14,279.3971693561255,280.16626580577037,278.76378931225406,280.0848083496094,51219900
2019-11-15,281.4149096673068,282.1568629025422,280.7272706119639,282.11163330078125,62023600
2019-11-18,281.8763222079318,282.5549317880183,281.4239158212075,282.3196716308594,49228000
2019-11-19,282.91689092495204,282.92594789001487,281.59587182260094,282.23828125,67804700
2019-11-20,281.6501230250607,282.16587294031694,279.6414375348948,281.18865966796875,79406200
2019-11-21,281.2972742396407,281.40584736131234,279.9400549933533,280.73626708984375,54664700
2019-11-22,281.47819526115194,281.6139116511986,280.35623628650774,281.3605651855469,44850200
2019-11-25,282.28352322604525,283.54119873046875,282.28352322604525,283.54119873046875,48647200
2019-11-26,283.57741508601435,284.3645978931575,283.2607250475997,284.1836242675781,37569000
2019-11-27,284.66316801468287,285.45037841796875,284.4460217587132,285.45037841796875,44444600
2019-11-29,284.8892985114539,285.13361559975044,284.1654594345317,284.39166259765625,36592700
2019-12-02,284.64510327178596,284.7084468054774,281.55065843888804,281.9759216308594,75767800
2019-12-03,279.27048230227246,280.16626580577037,277.8951767026078,280.0848083496094,73941700
2019-12-04,281.125440655991,282.41025979232126,280.78160726064203,281.8130798339844,49080000
2019-12-05,282.50970219442365,282.5277885093226,281.01673902807784,282.3196716308594,40709000
2019-12-06,284.21988870502037,285.29661851118567,284.2108317378864,284.89849853515625,48927000
2019-12-09,284.5093785762691,285.17893130524726,283.9302850497049,284.002685546875,34838500
2019-12-10,283.94837758133656,284.6088732952171,283.03450775915456,283.68597412109375,52649800
2019-12-11,284.13832074324125,284.7445573797789,283.60448458317836,284.4912109375,53429100
2019-12-12,284.5003834172899,287.7215159236564,284.2651507821318,286.9433898925781,96389600
2019-12-13,286.7080270530041,288.33670665798,285.9389306517123,287.1152038574219,81503900
2019-12-16,288.83433053350143,289.6757997737845,287.0518482906718,289.0876770019531,82749700
2019-12-17,289.46787424990674,289.76645048020043,289.0697542010421,289.15118408203125,61097700
2019-12-18,289.5401661044706,289.7663693592397,289.11490288099657,289.169189453125,48133000
2019-12-19,289.3591619313905,290.4268621669237,289.1058154172824,290.3544616699219,85310500
2019-12-20,291.3819230502159,292.754916750099,290.4090343656645,291.62744140625,147142100
2019-12-23,292.40942038274756,292.4639738562155,291.92751286814024,292.072998046875,52990000
2019-12-24,292.30030617360654,292.3457581508804,291.78202044007725,292.08209228515625,20270000
2019-12-26,292.4639163918748,293.64597283116717,292.45484264705334,293.6368713378906,30911200
2019-12-27,294.3642412894072,294.4187947469577,293.036727574923,293.5640869140625,42528800
2019-12-30,293.6459596835143,293.78234333428065,291.46371027743766,291.94561767578125,49729100
2019-12-31,291.4455407994425,292.9003645160912,291.10001704503725,292.65484619140625,57077300
2020-01-02,294.18244866671154,295.40995713786896,293.26408574966416,295.3917541503906,59151200
2020-01-03,292.0183611242532,294.27333912755284,291.9638076663748,293.1549377441406,77709700
2020-01-06,291.4092110411044,294.3552371881082,291.29100260562666,294.2734069824219,55653900
2020-01-07,293.70964975181556,294.182483506946,293.0004268675797,293.44598388671875,40496400
2020-01-08,293.63692440584015,296.2192238536559,293.39143377910256,295.0099182128906,68296000
2020-01-09,296.56466372143524,297.08294931294756,295.9827231804138,297.01019287109375,48473300
2020-01-10,297.59210477257307,297.74666363684656,295.69175220169865,296.15545654296875,53029300
2020-01-13,296.77384567647033,298.20136500493834,296.34649170275594,298.1922912597656,47086800
2020-01-14,297.75584613787055,298.80149124864306,297.18300698847196,297.7376708984375,62832800
2020-01-15,297.6467461600431,299.1651972676741,297.56491595799633,298.4105224609375,72056600
2020-01-16,299.7835221460508,300.892822265625,299.5562067752238,300.892822265625,54050300
2020-01-17,301.6019998488349,302.03842753631125,300.82912215432333,301.8293151855469,95846000
2020-01-21,300.87464321259114,302.03849689387584,300.80191449746235,301.23834228515625,77742400
2020-01-22,302.093018484724,302.7386140999866,301.1201298116937,301.2746887207031,48914900
2020-01-23,300.62914750870215,302.02941805033095,299.51984731959936,301.6202392578125,51963000
2020-01-24,302.274806105653,302.3566362866972,297.65574350918774,298.93780517578125,87578400
2020-01-27,293.71876411583315,295.6191174690561,293.38234177437914,294.1461181640625,84062500
2020-01-28,295.5645211349526,298.1013683192747,294.23700720360983,297.2284851074219,63834000
2020-01-29,298.5832802273967,298.8105955905337,296.78293256190744,296.98297119140625,53888900
2020-01-30,294.92799254211405,298.15588692212685,294.1824193381583,297.9467468261719,75491800
2020-01-31,297.3285107663314,297.4830974307918,291.6274511456699,292.5367126464844,113845600
2020-02-03,294.0096870424728,296.5647094244046,293.8914786175827,294.7098083496094,69083000
2020-02-04,298.30140865327917,300.0653780748739,297.9831615981231,299.2015686035156,62573200
2020-02-05,302.1202469180403,302.8658478554075,300.6654510138987,302.6567077636719,65951100
2020-02-06,303.61142439918666,303.8660164368016,302.6021299921927,303.6750793457031,50359700
2020-02-07,302.62037823914807,303.68419851140686,301.51107824895325,302.056640625,64139400
2020-02-10,301.1746796413046,304.3752699512729,301.13830141378867,304.3116149902344,42070000
2020-02-11,305.65731897728693,306.4392704707863,304.31160210077036,304.8389892578125,54864500
2020-02-12,306.2665508261337,307.0121519449544,305.9028517615865,306.80303955078125,43992700
2020-02-13,305.3846438229049,307.43958429635614,305.1118763921224,306.47576904296875,54501900
2020-02-14,306.88484460300674,307.084883234379,305.6937143088903,306.9666748046875,64582200
2020-02-18,305.9755900262363,307.030336674616,304.7935334511837,306.1756286621094,57226200
2020-02-19,307.1394741196409,308.31240156841585,306.857605252249,307.6395568847656,48814700
2020-02-20,307.0939068095637,307.91226418959036,303.402308100626,306.3756103515625,74163400
2020-02-21,305.02997213526146,305.33911773127744,302.40219294643487,303.2205505371094,113788200
2020-02-24,293.8187317949431,303.29321971101865,292.09111299686066,293.1640625,161088400
2020-02-25,294.5462110971591,295.15540084278814,283.40775626371243,284.2806396484375,218913200
2020-02-26,285.6717381934317,289.24512881329986,282.5075263003692,283.23492431640625,194773800
2020-02-27,277.7429540817692,283.28945366437136,270.51434326171875,270.51434326171875,284353500
2020-02-28,262.50382297406543,270.8599389145115,259.6305531200936,269.3778381347656,384975800
2020-03-02,271.1508997939303,281.1073256272958,267.74116872064934,281.0436706542969,238703600
2020-03-03,281.41641279396447,285.36260407327984,270.5689305856393,272.99664306640625,300139100
2020-03-04,278.3430838776504,284.6897381780031,275.8062369064446,284.47149658203125,176613400
2020-03-05,277.3065542615763,280.47986769668034,272.7875239528955,275.01519775390625,186366800
2020-03-06,266.54995789097586,271.66910370603455,263.89493030117706,270.4688720703125,228667200
2020-03-09,250.31964456045836,258.4029914751253,248.63753322137015,249.3467559814453,309417300
2020-03-10,258.8122595163901,262.34017154791616,248.68307101923224,262.249267578125,276444100
2020-03-11,255.22970801029587,256.35718336366966,246.30075363543554,249.4649658203125,255316300
2020-03-12,232.77091945781268,242.4636493556754,225.20585791580433,225.5968475341797,392220700
2020-03-13,239.21761484421114,246.8463324718078,225.96968144230854,244.88232421875,329566100
2020-03-16,219.29570095436807,233.58929408558546,215.82232893733405,218.08639526367188,297240000
2020-03-17,222.80546423875327,232.92556451863092,215.55866179476584,229.86134338378906,262070500
2020-03-18,214.81303238868713,225.8332774835406,207.3298140234867,218.22276306152344,327597100
2020-03-19,217.54079799071988,224.93309788570622,211.14869122239375,218.68646240234375,289322000
2020-03-20,221.81991016314782,223.59425218036205,208.98795912832034,209.26234436035156,347158800
2020-03-23,208.70444775234532,210.0672050409845,199.62238105359475,203.91189575195312,326025200
2020-03-24,214.40242305268706,223.25583646686758,213.83537051261308,222.38694763183594,235494500
2020-03-25,223.96010990179323,234.45982229383785,219.27732029095014,225.71615600585938,299430300
2020-03-26,228.21304450745478,240.35902646613818,227.78317753221316,238.8956756591797,257632800
2020-03-27,231.64281313729845,238.53895253940948,229.6123819008434,231.77999877929688,224341200
2020-03-30,233.8653046759227,240.02061371023277,231.8806066353149,239.30722045898438,171369500
2020-03-31,238.31032714142557,240.84378198565145,234.34093062328688,235.7402801513672,194881100
2020-04-01,226.8045329870279,235.6579474427776,223.07292993104878,225.13079833984375,189554600
2020-04-02,224.25277750810542,231.1031837108158,223.70400702849605,230.32577514648438,177660400
2020-04-03,229.3471021274164,231.68851038207237,224.28017983592915,226.99656677246094,135561200
2020-04-06,235.82254896003673,244.20036249851938,226.97829031503124,242.2430877685547,188061200
2020-04-07,250.79475948605563,251.54474506667927,242.2706304810045,242.49012756347656,201427200
2020-04-08,245.0785072104973,252.43196800682452,242.59992577467463,250.63018798828125,153774500
2020-04-09,253.87698064060288,257.18788640634193,251.94717036549818,254.44406127929688,189999200
2020-04-13,253.47455622786137,253.8129568310891,248.23384065027605,252.1209259033203,114839100
2020-04-14,256.98662431123626,260.5718728557948,251.98371629741587,259.5566711425781,134143400
2020-04-15,253.86783290758441,259.6938833213936,251.9379948776648,254.04161071777344,121775000
2020-04-16,255.31291590822602,256.1177757239409,252.21240810863327,255.26719665527344,131798300
2020-04-17,261.0108843332455,262.76691639123914,258.2853419351938,262.1632995605469,146684800
2020-04-20,258.47750736642956,262.3005922953267,257.3251195802604,257.54461669921875,100109300
2020-04-21,253.09960836717352,254.29774321297603,248.79178243809864,249.72470092773438,126385700
2020-04-22,254.5812403911935,257.0049469419496,253.26420213122947,255.26719665527344,92951600
2020-04-23,256.5384258881297,259.69383510664437,254.94701667094412,255.2488250732422,104709700
2020-04-24,256.75789725188434,259.4742839523444,254.7183114958531,258.8066101074219,85063200
2020-04-27,260.77311225237196,263.6541227954052,260.3158081054895,262.5382995605469,77896600
2020-04-28,266.1692816947441,266.5168372940742,261.02918781823894,261.3310241699219,105270000
2020-04-29,266.6356759130228,269.69961837336587,265.61131939279846,268.1722106933594,118745600
2020-04-30,266.8003346785692,268.2728683089117,263.94676172651174,265.6753845214844,122901700
2020-05-01,260.94680035075305,265.83995862251214,257.4804282938248,258.6419982910156,125180000
2020-05-04,256.7670815529989,259.6572466389891,255.2945758379468,259.3554382324219,80873200
2020-05-05,262.1632632514369,264.55037684980624,259.4834404684399,261.7516784667969,79569900
2020-05-06,263.4437285183799,263.827848295089,259.54748902772616,259.97735595703125,73632600
2020-05-07,263.1785312311904,265.03518491368027,262.6114785663358,263.114501953125,75250400
2020-05-08,266.2332605798592,267.9344461094257,265.10828260205517,267.4679870605469,76452400
2020-05-11,265.5473917828157,268.8948617788462,265.12667974630995,267.52294921875,79514200
2020-05-12,268.7026779791938,269.1142348105391,262.05346030605693,262.190673828125,95870800
2020-05-13,261.6328872690551,262.666399268781,255.13916178368657,257.5537414550781,144721100
2020-05-14,255.12999344010436,260.7639559394108,249.67890794003233,260.63592529296875,121977900
2020-05-15,258.2578335457952,261.8796730887109,257.31578850596856,261.8339538574219,111146300
2020-05-18,268.0259508942396,271.4100127656581,267.70586031884966,269.8094482421875,119703800
2020-05-19,269.21494963691697,270.9161076201453,267.01989537303587,267.0381774902344,95189300
2020-05-20,270.5594137391396,272.4343494490496,270.33076168126627,271.5746154785156,85861700
2020-05-21,271.4465815641365,272.2514412639975,268.6112904984,269.6996765136719,78293900
2020-05-22,269.41608749145286,270.3855697465573,268.1813610988964,270.2117919921875,63958200
2020-05-26,276.1476546483194,276.385461718517,270.2301383166859,273.541015625,88951400
2020-05-27,276.32148280283,277.647676135296,271.5197887469561,277.611083984375,104817400
2020-05-28,278.63538150701766,280.63837569046694,276.4311724038547,277.0988464355469,90405200
2020-05-29,276.63237146672736,278.918891827122,273.8977020474156,278.33355712890625,119090800
2020-06-01,277.6933394698057,280.06217137761803,277.1811611065829,279.4585266113281,55758300
2020-06-02,280.37308124642124,281.818177568528,279.0469163460415,281.7724304199219,74267200
2020-06-03,283.7479969891875,286.47353906948985,283.473625734496,285.5223388671875,92567600
2020-06-04,284.54374784901324,286.27237076977303,282.6870942924348,284.77239990234375,75794400
2020-06-05,290.14117395158814,293.83617104202,290.0771446777787,292.07098388671875,150524700
2020-06-08,292.8757764564875,295.7933782251572,292.3361610829709,295.601318359375,73641200
2020-06-09,292.9490092600261,295.6745518741366,292.089275278113,293.3971862792969,77479200
2020-06-10,293.97343534314683,294.8606065808559,291.04667738676187,291.76007080078125,95000800
2020-06-11,284.86387360342525,285.49495551971415,274.3916260395954,274.94036865234375,209243600
2020-06-12,281.91884136581535,282.68710895546064,273.1020322461087,278.23297119140625,194678900
2020-06-15,272.57150356014085,281.9553918611026,271.4008062757648,280.8304138183594,135782700
2020-06-16,288.5406401343892,288.6869808136118,281.3975514551438,286.2358093261719,137627500
2020-06-17,287.2509617160601,287.5436429956931,284.3150497306048,285.0467529296875,83398900
2020-06-18,283.53767829923845,285.63211084262696,283.08037422942215,285.1565246582031,80828700
2020-06-19,288.6070182508111,288.79992338216664,281.5886468186653,283.5269775390625,135549600
2020-06-22,282.9297852607961,285.74080016258773,281.79068924514235,285.3457946777344,74649400
2020-06-23,287.9821963081801,288.9100244355788,286.2551621058514,286.65936279296875,68471200
2020-06-24,284.62930889796206,285.24480548052856,277.5190968616675,279.34716796875,132813500
2020-06-25,278.77755738775835,282.60826932957065,276.7657488767601,282.34185791015625,89468000
2020-06-26,281.24866508004715,281.4599607492552,275.05708801773886,275.63580322265625,127961000
2020-06-29,276.88522233022,279.8248316025457,274.6070020157389,279.6870422363281,79773300
2020-06-30,279.2552617532368,284.9599933798619,279.09910982852165,283.2696838378906,113394800
2020-07-01,284.3812521535075,286.51248764873316,283.9219356089049,285.2539367675781,72396500
2020-07-02,288.6712011809494,290.01242543532555,286.1633512394865,286.82476806640625,69344200
2020-07-06,290.6279302554761,291.83133729460695,289.8838397361495,291.2525939941406,61713800
2020-07-07,289.71850628424903,291.68436650450917,287.87204481586895,288.2486877441406,82910000
2020-07-08,289.01107826646074,290.5635700836482,287.2565141278047,290.4533386230469,54638600
2020-07-09,291.05960293018705,291.2984564209568,285.4008217135947,288.7997741699219,83354200
2020-07-10,288.7355420447275,292.01506865179886,287.31167207863734,291.7486572265625,57550400
2020-07-13,294.08201958882603,296.45208065811465,288.5702209738263,289.2224426269531,102997500
2020-07-14,287.80768781432056,293.74207676938335,286.6134762105575,292.9704284667969,93657000
2020-07-15,296.1764500267383,296.7551932653832,293.2919291339535,295.6620178222656,87196500
2020-07-16,293.769630017324,295.13838410027176,293.1265757580528,294.6882629394531,54622500
2020-07-17,295.6895871795454,296.32344617655446,293.7236991518469,295.5426025390625,62774900
2020-07-20,295.27616772327247,298.6751206832208,294.5320773134892,297.9310302734375,56308800
2020-07-21,299.8877446097255,300.3286704937744,297.5819668813905,298.5649108886719,57292200
2020-07-22,298.20664479704493,300.57673367466816,298.096413320775,300.2643737792969,57792900
2020-07-23,299.90617411436045,300.60434429920406,295.3222035367767,296.6817626953125,75738000
2020-07-24,294.8353071395609,295.79066538679007,293.2736196426377,294.77099609375,73766600
2020-07-27,295.45990925427805,297.0950747233561,294.6698703686147,296.9205322265625,48293000
2020-07-28,296.1947200440681,297.3062857407447,294.7432927852021,295.0372619628906,57495000
2020-07-29,295.9100858432154,299.2263658690615,295.8733326700447,298.6659851074219,48454200
2020-07-30,295.70792971724495,298.0137073048075,293.63183839287296,297.6003112792969,61861700
2020-07-31,299.3824174937552,300.0530295157773,295.1842589595045,299.95196533203125,84986800
2020-08-03,301.605625355919,302.7998371691096,301.06363519242745,302.0373840332031,53077900
2020-08-04,301.18303648166886,303.20404052734375,301.18303648166886,303.20404052734375,41917900
2020-08-05,304.49933910281294,305.344493957488,304.232927632883,305.0872497558594,42697700
2020-08-06,304.50847479244663,307.2459831711578,304.1869476378153,307.1265563964844,43679400
2020-08-07,306.16200149282446,307.63181988230866,305.2617310710826,307.3470458984375,57308300
2020-08-10,307.79711328642304,308.4493347450377,305.86797873960825,308.265625,44282100
2020-08-11,309.44158091644624,310.07544003010565,304.99539985279966,305.7210998535156,69601100
2020-08-12,308.1462848519516,310.7551994541002,308.1187269807283,309.9835510253906,53774400
2020-08-13,309.22111734195045,310.72768929202897,308.504584545671,309.4232177734375,41816100
2020-08-14,309.03739801692717,309.9652265194765,308.3116699396521,309.4324035644531,47260400
2020-08-17,310.442902112571,310.8103497812543,309.4415953007634,310.41534423828125,35481000
2020-08-18,310.8103002489864,311.5084703323429,309.22105499298743,311.0859069824219,38733900
2020-08-19,311.4624789799715,311.9769111702149,309.23020772218825,309.79058837890625,68054200
2020-08-20,308.0727368847193,311.2328365188577,307.9441428478694,310.7551574707031,42207800
2020-08-21,310.42447869422375,312.07800689641704,310.0845609319981,311.8575439453125,55106600
2020-08-24,314.28268549668286,315.0910869399419,311.8299513355394,315.0176086425781,48588700
2020-08-25,315.5779440608495,316.20260767497933,314.42045769067664,316.11993408203125,38463400
2020-08-26,316.70788938447674,319.55562896318577,316.16589933451434,319.28924560546875,50790200
2020-08-27,320.1528630739039,321.42974863429623,318.33395925929887,319.98748779296875,58034100
2020-08-28,321.00706390510135,322.1829128264426,319.8220196842775,322.0542907714844,48588900
2020-08-31,321.8431427119025,322.71582741898374,320.65809805087804,320.88775634765625,66099200
2020-09-01,321.71445732028485,324.0110398362748,320.8233821827026,323.9100036621094,54908700
2020-09-02,325.811514381806,329.559523949686,324.67239062235956,328.594970703125,69540000
2020-09-03,326.91390709312424,327.38241887389745,314.71446250184243,317.2866516113281,148011100
2020-09-04,317.96643711549046,319.52809635719643,307.62262081365446,314.69610595703125,139156300
2020-09-08,309.31290219076556,314.76041705680797,305.79455021998007,306.0976867675781,114465300
2020-09-09,310.08460719165936,314.59509930226375,309.2210897917374,312.1423645019531,91462300
2020-09-10,314.00707196819104,314.65929340975237,305.76693459029764,306.7223205566406,90569500
2020-09-11,308.4952817454925,309.5517038864134,304.06746480466137,306.87847900390625,84680200
2020-09-14,310.0294570524929,312.6843200062255,307.02553709097856,310.9205322265625,65605700
2020-09-15,313.3641397614204,314.19090400039585,310.9297674888142,312.491455078125,52920900
2020-09-16,313.72237632422525,315.1462463127431,310.9756444899073,311.2512512207031,82096000
2020-09-17,306.41925059089203,310.22240503175595,305.8956230024617,308.51373291015625,91523300
2020-09-18,309.3151581691173,309.42583088639304,302.49006851927624,304.96185302734375,105877900
2020-09-21,300.3964860710057,301.71538308915785,296.73491293099994,301.56781005859375,99450800
2020-09-22,303.04352022017224,305.1924909636533,300.5440388915025,304.63909912109375,63612100
2020-09-23,305.19242034775965,305.4691302783531,297.07610235711314,297.57415771484375,93112200
2020-09-24,296.26450432799584,301.4109832200537,294.9548113676943,298.36737060546875,76681300
2020-09-25,297.51886972503877,303.9750423791619,296.6519238635727,303.19110107421875,71069400
2020-09-28,307.3322255987747,308.9370364423363,306.3453468665424,308.22686767578125,64584600
2020-09-29,308.02388896731526,308.7617257497087,305.8564547173646,306.5481872558594,51304000
2020-09-30,307.2123525503483,312.00837765160077,307.01867525700635,308.8725280761719,104081100
2020-10-01,311.454934234135,312.4233486871583,308.9831496490162,310.8554382324219,88698700
2020-10-02,305.9302627773023,310.8277270180738,305.4598756326697,307.90399169921875,89431100
2020-10-05,309.9516671556696,313.548672508565,309.9055628889296,313.3642272949219,45713100
2020-10-06,313.5024469624945,315.58687691174333,308.402072950753,308.9093322753906,90128900
2020-10-07,311.85146494707334,315.0887821811793,311.82379677185315,314.286376953125,56999600
2020-10-08,316.2141269777659,317.13643737983216,315.301020539978,317.0718688964844,45242500
2020-10-09,318.7135930004572,320.36453656708585,318.0956607685628,319.90338134765625,59528600
2020-10-12,322.4304166025766,326.51624399741416,321.9415933267458,325.0497741699219,80388500
2020-10-13,324.9113973432425,325.0866385120567,321.96922590473577,322.9284362792969,73255500
2020-10-14,323.50033584861643,324.5886552411015,320.1708091953333,320.8994140625,57727900
2020-10-15,317.0073043045326,320.9824599345007,316.4723766493068,320.50286865234375,60357700
2020-10-16,321.84932413381205,323.50026709141184,320.1338408607783,320.30908203125,89501900
2020-10-19,321.5634563511587,322.1906205529244,314.54468900491094,315.4393310546875,68425600
2020-10-20,316.77659224143696,319.9309049008762,316.020319414945,316.70281982421875,60051900
2020-10-21,316.6567571723614,318.81498786798693,315.7990154182925,316.1033935546875,63575000
2020-10-22,316.3155349317443,318.4184013053326,314.1850003748197,317.83734130859375,55399300
2020-10-23,319.05481431257,319.11015068212924,316.47235657754385,318.9164733886719,49143900
2020-10-26,315.5500092529845,316.3339785921289,309.54576053915537,313.02288818359375,91473000
2020-10-27,313.36415234517256,313.69617053832854,311.73164512212657,311.94378662109375,65994100
2020-10-28,306.29923020856904,311.9714324418126,300.793037060004,301.2818603515625,127094300
2020-10-29,301.5124340067126,307.49821826025516,299.83382266999,304.34393310546875,90597700
2020-10-30,302.7759837968387,304.07644452408306,297.5372687463835,301.1711730957031,120287300
2020-11-02,304.5469055175781,306.5390712136703,301.816846466365,304.5469055175781,86068300
2020-11-03,307.76568671307086,311.9714188889306,304.62983772534005,309.92388916015625,93294200
2020-11-04,314.3786813421589,320.90865415281115,313.2073573716277,316.8504943847656,126959700
2020-11-05,322.10759705001647,324.8284233294965,321.75711467946127,323.0299072265625,82039700
2020-11-06,322.74400475930975,324.20127065202445,320.6411386081411,322.9561462402344,74973000
2020-11-09,335.6932553819829,336.071405953707,326.5531576293563,327.0143127441406,172304200
2020-11-10,326.0274414780705,327.5861480533205,323.2789749451511,326.53472900390625,85552000
2020-11-11,328.7114074071208,329.78129080470626,327.47551489956834,328.96044921875,58649000
2020-11-12,327.9551277906034,329.00657518311715,323.9707681551481,325.7692565917969,67546200
2020-11-13,327.6692037314988,331.0171949671076,327.1527121622969,330.27935791015625,62892200
2020-11-16,332.93562940218436,334.59577691874864,331.6536043931228,334.402099609375,74541100
2020-11-17,332.0040500584204,333.80256645757106,330.5006797195766,332.6035461425781,66111000
2020-11-18,332.87100914114745,333.41516883301097,328.56380771525403,328.6007080078125,70591300
2020-11-19,327.9735014478599,330.3530492973279,326.63614044527395,329.984130859375,59940900
2020-11-20,329.7259436268605,329.92885302572876,327.6507453802579,327.7245178222656,70417300
2020-11-23,329.5229252765345,330.9432905989913,327.30015473416216,329.6889343261719,63230600
2020-11-24,332.2253630547063,335.5456855418986,331.37685339761396,335.00152587890625,62415900
2020-11-25,334.9185027829936,334.9461709627428,333.396696603441,334.4850158691406,45330900
2020-11-27,335.5734335097883,335.8870156877651,334.4113133262943,335.4166564941406,28514100
2020-11-30,334.6418399539096,334.90931782692627,331.26620896255025,333.9316711425781,83872700
2020-12-01,337.1689006943155,339.114961441133,336.5786087362268,337.58392333984375,74231400
2020-12-02,336.4772371080401,338.45096643579234,335.90540924809943,338.294189453125,45927000
2020-12-03,338.19267218862717,339.5853694938199,337.10435298889837,338.201904296875,62882000
2020-12-04,338.7829809388243,341.1164245605469,338.69074429179847,341.1164245605469,50749900
2020-12-07,340.3509588633568,340.9043507086095,339.151966654208,340.41552734375,48944300
2020-12-08,339.1519192516688,341.9741863066491,339.105814998791,341.4115905761719,42458900
2020-12-09,342.0664578235537,342.22323481665705,337.51947467671783,338.34954833984375,74098300
2020-12-10,336.9844740552152,339.28101745162724,336.1175002134625,338.23883056640625,57735400
2020-12-11,336.5510866383938,338.2481345344906,335.0385120959371,337.8423156738281,57698600
2020-12-14,340.00042486586045,341.0702798634242,336.1543791823007,336.3296203613281,69216200
2020-12-15,338.8567255407651,340.8765869140625,337.4917246049017,340.8765869140625,63865300
2020-12-16,341.08877636600363,342.32466869787885,340.2125703879291,341.4115905761719,58420500
2020-12-17,343.0440579448397,343.52364911590456,342.2231883566635,343.32073974609375,64119500
2020-12-18,343.6079012926033,343.77461802271546,339.949235092986,341.9499206542969,136542300
2020-12-21,338.05044054116735,350.5454322565791,335.3272876322013,340.7272644042969,96386700
2020-12-22,341.0514707752179,341.1626152638314,339.0322705209926,340.15301513671875,47949000
2020-12-23,341.11633348883834,342.35749412526934,340.13451942917413,340.4587097167969,46201400
2020-12-24,340.93107872570647,341.8110197666795,340.3475701195771,341.7832336425781,26457900
2020-12-28,344.3211159320895,345.10842711140884,343.7005497585794,344.71942138671875,39000400
2020-12-29,346.23841072844647,346.4143989143609,343.4782002616362,344.0617370605469,53680500
2020-12-30,344.8768636186617,345.5808164221914,344.16366761858706,344.55267333984375,49455300
2020-12-31,344.3581702862446,347.02575115427703,343.8487486102848,346.30328369140625,78520700
2021-01-04,347.6277697833951,347.7574571892461,337.91150340640877,341.58868408203125,110210800
2021-01-05,340.94957212585825,345.02502991311206,340.90324308131426,343.9413146972656,66426200
2021-01-06,342.4408242377529,349.17461974787045,341.8943450056138,345.9975891113281,107997700
2021-01-07,348.35951944577056,351.879226704414,348.18353125617296,351.13824462890625,68766800
2021-01-08,352.51841303741696,353.35202512177233,349.2858377443825,353.1390075683594,71677200
2021-01-11,349.9804442235394,352.5090660622088,349.8600282756686,350.75848388671875,51034700
2021-01-12,350.94378384862574,351.8422112962133,348.60036486061927,350.8326110839844,52547700
2021-01-13,350.75850265414215,352.768431491567,349.98046294933357,351.7773742675781,45303600
2021-01-14,352.51834010082484,353.01851855461456,350.2120072157381,350.5454406738281,49989100
2021-01-15,348.9337700181384,349.7303243022452,346.13653029489757,347.989013671875,107160000
2021-01-19,350.43436384879664,351.2587327237774,348.9616425912402,350.72149658203125,51233300
2021-01-20,352.99994173082,356.40853248612547,352.6109360670709,355.5749206542969,61836100
2021-01-21,356.13066931635393,356.5567608588735,354.9821386306928,355.89910888671875,47840100
2021-01-22,354.0559284746663,355.79726758341997,353.676165944212,354.63946533203125,52860500
2021-01-25,355.3712516562635,356.39009516001715,350.54551087699815,356.03814697265625,70402000
2021-01-26,356.98283743956097,357.3903860722406,355.25076988400014,355.4823303222656,42665300
2021-01-27,352.1757139346736,352.268343782631,344.57127547060816,346.79425048828125,123351100
2021-01-28,348.60038809417415,353.75956226380936,348.16508153694485,349.7767333984375,94198100
2021-01-29,347.9242558248188,348.8875553332174,341.1071006166545,342.77435302734375,126765100
2021-02-01,346.1550437581806,349.508034136275,343.061399921302,348.47991943359375,75817600
2021-02-02,351.64770841562836,354.9543985638464,348.5633355300297,353.4075622558594,64450700
2021-02-03,354.2318734911407,355.3989470635839,352.4164476969592,353.6853942871094,52427100
2021-02-04,354.7135208194631,357.75159252733863,353.79655056291546,357.7052917480469,47142600
2021-02-05,359.5670062748137,359.8170813348869,357.6589508091123,359.1131286621094,48669800
2021-02-08,360.558136499525,361.7529963401308,359.7060098700413,361.7066955566406,38365200
2021-02-09,360.8731034641977,362.0587202662711,360.4655830218104,361.4659118652344,35551100
2021-02-10,363.197890590525,363.34609265440474,358.9186584626159,361.308349609375,59154400
2021-02-11,362.3828137358075,362.79963383055735,359.4744293353658,361.89190673828125,42913300
2021-02-12,361.09537339619646,363.92039959528154,361.0212582224557,363.6795959472656,50593300
2021-02-16,364.90221935362916,365.09675048774824,362.6514585158837,363.3646545410156,50972400
2021-02-17,361.62333111241526,363.69810367108147,360.6137026893847,363.4480285644531,52290600
2021-02-18,360.8545567926999,362.6421967685174,359.1410037271101,361.9012145996094,59712800
2021-02-19,363.1516568082577,363.43878952666716,360.8175092048532,361.2621154785156,83241000
2021-02-22,358.5111540436584,360.88233082469856,358.21474987936415,358.4833679199219,67414200
2021-02-23,356.2881475310484,360.2617324705037,352.157117326697,358.9186706542969,107284100
2021-02-24,357.8349308137793,363.2997792629968,356.8531169079845,362.8736877441406,72433900
2021-02-25,361.6140854057681,362.9756620610373,352.6943718341732,354.1300354003906,146670500
2021-02-26,356.0009908112732,357.14024997245446,350.3323963247881,352.3052673339844,152701600
2021-03-01,357.1495498565867,362.0864341700933,352.49982648838284,360.8452453613281,105348800
2021-03-02,361.0675208946455,361.2990813033666,357.5292710653906,358.0294494628906,79595300
2021-03-03,357.33484267513,358.29811382408514,353.18526911043256,353.28717041015625,119940200
2021-03-04,353.10182402567017,355.676774544047,344.4507308701646,348.91522216796875,183433000
2021-03-05,352.3979683617633,356.38082529964976,345.15477853579273,355.33416748046875,152039600
2021-03-08,356.2881862042194,359.08542635862597,353.28717171626954,353.5650329589844,123149200
2021-03-09,357.3904216073474,361.1509612373541,356.8902430962981,358.6130676269531,113633600
2021-03-10,360.94714665159455,362.53101211553303,359.53926937994413,360.8452453613281,109899400
2021-03-11,363.29980330973046,366.4675341915617,362.8459256414853,364.50390625,86245000
2021-03-12,363.15166075062507,365.1338036755719,362.345834837524,364.994873046875,64653600
2021-03-15,365.2448189777113,367.43076374037474,363.11447471351755,367.1714172363281,73427200
2021-03-16,367.78278723665204,368.48671168557286,365.9395470892931,366.7083435058594,73722500
2021-03-17,365.4300905372964,368.75529442760387,364.2908032144401,367.958740234375,97959300
2021-03-18,365.38391982937577,367.45869266810354,361.92902731965506,362.6051940917969,115349100
2021-03-19,362.3058475032764,363.8763249813413,359.76891580196445,361.93414306640625,113624500
2021-03-22,362.4453669969889,366.1996484223102,362.38961272882625,364.8243103027344,73778600
2021-03-23,364.1923465537259,365.6327121636265,361.17220132844585,361.9527893066406,90686600
2021-03-24,363.3467123632342,364.97294445181643,360.0663710560635,360.1128234863281,97588600
2021-03-25,358.6817658979914,362.9285333586431,356.74885698652554,362.138671875,116128600
2021-03-26,363.28165959392123,368.3740994757526,362.68693802860713,367.9745178222656,114409100
2021-03-29,366.50620018848747,368.69000297943103,365.02865575356833,367.7886047363281,108107600
2021-03-30,366.5247931234567,367.48194559201005,365.2237849563697,366.8128662109375,76262200
2021-03-31,367.3798004306039,369.85167684984475,367.35192329787424,368.2997741699219,112734200
2021-04-01,370.2232869937267,372.3327601495362,370.01884528609827,372.2769775390625,99682900
2021-04-05,374.92543787321307,378.1593264135541,374.85110832067795,377.6203308105469,91684800
2021-04-06,377.0627523386487,378.4380616237521,376.7281984860348,377.39727783203125,62021000
2021-04-07,377.2300830672533,378.17793382855064,376.7747471661256,377.8341064453125,55836300
2021-04-08,379.07932488554803,379.6833482520154,378.1500494419872,379.6275939941406,57863100
2021-04-09,379.50675096516443,382.5547727954049,379.3859406394559,382.3874816894531,61104600
2021-04-12,381.7927810410096,382.79638593522094,381.1887577388025,382.52691650390625,56704900
2021-04-13,382.42472067416116,384.2832715540899,382.04371434066746,383.66064453125,56551000
2021-04-14,383.63265667698755,384.6827421585456,381.81128528093416,382.35028076171875,61659900
2021-04-15,384.4783721321406,386.72723094490885,384.4319197085877,386.4577331542969,60229800
2021-04-16,387.7402404054597,388.3535656987246,386.32775171624513,387.7495422363281,82037300
2021-04-19,386.82023873772533,387.26627283938177,384.52492705882344,385.844482421875,78498500
2021-04-20,384.6364310503438,385.73296934964173,381.55122954047414,383.0195007324219,81851800
2021-04-21,382.4060920583846,386.8480269077358,382.26667807443886,386.6435852050781,66793000
2021-04-22,386.47636655189376,387.303406925715,382.05300649472724,383.11236572265625,97582800
2021-04-23,383.6699137247093,388.66941970392514,383.5955841738986,387.2662048339844,73209200
2021-04-26,387.91677659109115,388.6416103646639,387.3313284741211,388.0747375488281,52182400
2021-04-27,388.3720952177508,388.567263487537,386.85737164526927,387.9910888671875,51303100
2021-04-28,388.260553437065,389.375695263148,387.4149094181452,387.8795471191406,51238900
2021-04-29,390.59312219282816,390.964826756407,386.98752837170855,390.35150146484375,78544300
2021-04-30,388.0933284049745,388.93897250611576,386.89455507926465,387.7866516113281,85527000
2021-05-03,389.76597643845156,390.1469827577325,388.1304710094045,388.62298583984375,68128300
2021-05-04,386.64361861912283,387.13613344183,382.55481257184357,386.2254333496094,101591200
2021-05-05,387.8609759000612,388.0932947530025,385.7886815225001,386.34625244140625,60162200
2021-05-06,386.4206464342076,389.5616023872247,384.42270963759154,389.4315185546875,74321400
2021-05-07,390.1934809738354,392.9162512267745,389.5150996883385,392.2657470703125,67733800
2021-05-10,392.6189027457934,392.841919793107,388.2605983376987,388.38140869140625,81852400
2021-05-11,383.8836790361329,385.90019080250545,381.058673838158,384.9151611328125,116888000
2021-05-12,382.1458456744045,383.409646317337,375.427175857533,376.7374572753906,134811000
2021-05-13,378.2801260879357,383.1866988347354,378.2336453045816,381.2630920410156,106394000
2021-05-14,383.98593025886146,387.9632283561021,383.95805312758887,387.1175842285156,82201600
2021-05-17,386.01175585096786,386.9410313324155,384.1252993987615,386.1325378417969,65129200
2021-05-18,386.3926838620524,386.6343045309309,382.6477052906037,382.8056945800781,59810200
2021-05-19,378.1407743642917,381.9786581081242,376.66320145918377,381.8020935058594,106467100
2021-05-20,382.6755962796749,387.1640123182548,382.5548143000937,385.90948486328125,78022200
2021-05-21,387.3870310910262,388.6229832530187,385.1382005063425,385.5935363769531,76578700
2021-05-24,387.82382405889604,390.59307518890176,387.5822033599882,389.5244140625,51376700
2021-05-25,390.60230787289504,390.95543705465997,388.08397953448286,388.6601257324219,57451400
2021-05-26,389.24565209764614,389.93330694206776,388.21416983101375,389.4315185546875,43088600
2021-05-27,390.4536616740374,390.96475180607416,389.3570951367238,389.6358947753906,56707700
2021-05-28,391.19704397355315,391.4572399363522,390.10050587027376,390.33282470703125,58520200
2021-06-01,392.68393734755085,392.8233229944938,389.5522835895408,389.9890441894531,54216600
2021-06-02,390.6395043968989,391.43869600618797,389.6358994197464,390.6023254394531,49097100
2021-06-03,388.2977009886876,390.2863354413077,386.83873191934526,389.1526184082031,58138800
2021-06-04,390.9927179723041,393.0092585501918,389.2177981311034,392.7118835449219,55938800
2021-06-07,392.70245396777017,392.8790185472602,391.4014741919741,392.33074951171875,51555000
2021-06-08,393.1856231095798,393.2785563030446,390.59296567505555,392.4143371582031,47134300
2021-06-09,393.25073913778317,393.32509704758354,391.6059319636749,391.8289489746094,48436300
2021-06-10,393.0463672069907,394.5982698082267,391.73608531665377,393.650390625,51020100
2021-06-11,394.1985745843624,394.4122897431429,392.91617019475893,394.30078125,45570800
2021-06-14,394.41237080126155,395.2858919893771,393.1764469359521,395.1836853027344,42358500
2021-06-15,395.33238351653245,395.36953411673755,393.58534109284255,394.4588623046875,51508500
2021-06-16,394.59823144884797,394.82124847769757,390.22135210226025,392.2564392089844,80386100
2021-06-17,391.84754100046604,393.1020400089684,389.6637383024435,392.1263122558594,90949700
2021-06-18,388.85947347394546,389.54937784816065,386.63125419537954,386.83636474609375,118676300
2021-06-21,388.5890691181396,392.56074204937937,387.7779592270013,392.374267578125,72822000
2021-06-22,392.36500160297555,395.30178987033617,391.64710042623443,394.4720153808594,57700300
2021-06-23,394.54664482628675,395.34842259301394,393.91267704068656,393.99658203125,49445400
2021-06-24,396.13155325117157,396.74685645396283,395.8798098525635,396.32733154296875,45110300
2021-06-25,397.0732627744451,398.18272076667404,396.7469465793157,397.7351989746094,58129500
2021-06-28,398.2573039797839,398.70479729962966,397.0639410401673,398.5369873046875,53159600
2021-06-29,398.91921379244826,399.553181588353,398.2199770743729,398.75140380859375,35970500
2021-06-30,398.2945621373876,399.75830454102925,398.2665938058792,399.0870361328125,64827900
2021-07-01,399.8421598624358,401.45507598441856,399.7768909463528,401.29656982421875,53441000
2021-07-02,402.4526561515775,404.7181760542259,401.38047053367126,404.3638916015625,57697700
2021-07-06,404.41979315569,404.6342359510612,400.9049741658819,403.6273193359375,68710400
2021-07-07,404.3079918986779,405.33354476274883,402.303519022366,405.0538330078125,63549500
2021-07-08,399.75824909118023,402.50859126674294,398.5835224267415,401.75341796875,97595200
2021-07-09,403.25443886623873,406.3404010235605,401.55761775710965,406.04205322265625,76238600
2021-07-12,405.9582666339637,407.74832550943796,405.5294093275976,407.49658203125,52889600
2021-07-13,406.71342143365604,408.2051323525151,405.84637459810114,406.107421875,52911300
2021-07-14,407.7948684980379,408.2796908558834,405.47341158364054,406.71337890625,64130400
2021-07-15,405.3801859332363,406.0514543731517,403.4316495407636,405.3242492675781,55126400
2021-07-16,406.4989768804911,406.5455812846176,401.7534933885176,402.1450500488281,75874700
2021-07-19,397.34357236601903,402.21026074657135,393.4091995491586,396.2061462402344,147987000
2021-07-20,396.86813967571476,403.1519668304495,396.0756656416528,401.8840026855469,99608200
2021-07-21,403.0773163550678,405.2775959293525,401.83734914667167,405.1377258300781,64724400
2021-07-22,405.31490711357736,406.2285867170565,404.33598703643406,405.9861755371094,47878500
2021-07-23,407.90668669595885,410.4985227710104,407.2261145579136,410.16290283203125,63766600
2021-07-26,409.57548735826293,411.1790710284304,409.52888296778485,411.16973876953125,43719200
2021-07-27,410.1350074036814,410.162975736901,406.48031730156396,409.2959289550781,67397100
2021-07-28,409.9205257266722,410.4985568598125,407.71094225553276,409.1280517578125,52472400
2021-07-29,410.0510501972417,411.8970168587412,410.0417179366842,410.8248596191406,47435300
2021-07-30,408.27034735445915,410.274820300012,408.1398095072434,408.8297424316406,68951200
2021-08-02,410.53585279390853,411.08591559023773,407.6177003787268,407.97198486328125,58783300
2021-08-03,408.76450901033223,411.4122822568077,406.58289362665914,411.29107666015625,58053900
2021-08-04,410.013724347072,411.2630237482158,409.03480441731386,409.26788330078125,46732200
2021-08-05,410.4239672459952,411.9436461991985,410.10698336189347,411.8597412109375,38969700
2021-08-06,412.1767254379363,412.9598671143708,411.8970136914866,412.5403137207031,46930000
2021-08-09,412.51233301113086,412.8293168859831,411.4401758119517,412.2046813964844,41222600
2021-08-10,412.6521688276481,413.4260066614601,411.97159669055037,412.7174377441406,43339300
2021-08-11,413.7803731054395,413.8363097729413,412.66158285136754,413.7430725097656,44034300
2021-08-12,413.5938605071988,415.1228718168817,412.6988454575395,414.9830017089844,38909400
2021-08-13,415.43047911757316,415.75679524781077,414.94568527825686,415.7381591796875,39470300
2021-08-16,414.4422193750275,416.84758091171517,412.89457218859576,416.7170715332031,73740000
2021-08-17,414.17185863996565,414.8431269867084,411.0113236608944,413.98541259765625,92673900
2021-08-18,412.978558984422,414.5355387391959,409.2120240010242,409.45440673828125,89351900
2021-08-19,406.74133861748237,411.28173973529556,406.6014969603048,410.0883483886719,92812200
2021-08-20,410.4333164331078,413.67775658772473,409.94849410047595,413.3514404296875,72008700
2021-08-23,415.02964970074015,417.8918656542568,413.42606560010046,416.9875183105469,54973000
2021-08-24,417.64947509765625,418.18090188764904,417.1367128313938,417.64947509765625,38744700
2021-08-25,417.8358219994897,419.03848842800426,417.4628730630107,418.5257263183594,40529700
2021-08-26,418.2461253948904,418.47920431591973,415.96196904001306,416.0552062988281,57829600
2021-08-27,416.85693316240236,420.14800598686645,416.80099650435585,419.77508544921875,77235100
2021-08-30,420.4463669901376,422.40423543923686,420.2039558296545,421.62109375,48357400
2021-08-31,421.5278256069639,421.86344554117693,420.3997317809541,420.99639892578125,59300200
2021-09-01,421.9287838685606,422.4415461141893,420.987135922643,421.22021484375,48721400
2021-09-02,422.6373493891215,423.31792162382027,421.3227808707356,422.5161437988281,42501000
2021-09-03,421.387988849166,422.92630380282,420.9870715426401,422.41351318359375,47170500
2021-09-07,422.0686233593047,422.16186061767115,420.23196033235047,420.9032287597656,51671500
2021-09-08,420.3718058247561,421.09901087419547,418.47917779201987,420.39044189453125,56181900
2021-09-09,420.1945871393745,421.9380124886916,418.348592294916,418.59100341796875,57970400
2021-09-10,420.51168409438407,420.931209090967,415.169504855089,415.29071044921875,89948200
2021-09-13,418.27405074698356,418.5350979558744,414.05063410526645,416.35345458984375,83738600
2021-09-14,417.789288718798,417.99439930193716,413.2209476783512,414.1066589355469,78197100
2021-09-15,414.5261935331129,418.05967793066094,413.426067858019,417.5655517578125,78792200
2021-09-16,417.04346715334754,418.013054999152,413.9668082618026,416.90362548828125,77786700
2021-09-17,416.13478169530885,416.55565067502687,412.4870792787578,412.8424987792969,118425000
2021-09-20,406.74432982392835,408.31563107334745,401.1137908654286,405.95867919921875,166445500
2021-09-21,408.2875973593277,409.5783193704684,405.0514587158713,405.5752258300781,92526100
2021-09-22,407.83862947573203,411.5611435713708,405.68744521806696,409.5315246582031,102350100
2021-09-23,411.39277968477785,416.1067119256756,411.1589540771979,414.50732421875,76396000
2021-09-24,412.8798352167117,415.9008718160406,412.6647054196657,415.1900329589844,62094800
2021-09-27,414.16127425016805,415.32104015057223,413.31014559826434,414.0022888183594,61371100
2021-09-28,411.2430883900673,411.5704499178845,404.9297975915055,405.6593322753906,130436300
2021-09-29,407.03427776898445,408.7645930197675,405.7809759041746,406.3421630859375,82329200
2021-09-30,407.81055870084094,408.5120355292715,401.0389781842043,401.3757019042969,140506000
2021-10-01,403.0966548978282,407.819920791209,399.5892707562588,406.1457214355469,129240100
2021-10-04,404.9859246361656,405.8838069157906,398.7755032227819,400.90802001953125,128570000
2021-10-05,402.40448811569496,407.3148256262935,401.6095039247003,405.0794677734375,90682500
2021-10-06,401.4971832622584,406.96870708815,399.879128650759,406.762939453125,113032200
2021-10-07,410.0272942635366,413.10441906944726,409.8495844974605,410.2798156738281,72437500
2021-10-08,411.04673863158837,411.4302160683865,408.90488798924395,409.5315246582031,74557400
2021-10-11,408.8768180412666,411.7762613135145,406.5011418518959,406.5666198730469,65233300
2021-10-12,407.48324414407466,407.8854173602366,404.7802062753356,405.56585693359375,71181200
2021-10-13,406.5853700316375,407.8386720435343,403.62047688481636,407.02496337890625,72974000
2021-10-14,410.6725606418157,414.0209591805535,410.2049094470439,413.8713073730469,70236800
2021-10-15,415.975750769938,417.388066556168,415.3584477483374,417.0232849121094,66260200
2021-10-18,415.24628962377227,418.59466031762287,414.59156639728883,418.2579650878906,62213200
2021-10-19,419.87601973520236,421.55019069451413,419.26805026281613,421.4847412109375,46996800
2021-10-20,421.94304215430157,423.4395319365722,421.8308104156858,423.1402282714844,49571600
2021-10-21,422.5415781375362,424.468298903712,422.1113470020355,424.24383544921875,41305400
2021-10-22,423.8135918943795,425.2539656192229,421.86814686856104,423.8042297363281,58845100
2021-10-25,424.8891720800844,426.40435739743305,423.1214653908989,426.0769958496094,45214500
2021-10-26,427.62021293528545,428.82673232287635,426.0863034985896,426.4604187011719,56075100
2021-10-27,426.9188157990134,427.58287254810574,424.4963573294037,424.5711975097656,72438000
2021-10-28,425.9928363723962,428.742627797446,425.98350275745725,428.6678161621094,51437900
2021-10-29,426.3763014877547,429.8275696350324,426.08636002655044,429.5376281738281,70162400
2021-11-01,430.5196789876019,430.893822778383,428.55556680181957,430.2765197753906,48433600
2021-11-02,430.4448731294371,432.32484009362486,430.31391709227427,432.01617431640625,48908400
2021-11-03,431.4550612665384,435.0559818458261,431.0154679198227,434.65380859375,52509800
2021-11-04,435.2523210060828,436.7862306774894,434.90626367716334,436.7020568847656,52847100
2021-11-05,438.91873147438207,440.20009126070624,436.71143139873345,438.2172546386719,66390600
2021-11-08,439.3116013484249,439.8073105381087,437.908647580282,438.5914001464844,50405200
2021-11-09,438.9561822740007,439.19000790226266,435.7387393456625,437.1416931152344,51149100
2021-11-10,435.45812386633844,437.14168548634404,432.1471735790114,433.62493896484375,69429700
2021-11-11,435.11203553677166,435.1868757153558,433.7465019808427,433.76519775390625,34848500
2021-11-12,435.0278324259744,437.59055177805936,434.0831679013753,437.0387268066406,53466700
2021-11-15,438.32015203819657,438.4791374698599,436.06606971793025,437.18841552734375,46980500
2021-11-16,436.9264417709659,440.05034787073987,436.85163014971766,438.91864013671875,48857500
2021-11-17,438.65688553568276,438.8345952994172,437.23523596897536,437.8525390625,47858300
2021-11-18,438.8812210598602,439.60142206392663,436.1688502286369,439.33953857421875,50625600
2021-11-19,439.2273454032156,440.4713135766684,438.1891734422036,438.553955078125,57315600
2021-11-22,440.42457739014736,442.9031231346711,437.11359877761777,437.3193664550781,72762000
2021-11-23,436.9920474001148,438.7504207161458,434.4012696782756,437.8992919921875,73206500
2021-11-24,435.9070024095088,439.18992272744345,435.0932939478714,439.0683288574219,61858800
2021-11-26,432.42769071205043,433.88676011362156,428.15335206646023,429.2757263183594,112669600
2021-11-29,434.04579477237445,436.37468863148496,431.8571905656505,434.54150390625,86268800
2021-11-30,432.10968361693193,434.00834623655254,425.84314648487594,426.0863342285156,148559600
2021-12-01,431.77301163649753,434.6069767536424,421.1573237370427,421.3537292480469,131939200
2021-12-02,421.5688309159097,429.3692489495653,421.1759913769771,427.8072814941406,127637800
2021-12-03,429.4628587252186,430.51972656716913,419.8760081618024,424.0848693847656,137331600
2021-12-06,426.61951391631123,430.9780267874127,424.2157797535011,429.107421875,98977500
2021-12-07,434.36381305031244,438.5446161321875,428.976461819127,437.9834289550781,95484700
2021-12-08,438.376262173592,439.592143920361,436.6272226459906,439.1431884765625,72238800
2021-12-09,437.86187787932255,439.2461359124412,435.98193918547975,436.1783447265625,61272600
2021-12-10,438.8720143535406,440.43395358708545,436.3279903422357,440.2843017578125,77159800
2021-12-13,439.76991547544293,440.11597285770756,436.10351686035926,436.3841247558594,87724700
2021-12-14,433.12928398974293,435.6078302076232,430.473027991791,433.3818054199219,97264100
2021-12-15,433.43782580010543,440.39644899556384,430.9311938196878,440.1532897949219,116899300
2021-12-16,441.99589716215934,442.276476487203,434.7285786686983,436.2718505859375,116568600
2021-12-17,433.20542255890297,436.19952155606984,429.9297585264146,431.62860107421875,135511600
2021-12-20,426.5697072198734,427.4331925902882,423.4348251006853,427.03900146484375,107134800
2021-12-21,430.4460118667737,434.76352423036354,428.2872700067012,434.62274169921875,69806300
2021-12-22,434.36936703944747,439.0810708579234,434.1722428370173,438.96844482421875,58890200
2021-12-23,439.9632215687033,443.19196728886396,439.8599906148926,441.6996154785156,56439700
2021-12-27,443.0699825475692,447.9975710329418,443.0230645907993,447.9506530761719,56808600
2021-12-28,448.3824616482978,449.4055195900255,446.8244014321464,447.58465576171875,47274600
2021-12-29,447.6879018485856,449.1708589058926,446.6930004438283,448.1571960449219,54503000
2021-12-30,448.57959577986344,449.5838923511924,446.458405243392,446.9183044433594,55329000
2021-12-31,446.43016246165064,447.5752127148281,445.5197306451295,445.7919006347656,65237400
2022-01-03,447.04963382232506,448.50446299701963,444.7501094779795,448.373046875,72668200
2022-01-04,449.79032507237594,450.50366140781244,446.3738496168056,448.2228698730469,71178700
2022-01-05,447.85680153227196,448.6264508210621,439.52213275474475,439.6159973144531,104538900
2022-01-06,439.1561460016045,441.9062031753526,436.8471978839519,439.20306396484375,86858900
2022-01-07,439.21243352735695,440.385668974707,436.1150747602866,437.4666442871094,85111600
2022-01-10,434.2848710913376,437.13815924974546,428.55947603097115,436.92230224609375,119362000
2022-01-11,436.6594768734693,440.9957505518421,433.674744093411,440.9018859863281,74303100
2022-01-12,442.6289354105524,444.1400777496304,440.14168168092726,442.09393310546875,67605400
2022-01-13,443.1921246063078,443.8397529898171,434.9794748884934,436.0025329589844,91173100
2022-01-14,432.86757035006775,436.52805924491486,431.6567833390416,436.1807861328125,95890900
2022-01-18,431.50661955919577,431.71311015183727,427.34867984369737,428.4562072753906,109709100
2022-01-19,429.99552299874756,431.3846155465078,423.73512555326494,424.00732421875,109357600
2022-01-20,425.88451127200136,430.56805849452223,417.2025680670074,419.31439208984375,122379700
2022-01-21,418.1974651021742,420.5439362137734,411.0548207873205,411.0829772949219,202271200
2022-01-24,405.49836193837206,413.3355811285161,394.9204805481449,412.8287353515625,251783900
2022-01-25,406.4650696517462,412.71607151675664,400.9180090511274,407.7884826660156,167997300
2022-01-26,413.6546772543713,416.7707975901355,402.5230040310263,406.76544189453125,186391100
2022-01-27,411.3457755828655,414.4712624598946,403.07681378422694,404.7568664550781,149878300
2022-01-28,406.1084105135008,414.8560610276969,401.54688476779603,414.80914306640625,164457400
2022-01-31,414.142700120237,422.627546532085,412.8005257004034,422.2802734375,152251400
2022-02-01,423.0030224285111,425.77186972605006,419.49271090214194,425.1336364746094,123155400
2022-02-02,427.52703339584536,429.98613051980317,425.2274802659756,429.263427734375,117361000
2022-02-03,423.2564800563561,425.15241844539145,418.3382570186423,419.1736145019531,118024400
2022-02-04,418.9389647113515,424.9740816327315,416.5737034611267,421.1446533203125,118454400
2022-02-07,421.90485354850045,423.2939459588078,418.46961678958075,419.79302978515625,84472900
2022-02-08,419.29559079665904,424.16686670467533,417.87831319896964,423.2470397949219,81012000
2022-02-09,427.2641492685104,429.76079747969317,427.0670537538867,429.4416809082031,92589900
2022-02-10,423.6224701723359,429.6012734878491,419.7367292271085,421.7265319824219,140103700
2022-02-11,421.8109600128864,423.8758370313711,411.98393963004395,413.41058349609375,153214600
2022-02-14,412.9038039524639,414.48062552290673,408.6050532231465,412.0590515136719,123006300
2022-02-15,416.4798044209463,418.8731931731084,415.96356366027453,418.7042541503906,88482700
2022-02-16,416.6675706954675,420.5439456416827,414.7997888146647,419.1736145019531,84863600
2022-02-17,416.00115999955716,419.1454369302685,409.6187702110395,410.2194519042969,102259100
2022-02-18,410.4728026773066,411.7211411385126,405.30120069692,407.5632019042969,132642900
2022-02-22,405.36692386987266,408.7552139612039,399.70720879424357,403.18939208984375,124391800
2022-02-23,406.08965770586263,406.6528164705641,395.47422526850164,396.0373840332031,132578000
2022-02-24,385.7785407952238,402.4291161985963,385.42190131277073,401.9973449707031,213942900
2022-02-25,403.22694222886923,410.9515349471028,401.58441255553527,410.8670654296875,121804500
2022-02-28,405.498374768783,411.2894782206661,404.25006470919953,409.8158874511719,145615000
2022-03-01,408.3235351417943,410.32273316160007,400.8805068214816,403.57427978515625,137785900
2022-03-02,405.81753839770556,412.7161701663795,405.0666789935908,410.9985656738281,117726500
2022-03-03,413.42002135958006,414.02070302306777,407.1596243152398,408.95233154296875,105501700
2022-03-04,405.2354800359034,406.7559884295787,401.6031480635813,405.62969970703125,113978200
2022-03-07,405.04777437562143,405.7517156092554,393.6063805668149,393.6720886230469,137896600
2022-03-08,393.85044666663845,400.97432894741854,389.62679900774907,390.6874084472656,164772700
2022-03-09,399.0314934618867,403.1331202623526,396.85396145942144,401.1620788574219,116990800
2022-03-10,396.5722831565976,400.2421665224783,394.62003226824555,399.35052490234375,93972700
2022-03-11,401.82842103783685,402.4384977081336,393.7659509253849,394.2727966308594,95636300
2022-03-14,395.04244919429476,398.4776572170098,390.2556430646185,391.3913269042969,95729200
2022-03-15,393.99124132149103,400.62706816648796,392.72416989957503,399.99822998046875,106219100
2022-03-16,403.48976588827804,408.92417189713063,398.7123259052682,408.86785888671875,144954800
2022-03-17,406.96250340047624,413.983154296875,406.58707380377643,413.983154296875,102676900
2022-03-18,412.3788587296018,418.8375640496455,411.6444865688326,418.5174560546875,106345500
2022-03-21,418.3479881152232,420.34397249520026,414.9020791690174,418.39508056640625,88349800
2022-03-22,419.77904208379323,424.22294298577435,419.77904208379323,423.2908630371094,74650400
2022-03-23,420.7676314797247,422.2551954239961,417.75480664692736,417.83953857421875,79426100
2022-03-24,419.8543513228499,424.1476078293655,418.7433833523975,424.13818359375,64736900
2022-03-25,424.7690334312819,426.48257795134367,422.1987166511893,426.20953369140625,77101300
2022-03-28,425.6164137873708,429.2412109375,423.73340526599765,429.2412109375,68529800
2022-03-29,433.11073878007403,435.04083957177517,430.4368703799773,434.5512390136719,86581500
2022-03-30,433.4120635055574,434.2217721023706,429.76844665097167,431.8680114746094,79666900
2022-03-31,431.1053481916122,431.92445220332144,424.7690149308357,425.220947265625,121699900
2022-04-01,426.79325811561665,426.9344779963225,422.86720176985517,426.42608642578125,89048800
2022-04-04,426.6237972828837,430.1826819640368,425.80469323655575,430.0791015625,59601000
2022-04-05,428.59157264929064,431.04888498929796,423.5074553649345,424.64666748046875,74214500
2022-04-06,420.7488018120138,422.6694495834861,417.5288449887846,420.4004211425781,106898000
2022-04-07,419.5248831878406,424.32656069949695,417.5853866950133,422.51885986328125,78097200
2022-04-08,421.76563401623116,424.2700386147041,419.85438165587385,421.3890380859375,79272700
2022-04-11,418.13146105748064,418.96941367640034,413.68758834274337,414.18658447265625,89770500
2022-04-12,417.1616704401845,419.6754993093874,411.1078052988178,412.6518859863281,84363600
2022-04-13,412.40706356027755,418.1313961761753,412.22817547236576,417.3782043457031,74070400
2022-04-14,417.60422818757394,418.7152251179499,412.0776024456247,412.1811828613281,97869500
2022-04-18,411.2584985167614,414.02652350805334,410.128681843096,412.35064697265625,66002500
2022-04-19,412.24711744436905,419.72266494465697,412.0776535421302,419.00714111328125,77821000
2022-04-20,420.77706452379897,421.38903649977607,417.53828781709484,418.6963195800781,65224400
2022-04-21,422.30230774795746,423.68632009037725,411.53149725254485,412.4353332519531,85417300
2022-04-22,411.35261559680123,412.4541594531157,400.55356095514185,401.11846923828125,132471800
2022-04-25,398.8870627211197,403.6134030546147,394.33958173639525,403.4439392089844,119647700
2022-04-26,400.9206735749141,401.1184101209489,391.7316132043615,391.7598571777344,103996300
2022-04-27,392.83320621839357,398.1809719519438,390.7336702250882,392.8614501953125,122030000
2022-04-28,397.58784935923745,404.5079115448034,393.1721919995158,402.7849426269531,105449100
2022-04-29,398.8117805304688,400.95840906428657,387.15595335566474,387.8997497558594,145491100
2022-05-02,387.96562121333255,391.5904179300961,381.3279997296009,390.2346496582031,158312500
2022-05-03,390.73370329446914,394.42438400889665,389.1801982351646,392.0235595703125,100028200
2022-05-04,392.6825316045225,404.52666970154934,389.50966726982307,403.9617614746094,144247900
2022-05-05,399.7155659383141,400.1392542887666,385.48945235975316,389.60382080078125,172929100
2022-05-06,387.0523990067409,390.53594745704976,381.996525832566,387.2783508300781,151770800
2022-05-09,381.40337111087143,382.63673935937004,373.30642894835574,374.8787536621094,155586100
2022-05-10,380.8290513721074,382.32603970720356,371.72472120975783,375.74493408203125,132497200
2022-05-11,374.7845967667288,380.4053781846459,369.03199096468177,369.7757873535156,142361000
2022-05-12,366.59347147586817,372.64733635025226,362.6203227573482,369.3897399902344,125090800
2022-05-13,373.50412408755506,379.59565742635624,372.46846371843355,378.2210693359375,104174400
2022-05-16,376.5828496996567,380.33944215793855,374.3420651693036,376.6864013671875,78622400
2022-05-17,382.74972739807595,384.6704041422355,379.0307740612988,384.4350280761719,83029700
2022-05-18,379.8969587790726,380.17939855656863,367.7044674442447,368.9378356933594,117674500
2022-05-19,365.88736256542336,371.0844842086102,364.4656820097794,366.67822265625,98510700
2022-05-20,370.24655877361363,373.8054438090952,358.2800473984459,366.83831787109375,131432200
2022-05-23,369.851096171746,374.46448991142154,367.5444280343373,373.7018737792969,76414900
2022-05-24,369.5969043569321,372.035396905163,364.32447483504643,370.84912109375,91448800
2022-05-25,369.36147972355167,376.0838329447459,368.9660640825553,374.12548828125,91472900
2022-05-26,375.3494410853935,383.22982557208195,375.142309040224,381.60101318359375,82168300
2022-05-27,384.0489633714319,391.08200055963175,383.85125554393176,390.9690246582031,84768700
2022-05-31,389.359088170834,392.0988691063854,386.04500340916127,388.7753601074219,95937000
2022-06-01,390.8843163808003,391.89170405110434,383.1263021350257,385.6307067871094,86585800
2022-06-02,385.47069700399817,393.0215510259649,383.2299122085265,392.9744873046875,79609600
2022-06-03,388.276391835389,389.8204727754395,385.5554591792327,386.52520751953125,71874300
2022-06-06,390.517114758432,392.2400548190691,386.5345416096812,387.7020263671875,57508900
2022-06-07,384.22785213796186,391.8728612940174,383.7664955630781,391.4209289550781,59272400
2022-06-08,389.7168432014017,391.4963000067229,386.3745146420819,387.1653747558594,64350000
2022-06-09,385.39533612934156,387.6549405235344,377.95745849609375,377.95745849609375,86289800
2022-06-10,371.7812098207837,372.6285579152145,366.95128833036904,366.99835205078125,132893900
2022-06-13,357.63035727236417,359.4756973620504,351.4634878478497,353.0640563964844,170004900
2022-06-14,354.80590682519255,355.83214308056677,348.91208061939693,352.0002136230469,104011800
2022-06-15,355.28597872744456,361.44342367912293,350.3525063636279,357.01837158203125,125666800
2022-06-16,348.8367050199727,349.24154490080923,342.78281161668144,345.2024841308594,134473300
2022-06-17,345.61578942511153,349.2751458907682,342.45758461496894,345.94671630859375,111113900
2022-06-21,351.64851628810544,356.03595201089433,351.5728544262298,354.6554260253906,76811900
2022-06-22,350.44765912993915,358.1067930550198,350.03160541553143,354.0124816894531,90059400
2022-06-23,356.1398797856065,358.2106537537257,352.59398849085756,357.4825744628906,79292100
2022-06-24,360.6408975327615,368.8579146543749,360.6125315472774,368.84844970703125,98050300
2022-06-27,369.76558055330014,370.058705296432,366.35208260935923,367.4394836425781,66009600
2022-06-28,368.99032196028793,371.76083911770786,359.8182682316561,359.9317321777344,86548900
2022-06-29,360.48012203098745,361.46349531064214,357.8230692449071,359.6385498046875,65676000
2022-06-30,355.7617301279105,359.94116789384236,352.2820347335468,356.7167663574219,112508300
2022-07-01,356.0642966004514,360.9245465265662,353.45451079691634,360.48956298828125,74839700
2022-07-05,355.42134927768956,361.1893400506747,352.60353638031745,361.17041015625,81438000
2022-07-06,361.31223262960197,364.8675899225477,358.93886830851153,362.39019775390625,70426200
2022-07-07,364.15833249773976,368.6119642387714,362.4090202150527,367.81768798828125,64525900
2022-07-08,366.1914052999561,369.37800498002616,364.66904928186506,367.5152282714844,72397800
2022-07-11,364.84865422697527,365.81312646509326,362.62655612996804,363.31683349609375,58366900
2022-07-12,362.76841613095786,365.14180928001315,358.36205049936086,360.1018981933594,62219200
2022-07-13,354.68379199729,361.1325950360605,354.2677383266244,358.21075439453125,84224600
2022-07-14,353.2748467855768,358.4187564891479,350.84475070087467,357.3408203125,89704800
2022-07-15,361.7282870982627,364.2813411355363,359.82770841913714,364.1678771972656,79060400
2022-07-18,367.24099693727663,367.912344500235,359.94118513181706,361.1609802246094,63203600
2022-07-19,365.06610164986904,371.4865379218226,364.41368409588983,370.919189453125,78506000
2022-07-20,371.10827913549247,374.6920015719592,369.7466544856618,373.2830810546875,71843800
2022-07-21,372.7064115969495,377.1316786465858,370.314117204785,377.08441162109375,64903900
2022-07-22,377.2072777513435,378.3986778470548,371.37309072029717,373.5857238769531,72197300
2022-07-25,374.20986877217916,374.89068131119404,371.80810941835625,374.0396728515625,53631500
2022-07-26,372.40373641244344,372.61176321867686,368.7254796625264,369.61431884765625,52946400
2022-07-27,372.89547598359957,380.9517617542331,372.602351195438,379.2119140625,82342100
2022-07-28,380.0156585921788,384.6583882201372,376.4792023544064,383.9681396484375,73966600
2022-07-29,385.39597518556786,390.54935081366597,384.63006466670873,389.5659484863281,87003700
2022-08-01,386.8804412732961,390.9085837211499,386.1712628905919,388.4122619628906,69997500
2022-08-02,386.85215686600816,390.5209784232061,384.67735424307455,385.849853515625,63435400
2022-08-03,387.9678546966585,393.0550324074595,387.6841948771705,391.8919982910156,67820600
2022-08-04,391.8162636403927,392.4970759372209,389.99131847547056,391.6271667480469,45656600
2022-08-05,387.36270800499386,391.6083135328843,387.3059760405287,390.96533203125,56814900
2022-08-08,392.648413572124,394.88941254367694,389.4145475954948,390.51141357421875,53886100
2022-08-09,389.7833356323287,390.2844871811707,387.892193356466,388.960693359375,44931800
2022-08-10,395.9863903656601,397.2723824771048,394.0385155870953,397.1305236816406,68665700
2022-08-11,399.9672378861389,401.8205786097931,396.39297914273305,397.1305236816406,59489700
2022-08-12,399.0594018073081,403.9574535679473,398.1138306323642,403.85345458984375,61694500
2022-08-15,401.6502565276743,406.0377206189218,401.59352456585145,405.51763916015625,54048300
2022-08-16,404.4492350458775,408.23152036285336,403.64549364471077,406.31201171875,59289000
2022-08-17,402.7282345419043,406.1228316979683,401.43280661081104,403.4279479980469,63563400
2022-08-18,403.6265587430193,405.28130854866936,402.34059560234215,404.60052490234375,49023200
2022-08-19,401.8488709739081,402.1136297635589,398.29351392155985,399.1634521484375,68016900
2022-08-22,394.3504638590042,394.52068860875744,389.9535634784905,390.85186767578125,77695600
2022-08-23,390.42639423875585,392.80925244544267,389.35789402468396,389.9063415527344,49105200
2022-08-24,389.67930144618055,392.5160148137086,388.99851794025284,391.1544189453125,49177800
2022-08-25,392.63893709582493,396.7238112021701,391.5515360944728,396.6765441894531,50942300
2022-08-26,396.5630774113692,397.1020310073054,383.19268820854865,383.2494201660156,103087000
2022-08-29,380.30874334599116,383.7506074648165,379.3631721580166,380.71533203125,65370800
2022-08-30,381.8689239380466,382.10531673126604,374.44618445964664,376.535888671875,85652400
2022-08-31,378.16230081283413,379.4009968343616,373.53847243354284,373.67083740234375,76029700
2022-09-01,371.50554853268886,375.1838061478932,368.8106643632465,374.8434143066406,78740100
2022-09-02,378.4933014446806,379.70363162679985,369.08485490441115,370.8908996582031,99632100
2022-09-06,371.73233165963677,372.668437715073,367.2787003317124,369.4913330078125,76637400
2022-09-07,369.17928912401646,376.89515216666064,368.9618262560035,376.1292419433594,70964200
2022-09-08,373.86946832524006,379.0417158852862,372.66857424769665,378.5878601074219,80821700
2022-09-09,380.8193790648535,385.3297726688279,380.55462025307344,384.46929931640625,76706900
2022-09-12,386.5306369628963,389.3200838556924,386.22804721967884,388.6014404296875,69256300
2022-09-13,379.95888974243803,381.1597837204144,370.5883038747845,371.7040710449219,122947100
2022-09-14,372.99947713125925,374.63532571628434,369.8318077999259,373.1224060058594,85023700
2022-09-15,371.57161846360935,374.4083318177175,367.6191381157885,368.8861999511719,87633800
2022-09-16,364.7238414484203,366.72717860017747,362.79641901083147,366.0720520019531,103084800
2022-09-19,362.9388950406954,368.91094970703125,362.86292236913584,368.91094970703125,73278500
2022-09-20,365.5973034872937,366.60372391938756,361.9324194562877,364.67633056640625,77274900
2022-09-21,366.5942260628629,369.6324950611645,358.3054986149796,358.31500244140625,106746600
2022-09-22,357.5459378785754,359.1790024904426,354.5646626886457,355.30523681640625,89472600
2022-09-23,351.8492472849376,351.8872336223703,344.92773674852214,349.3522033691406,122346900
2022-09-26,347.8899804357397,351.49789961299837,344.6808163277676,345.8961181640625,92581200
2022-09-27,349.41864254939213,351.6783515332495,342.63004074479505,345.01318359375,108294100
2022-09-28,345.9626720962109,353.48234500316744,344.2726421116853,351.80181884765625,110802200
2022-09-29,348.2697422736175,348.55456731120603,341.51912810704937,344.45294189453125,112952300
2022-09-30,343.51294405259347,347.4152207218765,338.9935561579165,339.12646484375,153711200
2022-10-03,342.8293767828373,349.9218104770214,341.0538996463219,348.0798645019531,89756500
2022-10-04,353.5772481816866,358.8942051643231,348.04193496218414,358.86572265625,103602800
2022-10-05,354.51724403133267,360.28041756142954,352.20057002554404,358.03021240234375,88065700
2022-10-06,356.63448871251217,359.5778067097025,353.843087080186,354.3368225097656,82333500
2022-10-07,350.32056946949496,354.42222386124985,342.69644356252195,344.45294189453125,107789500
2022-10-10,345.5637629110446,345.80112674980717,339.5917095898351,341.8229064941406,76042800
2022-10-11,340.1329308775536,344.68083086003986,337.7308096086358,339.658203125,92482800
2022-10-12,340.0665414891918,341.6331375101313,338.29103509203446,338.53790283203125,76991800
2022-10-13,331.55934562012055,348.934398580659,330.5149387795829,347.47222900390625,147254500
2022-10-14,349.9218097110879,351.54539946318886,338.91762404448093,339.55377197265625,123737000
2022-10-17,345.6112382072671,349.3805769637892,339.22139351142755,348.2792053222656,93168200
2022-10-18,356.16925149824414,356.4730842166548,348.94387997178285,352.3714294433594,97162900
2022-10-19,350.33958306364724,353.0550409179747,347.07345375673924,349.8743591308594,79746900
2022-10-20,349.4280898959749,353.83357711460013,346.18093949129155,346.9405212402344,88283100
2022-10-21,346.6651844936338,355.8559066992739,345.1650575657833,355.3717041015625,131038400
2022-10-24,356.8908558861546,360.85006925134127,354.2513416759188,359.72021484375,85436900
2022-10-25,359.64433986395073,365.7778156948287,359.5304098137005,365.4645080566406,78846300
2022-10-26,362.3312221104294,367.9899690715865,362.0748795431326,362.71099853515625,104087300
2022-10-27,363.7078921191661,365.54033411277726,360.15690917044486,360.7740783691406,81971800
2022-10-28,360.6696356798568,369.8318749398546,360.4892368270884,369.3571472167969,100302000
2022-10-31,366.90756364967945,368.76848820462624,365.78721318114583,366.6891784667969,96631300
2022-11-01,370.42055862920466,370.65792248879427,363.91678308143315,365.0845947265625,85407600
2022-11-02,364.49600742245565,368.98694294470477,355.8179981060472,355.92242431640625,126990400
2022-11-03,352.69424875731005,355.2862727989772,350.1497148774445,352.25750732421875,87100100
2022-11-04,357.9447159505611,359.7201930621012,351.29852759073634,357.32757568359375,103505200
2022-11-07,358.61883592099326,361.3342937720169,356.5490298438672,360.7456359863281,68286900
2022-11-08,361.84701770864893,365.65434401980673,358.62837822141654,362.6920471191406,84641100
2022-11-09,360.72655587582796,361.8754176849635,354.7259912478047,355.2197265625,78495500
2022-11-10,368.4361720364201,375.07288526749676,366.1480099232559,374.7405700683594,141455800
2022-11-11,375.59513065911824,379.1650929237687,373.7151981734616,378.3675537109375,93839900
2022-11-14,376.6109731037082,379.95304559781977,374.873453538742,375.1488037109375,71903500
2022-11-15,380.8741272772188,381.9754993055537,374.5507491865699,378.34857177734375,93194500
2022-11-16,376.7248905450777,377.67434588986345,374.83548368097894,375.4621276855469,68508500
2022-11-17,370.7243833730803,374.9874582361336,370.42057963663734,374.3133239746094,74496300
2022-11-18,377.6364392872866,377.7029081294727,373.1740156097614,376.01287841796875,92922500
2022-11-21,374.6930589983989,375.81340931482094,372.8131270457847,374.64556884765625,51243200
2022-11-22,376.58251647845884,379.84864551592176,375.1773119937102,379.6872253417969,60429000
2022-11-23,379.3549333957438,382.56409762142516,379.1270733477937,382.07989501953125,68261600
2022-11-25,381.5196875372828,382.54511569451665,381.2443663067082,381.9944152832031,30545400
2022-11-28,378.91812575407585,380.55119008749443,375.13928309387734,375.89886474609375,67881600
2022-11-29,376.031857943791,377.218677377997,373.4208551885378,375.2533264160156,52310000
2022-11-30,375.5001700531818,387.07403564453125,373.59178408114326,387.07403564453125,144566700
2022-12-01,388.10888202091604,389.2767226198042,384.2920816594287,386.7891540527344,76398200
2022-12-02,381.91846008966655,387.2448913304231,381.81403389674875,386.3429260253906,85342700
2022-12-05,383.5325548004845,384.4630026318405,378.04470325554814,379.3929138183594,77289800
2022-12-06,379.2315543699302,379.7727220207001,371.84479123618274,373.924072265625,77972200
2022-12-07,373.07899097652984,375.6425320351263,372.1580181195607,373.2878723144531,65927900
2022-12-08,375.1678109877032,377.2755741052636,373.39230509643045,376.2121887207031,60737900
2022-12-09,374.9780163583588,377.5225505438228,373.2784826335144,373.40191650390625,81447700
2022-12-12,374.18991841017703,378.7853088378906,373.5253169004451,378.7853088378906,75405800
2022-12-13,389.4856572201214,389.7419997878151,378.8992336233936,381.65264892578125,123782500
2022-12-14,381.3107822890158,385.00417782900206,376.2786800874481,379.2124938964844,108111300
2022-12-15,374.37028116191146,375.27227545068706,368.28429708214924,369.93634033203125,117705900
2022-12-16,367.39060804195844,368.72594377762675,363.4418274301868,365.5688171386719,119858000
2022-12-19,365.759577222778,366.0934184203677,360.8092731762787,362.4689025878906,79878100
2022-12-20,361.71546981883347,364.57691637638356,360.3991997450581,362.9649658203125,74427200
2022-12-21,365.5496795192156,369.5175542889034,365.01554532984704,368.3920593261719,78167400
2022-12-22,365.3589430278992,368.3730029019242,357.4613534216276,363.1365661621094,100120900
2022-12-23,362.1159860434873,365.36849982820587,360.57080985837734,365.2254333496094,59857300
2022-12-27,365.11100414194533,365.45436371312377,362.1160098220325,363.7851867675781,51638200
2022-12-28,363.7183696822059,365.6832559480354,359.03516224980564,359.2640686035156,70911500
2022-12-29,362.0969229072174,366.5989324853657,361.57230700428545,365.73095703125,66970900
2022-12-30,363.0602696961742,364.9106445983467,360.9523169257117,364.767578125,84022200
2023-01-03,366.61805852310664,368.5829161214832,360.380097012264,363.2320251464844,74850700
2023-01-04,365.4829951067627,368.05830845065526,362.44986897863134,366.0362243652344,85934100
2023-01-05,364.09041452635574,364.2048677167,361.26712910136496,361.8584899902344,76970500
2023-01-06,364.93930570815047,371.27265410068173,361.8871138136949,370.15667724609375,104189600
2023-01-09,372.34092442068106,375.51714610031314,369.76564022685335,369.94683837890625,73978100
2023-01-10,369.3650063190875,372.60797279309605,368.43025676671084,372.54119873046875,65358100
2023-01-11,374.1150503530879,377.3294038131555,373.3043013861297,377.2530822753906,68881100
2023-01-12,378.34994039060064,380.0858621719183,374.29622523133014,378.62652587890625,90157700
2023-01-13,375.44089519235314,380.6678152063083,375.1738279862762,380.09552001953125,63903900
2023-01-17,380.0763692929868,381.7455462351786,378.7219386237428,379.3991394042969,62677300
2023-01-18,380.5818900873673,381.6406112039505,373.20888660482075,373.4091796875,99632300
2023-01-19,371.3775455516614,373.01810918357603,369.37455652309,370.6908264160156,86958900
2023-01-20,372.08341391228544,377.74908002985853,370.44285016934947,377.5964660644531,91806400
2023-01-23,378.3976232018816,384.05374118740224,377.4438078609924,382.1270446777344,84178800
2023-01-24,380.457966934161,382.623117843037,379.2752449179819,381.7170104980469,59524900
2023-01-25,377.66320358749766,382.19382654932406,375.383570904274,381.8599853515625,84800300
2023-01-26,384.5116168819161,386.2189546426973,381.55478324321655,386.0567932128906,72287400
2023-01-27,385.0170598149395,389.3092283564072,384.80721929969803,386.9437561035156,68346200
2023-01-30,384.1968522201886,386.41925852273624,381.79324776134285,382.08892822265625,74202000
2023-01-31,382.60399077183433,387.7545883082666,382.260602078399,387.7069091796875,86811800
2023-02-01,386.495567469355,394.56486749175457,383.7676691333913,391.827392578125,101459200
2023-02-02,395.69982017672226,398.9904947612399,393.8112844222463,397.5311584472656,101654500
2023-02-03,392.58090757531625,397.71243948436745,392.10399983816484,393.3058166503906,94736800
2023-02-06,390.86405950020315,392.29478274143617,389.2521089864295,390.9021911621094,60295300
2023-02-07,389.98649761106446,397.25456629561944,388.74654923536696,396.0146179199219,90990700
2023-02-08,394.04976837031427,395.38510413414,390.99754738888123,391.6842956542969,76227500
2023-02-09,395.27066286428095,395.4232768287697,387.06784419886776,388.2887268066406,78694900
2023-02-10,387.1155453391367,389.57640563275254,386.30482544964053,389.19488525390625,70769700
2023-02-13,389.84344339763004,393.89715897184107,389.3856015126722,393.76361083984375,64913500
2023-02-14,392.24703262517374,395.8810669412816,389.6431352333331,393.5823974609375,88389300
2023-02-15,391.39817989035606,394.9368270971994,390.5588176281302,394.86053466796875,61555700
2023-02-16,389.91022227936105,393.8399372390062,389.2902480643342,389.42376708984375,76431500
2023-02-17,387.30627658309317,388.6893205477336,385.3890983264304,388.45086669921875,89257800
2023-02-21,384.44488243382534,385.49408533092276,380.4007139302568,380.6582336425781,82655900
2023-02-22,381.06832644021057,382.60398440393413,378.68378788820354,380.13360595703125,83742300
2023-02-23,383.01409817857655,383.62455398812614,377.94934088551855,382.1556701660156,96242400
2023-02-24,377.1577400402733,378.9032096079787,375.45994960459336,378.0733947753906,108194400
2023-02-27,381.4021728412389,382.7566035647617,378.4262733452024,379.36102294921875,80444700
2023-02-28,378.8840643154278,380.8393740486185,377.85392748484423,377.9588623046875,96438600
2023-03-01,377.1481328157973,378.36901530523187,375.21188881048784,376.5090637207031,99706800
2023-03-02,374.54420891841545,380.2766485518157,374.2103677204858,379.4372863769531,85127800
2023-03-03,381.24960098401937,385.7707064328963,380.60101340338394,385.522705078125,90120000
2023-03-06,386.3429340367841,388.6321143894144,385.35098693265746,385.78973388671875,72795900
2023-03-07,385.74202541995913,385.9804792628776,379.2656108960152,379.87603759765625,108310600
2023-03-08,379.99054222005736,381.24955646245974,378.2736569852848,380.4960632324219,74746600
2023-03-09,381.2781862155012,382.93784492488635,372.4935538973947,373.4759826660156,111945300
2023-03-10,372.93222177410377,375.0020137102081,366.5702902464224,368.08685302734375,189253000
2023-03-13,364.17622313398334,372.3599748381927,363.06979387547824,367.562255859375,157790000
2023-03-14,372.4649191205908,375.27868623479475,369.17424429944623,373.63812255859375,149752400
2023-03-15,368.06785035886526,371.5015626213284,365.98851059869224,371.30126953125,172996900
2023-03-16,368.95487198316505,378.1591845711939,368.4493509964938,377.8157958984375,143254200
2023-03-17,376.49072469808146,377.62051539098667,372.019393803673,373.39813232421875,140553400
2023-03-20,374.17363412671835,377.40028401988184,373.47471024400215,376.9885559082031,93055800
2023-03-21,380.33969578047333,382.4173875215719,378.7503158002034,381.93865966796875,91524200
2023-03-22,381.7662673371417,385.3662803866766,375.3896097781942,375.4278869628906,111746600
2023-03-23,378.2811083450335,382.3024333278602,373.7427784049594,376.44281005859375,119351300
2023-03-24,375.1694609327518,378.99928396704195,372.83326654429635,378.9131164550781,107682400
2023-03-27,381.18220877571866,381.9481907671168,378.73112484169525,379.6215515136719,74010400
2023-03-28,378.9322213165427,379.62159057011246,376.9407263724681,378.76947021484375,62871700
2023-03-29,382.91530221176765,384.5142663007077,381.7184824269791,384.27490234375,77497900
2023-03-30,386.89823380236453,387.14718161102934,384.66737508830965,386.52484130859375,69840000
2023-03-31,387.4440026260915,392.26958723104974,387.3386673117375,391.9727783203125,112062600
2023-04-03,391.4557374933837,393.86851514556844,391.06317718146,393.4664001464844,67391100
2023-04-04,394.1079241464662,394.3951783979073,389.91426336080593,391.283447265625,66601500
2023-04-05,390.555750574138,391.3121487439596,388.612116709327,390.2589416503906,65200200
2023-04-06,389.4642249836437,392.05895083799805,388.4206018294357,391.7812805175781,63743300
2023-04-10,389.31104357827485,392.26002346239954,388.69828713147245,392.18341064453125,63681000
2023-04-11,392.80576103470116,393.6866038625685,391.5227739807362,392.2887268066406,59297900
2023-04-12,394.34727662483084,394.6345308679278,390.1057548634186,390.6897888183594,86420400
2023-04-13,391.7716880699347,396.2334348165877,390.6323135315357,395.8791809082031,85814800
2023-04-14,395.2472552060106,397.4302528676945,392.6142522306835,394.9121398925781,78161500
2023-04-17,394.8259199321895,396.34827067116134,393.6003780607341,396.3291320800781,66436400
2023-04-18,397.89944773956887,398.0335055698033,395.2185833271868,396.5877380371094,63560000
2023-04-19,394.6823328652232,397.4206417468214,394.6248878690516,396.5206604003906,55227300
2023-04-20,393.7153034242172,396.0993877029547,392.81529283564134,394.3568115234375,75840400
2023-04-21,394.6536241017087,395.1227679931791,392.71957431843055,394.6632080078125,73457400
2023-04-24,394.46213502684145,395.4962034683657,393.1312868972539,395.0749206542969,64332100
2023-04-25,393.1121702739636,393.6675109735628,388.74617437711476,388.8036193847656,97766700
2023-04-26,389.4164101170101,390.4887558993044,386.60148782887217,387.15679931640625,80447000
2023-04-27,389.6844497545518,395.1323747434497,389.4355019352683,394.8642883300781,92968400
2023-04-28,393.98336171566496,398.24405045806503,393.92591672212814,398.2344665527344,89433100
2023-05-01,397.7940910544224,399.85261481140054,397.6025882410736,397.8323974609375,62122300
2023-05-02,397.1239085646286,397.1717988833843,390.46960867294274,393.3611145019531,103998500
2023-05-03,393.85900113849453,396.262224530026,390.4217383465775,390.6611022949219,91531800
2023-05-04,389.6174209347764,389.94295234971383,386.56313507144216,387.8940124511719,94901900
2023-05-05,391.51318454758655,396.11854378303155,391.25468204681897,395.0749206542969,87891800
2023-05-08,395.4004621354889,395.6589646428425,393.7823597445963,395.18023681640625,50046800
2023-05-09,393.63876845358556,394.557917748492,393.2174856060807,393.447265625,49220100
2023-05-10,396.2717922718493,396.9037165760063,391.47492959256664,395.2856140136719,96142900
2023-05-11,394.4238259021145,394.8833858662675,392.5280533923099,394.5961608886719,70157100
2023-05-12,395.83129212496243,396.04193351781123,391.6663545777214,394.0791320800781,70481500
2023-05-15,394.68238356588824,395.84089676313823,392.77705610324665,395.43878173828125,54289400
2023-05-16,394.3376626382598,395.25684108298174,392.78658918922883,392.7961730957031,57705500
2023-05-17,394.80682372550075,398.1674730228259,393.1695828258179,397.5643005371094,87287000
2023-05-18,397.2483654807399,401.8154478860798,397.02816936927354,401.3941650390625,97177200
2023-05-19,402.29422419699927,402.8208132095877,399.5941917756672,400.8101501464844,103793300
2023-05-22,400.82922685915275,402.50477416103354,399.5941009523831,400.97283935546875,60745400
2023-05-23,399.3355304215125,400.9057714798649,396.0801875381463,396.4727478027344,86383500
2023-05-24,394.8738657064858,395.2568421165078,392.44192021304394,393.6004333496094,89213700
2023-05-25,397.0951701927873,398.4547701518932,394.8643112540631,397.0090026855469,90961600
2023-05-26,397.6600131701632,402.8685738627077,397.58342958022524,402.1504821777344,93830000
2023-05-30,404.0749484428724,404.60153728662965,400.92491162792754,402.30364990234375,72216000
2023-05-31,400.4845443720238,401.38455501215435,398.51218808898716,400.0728454589844,110811800
2023-06-01,400.3026119453019,404.9271388982078,399.05793134165066,403.8739318847656,88865000
2023-06-02,406.4399357427851,410.4995384716648,405.9133468070171,409.7144470214844,91426200
2023-06-05,410.0591119636998,411.34209905139056,408.23036813311154,408.9293212890625,65460200
2023-06-06,408.51760703277364,410.34632157550055,407.8665149969257,409.8197326660156,64022200
2023-06-07,410.2123152273252,411.3421059208301,407.9814271228122,408.4027099609375,85373300
2023-06-08,408.4697322463781,411.32296065481773,407.70377939997076,410.8729553222656,61952800
2023-06-09,411.66764397898567,413.6112778783288,410.6240207738437,411.6101989746094,85742800
2023-06-12,412.5868209414102,415.4208816171955,411.86872917016797,415.3442687988281,76104300
2023-06-13,416.7996543712614,418.7241206070974,416.13900754994665,418.0826416015625,95899700
2023-06-14,418.4177237476961,420.3804962400345,415.14321240552647,418.5804748535156,100612100
2023-06-15,417.7666315386717,425.0145781797127,417.6709093443267,423.7698974609375,110303100
2023-06-16,425.7476478890072,426.31464161242656,421.8555599029222,422.3264465332031,114165800
2023-06-20,420.39477647392715,421.278891227802,418.0691141682308,420.1352844238281,76160400
2023-06-21,419.1550409151872,419.95266805370534,417.3963723492286,417.98260498046875,76982300
2023-06-22,417.03123579350665,419.59712182011833,416.69487567418776,419.4914245605469,70637200
2023-06-23,416.050955630648,418.0979160676343,415.60889828256654,416.3200378417969,92074500
2023-06-26,415.75303627413876,417.665440905074,414.378796055203,414.6190490722656,72823600
2023-06-27,415.493629733563,419.77973592551575,415.0419528273242,419.1647033691406,72813700
2023-06-28,418.0883469905335,420.3851802319676,417.47331443133595,419.3761291503906,75636000
2023-06-29,418.962851943863,421.1924071877769,418.55924326128763,421.0290222167969,67882300
2023-06-30,424.22920819454237,426.97768888145606,423.9120577597363,425.9974670410156,104964000
2023-07-03,425.6515644045463,426.7663128211192,425.3728626365197,426.4876403808594,32793400
2023-07-05,424.68089648543395,426.58371116207974,424.67127697873804,425.85333251953125,58418400
2023-07-06,422.28792118405954,422.94140232898076,420.01991753177555,422.5185546875,80658300
2023-07-07,421.52880169929125,425.3824701498979,421.21165123791485,421.451904296875,86134200
2023-07-10,421.0962463181775,422.69152981508034,420.5292527370465,422.5185546875,62443500
2023-07-11,423.27782759435644,425.69956773672544,422.3071959049608,425.2094421386719,64463800
2023-07-12,428.98630598280835,430.03380589808927,427.5639971833185,428.6307067871094,91924500
2023-07-13,430.4373091849304,432.8206297257895,430.00487134114815,432.0325927734375,72425200
2023-07-14,432.9167455493579,433.76241157020985,431.00431150899965,431.7635192871094,69815800
2023-07-17,431.6194336230175,434.3102561737573,431.57136541418197,433.26275634765625,52680200
2023-07-18,432.93600974084484,437.12600898753516,432.5035425061128,436.4821472167969,80668200
2023-07-19,437.27013362266524,438.6347544080096,436.40519925341147,437.4527282714844,65891700
2023-07-20,436.4629102357604,437.35664451536627,433.8393364531686,434.55047607421875,70591600
2023-07-21,436.2610765640321,436.4629102357604,434.54088589539646,434.55047607421875,71275600
2023-07-24,435.6941036910491,437.29900699604326,434.6658135812287,436.49176025390625,54023400
2023-07-25,436.2226826187103,438.93271480747865,436.1746144107411,437.68341064453125,55191200
2023-07-26,436.7512104988631,439.17295065598853,435.7037107326863,437.75067138671875,71052900
2023-07-27,441.1238898609087,441.5275279626701,433.9451262457927,434.8484802246094,92194400
2023-07-28,438.1062519781901,439.93216931576706,434.8484065015939,439.105712890625,80011800
2023-07-31,439.5765221569589,440.29728118928927,438.269530527898,439.94171142578125,62040400
2023-08-01,438.4809971458083,439.42279959796593,437.7314088521361,438.6828308105469,55291500
2023-08-02,435.5787978326574,435.83826057949295,431.83085596175755,432.5804443359375,93933400
2023-08-03,430.5719307015857,433.21471435225743,429.92803959884134,431.3407287597656,64276100
2023-08-04,433.14742331097347,435.2424228845315,428.87090725675444,429.3898620605469,100128900
2023-08-07,431.2157929076751,433.2915828601554,430.523862923515,433.1378173828125,58357500
2023-08-08,430.61038131148536,433.128258189368,427.9099390769486,431.2542724609375,71361300
2023-08-09,431.5233041246725,431.6866891018031,427.61197745800644,428.3711853027344,78789600
2023-08-10,430.7160393980688,434.08920144153984,427.36211636743525,428.5249328613281,93005500
2023-08-11,426.660622377887,429.284196455691,426.0647994577727,428.2751159667969,68690900
2023-08-14,427.3621343832933,430.63916015625,427.0546034425639,430.63916015625,47867400
2023-08-15,428.8708463107176,429.22644541226,425.0556272162394,425.6226501464844,75707500
2023-08-16,425.20942158349953,426.86236363092155,422.3936630630157,422.4993896484375,80107200
2023-08-17,423.96015411160533,424.2196168527754,418.76107448676936,419.280029296875,95711300
2023-08-18,416.4738084450364,420.51007098994324,416.12785816689336,419.4817810058594,98852000
2023-08-21,420.4909004571907,422.95108948384575,418.34786189824484,422.21112060546875,68719000
2023-08-22,423.9793707816351,423.9793707816351,420.5101306907519,421.0675048828125,64994200
2023-08-23,422.12460773274086,426.37229454971487,421.98046176867535,425.7572326660156,68441000
2023-08-24,427.3525117447883,427.86184703074184,419.8277698977074,419.85662841796875,88517300
2023-08-25,421.576814401286,424.09466161039535,418.0402966316632,422.8165283203125,102325100
2023-08-28,424.99799661992967,426.1127742143462,422.816509634439,425.49774169921875,61595400
2023-08-29,425.3921155769581,431.9270172260521,425.20952088221264,431.6483154296875,83081900
2023-08-30,431.9845682431216,434.060357945483,431.2830188362327,433.42608642578125,69053900
2023-08-31,434.04111309241955,435.17510034218884,432.6092144351305,432.79180908203125,66084600
2023-09-01,435.50196656557677,435.98247272624644,432.1480136212197,433.5991516113281,58944100
2023-09-05,433.1570257317341,433.4741468434639,431.65784909348326,431.72509765625,55166200
2023-09-06,430.9178142539041,431.0235408339858,426.50677229074597,428.82281494140625,70758500
2023-09-07,425.83410543618885,428.17897757007677,425.4881551186145,427.50628662109375,70355400
2023-09-08,427.5542626602355,429.6780911161226,427.1986928879559,428.15008544921875,61659700
2023-09-11,430.76410870034374,431.27344400453364,429.06312762659996,430.9659423828125,60180100
2023-09-12,429.5244606027526,431.0428471374366,428.02528375613423,428.60186767578125,67565400
2023-09-13,428.82283025526624,430.2547289321733,427.72726235885176,429.1015319824219,60199300
2023-09-14,431.5617375492493,433.4933520471616,430.26436526823954,432.8014221191406,83430800
2023-09-15,431.2227284727568,431.5506216241027,427.15295081713646,427.5869140625,111848900
2023-09-18,427.2783073434339,429.12997218957395,426.80575976702727,427.8376770019531,55752200
2023-09-19,426.92150856778005,427.50980914474906,424.2790562688864,426.950439453125,66514600
2023-09-20,428.2041947836062,428.6188806317765,422.8228144717151,423.0253601074219,82562600
2023-09-21,420.1900180742226,420.4503960530066,415.87913939371765,416.033447265625,104095800
2023-09-22,417.0556351724514,418.6468925041763,414.6831851842822,415.097900390625,100829700
2023-09-25,413.89240765921994,416.8820302302398,413.4584149989299,416.8434753417969,70874500
2023-09-26,413.8152657492611,414.5192898301892,409.8901424025337,410.71954345703125,96168400
2023-09-27,411.8864702649676,412.44583993852024,407.257352172029,410.88348388671875,104705800
2023-09-28,410.33377256481566,414.93395949847536,409.7454720420047,413.2655334472656,92258300
2023-09-29,416.3034507511099,416.47703605865223,410.74848546003295,412.2626037597656,115111300
2023-10-02,411.4331930512835,413.34271968319354,409.35008111589474,412.0986328125,83798600
2023-10-03,409.92872106622235,412.15648738227026,405.2224344904491,406.5822448730469,103760600
2023-10-04,407.0452013606301,410.28557828924926,405.58894477181923,409.5429992675781,87453000
2023-10-05,409.25364146047264,410.22769695288724,406.17722598529116,409.388671875,70142700
2023-10-06,406.9487669268842,415.78269394671395,405.6275407211765,414.2492980957031,113273300
2023-10-09,412.3590123769111,417.47036086082164,411.80932558041656,416.9013671875,80374400
2023-10-10,417.5282094394434,421.6558488736504,417.1328010827686,419.0712585449219,78607300
2023-10-11,420.13211651194507,421.0386273478204,417.75966631617496,420.78790283203125,62451700
2023-10-12,421.39545544096734,421.7715569076046,415.879074957657,418.2225646972656,81154200
2023-10-13,419.7174193113071,420.9132978989336,414.5771691952751,416.1394958496094,95143100
2023-10-16,418.3769399083744,421.57876204965237,418.13583937540864,420.5179138183594,75433200
2023-10-17,417.4028736679959,422.543153380918,417.0557030363835,420.49859619140625,75324700
2023-10-18,418.733685585988,419.6884340997793,413.8152297481562,414.8953552246094,93559800
2023-10-19,415.6091165353134,417.4125438390961,410.57493615662145,411.25,121323000
2023-10-20,410.81596589128515,411.35602864539834,406.0903726459754,406.19647216796875,123919900
2023-10-23,404.67268410500066,409.34041539624207,402.92711894728416,405.492431640625,92035100
2023-10-24,407.60452747929617,409.69729291312706,405.7625160007192,408.5496520996094,78564200
2023-10-25,406.8715656507854,406.9004965329498,402.1749032838704,402.68603515625,94223200
2023-10-26,401.62526644318154,402.4739155692253,396.9479103704744,397.86407470703125,115156800
2023-10-27,399.4457299187491,399.84113833304036,394.6429966038168,396.0606689453125,107367700
2023-10-30,398.83807208389743,401.84700148905324,397.54577698969393,400.7958068847656,86562700
2023-10-31,401.3648163745919,403.6311669556289,399.4649432617073,403.31292724609375,79665200
2023-11-01,404.27734347074426,408.4242604346672,403.746904694568,407.6141662597656,98068100
2023-11-02,411.39458907062107,415.5801196181461,411.37531162600504,415.4258117675781,94938900
2023-11-03,417.72113093175125,420.75899159658866,417.59575395239466,419.2159423828125,100167800
2023-11-06,419.96821974681916,420.6240061676707,418.2419315987604,420.1803894042969,67831700
2023-11-07,420.1803410344543,422.0126990847071,419.04235365317487,421.3761901855469,64256100
2023-11-08,421.97412330805065,422.4949086781329,419.38953276666115,421.684814453125,61746000
2023-11-09,422.82275020857907,422.86133452826135,417.97180945877307,418.3961486816406,83174400
2023-11-10,420.45998395564305,425.23375607657056,418.386496162944,424.9251403808594,89462200
2023-11-13,423.5942934214088,425.61951403994044,422.81313016998365,424.5201110839844,52236100
2023-11-14,430.43192160638574,434.0387757848984,430.2100985439841,432.7561340332031,97176900
2023-11-15,434.0870186065259,435.31182811938703,432.82365419982955,433.6723327636719,77327600
2023-11-16,433.22870327091186,434.52099852551896,432.16785509736394,434.2027587890625,66665800
2023-11-17,434.2123895584984,435.3504063975986,433.2962252275612,434.7428283691406,83133200
2023-11-20,434.4920035775441,438.92825837478466,434.4823501401847,438.0892333984375,69936200
2023-11-21,437.0476983171483,437.9638920043512,435.87112668099957,437.1344909667969,49244600
2023-11-22,438.78368021370784,440.1338372741124,437.73248545127797,438.8222351074219,59394900
2023-11-24,438.8704609965596,439.285146826889,438.5425678215631,439.0922546386719,29737400
2023-11-27,438.46541503211625,439.275509275739,437.9156987639097,438.3014831542969,50506000
2023-11-28,437.91566497815336,440.02770779834395,437.3563247451927,438.73541259765625,62115000
2023-11-29,440.87643907860087,442.0048025491918,438.03147038132977,438.4268493652344,63146000
2023-11-30,439.2658427946925,440.5002762034089,437.2020083442997,440.153076171875,79752700
2023-12-01,439.5455132066452,443.28739788218263,438.95724208115644,442.7569885253906,89183400
2023-12-04,439.3816359735592,442.77632102780984,438.16647981739976,440.4328308105469,72430900
2023-12-05,439.05365215206086,441.3006958020075,438.6775212551753,440.345947265625,69793500
2023-12-06,442.4773193670441,442.5062502524176,438.1375099737289,438.5715026855469,69124700
2023-12-07,440.6449813906353,442.5641322141357,440.0470567781608,441.9179992675781,66995400
2023-12-08,441.17532857795476,444.3482193835821,440.9342280791031,443.81781005859375,83194400
2023-12-11,443.32598493677364,445.7177126387657,443.11381530650647,445.5440979003906,65002200
2023-12-12,445.1969053461678,447.67542557959507,444.20357245141867,447.5789794921875,68327600
2023-12-13,447.95509399152206,454.0019136162734,447.59826994583597,453.75115966796875,93278000
2023-12-14,455.6799450229731,456.86617007826965,452.545638522815,455.2073974609375,119026000
2023-12-15,454.61284974570634,455.7845286924067,452.6181291338484,454.4579162597656,141553700
2023-12-18,456.0556626634462,457.9922869448393,455.00020597615196,457.0142822265625,70375300
2023-12-19,457.5565362720974,459.8708164807692,457.4790843028072,459.7933349609375,55761800
2023-12-20,458.94114407885615,460.8196717099361,452.99572380616274,453.4217834472656,102921000
2023-12-21,456.3946092912538,457.99234817745054,453.9835211947353,457.7212219238281,86667500
2023-12-22,458.8443284649097,460.31618167604864,456.7528004658334,458.6409912109375,67160400
2023-12-26,459.0477470448917,461.4781904417408,458.97026552475677,460.5776672363281,55387000
2023-12-27,460.3742993690924,461.5556412930502,459.8417395433534,461.410400390625,68000300
2023-12-28,461.76866793794215,462.4174204811319,461.16831917837936,461.5846862792969,77158100
2023-12-29,461.39101424995863,461.9139110481109,458.3020963459827,460.2484130859375,122283100
2024-01-02,457.19832696912215,458.6604879594563,455.58123246883804,457.67279052734375,123623700
2024-01-03,455.5230751447963,456.2590018309508,453.3347097921151,453.93505859375,103585900
2024-01-04,453.4605375615008,456.03625125353045,452.2501474553143,452.4728698730469,84232200
2024-01-05,452.67622417899463,455.53275675735284,451.6498156943496,453.0926208496094,86118900
2024-01-08,453.58644474883687,459.7061845131588,453.4605594436324,459.5609436035156,74879100
2024-01-09,456.9174526401683,459.8804854755376,456.4139409568945,458.86376953125,65931400
2024-01-10,459.1348885576282,462.32064377730035,458.85406976244286,461.4588317871094,67310600
2024-01-11,462.45619075983615,462.96939501130794,457.29510006298005,461.2554931640625,77940700
2024-01-12,462.69825780727723,463.43418447136196,460.1709773696293,461.57501220703125,58026400
2024-01-16,460.2000221906259,461.507219896807,458.0697237314841,459.8804626464844,85014900
2024-01-17,456.8690193310164,457.80828324431627,454.9807989273028,457.3241271972656,68843900
2024-01-18,458.98962663985805,461.9429667160371,457.4500139514087,461.3910217285156,91856200
2024-01-19,462.514291382207,467.42364106257526,461.4394790826515,467.142822265625,110834500
2024-01-22,468.67274557207963,469.8443949304159,467.4817110595385,468.1304931640625,75844900
2024-01-23,468.6727773973201,469.7378971314764,467.5882725076425,469.4958190917969,49945300
2024-01-24,472.35230131096756,473.2818726098636,469.5151540811933,470.0090026855469,81765000
2024-01-25,472.129646862115,472.8365254024004,470.009070342345,472.5653991699219,72525000
2024-01-26,472.1393159497028,473.6208323517754,471.12260001612924,471.96502685546875,76641600
2024-01-29,472.2749243280571,475.8479987432674,471.73267185506717,475.7027282714844,61322800
2024-01-30,475.0151877688741,476.0415962445669,474.5794354978266,475.3347473144531,58618400
2024-01-31,473.13665425188526,473.58206954437225,467.55916709172027,467.57855224609375,126011100
2024-02-01,469.2730492556767,473.7272903654765,468.4693337474314,473.6982421875,91891600
2024-02-02,474.13398022632504,480.3311713166732,473.795065105255,478.68505859375,99228200
2024-02-05,478.05572128716557,478.71416645842936,474.6956769375314,476.942138671875,75757100
2024-02-06,477.88133742102303,478.6560047672627,476.457917569754,478.3267822265625,55918600
2024-02-07,480.5636719721608,482.7326818528335,479.66311916407506,482.3163146972656,70556500
2024-02-08,482.31623652505846,482.90689268947517,481.5028579516359,482.5292663574219,52343600
2024-02-09,483.0328525667237,485.7538074749057,482.6939373878326,485.3180847167969,63979400
2024-02-12,485.28896212192205,487.5451161916344,484.3884094588291,485.10498046875,56502300
2024-02-13,478.8593667536311,481.33824328857344,475.17010013129357,478.4236145019531,113099200
2024-02-14,481.04773757037634,483.2554877979955,478.73345765408254,482.7713317871094,68387800
2024-02-15,483.4686066260898,486.28639867423624,482.99411355370677,486.1024169921875,61683000
2024-02-16,485.802216073848,486.9351247377766,482.9456834193714,483.6816101074219,75532900
2024-02-20,481.9483091532552,482.6164468795506,478.78193916164605,481.01873779296875,71736700
2024-02-21,479.7212103303219,481.6094012609107,477.92013439516916,481.4544677734375,59293400
2024-02-22,488.0389961871901,492.3770155291545,487.0803471035888,491.41839599609375,76402500
2024-02-23,493.1322803007743,493.9650440524054,491.03105964418,491.7572937011719,61321800
2024-02-26,492.1929751015984,492.62872731944213,489.83029147041157,489.9561767578125,50386700
2024-02-27,490.64379270697685,491.089208034972,488.7555721385278,490.8664855957031,48854500
2024-02-28,489.3171596556616,490.798676044666,488.9588888927158,490.21771240234375,56506600
2024-02-29,491.9703479594554,493.5874126583201,489.3365378000111,491.9800109863281,83924800
2024-03-01,492.85151281479995,497.02490613181874,492.4448087227075,496.5988464355469,76844800
2024-03-04,495.80491059914067,497.90613146747353,495.775832865413,496.0663146972656,49799300
2024-03-05,494.0715531499916,494.5169979894073,488.9104626936786,491.1085205078125,72855600
2024-03-06,494.37174481528393,495.84359816125266,492.3092648064121,493.59710693359375,68382400
2024-03-07,496.8796700098079,499.54252820351775,493.65517426694095,498.4967346191406,58652100
2024-03-08,499.12617653924883,501.7986682913954,494.9333685962926,495.5046691894531,86532500
2024-03-11,494.30400588507405,495.65963700941484,492.3867371553007,495.0786437988281,62557200
2024-03-12,497.1798014108618,500.9852604266135,494.67184736073796,500.404296875,73114400
2024-03-13,500.7238851600706,500.89817425614416,498.1869120376378,499.6199951171875,55104100
2024-03-14,500.5882438210127,500.74320684304695,495.60147230683197,498.6322937011719,110171800
2024-03-15,495.57751113868864,497.0247990949515,493.5474544938414,495.2084045410156,107646300
2024-03-18,499.2588090158661,500.6963445921207,497.7435511886848,498.1514892578125,88893300
2024-03-19,497.4619309272195,501.2014919888328,496.46144212802193,500.9198303222656,60755300
2024-03-20,500.9780657234889,505.688947116047,500.30785211015336,505.5529479980469,69594600
2024-03-21,508.37950670617295,509.0788290865272,506.9419118942698,507.2236328125,60256100
2024-03-22,507.13629916336896,507.6219595734279,506.02897920010236,506.26214599609375,79070800
2024-03-25,504.89242055664005,506.0094629263034,504.7078672769053,504.8633117675781,48512100
2024-03-26,506.28145712240774,506.62145492992863,503.5326622935472,503.9308776855469,65463700
2024-03-27,506.74777267634687,508.20475380954497,504.5914097711624,508.1658630371094,82999800
2024-03-28,508.2047857637415,509.56459933606504,507.7871249267959,508.06878662109375,96294900
2024-04-01,508.80690155295423,509.3411160418204,506.02887949837907,507.18475341796875,62477500
2024-04-02,503.37728547043406,504.0960533819684,501.6677513647756,503.9601135253906,74230300
2024-04-03,502.87207664118336,506.0094825181492,502.8235224677317,504.51361083984375,59155800
2024-04-04,508.50584318362684,508.8457817223291,498.0544227328248,498.35552978515625,96858100
2024-04-05,499.7056529768442,505.5141316093866,499.26854681862443,503.561767578125,74546500
2024-04-08,504.26122598133765,505.26165559503625,503.03735226606693,503.843505859375,48401800
2024-04-09,505.5724514220362,505.81528161003905,499.5988050832793,504.4263000488281,68049200
2024-04-10,498.75370676862974,501.3568389879978,497.4036161258989,499.3753662109375,82652800
2024-04-11,500.8906633299254,504.5816702204379,497.3939324409582,503.1441345214844,70099000
2024-04-12,499.61819571598176,501.026622508991,494.4799012010891,496.19915771484375,92561100
2024-04-15,500.35648708759203,500.52159502342283,489.13771409265206,489.9827880859375,92101400
2024-04-16,490.45864647041304,491.97390429784934,487.8069304512228,489.0890808105469,73484000
2024-04-17,491.53681324608516,491.7019508026377,484.805568116472,486.1945495605469,75910300
2024-04-18,487.5836233301547,489.671957110868,484.26169316872057,485.19415283203125,74548100
2024-04-19,485.11641894359934,486.10715539894034,479.6964327690104,480.95916748046875,102212600
2024-04-22,483.5525564034497,487.9720832401042,481.22139272247443,485.38836669921875,67961000
2024-04-23,487.3893089914972,491.5756989172583,485.2038373746558,491.1483154296875,64633600
2024-04-24,492.0322045112339,492.81897189579723,488.7005816711836,490.9151916503906,55928100
2024-04-25,484.8638422405587,489.8078608662871,483.2223079459974,489.05023193359375,69122400
2024-04-26,491.82824557353393,495.2570064811488,491.1968930428971,493.6834716796875,64306100
2024-04-29,495.4609926845512,496.1020679300017,492.70244534017297,495.4318542480469,46415400
2024-04-30,493.9748031317947,494.9461237340898,487.5835266113281,487.5835266113281,77483600
2024-05-01,487.00076428433056,493.6154557030375,485.5340605810027,486.00030517578125,80242800
2024-05-02,489.69131460230034,491.3814327412964,485.22323354848663,490.54608154296875,62550200
2024-05-03,496.5003104757314,497.8504308833997,493.9748706361785,496.6265869140625,72756700
2024-05-06,499.0160865951996,501.79404999735306,498.5789803558365,501.7552185058594,47264700
2024-05-07,502.7167454724822,503.6977888774315,501.63859371019026,502.3088073730469,52561300
2024-05-08,500.48271898197925,502.8915753738944,500.3661652394486,502.35736083984375,42047200
2024-05-09,502.54180715557544,505.29066078190255,501.8910390175421,505.25177001953125,43643700
2024-05-10,506.8448626028078,507.65107540024,504.68855906076743,505.9027099609375,52233200
2024-05-13,507.57334496613424,507.6801760152973,504.8342134653113,505.97064208984375,36716400
2024-05-14,506.1648891476387,508.8069121408392,505.630674647656,508.2920837402344,57535900
2024-05-15,510.7495751277046,514.8776880610556,510.11819296519036,514.5863037109375,59504900
2024-05-16,514.6834008229457,516.2763809484062,513.381805041238,513.5275268554688,50244800
2024-05-17,513.6442095280972,514.3338687186881,512.1969508535761,514.265869140625,59187600
2024-05-20,514.3822167259287,516.3151350820737,513.9936648026625,514.858154296875,37764200
2024-05-21,514.1006064390205,516.2763551432357,513.8966077662355,516.1209106445312,33437000
2024-05-22,515.4313778215733,516.1404229953789,512.468802117107,514.6348876953125,48390000
2024-05-23,517.6751302863473,517.7819613409337,509.67139747589715,510.8758850097656,57211200
2024-05-24,512.7116164560648,515.0622552748287,511.7694638177849,514.2560424804688,41291100
2024-05-28,515.0622463447778,515.2953538271266,511.992839734623,514.6154174804688,36269600
2024-05-29,510.6039026906956,512.1871603116153,510.3027956190019,511.0118408203125,45190300
2024-05-30,509.4771735375275,510.13766452658996,506.3786580054075,507.6219177246094,46377600
2024-05-31,508.57386073354985,512.3716988043419,503.49381286592205,512.2454223632812,90785800
2024-06-03,513.848128094292,514.1297897725609,507.61220612199116,512.6630859375,46835700
2024-06-04,511.36150323340104,513.974358217118,509.90452222280885,513.2361450195312,34632700
2024-06-05,515.5478835476441,519.3554439193825,513.566351467224,519.3359985351562,47610400
2024-06-06,519.637123680227,520.0645071551455,517.4030979505338,519.3262939453125,30808500
2024-06-07,518.3550094881825,521.4924158492759,517.2671349822953,518.6950073242188,43224500
2024-06-10,517.8887511155715,520.6181598447974,517.2962597313128,520.297607421875,35686100
2024-06-11,518.7531901267605,521.6088750080388,516.7911035808329,521.5505981445312,36383400
2024-06-12,526.0965041099447,528.5150834828803,524.8046308107085,525.834228515625,63251300
2024-06-13,527.5728807070939,527.7477113251548,524.1149812633378,526.8929443359375,44760900
2024-06-14,525.3679678522572,527.2426097707814,524.3674790309985,527.2135009765625,40089900
2024-06-17,526.5336166388124,532.7986479029511,526.0770650167459,531.4096069335938,55839500
2024-06-18,531.4678314025467,532.8859810291509,531.0501705974204,532.7597045898438,41376400
2024-06-20,533.6824026084769,534.3428935144076,529.5445672911499,531.3123779296875,70328200
2024-06-21,530.4929829849066,531.7110509477889,529.1482311958065,530.6001586914062,64338600
2024-06-24,530.4247136467889,532.9777790963483,528.7583754205319,528.8753051757812,45528700
2024-06-25,530.0933585291979,531.2724695843536,528.5829663352164,530.9119262695312,37936200
2024-06-26,529.8010709636176,532.2859175813455,529.1579572826417,531.5745849609375,38550600
2024-06-27,531.4381433443106,532.9875518697215,530.6975485510812,532.41259765625,35041500
2024-06-28,533.1824029810238,536.2227551968151,529.0799883321372,530.3175048828125,76144500
2024-07-01,531.6915669508893,531.9351805545184,528.6610279959765,531.4089965820312,40297800
2024-07-02,529.8107580224772,534.985107421875,529.7620472078919,534.985107421875,40434800
2024-07-03,534.6733013066347,537.7331019058091,534.6343445482383,537.37255859375,32789900
2024-07-05,537.6746345682784,540.8708135451888,537.0412155224441,540.4713134765625,41488400
2024-07-08,541.2508572097279,542.0401627530802,540.0327894282602,541.094970703125,36110500
2024-07-09,542.0499170234392,542.9463982576794,541.3288304126829,541.6211547851562,27289700
2024-07-10,542.8392819787523,547.3217481165079,542.5469575742852,546.980712890625,38701200
2024-07-11,547.0975967198616,547.9648752769439,541.6309226493873,542.2642822265625,53054200
2024-07-12,543.3848120132371,549.2704930135664,542.9170931055421,545.6845092773438,53084400
2024-07-15,547.6725909303428,550.4108051950651,545.3338767680585,547.1853637695312,40584300
2024-07-16,548.4911431126284,550.72262227623,547.7407941926679,550.4302978515625,36475300
2024-07-17,544.5250561904461,546.1913944708481,542.3909988738491,542.7125854492188,57119000
2024-07-18,544.2424015949905,545.2266098112565,536.3687953408241,538.5418090820312,56270400
2024-07-19,538.3080081974957,539.9256355832753,533.9132099479913,534.9656372070312,65509100
2024-07-22,538.8732666357521,541.0852970880696,536.9438660153718,540.4811401367188,43346700
2024-07-23,540.3737749293225,542.5175859227753,539.1460126783072,539.6332397460938,34439600
2024-07-24,534.8389605250121,535.1410389720269,526.4878802289309,527.4038696289062,74515300
2024-07-25,527.5207202794586,533.4746802244538,523.7203848523121,524.6558227539062,61158300
2024-07-26,528.4270046031144,533.2115481254169,527.6571477897303,530.5317993164062,53763800
2024-07-29,532.0715107948711,533.0751677112492,528.8557642968128,530.8436889648438,39515800
2024-07-30,532.305359200303,533.3577863863941,524.7630932312389,528.1541748046875,46853600
2024-07-31,534.9559286681133,539.3604813512061,533.5917282671721,536.7391967773438,65663400
2024-08-01,538.4542703754322,540.6955035812163,525.6499253938641,529.1384887695312,76428700
2024-08-02,522.063852889589,523.2721666167066,515.0964813658185,519.2866821289062,82789100
2024-08-05,498.5698494257554,510.2048370125756,497.23482195550594,504.1632080078125,146267400
2024-08-06,505.95607618021586,516.2171073533713,504.6405868135895,508.811279296875,84826300
2024-08-07,514.9698561147811,518.0102083711349,504.8160585530724,505.41046142578125,70698300
2024-08-08,510.52630556896884,517.7177827712244,508.5092375881122,517.0941772460938,63276600
2024-08-09,516.2755714297688,520.8555180126824,515.0575036936727,519.3743286132812,45619600
2024-08-12,520.563206135425,522.0443360943832,517.3864758873478,519.647216796875,42542100
2024-08-13,522.8240435638112,528.4271563186212,522.5804299657759,528.1932373046875,52333100
2024-08-14,528.9824644571885,531.0386081211183,526.3222233938623,529.8594970703125,42446900
2024-08-15,535.4626581650564,539.2240376315274,534.8585012342127,538.9414672851562,60846800
2024-08-16,537.3335322529779,540.8416031495808,537.1776457463574,540.1497192382812,44430700
2024-08-19,540.5589895349276,545.3143310546875,539.7112190916396,545.3143310546875,39121800
2024-08-20,544.8661286211883,546.5129587158026,543.0926147134523,544.4276123046875,33732300
2024-08-21,545.4703215908407,547.7505114259203,540.55903368272,546.298583984375,41514600
2024-08-22,548.1890532625708,548.7932102196837,540.8026724138992,542.010986328125,56121500
2024-08-23,545.236462053231,548.7055171032431,543.053634385247,547.77001953125,50639400
2024-08-26,548.7931322733509,549.504464836925,544.7686315002069,546.4641723632812,35788600
2024-08-27,545.197411094177,547.7017657101911,544.057316249273,547.2145385742188,32693900
2024-08-28,546.8735372102509,547.3022994954773,540.8611111576025,544.037841796875,41066000
2024-08-29,545.9964384879656,549.2803444323956,542.9463920388357,544.0864868164062,38715200
2024-08-30,546.4447596496766,549.7871307787254,542.9074857644326,549.2803955078125,62700100
2024-09-03,546.1523719656589,546.4837125964749,535.4723909219692,537.9767456054688,60600100
2024-09-04,536.1447696240151,540.2666922950722,535.4236829556569,536.8756103515625,47224900
2024-09-05,536.817154296066,539.6527901961324,533.1239343608661,535.56982421875,44264300
2024-09-06,535.8913798019039,537.5089477091443,525.659610039857,526.5560913085938,68493800
2024-09-09,530.7365485093424,533.718376233379,528.8168426461983,532.4515380859375,40445800
2024-09-10,534.3517437427556,535.1216007015946,529.4989803786028,534.770751953125,36394600
2024-09-11,534.683107736862,541.1729474655668,526.1663863296421,540.2569580078125,75248600
2024-09-12,540.831888043875,545.1097566752126,538.619857760852,544.8076782226562,51819600
2024-09-13,545.4118431545087,548.6470386001909,545.1584755178029,547.653076171875,39310500
2024-09-16,547.3899785889079,548.7249762940762,545.5970158864217,548.4619140625,36656100
2024-09-17,550.6640241107275,552.1062567166426,546.4641290442629,548.6859130859375,49321000
2024-09-18,549.3388444863224,554.1624050516696,546.5032087102647,547.0586547851562,59044900
2024-09-19,556.4231220387844,558.2453466994866,553.5679782684008,556.3938598632812,75315500
2024-09-20,555.0312814396932,556.4680940708006,552.4214655718796,555.4320068359375,77503100
2024-09-23,556.4975550473902,557.4652143001452,555.2854753286341,556.820068359375,44116900
2024-09-24,557.6118194350487,558.4719742881841,554.796778035406,558.413330078125,46805700
2024-09-25,558.2569861308538,558.9900686130115,556.0772469828556,557.1817626953125,38428600
2024-09-26,561.4237844305269,561.7463573647025,557.0448583405533,559.3906860351562,48336000
2024-09-27,560.4561405350975,561.2673753932927,557.5531033653197,558.5794067382812,42100900
2024-09-30,557.5531235786384,561.4238200592039,555.2659399397932,560.8178100585938,63557400
2024-10-01,560.465907913519,561.1109941219235,553.232804974523,555.793701171875,72668800
2024-10-02,554.9042964358707,557.0448994143397,552.519332659213,556.0283203125,38097800
2024-10-03,554.5621954422553,556.9471593905891,552.7343813129046,555.0118408203125,40846500
2024-10-04,559.4396258955153,560.4268531332793,555.2854920412735,560.055419921875,42939100
2024-10-07,558.413299806086,559.0584457401652,553.8486566717974,554.9922485351562,49964700
2024-10-08,557.552998646713,560.837252345101,556.683119749396,560.240966796875,37398700
2024-10-09,560.2313175326061,564.6787318135322,559.6350914993983,564.12158203125,37912200
2024-10-10,562.7824731556751,564.5516429072721,561.5313172618801,563.1343383789062,44138100
2024-10-11,563.0561277259117,567.2396131412746,562.9192713637127,566.5065307617188,42268000
2024-10-14,568.1095385598273,572.0682314590191,567.6306009114653,571.1396484375,36217200
2024-10-15,571.4035256005812,571.7065305951428,565.4899467305453,566.7020263671875,54203600
2024-10-16,566.7020448464575,569.6832346627543,565.9005342666823,569.1651611328125,30725400
2024-10-17,572.6937458614649,572.8990304200946,569.0283336899422,569.2140502929688,34393700
2024-10-18,570.8952139016382,572.1854459872815,569.4388331888846,571.4035034179688,37416800
2024-10-21,570.6802798985141,571.6577232551329,567.503588989503,570.4652709960938,36439000
2024-10-22,567.9433552717076,571.3155462187071,567.288485036852,570.1621704101562,34183800
2024-10-23,568.1487123526306,568.5885737772464,561.4629738103232,564.9524536132812,49314600
2024-10-24,566.897492764615,566.9757049256177,563.5644376745634,566.1741943359375,34979900
2024-10-25,568.3928919070939,571.2763607061805,565.0402695558583,565.9785766601562,47268200
2024-10-28,569.4389192842264,569.5659916825215,567.4253885260767,567.7283935546875,30174700
2024-10-29,566.7703610094676,569.7613345267463,565.3824085036434,568.6470947265625,42899700
2024-10-30,568.1779150746601,570.1621533327376,566.2230287475197,566.9268188476562,41435800
2024-10-31,562.5772452055423,562.6456733933426,555.617853906816,555.8133544921875,60182500
2024-11-01,558.4328313722141,562.5673968338307,557.748609230934,558.1591186523438,45667500
2024-11-04,558.2959404133777,559.5861724591027,555.0801741045641,556.9568481445312,38217000
2024-11-05,557.8658847297456,563.7305435334926,557.6508758763042,563.6914672851562,39478300
2024-11-06,575.9094240417821,578.5778243249285,572.1853686206846,577.7078857421875,68182000
2024-11-07,579.7020264980958,583.1915058614667,579.6238143381844,582.1749267578125,47233200
2024-11-08,582.722322897382,586.1140819812399,582.722322897382,584.69677734375,46444900
2024-11-11,586.2802096893201,586.6320749270757,583.5335966542183,585.25390625,37586800
2024-11-12,585.1757310882224,585.7719571662951,580.9629529710414,583.4359130859375,43006100
2024-11-13,583.8952929846365,585.7133231848053,581.5396809070076,583.7193603515625,47388600
2024-11-14,583.8464232004079,584.3253608590082,579.2817798181851,579.9659423828125,38904100
2024-11-15,576.4177743775998,576.886987680586,570.689971552463,572.537353515625,75988800
2024-11-18,572.9967218779136,576.1929802203847,572.1366267509276,574.8832397460938,37001700
2024-11-19,571.5208668268807,577.7080396739373,570.856212572816,576.9847412109375,49412000
2024-11-20,577.0628873767942,577.4636128156191,571.4425893061045,577.18017578125,50032600
2024-11-21,580.014817427747,581.6959910919024,574.1990184692589,580.2786865234375,46750300
2024-11-22,580.2689646034843,582.7028485393122,579.7705186323628,582.0772705078125,38226400
2024-11-25,585.9967993093868,587.3065398623395,581.7742372889147,584.0516967773438,42441400
2024-11-26,585.2930125321725,587.7659726175935,584.5794980426031,587.101318359375,45621300
2024-11-27,586.9155026434518,587.2966601103464,583.8072407585437,585.322265625,34000200
2024-11-29,586.13348818314,589.7402555167076,585.8598351444666,588.9583129882812,30177400
2024-12-02,589.3688312028335,590.6884151690585,588.8801096579482,590.0139770507812,31746000
2024-12-03,589.7794898104154,590.5320805361104,588.7531863419945,590.2877197265625,26906600
2024-12-04,591.9688246092684,594.1973636861876,591.3041705105946,593.9530029296875,42787600
2024-12-05,593.9530901421784,594.7546007001943,592.6237817496434,592.9756469726562,28762200
2024-12-06,593.7380822446739,595.3313193862531,593.3275728171593,594.0997314453125,31241500
2024-12-09,593.982457801793,594.1486064406603,590.4539021843977,591.0403442382812,34742700
2024-12-10,591.7148563090614,592.135149776554,588.5479495058842,589.2028198242188,37234500
2024-12-11,592.1155320836123,594.7057206012569,591.8418193692619,593.7576293945312,28677700
2024-12-12,592.8975505621333,593.4644247000379,590.6983032226562,590.6983032226562,31543800
2024-12-13,592.7215967057723,593.4351111707817,589.2125492712078,590.5809936523438,35904700
2024-12-16,592.3306244931046,594.0705021581772,591.5584657830842,593.102783203125,43695200
2024-12-17,590.5614592226143,591.5193345487469,589.2907948870824,590.6591796875,55773500
2024-12-18,590.3561794711514,592.7313595079198,572.6742637557415,573.0554809570312,108248700
2024-12-19,578.020693356588,579.6237142367397,572.6349727396702,572.8793334960938,85919500
2024-12-20,570.561034960996,584.27166262691,569.7175591199479,579.7603149414062,125716700
2024-12-23,579.5052825841503,583.8302883719545,576.3374745859168,583.2320556640625,57635800
2024-12-24,584.5757510081671,589.7540503475091,583.9970921591193,589.7147827148438,33160100
2024-12-26,587.9493923534018,590.8719573339298,586.5567683514358,589.7539672851562,41219100
2024-12-27,586.0271828680434,586.2626090728168,579.3778441686201,583.5459594726562,64969300
2024-12-30,576.5630589676712,580.3388565581548,573.1500678896946,576.8866577148438,56578800
2024-12-31,578.5441278348751,579.2601035674252,573.1599137063401,574.7879638671875,57052700
2025-01-02,578.0341524534392,579.7406180456738,569.3154229960469,573.3756713867188,50204000
2025-01-03,576.2100381173573,581.1823013188991,575.1311959956543,580.5448608398438,37888500
2025-01-06,584.7815995417147,588.1455060566466,582.1629997160619,583.8890991210938,47679400
2025-01-07,585.909501046868,586.2331597023842,575.4745472605013,577.2888793945312,60393100
2025-01-08,577.3574447409104,579.2012273003362,573.9248797422833,578.1322021484375,47304700
2025-01-10,574.5918290616524,574.6604875516765,567.4030397334539,569.3056640625,73105000
2025-01-13,564.6766400021115,570.5414039943755,564.2646890570356,570.1883544921875,47910100
2025-01-14,573.1011353265001,573.7288188278344,567.2069202769688,570.9729614257812,48420600
2025-01-15,578.9560183196553,582.4964494087538,577.8477854521145,581.3588256835938,56900200
2025-01-16,582.7220679112103,582.8985926554029,579.5445027973688,580.2408447265625,43319700
2025-01-17,585.4583566167607,587.8120797540519,584.1343312340456,586.06640625,58070600
2025-01-21,589.0968809186732,591.4408471810177,587.1354148968001,591.4310302734375,42532900
2025-01-22,594.2456759945876,596.1090924921224,593.6964679520279,594.7556762695312,48196000
2025-01-23,594.1279851220985,598.0018920898438,593.8534110339756,598.0018920898438,41152100
2025-01-24,598.0607394613536,599.0120815203885,595.1087237951253,596.2561645507812,34604700
2025-01-27,583.3496990163546,588.1356800712656,583.1829911938827,587.8218383789062,70361100
2025-01-28,589.0477983536082,593.7062796977629,585.7427332202798,592.8726806640625,44433300
2025-01-29,592.0880784150642,592.4902124528912,587.6747800612517,590.2149047851562,37177400
2025-01-30,592.3234809305729,594.9125703683252,589.1458559611356,593.3826293945312,39281300
2025-01-31,595.7952876097377,598.2079122989969,589.4695478929073,590.2247314453125,66566900
2025-02-03,581.2509121761593,588.7240915852041,579.1129217803689,586.252685546875,65857200
2025-02-04,586.3116394651887,590.6954873423298,585.7722482747779,590.185546875,33457800
2025-02-05,589.0674493379312,592.7255640609287,587.0471418694162,592.5784301757812,30653100
2025-02-06,594.3143418590737,594.7655005585997,591.0190935628144,594.6380004882812,35771500
2025-02-07,595.1970887375172,596.4131881290857,588.4888484089631,589.1950073242188,50788500
2025-02-10,592.3921407355843,593.8337894109928,591.1269569453736,593.1962890625,26048700
2025-02-11,590.9405676549386,594.1867909987916,590.8228845015021,593.6473999023438,30056700
2025-02-12,587.6551628450902,592.9020598913557,586.9784547529548,591.7349853515625,45076100
2025-02-13,592.8333911581238,598.1882142232939,591.5780842005947,597.9822387695312,40921300
2025-02-14,598.1883082448632,599.2180659571623,597.335075295313,597.9529418945312,26910400
2025-02-18,599.1101412981178,599.7083740234375,596.6583089558027,599.7083740234375,26749000
2025-02-19,598.3254799134808,601.4147523000511,597.815479705502,601.1205444335938,31011100
2025-02-20,599.7573136488752,599.8946306067775,595.324442106828,598.6196899414062,36554000
2025-02-21,598.4039822903428,598.5412992676794,587.9199448031515,588.3809204101562,76519800
2025-02-24,590.420875386549,591.4114252530362,584.997393388531,585.7035522460938,50737200
2025-02-25,585.6446767168586,586.3704094872951,578.200887648266,582.7907104492188,58266500
2025-02-26,584.4481941378576,588.0278934374002,580.4566037497201,583.0849609375,43321600
2025-02-27,585.3504072406853,586.4979078319449,573.3855137517263,573.7777709960938,74196700
2025-02-28,574.2779596736045,583.2614467800305,571.2180777869312,582.7318725585938,88744100
2025-03-03,584.6932674866979,585.8309510440972,568.726968794248,572.5223999023438,74249200
2025-03-04,568.5407916793482,574.1113483546197,561.224501400552,565.7456665039062,109648200
2025-03-05,565.5788471805596,573.611051865237,562.038415848593,571.8261108398438,71230500
2025-03-06,564.3921877543482,568.9918277562862,559.1354734261878,561.6755981445312,80094900
2025-03-07,559.9003705252755,566.2653167181951,554.731889596849,564.8236083984375,81158800
2025-03-10,556.6541826711317,558.56656383442,544.885388513382,549.7792358398438,99326600
2025-03-11,548.6220367842027,553.1530182295099,541.3842228164132,545.2090454101562,88102100
2025-03-12,551.3386407379146,552.2605321303586,543.022044250635,548.1022338867188,69588200
2025-03-13,547.7295658893665,548.337615563181,539.0893105175023,540.7957763671875,74079400
2025-03-14,545.3953858640715,552.9666753566005,540.8644044287432,551.96630859375,62660300
2025-03-17,551.9466761244148,558.7333912461695,551.5151512314662,556.2227172851562,49008700
2025-03-18,553.9179548314441,554.1337472059147,548.2885573100283,550.2108154296875,66041400
2025-03-19,551.9859243939003,559.9494708906026,550.8090329217521,556.2030639648438,66556000
2025-03-20,552.4763086964069,559.5768056668136,551.7603329396793,554.5946655273438,62958200
2025-03-21,550.1542647224634,555.6727120199162,548.9246609553351,554.7775268554688,83763000
2025-03-24,561.4863807824129,565.7654388953832,560.8961948547495,564.712890625,58766800
2025-03-25,565.9128895780813,567.0047634369732,564.329174156886,566.0703125,38355700
2025-03-26,565.8046621149444,566.9260752136204,557.9351976289363,559.3123779296875,51848300
2025-03-27,557.9253706609946,561.5847029950913,555.7219301343026,557.8270263671875,42164200
2025-03-28,556.3023922676962,557.0303082338021,546.0130443195492,546.5933837890625,71662700
2025-03-31,540.8585640195936,551.5610423029548,537.9468400615768,550.2625732421875,95328200
2025-04-01,548.354126889779,553.7545372147966,544.6456225877856,551.816650390625,54609600
2025-04-02,545.9933271249679,558.1614830372098,545.7572527723408,555.308837890625,76014500
2025-04-03,536.2154977474014,539.0288170958798,527.9427490234375,527.9427490234375,125986000
2025-04-04,515.1253487932553,517.2894637749819,496.8190194100305,497.0354309082031,217965100
2025-04-07,481.20796639726615,514.6335008889374,473.9385334512268,496.1501159667969,256611400
2025-04-08,513.3449138965836,516.4140007584771,481.17849041906084,488.3790588378906,165816600
2025-04-09,485.3886419991045,539.6682739257812,485.00499114058437,539.6682739257812,241867300
2025-04-10,523.4866909882965,524.7950065034121,501.0095530572283,516.0205688476562,162331200
2025-04-11,514.4761933704091,527.6772059586904,511.5841621734685,525.2278442382812,97866300
2025-04-14,535.1728543881914,535.3991423599505,525.1491197771261,530.3233032226562,68034000
2025-04-15,530.8642755383438,534.3661851955569,528.0509561027874,528.837890625,56892900
2025-04-16,523.0046778330362,529.1133721339063,511.80051174858437,517.0828857421875,83484800
2025-04-17,519.0305887702018,522.5029590498531,515.3614098145464,517.8206176757812,79868100
2025-04-21,512.6562995153043,513.1875268574667,500.16354114488826,505.4951171875,69368100
2025-04-22,511.6529994400941,520.6635112296127,510.71848838241135,518.64697265625,75948100
2025-04-23,531.6119789480975,536.5303956362238,525.1688650945055,526.6837158203125,90590700
2025-04-24,527.9624225863133,538.4976913582739,526.7131857388315,537.769775390625,64150400
2025-04-25,537.7305086834277,542.0586792500782,534.8187844540605,541.6553955078125,61119600
2025-04-28,542.3931048050576,544.5178341418862,536.127047500035,541.8618774414062,47613800
2025-04-29,539.9535693584907,546.3868965128709,539.5994577828174,545.2753295898438,47775100
2025-04-30,538.6353953740775,547.4393716679848,532.6841242611865,545.4916381835938,93101500
2025-05-01,551.2264436100357,554.8660827555418,548.7573896482108,549.357421875,63186100
2025-05-02,555.5153624660799,559.105829955879,553.203731094349,557.5122680664062,60717300
2025-05-05,553.390643044351,557.4040871519024,552.5348434974896,554.3153076171875,38659200
2025-05-06,548.8263903141681,554.1579367361115,547.8722463773032,549.6821899414062,48264700
2025-05-07,551.0102132045591,554.6203140304898,546.9672292946763,551.993896484375,55588000
2025-05-08,556.0170215722441,561.0043020556944,552.5348050390884,555.8399658203125,65130800
2025-05-09,557.2368112120467,558.2401872369107,553.577538715433,555.1317749023438,37603400
2025-05-12,571.9821994255728,573.4872634297448,567.6244903747194,573.4774169921875,78993600
2025-05-13,573.8906230635715,579.4681503640297,573.3299764411289,577.2647094726562,67947200
2025-05-14,578.2188839507223,579.3697766122316,575.9859036248392,578.0025024414062,66283500
2025-05-15,576.0054901792878,581.3271894858746,575.5529743261593,580.8255615234375,71268100
2025-05-16,581.6026394160758,584.799609527031,579.6648125061226,584.5045166015625,76052100
2025-05-19,578.5040593733968,585.8226647003453,578.5040593733968,585.1439208984375,68168500
2025-05-20,583.4125869937757,584.3568842650167,579.9794828313374,583.1764526367188,60614500
2025-05-21,578.8385171464103,582.910979810613,572.3265394745135,573.3495483398438,95197700
2025-05-22,573.1527690961759,577.0481757894836,571.9231652201731,573.5758056640625,70860400
2025-05-23,566.5818333658885,572.3167232636762,566.2080289447406,569.6607666015625,76029000
2025-05-27,576.5072061511252,581.6616963869777,568.9918522772189,581.5043334960938,72588500
2025-05-28,581.9076603733905,583.0979387188073,577.4122207207761,578.14013671875,68445500
2025-05-29,583.383198499108,583.5209285665185,576.5072620387259,580.4223022460938,69973300
2025-05-30,579.3204944032111,581.4846092815853,573.7233350319688,579.7730102539062,90601200
2025-06-02,578.1696356443219,583.1175308206884,575.51367904973,583.0388793945312,61630500
2025-06-03,582.6749573775863,587.3376063335356,582.1929021565289,586.36376953125,63606200
2025-06-04,587.2195824432733,588.1934192676081,585.7735368258813,586.2063598632812,57314200
2025-06-05,587.8785152313988,589.2261562279789,581.4058638494905,583.3732299804688,92278700
2025-06-06,588.8918048716712,591.0264408134955,587.1211869788787,589.364013671875,66588700
2025-06-09,589.9344062766999,591.4394702547755,588.7244952632093,589.8950805664062,53016400
2025-06-10,590.426305457828,593.6232758793388,589.3147986704665,593.2396850585938,66247000
2025-06-11,594.3315085062023,595.1873080200999,589.4918043518763,591.5476684570312,73658200
2025-06-12,590.2197770479303,593.8987426757812,589.7377818775473,593.8987426757812,64129000
2025-06-13,588.7344360351562,592.0297509680191,585.7636933525403,587.2589111328125,89506000
2025-06-16,590.6034249017806,594.5873299052357,590.4263090889528,592.84619140625,79984100
2025-06-17,590.4165373080118,591.9313878788944,587.0228181324287,587.7802734375,82209400
2025-06-18,588.6753335186196,591.4099413940326,586.7374465360585,587.691650390625,76605000
2025-06-20,590.3564623402502,591.421997724495,584.9104595060545,586.3114624023438,94051400
2025-06-23,587.0611954614843,592.4874469643536,583.9534693671619,592.1027221679688,87426000
2025-06-24,596.2266992885851,599.699459496435,595.3189919942236,598.6438598632812,67735300
2025-06-25,599.7586945360007,600.4493204937829,597.4204779573378,598.9793090820312,62114800
2025-06-26,600.8241399898848,604.0996298621668,600.2124582889446,603.66552734375,78548400
2025-06-27,604.6621068443518,608.1250520914118,602.639606635459,606.6648559570312,86258400
2025-06-30,609.1017606660369,610.9170549934429,606.793110456443,609.5654296875,92502500
2025-07-01,608.0953617899536,610.5322734636828,607.2666588703396,609.3681030273438,70030100
2025-07-02,608.9635746030316,612.1699961712587,608.3420172970813,612.1305541992188,66510400
2025-07-03,614.1036930875782,617.882354174148,614.0839419945853,616.9549560546875,51065800
2025-07-07,615.0014177796149,615.6624771771144,609.5850422388708,612.3573608398438,74814500
2025-07-08,613.0184402574613,613.7682592313246,611.2130216520668,612.0220336914062,59024600
2025-07-09,614.4194576258184,616.3432624074327,612.5843521193799,615.692138671875,66113300
2025-07-10,615.8302548644143,618.4644365752275,614.6562088976586,617.4285278320312,57529000
2025-07-11,614.3897295883519,616.4812978948729,613.1959929007123,615.2579345703125,63670200
2025-07-14,614.804168244691,616.7773507170579,613.4624186155016,616.4320678710938,51898500
2025-07-15,619.1057169315715,619.4411242116038,613.7189074073614,613.7978515625,74317300
2025-07-16,615.3763700559891,616.3530856848711,609.7626638597798,615.8499145507812,88987500
2025-07-17,616.0276278697462,619.9739930445255,615.8105464724214,619.6187744140625,68885700
2025-07-18,620.8617637355628,621.0294673609429,618.0598787485127,619.1648559570312,65621600
2025-07-21,620.3389892578125,623.0718060276608,619.9147622533486,620.3389892578125,63375000
2025-07-22,620.6645676893623,621.2861250306559,617.7936134788556,620.4277954101562,60046300
2025-07-23,623.0816882564411,625.7060546875,621.2860849659141,625.7060546875,70511000
2025-07-24,626.0907261554769,627.6199906271327,625.4889199997938,625.9131469726562,71307100
2025-07-25,626.5742531786653,629.0308557161836,626.3276053702117,628.5572509765625,56865400
2025-07-28,628.9322127301592,629.4847014583399,627.0182231688269,628.3994750976562,54917100
2025-07-29,629.7904764849706,630.1061928990167,625.8342963044605,626.741943359375,60556300
2025-07-30,627.3930212452535,629.129431287321,623.0717472322541,625.95263671875,80418900
2025-07-31,630.8856625012866,631.2703873241156,622.3121821287813,623.6046142578125,103385200
2025-08-01,617.9020886786027,617.9415908673775,610.9860743719428,613.3834838867188,140103600
2025-08-04,617.280474690056,622.7560435889075,617.1917152069655,622.7067260742188,73218000
2025-08-05,623.3184684441039,624.1274805006751,618.6321599743907,619.5496826171875,68051400
2025-08-06,620.615200817688,624.9463507668227,619.7075537473198,624.2952270507812,64357500
2025-08-07,627.7087670325432,628.4388348760696,620.6743670535704,623.7722778320312,74205800
2025-08-08,625.5580097272857,629.0998986072367,625.2422933193634,628.6361694335938,64051600
2025-08-11,628.912516593768,630.3825280073482,626.1500127592028,627.3931274414062,58742300
2025-08-12,629.7313011159781,634.2301547632397,628.2514142554742,634.0723266601562,64730800
2025-08-13,636.2625497647373,637.5254154950222,634.0624705008762,636.2428588867188,60092800
2025-08-14,634.1709312549185,636.9630011917295,633.7270133914775,636.302001953125,59327500
2025-08-15,637.3280514224831,637.4267466743545,633.9046087993034,634.812255859375,68592500
2025-08-18,634.2399697526556,635.3646981112688,633.5690949992928,634.674072265625,43804900
2025-08-19,634.4965717210093,635.4732874420525,629.9187737835771,631.23095703125,69750700
2025-08-20,630.8265133126017,631.0829764734092,624.4629872631401,629.5537719726562,88890300
2025-08-21,627.7483287539096,629.4156102095885,625.3114169787772,627.028076171875,54805800
2025-08-22,629.2084140029245,637.8312114652382,628.70524285572,636.6571655273438,84083200
2025-08-25,635.404241216521,636.6374803454853,633.736899505491,633.8552856445312,51274300
2025-08-26,633.5888838455812,636.85449832521,632.9673265691392,636.5091552734375,51581600
2025-08-27,635.9271580330511,638.6896016147832,635.7791452521487,637.9595336914062,48341100
2025-08-28,638.5612839961418,640.7712386679527,636.6867968305069,640.21875,61519500
2025-08-29,638.7881685836082,639.1532627231435,634.5162720889837,636.400634765625,74522200
2025-09-02,628.9518765829083,631.9017745733,626.406454480519,631.6847534179688,81983500
2025-09-03,634.05255551225,635.5719445130327,631.8722274787872,635.1082153320312,70820900
2025-09-04,635.7790253710294,640.4456422622957,634.881253957531,640.416015625,65219200
2025-09-05,642.7443549194211,643.4646073746923,634.7036735299132,638.5612182617188,85178900
2025-09-08,639.9227380309984,641.1264105300318,638.5513618994769,640.1299438476562,63133100
2025-09-09,640.268114410177,642.1327863823664,638.54157966928,641.6099243164062,66133900
2025-09-10,644.8557277247635,645.7732503039375,641.9058297062181,643.4646606445312,78034500
2025-09-11,645.4082598463015,649.502637640468,644.8262047273438,648.81201171875,69934400
2025-09-12,648.7823644090812,650.2721267910674,648.0917987261137,648.5949096679688,72780100
2025-09-15,650.7951046545995,652.1762963553084,650.4991393056443,652.0480346679688,63772400
2025-09-16,652.6004677140577,652.9063688014267,650.3708221309846,651.1502075195312,61169000
2025-09-17,651.1600740883537,652.8471065185831,645.5266166017295,650.3411865234375,101952200
2025-09-18,653.0148488941834,655.9746224265324,651.4165760040546,653.3798828125,90459200
2025-09-19,655.2606553211801,657.4569312262267,653.3215535907623,656.6160278320312,97945600
2025-09-22,655.131983947701,660.1676217378205,655.1022751701781,659.7224731445312,69452200
2025-09-23,659.6037721086419,660.2172101260659,654.914373896894,656.1312866210938,81708900
2025-09-24,657.4173382288552,657.5162467217733,652.6289715744526,654.043701171875,68082200
2025-09-25,650.91749472694,652.3717757310584,647.4251431178142,651.0263061523438,89622100
2025-09-26,652.4707007820219,655.3001599546333,650.8580938277397,654.7560424804688,69179200
2025-09-29,657.2689872647139,658.1792111877495,654.7956708332731,656.5962524414062,73499000
2025-09-30,655.8542079251938,659.5345338964465,654.5482897020846,659.0695190429688,86288000
2025-10-01,656.0916952927918,662.2255322042525,655.9828838603935,661.3153686523438,72545400
2025-10-02,663.2939389771905,663.4126533220159,659.6631277666079,662.0770263671875,56896000
2025-10-03,662.8389040732001,665.5001949823258,661.0284195287326,662.0672607421875,70494400
2025-10-06,664.451431246289,665.3319462864663,662.314512664693,664.4415283203125,54623300
2025-10-07,665.3616291701808,665.8068381763353,660.5436138980969,661.9781494140625,72020100
2025-10-08,663.0960778489103,666.0245059882836,662.2749199573431,665.925537109375,60702200
2025-10-09,666.3410972158545,666.7466945063586,662.0671995495462,663.996337890625,66501900
2025-10-10,664.9560020556908,666.7565834688588,645.8719162752307,646.0499877929688,159422600
2025-10-13,653.5985682812151,658.030731623523,652.7279561413051,655.9630126953125,79560500
2025-10-14,650.1556923521978,658.7232938317348,646.1983862715207,655.1616821289062,88779600
2025-10-15,659.70272543157,663.076302337462,651.8969246006144,658.0703125,81702600
2025-10-16,659.702653099313,661.572494532197,650.0962717870328,653.588623046875,110563300
2025-10-17,652.4608239631079,658.6540174880462,651.1153544209424,657.2986450195312,96500900
2025-10-20,660.197387427611,665.0352086527322,660.1479331778372,664.1348876953125,60493400
2025-10-21,664.2733620876278,665.8068060270512,662.8289237149189,664.1249389648438,56249000
2025-10-22,664.8274246920023,664.8274246920023,656.2202718491607,660.6722412109375,80564000
2025-10-23,660.988802941274,665.5298380529869,660.6722112216523,664.5899658203125,65604500
2025-10-24,669.2398161192735,671.2283116328227,668.4384640813665,670.0213623046875,74356500
2025-10-27,675.4429280418293,678.2229333632066,674.8394533099315,677.9261474609375,63339800
2025-10-28,679.7167206093349,681.5568533012904,677.520444889974,679.7266235351562,61738100
2025-10-29,681.3689223981395,682.338503435176,675.5813864900747,680.0531616210938,85657100
2025-10-30,676.600418646911,678.6186229721906,672.5738525390625,672.5738525390625,76335800
2025-10-31,677.7282029402567,677.7678146457715,671.9901213244605,674.780029296875,87164100
2025-11-03,678.3514127088982,678.480029971011,672.6825917853487,676.0463256835938,57315000
2025-11-04,668.8934850512616,672.702428076588,667.3798469971412,668.0327758789062,78427000
2025-11-05,667.7755543304748,673.5927987432043,666.9742023136038,670.3478393554688,74402400
2025-11-06,669.2496813312496,670.150002278421,661.5824008089137,663.1554565429688,85035300
2025-11-07,660.781013040124,663.9172214121945,654.1525740278607,663.808349609375,100592400
2025-11-10,670.011442763763,674.8987178962867,667.8250699305912,674.1666259765625,75842900
2025-11-11,672.6925881240425,676.2739453424548,671.4855783543771,675.7100219726562,58953400
2025-11-12,677.4809224347684,677.6491514285055,673.6819422079296,676.0859985351562,62312500
2025-11-13,673.2367288900627,673.5928719621189,663.3632690735044,664.8670043945312,103457800
2025-11-14,658.2779810319527,668.4482246562536,656.1905168956082,664.758056640625,96846700
2025-11-17,662.5519561070769,666.5191649555097,655.1022987242936,658.56494140625,90456100
2025-11-18,655.0330052616243,658.0207904035176,648.8596179987588,653.0346069335938,114467500
2025-11-19,653.7272041810384,660.2171837101976,651.7188423695233,655.5574340820312,94703000
2025-11-20,665.7276649913678,668.3494043558474,644.9320631333248,645.5652465820312,165293500
2025-11-21,648.0582892153691,657.4568906385811,643.9031059831046,651.995849609375,123956200
2025-11-24,655.6167748873626,662.9081062970187,654.5285399004904,661.59228515625,80437900
2025-11-25,661.4934352510542,668.9925476262177,657.3877057953216,667.8152465820312,81077100
2025-11-26,670.3973686817876,674.4239350690651,669.4970476879164,672.4254760742188,71879600
2025-11-28,673.5928002628821,676.3728052050843,673.2366572287348,676.0958251953125,49212000
2025-12-01,671.5647168500374,675.7000943604489,671.4954567492206,673.0091552734375,61201200
2025-12-02,674.6414676887413,676.5212120744054,672.0791460292079,674.2556762695312,62953800
2025-12-03,673.3059439079583,677.5995871066391,672.4353317565424,676.5905151367188,57238500
2025-12-04,677.9854045442221,678.05466464181,674.0677104452674,677.0851440429688,61970300
2025-12-05,678.1535936302283,681.0424704296607,677.2731389541586,678.3712768554688,79241000
2025-12-08,679.2616800097057,679.3111342559135,674.2952418630646,676.333251953125,55231500
2025-12-09,675.8584445640498,678.0745263345831,675.3044241214166,675.7495727539062,58310100
2025-12-10,675.2747265375898,681.616283144729,674.0380683519487,680.2312622070312,85671300
2025-12-11,677.82719343181,681.8933109790751,674.8888622374254,681.8141479492188,86173700
2025-12-12,680.8248329648462,681.5272765513724,671.9208940415416,674.4832763671875,113160300
2025-12-15,678.4207690042323,678.4405748577324,672.0000494482242,673.4642333984375,90811000
2025-12-16,671.9802275249427,673.8105178026394,667.7755898483048,671.6240844726562,122030600
2025-12-17,672.6331978735437,673.1773153631458,664.035948310003,664.2338256835938,110625200
2025-12-18,670.3676386439364,673.47413846835,667.6965052957117,669.2496948242188,108650100
2025-12-19,671.3463691548195,675.8114935895343,671.2272434527378,675.3153686523438,103599500
2025-12-22,678.6394050189502,680.0483829319917,675.3153920494597,679.5225219726562,69556700
2025-12-23,678.6194459960617,682.8663040830753,678.569845619967,682.628173828125,64840000
2025-12-24,682.6183200290311,685.4760045408373,682.4694583215327,685.0294799804688,39445600
2025-12-26,685.2874813951044,686.2995351048382,683.9281038851597,684.9600219726562,41613300
2025-12-29,682.2114479341877,683.8586166189733,680.7528697076866,682.51904296875,62559500
2025-12-30,682.1222002850684,683.2235831301442,681.2589477241032,681.6856079101562,47160700
2025-12-31,681.8145855439083,682.0328514439952,676.4266760541103,676.635009765625,74144800
2026-01-02,680.3956585252009,681.5466416904673,674.5512924418268,677.8753051757812,89377200
2026-01-05,681.2191671325683,684.086783636805,681.060433809282,682.3900146484375,71927200
2026-01-06,682.5984300063299,686.9544213697425,682.4496288665487,686.4483642578125,69273800
2026-01-07,686.8254142672773,688.5817158514149,683.9776620917838,684.2356567382812,75588300
2026-01-08,683.4815439165204,685.2675815209567,682.1618346683338,684.1661987304688,64019200
2026-01-09,685.2775150455628,689.9212370510019,683.8387406584166,688.6908569335938,80125500
2026-01-12,685.3271398200249,690.6952455853734,685.2775394384523,689.7723999023438,63976000
2026-01-13,690.0998291255927,690.6952153647912,685.9919002674054,688.3931884765625,78309700
2026-01-14,685.6446980414748,686.3590889175136,680.7231166120667,685.0096435546875,94676700
2026-01-15,689.1870202593807,690.0602050162862,685.8927433241695,686.8750610351562,77862000
2026-01-16,688.2839991969948,688.869453251486,684.7515921796883,686.2994995117188,79289200
2026-01-20,676.2082832182709,679.4628915199756,671.3264313278333,672.32861328125,111623300
2026-01-21,674.3826370735425,683.402154325963,672.8743979165272,680.0880737304688,127844500
2026-01-22,684.5035723961656,685.7736813437502,681.5962874434288,683.6403198242188,77112200
2026-01-23,682.8167194920136,685.6049389887335,681.8343413244536,683.8883056640625,63059600
2026-01-26,685.138576123168,688.7503800429489,684.5729864520383,687.3612060546875,60473800
2026-01-27,688.799947686109,691.1317710154308,688.1946898528689,690.0997924804688,55506100
2026-01-28,691.6477064811113,692.4316225777728,688.5618241580821,690.0303344726562,61172200
2026-01-29,690.9928952881424,691.657685737667,679.5224893166136,688.6610717773438,97486200
2026-01-30,686.4285189892349,688.8298072906449,681.7947290319643,686.6071166992188,101835100
2026-02-02,684.2357342361453,691.528747109235,684.0769403301045,690.0205078125,79286500
2026-02-03,690.8142565672537,691.5584439188771,678.7286612443456,684.18603515625,107904600
2026-02-04,684.9996810996682,686.0911923060062,676.4762885369656,680.8719482421875,105204600
2026-02-05,675.6626239798336,678.3913111024622,670.5525129616972,672.3683471679688,113610800
2026-02-06,676.1785962582386,686.9444827733389,675.5732778299765,685.267578125,89127600
2026-02-09,684.0769172088077,690.4769412520913,683.0053309088385,688.5718383789062,73885200
2026-02-10,689.5640042757049,691.1416475283962,686.2994637039938,686.7559204101562,65185700
2026-02-11,690.9928885783248,691.7370759669038,683.8387453470867,686.5972290039062,76353900
2026-02-12,688.8595645054852,689.9609473653614,675.097063165144,675.9901123046875,118829000
2026-02-13,676.4067760275798,680.96122930703,672.2691112734435,676.46630859375,96267500
2026-02-17,674.8688419019007,679.6316291710169,670.5426469985775,677.5578002929688,81354700
2026-02-18,678.7187643851827,683.8090109802145,677.53798463666,680.9711303710938,73570300
2026-02-19,678.5401160314528,680.86194660128,676.2678252760687,679.1751098632812,58649400
2026-02-20,677.0319706522042,684.71197532004,676.4465165538227,684.0868530273438,100034000
2026-02-23,682.4992209190492,684.6523861034582,675.0970153480879,677.1013793945312,90558100
2026-02-24,676.6151751251432,683.0151380016027,674.7298762460771,682.0228881835938,73798700
2026-02-25,684.8310015582731,688.3038760705598,684.7516046120257,687.7780151367188,56369500
2026-02-26,687.9069589925494,687.926762805978,679.0461151309984,683.957763671875,71671000
2026-02-27,677.795973699009,681.5367144347911,676.35719931042,680.6734619140625,83308900
2026-03-02,673.4400139353526,683.2831159083878,672.765291276125,681.0604858398438,87477200
2026-03-03,669.8281968363514,677.3196712649806,664.4700232973693,675.057373046875,105003100
2026-03-04,676.3472549970834,681.7649608594664,674.3528231531807,679.8201293945312,79182200
2026-03-05,676.7938369684096,680.2171112774074,670.3739485451397,676.02978515625,106606500
2026-03-06,668.1909311447467,670.8700177972564,664.5692556037578,667.1689453125,100687000
2026-03-09,661.2254329083217,674.6505427155427,657.2564332632285,673.0133666992188,102667700
2026-03-10,672.4675558251363,678.0638596518006,669.5305349566006,671.9317626953125,81505300
2026-03-11,672.3286912573745,674.8093159596237,668.1215614523004,671.08837890625,68441700
2026-03-12,665.9583993556241,666.4446526664856,660.7094193200438,660.89794921875,108882200
2026-03-13,664.0831110227487,667.1293254881115,656.2343803863124,657.1571655273438,97200200
2026-03-16,663.1999840519829,666.8613885560293,661.9497395049242,663.844970703125,82023100
2026-03-17,667.1788836379297,669.2129836950214,664.5097291491037,665.5912475585938,87128000
2026-03-18,663.1800557566115,664.5295009374192,656.0656417127632,656.3037719726562,82062600
2026-03-19,651.8783782687178,657.8418097710767,650.0923405870744,654.6864624023438,111272500
2026-03-20,653.2010079047443,653.380093364961,641.4703940766159,645.301025390625,163617500
2026-03-23,654.7531040433624,659.2801583045331,650.6439158314106,652.07666015625,134802700
2026-03-24,648.0371459178807,653.7183875512989,646.604401549905,649.8877563476562,96457500
2026-03-25,655.3500504609481,657.5588924447279,650.9423865337293,653.5093994140625,90653800
2026-03-26,648.773401781548,651.5493174066021,641.5699034672713,641.8385620117188,96494400
2026-03-27,639.2615657472361,639.4207325687934,629.9188801961861,630.8939819335938,103649400
2026-03-30,636.8836547011163,637.1423539459004,626.108284608157,628.78466796875,99275900
2026-03-31,635.719508676349,648.255975728372,634.7643255692599,647.0620727539062,152534100
2026-04-01,650.6041659517412,655.2008748639518,649.7086779392242,651.9373779296875,97841500
2026-04-02,643.161809607987,654.8824636102106,641.858414876014,652.5244140625,68358700
2026-04-06,652.5542919409455,656.3948220300638,652.2160396308291,655.6088256835938,39105800
2026-04-07,653.3402849463747,656.285326673986,647.7784337275787,655.8972778320312,69980400
2026-04-08,672.980811715349,673.6673363432215,668.0756676404139,672.6027221679688,93606100
2026-04-09,671.438579338256,677.7266707213284,670.3739652533407,676.4829711914062,57134400
2026-04-10,677.885949822129,678.5923930707559,675.0304203424645,676.0353393554688,42253500
2026-04-13,673.9956432299357,682.8408497944083,673.1698703787699,682.641845703125,54185800
2026-04-14,684.2238203737314,691.0791070995066,684.193942434314,690.959716796875,63480500
2026-04-15,691.7557051691649,696.7504224001667,690.7010502942645,696.412109375,58240400
2026-04-16,697.5264615426626,699.2378238459212,695.0092450197437,698.1234130859375,49972400
2026-04-17,702.5808909886877,708.7993894133457,702.2028014262665,706.5607299804688,70661900
2026-04-20,705.20752199003,706.3317705126415,702.5808139687996,705.1477661132812,43546800
2026-04-21,706.7000123508461,707.6949720613851,699.098505587723,700.53125,58941400
2026-04-22,705.5756906371417,707.8640857857167,704.6503246823615,707.6253051757812,42518500
2026-04-23,705.9239069650033,708.7694771316526,698.7403270820959,704.8792114257812,56174000
2026-04-24,707.1676287635845,710.8688498134599,705.4364085481575,710.341552734375,45182000
2026-04-27,709.5753882284523,712.023010938504,708.7097781525541,711.5653076171875,33135900
2026-04-28,708.2321938525355,709.2868486650957,705.6751402340362,708.1028442382812,43117400
2026-04-29,707.4163145996059,708.6102783309316,704.7995658491443,707.993408203125,41859200
2026-04-30,711.0280636665188,716.1620290590424,706.8691393587039,715.0377197265625,67240900
2026-05-01,717.6146516977453,721.216400793299,716.8385540170647,717.0177001953125,43049800
2026-05-04,716.4406056700121,718.4802608161392,711.3861936216806,714.3909912109375,51950600
2026-05-05,718.1320898558575,721.3855668152729,717.8534719876392,720.1220092773438,36933200
2026-05-06,724.489821452625,730.8874657022126,724.1515691652952,730.1312866210938,53288900
2026-05-07,731.3451201928577,732.4196936796947,726.0718458933673,727.8926391601562,51724600
2026-05-08,731.2257166531052,734.359863963193,730.8675457398152,733.9021606445312,47227100
2026-05-11,732.7380586745534,737.0561496205491,732.7380586745534,735.5736694335938,44024000
2026-05-12,733.1758744234386,735.1160580011854,728.1413807257971,734.4593505859375,54185300
2026-05-13,734.7478704606156,740.1604537310201,731.7629913201908,738.5685424804688,44200200
2026-05-14,739.9018102364839,745.7521781705404,739.8122371427646,744.3989868164062,45307600
2026-05-15,738.0511867146383,739.712813256131,734.2405345152865,735.4443969726562,60410800
2026-05-18,736.1010471042457,737.682999009625,729.6935042484962,734.927001953125,47843900
2026-05-19,731.0765556379026,733.9320852676053,727.8429364442825,730.0317993164062,54255900
2026-05-20,732.0018002736176,738.1307251173267,730.1909663879147,737.5138549804688,45768000
2026-05-21,734.9170485709385,741.1156280791548,733.3151780259534,738.9764404296875,43332200
2026-05-22,742.4787264390759,745.1651298094138,740.7275876279662,741.8817749023438,41762000
2026-05-26,746.2297301040182,748.3390397979183,744.5979816306177,746.8068237304688,41123600
2026-05-27,747.0953563113346,747.5928361692701,744.4487294597059,746.677490234375,42106300
2026-05-28,746.4685193943138,751.3438462445121,745.4536410614309,750.7965698242188,41562600
2026-05-29,752.0900813404212,754.2590862562773,750.8861582097875,752.6671142578125,55075700
2026-06-01,751.5527711685265,756.4480167905853,750.8861651495049,754.7167358398438,43634900
2026-06-02,753.2144012702464,756.5674107365072,752.9357833937803,755.7415771484375,31581900
2026-06-03,754.3287420712209,754.9754294579049,749.7718095132926,750.4384155273438,51402500
2026-06-04,748.3091480570178,754.4878695071194,747.6823186029123,753.2740478515625,49923000
2026-06-05,748.5181345185488,749.0255736853693,731.82274221843,733.83251953125,93989400
2026-06-08,739.6132273185567,741.5832888174093,734.4693026781229,735.4940795898438,49319100
2026-06-09,739.881873688386,743.1354112835509,718.9479438267383,733.3350219726562,87683500
2026-06-10,729.69352181897,734.6583610930755,721.6741489247238,721.7736206054688,60341300
2026-06-11,725.0868662900759,736.2702039965386,720.7587550057447,734.04150390625,86330500
2026-06-12,736.9766163198905,740.6877965432628,731.3252525489901,738.0113525390625,57079500
2026-06-15,748.0604304424444,752.8661028247,747.9709180763429,751.0254516601562,60176400
2026-06-16,750.7468576807364,751.6323864215939,746.100412710964,746.5481567382812,67093100
2026-06-17,747.5032315039188,748.3589429763433,735.4940609532621,737.225341796875,85945200
2026-06-18,745.907751654771,746.3765582049119,742.0173878962117,744.8902587890625,80875700
2026-06-22,745.8479411927095,748.321778689857,741.2892538871644,742.546142578125,46628100
2026-06-23,731.9922892059834,737.7978798883457,730.4860198600484,731.7628784179688,66846800
2026-06-24,733.3489180103626,738.1171068570358,729.0296875445486,731.4237060546875,57439500
2026-06-25,737.0796452204372,737.5385276888334,727.7927091295785,732.4810791015625,53934400
2026-06-26,727.144386135875,734.7056273477464,714.8050317832251,727.1842651367188,71034000
2026-06-29,734.7055914816465,739.7231001504891,730.27658724538,739.1644897460938,58035200
2026-06-30,739.4537599262709,746.1671307285668,739.0547872797607,744.9202270507812,55626000
2026-07-01,743.1545925484338,747.5835968507926,740.541087308444,743.9127197265625,47100900
2026-07-02,745.5486859530862,749.4489739445169,738.1969465958291,742.9351806640625,57447800
2026-07-06,746.885320136641,750.5462122974698,745.5585975722108,749.4190673828125,50673300
2026-07-07,748.3616416292718,749.0998597580657,743.364102770238,745.85791015625,43721500
2026-07-08,741.3191472958572,744.3017921335774,737.6782249675691,743.5536499023438,43767400
2026-07-09,745.4987759890873,750.1073272936331,743.7431866839036,749.8480224609375,41441700
2026-07-10,750.187115173852,753.5487626123848,746.2468873823584,753.0799560546875,42191300
2026-07-13,750.6060836597362,752.0425191788765,746.1471851864706,747.3142700195312,44013600
2026-07-14,749.0499474324819,751.4739818301254,746.8055207475287,749.9677124023438,35143100
2026-07-15,752.3717122204262,753.7084197839658,748.3417413555546,752.9403076171875,43844800
2026-07-16,750.8953984161742,752.7009125511715,746.0274814662645,748.8604125976562,46409800
2026-07-17,740.241827732839,745.438883195828,738.9649691671198,741.4487915039062,62651000
2026-07-20,745.2094908804986,746.8753371556621,739.6732506975046,740.2518310546875,50422300
2026-07-21,744.4413918284653,747.1845799829406,742.3366329839115,746.426513671875,34324300
2026-07-22,744.7705725456777,748.1621748950539,744.5211918106933,745.55859375,32836200
2026-07-23,737.5385562389782,740.7206569606348,733.3888874570794,736.3515014648438,55437300
2026-07-24,736.6806667930385,741.8777222786117,735.4636571620507,737.099609375,44782000
2026-07-27,743.0648074406847,743.6833276942111,734.0472217265344,737.25927734375,41461200
2026-07-28,737.3589950224286,740.9500533043114,734.156924420905,739.0248413085938,47322200
2026-07-29,738.1370526174048,740.8403618199718,727.2939826612791,727.6531372070312,70697200
2026-07-30,734.2267392747757,740.6109103701467,732.7703947650456,739.852783203125,66811300
2026-07-31,742.835410914187,747.0449895804718,735.8527500027326,745.1796264648438,62445900
2026-08-03,747.5836183167282,756.7009928898597,746.9451890027125,755.793212890625,59927500
2026-08-04,758.7458651152236,771.494176400126,758.6361522059436,769.4193725585938,69154800
2026-08-05,773.928165423025,774.9256883846499,767.6039039413469,767.8831787109375,44689100
2026-08-06,768.3021872511085,769.9081846177485,765.5589990885744,766.65625,38416900
2026-08-07,769.1101628301597,772.0029428489042,767.703621378493,771.3446044921875,43586300
2026-08-10,770.6861849056471,773.1301282404592,769.7086319253093,771.1151733398438,39249500
2026-08-11,772.6115040483734,772.6912620504304,767.2946895097219,768.6513061523438,36740600
2026-08-12,772.7910096110111,772.9805414027246,769.369513273419,770.5764770507812,33179100
2026-08-13,772.9506321027081,777.4394855444215,772.1925048911166,775.9531860351562,35634500
2026-08-14,776.6114939657781,776.8708596736758,773.509212209858,774.4169921875,31367900
2026-08-17,774.2573577843602,774.8559080861019,770.5964655970525,770.7560424804688,34356600
2026-08-18,766.7959149360092,767.5939211307613,765.0202948350139,765.5490112304688,43920900
2026-08-19,768.4517358705159,770.5564946026684,766.1973243479778,767.1549682617188,40306000
2026-08-20,764.0627220124634,766.2472997692572,760.1523881029335,760.7109985351562,45520300
2026-08-21,764.1524418077088,765.9479709365374,762.2770937955632,763.8232421875,39188700
2026-08-24,762.8856098637509,763.3244615010249,760.1922857963137,761.5787963867188,32430900
2026-08-25,764.262137078792,764.8806573052586,761.159855395616,764.0127563476562,27422300
2026-08-26,762.8356805789958,765.449185749943,762.0376744224566,764.182373046875,28751600
2026-08-27,766.5964060257239,770.4468300957561,765.2596984507333,769.18994140625,34557100
2026-08-28,769.8483393622295,773.3795487683207,766.4068729286823,767.4442749023438,36744300
2026-08-31,765.4292990280279,766.097622354185,762.8257178677422,765.1499633789062,38810800
2026-09-01,760.1224772031874,762.7758614763637,757.5987149009983,759.89306640625,41126300
2026-09-02,760.5614001563074,764.5315220914426,759.8431519587122,763.2646484375,29566200
2026-09-03,765.99791709853,772.112737807933,765.5490195828438,771.2548217773438,43531600
2026-09-04,770.0977256925568,770.9555808433835,767.0951717806925,768.2822265625,34054200
2026-09-08,767.1649647963771,767.7934091111229,763.2447069992287,764.0626831054688,44746100
2026-09-09,762.1873669257697,762.5763546117217,759.055130192088,760.5115356445312,32812400
2026-09-10,756.1523365872063,758.2271404471661,754.7657651010062,755.9528198242188,42740400
2026-09-11,762.8257171109622,764.4816392943262,761.7084962835214,762.3967895507812,45512700
2026-09-14,757.119891309806,761.6287143614769,756.0525344863368,758.9952392578125,43992400
2026-09-15,758.2371341657202,758.4665449596201,754.2769973083872,755.513916015625,46195000
2026-09-16,757.6187023523285,759.7833101686804,747.7432005092232,752.1821899414062,59217700
2026-09-17,761.2596848801362,761.6786274833105,758.0775841455181,760.7109985351562,49652800
2026-09-18,761.3099975585938,762.0,757.969970703125,761.6900024414062,65395100
2026-09-21,766.25,774.8900146484375,766.030029296875,773.5,50484700
2026-09-22,774.030029296875,775.1400146484375,772.5700073242188,773.3800048828125,34802300
2026-09-23,772.7899780273438,773.0499877929688,766.5,767.8099975585938,54931700
2026-09-24,764.0700073242188,768.9500122070312,763.25,767.1799926757812,43983700
2026-09-25,768.780029296875,772.280029296875,766.2899780273438,771.3499755859375,36629600
