dt,o,h,l,c,v
2008-01-02,1.431485478316553,1.4399083037410534,1.368514530553314,1.3717232942581177,7184000
2008-01-03,1.377338251265629,1.3905741719358518,1.317174923331722,1.3259989023208618,8512000
2008-01-04,1.3191807431504226,1.3199828624062162,1.25500651696404,1.280676245689392,12656000
2008-01-07,1.2935108848145074,1.3432459075161496,1.2802749621501819,1.3027359247207642,9770000
2008-01-08,1.3151699980599192,1.343647242797151,1.269846908404538,1.2730556726455688,8382000
2008-01-09,1.2754624134832238,1.2858907314855559,1.2185078198276555,1.2634297609329224,10724000
2008-01-10,1.2602202189155218,1.3207845996686285,1.238962536292201,1.2907029390335083,10912000
2008-01-11,1.2698467308576489,1.278670711752977,1.2148976430430458,1.2249248027801514,14404000
2008-01-14,1.2273311173587824,1.2586160563189992,1.2060734318479611,1.2546051740646362,10046000
2008-01-15,1.2297381798213745,1.240968712203719,1.2128924290613656,1.2245240211486816,7070000
2008-01-16,1.1832115478019511,1.2858902600021984,1.1719810188298991,1.2558085918426514,16974000
2008-01-17,1.2558088990490555,1.2886981835905187,1.198854312343695,1.2136945724487305,17410000
2008-01-18,1.2156988455082094,1.2614229539598452,1.1816064133588782,1.182809591293335,15800000
2008-01-22,1.1354817388174114,1.2413690931979056,1.1234490936038974,1.2209135293960571,23014000
2008-01-23,1.1840136167407094,1.3685144049570153,1.166766812244575,1.352470874786377,33940000
2008-01-24,1.346053553001824,1.3957885770749208,1.3039392350672971,1.3187795877456665,17054000
2008-01-25,1.3215873721129616,1.3416417891258359,1.3027361340565566,1.3239939212799072,11500000
2008-01-28,1.3308120550581795,1.3705198187368084,1.2947140185307149,1.3653056621551514,9710000
2008-01-29,1.3697180312130253,1.4238650072647538,1.3476581237469116,1.4130356311798096,11024000
2008-01-30,1.4230627642159792,1.4230627642159792,1.338834120873936,1.349663496017456,15274000
2008-01-31,1.4238650042265037,1.599943012656465,1.4038105864032868,1.5457960367202759,60276000
2008-02-01,1.558630803775543,1.6159864482031536,1.5317578935064327,1.595932126045227,17158000
2008-02-04,1.6003441066178081,1.6003441066178081,1.5486036788370863,1.5630428791046143,12568000
2008-02-05,1.5321587847072142,1.571064436996464,1.5133076436248336,1.5169174671173096,10526000
2008-02-06,1.5289502848772936,1.5642461175618614,1.5040827685683253,1.5193241834640503,11914000
2008-02-07,1.507692591240507,1.6083659310250868,1.5064893166114477,1.5838993787765503,14230000
2008-02-08,1.5810916328169247,1.6544909006929474,1.578685179394382,1.6151841878890991,13090000
2008-02-11,1.6220033887862513,1.666925335942167,1.5955314348575889,1.6621122360229492,12332000
2008-02-12,1.6677266590950979,1.6833691307355265,1.624409163016359,1.638046145439148,9526000
2008-02-13,1.643661099372169,1.6673253328445217,1.6300241191303628,1.6556936502456665,5948000
2008-02-14,1.6556943971305638,1.6665239655574644,1.6019485709757397,1.6115747690200806,8748000
2008-02-15,1.607162513466403,1.6103711819647841,1.5718666818491873,1.5935255289077759,7652000
2008-02-19,1.6019485959046431,1.6220031117244227,1.5469994941391798,1.5538179874420166,6658000
2008-02-20,1.5433892752910416,1.560235022197613,1.5201260964378243,1.5542186498641968,14380000
2008-02-21,1.5650485801354825,1.5855041577052176,1.5145114170986507,1.5253407955169678,8584000
2008-02-22,1.5241371108837085,1.5514111751021598,1.51250552045406,1.5465980768203735,6166000
2008-02-25,1.5353672417888677,1.600343573535296,1.5173182235599243,1.5915195941925049,7264000
2008-02-26,1.6023489880327604,1.6520840058912918,1.574673966635924,1.644463300704956,8496000
2008-02-27,1.62922250394935,1.6504801980661001,1.6031518065550616,1.6252117156982422,5396000
2008-02-28,1.6264147045994863,1.6292223134231403,1.5714656114578247,1.5714656114578247,5490000
2008-02-29,1.5658509308391575,1.5686585406257172,1.4928526938804612,1.5016766786575317,9162000
2008-03-03,1.4956597646201788,1.5445925764795347,1.4639737595789977,1.5317577123641968,7868000
2008-03-04,1.513708382951827,1.5433889882313019,1.4824235395178107,1.528147578239441,9742000
2008-03-05,1.52895002631328,1.5810915037465147,1.5141097692219045,1.5385761260986328,5582000
2008-03-06,1.5365714043639207,1.542988743275584,1.45675467584599,1.4611666202545166,4898000
2008-03-07,1.4559520652094624,1.5044837242148443,1.4443204750080485,1.4615672826766968,5536000
2008-03-10,1.4699901766604888,1.4796162778520467,1.4266725778579712,1.4266725778579712,5646000
2008-03-11,1.4539468520525323,1.5000720663565208,1.4539468520525323,1.4888415336608887,5010000
2008-03-12,1.4924510150342218,1.5365708249920196,1.46196828418936,1.4872368574142456,5018000
2008-03-13,1.4575561490444862,1.512906386183909,1.4230625396318575,1.494055151939392,11478000
2008-03-14,1.4647761032416124,1.494055563793778,1.4066182418188968,1.4727978706359863,9430000
2008-03-17,1.439106301508244,1.5193240618706978,1.4350954182714712,1.506088137626648,12032000
2008-03-18,1.5369714016859517,1.6035520596994166,1.5369714016859517,1.596733570098877,11612000
2008-03-19,1.596734182483094,1.6472713324358075,1.585904806868513,1.6011462211608887,11802000
2008-03-20,1.6071623508613886,1.6597049855021502,1.5859046612361023,1.653287649154663,9676000
2008-03-24,1.6629135510256798,1.7347083815310593,1.6448645306882874,1.6837701797485352,14892000
2008-03-25,1.7010175385630795,1.7170610740119352,1.6613097596390574,1.6885837316513062,7314000
2008-03-26,1.708236126035178,1.708236126035178,1.65408926927303,1.6709349155426025,5386000
2008-03-27,1.6841715427720882,1.6869791516633916,1.622403955909399,1.6272170543670654,6188000
2008-03-28,1.6392495791688402,1.6392495791688402,1.569460226575692,1.580289602279663,8996000
2008-03-31,1.5654491791076781,1.6083657133984393,1.5654491791076781,1.5851024389266968,12530000
2008-04-01,1.566251366706312,1.6260135548793508,1.5622404835194035,1.6135797500610352,13800000
2008-04-02,1.6199977310353841,1.6873805491720215,1.619596671292614,1.631629228591919,9660000
2008-04-03,1.6179919490084453,1.6456671700585626,1.599140805722663,1.6264147758483887,6766000
2008-04-04,1.6083659769800112,1.6083659769800112,1.538175369329734,1.5526145696640015,16372000
2008-04-07,1.5590317793110726,1.5851024716119866,1.5385762085900985,1.552213191986084,6568000
2008-04-08,1.54298833084977,1.553015587566363,1.5193241847773846,1.532560110092163,6144000
2008-04-09,1.5301534310934282,1.530955550361462,1.467984693351851,1.473599910736084,7214000
2008-04-10,1.4679849239045335,1.5490048159473782,1.4587598814843228,1.5105003118515015,6930000
2008-04-11,1.5016764008481773,1.5425874563340185,1.4820230403510848,1.4888415336608887,10268000
2008-04-14,1.474000442744806,1.498466888574942,1.4455232107561822,1.4535449743270874,9666000
2008-04-15,1.4503369028063375,1.4796163633585029,1.4435184100838208,1.4727978706359863,10294000
2008-04-16,1.4820229768868978,1.5048851010153044,1.4796164274389587,1.4868360757827759,8244000
2008-04-17,1.4868360196139365,1.4868360196139365,1.4639739919762131,1.4756054878234863,8196000
2008-04-18,1.5052859671338175,1.5121044592747739,1.4687868616635773,1.4832260608673096,13708000
2008-04-21,1.483226243527384,1.5109013707738266,1.4627707645854118,1.4780120849609375,11392000
2008-04-22,1.4836270051040286,1.4972640839521212,1.4326888000195188,1.4655780792236328,17584000
2008-04-23,1.4583578780920965,1.5072906708706832,1.4463252335360792,1.503680944442749,22462000
2008-04-24,1.3829531784217999,1.4527425898287485,1.3263996849216715,1.4126337766647339,56546000
2008-04-25,1.4282768207276964,1.462369277906036,1.4038103678534841,1.442314863204956,19438000
2008-04-28,1.4439194697654363,1.4896436204149754,1.42867814996693,1.4727978706359863,12454000
2008-04-29,1.4619681901724375,1.4824237597128769,1.4519409352013217,1.4575562477111816,9170000
2008-04-30,1.4439189436831024,1.5004724501474485,1.4198536502680117,1.4262710809707642,10994000
2008-05-01,1.4230627840589474,1.469990108877548,1.4090246447638615,1.4615672826766968,16812000
2008-05-02,1.4756057547223005,1.4764079698620793,1.4246675318355642,1.4371012449264526,9926000
2008-05-05,1.4346941801120054,1.4455236502898625,1.4046126053878287,1.4066179990768433,7654000
2008-05-06,1.403811030823502,1.406217580849558,1.3556804128105313,1.3797457218170166,11852000
2008-05-07,1.3805474180596518,1.4190520154149504,1.3568831761051905,1.358487606048584,7174000
2008-05-08,1.3721247037534636,1.3829540808113145,1.3372300230943848,1.3568832874298096,8060000
2008-05-09,1.342844857594611,1.3596906035505552,1.3308122092337906,1.3352241516113281,9986000
2008-05-12,1.3320155711703439,1.3472568885115541,1.3035382345726951,1.3372297286987305,14898000
2008-05-13,1.3396361117560593,1.3713221148812251,1.3396361117560593,1.370519995689392,8472000
2008-05-14,1.3781410774725453,1.3981954971403119,1.3705203693106893,1.3761355876922607,6344000
2008-05-15,1.3801468929423115,1.4102285794404852,1.357685916932363,1.4062176942825317,7014000
2008-05-16,1.408222815325704,1.4106293650781137,1.3484606094003186,1.3596911430358887,11288000
2008-05-19,1.3576851921670003,1.3588884666347538,1.3223893642425537,1.3223893642425537,7618000
2008-05-20,1.3219883473764737,1.323592681509691,1.2963187143640071,1.2983241081237793,9612000
2008-05-21,1.2951150139079373,1.3139661489340473,1.2646322928942608,1.2726540565490723,10126000
2008-05-22,1.2742589253382575,1.3115601515621915,1.2742589253382575,1.2911046743392944,6358000
2008-05-23,1.2830826094713113,1.3119610044569219,1.2566107633389998,1.3023349046707153,9498000
2008-05-27,1.3007307575433282,1.3552787916723743,1.2999285426012963,1.3368287086486816,9526000
2008-05-28,1.3392354328894995,1.3657072862854365,1.3392354328894995,1.3552789688110352,7840000
2008-05-29,1.350465886619892,1.387366055337346,1.350465886619892,1.3620973825454712,8732000
2008-05-30,1.3729265445188712,1.382552644209798,1.3496633666698925,1.370519995689392,9118000
2008-06-02,1.4234638645148152,1.429881296982785,1.3633005188012246,1.39338219165802,15802000
2008-06-03,1.3937836000562163,1.4058163487113688,1.372525903477156,1.4038108587265015,8970000
2008-06-04,1.4078213635636172,1.4419139190998458,1.3917778305176272,1.4218595027923584,11876000
2008-06-05,1.4310849340941418,1.4583589094587714,1.4242664402529845,1.4391067028045654,10294000
2008-06-06,1.4354969831046342,1.4354969831046342,1.3316149463976896,1.3364280462265015,11252000
2008-06-09,1.332416709710708,1.3384329868293672,1.2762642480502198,1.2874947786331177,15358000
2008-06-10,1.2822807810975767,1.3436473126399133,1.2594187530600216,1.3340212106704712,14604000
2008-06-11,1.3272027484918878,1.3288070829194043,1.2818797510592126,1.2850884199142456,15882000
2008-06-12,1.2975222111884648,1.3865639727382741,1.2882971681282152,1.2915059328079224,18318000
2008-06-13,1.2947146969082923,1.3119615094934032,1.2678417808314293,1.2975223064422607,20774000
2008-06-16,1.28909903308028,1.3119610568455584,1.273456560536197,1.2870936393737793,16908000
2008-06-17,1.3087526635079114,1.3099559382353025,1.2826818704594636,1.2850884199142456,12712000
2008-06-18,1.2670389987278534,1.2878956266496915,1.2489900747106344,1.272253155708313,12142000
2008-06-19,1.2778687595810658,1.3183786546932659,1.274258935702838,1.3143677711486816,12270000
2008-06-20,1.305543586719086,1.3151696859034019,1.2634292713006006,1.272253155708313,21808000
2008-06-23,1.273456057508323,1.2870931309591251,1.2056721322196184,1.2237211465835571,10098000
2008-06-24,1.2112879905600713,1.2349522324068236,1.1912335726290122,1.2036672830581665,14446000
2008-06-25,1.2112879905600713,1.2606218682331778,1.1996563994719547,1.2036672830581665,11718000
2008-06-26,1.1960467081141546,1.2116890876444724,1.1595475994137214,1.1635584831237793,13220000
2008-06-27,1.1579430025984765,1.212892087408937,1.1382896481856732,1.1860191822052002,92084000
2008-06-30,1.187222385530704,1.21690289735548,1.1647614240646362,1.1647614240646362,13270000
2008-07-01,1.1499213889573603,1.1884258880603051,1.1294658170303886,1.1723823547363281,17780000
2008-07-02,1.1691736255597984,1.1908324726946298,1.1266582418580613,1.133476734161377,15938000
2008-07-03,1.1362843529120215,1.1759921281069263,1.1310701948181245,1.1495202779769897,7630000
2008-07-07,1.1587453992886376,1.1920357440719627,1.1230485051229975,1.1427018642425537,16150000
2008-07-08,1.1366852133907592,1.2036669406642393,1.1366852133907592,1.2020626068115234,12208000
2008-07-09,1.196046457228365,1.198051850849232,1.105801449241575,1.113422155380249,21980000
2008-07-10,1.1134222830097995,1.1551355461276427,1.1098124593260625,1.1162298917770386,12828000
2008-07-11,1.1062024790854832,1.166365816125057,1.0709067490408948,1.1463114023208618,17732000
2008-07-14,1.1543333174275592,1.1856182643923765,1.119438546822109,1.1310701370239258,10288000
2008-07-15,1.120240742796179,1.1984530132593798,1.1130211912639292,1.1563386917114258,19312000
2008-07-16,1.165563533132494,1.2249246518962689,1.1431025718604437,1.203265905380249,16946000
2008-07-17,1.2269301922405154,1.308752275695302,1.218908426852947,1.2365562915802002,27796000
2008-07-18,1.230139118889169,1.2678415006425552,1.187222674601438,1.2173043489456177,18770000
2008-07-21,1.2269300860382497,1.243374674971236,1.1976506353453364,1.2277323007583618,19386000
2008-07-22,1.2205125620554218,1.2646323601295166,1.2028647002019663,1.2642312049865723,17900000
2008-07-23,1.2790718664555007,1.363701667040015,1.2542044472575122,1.3476580381393433,28462000
2008-07-24,1.5012747624498222,1.5686576457691164,1.4932529974565953,1.5064889192581177,62618000
2008-07-25,1.5141098527626509,1.5710644310445163,1.500071714096425,1.5273457765579224,34072000
2008-07-28,1.5241371601754512,1.5397796344701435,1.4796162865100972,1.4988685846328735,21930000
2008-07-29,1.5145106155024401,1.5955304765070504,1.4996703605013195,1.5915195941925049,22046000
2008-07-30,1.600343686181496,1.644463394747028,1.5133074477652062,1.523735761642456,29016000
2008-07-31,1.5064889021090524,1.5598336482694608,1.4784127249523629,1.5245379209518433,19808000
2008-08-01,1.5337630795575756,1.5734709457041345,1.503280349531253,1.5542186498641968,17422000
2008-08-04,1.5421859581173711,1.5863056700416598,1.520928269172969,1.5413837432861328,16348000
2008-08-05,1.5766802839032859,1.6380469252750396,1.565048689533617,1.6328327655792236,23498000
2008-08-06,1.6043548357405792,1.6304256247718436,1.581492810696932,1.6103711128234863,18526000
2008-08-07,1.604354311061991,1.6232054466764023,1.5606356690908194,1.5903161764144897,11036000
2008-08-08,1.588712154489468,1.6845722806534134,1.5871078205190354,1.6769517660140991,18344000
2008-08-11,1.6785561839364778,1.7876522443752711,1.6472712378446044,1.6978083848953247,17780000
2008-08-12,1.6881828385800821,1.7298961113658986,1.6669251424494713,1.6909904479980469,15642000
2008-08-13,1.6725401528167056,1.6805619203330486,1.5790864560615974,1.6035528182983398,19418000
2008-08-14,1.5891137506489053,1.670133743222984,1.5843007471124688,1.6284204721450806,21514000
2008-08-15,1.6536885241020003,1.7214723728121093,1.6400515424459419,1.6937973499298096,14774000
2008-08-18,1.708236548200277,1.7270878791062965,1.6601059544605161,1.698610544204712,14298000
2008-08-19,1.6821660791657878,1.7162586373040463,1.623206100284501,1.6368430852890015,15476000
2008-08-20,1.6416557842989214,1.696604961866875,1.6308264108645465,1.6585016250610352,12150000
2008-08-21,1.6380467582383915,1.6685294024834738,1.5991410943789357,1.631629228591919,9950000
2008-08-22,1.6452659504105964,1.7102422007899152,1.6344363840933798,1.674545407295227,12810000
2008-08-25,1.6560953350238539,1.6693312592056706,1.628821176138839,1.6404528617858887,7812000
2008-08-26,1.6444635811775032,1.6721387985484615,1.6352386362231772,1.656095266342163,9634000
2008-08-27,1.6597051801590337,1.6958032272958428,1.6288212911363413,1.6785563230514526,9424000
2008-08-28,1.695000624170188,1.7246813290841354,1.6713363869099747,1.7222747802734375,9104000
2008-08-29,1.710242350656289,1.7415272996932718,1.6974074850574743,1.7094402313232422,5374000
2008-09-02,1.7539609248690942,1.8325741577724837,1.7114455445348753,1.7792294025421143,14462000
2008-09-03,1.7800319302543968,1.8301680233470818,1.751554589596916,1.8105145692825317,16912000
2008-09-04,1.7792288206074813,1.830969320414253,1.7611798045992137,1.805700659751892,22650000
2008-09-05,1.8044986715612028,1.804899731319768,1.7102427431522564,1.7487473487854004,19994000
2008-09-08,1.7788289709726388,1.812921537453001,1.7198689776644418,1.7760213613510132,17058000
2008-09-09,1.7800315858650273,1.824552261144247,1.7419280553843695,1.751554250717163,10308000
2008-09-10,1.7840426350868337,1.793267772177884,1.7118467332502147,1.771608829498291,14342000
2008-09-11,1.7194675720591204,1.7928666584793953,1.7138521626912417,1.7880537509918213,11654000
2008-09-12,1.777625593887708,1.777625593887708,1.7246818854802504,1.7503514289855957,11544000
2008-09-15,1.6885836461870443,1.7836416749746566,1.6609084246233752,1.7130500078201294,10676000
2008-09-16,1.7395221216379197,1.773213625961873,1.6853752318798239,1.7599776983261108,13956000
2008-09-17,1.739121002888158,1.778026664998609,1.6657217181474844,1.673743486404419,17778000
2008-09-18,1.7138512351633404,1.8353812432281404,1.6593033222903648,1.8177332878112793,20674000
2008-09-19,1.794470781921601,1.9051712690508524,1.7451368151291764,1.8061022758483887,32804000
2008-09-22,1.770806001711643,1.8205410129134938,1.694599151301993,1.7391200065612793,9952000
2008-09-23,1.7447360676111843,1.7968776523080257,1.7270882937553491,1.753961205482483,9538000
2008-09-24,1.7535600669141207,1.8053003983401865,1.7411262608332452,1.7559664249420166,9980000
2008-09-25,1.7700045728201494,1.8277613702018518,1.7379175056645386,1.8149265050888062,11108000
2008-09-26,1.7736142098700425,1.8373872812554923,1.7736142098700425,1.8245524168014526,16390000
2008-09-29,1.7976789147181553,1.8209420868973067,1.7435320573867912,1.7655918598175049,12894000
2008-09-30,1.803295063307796,1.803295063307796,1.6488759838814318,1.6865782737731934,13548000
2008-10-01,1.6825673385573428,1.7018195415280093,1.6288213263521254,1.6396507024765015,9468000
2008-10-02,1.6272166552187681,1.6284198339110452,1.5189226358743062,1.5329607725143433,18128000
2008-10-03,1.554218580866166,1.581091486299442,1.469989945699552,1.4784128665924072,17324000
2008-10-06,1.4820229075268387,1.5197252906503436,1.403810627891314,1.515714406967163,25474000
2008-10-07,1.5409826836840095,1.6228047713906473,1.5149118970061612,1.5413837432861328,32264000
2008-10-08,1.4844291447421547,1.6629135745555939,1.406216881551747,1.5698610544204712,28488000
2008-10-09,1.589514401443659,1.6115743047710833,1.446325703052874,1.459160566329956,30530000
2008-10-10,1.4022060836043038,1.5594328343227093,1.323592660431603,1.5317577123641968,26356000
2008-10-13,1.6003439133522523,1.6424581387840242,1.519725094772407,1.5726687908172607,22902000
2008-10-14,1.6167884874054292,1.6605070438992768,1.4840281013878258,1.5149118900299072,22022000
2008-10-15,1.4571557293581276,1.4840287423501026,1.3452520198817617,1.3540759086608887,22848000
2008-10-16,1.370118912240408,1.4607649839283643,1.3239938049760753,1.4419138431549072,23244000
2008-10-17,1.4074202019902318,1.4551497380332408,1.3821516297102265,1.3905744552612305,22374000
2008-10-20,1.4038100492861691,1.4350949864965428,1.37092077838918,1.4226611852645874,12444000
2008-10-21,1.4046125470329243,1.4744019849225067,1.3857613116281993,1.4250680208206177,17830000
2008-10-22,1.3797451990049794,1.4002006752214067,1.2983241625286288,1.3404384851455688,16820000
2008-10-23,1.4118319749832153,1.5594326035896855,1.3753328773924254,1.4118319749832153,69848000
2008-10-24,1.311158949876287,1.4780118006529992,1.311158949876287,1.4507378339767456,21154000
2008-10-27,1.4543472167518046,1.4691875666818843,1.3917774364624798,1.3925795555114746,15978000
2008-10-28,1.4587598153047683,1.555021118990881,1.409826996290587,1.5526145696640015,23890000
2008-10-29,1.562641626034665,1.601146221423723,1.510500141839196,1.5449937582015991,20064000
2008-10-30,1.5794873645313148,1.6003439963278252,1.5345654324897549,1.586305856704712,10988000
2008-10-31,1.57387242789962,1.6994132051124602,1.4952589849793647,1.666925072669983,13684000
2008-11-03,1.6637163543665217,1.7146547683501314,1.6372444979868725,1.6765512228012085,17636000
2008-11-04,1.6789569717352115,1.685374498518467,1.6264143437935217,1.66291344165802,12718000
2008-11-05,1.6436614448688875,1.6605070961343098,1.5421859995284914,1.5482022762298584,15814000
2008-11-06,1.5393788321978161,1.6151845715004816,1.536571222848868,1.5694605112075806,12462000
2008-11-07,1.575877433629693,1.6420570526161478,1.5534164691365022,1.6392494440078735,12776000
2008-11-10,1.677353063325617,1.6817649106493424,1.553015489522859,1.5718666315078735,13298000
2008-11-11,1.5626418514442781,1.5626418514442781,1.4463261204489475,1.4599632024765015,22752000
2008-11-12,1.439908541557561,1.4591608400851344,1.3785420133248723,1.4130356311798096,20368000
2008-11-13,1.4154423852791445,1.457957776432928,1.271050364494757,1.4547491073608398,27222000
2008-11-14,1.434293122935813,1.484429208397258,1.3829537630081177,1.3829537630081177,14494000
2008-11-17,1.3657071744158427,1.4302824681493589,1.3536745234603254,1.3580864667892456,14010000
2008-11-18,1.363701212953503,1.4130350709055057,1.327202119970504,1.3725250959396362,17254000
2008-11-19,1.3681137775757752,1.3901736863425838,1.28348406225238,1.3031374216079712,19504000
2008-11-20,1.2971206678402682,1.4278755564589596,1.2846869603631625,1.3255980014801025,21174000
2008-11-21,1.3440482186620508,1.4038104047292186,1.2967197413480676,1.3989973068237305,21074000
2008-11-24,1.4138379433763846,1.5064894272279927,1.3677127312989803,1.4780120849609375,14374000
2008-11-25,1.4888411501020717,1.5177195460202404,1.4054147261312475,1.48041832447052,13482000
2008-11-26,1.4439194359351113,1.5678558635895308,1.4346943940850185,1.5321589708328247,17820000
2008-11-28,1.517318852556864,1.5618397316431112,1.5048851409155333,1.5393787622451782,4052000
2008-12-01,1.5185218797334177,1.5361697472305562,1.4070191703423567,1.4098268747329712,14438000
2008-12-02,1.4439193712018419,1.4828250264731195,1.381750630325649,1.434293270111084,16680000
2008-12-03,1.431886927248561,1.454347896781342,1.3909758721843164,1.4302825927734375,16082000
2008-12-04,1.4246670197031563,1.5762785502206877,1.4246670197031563,1.5040825605392456,23498000
2008-12-05,1.478413516634035,1.5919216559686946,1.4639743129530907,1.587910771369934,21522000
2008-12-08,1.6031518768008999,1.676551064549398,1.5983387776854499,1.6504802703857422,29130000
2008-12-09,1.6288212281324814,1.703423868746476,1.6099700859692367,1.6191952228546143,18246000
2008-12-10,1.6312278882919173,1.6998140651146798,1.5999430343149967,1.604354977607727,15256000
2008-12-11,1.6127775274173566,1.6392493738794514,1.4992694353142548,1.5205271244049072,23840000
2008-12-12,1.5369719314154493,1.5939265117184074,1.4892423921343434,1.5634437799453735,14588000
2008-12-15,1.5746739694067147,1.5935251070044176,1.5217301881848395,1.5514107942581177,11390000
2008-12-16,1.5770805076367438,1.671737547175712,1.5730696250452352,1.6585016250610352,12770000
2008-12-17,1.6368434698379022,1.7351103793982274,1.626415150986735,1.7278907299041748,17560000
2008-12-18,1.668930358998683,1.7154567288551483,1.5076927815080046,1.530153751373291,34590000
2008-12-19,1.537372856726437,1.5486033862020965,1.4238647656742995,1.467583417892456,33534000
2008-12-22,1.4306836940986716,1.441112011930821,1.3280050415530067,1.384157419204712,27084000
2008-12-23,1.3973931224523324,1.4162442652236114,1.370119057443989,1.3897724151611328,10132000
2008-12-24,1.394585617091971,1.4046128743380089,1.3697180994484877,1.3901736736297607,3080000
2008-12-26,1.3973928250578844,1.4074200794256642,1.3717231954043054,1.3845579624176025,3890000
2008-12-29,1.3781406493643718,1.3833547107939708,1.3079500588908002,1.3312132358551025,9450000
2008-12-30,1.3460538158337283,1.3669104490740953,1.3171754152896828,1.3580864667892456,13572000
2008-12-31,1.356482138791378,1.4595619351895388,1.356482138791378,1.4495347738265991,20752000
2009-01-02,1.479616347239304,1.488039269850543,1.4298814090614094,1.4731990098953247,15550000
2009-01-05,1.4940555365541055,1.4940555365541055,1.4266726342936864,1.4379031658172607,27282000
2009-01-06,1.4419137502978263,1.4587594962748174,1.3669101560240473,1.395788550376892,21596000
2009-01-07,1.3071477325355012,1.3324162990248316,1.286692167132204,1.3219879865646362,32036000
2009-01-08,1.3324165238557923,1.3432458976604211,1.2963185792980336,1.3235925436019897,20578000
2009-01-09,1.3195817507026464,1.3243948485554564,1.2858903526139585,1.3019338846206665,15544000
2009-01-12,1.2886981039095247,1.3312134875623924,1.2834839458670406,1.310356855392456,14940000
2009-01-13,1.3035382695195317,1.34485037561022,1.2987251714790642,1.3175764083862305,16612000
2009-01-14,1.3023350078274216,1.320384030029822,1.2437760940180322,1.2598196268081665,22948000
2009-01-15,1.25861697834944,1.348861942997236,1.2461832629403873,1.3151705265045166,20876000
2009-01-16,1.3456527880714035,1.3797453477341115,1.3035384609147656,1.3681137561798096,15788000
2009-01-20,1.3472572748340448,1.3757346195974975,1.3055440982728035,1.3059451580047607,10432000
2009-01-21,1.3171746559532325,1.3524704691179807,1.2838843312717665,1.3396356105804443,17684000
2009-01-22,1.3107579883772342,1.359289747727618,1.3007308270148141,1.33442223072052,12006000
2009-01-23,1.3440482011606123,1.40180489713942,1.3035382159889055,1.356481909751892,35140000
2009-01-26,1.3496638648586532,1.4318870412451916,1.3496638648586532,1.4010032415390015,14878000
2009-01-27,1.4122331829687056,1.439106184535096,1.3508666648713643,1.3717232942581177,16906000
2009-01-28,1.4114308448719595,1.4379026871030123,1.3661077698195683,1.414238452911377,14108000
2009-01-29,1.406618018462322,1.406618018462322,1.3528721089527105,1.3873658180236816,15130000
2009-01-30,1.395387444839258,1.4086233671795712,1.3436469342116835,1.3520698547363281,10308000
2009-02-02,1.3344223723521187,1.387366176298113,1.3300104285345442,1.3753334283828735,12950000
2009-02-03,1.3813493309747127,1.4054146273392125,1.3408393484889136,1.4006016254425049,12608000
2009-02-04,1.398195214691233,1.4030082170630138,1.3528721302080684,1.3765363693237305,16586000
2009-02-05,1.3637017469844535,1.4346943763195543,1.35608103954461,1.4234639406204224,12518000
2009-02-06,1.424266170859012,1.4314857230820348,1.3957888303844599,1.4158432483673096,17766000
2009-02-09,1.4178484348095661,1.4322876317951776,1.390173315222726,1.4138375520706177,11326000
2009-02-10,1.410227807168251,1.4226615156608169,1.35086668196179,1.3773385286331177,9376000
2009-02-11,1.387766518918348,1.387766518918348,1.3071477233065516,1.3191803693771362,15714000
2009-02-12,1.3071481901985698,1.3436472009614369,1.2854893430337542,1.3368287086486816,11166000
2009-02-13,1.3360261246354959,1.3657066327620988,1.305543401845888,1.3115596771240234,8426000
2009-02-17,1.2842858991109274,1.3215872155249375,1.2670390929606399,1.300730586051941,11204000
2009-02-18,1.3055436823737703,1.3179773907467143,1.26784130639676,1.2947142124176025,16228000
2009-02-19,1.3063463073983888,1.3272029449240255,1.2814787853968244,1.288698434829712,11808000
2009-02-20,1.268242746935575,1.3324169886048738,1.268242746935575,1.3047418594360352,13970000
2009-02-23,1.3139664210446331,1.3332186195523508,1.2461824754359443,1.2513965368270874,15060000
2009-02-24,1.2433752443887316,1.2726548041175223,1.2281339227424921,1.2634297609329224,10712000
2009-02-25,1.261022756079339,1.2822804441404019,1.2341497556869296,1.252599835395813,12522000
2009-02-26,1.2594185494208288,1.265033766692811,1.2112878561019897,1.2112878561019897,14220000
2009-02-27,1.2289359336805152,1.271451417022966,1.2048706307050239,1.25300133228302,14856000
2009-03-02,1.2365565654373,1.2586164729521592,1.1836128639032446,1.1904313564300537,12990000
2009-03-03,1.2185073749789561,1.2261279852064573,1.1691734123436788,1.1848158836364746,22090000
2009-03-04,1.1968485205689847,1.220913816658205,1.1731842840598226,1.1996561288833618,11906000
2009-03-05,1.1755910231503228,1.1944421652432955,1.1499213889573603,1.1723823547363281,15484000
2009-03-06,1.1808051042915335,1.1984529706754046,1.1547343165211594,1.1864203214645386,17210000
2009-03-09,1.178799764107669,1.223320638760421,1.1623551701266928,1.177195429801941,13850000
2009-03-10,1.1996566232367147,1.2846875050025175,1.1872229104883743,1.2670395374298096,12592000
2009-03-11,1.2758627980923136,1.3312130279114103,1.273857404875259,1.3115596771240234,14190000
2009-03-12,1.28348387171098,1.3368286280232045,1.2461826482557552,1.3304111957550049,16424000
2009-03-13,1.3328179752899176,1.3512680603913956,1.2706492269048535,1.3011319637298584,17872000
2009-03-16,1.3753333394770915,1.3857616565781674,1.322389634580561,1.3264005184173584,14922000
2009-03-17,1.3296091266255299,1.4050137912730034,1.3296091266255299,1.4022061824798584,16880000
2009-03-18,1.3981950807006227,1.4302821426122097,1.3785417265916795,1.4138375520706177,14452000
2009-03-19,1.4238649335281213,1.4266725423212663,1.3845582191700865,1.4022061824798584,11028000
2009-03-20,1.4098268895623962,1.4246671484520208,1.3973930841904656,1.4022061824798584,15682000
2009-03-23,1.4439193911357886,1.4663803577423096,1.3965910043370877,1.4663803577423096,12524000
2009-03-24,1.440309535852325,1.506489155225933,1.417447415976354,1.4563530683517456,16164000
2009-03-25,1.4980666179691349,1.5229341379723915,1.4246674283951741,1.4547491073608398,16766000
2009-03-26,1.4780119029429895,1.4936543767159496,1.444320501885616,1.4832260608673096,15926000
2009-03-27,1.455952075746514,1.4904456913334483,1.4423149959926787,1.4776108264923096,10028000
2009-03-30,1.4447211304327898,1.457957051117737,1.4018046052751576,1.4531439542770386,7810000
2009-03-31,1.4663803149794983,1.4735999624069496,1.4170464400665914,1.4463258981704712,7520000
2009-04-01,1.4314857137125205,1.487237024028036,1.4226617316070191,1.483627200126648,10880000
2009-04-02,1.506890405138676,1.5883114480446852,1.462770685193883,1.5674548149108887,17426000
2009-04-03,1.567454452567415,1.5847012577580093,1.54138366717687,1.5778827667236328,6450000
2009-04-06,1.5205269473734515,1.5806902799428024,1.5205269473734515,1.5790859460830688,11024000
2009-04-07,1.563845284513806,1.5871084713186903,1.5514115716107293,1.5666528940200806,12226000
2009-04-08,1.579487380085463,1.615585330808515,1.561839512190705,1.5847015380859375,9708000
2009-04-09,1.6143819728095463,1.6540897428893093,1.5887122453072795,1.6460679769515991,8218000
2009-04-13,1.6284198936053995,1.6440623647022075,1.5614380669704728,1.6091676950454712,9248000
2009-04-14,1.583498335226887,1.605959398113276,1.557828699342026,1.5883114337921143,8416000
2009-04-15,1.5614377881051533,1.6023488222722184,1.5614377881051533,1.5903161764144897,7722000
2009-04-16,1.6039538726576852,1.6440627077148866,1.5662514912023109,1.6272170543670654,10828000
2009-04-17,1.6292221964694884,1.6464690990801572,1.583899207637721,1.6408538818359375,7864000
2009-04-20,1.6043551206595643,1.639650861402558,1.5826963663114992,1.6260138750076294,11308000
2009-04-21,1.6151840172188308,1.697407162085638,1.596332877701014,1.6837701797485352,27134000
2009-04-22,1.6649187471105975,1.75355940357695,1.6452654918724439,1.7126482725143433,19170000
2009-04-23,1.6877811515785026,1.6877811515785026,1.570262085675504,1.6087666749954224,37976000
2009-04-24,1.6179913182373185,1.6376447644560062,1.589915144089281,1.5975358486175537,15448000
2009-04-27,1.6127778172465361,1.6127778172465361,1.5421862458707394,1.5630428791046143,18748000
2009-04-28,1.5570260258091162,1.6127773200532003,1.5441911638332042,1.591118574142456,11732000
2009-04-29,1.6011462457586505,1.6589030440930477,1.5798884582277088,1.6083658933639526,9612000
2009-04-30,1.6256121610066518,1.6685285927198277,1.6043544749241287,1.6195958852767944,12736000
2009-05-01,1.6207998810210111,1.628019530288883,1.5566257308729612,1.5666528940200806,8558000
2009-05-04,1.5670537317711282,1.604354958546795,1.5469993139146947,1.5722678899765015,7802000
2009-05-05,1.568257037413083,1.57066349110183,1.5357688129043925,1.5630428791046143,9030000
2009-05-06,1.5734713398810725,1.5838995618264216,1.5281482452872417,1.5510103702545166,9738000
2009-05-07,1.564246248799112,1.57988862904787,1.5080937786522606,1.5293514728546143,10066000
2009-05-08,1.5277467163555443,1.5453945814894154,1.4784128485226165,1.4976650476455688,9106000
2009-05-11,1.4936541659314133,1.4936541659314133,1.4435180832544665,1.4740008115768433,7748000
2009-05-12,1.4776108628595366,1.4912478473220068,1.4274747724435686,1.4519411325454712,10096000
2009-05-13,1.4302818226393341,1.4354959785961903,1.370519654510491,1.3865631818771362,11864000
2009-05-14,1.386964306509278,1.4330894976680453,1.3749316604192043,1.4226611852645874,9924000
2009-05-15,1.4162439681276435,1.453545281812804,1.4058157497810337,1.421458125114441,10184000
2009-05-18,1.4234638286242574,1.516115298360434,1.4234638286242574,1.507291316986084,15930000
2009-05-19,1.510499964893897,1.5393783602392719,1.4840281184318023,1.5205271244049072,13918000
2009-05-20,1.5353680567918488,1.565850797688617,1.493253722320531,1.5048853158950806,8312000
2009-05-21,1.499269705829516,1.4996708611337715,1.446727158656878,1.4731990098953247,10156000
2009-05-22,1.4856326554311994,1.4936544223866612,1.4499357637912929,1.4651771783828735,4304000
2009-05-26,1.4715951183111573,1.5389780457178726,1.4663809580913316,1.5337638854980469,9210000
2009-05-27,1.5293516653523027,1.562240955675892,1.5068906935918291,1.5137091875076294,7726000
2009-05-28,1.5289501282922857,1.5337631306924877,1.4679846662070817,1.496060848236084,8510000
2009-05-29,1.5076927501368977,1.5421863714665427,1.488440449669948,1.5393787622451782,10972000
2009-06-01,1.5482026946405847,1.6340356907510998,1.5325603136133907,1.6284204721450806,13052000
2009-06-02,1.6135802065375622,1.6685294078074575,1.5987400397374636,1.6597055196762085,15532000
2009-06-03,1.6524855568700885,1.6893857238755259,1.637645392886737,1.6869791746139526,12828000
2009-06-04,1.688984467981521,1.713450826168666,1.6472712072991804,1.6998138427734375,15204000
2009-06-05,1.7086373839436357,1.7166591476180877,1.6609076701386252,1.6841708421707153,8312000
2009-06-08,1.6925941756663567,1.700615941759411,1.6460680088282382,1.6809626817703247,5382000
2009-06-09,1.6837704326263865,1.700616085469137,1.6693313289403153,1.6749465465545654,7102000
2009-06-10,1.684572027056315,1.684572027056315,1.609167481154568,1.6280186176300049,10726000
2009-06-11,1.6244092403069537,1.6532876361514943,1.5618393507681174,1.5646469593048096,11444000
2009-06-12,1.5834980768305353,1.6047557659797649,1.5566251706895078,1.6003438234329224,11084000
2009-06-15,1.5963338750629064,1.5963338750629064,1.5397803255487843,1.578685998916626,8930000
2009-06-16,1.5686581098359496,1.5927234119350326,1.5141100726192929,1.515714406967163,8446000
2009-06-17,1.504082794047305,1.5526145528573319,1.4736000593664884,1.540982961654663,15270000
2009-06-18,1.5437903506237,1.6071623602549885,1.538576193090645,1.5895144939422607,13398000
2009-06-19,1.617189223890537,1.6203978913056376,1.5891129536870339,1.5987391471862793,14360000
2009-06-22,1.583899433544039,1.6011463386145768,1.5582297970328622,1.5746744871139526,8674000
2009-06-23,1.5770809066385174,1.5955309903527286,1.540180739210095,1.5453948974609375,5922000
2009-06-24,1.5530155351654065,1.577080835720823,1.544993768313601,1.561037302017212,6900000
2009-06-25,1.5518122142978015,1.623205994526014,1.5518122142978015,1.6159863471984863,7056000
2009-06-26,1.6163873844544125,1.652485233812934,1.6127774656407767,1.6468700170516968,19440000
2009-06-29,1.6412547297721867,1.664116846678337,1.6191949232645815,1.6492764949798584,7196000
2009-06-30,1.6452660105139694,1.678957315828546,1.6380463631234157,1.6572985649108887,9946000
2009-07-01,1.6801609597448668,1.7014186544797016,1.6653206029000052,1.6950011253356934,11852000
2009-07-02,1.666523358484033,1.666523358484033,1.5935251628319727,1.6143817901611328,7742000
2009-07-06,1.6039534116106182,1.642056746148875,1.5915196093780055,1.6300241947174072,6348000
2009-07-07,1.6356396072951658,1.6524852578236455,1.6159861570912928,1.6183927059173584,8494000
2009-07-08,1.7647894420965626,1.8077058611990553,1.7314990230825191,1.792865514755249,56858000
2009-07-09,1.8036963783786408,1.8249540735683123,1.7651917764528384,1.7992843389511108,18314000
2009-07-10,1.7900589006236698,1.8249537679725982,1.777224226718325,1.8044981956481934,14052000
2009-07-13,1.8185362845654995,1.8486180543139834,1.7828394882856062,1.845008134841919,16430000
2009-07-14,1.8450081348419187,1.8530299018573788,1.8093113385620256,1.845008134841919,13468000
2009-07-15,1.8610515590057903,1.8714798746356547,1.8353820208241245,1.8598483800888062,14938000
2009-07-16,1.8562387235964593,1.886721555523171,1.8321734205641211,1.882710576057434,13178000
2009-07-17,1.8947434815063922,1.924424005267347,1.8662661369332676,1.9075783491134644,16632000
2009-07-20,1.9051710589959998,1.9280331759652853,1.880303644159735,1.9240221977233887,14666000
2009-07-21,1.9252251267385059,1.9480870472174632,1.8590455309369254,1.8895281553268433,17246000
2009-07-22,1.8875238078675731,1.9440774365429998,1.8875238078675731,1.9400664567947388,19452000
2009-07-23,1.8313712639836162,1.9216161963358211,1.8313712639836162,1.9204130172729492,28146000
2009-07-24,1.9019620700362097,1.9332470065267087,1.8855174827795946,1.9103848934173584,9752000
2009-07-27,1.9023643772811258,1.9075785367827838,1.8349813635283059,1.8770956993103027,11122000
2009-07-28,1.8377889416522364,1.8811066472517577,1.8117183358450233,1.8791011571884155,12066000
2009-07-29,1.8642605933274596,1.915600062276767,1.8530301562150628,1.8903313875198364,8134000
2009-07-30,1.9131935269922054,1.95610997717341,1.8774967255460004,1.9332480430603027,10640000
2009-07-31,1.9244232572967843,1.9557081990692904,1.9240221977233887,1.9240221977233887,5792000
2009-08-03,1.9320441424651902,1.9573128104766073,1.9019625678718723,1.9412692785263062,6246000
2009-08-04,1.9348522185118646,1.9348522185118646,1.8879247901538716,1.899957537651062,7532000
2009-08-05,1.8951444866405887,1.899556526043618,1.8598487451784682,1.8903313875198364,6872000
2009-08-06,1.8915351335180794,1.917605932887182,1.8630577841107463,1.8803046941757202,8590000
2009-08-07,1.8963473932890715,1.9649335608516978,1.8795015504861512,1.9565105438232422,8526000
2009-08-10,1.9400661591801174,1.9549065142164506,1.8891279482172085,1.908380150794983,9880000
2009-08-11,1.899155466325895,1.9063749237529855,1.869474752165935,1.8903313875198364,7498000
2009-08-12,1.897550520047689,1.9236213071485433,1.8903308733303787,1.9015614986419678,6644000
2009-08-13,1.9196102498868914,1.9196102498868914,1.8498209082415475,1.8786993026733398,8304000
2009-08-14,1.8811067315544499,1.8811067315544499,1.8273608959758336,1.8518272638320923,8054000
2009-08-17,1.8173333172558797,1.8281626944254288,1.7591754518062102,1.7980809211730957,11630000
2009-08-18,1.8008881041686742,1.823750223479084,1.7884544911043008,1.8137229681015015,7930000
2009-08-19,1.79126184257637,1.8534304727377173,1.7868498049424952,1.8409968614578247,7104000
2009-08-20,1.8734849225957815,1.8734849225957815,1.8028932789097005,1.8369858264923096,9578000
2009-08-21,1.8550351382533987,1.8927374189551307,1.8321730193152068,1.888325572013855,11278000
2009-08-24,1.9003589751596504,1.9003589751596504,1.8566403982787885,1.877898097038269,12828000
2009-08-25,1.8851168181227247,1.9228192921880565,1.873485323825822,1.8983527421951294,11372000
2009-08-26,1.89273745405387,1.9308409863241114,1.8770949815304008,1.900759220123291,6868000
2009-08-27,1.9067753385255664,1.9220165573853318,1.878699066803133,1.9035664796829224,4102000
2009-08-28,1.9083799438472924,1.9216158675443153,1.871479781343229,1.906374454498291,8744000
2009-08-31,1.8927374189551307,1.9047701634631227,1.8690731808010679,1.888325572013855,5942000
2009-09-01,1.8742875682198987,1.916802951942205,1.833777674037364,1.835382103919983,8474000
2009-09-02,1.828563212869236,1.8718807087251956,1.828563212869236,1.8534306287765503,6592000
2009-09-03,1.8626561420136292,1.8859193242746533,1.8345798611808046,1.8831117153167725,6514000
2009-09-04,1.8742878512866872,1.9031662547571633,1.855837765493162,1.8903313875198364,4938000
2009-09-08,1.8979510438788152,1.9139945712189899,1.8790999088168068,1.9079782962799072,7516000
2009-09-09,1.8851174038705305,1.905572981407702,1.8602499777743622,1.8811066150665283,15110000
2009-09-10,1.879099825780405,1.8907315069030897,1.8574410839536506,1.8722814321517944,7986000
2009-09-11,1.8770948078807785,1.8811057861714289,1.8309697050621285,1.8482164144515991,9016000
2009-09-14,1.8333768296354869,1.8995564621859666,1.8333768296354869,1.895545482635498,10218000
2009-09-15,1.8875225941914533,1.914796741681858,1.8518258154043385,1.9139944314956665,7604000
2009-09-16,1.9131927807115352,1.9352525867783243,1.8718805855278746,1.9348515272140503,7650000
2009-09-17,1.9264288688123827,1.9520985956803212,1.9147973754290257,1.936055064201355,5114000
2009-09-18,1.9452799429850183,1.9452799429850183,1.919209157399422,1.9292364120483398,14454000
2009-09-21,1.913995363322969,1.9601206669553042,1.8995562592427842,1.9320443868637085,5236000
2009-09-22,1.9408680962925153,1.945681002570339,1.891534133472543,1.9292364120483398,6496000
2009-09-23,1.9260271717493624,1.9320434462492513,1.8999563939112862,1.9139944314956665,6188000
2009-09-24,1.9147975258185383,1.9228192921880565,1.868672225753312,1.8983527421951294,8878000
2009-09-25,1.8879243196226942,1.9244234214710552,1.8839135322926028,1.9131929874420166,5228000
2009-09-28,1.9156000923432774,1.955708933555683,1.9059738939506838,1.9400664567947388,4476000
2009-09-29,1.9360555175636252,1.9549066619030462,1.9188086119953731,1.942071795463562,4208000
2009-09-30,1.9376597563347944,1.9512967421598633,1.8995564079631597,1.942071795463562,5968000
2009-10-01,1.9276325515333812,1.949291303417731,1.8835127371828078,1.8979518413543701,6420000
2009-10-02,1.877497102044455,1.9047710810628216,1.8718816910662475,1.8726840019226074,4034000
2009-10-05,1.8746882234742,1.960120223400806,1.8670677091241625,1.955307126045227,12200000
2009-10-06,1.9581152030612354,2.0367286353449567,1.9268302540144067,2.027904748916626,12970000
2009-10-07,2.0271016331667067,2.045150649774982,2.0134646536471474,2.037529945373535,12120000
2009-10-08,2.0960888766143118,2.1835261620806192,2.0852595047163054,2.1261706352233887,34728000
2009-10-09,2.1325883722304386,2.1558515497251816,2.116945900704007,2.1390058994293213,12066000
2009-10-12,2.1614671700806842,2.1859335309132266,2.1410115971491095,2.154247522354126,8036000
2009-10-13,2.1534454168687045,2.15464878712454,2.120556229104081,2.1333909034729004,8666000
2009-10-14,2.139006186685982,2.139006186685982,2.0796449605808243,2.0936830043792725,18472000
2009-10-15,2.087265582317761,2.114539549513308,2.087265582317761,2.103710174560547,8916000
2009-10-16,2.0992985967053683,2.123363898715722,2.0692168257519112,2.100501775741577,8558000
2009-10-19,2.112935203342403,2.135797130964891,2.094084063042428,2.11975359916687,11148000
2009-10-20,2.1145395827596443,2.1378027627940748,2.071623141901125,2.112534284591675,11250000
2009-10-21,2.114137844209754,2.1233629778359253,2.043947458267212,2.043947458267212,15330000
2009-10-22,1.947286252911599,1.9669395196536361,1.8730848432414131,1.90878164768219,37460000
2009-10-23,1.9091823754485773,1.926830147328103,1.8462114211748972,1.8682712316513062,13534000
2009-10-26,1.8654631588797959,1.8951436689800492,1.8349803384362156,1.8594468832015991,13098000
2009-10-27,1.8590463705594829,1.8750899045904028,1.8024927505345794,1.845008134841919,16940000
2009-10-28,1.81051520136791,1.8482175014550442,1.7932684818350209,1.7940706014633179,13094000
2009-10-29,1.8181351460309108,1.8666668056810065,1.8181351460309108,1.8434038162231445,14376000
2009-10-30,1.833375577276055,1.8502212208712667,1.7900579074893803,1.792865514755249,11464000
2009-11-02,1.8137225091293032,1.8454085057016008,1.7780257261733168,1.8181345462799072,14486000
2009-11-03,1.8077059837982852,1.8514247159802601,1.7936679465168777,1.8478147983551025,13782000
2009-11-04,1.8610519013514735,1.8746888878558579,1.8273605904303016,1.842200756072998,7630000
2009-11-05,1.8438054304029499,1.8718815265561337,1.8189378123769173,1.857041358947754,5952000
2009-11-06,1.8811057589392308,1.9332473284390186,1.8622546202556078,1.9107862710952759,9056000
2009-11-09,1.9304399414394404,1.9452801035914167,1.9188082562349287,1.9300386905670166,6644000
2009-11-10,1.9220173117964845,1.9484891644880646,1.9115889945995572,1.9256272315979004,4470000
2009-11-11,1.9448788024039558,1.962125702632313,1.9079786445355316,1.9276320934295654,5452000
2009-11-12,1.9304407817216391,1.9352536904917892,1.880705733561448,1.9023644924163818,7260000
2009-11-13,1.9023635518207795,1.9256267295996776,1.8746883359921311,1.9196102619171143,5772000
2009-11-16,1.933246916303431,1.97856988964732,1.890731550622229,1.964531660079956,6724000
2009-11-17,1.9577136881902386,1.9705485508087515,1.9091820372378965,1.9240221977233887,5070000
2009-11-18,1.9300387238246022,1.941670409229546,1.8927375011117007,1.9388628005981445,3944000
2009-11-19,1.9204134892667324,1.939264637996408,1.8730849919224102,1.9043699502944946,6924000
2009-11-20,1.8991554971955948,1.9364567291066788,1.8879248686466126,1.9135946035385132,6062000
2009-11-23,1.9408689264786456,1.9681429024863581,1.9176057392936874,1.9396655559539795,6046000
2009-11-24,1.9480880567794125,1.9480880567794125,1.9091825893533958,1.9244238138198853,7830000
2009-11-25,1.9348521229643487,1.9460827504918095,1.9236216866909117,1.933648943901062,4464000
2009-11-27,1.8851169675963975,1.9196105848457743,1.8851169675963975,1.8951442241668701,4138000
2009-11-30,1.8891286012938555,1.8947438210179852,1.8353827628594044,1.8726840019226074,7710000
2009-12-01,1.880705733561448,1.9248253708573284,1.8770958129162432,1.9023644924163818,4510000
2009-12-02,1.9095831653521214,1.9725541107307505,1.9095831653521214,1.9689441919326782,9398000
2009-12-03,1.9849882618584167,2.06480487911697,1.972554646245475,2.0523712635040283,18282000
2009-12-04,2.0776396736936924,2.137401965269785,2.0407395053220156,2.055980920791626,9586000
2009-12-07,2.0619975444917964,2.0644040942462305,2.0190810911701553,2.022691011428833,8164000
2009-12-08,2.011059627250107,2.02509767690053,1.9970215775996836,2.0066475868225098,9786000
2009-12-09,2.009855761757117,2.0102568214310734,1.966939125325479,1.9902023077011108,5888000
2009-12-10,1.991004336706589,2.0102565371116987,1.9673400980039377,1.9761639833450317,4928000
2009-12-11,1.9809764101036011,2.0154700118010442,1.975762254338153,2.0006296634674072,5832000
2009-12-14,2.0034368735331722,2.0226892548491495,1.9813770764048166,2.0114586353302,6198000
2009-12-15,2.0126634677383404,2.0319156717943203,2.0050427598038003,2.008251428604126,5684000
2009-12-16,2.0234928363200195,2.030311233586485,1.9998285932251747,2.005443811416626,6092000
2009-12-17,1.9974220600445804,2.029108070992291,1.984988253231648,2.0230917930603027,8220000
2009-12-18,2.0355249342016433,2.0732274055480957,2.020684772677918,2.0732274055480957,16124000
2009-12-21,2.0760346862195593,2.1173466874561986,2.072023708330358,2.1065173149108887,6246000
2009-12-22,2.1057154812983785,2.1406101521475747,2.102506813304402,2.1325883865356445,4242000
2009-12-23,2.1366003012999832,2.167484007250523,2.11293605368621,2.1534459590911865,5100000
2009-12-24,2.1518413689736766,2.1771100450381544,2.1434185407035335,2.1670827865600586,1598000
2009-12-28,2.1759061167094274,2.185933180481393,2.1614668235711068,2.17029070854187,4356000
2009-12-29,2.167483354143408,2.1775106103446857,2.152643190919201,2.173499822616577,1720000
2009-12-30,2.162669998988488,2.1819221968529243,2.1502361962251815,2.1582579612731934,3154000
2009-12-31,2.163873991167333,2.164275050882413,2.1225617804494936,2.1245672702789307,2738000
2010-01-04,2.133792891781918,2.1827256306715626,2.125369870842317,2.1394081115722656,6582000
2010-01-05,2.143417828462893,2.1530440240038042,2.065606718687138,2.11694598197937,13662000
2010-01-06,2.1085233057477395,2.129379936726608,2.0892711045572443,2.112534284591675,7416000
2010-01-07,2.0976935154218714,2.1466264148608567,2.0976935154218714,2.1414122581481934,4596000
2010-01-08,2.145824893165873,2.1626707394119076,2.1165454311536585,2.140209674835205,2740000
2010-01-11,2.141011304793804,2.1414125556577215,2.1033090239044956,2.122962474822998,4920000
2010-01-12,2.1165448684513457,2.131786280584825,2.102907885951804,2.1237645149230957,6732000
2010-01-13,2.13659969991838,2.145824645753983,2.10972679046831,2.137401819229126,6546000
2010-01-14,2.135797170828626,2.1418136388056674,2.1065177151880503,2.1193525791168213,5468000
2010-01-15,2.129780962874229,2.129780962874229,2.0904742505900615,2.103710174560547,7092000
2010-01-19,2.0956887411408114,2.130583420559636,2.086062734794875,2.120556354522705,14146000
2010-01-20,2.044749953442832,2.0640021519926055,2.00945422422592,2.0507662296295166,12706000
2010-01-21,2.059590815171912,2.094084433769649,2.0062458616828587,2.035525321960449,9180000
2010-01-22,2.0403388700864964,2.064404177345493,2.0054441841236543,2.0098562240600586,7570000
2010-01-25,2.019482553734589,2.05878928589189,1.9914064530894393,2.0555806159973145,7954000
2010-01-26,1.986993370225966,2.045151222669593,1.9701477186748153,2.030310869216919,14580000
2010-01-27,2.017476056472185,2.1045122992923946,1.9994270360595365,2.09448504447937,16592000
2010-01-28,2.1297807171433702,2.1458242479077896,2.053974909966407,2.0656065940856934,27124000
2010-01-29,2.0664096655255406,2.098496741841288,2.020685600901007,2.0242953300476074,12964000
2010-02-01,2.041140246523804,2.095688174839464,2.029107502775365,2.092078447341919,9384000
2010-02-02,2.086864893714407,2.1289792221310972,2.0756344571376975,2.1225616931915283,5544000
2010-02-03,2.109325236665893,2.129780806184619,2.0712218973208776,2.0912764072418213,6816000
2010-02-04,2.0844582853930245,2.0900735035227767,2.0327177606554128,2.0379319190979004,6052000
2010-02-05,2.045553082964115,2.0595913226722766,1.9974224671894454,2.0295095443725586,6112000
2010-02-08,2.0896727313511154,2.0896727313511154,2.0066472445351993,2.011059284210205,5080000
2010-02-09,2.034321869654629,2.0636013259990844,2.009454451681939,2.0599915981292725,5894000
2010-02-10,2.0475571850643584,2.061996283506881,2.025898441773607,2.043947458267212,4416000
2010-02-11,2.033519273081191,2.0848585267256845,2.010657158594796,2.08084774017334,4918000
2010-02-12,2.0688168016538415,2.0784430037781463,2.0459546672356748,2.0760364532470703,4686000
2010-02-16,2.0856598122807095,2.1073187395218995,2.076835932388732,2.1029067039489746,3430000
2010-02-17,2.1177486065646667,2.1586595611738026,2.1109300185028044,2.154247522354126,4994000
2010-02-18,2.1494337967917296,2.1494337967917296,2.1133357631561895,2.1349945068359375,4702000
2010-02-19,2.13659999380651,2.153846708883872,2.1189520277645744,2.1426162719726562,4586000
2010-02-22,2.1502369323916968,2.165879408278856,2.1370010059682563,2.140209674835205,4806000
2010-02-23,2.1426163913427345,2.169890365719193,2.124166304851826,2.143819570541382,8208000
2010-02-24,2.1554506705010836,2.1987681698889,2.1257701545778023,2.195559501647949,4636000
2010-02-25,2.189542451915743,2.2268436612782936,2.177509711192053,2.2019760608673096,8276000
2010-02-26,2.2059878964231636,2.2144107225796477,2.183928086310372,2.1947574615478516,8678000
2010-03-01,2.238075514281267,2.305458522653998,2.21802118866737,2.2994420528411865,18996000
2010-03-02,2.295431337290046,2.311073815044015,2.266151871783552,2.283799648284912,11250000
2010-03-03,2.2946290820526367,2.303452969781341,2.264146247846863,2.2769811153411865,7332000
2010-03-04,2.287809707993789,2.304254298631716,2.2617389222244046,2.268958568572998,7408000
2010-03-05,2.2725689256259876,2.3106724658644437,2.2661515879300524,2.3054583072662354,10396000
2010-03-08,2.309067782434158,2.3219026476716587,2.2942274276664842,2.314281940460205,4048000
2010-03-09,2.30946907990978,2.326314925942349,2.2898158160014814,2.3022494316101074,6038000
2010-03-10,2.295430727709366,2.3363416801025196,2.287408961087924,2.3178915977478027,5884000
2010-03-11,2.305025551085804,2.3319639104351455,2.298190596640118,2.3307576179504395,3796000
2010-03-12,2.331964074908938,2.3440258502960205,2.307840140697847,2.3440258502960205,3392000
2010-03-15,2.333974719788,2.343624295443689,2.3098509723672778,2.3331706523895264,3664000
2010-03-16,2.3327672556572443,2.428458122029603,2.3327672556572443,2.423633337020874,13264000
2010-03-17,2.382622007345322,2.39910652249404,2.3307558787300358,2.371364116668701,15082000
2010-03-18,2.3661400160814274,2.3966966875218487,2.3444284698649964,2.39589262008667,4810000
2010-03-19,2.408355124158772,2.408355124158772,2.3737777508854037,2.383829355239868,10246000
2010-03-22,2.372170214255564,2.4352940907730303,2.3593041804480945,2.4248404502868652,6102000
2010-03-23,2.422026245288649,2.422026245288649,2.38945902832623,2.408355951309204,5338000
2010-03-24,2.3958916742054055,2.4107678744757517,2.3601080034079307,2.362922430038452,4868000
2010-03-25,2.36855155090923,2.3898608656844162,2.334376393922839,2.3355824947357178,6080000
2010-03-26,2.3424173729443565,2.36855127969704,2.3279430145364595,2.3412110805511475,4542000
2010-03-29,2.3532735708432995,2.369356067071802,2.32472707293624,2.342819929122925,3626000
2010-03-30,2.352065636899438,2.3858389320995332,2.3339727933380177,2.3717668056488037,4476000
2010-03-31,2.3717686414016943,2.389861307248524,2.333572566159682,2.333974599838257,4344000
2010-04-01,2.3420151858343563,2.3882524967193604,2.3404070515751174,2.3882524967193604,4134000
2010-04-05,2.4019230741025592,2.4525829559918892,2.3757889700091597,2.4517788887023926,4974000
2010-04-06,2.447758122757839,2.473490192722283,2.4377067066728437,2.471881866455078,4302000
2010-04-07,2.6636651646356366,2.7292014221972583,2.6198402511800287,2.675727128982544,34018000
2010-04-08,2.6942213796893846,2.705479082620582,2.65361293570155,2.6729118824005127,10288000
2010-04-09,2.7308107418448295,2.732419068362125,2.6592435668989807,2.672109603881836,6780000
2010-04-12,2.6861813650351603,2.6914079937432964,2.6528100826841596,2.6656761169433594,4550000
2010-04-13,2.6660780333728433,2.6938202687448087,2.656830493769886,2.6865832805633545,6580000
2010-04-14,2.7006552194446507,2.703469646137696,2.6652737731384675,2.6914076805114746,11004000
2010-04-15,2.700655206258166,2.7243769121085424,2.6769335004077894,2.691809892654419,3896000
2010-04-16,2.697438879174726,2.711108979680241,2.676933632557229,2.690603733062744,6514000
2010-04-19,2.6893976534340247,2.7617688758239027,2.6845728669310094,2.7396554946899414,13258000
2010-04-20,2.758150787566739,2.7838826665042404,2.7191506479347822,2.731212615966797,7022000
2010-04-21,2.7356345457174522,2.79111920240748,2.7078923132316555,2.7814698219299316,9084000
2010-04-22,2.7456867674328134,2.8273055406985272,2.739655879316579,2.8092126846313477,12454000
2010-04-23,2.804387734750992,2.8104186225173367,2.762573170571606,2.805191993713379,5758000
2010-04-26,2.863089193279658,2.8892232989214848,2.8164500285114267,2.8224809169769287,6092000
2010-04-27,2.8007687611091456,2.814036826955477,2.7143252204721966,2.7195520401000977,9698000
2010-04-28,2.723975164809043,2.760562907203478,2.6785421078812948,2.6950266361236572,7078000
2010-04-29,2.703872475473383,2.8108212964401718,2.703872475473383,2.7999656200408936,7558000
2010-04-30,2.814036186772187,2.814036186772187,2.7006545066833496,2.7006545066833496,11300000
2010-05-03,2.703068151704415,2.749305280437102,2.683366969205204,2.731212615966797,4518000
2010-05-04,2.6938196219291854,2.721160008857958,2.655221721834365,2.6733145713806152,7702000
2010-05-05,2.637129591188266,2.703469929797091,2.6214491300881386,2.6495935916900635,11762000
2010-05-06,2.623459182012353,2.6367272481772055,2.3822215979497265,2.5756137371063232,12636000
2010-05-07,2.575211620746124,2.615417851510791,2.483541261227939,2.5362114906311035,9892000
2010-05-10,2.6335105576065976,2.684572458267212,2.6154177068337323,2.684572458267212,7456000
2010-05-11,2.6544172071361847,2.7629740943859358,2.6467779967620553,2.7275924682617188,7744000
2010-05-12,2.74206758924065,2.8096140177694986,2.7179438510718876,2.805593490600586,9204000
2010-05-13,2.7979391635644966,2.860384060973101,2.78142130503223,2.801564931869507,16482000
2010-05-14,2.7753785645582356,2.787464780260373,2.7157537460380397,2.7560408115386963,7688000
2010-05-17,2.771752525517582,2.8027734572698892,2.698027097186094,2.801564931869507,8558000
2010-05-18,2.838629578211009,2.8853626933125955,2.6871500841593834,2.6895673274993896,11018000
2010-05-19,2.662977499447886,2.7318684454941957,2.642028187938704,2.701653003692627,8180000
2010-05-20,2.639610417324297,2.702458339290257,2.602546287770603,2.626718521118164,10884000
2010-05-21,2.5876409120596326,2.695207571252807,2.578777814307739,2.6484744548797607,12214000
2010-05-24,2.638805213947087,2.6956099438333117,2.609798490231774,2.6516969203948975,6138000
2010-05-25,2.5904607055487148,2.6633804571837145,2.558231053240781,2.658545970916748,6034000
2010-05-26,2.680301218927937,2.714948117625716,2.5880437056579377,2.6045615673065186,12462000
2010-05-27,2.6653949664814496,2.7604725599047533,2.6146330507252977,2.7576522827148438,12758000
2010-05-28,2.758457267223629,2.807607415472396,2.7149470952206425,2.729853391647339,9234000
2010-06-01,2.718170783365088,2.754026201709428,2.670228958129883,2.670228958129883,10454000
2010-06-02,2.6746614169398746,2.732674881380684,2.6436402829574037,2.7213945388793945,114540000
2010-06-03,2.721392867998905,2.7951182751308465,2.6827171847498157,2.72340726852417,16756000
2010-06-04,2.6827189400563256,2.6843304999517446,2.579986751295713,2.5880441665649414,15174000
2010-06-07,2.5969069338413493,2.6194676152014202,2.5139153619996457,2.5171384811401367,8762000
2010-06-08,2.5336551821249373,2.5763594773272462,2.4615413287569585,2.569913625717163,16034000
2010-06-09,2.593684184377039,2.6774812535850514,2.57434623662573,2.588446855545044,10328000
2010-06-10,2.6295390287168168,2.640416525869129,2.559036718129322,2.6327619552612305,12540000
2010-06-11,2.601740509651522,2.6875519445191536,2.598517391639354,2.679091691970825,8672000
2010-06-14,2.700042568215396,2.7749765516407714,2.700042568215396,2.734689474105835,9392000
2010-06-15,2.761278139658976,2.7640982246388277,2.7080991747773324,2.7560408115386963,5086000
2010-06-16,2.735897382411037,2.7673213534261363,2.7004448006037913,2.7403290271759033,5652000
2010-06-17,2.7544287162814833,2.760874760770023,2.6637827885116176,2.6811063289642334,6044000
2010-06-18,2.679495651650312,2.728645820544731,2.6601578960282386,2.706890821456909,19412000
2010-06-21,2.7588601292990145,2.7685290991718525,2.6432361009676684,2.655322313308716,13556000
2010-06-22,2.66539457425521,2.692789737374901,2.5469504417603215,2.5505762100219727,13966000
2010-06-23,2.5413106743037033,2.6097987850375706,2.5159297161467924,2.593683958053589,14462000
2010-06-24,2.573943637100456,2.5811953681900377,2.5042469881450415,2.517944574356079,9996000
2010-06-25,2.5179443703047895,2.550979711306974,2.486117555000968,2.4994122982025146,91256000
2010-06-28,2.505051240222989,2.565079072186732,2.497799513278202,2.5396981239318848,12560000
2010-06-29,2.5118996711295702,2.5235828467853696,2.4385771157477403,2.4704039096832275,10818000
2010-06-30,2.4647652828146795,2.508275279593828,2.440995882917652,2.4563050270080566,8090000
2010-07-01,2.4534836286168935,2.475641457028147,2.3809667499913387,2.4671812057495117,9322000
2010-07-02,2.4736284505704327,2.5006207783816343,2.4418016358459607,2.4764485359191895,8962000
2010-07-06,2.4998141877975417,2.5783740913810567,2.4373692987805584,2.4683902263641357,10230000
2010-07-07,2.483699327507304,2.5735395670256422,2.470001747833016,2.5687050819396973,11768000
2010-07-08,2.714948215539223,2.7447608206947343,2.6214821732700213,2.6351797580718994,31934000
2010-07-09,2.63759695560574,2.6593519541537813,2.611410312129801,2.6484744548797607,12022000
2010-07-12,2.6492791508135527,2.66136517035563,2.631552771100847,2.6557250022888184,9212000
2010-07-13,2.676272498282981,2.731062833267021,2.676272498282981,2.714142322540283,9892000
2010-07-14,2.720588138538378,2.7504007409797993,2.662171843425262,2.7367031574249268,10734000
2010-07-15,2.7463718103702206,2.7894789604017163,2.6827181899110473,2.7725584506988525,14192000
2010-07-16,2.758860547364255,2.7596662309411384,2.682717878336911,2.68916392326355,10794000
2010-07-19,2.6794956538068604,2.745969368908653,2.6790928119128963,2.7411348819732666,16270000
2010-07-20,2.706890110195301,2.7790039770137516,2.6915811617400167,2.774169683456421,9454000
2010-07-21,2.7898814803489667,2.7898814803489667,2.6867464974802324,2.710113048553467,14692000
2010-07-22,2.758458158527913,2.7697384988719964,2.716962373842893,2.7576522827148438,15678000
2010-07-23,2.7395228032856616,2.8108309868130155,2.7125302902536554,2.8084137439727783,13658000
2010-07-26,2.7999532896390544,2.8346001807740993,2.770543725958279,2.8261399269104004,12564000
2010-07-27,2.8358095014266684,2.840241146247167,2.755638205407199,2.7810189723968506,8312000
2010-07-28,2.7818240355346613,2.795924457520565,2.729047923396768,2.744356870651245,5238000
2010-07-29,2.797132626127161,2.809621679495822,2.7419394704897915,2.7955212593078613,10830000
2010-07-30,2.7612783223611523,2.8176802177939484,2.7447606532285604,2.800356864929199,5410000
2010-08-02,2.828959710707798,2.8499090182971827,2.795118698851564,2.840240240097046,9404000
2010-08-03,2.8366151048888395,2.8382266644426535,2.753220884134748,2.789882183074951,6372000
2010-08-04,2.8055945564407017,2.828960924528034,2.7838393639222767,2.814457654953003,3810000
2010-08-05,2.8035800382767886,2.8346009778331016,2.7572497617371883,2.8305723667144775,4276000
2010-08-06,2.7951187032978067,2.839434369019227,2.7705434357534213,2.8362114429473877,4690000
2010-08-09,2.845075251997946,2.9163834457472895,2.8446724101508023,2.901477336883545,12586000
2010-08-10,2.8901976088959938,2.8930178868185656,2.8422559578752877,2.8656225204467773,6536000
2010-08-11,2.779810288133392,2.779810288133392,2.7113221787806623,2.7471776008605957,11408000
2010-08-12,2.7168998184043938,2.795621353244531,2.69954063668359,2.781895399093628,7436000
2010-08-13,2.780281016521925,2.787951335550998,2.749599740405635,2.767362594604492,4966000
2010-08-16,2.757270048518491,2.812980634536117,2.745159160361975,2.794814109802246,5818000
2010-08-17,2.8258984417380484,2.840027872347041,2.7980432510375977,2.7980432510375977,8654000
2010-08-18,2.7936027175768916,2.874746273173212,2.7810879680200946,2.8392207622528076,6048000
2010-08-19,2.8307431959526754,2.874342696806298,2.8024841390110944,2.8283209800720215,7530000
2010-08-20,2.81298045070578,2.865461475951934,2.789565824634489,2.8581948280334473,4968000
2010-08-23,2.8654619986697973,2.898969165323742,2.861424907145608,2.867076873779297,7700000
2010-08-24,2.844873109931671,2.844873109931671,2.775840426890555,2.7778589725494385,8314000
2010-08-25,2.7617103192036665,2.7814915228422223,2.726184617262293,2.7451586723327637,17032000
2010-08-26,2.748388709687362,2.762518143328451,2.7011557840168847,2.7076148986816406,13874000
2010-08-27,2.7391026243190453,2.782702307862906,2.678547818423237,2.7709949016571045,10514000
2010-08-30,2.75282867752599,2.8020801379582636,2.745965893756126,2.7564620971679688,5736000
2010-08-31,2.741122306240138,2.7843181447304586,2.726185337556984,2.744351863861084,11420000
2010-09-01,2.7641330647850233,2.8517359398329716,2.756059075068585,2.835184097290039,8244000
2010-09-02,2.8315507827247095,2.8981612439736497,2.8267063505431334,2.8828206062316895,11372000
2010-09-03,2.9470086789790204,2.9663862128068317,2.874342590251357,2.9316680431365967,9376000
2010-09-07,2.9074460159537767,2.9865710242774823,2.9074460159537767,2.9599268436431885,9592000
2010-09-08,2.9591197135877714,3.0196747263929273,2.94943104243832,3.00675630569458,12046000
2010-09-09,3.027749701911873,3.027749701911873,2.9607355531693575,2.9655799865722656,6696000
2010-09-10,2.967193067343863,2.9889928133878123,2.9623486365565324,2.9728448390960693,5870000
2010-09-13,3.00675571529452,3.025325905308415,2.991415081696294,2.9994890689849854,6671000
2010-09-14,3.0067572892802534,3.0681196632962644,2.9938388643559657,3.0471272468566895,6616000
2010-09-15,3.0479345112664302,3.0826526909623797,3.016445889391217,3.080230474472046,5754000
2010-09-16,3.0624670423122278,3.0907261010572005,3.0317859600311126,3.0455117225646973,4610000
2010-09-17,3.044704549186688,3.0963782407210565,3.0253270111108557,3.0430898666381836,9289000
2010-09-20,3.0600451355548985,3.1270592726384945,3.0406675978136546,3.1222150325775146,6227000
2010-09-21,3.115754959836649,3.160161990733253,3.1084883127810463,3.1181771755218506,5847000
2010-09-22,3.1020294579773586,3.12463654959245,3.057622423377472,3.0673112869262695,5341000
2010-09-23,3.0366300791195813,3.1084886386494426,3.028556090155521,3.0656964778900146,3306000
2010-09-24,3.110911601809221,3.1375557910402883,3.093148937321261,3.115756034851074,5795000
2010-09-27,3.120600297805948,3.120600297805948,3.0899190185458965,3.0963783264160156,3600000
2010-09-28,3.1278669388319202,3.203762410489689,3.089919010503919,3.197303295135498,8546000
2010-09-29,3.140784560865634,3.199724695309443,3.140784560865634,3.166621208190918,4346000
2010-09-30,3.175502588842781,3.2255611990885003,3.1520879658251686,3.2021467685699463,7586000
2010-10-01,3.2215252862726063,3.223947502670102,3.135133414759571,3.1650073528289795,6547000
2010-10-04,3.165006422103655,3.165006422103655,3.101221858224504,3.1181771755218506,4411000
2010-10-05,3.1545098556016313,3.205375994144245,3.1214063733760966,3.1432061195373535,7907000
2010-10-06,3.143206112150853,3.158546745524221,3.11333237887048,3.152894973754883,3879000
2010-10-07,3.172273586630747,3.173081120372585,3.117370532142778,3.1504738330841064,8393000
2010-10-08,3.163392453707443,3.192458857757538,3.1028374292281526,3.1149485111236572,8895000
2010-10-11,3.1101033515317242,3.1650065891285526,3.102836704092643,3.138362407684326,4669000
2010-10-12,3.139170354812091,3.2392879860815484,3.1230223746072245,3.2271769046783447,12333000
2010-10-13,3.233635381035003,3.272390446564824,3.2045689856381077,3.2110280990600586,7389000
2010-10-14,3.206991489962562,3.2441320714579236,3.1908435114858418,3.206184148788452,4465000
2010-10-15,3.240094800774364,3.2570501194842283,3.1948804250489826,3.2005321979522705,5637000
2010-10-18,3.2045693293596442,3.2086062275565954,3.116562600177334,3.1214070320129395,8379000
2010-10-19,3.087495798120981,3.1101030795659628,3.043896302297233,3.08345890045166,12069000
2010-10-20,3.0963776850735854,3.118984776688677,3.050355968214951,3.0673112869262695,9634000
2010-10-21,3.140784437315839,3.1488584253809573,2.9873784715795386,3.0261335372924805,24504000
2010-10-22,3.0366302947685613,3.095570630140891,3.025326747915962,3.0939557552337646,7719000
2010-10-25,3.1084890954377675,3.1973031795926237,3.107681754172448,3.185999631881714,10691000
2010-10-26,3.159355317375295,3.23525078322128,3.145629361425266,3.219910144805908,8591000
2010-10-27,3.2037618957301,3.2077989865521532,3.0963778208514112,3.1520884037017822,6948000
2010-10-28,3.154510212381697,3.169043313966572,3.1117180561885425,3.1456286907196045,3334000
2010-10-29,3.1335187776584785,3.2077995682625713,3.1294816861043286,3.195688486099243,5464000
2010-11-01,3.213451121529086,3.213451121529086,3.134325903499157,3.154510974884033,4015000
2010-11-02,3.1706583339322716,3.2134504920870537,3.1480510507095,3.207798719406128,3988000
2010-11-03,3.217487634069132,3.217487634069132,3.158547494499441,3.2029545307159424,3590000
2010-11-04,3.2223325975027755,3.3208353575849907,3.2223325975027755,3.315990924835205,6392000
2010-11-05,3.3159909938357504,3.4540563675819826,3.3103392196764343,3.3660500049591064,9715000
2010-11-08,3.350709660036104,3.3902720826336936,3.32487281089148,3.3781611919403076,6918000
2010-11-09,3.3910788410595267,3.3926939085397354,3.3232575568369738,3.3394055366516113,4160000
2010-11-10,3.3515363204639175,3.3863131552422003,3.3191856150488888,3.3652851581573486,3911000
2010-11-11,3.3434482373138903,3.396826936397691,3.3167588877719902,3.3757989406585693,3464000
2010-11-12,3.3628603185149104,3.378226967328075,3.281983523959552,3.2900710105895996,3216000
2010-11-15,3.2957311384107397,3.328081844173849,3.2738944313031824,3.2779383659362793,2975000
2010-11-16,3.2706596971306756,3.3248471117411746,3.248822989321992,3.2722771167755127,4316000
2010-11-17,3.283599393883233,3.3232292551782114,3.251248691334692,3.293304681777954,2847000
2010-11-18,3.3321263142882285,3.412194381766694,3.3054369584620735,3.307863473892212,4914000
2010-11-19,3.310289815515053,3.3571984651070936,3.2795565224391376,3.355581045150757,4061000
2010-11-22,3.3321253169771468,3.4097672314380048,3.2997746156978174,3.39359188079834,3578000
2010-11-23,3.3531549477203964,3.3887408907539847,3.3256568767789285,3.3838882446289062,3037000
2010-11-24,3.4105760363338793,3.4372653849169392,3.408149907213051,3.4283688068389893,3466000
2010-11-26,3.4097674124607815,3.43564805198839,3.391165546129675,3.420281410217285,963000
2010-11-29,3.4024883363777816,3.4121936246430624,3.3369782190633486,3.396826982498169,2624000
2010-11-30,3.3620492759741833,3.4485873668295235,3.3580053426391756,3.4348385334014893,5270000
2010-12-01,3.4841756615806676,3.5561558728978224,3.4752790793079407,3.541598320007324,7030000
2010-12-02,3.5917419394845553,3.68475054454005,3.5448332818988177,3.6750452518463135,14341000
2010-12-03,3.687983576574621,3.7332747917195235,3.6313696540561917,3.718716859817505,7943000
2010-12-06,3.70577764935391,3.7308495877188848,3.6701920952917417,3.7219533920288086,5354000
2010-12-07,3.7672439419465777,3.8012120733372914,3.733275810555864,3.7502598762512207,5581000
2010-12-08,3.7494505401791343,3.754303184660436,3.707394545108411,3.7348926067352295,4747000
2010-12-09,3.7510668764702784,3.797975502474956,3.7219514036419383,3.785844087600708,6074000
2010-12-10,3.7866535526031315,3.8553988933563232,3.7502589150689944,3.8553988933563232,5559000
2010-12-13,3.8731921456424527,3.8917936287616226,3.8424588580707626,3.8481202125549316,7901000
2010-12-14,3.861060625362484,3.904734040421329,3.845693981980513,3.8618693351745605,6301000
2010-12-15,3.848120091306299,3.888558666905505,3.8295186087732347,3.844076156616211,10021000
2010-12-16,3.8408421783275584,3.9338503831427816,3.8270929515596404,3.9265716075897217,4311000
2010-12-17,3.9176727442180828,3.92252538697692,3.847310002690991,3.9200992584228516,12755000
2010-12-20,3.920100316741671,3.9459809565589614,3.9031162553258625,3.9144389629364014,3889000
2010-12-21,3.9338493600946927,3.9338493600946927,3.892602461819574,3.895028591156006,3319000
2010-12-22,3.8966469823108034,3.9241454355518304,3.882089431360755,3.8974556922912598,3157000
2010-12-23,3.8982636112569455,3.9451718611718047,3.8982636112569455,3.9144389629364014,3114000
2010-12-27,3.9039266523856964,3.921719431228107,3.8820899374628834,3.917675495147705,2393000
2010-12-28,3.925761647372421,3.948407062459818,3.9039249420166016,3.9039249420166016,3389000
2010-12-29,3.919293175170017,3.938703373561177,3.8982651710080414,3.912822723388672,3009000
2010-12-30,3.967819433935345,4.000978861838469,3.9168668412834413,3.957305431365967,2953000
2010-12-31,3.9492161825599816,3.964582826009143,3.90635147712579,3.921718120574951,4249000
2011-01-03,3.968627710767184,4.014727652150292,3.967010290748773,3.9791417121887207,4651000
2011-01-04,4.000169405546238,4.003404245332785,3.8020211995367332,3.8287105560302734,10019000
2011-01-05,3.835987866930756,3.9095858430936166,3.826282579973998,3.865912437438965,7031000
2011-01-06,3.8731926501450085,3.8731926501450085,3.659677800300174,3.800403356552124,14171000
2011-01-07,3.7995958386855304,3.825476493097172,3.7316591690613485,3.808492422103882,6220000
2011-01-10,3.796360590416221,3.872385132828829,3.7753329685819907,3.8667237758636475,6431000
2011-01-11,3.8804715456785512,3.9103961282434767,3.7850368282373923,3.7963595390319824,4825000
2011-01-12,3.830327932259091,3.848929417772402,3.787463220368743,3.7995946407318115,4904000
2011-01-13,3.804447286813253,3.808491222152099,3.7445985092717495,3.7486424446105957,6782000
2011-01-14,3.7405534558990534,3.7809920258988163,3.724378105029305,3.77290415763855,6891000
2011-01-18,3.7826093346630847,3.7874619783471655,3.7195253524208063,3.777756690979004,9302000
2011-01-19,3.79393280341557,3.8408414446831225,3.769669580121715,3.798785448074341,5645000
2011-01-20,3.8044471858806226,3.905543252764281,3.8012119605651966,3.8060646057128906,8362000
2011-01-21,3.8303279330706084,3.8303279330706084,3.7429807037456713,3.7486424446105957,6051000
2011-01-24,3.7648178936291323,3.864296160134457,3.764008798020589,3.851356029510498,5576000
2011-01-25,3.8497393198857224,3.911205530166626,3.7842287877686385,3.911205530166626,6317000
2011-01-26,3.918483736396611,3.9662010966133745,3.8691489562015957,3.9265716075897217,10954000
2011-01-27,4.0956029503761435,4.301838582557444,4.068913601510851,4.287281036376953,21943000
2011-01-28,4.280813534954885,4.297797606097167,4.088326238389276,4.099648952484131,13098000
2011-01-31,4.1384675798925,4.187802342553059,4.098029009601386,4.149790287017822,6682000
2011-02-01,4.151408001081882,4.219344634306646,4.1425118080809975,4.179715156555176,5296000
2011-02-02,4.165158900188074,4.177290322758399,4.112588888182043,4.113397598266602,5237000
2011-02-03,4.095603345592605,4.2339027472084085,4.095603345592605,4.206404685974121,4025000
2011-02-04,4.174860661178362,4.263016156244049,4.146553518256714,4.240370750427246,3682000
2011-02-07,4.241180896759033,4.280810756015858,4.216918063920857,4.241180896759033,5363000
2011-02-08,4.240372585460737,4.319631925769899,4.205595366634439,4.314779281616211,4719000
2011-02-09,4.31477933031509,4.326910748010826,4.267061983640933,4.27919340133667,3576000
2011-02-10,4.26382585227039,4.304264416858208,4.23309295968644,4.299411773681641,3714000
2011-02-11,4.275151479100572,4.347132080696586,4.255741278781633,4.342279434204102,2921000
2011-02-14,4.358453528718392,4.36330617380217,4.284046818301639,4.309927463531494,3499000
2011-02-15,4.298604317377943,4.306691801263021,4.242799097402435,4.27272367477417,3492000
2011-02-16,4.282429230185464,4.31154471389297,4.205596007421028,4.284046649932861,13615000
2011-02-17,4.279186887014476,4.316439463871161,4.238695190703108,4.285665512084961,9634000
2011-02-18,4.2880940203263185,4.324536806972198,4.262179141241226,4.304290771484375,4412000
2011-02-22,4.252463730852079,4.335877265010062,4.1520436550342525,4.169860363006592,6458000
2011-02-23,4.154473009341607,4.165810702765461,3.9722593621588103,4.072679042816162,10166000
2011-02-24,4.057292589506949,4.143945239505294,4.033807035606019,4.0994038581848145,7874000
2011-02-25,4.124507856479822,4.207111583597475,4.109930660018859,4.200632572174072,5348000
2011-02-28,4.241125106782048,4.282426974732288,4.159331537016482,4.216829776763916,5794000
2011-03-01,4.220070580654184,4.233838002925333,4.077538835089874,4.098594665527344,5539000
2011-03-02,4.101022695093658,4.220878614009664,4.089685004344397,4.200632572174072,4966000
2011-03-03,4.23302805233439,4.31725098453323,4.211162056392899,4.299434661865234,4085000
2011-03-04,4.30834278474395,4.432248028893449,4.301053991101405,4.369080543518066,9226000
2011-03-07,4.400662806749174,4.437915384100891,4.275947824380871,4.3415446281433105,5992000
2011-03-08,4.335874539789403,4.4533010834611435,4.33182525541703,4.391753196716309,5704000
2011-03-09,4.501082983302258,4.522948585212516,4.383656402441389,4.452492713928223,7426000
2011-03-10,4.412810958674051,4.432247223306514,4.381227221726889,4.399853706359863,4949000
2011-03-11,4.403093698628596,4.433867661672716,4.3326378046200915,4.42819881439209,4483000
2011-03-14,4.372318200290471,4.406331269026875,4.2921442072737275,4.36098051071167,5927000
2011-03-15,4.228168281793803,4.353693072104952,4.129367777959169,4.3212995529174805,8490000
2011-03-16,4.324538456290524,4.387705925746434,4.289715215631052,4.31805944442749,5872000
2011-03-17,4.39418458247535,4.424958537478008,4.285665960017741,4.326158046722412,4937000
2011-03-18,4.390134103489517,4.409570361611458,4.328586210210742,4.372317790985107,12334000
2011-03-21,4.433867311278217,4.470310118723003,4.381227743431439,4.450873851776123,5706000
2011-03-22,4.443583803368466,4.463829842932725,4.381226125082099,4.437105178833008,3599000
2011-03-23,4.419290392540563,4.453303861863982,4.352883786511213,4.441156387329102,5864000
2011-03-24,4.4492542060177716,4.556152899847318,4.4492542060177716,4.527808666229248,6247000
2011-03-25,4.537527866178496,4.649285652922859,4.528619510878155,4.594216346740723,2973000
2011-03-28,4.612031540389076,4.668720002305791,4.590165935626746,4.603123188018799,6997000
2011-03-29,4.610410508639183,4.758611027053661,4.573967713895826,4.708401203155518,9377000
2011-03-30,4.778047000422269,4.809630728226614,4.737554922879959,4.802341938018799,7386000
2011-03-31,4.800722737957286,4.858221353354764,4.760230657383009,4.84769344329834,11113000
2011-04-01,4.859032378227299,4.985367331275635,4.85174397176728,4.944875240325928,13183000
2011-04-04,5.009662712111306,5.054204093257582,4.893045881653167,4.9570231437683105,11052000
2011-04-05,4.949733676800512,5.027478342512403,4.948114116940207,5.006422519683838,7843000
2011-04-06,5.012092546004,5.031528427389425,4.914911594431915,4.980508804321289,6975000
2011-04-07,4.961881797129313,5.089836310698494,4.961881797129313,5.036386966705322,5674000
2011-04-08,5.076069198413734,5.180538158497585,5.038816614208061,5.08902645111084,8062000
2011-04-11,5.13275711563287,5.228318099131955,5.080927724196958,5.101983547210693,7333000
2011-04-12,5.0728307737280876,5.191876958098704,5.053394504377262,5.067971706390381,6868000
2011-04-13,5.125470646329784,5.144097136568389,5.011283522652478,5.101175308227539,6506000
2011-04-14,5.084975151625452,5.213739778399491,5.046103022762916,5.174057483673096,9471000
2011-04-15,5.203215421808138,5.227510374121279,5.1481461166531615,5.164342880249023,7166000
2011-04-18,5.110891842174031,5.116560688261564,4.917340522886052,4.982937335968018,11154000
2011-04-19,4.983747160971748,5.034767162381551,4.837166555200228,4.9950852394104,12343000
2011-04-20,5.046105193735062,5.104413605195257,5.000754421577803,5.099554538726807,14133000
2011-04-21,5.2639521832206855,5.2639521832206855,4.912482132783868,4.93353796005249,24208000
2011-04-25,4.928678287508104,4.940015979849825,4.813681031765765,4.910861968994141,10152000
2011-04-26,4.912481956267597,4.988606689275179,4.884137722948012,4.947305202484131,10000000
2011-04-27,4.946494438647666,4.990226032693223,4.899524110867352,4.987796306610107,5877000
2011-04-28,4.951353424723741,5.02909809338854,4.951353424723741,4.972409248352051,7223000
2011-04-29,4.966741557160297,5.05582393831053,4.947305675096409,5.010472774505615,6540000
2011-05-02,5.05501349679645,5.05501349679645,4.7812877618036085,4.825019359588623,11425000
2011-05-03,4.8177298197811425,4.8501233334540546,4.732696749849462,4.819349765777588,9217000
2011-05-04,4.807203107857871,4.866321304368139,4.713262049233933,4.748894691467285,7713000
2011-05-05,4.705163207269705,4.832307946675173,4.624989187576993,4.786956787109375,7608000
2011-05-06,4.865512248212019,4.948925791530392,4.842836856842041,4.842836856842041,8635000
2011-05-09,4.830689336402771,4.9149122730239165,4.80801355908045,4.902764797210693,5348000
2011-05-10,4.906812748923363,5.010471927559141,4.903573242713011,4.9902262687683105,5064000
2011-05-11,4.990226699769046,5.015331426963078,4.897904819492779,4.958642959594727,5046000
2011-05-12,4.932678598042822,5.120930089162046,4.878312907387661,5.104701519012451,7478000
2011-05-13,5.126606674659202,5.133098407956084,5.011384018970498,5.021932601928711,3351000
2011-05-16,5.1046988549335,5.1046988549335,4.89210442608046,4.901841640472412,3980000
2011-05-17,4.870197150678658,4.9034660396356555,4.747671342784023,4.769579887390137,8906000
2011-05-18,4.77688204689848,4.927807718462389,4.733876336465335,4.88723611831665,7425000
2011-05-19,4.913202306558501,4.935110848653794,4.83692809430678,4.9042768478393555,5480000
2011-05-20,4.873442920203538,4.878311528564299,4.762277071985292,4.78499698638916,5806000
2011-05-23,4.722516358489886,4.94971623483487,4.71521325382401,4.911579132080078,9366000
2011-05-24,4.920506669064555,4.944849327870239,4.845855178066509,4.868575096130371,5170000
2011-05-25,4.847477292826423,4.9367345997333345,4.782563028501228,4.906711578369141,5325000
2011-05-26,4.905088920814046,5.038163319699669,4.905088920814046,5.019500255584717,4486000
2011-05-27,5.046276913457822,5.112002929620838,5.0186883920563305,5.064939975738525,4960000
2011-05-31,5.112002997671552,5.192334452345046,5.0949626755642425,5.124985694885254,26195000
2011-06-01,5.126607774998992,5.17204798323326,4.982173449232056,4.992722034454346,8437000
2011-06-02,4.987042622504779,5.06737407594412,4.948905514740991,5.043842792510986,5252000
2011-06-03,4.938355295509505,5.021121219098069,4.8336808361285275,4.849909782409668,6651000
2011-06-06,4.83530470173685,4.879121780016873,4.7768818017236745,4.782561779022217,8287000
2011-06-07,4.812585108228924,4.945659091906428,4.685190715303086,4.896162033081055,8792000
2011-06-08,4.862082512799405,4.879122447024502,4.822322279354691,4.848288059234619,5828000
2011-06-09,4.877498078423181,5.013006523741136,4.837737858251752,4.914012432098389,7153000
2011-06-10,4.880745038381863,4.890482253904567,4.760653745387113,4.768767833709717,5942000
2011-06-13,4.777694018303821,4.909957033552236,4.766334061693945,4.828002452850342,5462000
2011-06-14,4.885612023693858,4.986229239148982,4.868572095647606,4.971623420715332,4826000
2011-06-15,4.8953516250999085,4.981363064098222,4.884803037791832,4.91726016998291,5136000
2011-06-16,4.910767506246315,4.9586418214494525,4.8215102231565234,4.933487415313721,7539000
2011-06-17,4.969190141725393,5.030858518332265,4.933487153003892,4.944847106933594,10497000
2011-06-20,4.939978346202622,5.157441364868956,4.931864259470874,5.149327278137207,6838000
2011-06-21,5.181784866488801,5.273476260272042,5.151761852957543,5.265361785888672,9092000
2011-06-22,5.260494342581976,5.3392030590702735,5.1793515153917555,5.2767229080200195,10508000
2011-06-23,5.2182994969130005,5.38626510136246,5.21343088941539,5.371659278869629,7521000
2011-06-24,5.365980508667211,5.40655211796977,5.246700565435391,5.26698637008667,7203000
2011-06-27,5.266985506287341,5.387076800102801,5.224791163346914,5.358676910400391,5451000
2011-06-28,5.394378497789507,5.533944583298876,5.362733133490553,5.416287422180176,8658000
2011-06-29,5.43008364657598,5.496621042377456,5.365980748639692,5.424403667449951,5859000
2011-06-30,5.441441925636863,5.493373478980169,5.4268364906311035,5.4268364906311035,7622000
2011-07-01,5.45442540264755,5.5193396555705,5.423591016433308,5.503922462463379,8204000
2011-07-05,5.533132795689356,5.827681768767534,5.504732911517393,5.804150104522705,14739000
2011-07-06,5.791978815444981,5.890973306023041,5.757898954235164,5.816321849822998,9300000
2011-07-07,5.882857716962231,5.930732019729963,5.801714929284549,5.8633832931518555,8253000
2011-07-08,5.787110825746146,5.844722357485366,5.7262538136900085,5.818756580352783,6142000
2011-07-11,5.770883197335117,5.797660348880414,5.625637482822081,5.658905982971191,7725000
2011-07-12,5.627258058177838,5.72462941053031,5.591555074214187,5.659715175628662,8718000
2011-07-13,5.686495438395525,5.785489971805787,5.677569977694623,5.704347133636475,4751000
2011-07-14,5.718950700689404,5.756276432714953,5.5688364025091746,5.604539394378662,5713000
2011-07-15,5.628070925228056,5.665396658917649,5.538814021954286,5.612653732299805,5454000
2011-07-18,5.604539804338369,5.625636975588171,5.52988833482668,5.555042743682861,4134000
2011-07-19,5.611844590382642,5.834176340569172,5.560724770615414,5.6718902587890625,11742000
2011-07-20,5.739236932033643,5.753842755295215,5.589122622561546,5.734368324279785,11054000
2011-07-21,5.377338893121001,5.558287567644012,5.314859143809046,5.443876266479492,32073000
2011-07-22,5.42764822376193,5.555853988647035,5.416288268255588,5.517716884613037,8622000
2011-07-25,5.474711501915203,5.55341982507001,5.414665466460045,5.438197135925293,8980000
2011-07-26,5.434137205189926,5.520148591070043,5.415474152900083,5.46172571182251,8014000
2011-07-27,5.5071684928734825,5.5120371006787465,5.375716855970296,5.37977409362793,9349000
2011-07-28,5.375716136535242,5.46010481130674,5.3099905203394835,5.326219081878662,6690000
2011-07-29,5.268609383733705,5.385455222185253,5.180163441114283,5.348940849304199,7304000
2011-08-01,5.3838313774849285,5.406551289491474,5.210185396059023,5.346505641937256,8042000
2011-08-02,5.297008816964226,5.340825905827005,5.065751658139925,5.071431636810303,9600000
2011-08-03,5.079546356257758,5.186654972790563,4.909146214152016,5.16718053817749,10313000
2011-08-04,5.08279264778047,5.155010031884854,4.926186936377397,4.931055545806885,10057000
2011-08-05,4.9464698546954,5.03166988955659,4.684378016718699,4.778503894805908,13390000
2011-08-08,4.309498278399873,4.587818305912366,3.9776239621352354,4.353315353393555,21875000
2011-08-09,4.300573707583528,4.686002392008588,4.266493452407491,4.677887916564941,10255000
2011-08-10,4.581327187690755,4.731441477687305,4.488013056173748,4.57321310043335,6651000
2011-08-11,4.618751080495827,4.797646591368737,4.569961501460972,4.709825038909912,10586000
2011-08-12,4.754549324588923,4.828546991834547,4.65127767595717,4.779757022857666,9459000
2011-08-15,4.8090301707234175,4.854566950215724,4.724461422814784,4.851314544677734,4881000
2011-08-16,4.817161732085316,4.82204072829918,4.717956380475251,4.782196044921875,4403000
2011-08-17,4.8252946698402,4.8480630657591215,4.667541326127303,4.731781005859375,6721000
2011-08-18,4.603299835904135,4.614684417131169,4.439041743954912,4.490270614624023,7584000
2011-08-19,4.425217382465787,4.551257373974102,4.31869337067991,4.345527648925781,8878000
2011-08-22,4.3382095890259285,4.475633780349708,4.3382095890259285,4.4203386306762695,6834000
2011-08-23,4.446360968338404,4.692748545268559,4.399197594282598,4.687869548797607,6167000
2011-08-24,4.683803423624923,4.796832653509793,4.636640055791047,4.791140556335449,5486000
2011-08-25,4.850501362586934,4.891159145350705,4.671605877642183,4.6781110763549805,4509000
2011-08-26,4.646397515813259,4.857818963910639,4.556136684953244,4.825292587280273,5965000
2011-08-29,4.890345232242675,4.959463877987796,4.850500557463597,4.957024574279785,3439000
2011-08-30,4.919620244760978,5.014759701180508,4.871643771974605,4.945641040802002,5305000
2011-08-31,4.972475246707072,5.04891259403021,4.92368567329053,4.990365028381348,5130000
2011-09-01,5.006627829191317,5.14323854655812,4.955398567838122,4.97491455078125,6829000
2011-09-02,4.873268105390278,4.935068053898662,4.835049639652543,4.849686622619629,3474000
2011-09-06,4.800085569956616,4.879775326626929,4.613058669147736,4.867578029632568,4662000
2011-09-07,4.957023545702322,5.092008016494422,4.925310277608738,5.087942123413086,4824000
2011-09-08,5.0440345162940465,5.2213034483068,5.014760534267096,5.16356897354126,7996000
2011-09-09,5.11477830160669,5.277410207959426,5.043220340360496,5.261960506439209,10952000
2011-09-12,5.175766327068696,5.391254135859395,5.175766327068696,5.384748935699463,10157000
2011-09-13,5.388814850906876,5.520547005895163,5.348970157637641,5.500217914581299,10702000
2011-09-14,5.533554411468216,5.609178248999155,5.361164554925002,5.472567558288574,10591000
2011-09-15,5.515666682581406,5.568522152193675,5.469316412057168,5.5278639793396,7275000
2011-09-16,5.555513005631445,5.663663668768507,5.476636716391692,5.597797393798828,8457000
2011-09-19,5.491270087156577,5.688054919003716,5.3562855978421595,5.655528545379639,9504000
2011-09-20,5.688057956773333,5.700255644205391,5.467691522070367,5.480701923370361,8812000
2011-09-21,5.48151344356886,5.565268695808109,5.369297318624164,5.375802516937256,6784000
2011-09-22,5.2318744702766935,5.404264402860423,5.123724211645967,5.256269454956055,8249000
2011-09-23,5.229433647538129,5.439228903895017,5.2131700706432405,5.410768032073975,6294000
2011-09-26,5.443294274648323,5.512412923748109,5.401823395384454,5.50916051864624,5055000
2011-09-27,5.609179622595205,5.658782683752976,5.448987407655441,5.483139991760254,5709000
2011-09-28,5.5026550555185825,5.560389120744545,5.383933356886566,5.3961310386657715,5532000
2011-09-29,5.511599987850802,5.562016145892588,5.25952036087693,5.458744525909424,6130000
2011-09-30,5.388001970728212,5.400199270919745,5.0838798533703455,5.08469295501709,12627000
2011-10-03,5.043221537278485,5.06761613514849,4.870018108773797,4.897665500640869,9390000
2011-10-04,4.806589444238393,5.14079846926911,4.756173679545705,5.1318535804748535,11132000
2011-10-05,5.139985838449605,5.159501432498096,4.993616750488377,5.127788543701172,6319000
2011-10-06,5.126162596088159,5.318068481968009,5.114778401196311,5.270092010498047,5055000
2011-10-07,5.296113703315226,5.426219243453208,5.227808139644748,5.346529483795166,5005000
2011-10-10,5.391253579260285,5.5213591200072285,5.333519109843045,5.4237799644470215,4761000
2011-10-11,5.401823891762568,5.418087082001367,5.309123358430874,5.373363018035889,5124000
2011-10-12,5.404262131641002,5.447359596674601,5.336770079925348,5.365230560302734,5438000
2011-10-13,5.340835369355169,5.528675307720709,5.294485501440328,5.459557056427002,5587000
2011-10-14,5.464438153491326,5.525425421005579,5.35466169235787,5.482327938079834,5903000
2011-10-17,5.466064386022599,5.687243884592864,5.466064386022599,5.5335564613342285,11876000
2011-10-18,5.561206055403879,5.590479656772687,5.422968678215355,5.525426864624023,5893000
2011-10-19,5.505095918474867,5.534369897742453,5.342463992805263,5.389626979827881,11992000
2011-10-20,5.609180517711846,5.901918384415014,5.5262383483305975,5.825481414794922,31426000
2011-10-21,5.936069607148766,5.979167075977332,5.844995674176607,5.973474979400635,15496000
2011-10-24,6.001935956776571,6.014946353525221,5.978354467265259,5.99705696105957,11074000
2011-10-25,5.9767280030674526,5.99868329038505,5.854753883056884,5.870203971862793,5067000
2011-10-26,5.945013959023134,5.945013959023134,5.704318543106378,5.888092994689941,7349000
2011-10-27,6.058859050236123,6.058859050236123,5.915742706287296,5.988926887512207,9701000
2011-10-28,5.936884256345652,6.015760527723308,5.742538657569169,5.788888931274414,11788000
2011-10-31,5.736845699842818,5.88565410408881,5.708385213803572,5.768558979034424,7070000
2011-11-01,5.640078821528179,5.8482478587222095,5.379054326868379,5.7726240158081055,16357000
2011-11-02,5.8685786373201525,5.939323505558381,5.801086174946384,5.905170917510986,6013000
2011-11-03,5.95640095787145,5.966158952852571,5.743353210261114,5.917369365692139,5051000
2011-11-04,5.871832572773804,5.92712736067326,5.814098092256483,5.917369365692139,3166000
2011-11-07,5.9352574376510185,6.052352575753897,5.847436277946402,5.9450154304504395,6155000
2011-11-08,5.986485192189239,5.996243182521183,5.789700346311651,5.984858989715576,4941000
2011-11-09,5.865944999152758,5.965312362975148,5.803229283514797,5.818704605102539,5790000
2011-11-10,5.893636289337124,5.9034102154688455,5.817074515268999,5.87978982925415,4177000
2011-11-11,5.94820726621733,6.095629819037972,5.890378523590809,6.067936897277832,6694000
2011-11-14,6.07119482646567,6.1420552103802475,6.014995332168041,6.0597920417785645,6055000
2011-11-15,6.052463019186568,6.169748994784463,5.982416661819466,6.141242027282715,5041000
2011-11-16,6.111105494934997,6.370927459662237,6.055720421418584,6.076082706451416,14901000
2011-11-17,6.068752858599734,6.109477042997297,5.8863074871799155,5.9131855964660645,7712000
2011-11-18,5.944134639203346,5.944949068352119,5.796712477063201,5.886306285858154,6179000
2011-11-21,5.799970960046481,5.879790852846822,5.757617531688002,5.8463969230651855,5730000
2011-11-22,5.815446943561874,5.9123710269230445,5.782867439325093,5.835809230804443,5876000
2011-11-23,5.791010870468305,5.842323400347335,5.717706812494588,5.7217793464660645,4679000
2011-11-25,5.716080451423378,5.742144136497687,5.505942500258392,5.512458324432373,5784000
2011-11-28,5.693271772396357,5.813816209899349,5.602863929741863,5.60775089263916,10161000
2011-11-29,5.621599442144966,5.728297467080341,5.585761827891864,5.701419353485107,9577000
2011-11-30,6.036174544395398,6.09481774255737,5.7991584631642,5.883050918579102,9583000
2011-12-01,5.862688626871203,5.946581082286105,5.832552404073241,5.883050918579102,3927000
2011-12-02,5.964496196461541,5.964496196461541,5.856169365277051,5.880603790283203,8146000
2011-12-05,5.956352601679018,6.0793403432786475,5.910741071186068,6.025583744049072,6604000
2011-12-06,6.042688891002403,6.051648001419134,5.935990888251515,5.975086212158203,3865000
2011-12-07,5.946579970582656,6.085043062256818,5.88956564213496,6.054906845092773,5915000
2011-12-08,6.0076657763169985,6.067123386264323,5.93028955697049,5.940877914428711,4757000
2011-12-09,5.945764733363096,6.147757561044538,5.941692198660519,6.130653381347656,4855000
2011-12-12,6.096446024364852,6.096446024364852,5.984046611389074,6.042689800262451,4915000
2011-12-13,6.073638778633364,6.1290242382332,5.883048746266045,5.9262166023254395,6079000
2011-12-14,5.887119446897186,5.892006409115383,5.681053769894009,5.754357814788818,9222000
2011-12-15,5.808115911607332,5.878976304394137,5.781237804800042,5.823591232299805,7907000
2011-12-16,5.841510826103732,5.943321877449769,5.820334108781596,5.93110466003418,8276000
2011-12-19,5.9530954327657835,6.0052227934192715,5.799971456488031,5.828478813171387,4314000
2011-12-20,5.882235255189361,5.9416928704072305,5.836623715796043,5.925403118133545,6285000
2011-12-21,5.906668019072519,5.9139986579685715,5.8235904224836155,5.8993377685546875,3724000
2011-12-22,5.900154340660625,5.904226876151137,5.755989846674713,5.767392635345459,5359000
2011-12-23,5.782865489125206,5.819517516125723,5.694086505952008,5.779607772827148,4114000
2011-12-27,5.7812384996083654,5.89037979843424,5.762505071326668,5.868388652801514,3590000
2011-12-28,5.87979117452999,5.929475245670746,5.818704704797681,5.839881420135498,3883000
2011-12-29,5.855356955185589,5.870832277601945,5.797528200551485,5.811374664306641,2633000
2011-12-30,5.8227766388125,5.82521992646321,5.70549028725666,5.713634967803955,3875000
2012-01-03,5.7690194023468155,5.816259395565202,5.5825015515555565,5.657434463500977,11279000
2012-01-04,5.641144461263402,5.7038597691476225,5.596347368913901,5.650103569030762,6494000
2012-01-05,5.619970728355087,5.686758605155592,5.579246147998811,5.654179096221924,8287000
2012-01-06,5.645218769254364,5.764948419409218,5.633001164748827,5.677798271179199,6230000
2012-01-09,5.683499670306878,5.799156785742744,5.680241564759802,5.7502875328063965,4778000
2012-01-10,5.886305755315891,5.934360177788123,5.810558025633806,5.920514106750488,7118000
2012-01-11,5.905039824695495,6.027213140123469,5.905039824695495,5.940062999725342,5841000
2012-01-12,6.340790811770461,6.561517049811978,6.304138778901319,6.532196044921875,32872000
2012-01-13,6.519979576959979,6.607944160459544,6.50776197162412,6.56151819229126,12456000
2012-01-17,6.5362664953181175,6.561515737512048,6.508574354376267,6.555000305175781,9058000
2012-01-18,6.562332227790298,6.623418693674824,6.519163982154545,6.620975017547607,6322000
2012-01-19,6.649481605560279,6.677174528745271,6.5403403247401295,6.550929069519043,10983000
2012-01-20,6.557445416014667,6.585953160749901,6.471110082762051,6.515092372894287,4481000
2012-01-23,6.519163189453844,6.621789029995994,6.4377144487188485,6.55581521987915,5341000
2012-01-24,6.528123047006216,6.583508112790784,6.524050512892525,6.5729193687438965,4201000
2012-01-25,6.581064701080322,6.605499129986603,6.53545355998687,6.581064701080322,5427000
2012-01-26,6.622602168652226,6.658440153423378,6.454818135133711,6.502872943878174,5219000
2012-01-27,6.511833738226266,6.593282877339609,6.449932843018929,6.550114631652832,3409000
2012-01-30,6.546858406169593,6.629936422711165,6.517536616197851,6.588397026062012,5537000
2012-01-31,6.628305546026982,6.719528616606615,6.541155787000552,6.578621864318848,7452000
2012-02-01,6.597354642749857,6.665771352363271,6.5550012196301815,6.661698818206787,9689000
2012-02-02,6.5908375210417045,6.719526630910547,6.439342844456404,6.505316257476807,17079000
2012-02-03,6.559888483299274,6.650296731498544,6.552558231750573,6.61445951461792,7038000
2012-02-06,6.557444220249925,6.684504491576267,6.556630179459904,6.682875633239746,11657000
2012-02-07,6.707307867680618,7.096633622741013,6.68531712219657,6.92966365814209,20305000
2012-02-08,6.950028616528285,6.962246220588299,6.736632614837425,6.796905040740967,7184000
2012-02-09,6.821341090574788,6.865323388167136,6.713828634958661,6.78550386428833,5377000
2012-02-10,6.716270260856278,6.792832043536919,6.713826584859349,6.766767978668213,4739000
2012-02-13,6.8498471509481,6.906861088981221,6.803421182796852,6.894644260406494,5442000
2012-02-14,6.869394730248029,6.8848700523376465,6.809937118208081,6.8848700523376465,3479000
2012-02-15,6.922335660107119,6.923150477743401,6.760252974794869,6.814009189605713,6366000
2012-02-16,6.81889317287099,6.9125598811198845,6.778168618426635,6.792015075683594,4346000
2012-02-17,6.799348283698972,6.844145390759257,6.735004096614203,6.740705490112305,4809000
2012-02-21,6.813193677713082,6.879167489806124,6.760252285933186,6.790388107299805,6294000
2012-02-22,6.761879388416441,6.83436861508619,6.7276710416794545,6.814820766448975,6083000
2012-02-23,6.799325738028411,6.944512457485043,6.799325738028411,6.922490119934082,5692000
2012-02-24,6.933910071488885,6.9404348635623885,6.838477597627924,6.878444671630859,3641000
2012-02-27,6.871103533315699,7.175344117235973,6.869472335382382,7.1304826736450195,11419000
2012-02-28,7.170452556540126,7.2308107865475915,6.998348290886188,7.060338497161865,7331000
2012-02-29,7.093777260026337,7.1125379789892715,6.947774558900707,6.971428871154785,6006000
2012-03-01,7.004870420046791,7.20878489889375,6.995082456609401,7.137006759643555,7104000
2012-03-02,7.144348158519784,7.164740074899519,7.040759712501364,7.064414024353027,3291000
2012-03-05,7.066043984348292,7.087251106945176,6.990187468873,7.073384761810303,4120000
2012-03-06,6.973061515858453,7.061968424342199,6.942882406287222,6.987743854522705,5138000
2012-03-07,6.987741678499359,7.150057118269407,6.924935514953437,7.137006759643555,8050000
2012-03-08,7.165559987497634,7.177795145355254,7.097044970389162,7.1345648765563965,4224000
2012-03-09,7.129667635050303,7.172081893825067,7.048101513445854,7.126405239105225,5475000
2012-03-12,7.129668351468622,7.185948965473554,7.1019356495322015,7.124773979187012,4619000
2012-03-13,7.114167994413492,7.203890079483124,7.064412970464844,7.201443672180176,5779000
2012-03-14,7.182685576315802,7.200630311024094,7.075018723810537,7.14761209487915,3184000
2012-03-15,7.174529437095447,7.174529437095447,7.079913716739349,7.119064807891846,3316000
2012-03-16,7.1141722408314925,7.1370105751041555,6.971431873754925,6.999164581298828,6780000
2012-03-19,6.9746933621829585,7.075019444578543,6.900468785465093,7.040761947631836,4511000
2012-03-20,7.02934028208865,7.096224053941915,6.988557228758401,7.085620880126953,3590000
2012-03-21,7.101936810182362,7.256912326556178,7.066048111698506,7.162295818328857,5670000
2012-03-22,7.100304308239723,7.1835016344993,7.083991549331869,7.157400131225586,5590000
2012-03-23,7.137010834578075,7.1467988036039864,6.9771417109847915,7.017924785614014,5608000
2012-03-26,7.092965844599181,7.4224920831906305,7.0921498563447525,7.415966510772705,12835000
2012-03-27,7.449408514110386,7.564416181138109,7.4135190340237775,7.424938201904297,7855000
2012-03-28,7.452668123674777,7.517920709405795,7.342554093551616,7.446958541870117,6334000
2012-03-29,7.3980213671746995,7.452670796815493,7.330322349153663,7.433910846710205,5959000
2012-03-30,7.491005923204955,7.5032410778754866,7.386601448059082,7.386601448059082,7059000
2012-04-02,7.331133582889698,7.5472832195775865,7.330318372994354,7.492633819580078,6503000
2012-04-03,7.467352535551842,7.603567340849204,7.463274150151789,7.576650619506836,6690000
2012-04-04,7.514658618377527,7.570938450790282,7.498345082346783,7.555440902709961,5280000
2012-04-05,7.508136285511214,7.626407139109749,7.508136285511214,7.614171981811523,4965000
2012-04-09,7.52036835228727,7.592145734229888,7.448590192472425,7.587252140045166,4766000
2012-04-10,7.569306720040249,7.588882650750518,7.381705736123171,7.409437656402588,12585000
2012-04-11,7.46735066570325,7.535050446221426,7.427383587812084,7.528524875640869,7241000
2012-04-12,7.732437634870405,8.057070110893845,7.630480382651932,7.989370346069336,38649000
2012-04-13,7.983661519759931,8.1019315390233,7.937984865582198,8.024444580078125,16814000
2012-04-16,8.026072812524113,8.09295657112504,7.911880441399883,7.994261741638184,17048000
2012-04-17,8.021998530037498,8.106827058591016,7.99345061713435,8.085619926452637,9536000
2012-04-18,8.058703789038544,8.1410851372813,8.044022226457257,8.128849983215332,8673000
2012-04-19,8.154133451840977,8.254459511920189,8.017103494534878,8.065226554870605,14403000
2012-04-20,8.0945916950551,8.151688297249965,8.026891916002718,8.112536430358887,5204000
2012-04-23,8.028526248814014,8.119064384173168,7.968983220863624,8.108460426330566,6376000
2012-04-24,8.077461448259681,8.110903726510282,7.824607892165913,7.906173229217529,10202000
2012-04-25,7.9526659253003675,8.041572820075388,7.879256576914978,7.951849937438965,9525000
2012-04-26,8.094588736476153,8.112533465221128,7.870283127587879,7.954295635223389,8569000
2012-04-27,8.014652421139472,8.15576069366243,7.932271133565307,8.11416244506836,7237000
2012-04-30,8.112538148214323,8.123957315496888,7.999976896003406,8.026893615722656,5544000
2012-05-01,8.040757337482097,8.149240169026388,7.970611158262318,8.024444580078125,5608000
2012-05-02,7.996713944230978,8.217757270290658,7.959194048012024,8.137823104858398,8324000
2012-05-03,8.161471348246597,8.23814384501416,8.03667580814277,8.073380470275879,4501000
2012-05-04,8.034232119450031,8.055439247460672,7.7936129319970275,7.869468688964844,11115000
2012-05-07,7.80503353114064,7.891493256959306,7.777300828688192,7.829503059387207,5492000
2012-05-08,7.824607481929922,7.839289039582723,7.510578967171474,7.815634727478027,14363000
2012-05-09,7.7104152303753395,7.956743986919728,7.7104152303753395,7.887413024902344,9453000
2012-05-10,7.907804436198902,7.9934489347550555,7.8303174825910995,7.962453842163086,8210000
2012-05-11,7.915962417880253,8.11253617849525,7.901280857188038,8.045652389526367,8554000
2012-05-14,8.020365280898746,8.102746602173497,7.93227437850341,8.005682945251465,10457000
2012-05-15,7.98121523885226,8.061150170598973,7.882520361708603,7.9265666007995605,8712000
2012-05-16,7.933087231901206,8.054620374970769,7.933087231901206,8.009758949279785,9662000
2012-05-17,8.129094635335283,8.129094635335283,7.778463149559942,7.782549858093262,13074000
2012-05-18,7.805431207137743,7.834855027349092,7.4793193433091805,7.507925510406494,15041000
2012-05-21,7.503837647779253,7.6861009949292995,7.404124515126818,7.673023223876953,12770000
2012-05-22,7.71389046855935,7.95990505735854,7.7065347085854,7.910048484802246,9616000
2012-05-23,7.874087762027241,8.027744224923374,7.8577417112420065,8.008129119873047,10111000
2012-05-24,8.04081795310531,8.132357662124406,8.010576488267754,8.116011619567871,7669000
2012-05-25,8.158514871969828,8.206736920157732,8.08168587666163,8.142168045043945,6152000
2012-05-29,8.080867409211658,8.082501935689947,7.325661614079396,7.557780742645264,45004000
2012-05-30,7.493214478450069,7.519368467369629,7.187535348492202,7.316672325134277,22804000
2012-05-31,7.385331166147807,7.485862018150024,7.274992369111717,7.466246128082275,47455000
2012-06-01,7.413117248064953,7.416387081637279,7.2610953193930285,7.322394371032715,20598000
2012-06-04,7.248834571447123,7.309315958103583,6.957866986962025,6.979117393493652,25320000
2012-06-05,6.952147488691912,7.176094076534063,6.9317147301603805,7.16056489944458,12686000
2012-06-06,7.234939823801445,7.314220215501558,7.175275311619235,7.263545989990234,9641000
2012-06-07,7.308503202922563,7.339560787392161,7.131144090667656,7.148307800292969,8697000
2012-06-08,7.110707942357599,7.208786581212079,7.110707942357599,7.16792106628418,7087000
2012-06-11,7.239027853436203,7.3093171918529976,6.991378693312827,7.005273342132568,9849000
2012-06-12,7.051042480241314,7.193256448702185,7.028975198648919,7.185900688171387,6519000
2012-06-13,7.0780153920345565,7.0780153920345565,6.829549339485044,6.871232509613037,17932000
2012-06-14,6.91046238724098,7.118062086677684,6.873682808594221,7.09272575378418,12543000
2012-06-15,7.119697170109463,7.196525378380823,7.075561053546374,7.185082912445068,12069000
2012-06-18,7.0134457314727365,7.355903644102985,6.909645876306031,7.349364757537842,14324000
2012-06-19,7.369795698451373,7.457248696172068,7.356718709380719,7.432729244232178,8594000
2012-06-20,7.461338648239869,7.479320003198762,7.295422084977279,7.398405075073242,7804000
2012-06-21,7.379608528011017,7.392685525752095,7.180181389485185,7.200614929199219,6821000
2012-06-22,7.17609242879719,7.312585157507311,7.080465987226403,7.082918167114258,11051000
2012-06-25,7.020801491470484,7.152390640210317,6.996282030906284,7.076379299163818,8203000
2012-06-26,7.085371809485863,7.145853995946531,6.9766683398833775,7.08864164352417,8250000
2012-06-27,7.068205427977638,7.0886389600072155,6.712670544718004,6.790315628051758,24235000
2012-06-28,6.720844288435554,6.773153047829951,6.5868037257984,6.6873345375061035,17022000
2012-06-29,6.793586344056266,6.901472912927741,6.768249228721352,6.788681983947754,12064000
2012-07-02,6.8115672990867155,6.869597293695801,6.768249606163971,6.857337951660156,8287000
2012-07-03,6.861421852948595,6.871229010782742,6.7788716491065175,6.804208755493164,5636000
2012-07-05,6.76661540867142,6.906377215008987,6.76661540867142,6.872049808502197,7437000
2012-07-06,6.831183322696472,6.87123196249764,6.732287813314366,6.860607147216797,4887000
2012-07-09,6.863059761360618,6.905560584090428,6.81238552361513,6.900656223297119,5364000
2012-07-10,6.896569263069634,6.90637720483709,6.754355276631117,6.832818031311035,8050000
2012-07-11,6.82628056472628,6.841809742362736,6.425792169777948,6.536948204040527,18156000
2012-07-12,6.513246230136055,6.827098087653229,6.433148543531476,6.772337913513184,14863000
2012-07-13,6.75026646306218,6.816469854470864,6.594157876206954,6.621129512786865,11730000
2012-07-16,6.63175643273572,6.722479299353075,6.557379614264566,6.586803436279297,7058000
2012-07-17,6.586804080644323,6.618679306350463,6.397185304786744,6.4217047691345215,12472000
2012-07-18,6.3767520934857504,6.513244842235532,6.16751743648325,6.5001678466796875,16445000
2012-07-19,6.543485102206306,6.6848822019785175,6.530408107526595,6.644833564758301,10178000
2012-07-20,6.56718720435688,6.570456257919679,6.362039283558888,6.373481750488281,12649000
2012-07-23,6.275403917405628,6.63584361964467,6.248432273472693,6.595794200897217,16800000
2012-07-24,6.587618513129912,6.661176870209764,6.383287534995535,6.4331440925598145,9643000
2012-07-25,6.424974697712089,6.535313075062291,6.397185787480552,6.460937023162842,24792000
2012-07-26,7.314220771347568,7.655861044319084,7.1597466827292395,7.568408012390137,41940000
2012-07-27,7.623985466169918,7.641966819497873,7.450713157786464,7.514464378356934,13290000
2012-07-30,7.516100619774112,7.526725435896573,7.4327335000926595,7.512013912200928,7036000
2012-07-31,7.477684282860809,7.517732913938791,7.426193185760548,7.4270100593566895,5737000
2012-08-01,7.475234999601207,7.496485413227898,7.1924415133136055,7.200614929199219,8176000
2012-08-02,7.212057072786131,7.31749148276853,7.169556247458996,7.300327777862549,6182000
2012-08-03,7.511194886135743,7.511194886135743,7.313403108393198,7.392683506011963,4577000
2012-08-06,7.317491484214874,7.422109020342316,7.317491484214874,7.366530418395996,4963000
2012-08-07,7.46542517481117,7.592109971268614,7.418020777650341,7.444174766540527,6971000
2012-08-08,7.449894200483512,7.560232922092427,7.355902302576416,7.557780742645264,5409000
2012-08-09,7.5308102476838155,7.534080080595085,7.478501495158807,7.487492561340332,5755000
2012-08-10,7.4597041406629945,7.480954549502345,7.317490165914911,7.391866207122803,4493000
2012-08-13,7.3624460115122226,7.438456609038137,7.320762051438689,7.431100845336914,3715000
2012-08-14,7.447446242070703,7.467879001680802,7.370617226411566,7.382877349853516,3251000
2012-08-15,7.3583553812769535,7.395951833250615,7.330566089371556,7.364076614379883,3285000
2012-08-16,7.376364823387215,7.5934374703421845,7.318205730948761,7.559032917022705,4448000
2012-08-17,7.580332283777631,7.697469966874099,7.544290340390822,7.67944860458374,5221000
2012-08-20,7.684364762259432,7.739247552251771,7.603269786153606,7.695013999938965,6420000
2012-08-21,7.69255234960319,7.730233226323808,7.616372686388417,7.705658435821533,6099000
2012-08-22,7.680269984546612,7.9440331427394995,7.6696207465320185,7.884235858917236,8558000
2012-08-23,7.830987977354136,7.888327594982405,7.733509846192377,7.862934112548828,6272000
2012-08-24,7.8318083487873515,7.913722775426908,7.806414860905211,7.876041889190674,4796000
2012-08-27,7.92518783726388,7.964506091638468,7.889145127595191,7.926826000213623,5941000
2012-08-28,7.892422703914424,7.947304681364833,7.843273906532176,7.921092510223389,4751000
2012-08-29,7.916997637890421,7.93747585016497,7.867030143737792,7.867030143737793,4059000
2012-08-30,7.839997024102781,7.913719824347884,7.779380308498379,7.821156978607178,4516000
2012-08-31,7.855560743736605,7.9243682739954595,7.690913260681687,7.821156978607178,6454000
2012-09-04,7.979250813653137,8.15700437655716,7.922729897496348,8.140621185302734,10803000
2012-09-05,8.100485030447057,8.134070110311999,8.012836658873583,8.0472412109375,5699000
2012-09-06,8.113592165390006,8.27086757121974,8.05707201217068,8.263495445251465,5880000
2012-09-07,8.232362778461066,8.296255798342143,8.175022408089855,8.241373062133789,4029000
2012-09-10,8.17093234975777,8.270047873867538,8.16765524182142,8.220080375671387,3892000
2012-09-11,8.217625099372732,8.231550663817469,8.105403454879063,8.13161563873291,4093000
2012-09-12,8.15536949055378,8.170933216021673,7.998913544699304,8.068540573120117,6315000
2012-09-13,8.030857769766836,8.128335898764545,7.916997228036332,8.0062837600708,7539000
2012-09-14,8.03822819830649,8.083281190903412,7.930101641028689,7.94566535949707,5006000
2012-09-17,7.930104531133666,8.021029240272124,7.930104531133666,8.01693344116211,3747000
2012-09-18,8.020210488161025,8.030858940811028,7.891604896904938,7.936657905578613,5768000
2012-09-19,7.926826244764279,8.00792117223031,7.916177013472032,7.942389965057373,5987000
2012-09-20,7.903072141897518,7.975976265557532,7.820339038726441,7.9415717124938965,4357000
2012-09-21,7.994812481343473,8.011194887200505,7.93665341722397,7.975152969360352,6925000
2012-09-24,7.962868923197,7.968602884834026,7.874401863313259,7.9669647216796875,3036000
2012-09-25,8.011193879070726,8.072629260391928,7.933376093954057,7.94074821472168,4756000
2012-09-26,7.952222831075521,7.981712120182482,7.811330602489711,7.963690757751465,4074000
2012-09-27,8.016933939091015,8.200421532169527,7.9874454335774665,8.184039115905762,5879000
2012-09-28,8.166833611087505,8.170929408638326,8.045600190925045,8.100482940673828,5293000
2012-10-01,8.11113116053652,8.207789783358006,7.98006799881094,8.026759147644043,5709000
2012-10-02,8.058710347741211,8.207794158482647,7.98171119719421,8.034955024719238,4391000
2012-10-03,8.066898980974441,8.081644010427745,7.912900721573713,7.9767937660217285,5162000
2012-10-04,7.983350596430061,8.143082884924777,7.9727013605603085,8.142263412475586,3307000
2012-10-05,8.175023949074971,8.49776543407179,8.12669463445976,8.392096519470215,10038000
2012-10-08,8.389642447547597,8.465822903760001,8.273325035493842,8.314281463623047,4530000
2012-10-09,8.328204683950473,8.328204683950473,8.076728317437064,8.087377548217773,4641000
2012-10-10,8.068537265318904,8.14799324243545,7.995633158502289,8.043962478637695,5254000
2012-10-11,8.113590863769804,8.199601069451694,7.948944139578999,7.980890274047852,4149000
2012-10-12,8.016112518014957,8.03659072666919,7.916176766183489,7.960411071777344,3919000
2012-10-15,7.893239779126358,7.9522183239123825,7.667156919833544,7.937473297119141,8383000
2012-10-16,7.984167234444338,8.00218859294658,7.835902911202877,7.8481903076171875,5114000
2012-10-17,7.880137692475497,8.105401975246927,7.846553386868158,7.881775856018066,10089000
2012-10-18,7.880135253498509,7.912900857790231,7.791668200030224,7.863752841949463,3748000
2012-10-19,7.797399406702148,7.868664551331312,7.652411483161891,7.697464466094971,4262000
2012-10-22,7.699926612857213,7.757267025427932,7.559034389192792,7.740883827209473,7099000
2012-10-23,7.672894245172333,7.82607385321496,7.625384380918603,7.7957658767700195,5375000
2012-10-24,7.799859079357668,7.980069495798514,7.708114927058745,7.794943809509277,8242000
2012-10-25,7.782660211622623,7.812968189716754,7.3804617728324695,7.608182907104492,16674000
2012-10-26,7.626200867210306,7.636029843943547,7.501691120933815,7.5426483154296875,5485000
2012-10-31,7.551659972526802,7.896518690990009,7.546745483267854,7.879316806793213,9210000
2012-11-01,7.888326680080019,7.9948150870344445,7.785934071223103,7.942389965057373,7185000
2012-11-02,7.9325615668481,7.97843326350062,7.7253186784804715,7.746616363525391,5099000
2012-11-05,7.7408823894058045,7.767914036490251,7.70811678024871,7.754807949066162,3434000
2012-11-06,7.765458988453617,7.795767753388382,7.666343436914154,7.6958327293396,4977000
2012-11-07,7.618011449909714,7.658968656114433,7.4935016680383635,7.4992356300354,5449000
2012-11-08,7.502514648750564,7.5729603739158176,7.445993705415163,7.536098957061768,6004000
2012-11-09,7.409131325469536,7.580331515702446,7.393567600794379,7.552481174468994,3536000
2012-11-12,7.559032832078612,7.581149988878757,7.461555478817732,7.481215000152588,3523000
2012-11-13,7.429604953336046,7.49677508214282,7.388648548503966,7.403392791748047,9607000
2012-11-14,7.409129199414822,7.577053014538842,7.151918861111389,7.162568092346191,6548000
2012-11-15,7.111664506996077,7.191303429761952,7.0492676866195705,7.1174116134643555,7690000
2012-11-16,7.161748915587212,7.174064483372027,7.065689992416982,7.15682315826416,5756000
2012-11-19,7.240567465071966,7.380140771274277,7.240567465071966,7.333342552185059,5545000
2012-11-20,7.334982837811975,7.395738530587941,7.307067869594322,7.393275260925293,5974000
2012-11-21,7.442535075629023,7.465524284785806,7.348939452354123,7.375211715698242,3967000
2012-11-23,7.422011167232601,7.469629946172643,7.376854875093395,7.4491047859191895,1462000
2012-11-26,7.4302208035975195,7.515606839790346,7.319383070118223,7.370286464691162,5008000
2012-11-27,7.34237122655092,7.376853866896613,7.309530504842941,7.3431925773620605,4605000
2012-11-28,7.3407290672737915,7.467986761847452,7.306246428058488,7.4474616050720215,8498000
2012-11-29,7.501648144757253,7.553372098832952,7.323487075512043,7.421187877655029,4587000
2012-11-30,7.422010240100034,7.430220616369673,7.331698450087741,7.357970714569092,5827000
2012-12-03,7.311993944216177,7.388348252043967,7.208545237790474,7.28818416595459,10229000
2012-12-04,7.060762520745811,7.093603243880158,6.7643746616898826,6.846476078033447,27766000
2012-12-05,6.87603450930169,7.040238161882089,6.846477616941786,6.922011375427246,12129000
2012-12-06,6.91133483927033,7.022993107125579,6.881777962608283,6.945817470550537,8683000
2012-12-07,6.954031629633167,7.083752634330657,6.924474736883352,7.050911903381348,10081000
2012-12-10,7.041056419683868,7.100169395449785,6.950743863201573,6.963059425354004,7697000
2012-12-11,7.053372250586468,7.142863469742277,6.993437915213088,7.0829291343688965,12591000
2012-12-12,7.132193131792706,7.142045429874087,6.970451956026108,6.994261741638184,7661000
2012-12-13,7.045985181855259,7.180632723373274,7.004113505442,7.005755424499512,11378000
2012-12-14,6.996722512037292,7.0410574460706155,6.962239089580664,6.9844069480896,4895000
2012-12-17,7.019714129773579,7.199517217038451,7.0024728021989935,7.159287452697754,8281000
2012-12-18,7.4236491033246415,7.4236491033246415,7.121514271219156,7.1330084800720215,10863000
2012-12-19,7.2036186805484625,7.325950612617325,7.137115892172596,7.293109893798828,10058000
2012-12-20,7.2528798314905325,7.338265862480491,7.192124928429288,7.311993598937988,7436000
2012-12-21,7.227429389953613,7.283258540859795,7.160105242140519,7.227429389953613,10965000
2012-12-24,7.2635518648064465,7.3308752103040575,7.211006566398631,7.229069232940674,2457000
2012-12-26,7.227429191055962,7.250417618267952,7.131369511080629,7.149432182312012,5333000
2012-12-27,7.134655568561012,7.226610089007931,7.09935234891957,7.197874546051025,4067000
2012-12-28,7.1691389197013144,7.266019196534705,7.047627506632957,7.181453704833984,3276000
2012-12-31,7.160103156683611,7.275046045412999,7.082106951495027,7.254520893096924,5878000
2013-01-02,7.45649047734448,7.553370693741272,7.269298500046263,7.540234565734863,12641000
2013-01-03,7.540236021155303,7.708544797994838,7.492617254321549,7.53366756439209,9223000
2013-01-04,7.559942887828056,7.608383019981377,7.506576215870826,7.523817539215088,3593000
2013-01-07,7.481122848024855,7.5927811292096665,7.351401898448444,7.417903900146484,8032000
2013-01-08,7.466344963291373,7.582929797451682,7.44007269955771,7.541878700256348,6329000
2013-01-09,7.541876412807148,7.673239257602255,7.522171829491018,7.668313503265381,6474000
2013-01-10,7.687198300123615,7.694587324624506,7.57471866521045,7.638758182525635,5530000
2013-01-11,7.718398425585369,7.816100028281968,7.479481633442098,7.511501789093018,11079000
2013-01-14,7.519712251311493,7.612487315894123,7.4351467804645575,7.526279926300049,4646000
2013-01-15,7.509042593464476,7.651079210828233,7.4827703135862835,7.597712516784668,5155000
2013-01-16,7.593604704799919,7.6642127049481354,7.591142217713644,7.631371974945068,2628000
2013-01-17,7.668316692788734,7.738103330985898,7.640401724316011,7.716756820678711,2880000
2013-01-18,7.729891901736011,7.750417058359125,7.638758765637836,7.720860958099365,2271000
2013-01-22,7.7060807661797845,7.748773773454241,7.639578769337018,7.721680164337158,5233000
2013-01-23,7.669961206320755,7.7011600229384385,7.497547146740606,7.577186107635498,8918000
2013-01-24,7.577184647219854,7.7389250253696,7.554196214771246,7.682275295257568,4228000
2013-01-25,7.710189137158348,7.892455452479406,7.6543599775883715,7.870288372039795,5352000
2013-01-28,7.8760347950944,7.901485711241502,7.7348188150105095,7.7783331871032715,6565000
2013-01-29,7.727429684339984,7.782438270395496,7.628086941859515,7.716756820678711,6316000
2013-01-30,7.663389118457026,7.7701216555784445,7.6477897175321825,7.753701686859131,8321000
2013-01-31,8.341552477171609,8.606741562678017,8.210189569339724,8.511503219604492,34298000
2013-02-01,8.513144622665868,8.601814493625838,8.378497114591644,8.535311698913574,10989000
2013-02-04,8.311172219613955,8.445818919877139,8.311172219613955,8.387526512145996,10539000
2013-02-05,8.376033534418697,8.533669463710307,8.376033534418697,8.500828742980957,4449000
2013-02-06,8.453210901573254,8.52628216596228,8.402308283070028,8.455674171447754,4047000
2013-02-07,8.476196435727672,8.509857716465712,8.416262114698295,8.460597038269043,5707000
2013-02-08,8.456494569435042,8.54188060760498,8.451568030241216,8.54188060760498,5051000
2013-02-11,8.50083062054258,8.533671348525397,8.436791083528378,8.472915649414062,3282000
2013-02-12,8.49015674655736,8.509040771457242,8.409697239188935,8.453210830688477,3998000
2013-02-13,8.427760502446144,8.472916016010808,8.401487449132306,8.464706420898438,3706000
2013-02-14,8.486048950230582,8.600170490055987,8.417904253388791,8.518068313598633,5975000
2013-02-15,8.537772252467095,8.651072433100174,8.44089203609223,8.519709587097168,8254000
2013-02-19,8.531207346961194,8.61166763255881,8.420369605905469,8.492619514465332,6353000
2013-02-20,8.416262409027166,8.492616697797533,8.336623500740288,8.338265419006348,7507000
2013-02-21,8.315231733949235,8.397495916945116,8.283971375791976,8.299601554870605,6847000
2013-02-22,8.30865035178916,8.36294448799971,8.27574483846547,8.329216003417969,4521000
2013-02-25,8.379398630111526,8.453436246929458,8.325104482382306,8.332508087158203,8163000
2013-02-26,8.432873605954736,8.492103249867846,8.350609383516215,8.433695793151855,5476000
2013-02-27,8.434517174128308,8.553799411184782,8.421355120688844,8.494569778442383,2368000
2013-02-28,8.47976393756732,8.629484392893096,8.47976393756732,8.554624557495117,5125000
2013-03-01,8.54228382431561,8.612208175548194,8.438631755013263,8.480586051940918,9065000
2013-03-04,8.490455522704075,8.534877938334212,8.438629501890501,8.529119491577148,9218000
2013-03-05,8.574363498598771,8.61302746124869,8.527472960611577,8.579298973083496,6893000
2013-03-06,8.617963146698033,8.661563369429397,8.54474850727457,8.574363708496094,9913000
2013-03-07,8.535703446898923,8.571076324903688,8.37035281569337,8.54063892364502,9206000
2013-03-08,8.555442329055612,8.632771039884862,8.485518006843307,8.613027572631836,6677000
2013-03-11,8.60480234857611,8.637707870989171,8.538991303749983,8.55955696105957,3850000
2013-03-12,8.55955759169545,8.55955759169545,8.446855992608134,8.466599464416504,5089000
2013-03-13,8.439450855260343,8.573541060384395,8.439450855260343,8.455904006958008,4657000
2013-03-14,8.478940256516543,8.481408386894563,8.409838097639767,8.43122673034668,4205000
2013-03-15,8.387626818687966,8.425467821274335,8.300427133891509,8.309475898742676,35134000
2013-03-18,8.24448443395206,8.367056940794388,8.196770929973253,8.32839298248291,5648000
2013-03-19,8.348139891556503,8.358834599613246,8.228857651454428,8.274925231933594,4905000
2013-03-20,8.31605915422304,8.432874074140484,8.267523432886202,8.418889045715332,5654000
2013-03-21,8.35225310395595,8.42546776290823,8.322637894835053,8.3810453414917,3395000
2013-03-22,8.417242537289862,8.434517880976209,8.367060880452739,8.399967193603516,3292000
2013-03-25,8.441097050743384,8.452613944535132,8.302071353744601,8.34731674194336,3122000
2013-03-26,8.376932031546819,8.391740028334825,8.318525369566771,8.383513450622559,4976000
2013-03-27,8.336618230117704,8.48633856560459,8.321811026152208,8.485515594482422,3481000
2013-03-28,8.446854319601645,8.580122335647925,8.446854319601645,8.566137313842773,3843000
2013-04-01,8.555445595279698,8.555445595279698,8.416419869135183,8.455083847045898,4241000
2013-04-02,8.474001825852595,8.479760272240307,8.395028734745468,8.441096305847168,3076000
2013-04-03,8.427938354284237,8.442745570903915,8.254361906796317,8.364595413208008,4162000
2013-04-04,8.372817699402098,8.529118719165885,8.346492813375596,8.520892143249512,4497000
2013-04-05,8.42217400121888,8.742180369580026,8.306182126927816,8.722436904907227,7362000
2013-04-08,8.701049176402352,8.946195782977602,8.701049176402352,8.937969207763672,13569000
2013-04-09,8.944550270395679,8.974165469274633,8.752875625777058,8.91987133026123,7255000
2013-04-10,8.957715591251045,9.031753223225554,8.88450093087766,8.93879508972168,7373000
2013-04-11,8.957715379490041,9.005428117986083,8.860643959334622,8.943730354309082,7459000
2013-04-12,8.905066619838346,8.966764385173137,8.746297431739867,8.831851959228516,4983000
2013-04-15,8.779202924371681,8.866402610195417,8.564494419420054,8.622078895568848,5194000
2013-04-16,8.70187291626614,8.717503096741273,8.578477415276733,8.697759628295898,3973000
2013-04-17,8.62948170616765,8.706809648302993,8.525829658657134,8.688712120056152,5073000
2013-04-18,8.672256715582813,8.775909520727799,8.52006900084515,8.737245559692383,7390000
2013-04-19,8.745472865239595,8.89766139087207,8.739714418652236,8.889434814453125,4931000
2013-04-22,8.905066324003531,9.095095874258332,8.890259111864578,9.015299797058105,8902000
2013-04-23,8.906710697801753,9.295819313246962,8.906710697801753,9.154325485229492,10687000
2013-04-24,9.175714245675518,9.262090950992373,9.101676621387032,9.217668533325195,8437000
2013-04-25,9.039154733198739,9.313915781042743,8.803057651047823,9.118127822875977,24823000
2013-04-26,9.136226703597561,9.154325014988224,8.904242894954093,8.925631523132324,7038000
2013-04-29,8.96593961023563,8.96840773980494,8.807170467963118,8.854883193969727,6346000
2013-04-30,8.857352381616183,8.87874100986992,8.728197640629205,8.8162202835083,10389000
2013-05-01,8.770973245833284,8.874626050788164,8.649222917360575,8.6648530960083,4434000
2013-05-02,8.830207225610575,8.966764816806586,8.756169589833013,8.918229103088379,5010000
2013-05-03,9.081932336284456,9.141984931130628,9.025170058146996,9.109902381896973,6651000
2013-05-06,9.141987986676147,9.229187684837843,9.131294061533842,9.203685760498047,4149000
2013-05-07,9.239879630749979,9.31144912111965,9.163373880614385,9.30980396270752,4524000
2013-05-08,9.291704935387832,9.312270590749632,9.136226101739528,9.155146598815918,3773000
2013-05-09,9.169954159902744,9.204504835854976,9.09756170705324,9.17324447631836,2946000
2013-05-10,9.165841661275666,9.36409775618021,9.128822852559779,9.358339309692383,4595000
2013-05-13,9.304047430372352,9.390424148753347,9.249753268952958,9.379730224609375,3917000
2013-05-14,9.370680170310838,9.466106433478553,9.360808433808685,9.43155574798584,3929000
2013-05-15,9.394535389657161,9.471863325785447,9.386308813167894,9.455410957336426,5013000
2013-05-16,9.433148312527,9.560946186093068,9.256704700378661,9.311121940612793,5457000
2013-05-17,9.35811620136488,9.390271477010241,9.222897189115995,9.283910751342773,2725000
2013-05-20,9.282265777080658,9.327612959639822,9.234444082487478,9.25340747833252,2916000
2013-05-21,9.286389029045461,9.444694132532687,9.271548245031305,9.429028511047363,4395000
2013-05-22,9.423256552896541,9.497462042002796,9.086034861117918,9.170958518981934,5785000
2013-05-23,9.113243383479116,9.17178246487614,9.028318940281125,9.168484687805176,4321000
2013-05-24,9.130557892564148,9.201464817439756,9.083561030915499,9.168484687805176,2338000
2013-05-28,9.251758050802518,9.402642730350049,9.226198316614328,9.230320930480957,4125000
2013-05-29,9.166835740303119,9.299581095409446,9.134680448297276,9.203938484191895,3175000
2013-05-30,9.213008057151354,9.395224005338862,9.213008057151354,9.335859298706055,4108000
2013-05-31,9.309473003504596,9.437270876398472,9.22949603171629,9.232793807983398,4535000
2013-06-03,9.206411321189966,9.314420979069148,8.974725600187215,9.086033821105957,6065000
2013-06-04,9.070365971602618,9.127256144614739,8.791683462324476,8.95576000213623,5161000
2013-06-05,8.948337640991804,9.109116383576314,8.917006414976525,9.06871509552002,5588000
2013-06-06,9.047279553307217,9.245985107378509,9.008527932571361,9.245161056518555,2971000
2013-06-07,9.328438580370179,9.45128981762392,9.23774342132719,9.359769821166992,3685000
2013-06-10,9.387802051763542,9.447990804558714,9.290510556964962,9.379557609558105,2680000
2013-06-11,9.269899356397328,9.487568382249538,9.264952690495397,9.429028511047363,4639000
2013-06-12,9.48756697784235,9.502407759659684,9.28144098924836,9.291335105895996,5029000
2013-06-13,9.275671122283121,9.452114792046027,9.235270597528032,9.440571784973145,2237000
2013-06-14,9.449639455263934,9.472725463553898,9.398519987588623,9.455410957336426,5680000
2013-06-17,9.48839088461346,9.556000019817983,9.4397451434953,9.525493621826172,2717000
2013-06-18,9.549406715655978,9.708535881719637,9.52632070050772,9.696992874145508,3782000
2013-06-19,9.686272490420153,9.72502411932114,9.560123487156481,9.565070152282715,4027000
2013-06-20,9.443866375968579,9.534561505719015,9.259176767877564,9.27896499633789,5384000
2013-06-21,9.289686977803957,9.37873324861228,8.941746337194912,9.086858749389648,12854000
2013-06-24,9.038212193017886,9.290510199897746,8.924431031873175,9.167659759521484,7759000
2013-06-25,9.227022215347837,9.336681531382828,9.151167857795693,9.231968879699707,3285000
2013-06-26,9.415010777870737,9.415010777870737,9.171782038263522,9.307001113891602,2761000
2013-06-27,9.424903545550551,9.650817744533532,9.405940151527119,9.604645729064941,7365000
2013-06-28,9.579088087633984,9.748111355148216,9.549405734218922,9.692045211791992,10023000
2013-07-01,9.790984100073693,9.793457825722177,9.5477553795251,9.595576286315918,6957000
2013-07-02,9.473546219924762,9.672251733141703,9.399340769765846,9.555996894836426,4693000
2013-07-03,9.529615886975563,9.628557048292999,9.491689097060718,9.588155746459961,2022000
2013-07-05,9.734093224757526,9.800053476445804,9.564245930498913,9.795930862426758,2911000
2013-07-08,9.846225029832574,9.935271279659652,9.75717799369737,9.823138236999512,3737000
2013-07-09,9.870138121064473,9.93032688123565,9.823966093822662,9.907240867614746,2926000
2013-07-10,9.940219325992691,10.075438393976397,9.935272660895984,10.072964668273926,3547000
2013-07-11,10.141395326144591,10.204057781369864,10.086153259289054,10.133150100708008,4601000
2013-07-12,10.10429561424285,10.157063971957813,10.045755754261013,10.14222240447998,2509000
2013-07-15,10.192515069384696,10.260948240787059,10.081206881757577,10.105941772460938,3497000
2013-07-16,10.134802157982795,10.166958232718425,9.896520887027036,9.950113296508789,4357000
2013-07-17,9.945989415807288,9.97154914761397,9.71925117842615,9.819840431213379,7979000
2013-07-18,9.864365890575536,10.015250591774121,9.864365890575536,9.955885887145996,6174000
2013-07-19,9.98721391441608,10.119959226547051,9.91465733865308,10.099346160888672,2661000
2013-07-22,10.066368088460528,10.210656432168276,10.058947697838297,10.064719200134277,3715000
2013-07-23,10.113364077339071,10.133977145421003,10.009477044915462,10.065543174743652,4314000
2013-07-24,10.053178435495033,10.115016086202651,9.876734764341393,9.998761177062988,5192000
2013-07-25,9.771193201847383,9.84869643635191,9.568365052785412,9.756352424621582,11611000
2013-07-26,9.77779125707687,9.835506274545574,9.657413771323206,9.826436996459961,6457000
2013-07-29,9.853649827579005,9.925381604601219,9.812424460496183,9.842106819152832,3974000
2013-07-30,9.937747088526043,10.045756754028028,9.877557547927916,9.905591011047363,4165000
2013-07-31,9.960007387011892,10.081209722333053,9.914659419354734,9.98886489868164,3993000
2013-08-01,10.086159087263262,10.18839805461337,9.951764822961705,10.138927459716797,6601000
2013-08-02,10.14139907238851,10.17273031157494,10.008653724531953,10.166958808898926,3363000
2013-08-05,10.12820577144613,10.15129177894274,10.063069576316556,10.111715316772461,2394000
2013-08-06,10.068842887878418,10.149644714947343,9.936922372011427,10.068842887878418,4179000
2013-08-07,10.061422677059062,10.062247514479063,9.842104776178202,9.878382682800293,3349000
2013-08-08,9.927031798320677,10.030919674120117,9.873439364484554,10.01855182647705,4010000
2013-08-09,10.016901849307049,10.10512330339046,9.955888241727502,10.089458465576172,3637000
2013-08-12,10.047406759660051,10.091929898858565,9.89569799412868,9.913012504577637,4338000
2013-08-13,9.935271215314526,10.05729758600238,9.804999617690271,10.05317497253418,3062000
2013-08-14,10.021020319507565,10.02596698419611,9.867662705848355,9.921255111694336,1969000
2013-08-15,9.844412172142428,9.995623608463125,9.631229972493093,9.651061058044434,3046000
2013-08-16,9.638663845074303,9.798964157568841,9.613048765447772,9.64775276184082,2766000
2013-08-19,9.608919551273,9.773351444295283,9.608919551273,9.7279052734375,3207000
2013-08-20,9.727077764471412,9.950175462641626,9.711378223858429,9.945218086242676,3303000
2013-08-21,9.913820642132011,9.94935127022988,9.732036747966847,9.765914916992188,4254000
2013-08-22,9.769216127887272,10.037759931534927,9.724596597817342,10.02206039428711,2982000
2013-08-23,10.007191106859482,10.09973511742806,9.952656018342717,9.998102188110352,3070000
2013-08-26,10.0278461829111,10.099733260190174,9.957611564372453,10.043545722961426,1948000
2013-08-27,9.918776169735255,10.02454141076441,9.87663571320546,9.944391250610352,3206000
2013-08-28,9.921256929203109,10.007191103566216,9.896468467524825,9.898946762084961,1698000
2013-08-29,9.956785082552507,10.298042612635815,9.940258920199524,10.227807998657227,6044000
2013-08-30,10.255906239663362,10.255906239663362,10.039418295744824,10.111306190490723,4448000
2013-09-03,10.259206684480546,10.286474220911817,9.956784701876249,10.036934852600098,6393000
2013-09-04,10.078251897737431,10.243510415654296,10.011322970231895,10.22285270690918,3378000
2013-09-05,10.204672715336757,10.324484248730565,10.184841634330802,10.30465316772461,4473000
2013-09-06,10.328612365328981,10.33604882123807,10.068331680447349,10.217889785766602,4339000
2013-09-09,10.265817416054915,10.545103427069513,10.265817416054915,10.480652809143066,5195000
2013-09-10,10.52857885122907,10.687226731891897,10.464128223585824,10.683921813964844,4324000
2013-09-11,10.698793325482614,10.864051020263934,10.66161024565546,10.814474105834961,4123000
2013-09-12,10.84257125201407,10.84339787568012,10.756637063234328,10.797951698303223,4825000
2013-09-13,10.806213243209642,10.859095874001579,10.740110151722474,10.783077239990234,3119000
2013-09-16,10.964034774839838,10.964034774839838,10.740936244714824,10.784729957580566,4433000
2013-09-17,10.773985296936141,10.880577159945869,10.773985296936141,10.803731918334961,3742000
2013-09-18,10.807864362354163,10.856615445382698,10.627733736187777,10.836784362792969,4428000
2013-09-19,10.896275423805479,10.968988328027292,10.811993733718953,10.8739652633667,2561000
2013-09-20,10.90453906630613,10.936764770038712,10.752501828825826,10.78142261505127,7640000
2013-09-23,10.804559089168519,10.811168924473717,10.66574230361782,10.729366302490234,3576000
2013-09-24,10.763245704489655,10.872315879679892,10.702926616331752,10.741762161254883,3065000
2013-09-25,10.765723653391703,10.847526276170585,10.668221489593991,10.746718406677246,2431000
2013-09-26,10.763242538157625,10.94915791299882,10.727711921719637,10.934284210205078,3399000
2013-09-27,10.92024091904767,11.093761733092373,10.801255195473844,10.973123550415039,4057000
2013-09-30,10.911975768730578,11.120200533506093,10.878924231274318,11.100369453430176,4342000
2013-10-01,11.24414437914413,11.384613620044977,11.1400323835657,11.282154083251953,6971000
2013-10-02,11.230923637293047,11.402791954809913,11.196219639643106,11.358172416687012,4408000
2013-10-03,11.379655210159113,11.444105825001607,11.146641206340618,11.270585060119629,3072500
2013-10-04,11.29207033774771,11.368088962757632,11.227619712977717,11.325121879577637,2342000
2013-10-07,11.239189761581313,11.287114230165212,11.032617390493337,11.037574768066406,4133500
2013-10-08,11.029308090214649,11.054097334035626,10.819430869132844,10.822735786437988,4540500
2013-10-09,10.847525923256407,10.892145462592243,10.604596357081354,10.688878059387207,3718000
2013-10-10,10.845874733488724,10.887188572070404,10.783076564108791,10.878926277160645,3105500
2013-10-11,10.911973558057193,10.920235849739278,10.74175774123579,10.882226943969727,3471500
2013-10-14,10.840915043810003,10.873966582833384,10.759939049006517,10.85909366607666,2610000
2013-10-15,10.850831813885382,10.880578438780432,10.708710101179168,10.738456726074219,2722500
2013-10-16,10.783075238110001,11.087149717703888,10.741760616597837,11.02104663848877,4073500
2013-10-17,10.999564551087907,11.04748901404459,10.908672214154558,10.97973346710205,4001000
2013-10-18,11.03426689311898,11.149947673616259,10.986341649365304,11.10367488861084,2579500
2013-10-21,11.148296829688986,11.382963358758563,11.110287906254346,11.378005981445312,5783000
2013-10-22,11.485421686370705,11.568050936838208,11.29041734871702,11.326774597167969,6524500
2013-10-23,11.323471192962716,11.338344113310173,11.13011928839057,11.301987648010254,4820500
2013-10-24,11.568049769571703,12.270395963642898,11.406096990844569,12.219165802001953,17982500
2013-10-25,12.238994518121356,12.379463729791675,12.077041770689565,12.100177764892578,7412500
2013-10-28,12.12001090989597,12.17785090527105,11.817588899200425,11.87377643585205,6889500
2013-10-29,11.86386269587726,12.002679493854156,11.784539149038016,11.939881324768066,3968000
2013-10-30,11.941531698738343,12.009288020927723,11.753138012384763,11.822546005249023,4360000
2013-10-31,11.786191928010382,11.860558099946028,11.665553751496459,11.791150093078613,5224500
2013-11-01,11.716783986867195,11.815938620667263,11.683732442267173,11.753140449523926,4571500
2013-11-04,11.644068501587638,11.848988362128155,11.644068501587638,11.73165512084961,5163500
2013-11-05,11.683730890105394,11.768011805431753,11.576313187422818,11.693646430969238,4832500
2013-11-06,11.725043452962767,11.891954382729551,11.658940379712227,11.797757148742676,4761500
2013-11-07,11.825852155124993,11.88864952759598,11.55482922021309,11.574660301208496,4351500
2013-11-08,11.577967627047476,11.829159533214625,11.573009461761847,11.794455528259277,4430000
2013-11-11,11.815938270276993,11.888651193434221,11.72504593431402,11.862210273742676,2646500
2013-11-12,11.799409044446406,12.04068532910115,11.75644197008235,11.954751968383789,3633000
2013-11-13,11.893606704719867,12.148103455009586,11.87873378921314,12.146450996398926,5432500
2013-11-14,12.139829066261557,12.229226250109221,12.043809547185292,12.143139839172363,3103500
2013-11-15,12.161355212561695,12.267307089954725,12.086857268386701,12.26565170288086,2734500
2013-11-18,12.325244124609592,12.35007649694119,12.040496378285926,12.080228805541992,2884500
2013-11-19,12.09844251799315,12.172940442159994,11.833560922132472,11.84018325805664,4213000
2013-11-20,11.871635340436608,11.967654848311803,11.7474726872886,11.805415153503418,2839000
2013-11-21,11.889848308843007,12.028910252795972,11.790518010559301,12.025599479675293,2590500
2013-11-22,11.95441166648979,12.129895251045005,11.95441166648979,12.116650581359863,2611000
2013-11-25,12.181219310265242,12.245784135505343,12.098444439803425,12.167975425720215,3005000
2013-11-26,12.15141919237711,12.33352435743375,12.144796856259356,12.30869197845459,3857000
2013-11-27,12.293793569552454,12.298759729933096,12.17956319731906,12.25737190246582,1946000
2013-11-29,12.305382297563945,12.341803175927279,12.11334321657801,12.119965553283691,1657000
2013-12-02,12.126586018714391,12.328558192036413,12.014011830611222,12.19942855834961,2605000
2013-12-03,12.151418493882314,12.211016357887882,11.970967936469007,12.149763107299805,6903000
2013-12-04,12.091822344576624,12.143143286297748,11.858396210554396,12.038846015930176,4166500
2013-12-05,12.015668468284979,12.06202245769389,11.873294936952478,12.027256965637207,4686500
2013-12-06,12.0421546963023,12.149762714759218,11.919646620270102,12.045465469360352,5092000
2013-12-09,12.04712284139093,12.138175430750035,11.969314135853798,12.002424240112305,3999500
2013-12-10,11.92130155150332,12.023942610249383,11.828592810894374,11.876602172851562,5331500
2013-12-11,11.866672212824614,11.992490284373376,11.800451219569304,11.828595161437988,4391000
2013-12-12,11.795486979626238,11.876606466252738,11.734232925862289,11.813697814941406,3529000
2013-12-13,11.813696102359302,12.023945213853207,11.802107605949736,11.924614906311035,4331000
2013-12-16,12.090164968659836,12.244126979087218,12.004078547447609,12.182873725891113,6972500
2013-12-17,12.167973555178165,12.247437639639774,12.088509470716556,12.146451950073242,6659500
2013-12-18,12.214327343554073,12.383189408420579,12.057054563780852,12.369945526123047,6676000
2013-12-19,12.293796223417596,12.396437331439024,12.141489553832688,12.262341499328613,4726500
2013-12-20,12.280550735391401,12.499077598959667,12.263995287226669,12.403058052062988,33120500
2013-12-23,12.747404249154084,12.747404249154084,12.515633478098726,12.573575973510742,6766500
2013-12-24,12.58185270300369,12.648072918066298,12.474244656175147,12.595096588134766,1954500
2013-12-26,12.628203805765501,12.732501054795186,12.600060654978288,12.601716041564941,2250500
2013-12-27,12.596750622650688,12.63648227128824,12.371601456076158,12.505697250366211,3636000
2013-12-30,12.404711352807281,12.659659054291438,12.404711352807281,12.619927406311035,3202000
2013-12-31,12.701046517963757,12.94109494332016,12.69111340889872,12.843420028686523,7222000
2014-01-02,12.846735666672773,12.866601101697679,12.60337560148906,12.71429443359375,4276500
2014-01-03,12.67455772756525,12.725877865939378,12.596749037359222,12.6613130569458,3718500
2014-01-06,12.74740420448399,12.811969037462825,12.474245599345569,12.492456436157227,3378000
2014-01-07,12.56529674855108,12.68283710505495,12.522253534257105,12.570262908935547,3667500
2014-01-08,12.669595757780217,12.687806594983423,12.479212818338887,12.63979721069336,3900500
2014-01-09,12.692771697089437,12.737470303396718,12.595096760127207,12.697738647460938,2946500
2014-01-10,12.742437487941205,12.780513757588642,12.628207100184374,12.677872657775879,2911000
2014-01-13,12.68448986382809,12.715944572676698,12.100095854715994,12.151416778564453,7262000
2014-01-14,12.163007688527859,12.350079803024588,12.020634171956457,12.30869197845459,4910500
2014-01-15,12.316970591904845,12.504042719928982,12.282205100938665,12.446100234985352,3811500
2014-01-16,12.42789158084169,12.494111800792151,12.20274235936575,12.30207347869873,4263500
2014-01-17,12.515629204327588,12.537150808046867,12.224259860851745,12.278891563415527,10305000
2014-01-21,12.315314537655413,12.40140096171013,12.05043292925354,12.07029914855957,13341000
2014-01-22,12.101756455785754,12.172943625309053,11.817009356507116,12.111689567565918,12597500
2014-01-23,11.977590521368414,12.133207915060153,11.787206851092572,11.898125648498535,150055000
2014-01-24,11.798796964469005,11.85011790366588,11.606758670654251,11.61834716796875,12883000
2014-01-27,11.691190186640274,11.740855744350535,11.608415309666187,11.664702415466309,8208500
2014-01-28,11.656422730543138,11.745819929979323,11.629934963823944,11.70112133026123,6531000
2014-01-29,11.712711678951255,11.730922514829746,11.376644434552842,11.422998428344727,11931500
2014-01-30,10.78066070558306,11.283934621893248,10.699540434485439,11.168048858642578,25698500
2014-01-31,10.914756028181966,11.073685000193642,10.90482291809329,11.010775566101074,10491500
2014-02-03,10.969386492088889,10.98097498764057,10.434657941898312,10.499222755432129,11414500
2014-02-04,10.557168067779521,10.620077511612372,10.48267012528349,10.520747184753418,8043500
2014-02-05,10.414793893004992,10.573722880050576,10.274075741079162,10.552201271057129,8136500
2014-02-06,10.583654072542238,10.79390317414635,10.557165518132708,10.777348518371582,8135500
2014-02-07,10.79721600642593,11.033953707584946,10.764105899155295,11.012432098388672,8243000
2014-02-10,11.025673814686323,11.05050698231008,10.888267251774048,10.929655075073242,4741500
2014-02-11,10.919724763493598,10.999188867789618,10.856815319114249,10.87171459197998,6364000
2014-02-12,10.843570950483013,10.951178208668278,10.843570950483013,10.926345825195312,4990500
2014-02-13,10.861778286712804,11.05216195092564,10.81376891872206,10.95614242553711,5742000
2014-02-14,10.6167638275243,10.962764884360125,10.606830718620307,10.876678466796875,6329000
2014-02-18,10.871709427586744,11.030638350089976,10.83032161334463,11.014082908630371,6154000
2014-02-19,10.97104186026637,11.047195169224047,10.848534569179773,10.863433837890625,6163500
2014-02-20,10.911540264537892,10.948033437762652,10.785471644531064,10.909881591796875,6567000
2014-02-21,10.93310377466288,11.070783093562696,10.820305335992137,11.014384269714355,5953500
2014-02-24,11.01604767038017,11.19519783646594,10.95633147566785,11.075764656066895,4582000
2014-02-25,11.278130261951565,11.545196281766351,11.25822540299255,11.47884464263916,9579500
2014-02-26,11.50538920414572,11.765819839230995,11.409179054811935,11.687856674194336,8996000
2014-02-27,11.770793842533033,11.770793842533033,11.576714917198647,11.664630889892578,5068000
2014-02-28,11.664631670258213,11.823875318898288,11.623161689954872,11.704442977905273,4724000
2014-03-03,11.599939473881163,11.659655648408854,11.445671832795979,11.636432647705078,5186500
2014-03-04,11.770792807752905,11.97814188619561,11.770792807752905,11.900177955627441,6506000
2014-03-05,11.85041461974661,12.024587877277442,11.85041461974661,11.900177955627441,4255500
2014-03-06,11.959899769827517,12.061085946097148,11.818902275889837,11.991416931152344,3511000
2014-03-07,12.041180761542126,12.10753243295282,11.94497139167864,12.062745094299316,4013500
2014-03-10,12.056104498590035,12.0876216457242,11.958235712533602,12.034540176391602,4400500
2014-03-11,12.06108176309835,12.084304760025802,11.95160146845522,11.963212966918945,4686500
2014-03-12,11.916767669228314,11.96321366579654,11.847098674375976,11.958237648010254,3108500
2014-03-13,11.983118891291253,12.049470538585082,11.71107682099695,11.755864143371582,3482000
2014-03-14,11.752549528926401,11.921746031545144,11.742596700422451,11.787384033203125,3864500
2014-03-17,11.862025532271572,12.05776310328657,11.813920871163615,11.996387481689453,4944500
2014-03-18,12.047810467805624,12.293311376105667,12.017951992696503,12.276723861694336,5885000
2014-03-19,12.273410149004013,12.318197479434373,12.099236845786317,12.202081680297852,4843500
2014-03-20,12.122459747672814,12.293314912841348,12.122459747672814,12.286680221557617,3178000
2014-03-21,12.31653998783818,12.38952634540463,12.210377006501576,12.336444854736328,11060500
2014-03-24,12.36298184823643,12.422698010846812,11.966530660673836,12.142362594604492,5897500
2014-03-25,12.230280143469143,12.230280143469143,11.893545074962658,11.916768074035645,6674000
2014-03-26,11.939993868918558,11.988099341954529,11.674587199110578,11.682881355285645,5183500
2014-03-27,11.676245048598705,11.757525558653507,11.56842339885055,11.651363372802734,5370000
2014-03-28,11.684540533122096,11.858713865451799,11.654682044186469,11.739280700683594,3302000
2014-03-31,11.623161179270483,11.767475976689223,11.601596853738139,11.71605396270752,4468500
2014-04-01,11.740937614590074,11.905158092668565,11.722690631145515,11.89686393737793,4154000
2014-04-02,11.913448606999472,11.996387761635605,11.798991513696528,11.986434936523438,3038500
2014-04-03,12.10752936500238,12.10752936500238,11.734301110146685,11.784065246582031,3706000
2014-04-04,11.820560625654183,11.820560625654183,11.419132486728595,11.470555305480957,5642500
2014-04-07,11.467233506885506,11.470550851654277,10.986183712559614,11.11059284210205,7015000
2014-04-08,11.09235166863879,11.42245216606829,11.06083529489479,11.26154899597168,6444000
2014-04-09,11.279794460650082,11.472213978509378,11.276476323618978,11.470555305480957,4287000
2014-04-10,11.445670716774256,11.475529196613788,11.163675808340361,11.21343994140625,6156000
2014-04-11,11.107278025966638,11.332873341080225,11.030973542096069,11.1288423538208,5435500
2014-04-14,11.21178267076289,11.256570003795211,10.99448069732505,11.089032173156738,3204500
2014-04-15,11.118895295057719,11.241645843846896,10.881687565592147,11.067472457885742,4609500
2014-04-16,11.186901179552192,11.263205672454907,11.037609539663421,11.095667839050293,4941000
2014-04-17,11.298039255485651,11.298039255485651,11.097325606371733,11.155383110046387,3272500
2014-04-21,11.1487455368042,11.213438506021753,11.069122934090927,11.1487455368042,5735500
2014-04-22,11.085712041365033,11.293061134134481,11.085712041365033,11.195192337036133,5108000
2014-04-23,11.235007954805086,11.278136623662943,11.138798577483135,11.170315742492676,5287500
2014-04-24,10.782157925117048,11.112257640816674,10.742346602047476,11.062494277954102,14745500
2014-04-25,11.190218879962496,11.190218879962496,10.876707533628306,10.894953727722168,4899000
2014-04-28,10.954672075704039,11.133821438932237,10.835238903227122,11.021023750305176,6029500
2014-04-29,11.102298786201926,11.195191559304686,10.946372507072036,11.072441101074219,4441500
2014-04-30,11.02268002296612,11.165336171387844,11.02268002296612,11.153724670410156,4673000
2014-05-01,11.17031186491742,11.23998086382297,11.030973076132218,11.064148902893066,4017000
2014-05-02,11.113913972928119,11.263205612015781,11.021021959966356,11.12552547454834,3384000
2014-05-05,11.035949482271459,11.160359430229912,11.004432327094282,11.084054946899414,2416000
2014-05-06,11.069124322364214,11.08073582155387,10.831917529790351,10.833576202392578,4037500
2014-05-07,10.830258929386996,10.863434756997853,10.584757963261477,10.674332618713379,5716000
2014-05-08,10.680966399596468,10.826939859641982,10.652766594679926,10.687601089477539,4073500
2014-05-09,10.722437384238303,10.873386875899078,10.642814770380935,10.855140686035156,3502500
2014-05-12,10.909882566494469,11.045903235099596,10.876706735787788,11.030974388122559,3040000
2014-05-13,10.90158931127385,10.939741163798537,10.694240154491682,10.735710144042969,5379000
2014-05-14,10.702534707708342,10.714146210296628,10.60798322294004,10.641159057617188,6548500
2014-05-15,10.657785220605424,10.657785220605424,10.418321706775277,10.503131866455078,7532000
2014-05-16,10.501469559046395,10.617875681796857,10.448255354159095,10.612886428833008,5825000
2014-05-19,10.50313101691876,10.649469466666597,10.459894530614578,10.58794116973877,3751000
2014-05-20,10.514773041779648,10.60457166671863,10.40169335059366,10.574639320373535,6539000
2014-05-21,10.581289938522664,10.710999407743147,10.543042701495796,10.637829780578613,4705000
2014-05-22,10.646145339139077,10.719314970880989,10.562998787250033,10.574639320373535,3699500
2014-05-23,10.59292774017723,10.61122034049068,10.524747383302138,10.599579811096191,2871000
2014-05-27,10.642818060146285,10.787493688374374,10.564659980366782,10.775853157043457,5805000
2014-05-28,10.75090748617614,10.752570305667982,10.589602101193545,10.599579811096191,3535000
2014-05-29,10.599583417317241,10.632842197324265,10.508121177584032,10.579627990722656,4646500
2014-05-30,10.621203060249542,10.839048375466984,10.597921990479245,10.812440872192383,5263000
2014-06-02,10.809111789833349,10.90888811120068,10.75423477343373,10.817426681518555,5923500
2014-06-03,10.857336804361337,10.875629407596499,10.745919951096383,10.863988876342773,4316500
2014-06-04,10.81742728078904,10.877292759745218,10.77086515349515,10.839045524597168,2373500
2014-06-05,10.83904694301926,10.92718274962424,10.755899596583529,10.89891242980957,2976500
2014-06-06,10.958779171978199,11.053566262808566,10.940486564681999,10.973745346069336,2441000
2014-06-09,10.950466783206409,11.086827580200131,10.948803962699472,11.007006645202637,2842500
2014-06-10,10.97374470262061,11.041925081524091,10.892260970532622,10.917204856872559,2419500
2014-06-11,10.883946877549139,10.96875704888181,10.86232862967814,10.958779335021973,3398000
2014-06-12,10.903899651960586,10.928843534064491,10.784167907729444,10.817426681518555,2388000
2014-06-13,10.802461429509934,10.839046641540966,10.710999985336038,10.809113502502441,2052000
2014-06-16,10.765877275795113,10.77585498905389,10.619538802919465,10.702685356140137,4569500
2014-06-17,10.676077697806898,10.76088785647104,10.63949248813511,10.7176513671875,4021000
2014-06-18,10.687719791885296,10.765877889407209,10.642820476137642,10.735944747924805,2286000
2014-06-19,10.745923526800937,10.790822846998646,10.667765421532627,10.674417495727539,2967500
2014-06-20,10.697693333060814,10.697693333060814,10.463218339000505,10.48483657836914,16534500
2014-06-23,10.469874187035224,10.571313349532454,10.391716091802806,10.476526260375977,6366500
2014-06-24,10.421651069670673,10.499809178681804,10.39670638495919,10.403358459472656,4418500
2014-06-25,10.401694646436843,10.446593964499892,10.350143254495142,10.353468894958496,14628000
2014-06-26,10.38340078700662,10.414996746457673,10.084071771665066,10.117330551147461,12141500
2014-06-27,10.069105462306057,10.090723710027405,9.936070335698345,10.012565612792969,14243500
2014-06-30,9.959351623947498,10.11733143500398,9.9410598090529,10.044161796569824,11108000
2014-07-01,10.06910411471085,10.17719533885124,10.0358453375101,10.15723991394043,6429000
2014-07-02,10.148925748432013,10.198813517433198,10.11899261126023,10.12564468383789,4634000
2014-07-03,10.160565129812435,10.330184635335673,10.070766521420621,10.252026557922363,3499000
2014-07-07,10.253692420324686,10.27531066897859,10.21544517660344,10.233736991882324,3931000
2014-07-08,10.212116477920707,10.233734721779133,10.090721906935343,10.109014511108398,5133000
2014-07-09,10.128971384006078,10.228747725405361,10.110678777216387,10.20712947845459,5404500
2014-07-10,9.678317320891708,10.032523470945563,9.512022579392077,9.964343070983887,46466000
2014-07-11,9.977643092237296,10.03917218945598,9.827978192109152,10.035845756530762,11662500
2014-07-14,10.107351657482457,10.143936072754524,9.997597618714494,10.085733413696289,9565000
2014-07-15,10.045823769915993,10.175533248180303,10.01090217029526,10.14061164855957,9178000
2014-07-16,10.100701376582021,10.155578405698664,10.055802061209487,10.13562297821045,17024500
2014-07-17,10.092386110072836,10.323535544826855,10.062453762898363,10.160567283630371,12614000
2014-07-18,10.210455457102379,10.380075798170552,10.15890486108918,10.346817016601562,7067000
2014-07-21,10.306902401704143,10.32685782195642,10.16721525288982,10.247036933898926,7136000
2014-07-22,10.300254751503779,10.31023246591235,10.220433829187158,10.24205207824707,5821500
2014-07-23,10.235400324865687,10.305243529550154,10.09737594271086,10.15557861328125,8819000
2014-07-24,10.626188709624678,10.94214747410811,10.534727275018325,10.827404975891113,21335500
2014-07-25,10.780845011417256,10.80911533523898,10.50812265971253,10.554685592651367,8152000
2014-07-28,10.559675204233955,10.624529960405267,10.496483268535949,10.54803466796875,5065500
2014-07-29,10.53805486637627,10.661112279516814,10.53805486637627,10.566325187683105,5471500
2014-07-30,10.6162135889001,10.641158271387315,10.529740592695772,10.611225128173828,4923500
2014-07-31,10.569647651785091,10.631176736341784,10.33184699768418,10.338499069213867,6570000
2014-08-01,10.32353501842542,10.38340050267367,10.157240332615313,10.197151184082031,8014500
2014-08-04,10.202139760089805,10.321870720642277,10.180521515804985,10.278635025024414,3850000
2014-08-05,10.222096674032118,10.391717026434119,10.207130498859216,10.28030014038086,4521000
2014-08-06,10.202140259332008,10.31521994591611,10.128970630567803,10.20047664642334,5237500
2014-08-07,10.223759147999015,10.278636971995494,10.112342265719459,10.128972053527832,3195500
2014-08-08,10.160565515355845,10.273645189995486,10.160565515355845,10.268656730651855,3847000
2014-08-11,10.300255605513188,10.351807002073018,10.245378568192084,10.330188751220703,2890000
2014-08-12,10.290277169622904,10.391716334489129,10.147264329547797,10.331850051879883,2845500
2014-08-13,10.326863421502543,10.356796568111639,10.182187735653304,10.262008666992188,3850500
2014-08-14,10.292017040279367,10.357040372062439,10.230328788725055,10.342035293579102,2971000
2014-08-15,10.405389878783724,10.413725590537775,10.111951359688984,10.22032356262207,5207500
2014-08-18,10.300354156232796,10.338701618527958,10.22032574124331,10.313692092895508,4394500
2014-08-19,10.322030852826762,10.482088512729883,10.322030852826762,10.390388488769531,4539500
2014-08-20,10.367043700134333,10.573784482318203,10.335365606532413,10.545440673828125,4344500
2014-08-21,10.512093840982558,10.620466040788113,10.440401951888434,10.592123031616211,7170000
2014-08-22,10.610466696214585,10.800535306059968,10.592127328432317,10.76385498046875,6353500
2014-08-25,10.81887550419689,10.888901079782501,10.7738594602557,10.882231712341309,6696000
2014-08-26,11.003941680573393,11.189008076909795,10.962259923693534,11.133988380432129,9477500
2014-08-27,11.12231159818463,11.168994759160052,11.025610196869144,11.088966369628906,6118000
2014-08-28,11.048958973721032,11.237359677519917,10.96392910228104,11.1956787109375,5674500
2014-08-29,11.257363167549874,11.26236539065135,11.112311417818354,11.16232967376709,4434000
2014-09-02,11.189006363517565,11.295711453986854,11.1323195326474,11.197342872619629,5183500
2014-09-03,11.22901832533767,11.310713869251092,11.112309610448271,11.12564754486084,4797000
2014-09-04,11.15566056342991,11.19900945457375,10.963925633764386,10.97559642791748,7310500
2014-09-05,10.96225861008616,11.017278299970817,10.872226534822774,10.973929405212402,6254500
2014-09-08,10.940585948205799,11.002275014664491,10.745516684971008,10.762188911437988,7123500
2014-09-09,10.750512680554777,10.760516329383984,10.54043764516748,10.592123031616211,7614500
2014-09-10,10.420399614599203,10.442074064877891,10.205322254908623,10.273680686950684,14180500
2014-09-11,10.24533210509478,10.312022568015431,10.141962126071677,10.307021141052246,9832000
2014-09-12,10.257001609953877,10.325359206622393,10.14696228043429,10.178640365600586,5366500
2014-09-15,10.155304195321172,10.201987379374382,9.993579399121572,10.035261154174805,8214500
2014-09-16,9.976905782859841,10.146966270344999,9.88187148999231,10.12529182434082,6863000
2014-09-17,10.125291415405878,10.188647608092102,10.053599509218737,10.148633003234863,7346000
2014-09-18,10.158633060702108,10.272006674339298,10.140292907461737,10.245330810546875,6727500
2014-09-19,10.293683413757629,10.293683413757629,10.121955812788313,10.173641204833984,9549500
2014-09-22,10.155305105866558,10.160306535314975,10.005251092226112,10.05360221862793,6688000
2014-09-23,9.99357632366717,10.088610600540793,9.968567596336836,10.005247116088867,7679500
2014-09-24,10.035261733885116,10.285351483638177,10.035261733885116,10.273680686950684,7273000
2014-09-25,10.273676568717098,10.308688944744766,10.100281035993707,10.11195182800293,5982000
2014-09-26,10.133627960415861,10.325362886852034,10.111953515208999,10.313692092895508,4874500
2014-09-29,10.181975825770287,10.262005016491283,10.13029123427817,10.241997718811035,4837500
2014-09-30,10.226993905231636,10.288682952985818,10.19531581003461,10.255337715148926,4662000
2014-10-01,10.236999102318102,10.250337040464833,10.036927645077219,10.061936378479004,8533500
2014-10-02,10.075273198344311,10.198650494045507,9.996911137209954,10.1636381149292,4093500
2014-10-03,10.231993534981333,10.41372475688006,10.210319096129837,10.333696365356445,4116500
2014-10-06,10.347036848040016,10.408725895362506,10.23032891393419,10.238664627075195,2933500
2014-10-07,10.148630361172115,10.18531067107975,9.88686994507219,9.895206451416016,8623000
2014-10-08,9.878535351529152,9.918549155483804,9.770163141835758,9.875200271606445,10132000
2014-10-09,9.870199060136843,9.920216514927482,9.668459713443685,9.72181224822998,7743000
2014-10-10,9.700141438695928,9.796842894524216,9.52674662946736,9.528413772583008,8142000
2014-10-13,9.543418614521247,9.710144847074858,9.420041281932916,9.531747817993164,7346500
2014-10-14,9.615107177371538,9.771829688755403,9.533410841960153,9.620108604431152,5183000
2014-10-15,9.506735255994265,9.671794279048365,9.328337503693175,9.598434448242188,6681500
2014-10-16,9.438379108910944,9.803510412821261,9.420039743084649,9.75849437713623,4922000
2014-10-17,9.828519037430828,9.915216822250834,9.68680156570684,9.808511734008789,4097000
2014-10-20,9.923553305833318,10.135295543980389,9.920218225262664,10.073606491088867,6510500
2014-10-21,10.045263069605527,10.263674665091832,9.931888620070115,10.247001647949219,5544500
2014-10-22,10.265339586146116,10.39872051436744,10.171972459383362,10.22032356262207,8622000
2014-10-23,11.337391638588329,11.992625581251167,11.312382114736394,11.837570190429688,32561500
2014-10-24,11.830904680689162,12.097666644014847,11.669179882666954,11.94927978515625,13130500
2014-10-27,11.932606707107592,12.082660698260309,11.875919873453743,11.98095703125,7165000
2014-10-28,12.01263367158025,12.276061298028342,11.979288432599981,12.272727012634277,6729500
2014-10-29,12.24438100353128,12.354420351912305,12.007630087778837,12.077654838562012,6604500
2014-10-30,12.020969376590829,12.157684608767854,11.99095842501057,12.054314613342285,4464500
2014-10-31,12.209371686882776,12.271060741131885,12.11767247193007,12.207704544067383,5056000
2014-11-03,12.2077045252443,12.31107453475863,12.169357060496342,12.241049766540527,5293500
2014-11-04,12.186027683442395,12.229376568108435,12.037640872081532,12.084324836730957,3500000
2014-11-05,12.181027310351107,12.26272286428606,12.106000326933927,12.23104476928711,2348500
2014-11-06,12.254386906251176,12.409442307934631,12.194365793830862,12.404440879821777,3604000
2014-11-07,12.392772291087212,12.487805802247703,12.31274386194855,12.431118965148926,4191500
2014-11-10,12.389436345671966,12.481135558548585,12.217707919362262,12.277729034423828,3920500
2014-11-11,12.27105949277956,12.277728063362726,12.159352985379678,12.229377746582031,2722000
2014-11-12,12.172689545334785,12.416109834389715,12.151015103363601,12.319408416748047,3356500
2014-11-13,12.34781700726114,12.387918453278525,12.287665634973639,12.356171607971191,3050500
2014-11-14,12.37287855835533,12.514902760894419,12.31272640027292,12.508219718933105,3940000
2014-11-17,12.46644831971948,12.528271242259526,12.346144792572963,12.45976448059082,4066500
2014-11-18,12.43971350231962,12.571713139199442,12.416321262459705,12.426345825195312,4825500
2014-11-19,12.47479915224615,12.626849475044581,12.32107806935472,12.585077285766602,4696000
2014-11-20,12.571713189410536,12.732117348158727,12.509890271863544,12.583409309387207,4278500
2014-11-21,12.74047272343961,12.777231846071828,12.588422357740596,12.645232200622559,3225500
2014-11-24,12.690346545674162,12.837384636896795,12.65191666059135,12.82903003692627,3032000
2014-11-25,12.82903088507034,12.8307016458272,12.638550614232782,12.715411186218262,4000500
2014-11-26,12.775556346246379,12.775556346246379,12.596772284362322,12.64689826965332,2416500
2014-11-28,12.681990424412291,12.976064959629243,12.666951987866387,12.854090690612793,2367500
2014-12-01,12.813990748029669,12.862445987503884,12.598446717566516,12.768877029418945,2926000
2014-12-02,12.800623432196987,12.91925619031987,12.708725231951398,12.79059886932373,2924500
2014-12-03,12.808980782477596,13.213334384535521,12.760525531229137,13.139815330505371,8916500
2014-12-04,13.066295313264154,13.198294962528177,12.949333306252788,13.062952995300293,5170000
2014-12-05,13.066293536038689,13.166546329810235,12.984419903245314,13.1281156539917,4027500
2014-12-08,13.134802047827847,13.188270374256676,13.031206916391195,13.121435165405273,4001000
2014-12-09,13.042903122376192,13.111409088195977,12.969384077960195,13.077991485595703,3363000
2014-12-10,13.026193787237647,13.111408951840598,12.810649734827471,12.887510299682617,5460500
2014-12-11,12.805633857371385,13.223354166609584,12.798950020102176,12.9677095413208,4976000
2014-12-12,12.845739113630337,13.16988978133961,12.845739113630337,12.986092567443848,4791500
2014-12-15,13.056268200175769,13.088015037770564,12.757180578715388,12.969382286071777,4266000
2014-12-16,13.034546927008027,13.054597645461518,12.747155420477016,12.752167701721191,3845500
2014-12-17,12.777230856207728,12.87080061121144,12.635205861636395,12.849079132080078,5751500
2014-12-18,12.994445000019047,13.066293272311258,12.849078491821274,12.949331283569336,7387000
2014-12-19,12.94933143222766,13.027862746828264,12.74715508605884,12.762192726135254,12114500
2014-12-22,12.758852381076947,12.92594038463846,12.753839302763955,12.909231185913086,4753500
2014-12-23,12.986090613658938,13.221685355343098,12.986090613658938,13.109736442565918,3695000
2014-12-24,13.143153099217756,13.158190738290385,12.894191495590594,12.999457359313965,2096000
2014-12-26,13.002801865995867,13.1598645207832,12.929282820531402,13.019510269165039,2489500
2014-12-29,13.007813366976725,13.184926732324534,12.976066526448925,13.148167610168457,3579000
2014-12-30,13.133128466809966,13.171558345114459,12.93763516436898,12.949331283569336,4141500
2014-12-31,13.044572697223924,13.31525501465915,13.044572697223924,13.169888496398926,7316500
2015-01-02,13.16654614709215,13.265128179110192,12.879154649587642,13.044571876525879,2785500
2015-01-05,13.022850360271516,13.071305597588582,12.666952111786555,12.777230262756348,4990000
2015-01-06,12.747155707847739,12.852420786994069,12.454751116742214,12.581738471984863,6737500
2015-01-07,12.61515586427336,12.992774809424176,12.581738265558583,12.989433288574219,7159500
2015-01-08,13.270141488885582,13.651102766853137,13.255103847721264,13.520773887634277,9713000
2015-01-09,13.477330414834723,13.480671935691047,13.231711103650081,13.35368537902832,4411000
2015-01-12,13.39378701038373,13.467306848569024,13.215002883529634,13.243408203125,4297500
2015-01-13,13.388772599102362,13.539152188128869,13.002799860961865,13.1281156539917,3746000
2015-01-14,12.977736159098322,13.031203675491083,12.805635100901823,12.925938606262207,3913500
2015-01-15,13.02452370406376,13.071308190303238,12.548322648009583,12.565031051635742,4073000
2015-01-16,12.548319755152999,12.802293646280658,12.451408486899659,12.785584449768066,3920000
2015-01-20,12.80563241546388,12.852416880865658,12.45975961130804,12.64689826965332,4017000
2015-01-21,12.645230310119988,12.907558801235174,12.645230310119988,12.88082504272461,3689500
2015-01-22,12.910902895111555,13.37206626841136,12.857434573994967,13.321939468383789,4785000
2015-01-23,13.333636466630178,13.437230797855051,13.286851981350463,13.320269584655762,3870000
2015-01-26,13.3436607506746,13.727962759309221,13.220015708095033,13.664470672607422,5731000
2015-01-27,13.527457034420344,13.616014511815978,13.370394392639364,13.46062183380127,4601000
2015-01-28,13.437230275208604,13.74801405353367,13.29687682482856,13.343661308288574,7065500
2015-01-29,13.525787153014585,14.314443481208038,13.408824356111344,13.916773796081543,18778000
2015-01-30,13.838238266672054,13.971910236945364,13.51074695895369,13.562542915344238,6046500
2015-02-02,13.554192793899533,13.676167078505914,13.191610664451055,13.594292640686035,5238500
2015-02-03,13.634393654655202,13.908419092236292,13.512419373862478,13.886696815490723,7882500
2015-02-04,13.863303472645388,13.988619264478324,13.79646827743604,13.928468704223633,4313500
2015-02-05,13.869984105973336,14.072161213606611,13.759705973350906,13.951858520507812,4266000
2015-02-06,13.956872787235689,14.048771780572695,13.784772513664866,13.856620788574219,3354500
2015-02-09,13.818193441557325,13.923458537488571,13.731307510271419,13.773078918457031,3732500
2015-02-10,13.766391692756383,13.98527641844476,13.753024017590583,13.910086631774902,3253000
2015-02-11,13.841581128342682,13.963555384784142,13.732972953251403,13.77474594116211,3149000
2015-02-12,13.821531864153894,13.923455415795884,13.754696669955372,13.913429260253906,2902500
2015-02-13,14.035405875641414,14.11895028072391,13.94851994931194,14.078848838806152,4437500
2015-02-17,14.078848191314629,14.160722628746692,13.943507822912792,14.130645751953125,4990500
2015-02-18,14.1306489075915,14.200825646653405,14.023712241340244,14.182446479797363,2923500
2015-02-19,14.22931525917885,14.455310649393079,14.209226673616284,14.324735641479492,3234000
2015-02-20,14.386673813282382,14.808530896527648,14.364912111269007,14.751614570617676,6705000
2015-02-23,14.731526678334346,14.890560648544625,14.701393001802508,14.795140266418457,5614000
2015-02-24,14.850383604440003,15.148361365395788,14.803510769974427,14.908974647521973,6730500
2015-02-25,14.984303897474215,15.113204170341842,14.907297399310108,15.062983512878418,6742500
2015-02-26,15.012762954049082,15.099812945683427,14.853729008469811,14.878838539123535,4445500
2015-02-27,14.940780611983884,14.97426052196279,14.72482872685123,14.751614570617676,3436000
2015-03-02,14.801836803223656,14.957522951117895,14.78174821651194,14.950825691223145,3779000
2015-03-03,14.885539528931746,14.903953402225058,14.4084391690855,14.493814468383789,7853500
2015-03-04,14.220943667102661,14.475397998163546,14.120502344357813,14.251075744628906,5589000
2015-03-05,14.284558815134979,14.354868068057897,14.254426734306934,14.287906646728516,3571500
2015-03-06,14.197509576177843,14.311343838950283,14.130548151224273,14.175747871398926,3457000
2015-03-09,14.207548665419699,14.334774201539362,14.159001133981231,14.292923927307129,2826000
2015-03-10,14.1422639720258,14.212573216878749,14.068606895963573,14.071954727172852,2667000
2015-03-11,14.097066353211167,14.269493256229495,14.071956817169239,14.18411636352539,2923000
2015-03-12,14.276191777440603,14.629414435208256,14.234341478002316,14.605978012084961,4034000
2015-03-13,14.786767053674573,14.818573841616878,14.339798905292952,14.440241813659668,3257500
2015-03-16,14.512226990250133,14.796813423391225,14.488790573155184,14.78509521484375,2734500
2015-03-17,14.73821890573338,14.770025692360981,14.605970811376574,14.684650421142578,2332500
2015-03-18,14.644471423535235,14.788437705628139,14.450282897388096,14.76500129699707,2401000
2015-03-19,14.748261027487418,14.80182950130184,14.677950210438452,14.733193397521973,2407000
2015-03-20,14.848710168487015,14.975937356693523,14.765007986957139,14.890562057495117,4620000
2015-03-23,14.92069161137467,14.994348688463395,14.746591614177632,14.76333236694336,3412000
2015-03-24,14.723154275200544,14.842011058002702,14.659540695870604,14.662888526916504,2806500
2015-03-25,14.651175184128586,14.688004530832536,14.378306907222521,14.381654739379883,2876500
2015-03-26,14.3012980489268,14.30799371140192,14.107109468773873,14.267816543579102,5072500
2015-03-27,14.252752270417718,14.49883625645317,14.200856888591542,14.425177574157715,2370000
2015-03-30,14.552405516577352,14.639455530032453,14.46535550312225,14.493814468383789,3409000
2015-03-31,14.41011397812522,14.53901589576709,14.23601393078024,14.239361763000488,5301500
2015-04-01,14.20922984295864,14.224295886369474,14.01169337127175,14.180770874023438,3029000
2015-04-02,14.182444334541835,14.388351166916639,14.16570357823804,14.333107948303223,2273000
2015-04-06,14.204206190801552,14.51725163175114,14.13724476136443,14.436897277832031,2274500
2015-04-07,14.393365224058739,14.518919239726692,14.291249213884164,14.292923927307129,3542500
2015-04-08,14.313017432941843,14.441917726855976,14.222619596153388,14.324735641479492,2396500
2015-04-09,14.313018705028345,14.40676438166129,14.093718958349053,14.396720886230469,4551000
2015-04-10,14.41681205569462,14.708094229680553,14.381655824174308,14.61099910736084,3448000
2015-04-13,14.592583927392427,14.754965758416802,14.574170052539557,14.6478271484375,2794500
2015-04-14,14.594257109374794,14.758312040986498,14.523946256483484,14.619366645812988,3307000
2015-04-15,14.657864382196264,14.724825785263254,14.45363234231481,14.472047805786133,2018500
2015-04-16,14.436895915438575,14.507206766725844,14.361565711356246,14.4753999710083,1899000
2015-04-17,14.29125585021583,14.600953451397618,14.246057724634952,14.56412410736084,4729000
2015-04-20,14.699721534642919,14.915671857682849,14.68465549292861,14.82025146484375,4916500
2015-04-21,14.932408373841197,15.21866787459483,14.8152263087942,15.203601837158203,6635000
2015-04-22,15.230384108890116,15.240429196871045,14.847031174808006,15.20527458190918,6363000
2015-04-23,15.332507811418079,15.384401599489575,15.036203142028953,15.277264595031738,5902500
2015-04-24,15.337525310852907,15.34254785570906,15.176818243829713,15.230386734008789,4691500
2015-04-27,15.27223736388012,15.332503107764275,15.101485221117931,15.175142288208008,4512500
2015-04-28,15.138315943130568,15.138315943130568,14.900602373050877,14.999370574951172,5305500
2015-04-29,14.999371939147528,15.089769773254215,14.739896645017478,14.80685806274414,4025000
2015-04-30,14.770031092761092,14.83196997505715,14.28623505148902,14.40676498413086,5972500
2015-05-01,14.43857038075197,14.656195401257595,14.43857038075197,14.590907096862793,4607500
2015-05-04,14.631084855213825,14.749941663345002,14.508880215323307,14.619366645812988,3268000
2015-05-05,14.539016062840046,14.649502509810421,14.34147959119686,14.378307342529297,3845500
2015-05-06,14.331430035206711,14.406761825272843,14.075302587576278,14.170722961425781,6410000
2015-05-07,14.125527872429302,14.388352665007325,14.090373238422924,14.344827651977539,3458000
2015-05-08,14.473724196251272,14.780073921843083,14.473724196251272,14.55073070526123,3340500
2015-05-11,14.542362010621028,14.669587602398417,14.507207381730211,14.584212303161621,3345500
2015-05-12,14.512224702812496,14.652844779703624,14.460329331286026,14.533987998962402,3402000
2015-05-13,14.55240065525347,14.595925647441213,14.384997944406154,14.468698501586914,3155000
2015-05-14,14.557630882506679,14.720389300097718,14.378094483866775,14.708643913269043,3118000
2015-05-15,14.7824842831649,14.851278056442377,14.638182338883157,14.846243858337402,2508500
2015-05-18,14.831127438586574,15.159999769364484,14.831127438586574,15.123085021972656,3469500
2015-05-19,15.160005308040532,15.217055247562934,15.003959673787021,15.11302375793457,3190500
2015-05-20,15.12811944459125,15.188524959371128,14.993886034094954,15.086172103881836,3140500
2015-05-21,15.07778735313717,15.22544479409031,15.039195594768522,15.200275421142578,2192000
2015-05-22,15.170074340808545,15.245580863877883,15.101279010842093,15.188530921936035,2854500
2015-05-26,15.151618272898412,15.195244234530502,14.797577984407118,14.82106876373291,2783000
2015-05-27,14.852949714734057,15.029130564173453,14.83281453191393,14.933488845825195,2800000
2015-05-28,14.884824932356096,14.993888999886535,14.794217442358356,14.827775001525879,2224500
2015-05-29,14.811003802906964,14.844562981253311,14.582807150834707,14.62139892578125,3782500
2015-06-01,14.688512038683047,14.826102715544987,14.527432183070918,14.723748207092285,4010000
2015-06-02,14.675087069062693,14.925097401097078,14.6264269211676,14.86301326751709,2269000
2015-06-03,14.884830894837327,15.148263680515882,14.844560527553991,15.143229484558105,2846500
2015-06-04,15.047586296390682,15.067719875740485,14.762339786476742,14.797575950622559,3924000
2015-06-05,14.753949800600212,14.844557307236984,14.607970951008243,14.76233959197998,3668000
2015-06-08,14.723743874718288,14.837843739067528,14.686830718783021,14.696897506713867,2808500
2015-06-09,14.663344583720518,14.775764285348332,14.57944825701108,14.648241996765137,3386500
2015-06-10,14.712000422492713,14.990535727645748,14.703610631353145,14.923418998718262,3064000
2015-06-11,15.005640272562259,15.180144129222485,15.005640272562259,15.119738578796387,3167500
2015-06-12,14.988854005529644,15.183492958911547,14.988854005529644,15.133155822753906,3900500
2015-06-15,15.02912316205037,15.200271331633099,14.98549722079158,15.153289794921875,4169000
2015-06-16,15.1331597766363,15.366390542002948,15.1331597766363,15.290884017944336,3078000
2015-06-17,15.361356031713107,15.482167107802807,15.305984688552602,15.391559600830078,3642500
2015-06-18,15.448607395902428,15.762378862780151,15.448607395902428,15.596264839172363,3341000
2015-06-19,15.61472153291718,15.683516860439976,15.480488074492882,15.51069164276123,4381500
2015-06-22,15.611364233293385,15.693581937575274,15.544247511403634,15.613042831420898,2769000
2015-06-23,15.651641420309158,15.770773933712341,15.576134875191796,15.586201667785645,2465000
2015-06-24,15.537537178561951,15.634855870618113,15.374778758935593,15.416726112365723,2058000
2015-06-25,15.45700381160208,15.581170533043382,15.336194288196527,15.55432415008545,2922500
2015-06-26,15.594584649208219,15.70868451656469,15.497265962556437,15.562704086303711,3544500
2015-06-29,15.45364380368095,15.522439140556083,15.102959125906969,15.118060111999512,2664000
2015-06-30,15.319408840811306,15.319408840811306,15.035840928883669,15.091212272644043,5728500
2015-07-01,15.30934027416251,15.408337572475522,15.061008529296219,15.232156753540039,3589500
2015-07-02,15.284172947607036,15.33451009732101,15.000603430462576,15.154972076416016,2965500
2015-07-06,15.022412896020596,15.311014925149557,15.022412896020596,15.275778770446777,2179500
2015-07-07,15.34793010989322,15.37142088035645,14.978787373799829,15.223763465881348,7000500
2015-07-08,15.084496260732172,15.28416941541586,14.678440359859767,14.700252532958984,8453000
2015-07-09,14.886506080627441,15.012349762921753,14.842880121414417,14.886506080627441,6243500
2015-07-10,15.134835923152977,15.327796297736493,15.040871232758414,15.29423713684082,2610000
2015-07-13,15.393234850612023,15.555993265080664,15.383168062175828,15.524112701416016,3242000
2015-07-14,15.53585678831946,15.71707176652215,15.4821640541071,15.654989242553711,3383500
2015-07-15,15.587872276548303,15.748952076809909,15.535856541001937,15.675124168395996,3460000
2015-07-16,15.772446052354052,15.884867335911279,15.654992174151781,15.759023666381836,3127000
2015-07-17,15.878160868025327,15.946954617077603,15.772450745996478,15.85634708404541,4887500
2015-07-20,15.722112287276607,15.772449445880879,15.571099211274374,15.626470565795898,6963000
2015-07-21,15.705325058398795,15.839558482815043,15.629818557141075,15.69357967376709,5274000
2015-07-22,15.707012837657423,15.930176876296722,15.666742466755188,15.903328895568848,5784500
2015-07-23,15.873123366530141,16.155014299594736,15.688552741406138,16.017423629760742,13711000
2015-07-24,16.091245524095488,16.123126078783542,15.55263328978757,15.70029067993164,6469000
2015-07-27,15.720435304708893,15.745603083941845,15.349613808757248,15.450289726257324,3938500
2015-07-28,15.527468269530981,15.564383027441544,15.302627326306085,15.38987922668457,4142500
2015-07-29,15.415045328297397,15.537533362441142,15.384841769072052,15.48383903503418,3556500
2015-07-30,15.445249359044151,15.51907726891931,15.341217885892371,15.435182571411133,2531000
2015-07-31,15.443573593359728,15.678481325426704,15.388200656299471,15.524112701416016,3445500
2015-08-03,15.56270577314936,15.616400116582152,15.180140577017806,15.326119422912598,2562000
2015-08-04,15.284167938058104,15.517398628855608,15.284167938058104,15.482162475585938,2468500
2015-08-05,15.695266920790997,15.750638278880725,15.56438901983441,15.663386344909668,4925500
2015-08-06,15.688549670098679,15.77076737609178,15.280815136080268,15.297593116760254,4069500
2015-08-07,15.262363213421406,15.406665107744088,15.171755679851874,15.386529922485352,2690000
2015-08-10,15.550961748317706,15.725465579435596,15.51572558244073,15.623112678527832,2862500
2015-08-11,15.527470214610968,15.708686830535996,15.46874327434369,15.683517456054688,3265500
2015-08-12,15.566066873876565,15.618081031856853,15.311022279028695,15.564388275146484,3100000
2015-08-13,15.54925194615206,15.929280974866169,15.54084402559594,15.672004699707031,3331500
2015-08-14,15.626603858662827,15.930963206127467,15.535800561729921,15.655190467834473,2666500
2015-08-17,15.641736021268443,15.82166197649745,15.532436271446311,15.796438217163086,3197000
2015-08-18,15.781306478234589,15.893969088625756,15.668642264196507,15.821663856506348,3364500
2015-08-19,15.756079400086543,15.85865344614685,15.554294154839726,15.697225570678711,2917500
2015-08-20,15.579522031740161,15.653509493468732,15.075057983398438,15.075057983398438,5026500
2015-08-21,14.937169646927742,14.96407402915568,14.380577522037099,14.392348289489746,7978500
2015-08-24,13.401915100624393,14.52686910717247,12.611589197076494,14.054354667663574,13593000
2015-08-25,14.335174503174452,14.52687122575203,13.963553428649902,13.963553428649902,7272000
2015-08-26,14.340216411589212,14.45119836256226,13.887880689757077,14.299859046936035,5999000
2015-08-27,14.425980238757262,14.957348613156974,14.31331603129249,14.649624824523926,7433500
2015-08-28,14.619357684269069,14.674848675584508,14.237646439872918,14.35871696472168,8234500
2015-08-31,14.314996554935206,14.55209573590975,14.257824942483913,14.34526538848877,5913500
2015-09-01,14.0022257419912,14.178788814650371,13.734861002679523,13.82734489440918,6152000
2015-09-02,14.054355978018243,14.150204334265036,13.857615796830249,14.072854042053223,7160500
2015-09-03,14.124979648894586,14.40579900517539,13.99381900216447,14.116573333740234,7806000
2015-09-04,13.960187698949957,14.19055952210054,13.897971029688371,13.988774299621582,3805000
2015-09-08,14.30322657076842,14.543688612275904,14.170385272627373,14.521827697753906,3550000
2015-09-09,14.565545381956614,14.732018333811641,14.39570958314188,14.427659034729004,5181500
2015-09-10,14.353672663672393,14.693344286693726,14.301544522783628,14.577317237854004,4559500
2015-09-11,14.530231611591711,14.809368728378477,14.44615403152913,14.790870666503906,4185000
2015-09-14,14.72865421279279,14.72865421279279,14.427657786706673,14.479785919189453,4881000
2015-09-15,14.523506980785196,14.661393324132554,14.345263267763839,14.545366287231445,3498000
2015-09-16,14.542002376581687,14.853088941719303,14.50164500985993,14.790870666503906,5374000
2015-09-17,14.821141080467884,14.854771153906269,14.478105030245919,14.627763748168945,7054000
2015-09-18,14.473061858549837,14.774058318591196,14.44783810021855,14.506691932678223,7825500
2015-09-21,14.53023605192973,14.74379211214326,14.17038569537817,14.274641990661621,8602000
2015-09-22,14.109843677479946,14.123296666041465,13.682731737141628,13.924874305725098,11534000
2015-09-23,13.973643573862791,14.056038942749973,13.82734769380302,13.963553428649902,8975500
2015-09-24,13.866025570475998,13.9938217922485,13.622200687576067,13.847527503967285,7045500
2015-09-25,13.956826837530835,14.284727670240578,13.87611209560066,14.1199369430542,13642000
2015-09-28,13.98036875716571,14.124980802874507,13.724773136405974,13.73486328125,7732500
2015-09-29,13.770176634289589,13.87275069405268,13.462452851353518,13.840801239013672,11667500
2015-09-30,14.047629444961315,14.279681911383422,13.948418247628364,14.178790092468262,8461000
2015-10-01,14.192242082226759,14.459608460631095,14.01904343675998,14.452882766723633,7570000
2015-10-02,14.259499494811545,14.602535438093913,14.093026593889663,14.599172592163086,6720500
2015-10-05,14.745473245289496,14.913628444342995,14.684937181192616,14.866543769836426,7000000
2015-10-06,14.88840472272999,14.901857716002674,14.503330630870407,14.55713939666748,4133500
2015-10-07,14.607587465554362,14.90858396893314,14.570592935404678,14.900176048278809,7801000
2015-10-08,14.777419062659062,15.091868469790354,14.770693369519854,14.999382972717285,4905000
2015-10-09,14.977524481769695,15.086825832977379,14.91194495396244,15.073372840881348,4203000
2015-10-12,14.959029916376425,14.959029916376425,14.365444829195306,14.417572975158691,9955000
2015-10-13,14.420928747490215,14.567222967343115,14.161970370316318,14.202327728271484,7176500
2015-10-14,14.22418731209961,14.291449042151186,14.044263026125869,14.150199890136719,5274500
2015-10-15,14.249411907384237,14.316673641425178,14.04930732651585,14.24100399017334,6709500
2015-10-16,14.24268913462256,14.340218107697794,14.19392384626166,14.328447341918945,4171500
2015-10-19,14.289775456006367,14.63112934507299,14.262871071469648,14.624402046203613,7429500
2015-10-20,14.600856944438735,14.671483141618571,14.446154766564895,14.536959648132324,4454000
2015-10-21,14.629443901098979,14.696705649467269,14.427658655994108,14.503328323364258,8016500
2015-10-22,15.159134216816652,15.318879894775813,14.617675684908614,15.305428504943848,15509000
2015-10-23,15.470211979633783,15.515614408079172,14.925392460165732,15.206210136413574,6405500
2015-10-26,15.283559607743122,15.439943960204948,15.175940527067137,15.423128128051758,6557500
2015-10-27,15.332329746200875,15.364279195974678,15.056557067397382,15.24657154083252,3850500
2015-10-28,15.263387618972969,15.411364120207978,15.130546335496355,15.399593353271484,3540000
2015-10-29,15.364280539148599,15.512257035439783,15.186036815645279,15.325605392456055,3437500
2015-10-30,15.396227610243844,15.640050822874707,15.32560302190855,15.535796165466309,4419500
2015-11-02,15.537483779242834,15.594657007137103,15.334017840851127,15.483675003051758,3916000
2015-11-03,15.502169300510424,15.616514136655569,15.345786464074843,15.55429744720459,4578500
2015-11-04,15.483672991398702,15.619877140032225,15.355875159989578,15.592972755432129,5702000
2015-11-05,15.638374231132246,15.806527827120522,15.594654007518866,15.747673988342285,3880000
2015-11-06,15.692179410569798,15.764486226106186,15.59128759676474,15.702269554138184,3362000
2015-11-09,15.678735922858484,15.69891461651469,15.354196202015391,15.475268363952637,2810500
2015-11-10,15.424817949375223,15.518984089975831,15.261707825179567,15.465173721313477,3755000
2015-11-11,15.549245044474004,15.549245044474004,15.308784717157675,15.36595630645752,2149500
2015-11-12,15.315405594376784,15.44685394922657,15.123288397173814,15.128344535827637,3651500
2015-11-13,15.081159565003768,15.081159565003768,14.334599571055156,14.358194351196289,8497000
2015-11-16,14.366616828316827,14.664903274070593,14.29752323577057,14.653106689453125,4064500
2015-11-17,14.696922337431662,14.723887336126243,14.460990652584568,14.518287658691406,4773500
2015-11-18,14.62614773471178,14.890730422047405,14.50818185274567,14.855339050292969,4926000
2015-11-19,14.78455497726546,15.209233628988395,14.78455497726546,15.03902530670166,4874000
2015-11-20,15.12834253702296,15.328884462600428,15.062617564699746,15.303606986999512,4722000
2015-11-23,15.337309431061888,15.591779722001949,15.283382654656148,15.413145065307617,3997000
2015-11-24,15.330574277598096,15.413150385607135,15.232829751772995,15.335630416870117,3739000
2015-11-25,15.424942915679653,15.490667887436882,15.290124356422364,15.359219551086426,2363000
2015-11-27,15.404723167419434,15.446854980406817,15.236200736962898,15.404723167419434,1388000
2015-11-30,15.382817512176919,15.396298408005153,14.99184260419716,15.057567596435547,3851000
2015-12-01,15.133399231879771,15.290126674538714,15.007007014309403,15.109806060791016,3853500
2015-12-02,15.16542023436917,15.205866133629634,15.03902800455352,15.065991401672363,2200000
2015-12-03,14.927803737629691,14.980046227610663,14.376732737364044,14.435715675354004,7494000
2015-12-04,14.494696080188742,14.878930478512066,14.45593610016413,14.836798667907715,7073500
2015-12-07,14.863760615296895,14.878929029936247,14.663218680702872,14.818260192871094,3526000
2015-12-08,15.044082021419133,15.372702094012862,14.737369203655039,15.172160148620605,6523000
2015-12-09,15.025546582588621,15.399667119715465,14.843540042300011,14.981730461120605,5366500
2015-12-10,14.92442868367779,15.091266771640884,14.7137744835073,14.97330093383789,4322500
2015-12-11,14.79635013673164,15.032283412593495,14.735682911731583,14.813202857971191,3821500
2015-12-14,14.873872332626439,15.015431339959957,14.696921966295516,14.867130279541016,3929500
2015-12-15,14.948021488735636,14.998578045544592,14.685124821866722,14.691866874694824,6160500
2015-12-16,14.816573168300868,14.948021501850654,14.551992193365766,14.845222473144531,5418000
2015-12-17,14.84691270256956,14.94634153733409,14.467734398072814,14.471104621887207,3887000
2015-12-18,14.400325263526804,14.567163397963682,14.329545741128937,14.444141387939453,8965000
2015-12-21,14.469418151293436,14.530085385215429,14.159335106405184,14.284041404724121,5670000
2015-12-22,14.346395166987834,14.50817875013161,14.150909349296205,14.391897201538086,5400500
2015-12-23,14.442457285950994,14.511552508680982,14.201469375003123,14.50312614440918,2648500
2015-12-24,14.528397531664346,14.632880857456675,14.364929687253563,14.437395095825195,1230500
2015-12-28,14.331226774596416,14.496380562949376,14.292466798402058,14.491324424743652,2600000
2015-12-29,14.572218789942262,14.828373468410804,14.282358660347553,14.693554878234863,3121500
2015-12-30,14.693554783387917,14.749167491655621,14.540199160381114,14.54188346862793,1952500
2015-12-31,14.489641680907198,14.619405744549171,14.40538126391185,14.408751487731934,2516000
2016-01-04,14.071705125898006,14.240227568581759,13.94531128492963,14.113835334777832,8786500
2016-01-05,14.123946777557695,14.339657187422636,14.009351124555863,14.10372543334961,5369000
2016-01-06,13.899811927458385,13.999240770984244,13.77847421646179,13.90992259979248,5761500
2016-01-07,13.670614808788805,14.110460208179251,13.601519618782323,13.899806022644043,7586000
2016-01-08,13.884640560101152,14.083498181911649,13.764988803997884,13.79532241821289,6854500
2016-01-11,13.904864090934472,14.02282993692129,13.692523960994087,13.928457260131836,6254000
2016-01-12,13.980697275356539,14.285725755455454,13.931826631956373,14.267187118530273,6110000
2016-01-13,14.368304313898138,14.383471123326276,13.668932307546617,13.743082046508789,19664000
2016-01-14,13.771732574205236,14.208207898493045,13.513891969648432,13.987442970275879,11168500
2016-01-15,13.593095526621834,13.943624458416544,13.550965325350576,13.732970237731934,8830000
2016-01-19,13.852624769616083,14.189671268611656,13.751510016335173,14.064963340759277,7684000
2016-01-20,13.908234703629288,14.029570776162139,13.48861057029899,13.732970237731934,11538000
2016-01-21,13.812174338530289,14.267186561159598,13.73802461521839,14.037995338439941,10060500
2016-01-22,14.391900977055148,14.395271201394065,14.137430557073055,14.297528266906738,5372000
2016-01-25,14.268877645895278,14.364936263021061,14.058223375890584,14.07507610321045,6571500
2016-01-26,14.144168904831146,14.44919746608329,14.064963019555137,14.440771102905273,6822500
2016-01-27,14.454250700512398,14.597495647348802,14.076758342717726,14.193039894104004,8229500
2016-01-28,13.921714343024142,14.415488164709359,13.213916900266037,14.321115493774414,15166500
2016-01-29,14.427289248837795,14.92443344853426,14.39695562576512,14.882303237915039,9024000
2016-02-01,14.737368486944705,14.836797300779223,14.373358676984344,14.614346504211426,7834500
2016-02-02,14.494694123453591,14.67669902063446,14.435711203734238,14.506490707397461,5398000
2016-02-03,14.575583084081723,14.712085926984187,14.0464196096879,14.26887035369873,8893000
2016-02-04,14.245280882699037,14.337969252449275,13.74645088695224,14.117202758789062,9068500
2016-02-05,14.051482560186523,14.187985469278178,13.57624562662054,13.613321304321289,6864000
2016-02-08,13.502094504172117,13.517261313953716,13.15325064695588,13.451537132263184,8219000
2016-02-09,13.385814198727795,13.891384750630214,13.382443974813665,13.726232528686523,8392000
2016-02-10,13.877904627379074,14.122264385444018,13.734659639898014,13.807125091552734,4977500
2016-02-11,13.463334119356642,13.862734556793011,13.463334119356642,13.76667594909668,5153500
2016-02-12,13.903181403075703,14.103724994968891,13.77678916629882,14.068333625793457,3611500
2016-02-16,14.233488995921784,14.467736459627295,14.085187876805573,14.415493965148926,5298000
2016-02-17,14.518290744299808,14.605922990771731,14.396954653042593,14.494697570800781,4702000
2016-02-18,14.47442540249739,14.513275717751018,14.188956050335205,14.276792526245117,4860000
2016-02-19,14.210914507400782,14.319021052043368,14.040309495898335,14.293683052062988,3451000
2016-02-22,14.41192857167723,14.683884061664779,14.359565931946122,14.592669486999512,4913500
2016-02-23,14.569022961446816,14.715979882201173,14.303825210409755,14.335919380187988,3826500
2016-02-24,14.175443229710922,14.501451119071605,14.067336677779576,14.45753288269043,5405500
2016-02-25,14.513280580407145,14.513280580407145,14.22443305330273,14.442336082458496,4042500
2016-02-26,14.518347884587651,14.531860201194636,14.234568294005532,14.320714950561523,3699000
2016-02-29,14.307199145162608,14.601112901529476,14.20078081782527,14.285239219665527,3755500
2016-03-01,14.408545018687317,14.820701098469298,14.305506401469247,14.802119255065918,5128500
2016-03-02,14.70584014917119,14.819013012749636,14.49807304580298,14.727798461914062,3976000
2016-03-03,14.665300880209434,14.717665120346433,14.411925680602339,14.59097671508789,4507000
2016-03-04,14.64165676868044,14.859558179626847,14.499766166625447,14.746383666992188,3152000
2016-03-07,14.63320942373848,14.704153912806778,14.405172185238708,14.494698524475098,4886500
2016-03-08,14.408548566550742,14.663612016895872,14.37138809241324,14.513277053833008,4130000
2016-03-09,14.61293495156752,14.927118745176015,14.570706561967434,14.666987419128418,4259500
2016-03-10,14.77847541977812,15.199077622047819,14.72442293986668,15.006512641906738,8540000
2016-03-11,15.160228172931566,15.291982912563707,15.084215761185705,15.254820823669434,5556000
2016-03-14,15.150089967003654,15.31224900172536,15.040295173191353,15.215968132019043,3917500
2016-03-15,15.20245302526692,15.330829656101876,15.126440631267794,15.217655181884766,3694000
2016-03-16,15.123063943479945,15.219346425457317,14.981174987456471,15.128131866455078,3569000
2016-03-17,15.021713415462111,15.089279814573565,14.840974143566733,14.989619255065918,4773500
2016-03-18,15.062253101978438,15.205831896924899,14.895026148634441,15.085901260375977,5804000
2016-03-21,15.11462168766496,15.20245819008694,15.040299112888835,15.126445770263672,2329000
2016-03-22,15.077456865628127,15.126443032203056,14.981175988129674,15.04367446899414,3441500
2016-03-23,15.060566472766206,15.121375108889408,14.923743819668712,15.04367446899414,3531500
2016-03-24,15.092659833985396,15.112928304343225,14.90685102418143,14.982863426208496,2589000
2016-03-28,15.05887676381755,15.207523498713874,14.945702270616342,15.08928108215332,3691000
2016-03-29,15.07914610580287,15.205832907193827,15.023403784318042,15.194008827209473,2641500
2016-03-30,15.21934613131715,15.352789083439728,15.146711810080808,15.320694923400879,3477000
2016-03-31,15.362918639267303,15.454133159161373,15.168663913970763,15.28014850616455,4385000
2016-04-01,15.26664536557667,15.535221165725561,15.175430790911923,15.508194923400879,4001000
2016-04-04,15.481170712288193,15.540291128539822,15.24130935700114,15.288605690002441,3067500
2016-04-05,15.180492658092948,15.290287428504664,14.969347505762233,15.001440048217773,3165000
2016-04-06,15.031854229560402,15.126446897398589,14.846045362409042,15.06563663482666,4370500
2016-04-07,15.003130291624002,15.050426600807974,14.645028284165603,14.748066902160645,5909500
2016-04-08,14.827460661164308,14.83928474108836,14.60111329794242,14.678813934326172,3617500
2016-04-11,14.759893898860874,14.895026697803322,14.651787337524906,14.692327499389648,4364500
2016-04-12,14.736246859320758,15.045362797934937,14.6906387710299,15.00989055633545,5000500
2016-04-13,15.077456057952192,15.20076477924455,15.025093426520007,15.146712303161621,6008500
2016-04-14,15.170364680636379,15.477792452471238,14.981179350836776,15.406847953796387,7525000
2016-04-15,15.406842055162425,15.408530288726135,15.023402007004629,15.111238479614258,8129000
2016-04-18,15.092656090849758,15.329137628808475,14.938941480266934,15.226099014282227,8090500
2016-04-19,15.281847360501649,15.435560420921199,15.004825560584353,15.139958381652832,5625000
2016-04-20,15.146709923836735,15.24974854768463,15.050427455710398,15.214276313781738,6346500
2016-04-21,16.04703437008265,16.42709635479069,15.624743991922578,15.93554973602295,16498500
2016-04-22,15.915284613714158,16.004810962121002,15.862920358539839,15.954134941101074,7761000
2016-04-25,15.878121340946434,16.119672512648087,15.825758700572422,16.07068634033203,6112000
2016-04-26,16.0723743757521,16.092644458190062,15.915281639585457,16.065616607666016,5667500
2016-04-27,16.04703120913747,16.264932511629226,15.969330593872824,16.212568283081055,4689000
2016-04-28,16.138253712083234,16.217644210745167,16.01663480744107,16.04197120666504,6048000
2016-04-29,15.93723756026445,16.02507402511076,15.773388708112304,15.98960018157959,9049500
2016-05-02,16.070679891530315,16.173718507812623,15.878114969416684,16.146692276000977,3664500
2016-05-03,16.025078283442145,16.215953419135083,15.893323551161597,16.063928604125977,5626500
2016-05-04,15.827448954137147,16.079134394857988,15.827448954137147,15.987919807434082,3461500
2016-05-05,16.00648959983053,16.00648959983053,15.746358324981484,15.770008087158203,3429500
2016-05-06,15.731158710482033,15.866291485502082,15.651768245430496,15.805482864379883,3561000
2016-05-09,15.891633197852029,15.95919960114836,15.75819023597858,15.88825511932373,3605000
2016-05-10,15.922044058814848,16.094339021845098,15.864613478411956,16.0504207611084,2693000
2016-05-11,15.982844800615505,15.982844800615505,15.569000455734644,15.616296768188477,6033000
2016-05-12,15.734847667233725,15.932993315945657,15.634927721493789,15.846622467041016,4241500
2016-05-13,15.760255180377762,15.914369948983822,15.528237520909684,15.580738067626953,3389500
2016-05-16,15.589200932889563,15.917751591445159,15.492667857582768,15.846622467041016,3545500
2016-05-17,15.79581986242283,15.91944955775716,15.477431323496605,15.565496444702148,3845000
2016-05-18,15.526536020936822,15.579036537655673,15.374115582747217,15.506213188171387,5427000
2016-05-19,15.516380451369283,15.728075236286353,15.477429011490095,15.697591781616211,2818500
2016-05-20,15.787351139113978,15.975336230794264,15.716221994176184,15.902514457702637,5199000
2016-05-23,15.904202818747933,15.988881041713169,15.780573162353631,15.792428016662598,2325000
2016-05-24,15.836461828349972,16.1429954371681,15.819525859383594,16.083721160888672,2852000
2016-05-25,16.021065727466436,16.197195991283564,16.00582399600216,16.109130859375,2539500
2016-05-26,16.185339569899664,16.270017821656133,15.960095646341914,16.214130401611328,3593000
2016-05-27,16.28864451352662,16.39195135481795,16.275095413396965,16.385177612304688,2762500
2016-05-31,16.358072929237693,16.427507793383377,16.165006827257123,16.275087356567383,3945000
2016-06-01,16.27001583280419,16.378402172887576,16.237838133372207,16.354692459106445,3145000
2016-06-02,16.38686513540775,16.403801101518,16.21242920675952,16.368236541748047,3020000
2016-06-03,16.297108851699697,16.352996252683553,15.973639300093042,16.112510681152344,5548000
2016-06-06,16.134530274061458,16.192110311707975,15.883882436907863,16.14130401611328,4516000
2016-06-07,16.210741337725377,16.405501794362465,16.188725865208273,16.31066131591797,3676000
2016-06-08,16.28186953738833,16.30557924949147,15.83646289127422,15.985496520996094,7626000
2016-06-09,15.921138012043526,15.944847719508347,15.816136956069206,15.890654563903809,6743500
2016-06-10,15.753481848399742,15.838160099666345,15.645093880590888,15.72807788848877,5692500
2016-06-13,15.726375273584383,15.76702093758961,15.423228650940295,15.457098960876465,6001000
2016-06-14,15.482508550264464,15.69759018435962,15.482508550264464,15.689122200012207,4871500
2016-06-15,15.70436252944001,15.873718971124209,15.636620275786875,15.650169372558594,3928500
2016-06-16,15.587508553513835,15.646782824794785,15.424925849311501,15.595974922180176,3587000
2016-06-17,15.524843379654799,15.609521589059911,15.311456036264627,15.51468276977539,6549000
2016-06-20,15.663721582630297,15.917756321841983,15.65864208302244,15.670496940612793,3905000
2016-06-21,15.743310777419708,15.787343314142715,15.58581083670821,15.612907409667969,2552000
2016-06-22,15.607826297518516,15.834764335700292,15.582423966976041,15.612907409667969,3472500
2016-06-23,15.772106692811205,15.85001118225164,15.667107236752075,15.841543197631836,2927500
2016-06-24,15.247104777368053,15.802591978281,15.211540210536423,15.54855728149414,6000500
2016-06-27,15.455414335240098,15.760253742895745,15.326703537621675,15.73315715789795,7191000
2016-06-28,15.833074784923735,15.95501020692563,15.7636382819805,15.948236465454102,5586000
2016-06-29,16.01429072470364,16.154854783917138,15.968563918801689,16.117597579956055,4890000
2016-06-30,15.460491656727623,15.829688026289372,15.338556233862215,15.441863059997559,20349500
2016-07-01,15.467272821493271,15.755177940521255,15.352109481799282,15.660337448120117,8069000
2016-07-05,15.63154303925721,15.714528653022613,15.446946442466508,15.584123611450195,4992000
2016-07-06,15.485898330916621,15.663721190318174,15.484204087687628,15.648479461669922,5024000
2016-07-07,15.662020442021284,15.707745604259252,15.521454855503853,15.629842758178711,2821000
2016-07-08,15.714526680904738,15.905898611296456,15.631541077553736,15.866947174072266,4595500
2016-07-11,15.87372443075665,16.014290099586518,15.794127295715025,15.804287910461426,4991500
2016-07-12,15.827990424921593,15.949927437016884,15.82121668483937,15.888958930969238,4115500
2016-07-13,15.95331815552241,16.024447288852073,15.758559352804639,15.805978775024414,3228000
2016-07-14,15.905901791442629,15.939772121638986,15.69589960683288,15.724690437316895,4592500
2016-07-15,15.81952641909131,15.81952641909131,15.560412222129056,15.579042434692383,6668000
2016-07-18,15.62307632765475,15.829690005762085,15.580736400106138,15.746706008911133,4442500
2016-07-19,15.834771120088538,15.855093962291253,15.685737482302986,15.746706008911133,4839000
2016-07-20,15.767033345703178,15.829694518213762,15.650177373502084,15.772112846374512,5801000
2016-07-21,15.260654436362884,15.411382325016046,14.994766461164483,15.197993278503418,18413500
2016-07-22,15.262342482015532,15.550247426778627,15.169196289562024,15.499441146850586,8770000
2016-07-25,15.480811836988286,15.577344905021016,15.413069588121871,15.448634147644043,4790500
2016-07-26,15.480817106782691,15.579044450893067,15.2928320195438,15.321622848510742,4870500
2016-07-27,15.30807548791125,15.369044024105314,15.123478866126188,15.231866836547852,3453000
2016-07-28,15.189524854185201,15.519768220942144,15.096378626596062,15.475735664367676,6391000
2016-07-29,15.482506242010514,15.57903931105569,15.384278930307296,15.52145767211914,4804500
2016-08-01,15.460497010789632,15.599370065752128,15.428319304774352,15.445255279541016,3322500
2016-08-02,15.421541255350318,15.435090354401549,15.238637301225195,15.292830467224121,3885000
2016-08-03,15.25726867224425,15.409689200085584,15.199688624792977,15.396140098571777,3047500
2016-08-04,15.32162209991689,15.341944942012189,14.52395660431301,14.623876571655273,17109000
2016-08-05,14.65774540697678,14.830488739658524,14.649277422373439,14.745810508728027,6267500
2016-08-08,14.757666558880477,14.767828787268352,14.320729500675036,14.415568351745605,11416500
2016-08-09,14.415567772417553,14.701778557226117,14.351212378890803,14.52056884765625,5917000
2016-08-10,14.518876061568935,14.584925704754559,14.403714361897471,14.456214904785156,4361500
2016-08-11,14.512255708091617,14.760212172202454,14.498668409098686,14.644725799560547,5611500
2016-08-12,14.568301778181713,14.744928580066857,14.547921637990605,14.682090759277344,5723500
2016-08-15,14.692283174399615,14.792484876998458,14.598874313437527,14.610762596130371,4766500
2016-08-16,14.636232396212282,14.651517093681631,14.412052514244746,14.478286743164062,3451000
2016-08-17,14.485084571596936,14.485084571596936,14.264301057741909,14.37978744506836,6031500
2016-08-18,14.400164661957207,14.544523021713387,14.367896246498463,14.479986190795898,3466500
2016-08-19,14.45451729928313,14.671904449260797,14.417155047009333,14.559814453125,3867500
2016-08-22,14.522445783159988,14.64302760215307,14.478289083523881,14.55471420288086,2852500
2016-08-23,14.583589244850852,14.598873947979447,14.406962409460407,14.464706420898438,6698000
2016-08-24,14.48677905501633,14.536031188097837,14.29826400113021,14.322040557861328,5105000
2016-08-25,14.337327700457664,14.444322211904323,14.267695426220381,14.39507007598877,5351500
2016-08-26,14.396769031155781,14.469797724843158,14.289772900532308,14.367897033691406,7752000
2016-08-29,14.369597583402939,14.648123469446187,14.369597583402939,14.481687545776367,4805500
2016-08-30,14.418851201790297,14.43753394596998,14.259208084077716,14.308460235595703,5403500
2016-08-31,14.296568584315905,14.388278404379806,14.198064304488867,14.25750732421875,6868000
2016-09-01,14.34581912491715,14.354310984890605,14.172590364360047,14.279584884643555,3684000
2016-09-02,14.340730311202423,14.451121290082968,14.26940060611125,14.446025848388672,4244500
2016-09-06,14.374694857298342,14.374694857298342,14.035028468448859,14.189576148986816,9103500
2016-09-07,14.150513361865546,14.221843052929378,14.113151115874164,14.186178207397461,7133000
2016-09-08,12.036086383028069,12.165160060195014,11.764353348775538,11.783035278320312,90862000
2016-09-09,11.747369776129197,11.803414755636076,11.570743787553221,11.6199951171875,27455500
2016-09-12,11.552062845550456,11.777940992903075,11.552062845550456,11.737180709838867,15483000
2016-09-13,11.64377249244912,11.8034155822664,11.557157297192099,11.76775074005127,11532500
2016-09-14,11.769448459089588,11.791526809515103,11.601313515809524,11.701515197753906,11456500
2016-09-15,11.706610842913157,11.798320666340668,11.638677580386974,11.728689193725586,8101500
2016-09-16,11.686231473933692,11.771148462613416,11.572443292179324,11.574141502380371,10627500
2016-09-19,11.592821017462192,11.599613856850258,11.467143770843924,11.470541000366211,8248500
2016-09-20,11.50960339596946,11.540173605727464,11.429781856458282,11.477334976196289,8681000
2016-09-21,11.570745837917489,11.570745837917489,11.339772229088284,11.509605407714844,6556500
2016-09-22,11.563953454328363,11.640378595544146,11.529986814880079,11.591126441955566,8072500
2016-09-23,11.516398023401441,11.659057394724774,11.509604372935778,11.609806060791016,6669000
2016-09-26,11.609805213235768,11.728688823821374,11.518095392700639,11.679436683654785,9501500
2016-09-27,11.698117807265398,11.796621270979683,11.696419597347127,11.71679973602295,9676500
2016-09-28,11.693023414923863,11.745671162772355,11.618296508204697,11.676039695739746,6376500
2016-09-29,11.638680100381995,11.774546654852049,11.58603152708486,11.589427947998047,8679000
2016-09-30,11.63528052387711,11.68283445621722,11.41619603240328,11.438274383544922,16212000
2016-10-03,11.382231042265362,11.434878802713015,11.282029342619007,11.383929252624512,11229000
2016-10-04,11.443368236208961,11.558855424239843,11.365244907465273,11.370340347290039,7358500
2016-10-05,11.429782928235705,11.506208054882977,11.40260994578834,11.41959285736084,8970500
2016-10-06,11.419591434809712,11.606408297805684,11.404306735315654,11.575838088989258,7511000
2016-10-07,11.570746386700744,11.61660130661332,11.475639316261999,11.528287887573242,5917500
2016-10-10,11.599614816234656,11.704911933741164,11.591122956468972,11.635279655456543,7490000
2016-10-11,11.580935843308872,11.681137546605964,11.514701587746346,11.592824935913086,10825500
2016-10-12,11.61829712911345,11.669246669732054,11.550363868403082,11.594520568847656,8135500
2016-10-13,11.553762592214436,11.582634598195938,11.42468969506001,11.443370819091797,9612500
2016-10-14,11.572444651799227,11.606411289296094,11.341471030923415,11.422990798950195,9014500
2016-10-17,11.417895128244108,11.44676632208228,11.10540176779144,11.130876541137695,11853500
2016-10-18,11.163146275613766,11.266744401233419,11.076531064275569,11.085022926330566,11304500
2016-10-19,11.139369947717324,11.445069699771743,11.118989802281318,11.441673278808594,14604000
2016-10-20,11.207302088567383,11.321090277570525,10.736863820114799,11.037468910217285,30405500
2016-10-21,10.993312264286681,11.073133818065793,10.820081854521755,11.027278900146484,12492000
2016-10-24,11.045960982599961,11.10540239370087,10.911792647666132,10.95425033569336,8329500
2016-10-25,10.904998548326638,10.915188619786386,10.662136663221498,10.72327709197998,8436000
2016-10-26,10.71818345435293,10.82517881776485,10.692708676332412,10.728373527526855,5106000
2016-10-27,10.738563355428807,10.775926416327422,10.50249508692002,10.541556358337402,5174000
2016-10-28,10.475319477239584,10.595900492179286,10.465129406848733,10.51607894897461,5499500
2016-10-31,10.521177023316358,10.66044000381188,10.444751881164285,10.636663436889648,7581500
2016-11-01,10.657040437616894,11.02727694582159,10.640056717782718,10.947455406188965,13310500
2016-11-02,10.961042969804517,11.207301262722979,10.961042969804517,11.149558067321777,13624000
2016-11-03,11.217491966279276,11.34147022482245,11.127480342818775,11.142765045166016,12445000
2016-11-04,11.183521148617269,11.39071730218273,11.10200141687251,11.113889694213867,11666000
2016-11-07,11.268440316954182,11.299009716204377,11.13427201079819,11.168238639831543,8089000
2016-11-08,11.176730602390428,11.207300813965249,11.037467654930213,11.1631441116333,8309000
2016-11-09,10.876779116401076,11.478488062801405,10.825642044878538,11.418828010559082,11977500
2016-11-10,11.502350363605066,11.74269253862248,11.473372557790617,11.705192565917969,10979000
2016-11-11,11.69837685284833,12.136448036141394,11.650649455520533,12.119402885437012,16444000
2016-11-14,12.196106554991266,12.40917619505697,12.066559849698631,12.281333923339844,15445500
2016-11-15,12.281335857154126,12.38531363679793,12.078493599398175,12.223381042480469,12345000
2016-11-16,12.144969275380106,12.31031152131022,12.119401146593809,12.291561126708984,8312000
2016-11-17,12.255767844468247,12.475655255622488,12.194403348706848,12.470541954040527,7655000
2016-11-18,12.424515289482574,12.509743459510874,12.279627888112106,12.427924156188965,8349000
2016-11-21,12.484171605196416,12.692127868844159,12.422807954832285,12.678491592407227,9055500
2016-11-22,12.7074753463714,12.838726507372822,12.647816097187258,12.676793098449707,10157500
2016-11-23,12.704062992315981,12.862586677213848,12.613721520002226,12.790995597839355,6788000
2016-11-25,12.802927221547984,12.81826793463375,12.702358337817554,12.71769905090332,1824000
2016-11-28,12.70236087344198,12.865997888342028,12.70236087344198,12.770543098449707,6270000
2016-11-29,12.961451975249648,12.978497123110111,12.687017860810535,12.74156379699707,7497500
2016-11-30,12.767131392734669,12.845541020333478,12.717699571925117,12.796109199523926,6613500
2016-12-01,12.825088772973002,13.177931739373811,12.794406528521908,12.963157653808594,8592500
2016-12-02,12.99383649847243,13.145541621772264,12.872812798799794,12.884744644165039,5813000
2016-12-05,12.956341382217428,13.073956266875177,12.87793173004438,13.067137718200684,8444500
2016-12-06,13.06713348062024,13.08247500696361,12.906905360295948,13.012587547302246,4844000
2016-12-07,13.0125888890041,13.206908948884676,12.94270223493296,13.191567420959473,6433000
2016-12-08,13.208614286187661,13.208614286187661,13.00065793054259,13.05179500579834,8668500
2016-12-09,13.077361304035543,13.254635389679486,12.95974726662708,13.200089454650879,6728500
2016-12-12,13.084181678618325,13.200091298749516,12.95122609581101,13.043272018432617,8111500
2016-12-13,12.969976376386915,13.16088676755519,12.903498585576836,13.077363014221191,8527500
2016-12-14,13.11315882236896,13.114863256096188,12.862589182949177,12.86770248413086,8536500
2016-12-15,12.910315083530774,13.089293608904509,12.821678037608837,12.997247695922852,8393000
2016-12-16,13.034746807312803,13.063724613786647,12.888154967118984,13.012587547302246,12460500
2016-12-19,12.997249057121815,13.14213648868392,12.959749077149073,13.043272018432617,4568500
2016-12-20,13.05690666307298,13.317704494848742,12.99383855979338,13.314294815063477,5273000
2016-12-21,13.324525547301695,13.324525547301695,13.206911478923526,13.235888481140137,3807000
2016-12-22,13.235885230134777,13.251226757230752,12.93247412156588,12.990428924560547,5371000
2016-12-23,13.019405466386768,13.116565481627138,12.95974623569324,12.976791381835938,2870500
2016-12-27,13.031338046845624,13.15236176118313,12.968269133132756,13.044974327087402,2938000
2016-12-28,13.056907588495033,13.10463579370633,12.876224620526832,12.908611297607422,2588500
2016-12-29,12.930771627313119,13.043272383173539,12.881339797203278,12.95804500579834,3610500
2016-12-30,12.99895117207649,13.085883778065957,12.845540786541676,12.922245979309082,2851000
2017-01-03,13.108044239713678,13.167703478315424,12.908610882792768,12.937588691711426,6266500
2017-01-04,12.922249628207322,13.152365271488055,12.854067396004805,13.089296340942383,7075000
2017-01-05,13.010886683773954,13.14725114808617,12.77395330511203,12.891568183898926,7575000
2017-01-06,12.92224726854823,12.959748058369229,12.797814676860758,12.811450958251953,7321000
2017-01-09,12.819972796894943,12.891564690214487,12.729631323131317,12.847246170043945,4388500
2017-01-10,12.818272002110707,13.097819482663706,12.804635718063414,13.014296531677246,4813000
2017-01-11,13.05520239351701,13.114861630556641,12.896678697385893,13.039861679077148,3575500
2017-01-12,13.039861885430007,13.068838881252319,12.83872409703213,12.946110725402832,3039500
2017-01-13,13.147249494922718,13.188159154190842,12.93588508949399,12.963157653808594,6495500
2017-01-17,12.959748837995466,13.338159936545283,12.959748837995466,13.186454772949219,5311500
2017-01-18,13.186456190024133,13.251229553484958,12.894976867246731,13.02452278137207,5773500
2017-01-19,12.987020332182034,13.077361811983277,12.658041088558132,12.748382568359375,7327500
2017-01-20,12.78417723432794,12.843836467993386,12.65804022052267,12.821677207946777,6328500
2017-01-23,12.75860967383464,12.80804149638099,12.622245240662231,12.734745979309082,5449500
2017-01-24,12.784178395469564,12.831905786736831,12.632472428203531,12.811450958251953,8250000
2017-01-25,12.896675831070961,12.975085444951826,12.678492946391847,12.823379516601562,5860000
2017-01-26,12.83020191116526,12.92224783055424,12.692133032081793,12.782474517822266,4499000
2017-01-27,12.814863027961119,12.816567461853344,12.630770350063091,12.675088882446289,4267500
2017-01-30,12.647814940527674,12.707474184255899,12.489291226623937,12.695542335510254,8577500
2017-01-31,12.63588090183864,12.680199421726194,12.393833475868753,12.55747127532959,10560500
2017-02-01,12.489290685678958,12.623950696258914,12.206333569860762,12.335880279541016,20384000
2017-02-02,12.804632087183435,12.954632794762139,12.446675058865342,12.564289093017578,32533000
2017-02-03,12.521675739564492,12.571107559703877,12.272809767067042,12.49099349975586,11418000
2017-02-06,12.472243106629012,12.60178979951251,12.36485648649294,12.49099349975586,7297000
2017-02-07,12.502928199055216,12.598382994288082,12.410882271424585,12.473950386047363,6272000
2017-02-08,12.465427386418096,12.555768874227775,12.27451699587724,12.448381423950195,14775500
2017-02-09,12.443264847967425,12.63928848797981,12.368264095881184,12.535310745239258,16926500
2017-02-10,12.540429196762615,12.719407765116632,12.49781509709807,12.656339645385742,7967000
2017-02-13,12.69554347957304,12.707475329393926,12.453496802637678,12.470541954040527,5249000
2017-02-14,12.467131288670867,12.560881639859351,12.462017175030004,12.511449813842773,4475000
2017-02-15,12.504630942674146,12.55747244734792,12.383607218393776,12.39724349975586,9462000
2017-02-16,12.422813180734709,12.453495425221806,12.015423459634205,12.076787948608398,15899000
2017-02-17,12.068264591606347,12.32224389515784,12.015423085434707,12.30349349975586,17201000
2017-02-21,12.426220458958369,12.443266419092248,12.206332287448781,12.4296293258667,12649000
2017-02-22,12.443266233589846,12.516561747802951,12.312015106022432,12.323946952819824,7809000
2017-02-23,12.399193433294073,12.460761457148914,12.127266431554597,12.142658233642578,8183000
2017-02-24,12.20594232422674,12.296584696321903,12.094776997033943,12.171737670898438,14247000
2017-02-27,12.182000653211237,12.358154272634646,12.062283944022715,12.197392463684082,13485000
2017-02-28,12.204231367071795,12.269219633033948,11.992162204949842,12.127270698547363,10642000
2017-03-01,12.257246087346147,12.361570949266019,12.147791711082341,12.300002098083496,12588000
2017-03-02,12.31539790880965,12.484711070165833,12.276062107780763,12.414590835571289,11046500
2017-03-03,12.382093601536571,12.404326662808744,12.252116269447557,12.380383491516113,7508000
2017-03-06,12.38038608434329,12.38038608434329,12.156345314680188,12.27606201171875,7610000
2017-03-07,12.241856975459992,12.291453436904368,12.187129367536704,12.216203689575195,5338500
2017-03-08,12.236727405622005,12.498393058231283,12.21107330263824,12.433403968811035,7240500
2017-03-09,12.414591701605739,12.447086247830184,12.305137289353407,12.308557510375977,7987000
2017-03-10,12.317107356929215,12.421431424760758,12.294874292022227,12.400908470153809,5330500
2017-03-13,12.400912223266044,12.443668255720011,12.009268303413416,12.262383460998535,11650000
2017-03-14,12.110168675134652,12.358152612968963,12.110168675134652,12.269220352172852,6561000
2017-03-15,12.344468786453465,12.40432671493659,12.214491453818233,12.358150482177734,7547000
2017-03-16,12.35644093481179,12.506942041141299,12.284611417361218,12.298293113708496,9111000
2017-03-17,12.385516785274659,12.460766532245088,12.175157721713715,12.205942153930664,10742500
2017-03-20,12.19225864829172,12.24698543233717,12.053729131605174,12.128979682922363,9974500
2017-03-21,12.139242664825256,12.171737206573034,11.643274802733343,11.658666610717773,19584000
2017-03-22,11.646696239291076,11.785224972124126,11.583417259464385,11.762991905212402,8503500
2017-03-23,11.826270655244187,11.910072589900018,11.757861345384034,11.851923942565918,6867500
2017-03-24,11.851919615738336,11.9288802651105,11.783510330852634,11.804033279418945,7522500
2017-03-27,11.71852638026698,11.79890727872206,11.660377732828298,11.701423645019531,8622000
2017-03-28,11.686032908975678,11.723657788271009,11.578287787329744,11.62446403503418,10415500
2017-03-29,11.633009826463672,11.75101555502337,11.590253820419179,11.709970474243164,7962000
2017-03-30,11.694582651369906,11.769833220248586,11.66379903203604,11.740758895874023,5370500
2017-03-31,11.721943016729861,11.846790010048103,11.715101761622169,11.795482635498047,5796500
2017-04-03,11.788643639422919,11.843371240476737,11.644983788594542,11.660375595092773,10586500
2017-04-04,11.627882249638033,11.839951419668646,11.550922393746754,11.798906326293945,14601500
2017-04-05,11.833112550603998,11.966510956676604,11.663799377243386,11.67234992980957,10315500
2017-04-06,11.709974449138379,11.956248279428038,11.677479906134565,11.89125919342041,12264000
2017-04-07,11.88954857323953,11.990452418607669,11.83653107740116,11.96137809753418,7578500
2017-04-10,11.971641022136797,12.233306681423223,11.961379543782103,12.041760444641113,16154500
2017-04-11,12.000711605313858,12.214490842631525,11.875863793505564,12.052018165588379,8473500
2017-04-12,11.477379364546247,11.526975813712612,11.042979644852856,11.049820899963379,45512000
2017-04-13,11.005355710907665,11.166117472316923,10.86169586546595,10.866827011108398,17349500
2017-04-17,10.921556353926826,10.940368382944479,10.784737742328527,10.868538856506348,11610000
2017-04-18,10.865119966813063,11.013910184377421,10.813812573427068,10.895903587341309,10871000
2017-04-19,10.913007007827698,11.019041206802088,10.904455639143345,10.954052925109863,8222000
2017-04-20,11.024169816101091,11.16440864202207,11.024169816101091,11.101130485534668,9988000
2017-04-21,11.14901682519515,11.236238971515235,11.111391953382054,11.219136238098145,10383500
2017-04-24,11.314911408599569,11.45857047593169,11.205456182105571,11.212297439575195,11991500
2017-04-25,11.202032499644295,11.214004084889364,11.049821295881582,11.109679222106934,10157000
2017-04-26,11.162697414158604,11.248209441746182,11.138754242154834,11.167828559875488,12233500
2017-04-27,10.984835385778817,11.029301519630492,10.45295270551738,10.632527351379395,32429000
2017-04-28,10.642789903988556,10.65476149388765,10.495709788440113,10.588062286376953,16151500
2017-05-01,10.627396230050454,10.627396230050454,10.454662038849529,10.500838279724121,9404500
2017-05-02,10.492287123280013,10.71461694769301,10.470054059288392,10.712906837463379,12211500
2017-05-03,10.685543178337708,10.798418605732008,10.617133877826205,10.706066131591797,11682000
2017-05-04,10.60345008742053,10.634234513591602,10.442688332143414,10.524779319763184,13398000
2017-05-05,10.586348765337243,10.60003046145671,10.482024711109494,10.594900131225586,6808500
2017-05-08,10.66160462678777,10.663314737716457,10.500841966938134,10.545308113098145,7385500
2017-05-09,10.574378794996138,10.59490175006269,10.493997900571523,10.576088905334473,6365500
2017-05-10,10.591482700556694,10.591482700556694,10.410197922636824,10.423879623413086,7548000
2017-05-11,10.382832637724622,10.418747401561452,10.227201178928425,10.305871963500977,8454500
2017-05-12,10.271665401138332,10.29389846254888,10.16734134971312,10.273375511169434,8270500
2017-05-15,10.309291286082226,10.370860146298742,10.126296446638994,10.133137702941895,10156000
2017-05-16,10.179313751544989,10.192995448393823,9.996318099992797,10.03736400604248,8089500
2017-05-17,9.977505256159596,10.109192698870249,9.871470279376032,9.873180389404297,10269000
2017-05-18,9.89208371807201,10.031263380002596,9.87490143825435,9.960814476013184,9762000
2017-05-19,9.977997020346704,10.03985437132012,9.866309340068797,9.892083168029785,11822500
2017-05-22,9.898955949650984,9.917856373279243,9.66183461702644,9.67386245727539,11393500
2017-05-23,9.682452559811438,9.69276143334082,9.29412298014481,9.32848834991455,21818500
2017-05-24,9.364573228394976,9.373164776921772,9.08105868169201,9.12745189666748,15287000
2017-05-25,9.141199074755649,9.417840230049547,9.137761963603692,9.343955039978027,13615500
2017-05-26,9.378323885481809,9.472828500084447,9.280382158455721,9.429871559143066,13238000
2017-05-30,9.393786599511051,9.502038008724378,9.371449059154992,9.419560432434082,13180000
2017-05-31,9.436742275334913,9.479699204034262,9.26663352592712,9.476262092590332,11021000
2017-06-01,9.514063517929362,9.6532431647708,9.447050913301593,9.641215324401855,13522000
2017-06-02,9.586234577439399,9.646373804486625,9.40237978379822,9.555305480957031,13342500
2017-06-05,9.574201117273557,9.654959694615114,9.459077170439103,9.605130195617676,14146000
2017-06-06,9.551862983631839,9.591382787355105,9.409246258597905,9.4539213180542,11336500
2017-06-07,9.455642349418271,9.58794942270176,9.328490533441212,9.362855911254883,14264500
2017-06-08,9.40753184023738,9.732285222690328,9.328491382141365,9.354265213012695,19753000
2017-06-09,9.39722221407956,9.874902077845576,9.325055159367693,9.797579765319824,17647500
2017-06-12,9.80789033938447,10.187627712689686,9.804453227422496,9.917859077453613,18274000
2017-06-13,9.890364669041862,10.007206783007216,9.723692227550703,9.819915771484375,11885000
2017-06-14,9.838815437058186,9.92301113392561,9.582793693608346,9.642932891845703,11436000
2017-06-15,9.630905073598795,9.68417168891889,9.479697595122392,9.593103408813477,7861500
2017-06-16,9.55014647366144,9.567328750599085,9.368009913712726,9.531245231628418,16210500
2017-06-19,9.57248278480924,9.636058266495603,9.445331002101494,9.558736801147461,10254000
2017-06-20,9.569047914775252,9.596540707870666,9.208211867330343,9.216802597045898,12578500
2017-06-21,9.220241695223214,9.276944620241384,9.069033348951168,9.075906753540039,8950000
2017-06-22,9.082777321911832,9.12745239348067,9.017483679825633,9.026074409484863,11137500
2017-06-23,9.026074412021515,9.084496289731959,8.95390736685244,9.046693801879883,13584000
2017-06-26,9.046693128104506,9.120579133038271,8.950470408378834,9.081058502197266,9458000
2017-06-27,9.08105548775858,9.313022300385143,9.070745797019518,9.237418174743652,9203500
2017-06-28,9.273505461958534,9.33020837446446,9.124016114322036,9.129171371459961,6928500
2017-06-29,9.129172223025593,9.251168789088435,9.093087877699807,9.120580673217773,6757000
2017-06-30,9.185874981795653,9.349110328641883,9.111988965663967,9.31474494934082,7707000
2017-07-03,9.395505489975626,9.517502898455149,9.35598566431913,9.44361686706543,5491000
2017-07-05,9.421277259524903,9.484853579123982,9.101679154157116,9.106834411621094,14124500
2017-07-06,9.10167794360884,9.130888880458885,8.837064643484643,8.849092483520508,15417500
2017-07-07,8.852526560423696,8.902356873250149,8.749430463336656,8.773486137390137,16913000
2017-07-10,8.763181625734964,8.828476104953332,8.691014560915988,8.704760551452637,12683000
2017-07-11,8.680703673446175,8.696167808263539,8.570734125553999,8.599945068359375,11931500
2017-07-12,8.644617746661096,8.716784781559197,8.569013601052305,8.589632987976074,12436000
2017-07-13,8.641184328316877,8.740844194809563,8.589636658316296,8.651494026184082,20683000
2017-07-14,8.69444956338175,8.969372610655384,8.672112024824003,8.852530479431152,15384000
2017-07-17,8.855965429752926,9.137761838241147,8.837065005684849,8.983118057250977,15206000
2017-07-18,8.984838629905768,9.01233061015855,8.828475841462621,8.902361869812012,7933500
2017-07-19,8.94016084724341,9.077622345659824,8.852528855235642,8.907513618469238,8859500
2017-07-20,8.883460685764424,9.053569465568318,8.813011768936992,8.940163612365723,11024500
2017-07-21,8.921262419738001,9.065597366357261,8.907516429425552,9.039823532104492,12070000
2017-07-24,9.032948934038302,9.032948934038302,8.825038502437913,8.852530479431152,10245000
2017-07-25,8.89377055297523,9.244297816775092,8.89377055297523,9.197904586791992,13439500
2017-07-26,9.199619491969157,9.280378079388122,9.077622128278744,9.17556381225586,16929000
2017-07-27,9.27866107444951,10.026108660592868,9.22024001377194,9.885210037231445,46862500
2017-07-28,9.83881717939674,9.923012891174235,9.661835844861173,9.728848457336426,16886500
2017-07-31,9.754620559525884,9.792422224227206,9.629186906439324,9.642932891845703,9014000
2017-08-01,9.69104702261147,9.69104702261147,9.479700285776838,9.654963493347168,12114000
2017-08-02,9.601695739405384,9.654962363611546,9.534683127469162,9.567330360412598,7106500
2017-08-03,9.50719023219934,9.642933588988123,9.448769175497299,9.538119316101074,9555500
2017-08-04,9.570764990669645,9.826786711026106,9.541554057397708,9.792421340942383,8762500
2017-08-07,9.782113750362274,9.819916239113441,9.63090625336329,9.727128982543945,9896000
2017-08-08,9.711666350894655,9.787270520750328,9.531247886452613,9.575922966003418,7970000
2017-08-09,9.529527836178154,9.560456920303276,9.402376027221797,9.534682273864746,8749500
2017-08-10,9.49687820440764,9.49687820440764,9.120577310391232,9.139477729797363,12076000
2017-08-11,9.142916283452703,9.237420853407812,9.043256456965706,9.191027641296387,8066000
2017-08-14,9.244295568451657,9.355983250260309,9.153227277028483,9.283815383911133,8452000
2017-08-15,9.30959126602608,9.30959126602608,8.90923370440318,9.036385536193848,12757500
2017-08-16,9.08277627652847,9.254603959299903,9.07418554785799,9.232266426086426,8517500
2017-08-17,9.216728019842847,9.556937070313237,9.121746106955401,9.484405517578125,15786000
2017-08-18,9.41186933348856,9.474039916514288,9.311706988846964,9.44640827178955,15241500
2017-08-21,9.439498030193727,9.539661167026937,9.36005841456366,9.456767082214355,8569000
2017-08-22,9.49994524221525,9.703725253716167,9.484403006023044,9.700271606445312,12578000
2017-08-23,9.670913479209785,9.885055263635625,9.658824889857202,9.850516319274902,21873500
2017-08-24,9.931682305585692,10.140643608573813,9.898870186546675,9.962767601013184,16673000
2017-08-25,9.992125771640282,10.366873689549589,9.983491653131356,10.289161682128906,17435500
2017-08-28,10.311612423443457,10.327154660815085,10.152733108300556,10.182090759277344,10288000
2017-08-29,10.099195280265194,10.151003276000944,10.033571050424884,10.147549629211426,6958500
2017-08-30,10.137188818594316,10.223536584237715,10.095742582803075,10.180362701416016,6696500
2017-08-31,10.27188970562227,10.387595104804824,10.232170298152491,10.277070999145508,11442000
2017-09-01,10.31851807544787,10.32715301637865,10.213174431206882,10.282252311706543,10882000
2017-09-05,10.330606680327747,10.3599651501513,10.188997272112864,10.254621505737305,10352000
2017-09-06,10.249441216764394,10.49121382261668,10.199360036624958,10.36514663696289,12192000
2017-09-07,10.430768961208434,10.532658949910253,10.37550649675469,10.52402400970459,10453000
2017-09-08,10.499848007749218,10.517117890087963,10.299522478154325,10.415227890014648,14404500
2017-09-11,10.460128097376838,10.527479153035893,10.416954217061043,10.522297859191895,11664500
2017-09-12,10.522300029559464,10.660455816287898,10.4739456688992,10.655275344848633,7085000
2017-09-13,10.639730348397782,10.796882815433719,10.627641760431425,10.776159286499023,9917500
2017-09-14,10.767528228924638,10.79688588369725,10.703630800463143,10.793432235717773,8488000
2017-09-15,10.836602108795075,10.912587276992975,10.758889293774894,10.9074068069458,10597500
2017-09-18,10.916040777287625,10.945398418559671,10.579285549944867,10.594828605651855,11841000
2017-09-19,10.617279835099982,10.653546421922867,10.47567042864726,10.577560424804688,8062500
2017-09-20,10.527480973209727,10.572381684745645,10.347878127066055,10.467037200927734,10165500
2017-09-21,10.489486974863262,10.537842154701366,10.37378155493049,10.49121379852295,7397000
2017-09-22,10.475671280869994,10.64836599430294,10.44976727972339,10.555110931396484,10340000
2017-09-25,10.565470981228842,10.897044941883209,10.549928747758855,10.852144241333008,10618000
2017-09-26,10.86423215467445,10.938491317701617,10.753708056956414,10.853870391845703,5621000
2017-09-27,10.8901407056771,10.928133300087627,10.727806914708237,10.864235877990723,6637500
2017-09-28,10.867687771391848,10.948854235887676,10.805517187858927,10.898772239685059,5964000
2017-09-29,10.89186657031221,10.936767279512987,10.814153741043686,10.929859161376953,5116500
2017-10-02,10.705354200939585,10.89013830779865,10.651819380483717,10.87804889678955,8667000
2017-10-03,10.910860342501051,10.95921551314823,10.857325525332683,10.91258716583252,4655000
2017-10-04,10.903955471984563,10.962671595667006,10.722625806318359,10.73989486694336,5068000
2017-10-05,10.724351864351897,10.788249278091163,10.605191978306058,10.784794807434082,7187000
2017-10-06,10.758888803193475,10.779612329383673,10.513661782398108,10.543020248413086,9731500
2017-10-09,10.551658842396789,10.581016495105468,10.34960562727882,10.399686813354492,6960500
2017-10-10,10.416954432812982,10.530933018062328,10.387595963017663,10.413500785827637,6391000
2017-10-11,10.396232335599471,10.489487404832131,10.249441613355192,10.263257026672363,10312000
2017-10-12,10.430767688624758,10.430767688624758,9.945494978117607,10.0508394241333,15472000
2017-10-13,10.095743437322147,10.25116827577301,9.947225893684474,10.157913208007812,11314000
2017-10-16,10.152735888698997,10.190728492386087,10.059479968510173,10.1268310546875,7189500
2017-10-17,10.114740059804351,10.275346204561103,10.113013235975012,10.206268310546875,10591500
2017-10-18,10.206268150951324,10.36514746939434,10.081927778975336,10.133736610412598,8020500
2017-10-19,10.113010309643617,10.168272773558774,10.024935732045295,10.090559959411621,8584000
2017-10-20,10.11473760977376,10.207992661757025,10.071563730604247,10.170000076293945,9670000
2017-10-23,10.14409559999712,10.2736164079269,10.080198195960453,10.090559959411621,10354000
2017-10-24,10.081925877289633,10.095742112049134,9.886780825386149,10.068110466003418,15072500
2017-10-25,10.097467968646987,10.149275961877764,9.921318815326655,10.002485275268555,22268000
2017-10-26,9.480946865214065,9.938588810396661,9.45676969163016,9.90404987335205,38286500
2017-10-27,9.860878529863164,10.100924327522307,9.717541451388287,10.06120491027832,17926500
2017-10-30,10.062929965405722,10.47912406706079,9.99730573265133,10.446311950683594,17147000
2017-10-31,10.487759796326364,10.534387327453661,10.23389861052811,10.406593322753906,14697500
2017-11-01,10.4307706157475,10.467036382195936,10.220083311538477,10.23735237121582,7964000
2017-11-02,10.24771223794599,10.347875400633326,10.102648375553061,10.302974700927734,9808000
2017-11-03,9.999032667049251,10.396230891451609,9.999032667049251,10.183815956115723,9367000
2017-11-06,10.207994547185073,10.327154442762966,10.190725486411607,10.296069145202637,7753500
2017-11-07,10.275342666413936,10.302974308589192,10.13546010272243,10.213172912597656,4745500
2017-11-08,10.216627796558322,10.50502872199397,10.199358738646092,10.472216606140137,9668000
2017-11-09,10.4083202169947,10.734713760574305,10.391051157391589,10.686359405517578,7947000
2017-11-10,10.648364003270643,10.941945372949446,10.631094946892993,10.822786331176758,15080000
2017-11-13,10.784793570097662,10.872868150965031,10.584468057377137,10.591375350952148,7199000
2017-11-14,10.522299457918287,10.731260773945307,10.494668631463067,10.646639823913574,6909500
2017-11-15,10.655272382329244,10.921222115491284,10.553382394424805,10.852144241333008,10311000
2017-11-16,10.903954487993738,11.080102843145147,10.845238369609936,10.931585311889648,10953500
2017-11-17,11.000960019652437,11.203878743997787,10.948930086436222,11.186534881591797,9791000
2017-11-20,11.23856531689717,11.410265580148335,11.210816130250878,11.399859428405762,11155500
2017-11-21,11.41026657733126,11.412000798273105,11.089412547063809,11.250706672668457,10569000
2017-11-22,11.257642156020477,11.406795878519995,11.167456068881126,11.224689483642578,7421500
2017-11-24,11.203877125389777,11.224689426469892,11.120628748070079,11.15011215209961,2717500
2017-11-27,11.198673693659545,11.28192289840403,11.099816503526613,11.224689483642578,7916500
2017-11-28,11.226423790057957,11.760602607581786,11.177862304919637,11.75019645690918,10996500
2017-11-29,11.74499370156107,12.133487260931044,11.70683836471251,12.029426574707031,16204000
2017-11-30,12.06758031849761,12.246217421874189,11.831708980824839,11.835177421569824,12450500
2017-12-01,11.885475445161955,11.998208053586898,11.66001022831207,11.821304321289062,13236500
2017-12-04,11.901086349698883,12.039833945382782,11.809166026208253,11.840384483337402,24109500
2017-12-05,11.927097247676285,12.041564057760116,11.80916199698404,11.923628807067871,17305000
2017-12-06,11.947911406092656,12.012082529346012,11.61144863165798,11.621854782104492,7569500
2017-12-07,11.614919277066384,11.686027296111675,11.476171680782626,11.529935836791992,9534500
2017-12-08,11.59410586559404,11.764071902919065,11.493513619789331,11.734587669372559,9496000
2017-12-11,11.84558475193521,11.855990902208424,11.555949245832828,11.646135330200195,8446500
2017-12-12,11.620123729802609,11.793559078875123,11.552484142144577,11.765809059143066,5801000
2017-12-13,11.755399508700583,11.890678644931247,11.712040683959863,11.779680252075195,8434500
2017-12-14,11.807429709260106,11.864663123669697,11.575026783444875,11.581964492797852,7320000
2017-12-15,11.670419677495067,11.921899928292731,11.601045872240606,11.866400718688965,30423000
2017-12-18,11.895881659818054,12.053706485462763,11.871600090410412,12.001676559448242,7792500
2017-12-19,11.99300611067333,12.244486322805274,11.869867335829214,12.227143287658691,11452000
2017-12-20,12.32947042800515,12.70062016649827,12.299986191554344,12.655527114868164,15116500
2017-12-21,12.658991119508602,12.92608089385263,12.60002349427699,12.901800155639648,10230000
2017-12-22,12.915679490609815,12.941694458682221,12.747447654606335,12.917413711547852,5767500
2017-12-26,12.936487833391542,13.118594208120633,12.91220709369442,13.059626579284668,5536500
2017-12-27,13.092579834240523,13.094314881835317,12.976378784432589,12.986784934997559,4321500
2017-12-28,13.028408732507936,13.035345614455592,12.924348060286713,13.02147102355957,3058000
2017-12-29,13.007596988838694,13.045752322184365,12.934754763269483,12.964238166809082,3655000
2018-01-02,13.06829873721507,13.307638539711531,13.00933110361462,13.125532150268555,7950000
2018-01-03,13.153282974747123,13.24346906478133,13.083909186567087,13.224390983581543,3930500
2018-01-04,13.269484474053034,13.479340066292345,13.19664224211893,13.461997032165527,6128500
2018-01-05,13.508821926826169,13.793254748757464,13.47413503766385,13.777645111083984,10800500
2018-01-08,13.73082024376979,13.826209825832123,13.651040302099906,13.744695663452148,7048500
2018-01-09,13.7793838028736,13.803664549008944,13.661447686929348,13.786320686340332,5583000
2018-01-10,13.720413918048967,13.75510163981298,13.555651374673936,13.61982250213623,7162000
2018-01-11,13.522697484138423,13.621555497470961,13.161953976452606,13.612883567810059,14868000
2018-01-12,13.621556918967649,13.848756372388493,13.605947278548912,13.80713176727295,10497000
2018-01-16,13.869566824109507,14.036064395352446,13.600742801446582,13.732553482055664,7039500
2018-01-17,13.83661696763538,14.06728487860692,13.784586207603777,13.975363731384277,5409500
2018-01-18,13.973627490007596,14.08115742982685,13.919862520097968,14.030860900878906,4938000
2018-01-19,14.089827912821011,14.297950913602506,14.05340680118461,14.289278984069824,5610000
2018-01-22,14.317030914264324,14.339576612175694,14.121049900412043,14.211236000061035,6744000
2018-01-23,14.200828782055112,14.24418843731157,14.011786308742828,14.055144309997559,12678000
2018-01-24,14.048205364936125,14.07421950027024,13.84528584692171,13.992705345153809,12949000
2018-01-25,13.670117023498241,13.736022365927855,13.259076984082997,13.553915977478027,12307000
2018-01-26,13.612880739920083,13.739487909465725,13.576459635311155,13.71867561340332,10565000
2018-01-29,13.675317628107296,13.768972133387559,13.566053487279952,13.71867561340332,9017000
2018-01-30,13.616353035445659,13.741226020174668,13.531370433963803,13.538308143615723,7043500
2018-01-31,13.541776519355645,13.640633712661764,13.14981370643757,13.224390983581543,14368000
2018-02-01,12.487294989320636,12.5393257503682,12.019021447896135,12.390172004699707,39760500
2018-02-02,12.164709151331616,12.286113733055865,11.720716268484228,11.772747039794922,22734000
2018-02-05,11.743259527601536,11.831711400694441,11.380780931593996,11.385984420776367,16424000
2018-02-06,11.287123607313063,11.829974256824395,11.039111910590591,11.668680191040039,19040000
2018-02-07,11.637465522008114,11.793556977561412,11.599310182051015,11.684292793273926,11878500
2018-02-08,11.712040220431009,11.788351715874454,11.434545076274135,11.436279296875,10805000
2018-02-09,11.496986084679799,11.620124061312877,11.0686020172909,11.533407211303711,12804500
2018-02-12,11.594106601713253,11.727651531019113,11.380781724393652,11.562888145446777,8840500
2018-02-13,11.545541895903556,11.583697224940266,11.288858260836573,11.474433898925781,7359500
2018-02-14,11.424138978971316,11.831710594103956,11.380780155744308,11.79355525970459,7225500
2018-02-15,11.87853745950481,12.239281798073792,11.793554863515402,11.991270065307617,10468000
2018-02-16,11.95658451479583,12.025958306611813,11.522997902445535,11.675620079040527,9556000
2018-02-20,11.557684315888077,11.852523332298613,11.521263200755179,11.658276557922363,7539500
2018-02-21,11.70163602390422,11.875070505707132,11.48484271490037,11.498717308044434,8057000
2018-02-22,11.52473276814874,11.590638122162428,11.36343865180005,11.410265922546387,7463000
2018-02-23,11.488633401652917,11.568742113267712,11.35279678233972,11.469476699829102,6760500
2018-02-26,11.532171553647313,11.582674531674437,11.246566529693443,11.295328140258789,8473500
2018-02-27,11.37891767900122,11.612278318248745,11.317965676037831,11.324931144714355,8832500
2018-02-28,11.361504546164294,11.394593017591813,11.22218436052937,11.307518005371094,8546000
2018-03-01,11.284876854144736,11.312740388793172,11.046292120883665,11.121176719665527,7974000
2018-03-02,11.013202000488615,11.232630001719096,10.90348841507768,11.183868408203125,10489000
2018-03-05,11.2413388876258,11.307515817677421,11.124658991718768,11.21869945526123,9442000
2018-03-06,11.241340190251751,11.295326726855903,11.162972851415736,11.281394958496094,6779000
2018-03-07,11.13684926851774,11.197801266361735,10.97140777562317,11.107243537902832,7480500
2018-03-08,11.15426278394877,11.236112833561622,11.110725293828928,11.21695613861084,5986500
2018-03-09,11.302292672939334,11.387626314761873,11.192579058264569,11.378918647766113,4579000
2018-03-12,11.373693932038954,11.446836337875043,11.0776399134302,11.086347579956055,7744000
2018-03-13,11.3736932959149,11.446835697660177,10.882592058801464,10.95921802520752,11092500
2018-03-14,11.018426715791195,11.048031612528458,10.88781423947598,10.905229568481445,14201000
2018-03-15,10.920904836774758,11.095054008856192,10.920904836774758,10.967925071716309,6574500
2018-03-16,11.013203967679788,11.319707009572666,11.009721233351874,11.211734771728516,10800000
2018-03-19,11.178645780994453,11.24133914800534,10.953992819187276,11.006237983703613,6588000
2018-03-20,11.013203012534849,11.051516408454114,10.849502887597552,10.94006061553955,4950000
2018-03-21,10.953993204822142,11.020170138736354,10.762428702063172,10.774619102478027,6563500
2018-03-22,10.73979044700676,10.745015379420103,10.438512307450571,10.452444076538086,9808000
2018-03-23,10.502945963800393,10.55519029594269,10.299191075464583,10.340987205505371,11067500
2018-03-26,10.480306583089899,10.56041527912128,10.236496930536173,10.478565216064453,6404000
2018-03-27,10.502945253589953,10.600468443212344,10.302673112830405,10.351434707641602,7175000
2018-03-28,10.37581695400877,10.560415142863349,10.320089057870064,10.448959350585938,8546000
2018-03-29,10.52558653755741,11.004496565913911,10.523845170351604,10.974891662597656,14171500
2018-04-02,10.893039833632908,10.973148525037073,10.414129052132783,10.516877174377441,13515000
2018-04-03,10.600470166925573,10.70670103872634,10.499463396671784,10.590021133422852,7728000
2018-04-04,10.440252689292382,10.856470168156614,10.41413052091795,10.776361465454102,8201000
2018-04-05,10.828603549214122,10.846018878112835,10.581312023875977,10.68580150604248,10792000
2018-04-06,10.595246940397681,10.689287419279829,10.255655399535666,10.396716117858887,8328500
2018-04-09,10.405419144362012,10.530806670421697,10.321827737125043,10.344467163085938,9090000
2018-04-10,10.457670067977421,10.760689605554589,10.45244513503496,10.701478958129883,9736500
2018-04-11,10.593502215420171,10.751977387184294,10.560413755484554,10.682317733764648,8750000
2018-04-12,10.73282320061251,10.790292465190944,10.461150011547655,10.483789443969727,7715500
2018-04-13,10.518619198868487,10.518619198868487,10.147681447607265,10.156388282775879,9856000
2018-04-16,10.487273445662984,10.536035880902785,10.327056032296442,10.408906936645508,16886000
2018-04-17,10.445475931878255,10.469856729139147,10.187734532932796,10.21385669708252,15732000
2018-04-18,10.297450760024145,10.760687650177687,10.246946959332627,10.563899040222168,12382500
2018-04-19,10.489013483604582,10.525585513001712,10.358401821386266,10.428061485290527,7542000
2018-04-20,10.654456677720797,10.906973187584427,10.47334120462495,10.506429672241211,9813000
2018-04-23,10.494242414700517,10.849507168174659,10.4733443414828,10.73456859588623,9014000
2018-04-24,10.840795746755944,10.896523645910134,10.614401415944775,10.656197547912598,8198500
2018-04-25,10.616143953973184,10.837313360178223,10.454184352607227,10.830347061157227,13004500
2018-04-26,10.9313543190342,11.789910644581283,10.884334082161775,11.608795166015625,25438000
2018-04-27,11.71502621314233,11.962317784639529,11.59486274645575,11.917038917541504,17271500
2018-04-30,11.948385365881755,11.995405597549992,11.76726990736191,11.842154502868652,8895000
2018-05-01,11.796875084690386,11.995405034686003,11.64884809806979,11.800357818603516,8726500
2018-05-02,11.791650019406932,12.033717462200359,11.699350928488638,11.876983642578125,9696500
2018-05-03,11.607051604263486,11.636657332819528,11.173419690193908,11.519976615905762,11391000
2018-05-04,11.462507620014213,11.721990393751247,11.267460405578133,11.661038398742676,5587500
2018-05-07,11.648849026387737,11.673229826539915,11.546100894084283,11.634917259216309,8035000
2018-05-08,11.584415144712,11.756822968333491,11.499082331779864,11.577448844909668,7631500
2018-05-09,11.608794462135885,11.706318494838337,11.51475399409302,11.614019393920898,10554000
2018-05-10,11.624468526879875,11.812549464580304,11.608794561799009,11.80732536315918,7815000
2018-05-11,11.842156627907235,12.138209837757397,11.84041443014763,12.12427806854248,8747000
2018-05-14,12.10337636605421,12.488246668933737,12.004111813589633,12.401171684265137,14143500
2018-05-15,12.34022331237793,12.474318562364225,12.216577096832697,12.34022331237793,7889500
2018-05-16,12.385503062153331,12.530047356819564,12.281013540749953,12.36634635925293,5279500
2018-05-17,12.322807033878156,12.556166831833334,12.321064836381519,12.481282234191895,5326000
2018-05-18,12.505663316338776,12.69548560713842,12.505663316338776,12.681553840637207,6695000
2018-05-21,12.719869420986246,12.956712829278313,12.704196283758614,12.824358940124512,10682000
2018-05-22,12.988059305620352,13.113446888600254,12.641501462278953,12.8330659866333,12245000
2018-05-23,12.826098886160874,12.961935495109875,12.599705368321327,12.94626235961914,7342500
2018-05-24,12.888793248737237,13.01243945819113,12.711160502398924,12.923623085021973,5422500
2018-05-25,12.95160478963212,12.976087867297442,12.762734022954591,12.825691223144531,6959000
2018-05-29,12.773226367377882,12.872908179989992,12.717264691905765,12.862415313720703,7930500
2018-05-30,12.918374377102422,13.198181863993787,12.885147112950259,13.175447463989258,8616500
2018-05-31,13.196435594160999,13.196435594160999,12.990077284851822,12.99532413482666,8395500
2018-06-01,13.086260950342883,13.203431149296243,13.014560393680677,13.138725280761719,8035000
2018-06-04,13.17719679051431,13.229661113859601,13.081013170588763,13.208675384521484,11642500
2018-06-05,13.20518105101896,13.324099099185865,13.135229159874624,13.26114273071289,10175500
2018-06-06,13.318850133665572,13.43601948369517,13.266385809977324,13.42552661895752,10552500
2018-06-07,13.465747983741462,13.507719440857866,13.359071503111387,13.427274703979492,7647000
2018-06-08,13.4045411889183,13.48323725926255,13.332840639852797,13.39229965209961,9403500
2018-06-11,13.413285724838373,13.423778590078575,13.224414984406895,13.27687931060791,9630500
2018-06-12,13.336338673785857,13.390551673298587,13.23315952446405,13.252396583557129,8350000
2018-06-13,13.278627688682576,13.325845164272618,13.136975261912447,13.154462814331055,8949000
2018-06-14,13.191188014387821,13.236655983390593,12.846674649035482,12.997071266174316,10542000
2018-06-15,12.98133364832306,13.040792669273921,12.941111688285702,13.011063575744629,11889000
2018-06-18,12.934114088841694,13.287371647502823,12.934114088841694,13.222665786743164,7644500
2018-06-19,13.126482165406722,13.24190284456731,13.098500914581406,13.222665786743164,5053500
2018-06-20,13.229663124803633,13.464001858951072,13.196435853949671,13.434272766113281,5787500
2018-06-21,13.441266930741223,13.64063054809856,13.397546795326427,13.561934471130371,7784500
2018-06-22,13.596911090308106,13.596911090308106,13.301363827422914,13.439518928527832,11005000
2018-06-25,13.378309462711059,13.418531416918388,13.196434248123113,13.28387451171875,6854500
2018-06-26,13.357323289802773,13.490232352638081,13.254144149093928,13.446512222290039,5323000
2018-06-27,13.55493745149002,13.822503416502986,13.51296682659889,13.616145133972168,7986500
2018-06-28,13.633635154249026,13.75255318986874,13.528707328603591,13.63188648223877,5762500
2018-06-29,13.63188560760048,13.815509499171519,13.359072778091011,13.376561164855957,6293000
2018-07-02,13.2646374869455,13.296116081986135,13.103748001927345,13.245400428771973,6166500
2018-07-03,13.27862746304903,13.444763794609631,13.27862746304903,13.313603401184082,3278000
2018-07-05,13.406291035257496,13.50072599438695,13.366069077584376,13.479741096496582,6509500
2018-07-06,13.470996331984624,13.558435765518608,13.397546273856822,13.416783332824707,5974000
2018-07-09,13.71757689644081,13.747306821529953,13.507721250527998,13.565431594848633,6905500
2018-07-10,13.553191026601832,13.605655358778696,13.48673648380856,13.59166431427002,4132000
2018-07-11,13.561935509513225,13.600408798000034,13.4150362101846,13.532205581665039,2800000
2018-07-12,13.579422135812031,13.619644927567501,13.483238504228096,13.514717102050781,4165500
2018-07-13,13.540948538926585,13.778785438303467,13.504223925923117,13.682600975036621,4985500
2018-07-16,13.71582852887681,13.801520128222936,13.656369511271134,13.714079856872559,7207000
2018-07-17,13.642378575509857,13.83824400573294,13.502474815906536,13.801519393920898,6165000
2018-07-18,13.897702879862583,13.951915878023796,13.689595914469885,13.775286674499512,9801500
2018-07-19,13.757798419161416,13.946668316296405,13.72981716861674,13.888957977294922,5620000
2018-07-20,13.89245645093955,13.99038958497376,13.771789747708546,13.967655181884766,6916500
2018-07-23,13.971152070968401,14.193250078788774,13.915190401040913,14.039355278015137,7343500
2018-07-24,14.051594604909152,14.095315564732543,13.609148998536181,13.70008659362793,11289500
2018-07-25,13.682598872952733,13.787526679939042,13.352076572808091,13.668608665466309,15025500
2018-07-26,13.990390390532943,14.399609669697483,13.77703655682245,14.05334758758545,18868000
2018-07-27,13.999134659082495,14.002632003195476,13.262890354195585,13.334590911865234,12559000
2018-07-30,13.362570256561993,13.582919595781776,13.34683137542866,13.537450790405273,5130000
2018-07-31,13.556685461802044,13.73331464731967,13.47624072565412,13.647623062133789,4669500
2018-08-01,13.680851796029541,13.69659067704994,13.276879400178986,13.429024696350098,6389500
2018-08-02,13.392300135195686,13.784030995308912,13.3520781795954,13.754301071166992,5885000
2018-08-03,13.808513922509745,13.969403410978762,13.68434904542975,13.749054908752441,8852000
2018-08-06,13.733315462368328,13.860977677973944,13.684348481973679,13.777034759521484,2851500
2018-08-07,13.757803742054929,14.058596256068824,13.74206402194256,13.986896514892578,6589500
2018-08-08,13.93792757346882,14.233474862742911,13.904701133178861,14.212489128112793,7430000
2018-08-09,14.161773991333783,14.31392099001614,14.086576912874664,14.175765037536621,5023000
2018-08-10,14.07957663820084,14.14253382691849,14.00787692429688,14.062089920043945,3658500
2018-08-13,13.965906158239132,14.109307260947906,13.782282266204808,13.901200294494629,5032500
2018-08-14,13.96065679113919,14.29817459032531,13.95191343320351,14.249208450317383,7337500
2018-08-15,14.182756520229304,14.212486444323364,13.920437388564412,14.065587997436523,6728500
2018-08-16,14.149527420044446,14.156523774550477,13.860976579357066,13.927431106567383,4600000
2018-08-17,13.988640669105783,14.11105687604091,13.913441939471817,14.079577445983887,6595000
2018-08-20,14.13204150224987,14.338399782269972,14.090070043977265,14.229973793029785,7228000
2018-08-21,14.282442622103394,14.62870478064149,14.196751835631666,14.57973861694336,8388500
2018-08-22,14.600719906938718,15.247775208107415,14.579734176347657,15.092132568359375,12322000
2018-08-23,15.034422441901906,15.599284334604036,15.02218090453017,15.539824485778809,11774000
2018-08-24,15.63108047496828,15.727601664607436,15.457343337791643,15.545089721679688,7889500
2018-08-27,15.61704349036055,15.61704349036055,15.11689123417085,15.187088012695312,7506000
2018-08-28,15.22920518639113,15.22920518639113,14.948416421313983,15.088809967041016,7613000
2018-08-29,15.123913309661772,15.204638867312063,15.023882504520166,15.178316116333008,5504500
2018-08-30,15.195865732734735,15.252022496872021,15.12566894075136,15.178316116333008,4195000
2018-08-31,15.197613154700122,15.525783811068818,15.197613154700122,15.492440223693848,6019500
2018-09-04,15.553865834594625,16.04173369472049,15.41171664727716,15.938193321228027,10266500
2018-09-05,15.89431721773285,16.1312319162375,15.676706084781207,15.827630043029785,7740500
2018-09-06,15.801309901012086,15.962762664034681,15.704790373534077,15.778496742248535,7448500
2018-09-07,15.731109827627987,15.89256255685708,15.671443496995906,15.701275825500488,9437500
2018-09-10,15.639855264975104,15.827632425889103,15.543335749056181,15.783760070800781,6810500
2018-09-11,15.7591912623936,16.043489642649142,15.638102947153305,15.915380477905273,9091000
2018-09-12,15.860975984906576,15.931172757074116,15.517011299198714,15.553864479064941,9208000
2018-09-13,15.597739770083383,15.692507020289874,15.406454659616076,15.550357818603516,13661500
2018-09-14,15.583695597635138,15.583695597635138,15.288868539685462,15.339761734008789,10249000
2018-09-17,15.38890552520752,15.543339127315383,15.18708997014083,15.38890552520752,9578000
2018-09-18,15.381886828000653,15.6503895906737,15.381886828000653,15.555624008178711,7100500
2018-09-19,15.532805514969834,15.766210664609021,15.517011533877307,15.641611099243164,7258500
2018-09-20,15.650384514721695,15.794287636013744,15.518765785812837,15.696012496948242,5224000
2018-09-21,15.806568321383281,15.908353023884072,15.736371570853157,15.79077434539795,9632500
2018-09-24,15.78551212289086,15.922396063430684,15.724090163729953,15.89080810546875,5784000
2018-09-25,15.882035268389435,16.027694031658122,15.801308059474723,15.862730026245117,5819000
2018-09-26,15.875011360743093,16.1347408753595,15.857463426206378,15.999610900878906,5876000
2018-09-27,15.980306579087395,16.13649406761342,15.911865453579393,15.989081382751465,6146000
2018-09-28,15.96978299392332,16.2242456881501,15.87677138384161,15.948723793029785,6256000
2018-10-01,16.029444312670048,16.124209850186894,15.822363630119952,15.846932411193848,5334500
2018-10-02,15.89783180010971,15.9276658097916,15.58370106706571,15.587210655212402,5269000
2018-10-03,15.67846186381333,15.771473452662217,15.564392752501163,15.5924711227417,5281500
2018-10-04,15.59949225265525,15.68548300450782,15.236224003465686,15.364333152770996,8416500
2018-10-05,15.374858959210963,15.504723714117414,15.302908244884225,15.381879806518555,5385000
2018-10-08,15.332747231416027,15.610024765643006,15.171294468782301,15.562641143798828,5916500
2018-10-09,15.553864894207177,15.904848764412849,15.388902558891665,15.62581729888916,7755000
2018-10-10,15.578429487968888,15.578429487968888,14.867687132920327,14.885236740112305,7034500
2018-10-11,14.874712196517335,15.406454124362272,14.80627104443864,14.957193374633789,11170500
2018-10-12,15.201127002805306,15.42049215411239,14.987027070355124,15.209901809692383,8579000
2018-10-15,15.199373144651261,15.350295472671966,15.118645924938045,15.192352294921875,6035500
2018-10-16,15.24675064407382,15.641608473210717,15.155494686834308,15.597734451293945,5261000
2018-10-17,15.615285358450892,15.61879494577149,15.252017129613362,15.453832626342773,5591000
2018-10-18,15.381879806518555,15.527536865404608,15.252015051612103,15.381879806518555,7368500
2018-10-19,15.508236322360892,15.578433093753898,15.192350014280843,15.243243217468262,9736000
2018-10-22,15.29588872993794,15.478400650624225,15.083544481681017,15.33625316619873,10413000
2018-10-23,15.155499584981207,15.420492737960247,15.097587196232455,15.353805541992188,6799500
2018-10-24,15.327479397038545,15.527539266981545,14.690443261984006,14.772924423217773,10317500
2018-10-25,14.792228035710025,16.106664748811102,14.725540854318215,15.63107967376709,17513500
2018-10-26,15.757438813391802,16.041735547234364,15.364336474874037,15.941704750061035,15340000
2018-10-29,16.120703370894034,16.70158277212718,16.106665021072974,16.48923683166504,9658000
2018-10-30,16.424308105052056,16.67175163625596,16.15054015297073,16.39096450805664,7261500
2018-10-31,16.524338360650873,16.584004702967228,16.09087161375475,16.1259708404541,7504500
2018-11-01,16.136499614735595,16.450630329955864,15.95223369531445,16.21898078918457,7202500
2018-11-02,16.448871350981978,16.57698047688421,16.22599668493445,16.462909698486328,8710000
2018-11-05,16.450631125769263,16.496259118541303,16.19265882610003,16.46993637084961,5163000
2018-11-06,16.440102354420652,16.562946306591815,16.299708788046942,16.35235595703125,8822500
2018-11-07,16.482217766539573,16.841976424257197,16.338314638177128,16.803367614746094,7442000
2018-11-08,16.808634329141164,17.122765030355456,16.698074782417937,16.95604705810547,4805500
2018-11-09,16.908661640519185,17.13680153632543,16.894621618614636,17.04554557800293,6792500
2018-11-12,17.02975690702701,17.13680687734205,16.789332544729955,16.88058853149414,10346500
2018-11-13,16.88234104031806,16.95078386133072,16.59453475206124,16.8068790435791,5662500
2018-11-14,16.91567932404909,16.966572516142687,16.447115182168588,16.52959632873535,8892500
2018-11-15,16.50152031859912,16.689297462942,16.092624114107377,16.373411178588867,6377500
2018-11-16,16.289179148970135,16.410269149833834,16.145275987422927,16.26110076904297,9249000
2018-11-19,16.229505789650446,16.527842422350187,16.166328206889602,16.19089698791504,4291500
2018-11-20,15.850445980029074,15.969782002222908,15.315196205291032,15.406452178955078,8518000
2018-11-21,15.471381736782371,15.773227993701258,15.42048853822039,15.618794441223145,5927000
2018-11-23,15.587095966671727,15.814271528627136,15.56596316096974,15.72622013092041,3847000
2018-11-26,15.80194432669052,15.895281025920335,15.581812471693663,15.64697265625,7859000
2018-11-27,15.646976209275161,16.08724001924144,15.646976209275161,15.981575965881348,9202500
2018-11-28,16.06433841672408,16.78284862696782,15.983330744131475,16.73882293701172,7736500
2018-11-29,16.66838557026442,16.842729972096883,16.589137962206674,16.671907424926758,5910500
2018-11-30,16.714172349552307,16.832162033495887,16.545111576431733,16.752914428710938,8169000
2018-12-03,16.876195030791845,17.024123046575305,16.50461154427856,16.8603458404541,7572000
2018-12-04,16.897318199385385,17.036440656798035,16.26157742486246,16.37604522705078,5804500
2018-12-06,16.14358979273892,16.270386631098056,15.648733128687944,16.266864776611328,9153500
2018-12-07,16.228124139724883,16.266867905476737,15.592383097085666,15.636408805847168,7897000
2018-12-10,15.798425403853209,15.958682404840378,15.444454618606159,15.87062931060791,6172500
2018-12-11,16.039690653011593,16.351397508704757,15.814275127211614,15.907611846923828,6237500
2018-12-12,16.08195665266602,16.2862393727648,15.937550510336477,16.157682418823242,4886000
2018-12-13,16.41655482056526,16.488758724455685,16.0819550911229,16.203468322753906,6859000
2018-12-14,16.01679096631371,16.326735923321007,15.597660147855208,15.706844329833984,7456500
2018-12-17,15.654015208949081,15.77905026801821,15.208467910524002,15.324697494506836,7192000
2018-12-18,15.38281296202109,15.652254129497877,15.141548308374201,15.176770210266113,7307000
2018-12-19,15.25954371464186,15.655781818734608,15.060544618656415,15.148597717285156,5120500
2018-12-20,15.0482151825154,15.11865731567894,14.373730455882976,14.602667808532715,8454000
2018-12-21,14.544553085401029,14.791101392544205,14.134227615515902,14.146554946899414,14349000
2018-12-24,14.079636155446636,14.264547825205836,13.854221472238443,13.861265182495117,3147500
2018-12-26,13.947556590196669,14.60443040078312,13.947556590196669,14.595624923706055,5666000
2018-12-27,14.40190958871569,14.7382710903397,14.225803404625124,14.736509323120117,6502000
2018-12-28,14.784053829681731,14.947830949736437,14.569203950817142,14.653735160827637,4522000
2018-12-31,14.718897139593915,14.777011940364222,14.583296497620832,14.694242477416992,5220500
2019-01-02,14.407187608243744,14.79462010005841,14.239888626334812,14.481151580810547,7585500
2019-01-03,14.454740183433708,14.51285498669044,14.143033358740965,14.208191871643066,10809500
2019-01-04,14.440651762356776,14.692483707936177,14.246936302234433,14.500528335571289,10217500
2019-01-07,14.482913258079618,14.88267307618583,14.44593127202468,14.713610649108887,12700500
2019-01-08,14.81575420375491,14.891479949706993,14.516374753735475,14.704808235168457,10014000
2019-01-09,14.806952257542065,15.162684820356287,14.806952257542065,14.90204906463623,6544500
2019-01-10,14.718895195117247,14.916134145948794,14.497003264838522,14.910850524902344,6331000
2019-01-11,14.898522606467804,15.19966212264778,14.861540619550002,15.023557662963867,6023000
2019-01-14,14.914376496050053,15.412755112537996,14.886199975145653,15.12922477722168,12025500
2019-01-15,15.118656768323367,15.398665203207957,14.98305612874789,15.312372207641602,8319000
2019-01-16,15.305332387119606,15.523702543661162,15.285961342107951,15.344076156616211,6461000
2019-01-17,15.219034146253486,15.60118300647616,15.093999095450696,15.585333824157715,6077500
2019-01-18,15.678670757048423,15.874147948427112,15.622317728665712,15.757918357849121,6277000
2019-01-22,15.692763042292855,15.937549603109659,15.65930290005705,15.736788749694824,5847500
2019-01-23,15.849493016387514,15.865342200380923,15.500804250641679,15.676910400390625,5129500
2019-01-24,15.573007064162006,15.657536599436558,15.180290948411185,15.425077438354492,6618500
2019-01-25,15.564204482999898,15.786096443755948,15.521938867768391,15.779052734375,7451500
2019-01-28,15.659299379142517,15.736785211357994,15.506087802106972,15.69275951385498,5962000
2019-01-29,15.761444148695837,15.893522956526823,15.576534153627088,15.831886291503906,5295000
2019-01-30,15.888237732077336,15.965723569321314,15.733264378116566,15.782573699951172,8871500
2019-01-31,15.222560484025117,15.42155956391163,14.549837484902646,15.039410591125488,33385000
2019-02-01,15.13978775393449,15.581811524522577,14.914372291303438,15.315892219543457,12705500
2019-02-04,15.30709067383366,15.654017714504395,15.145073601153515,15.648734092712402,7207000
2019-02-05,15.669869064335845,15.872390013284901,15.58886135654548,15.77729320526123,7713000
2019-02-06,15.777293641511674,16.048496652321433,15.592383642873108,16.030885696411133,6167500
2019-02-07,15.955161212146189,15.98333773321783,15.706851106618256,15.981575965881348,7866000
2019-02-08,15.884713254550581,16.316171428829723,15.84068588198789,16.258056640625,9401500
2019-02-11,16.377809136691813,16.696559609213946,16.32497796565126,16.587373733520508,9177500
2019-02-12,16.647248108984517,16.8603362114785,16.59793879855069,16.828636169433594,8196500
2019-02-13,16.832162803389878,16.937826841093766,16.640209127393245,16.876190185546875,8218000
2019-02-14,16.774051048065452,16.958962727752127,16.641972236559663,16.867387771606445,7353000
2019-02-15,16.939587339341063,17.194939418833364,16.837445163965924,17.18437385559082,7288000
2019-02-19,17.01179685281273,17.14563745481564,16.791664902482392,17.094566345214844,6234000
2019-02-20,17.03996633179341,17.263621725016517,17.03996633179341,17.17909049987793,6023500
2019-02-21,17.16324343256829,17.263623854936714,17.022359159604083,17.083995819091797,4359000
2019-02-22,17.145826496477124,17.18999333060055,16.87905470732123,16.967390060424805,6575000
2019-02-25,17.053957457694818,17.087524857111926,16.705918300429687,16.74831771850586,4743500
2019-02-26,16.688250893398223,16.82428622085581,16.65821663841607,16.74831771850586,5228500
2019-02-27,16.734188544932547,16.944425002861806,16.667053732441367,16.847257614135742,5825000
2019-02-28,16.780122107172634,16.928524306627896,16.661752482709307,16.845489501953125,6788000
2019-03-01,16.937355558720196,17.02392349586573,16.52041418079527,16.776586532592773,6448000
2019-03-04,16.82782111471274,16.940890172669437,16.403813411017776,16.585783004760742,7906500
2019-03-05,16.60875737534567,16.771293892899802,16.51158827397236,16.520421981811523,3741500
2019-03-06,16.573415398673113,16.748318694824313,16.248342503713904,16.28721046447754,4610500
2019-03-07,16.266010348419204,16.35611312103678,16.18297555012996,16.29427719116211,4331500
2019-03-08,16.205946078114234,16.315480321652295,15.875572562710419,15.969206809997559,5876500
2019-03-11,16.057538345199003,16.061071489648704,15.670631227821636,15.815500259399414,7251500
2019-03-12,15.789005099455645,16.15824490948867,15.789005099455645,16.001008987426758,5907500
2019-03-13,16.05577515843991,16.234211617837,16.01513977869052,16.16884422302246,5737500
2019-03-14,16.151178818889417,16.151178818889417,15.946241219186472,15.970974922180176,4753500
2019-03-15,15.970971672995242,16.050473326402983,15.758967825526872,15.804902076721191,10022000
2019-03-18,15.799603468353064,15.909139392771953,15.727169780315586,15.872038841247559,8100000
2019-03-19,15.958610983130658,16.28368401167989,15.903843006547397,16.105247497558594,5245500
2019-03-20,16.110546966319543,16.324316611726708,16.025744726412913,16.09111213684082,7044500
2019-03-21,16.22714617337883,16.704154471630012,16.12291080831655,16.668821334838867,6020500
2019-03-22,16.59108371026489,16.677651655680457,16.33667874883976,16.373779296875,4480000
2019-03-25,16.326079918347073,16.783655045900584,16.326079918347073,16.61581802368164,4889000
2019-03-26,16.71122199517475,16.903792743710664,16.702389973968,16.77305793762207,5214500
2019-03-27,16.771284473275006,16.924987196662542,16.60344748831185,16.750083923339844,6173000
2019-03-28,16.758924519830178,16.93382786509758,16.758924519830178,16.826059341430664,5558500
2019-03-29,16.939127674478968,17.416136010929062,16.852558028451234,17.27126693725586,9793000
2019-04-01,17.341933780470498,17.532737102718098,17.068095647895575,17.22356414794922,9895000
2019-04-02,17.227096243966937,17.264196790468183,17.080459787877185,17.165260314941406,5423000
2019-04-03,17.235930331066744,17.515069013129,17.144063503606688,17.32779884338379,6812000
2019-04-04,17.33133316584366,17.59633757484441,17.29069778611323,17.59457015991211,5619500
2019-04-05,17.614004446958926,17.926710516158057,17.603403327402678,17.866641998291016,8780000
2019-04-08,17.79067548622152,18.004446782834204,17.693508093553366,17.962045669555664,6224000
2019-04-09,17.91080833502829,18.011510543706905,17.797740961975293,17.831308364868164,4676000
2019-04-10,17.87901310071181,17.90551422104931,17.67230975362264,17.87371253967285,4879000
2019-04-11,18.01150831903974,18.198778449206507,17.914340952020265,18.18817901611328,5791500
2019-04-12,18.242949098821143,18.504420345780943,18.21644798570468,18.4178524017334,6430500
2019-04-15,18.368389955485597,18.5362253292183,18.265920305038115,18.46025848388672,7711000
2019-04-16,18.419620658946442,18.695226207687348,18.419620658946442,18.582157135009766,8118000
2019-04-17,18.6581230041182,18.741157802983032,18.347184362077204,18.35601806640625,6239000
2019-04-18,18.32951378706485,18.45318225659457,18.09630942460507,18.21291160583496,7037000
2019-04-22,18.204079503639182,18.232346344180424,17.893140887972145,17.954975128173828,4579000
2019-04-23,18.059211862671113,18.295949408331424,17.983243353918805,18.227048873901367,5918000
2019-04-24,18.265915356552735,18.566254565355244,18.241181658288305,18.38428497314453,7492500
2019-04-25,18.51502269590112,19.076834925419128,18.36131992230521,18.560956954956055,19157000
2019-04-26,18.56802342100104,18.668725636687668,18.11221401284045,18.573322296142578,9300500
2019-04-29,18.596288601937854,18.70052395334251,18.361316786364764,18.495586395263672,5965000
2019-04-30,18.40901929507236,18.48145466236178,18.11927951077155,18.285350799560547,6919500
2019-05-01,18.303018455981206,18.338353278346826,17.774775329557492,17.838376998901367,4551500
2019-05-02,17.834844120736395,18.20408392175881,17.787142446799827,18.20231819152832,7348000
2019-05-03,18.235882968311554,18.50795536197099,18.193483541837605,18.350719451904297,7866000
2019-05-06,18.053908325093015,18.28004639925296,17.98854094617824,18.21291160583496,4463500
2019-05-07,18.013281911664805,18.069815610597985,17.656408935613243,17.781843185424805,5535000
2019-05-08,17.73237693164033,18.080417908830054,17.582207283308325,17.930248260498047,6628500
2019-05-09,17.822478361728148,18.17758391837954,17.668775579403547,18.10515022277832,5824500
2019-05-10,18.03800896408354,18.2076116831997,17.850738838744125,18.147544860839844,7538500
2019-05-13,17.836606927626942,17.951443398356783,17.421432935800695,17.53980255126953,7200000
2019-05-14,17.599874241587848,17.834846122612916,17.4320371837128,17.783611297607422,6020500
2019-05-15,17.63166988442163,17.66700470255804,17.331332354546458,17.53626823425293,7250000
2019-05-16,17.67054035604283,17.969112198312803,17.56807240164248,17.850744247436523,5426000
2019-05-17,17.76241381283191,17.98501887995622,17.711178978958543,17.787147521972656,5350500
2019-05-20,17.65816830803137,17.916106375648948,17.58926778196108,17.891372680664062,7195000
2019-05-21,17.954971449050927,18.398412157836404,17.93907145980806,18.2906436920166,5500500
2019-05-22,18.16875236976116,18.30655515833762,18.08041698967001,18.179351806640625,5280000
2019-05-23,18.00797879948186,18.212916377578974,17.85427603712327,18.025646209716797,5968000
2019-05-24,18.087693521761857,18.176332953297234,17.81291280559307,17.929916381835938,6027500
2019-05-28,17.965367298943008,18.23305734436517,17.754407221463122,17.76327133178711,7346500
2019-05-29,17.656905712951634,17.75263574845345,17.410489166063257,17.598403930664062,5982500
2019-05-30,17.660453149027195,17.885596193992225,17.660453149027195,17.864322662353516,3039000
2019-05-31,17.667544094444594,17.917507673229007,17.47076519108392,17.86609649658203,6141500
2019-06-03,17.853690408698004,18.082378807461982,17.74555092020762,17.94587516784668,5183500
2019-06-04,18.12846564535405,18.468840426774822,18.12846564535405,18.461748123168945,5594000
2019-06-05,18.61243847075641,18.708170218571823,18.362476560916754,18.557483673095703,5042500
2019-06-06,18.60888762632514,19.12476771090719,18.545068734313695,19.01662826538086,7098500
2019-06-07,19.082219975965888,19.44209474253576,19.0414464207098,19.247089385986328,5455500
2019-06-10,19.415507546770044,19.442099884965252,18.970540245970643,18.99358558654785,5306000
2019-06-11,19.089316464558276,19.160227678829184,18.871265706401346,19.02726936340332,5263500
2019-06-12,19.05563417629942,19.20809422216614,18.913811742805937,19.01840591430664,3579000
2019-06-13,19.147815623296406,19.314458560021947,19.059177885649454,19.174407958984375,3727500
2019-06-14,19.19036118564868,19.257727078272733,18.78793932840766,18.81630516052246,8430000
2019-06-17,18.741845224271415,18.77375635977338,18.25964979228274,18.458200454711914,6606500
2019-06-18,18.575204359369945,18.741845580117307,18.426291359720693,18.626615524291992,4595000
2019-06-19,18.45288728222272,18.931537510421656,18.45288728222272,18.834033966064453,6008000
2019-06-20,18.88899201530325,19.020178520925672,18.656758340816324,18.927993774414062,5157500
2019-06-21,18.959900982019292,18.997129237854057,18.750712673620253,18.926218032836914,5305500
2019-06-24,19.089312637543898,19.140723807046854,18.897852566461918,18.943944931030273,4198500
2019-06-25,18.963445130027498,19.05031274565759,18.786167973644314,18.90317153930664,4290000
2019-06-26,18.94039958494604,19.126540850703453,18.869488385039926,18.91558074951172,4075500
2019-06-27,18.931535717759306,19.27900110897695,18.79148681466767,19.18149757385254,5864500
2019-06-28,19.232915817739435,19.351692925861638,19.08400274844325,19.287872314453125,5664000
2019-07-01,19.488192866512556,19.92252426001698,19.394234621141738,19.608741760253906,4873500
2019-07-02,19.633556533112863,19.747014789205522,19.493507634158213,19.592782974243164,5274000
2019-07-03,19.396004759007404,19.505917712485825,19.218725910858748,19.500598907470703,4854500
2019-07-05,19.406638786927548,19.63887408918077,19.32686517275776,19.58391761779785,4063000
2019-07-08,19.50591903177855,19.65128675032489,19.502373725080812,19.566192626953125,3333000
2019-07-09,19.555554056930365,19.68673884025268,19.383594025468145,19.518325805664062,4067500
2019-07-10,19.55200878358236,19.553780591365857,19.19567930297012,19.380048751831055,3807500
2019-07-11,19.610511196588718,19.722195954184286,19.42968704810803,19.592782974243164,5836000
2019-07-12,19.702696504827134,20.12816370972499,19.6654682511978,20.027114868164062,4477500
2019-07-15,20.018252101847402,20.057253856646813,19.628239625822797,19.75942611694336,4167500
2019-07-16,20.03243283941326,20.07143289931241,19.885291638912875,19.910110473632812,4881000
2019-07-17,19.883519431051063,19.887066428232412,19.670785823647762,19.697378158569336,4344500
2019-07-18,19.683195723933853,19.9721593459984,19.500599753504538,19.89592933654785,6930000
2019-07-19,20.016483900852503,20.254036397824066,19.809067361424717,19.938480377197266,6369000
2019-07-22,19.970383059539515,20.243390204642893,19.85869662770477,19.988109588623047,5750500
2019-07-23,20.0288870666737,20.064341819452356,19.47045991716745,19.73992347717285,7272000
2019-07-24,19.709788672083683,20.035980559694433,19.661922804696047,19.9420223236084,7005000
2019-07-25,18.614207736388583,19.825016940310633,18.614207736388583,19.761198043823242,14097000
2019-07-26,19.860472449602483,19.908336619712227,19.399548826381118,19.49173355102539,7279500
2019-07-29,19.47932682189154,19.66901510203108,19.360549748136183,19.58037567138672,5487000
2019-07-30,19.482865765673665,19.615824022888905,19.316224569627256,19.36763572692871,4077500
2019-07-31,19.337498650357787,19.57505103646816,19.137174509713184,19.28963279724121,6436000
2019-08-01,19.330410183603405,19.47932318198737,18.894305415970074,19.138948440551758,6771000
2019-08-02,19.09108539008997,19.16377008583481,18.8925330233015,18.979400634765625,5334500
2019-08-05,18.718800797749317,18.743619631756786,18.073507732242618,18.215330123901367,7602500
2019-08-06,18.289791875802013,18.77907972943776,18.20469774798481,18.74007797241211,5701500
2019-08-07,18.52911725703521,18.800352692312973,18.38552302109798,18.734760284423828,4632000
2019-08-08,18.779083479271435,19.41551099424366,18.736536406866975,19.337509155273438,5464000
2019-08-09,19.23822977289503,19.575057593066795,19.044996178857353,19.07158851623535,4661500
2019-08-12,18.943943974727098,18.943943974727098,18.101873727918196,18.174556732177734,7461000
2019-08-13,18.23128479762789,18.800346117715918,17.960047766546694,18.479473114013672,6216000
2019-08-14,18.11959981031227,18.24014867226879,17.685268531326926,17.699451446533203,6207500
2019-08-15,17.726043663187472,17.866094257330804,17.479627112841268,17.61435890197754,6857500
2019-08-16,17.750862997289996,17.94941538011532,17.674634679778837,17.825321197509766,5393000
2019-08-19,18.03805371845009,18.10364611234829,17.6693148087722,17.942323684692383,6875500
2019-08-20,17.890909855705242,18.147963969550336,17.821772165749827,17.88204574584961,4329500
2019-08-21,18.07883182367833,18.21001833512105,17.938782889489524,17.961828231811523,4575000
2019-08-22,17.981327727561638,18.14087838271377,17.83595999156001,17.984874725341797,4210000
2019-08-23,17.805198701440183,17.806978339634476,17.06516949475077,17.230607986450195,10138500
2019-08-26,17.362248647649448,17.59350830525344,17.260849986641247,17.58639144897461,5618000
2019-08-27,17.66110958093676,17.769623415037344,17.602405264357134,17.68245506286621,6354500
2019-08-28,17.607739951100722,18.230362283588313,17.5792776133692,18.185888290405273,6986500
2019-08-29,18.42603901797584,18.589699547295947,18.292620458570003,18.5221004486084,5000500
2019-08-30,18.758701431212646,18.76759623000264,18.04001763616974,18.123626708984375,4802000
2019-09-03,17.913712735920516,18.144972395931067,17.65399074002619,17.822988510131836,6439500
2019-09-04,17.895926701020382,17.96886133829033,17.641540200247736,17.842557907104492,5622500
2019-09-05,18.04713859127271,18.39580528256335,17.90482347482517,18.319313049316406,7330500
2019-09-06,18.450944243861038,18.676866660266107,18.381567201933347,18.41892433166504,10181500
2019-09-09,18.468737016001622,18.563020523816782,18.125405933786727,18.248151779174805,8780000
2019-09-10,18.223248313363428,18.929478066835294,18.10228040121317,18.925920486450195,6313500
2019-09-11,18.872559001757985,18.876116583201373,18.426049448668,18.47408103942871,4911000
2019-09-12,18.570133842666397,18.589701379711954,17.57038097454201,17.67177963256836,10580000
2019-09-13,17.796303635848076,17.822988029305687,17.24128216330531,17.27330207824707,11228500
2019-09-16,17.225274227226347,17.41739884787272,16.961994601686683,17.017141342163086,8046500
2019-09-17,17.008241470483785,17.30354262632573,16.837465777344953,17.10964012145996,6268000
2019-09-18,17.07939921135523,17.20214504366032,16.460336224962905,16.64178466796875,11174000
2019-09-19,16.666695530098306,16.695157872170086,16.330479555005766,16.38028907775879,8723000
2019-09-20,16.250426399647246,16.456781327582572,16.05474421271279,16.079648971557617,10870000
2019-09-23,16.02806353759012,16.62577952191507,16.02628389894367,16.394519805908203,7367000
2019-09-24,16.337591317878427,16.527936265811935,16.172151126140786,16.255760192871094,4640500
2019-09-25,16.253984090810633,16.31268840798936,15.981809683573758,16.118785858154297,5756000
2019-09-26,15.983589253765306,16.093882738642726,15.727424780297854,15.825265884399414,8983500
2019-09-27,15.944451409512345,16.010270882719276,15.775453630727691,15.834157943725586,6878500
2019-09-30,15.891086587480581,16.18816750328484,15.891086587480581,16.088546752929688,8801500
2019-10-01,16.332256430768393,16.36961357039412,15.860843937485924,15.974693298339844,7281000
2019-10-02,16.036957167230554,16.198838108364484,15.844832550372518,16.111671447753906,13567000
2019-10-03,16.136573743156394,16.59909307076257,16.06007983580051,16.57240867614746,14012500
2019-10-04,16.545727017469595,16.782323938620312,16.455002775191275,16.56351661682129,6767000
2019-10-07,16.55640250889305,16.716505520223837,16.342932392621893,16.37495231628418,8483000
2019-10-08,16.414088721635167,16.6417891558636,16.125902629244607,16.378509521484375,11439500
2019-10-09,16.433651938740184,16.7129431575881,16.433651938740184,16.542165756225586,6225000
2019-10-10,16.463893701759165,16.63466940443579,16.44788374471279,16.565292358398438,5408500
2019-10-11,16.769868101438266,16.956653766598365,16.632891946987527,16.7769832611084,8721500
2019-10-14,16.732514905755718,16.817903627927105,16.51726515824596,16.6773681640625,3592000
2019-10-15,16.599091757469672,16.737847544773395,16.483461086461993,16.684478759765625,5507000
2019-10-16,16.6738100702135,16.853480612452177,16.613326111118702,16.624000549316406,6225500
2019-10-17,16.743185034872646,16.773427010631327,16.49057988147086,16.52615737915039,7461500
2019-10-18,16.437209586470082,16.702268790797177,16.38206285842789,16.60087013244629,11071500
2019-10-21,16.720058343757632,16.720058343757632,16.403409991984905,16.444326400756836,7390000
2019-10-22,16.449663108897994,16.837468173825922,16.36427609842996,16.746742248535156,5917500
2019-10-23,16.723625150463484,16.953105289884217,16.570637259842908,16.921085357666016,13878000
2019-10-24,17.426289972944865,17.58461501521428,16.887278402719044,17.433406829833984,19102000
2019-10-25,17.264406767038498,17.378257800625832,17.006464423988838,17.15945053100586,9554500
2019-10-28,17.248404066423806,17.37114994920487,16.99223955721153,17.026039123535156,4977500
2019-10-29,16.94064694033698,16.992236098754045,16.70938724322026,16.9815616607666,7166500
2019-10-30,16.95132537410267,17.2786466077151,16.945988153850852,17.257299423217773,5564500
2019-10-31,17.19859103033895,17.214600990805394,16.803670755122198,16.903289794921875,5840000
2019-11-01,17.02603600782682,17.05805592942761,16.92285768887393,17.038488388061523,4129000
2019-11-04,17.114985336916178,17.333792697270326,17.052723424723915,17.184362411499023,5762500
2019-11-05,17.248394993890944,17.468980181890057,17.168343520836743,17.356908798217773,4840000
2019-11-06,17.317777371936746,17.35513451134572,16.915741941289166,17.06517219543457,4973000
2019-11-07,17.082960468713633,17.260853066771464,16.85703798887649,16.881942749023438,5413000
2019-11-08,16.85703567692096,16.933529585385205,16.72717467496253,16.86771011352539,3983000
2019-11-11,16.849921201309453,17.170127168300155,16.77520692808079,17.15767478942871,4285000
2019-11-12,17.100749064466214,17.196810518898157,16.919298896535008,17.189695358276367,4437000
2019-11-13,17.10964437656116,17.449417905827293,16.928194203188852,17.24306297302246,5159500
2019-11-14,17.259069709919537,17.483214199461386,16.935307897761234,17.355131149291992,4282500
2019-11-15,17.344465391905533,17.56149311279459,17.344465391905533,17.520578384399414,6713000
2019-11-18,17.48855115773938,17.60773771199282,17.19324998799004,17.397825241088867,5276500
2019-11-19,17.374702777946958,17.387155157054327,17.143443097017666,17.17368507385254,6376000
2019-11-20,17.168346097288623,17.250175524041193,16.970885993656648,17.230607986450195,4556500
2019-11-21,17.214597245670127,17.43340451513415,17.18613491142087,17.219934463500977,6013000
2019-11-22,17.25742691898228,17.380616466630798,17.16815787233933,17.355621337890625,4554500
2019-11-25,17.478816835693227,17.534163692114884,17.039614177292737,17.087820053100586,10006500
2019-11-26,17.05032733446824,17.371693596436433,17.016405122586516,17.121742248535156,8500500
2019-11-27,17.13959527409534,17.193156030452144,16.971768619556716,17.048540115356445,2855500
2019-11-29,17.016407587708503,17.039616629376198,16.820015268574252,16.861080169677734,3898500
2019-12-02,16.943203514866727,17.17351800931436,16.877145189916185,17.100317001342773,6205000
2019-12-03,16.896784917857786,17.109245273596777,16.70396481346675,16.898571014404297,5706000
2019-12-04,16.943203114256423,17.236005436553864,16.943203114256423,17.089603424072266,4206500
2019-12-05,17.234221058232023,17.596652230141608,17.187801277061347,17.21815299987793,6030000
2019-12-06,17.416327207407637,17.552016041109688,17.173516864852363,17.407400131225586,4718000
2019-12-09,17.33062978880707,17.741266807115906,17.33062978880707,17.412757873535156,6491000
2019-12-10,17.50916725842337,17.535946785071502,17.332415231349632,17.353839874267578,4243000
2019-12-11,17.344910968783683,17.49309735722894,17.250285330652364,17.323486328125,3302000
2019-12-12,17.321702384137765,17.60736372752442,17.237789907242647,17.54487419128418,4780500
2019-12-13,17.5359461120548,17.582365886151162,16.94677271108771,16.948558807373047,5475000
2019-12-16,17.005688817750034,17.069962739375246,16.716458724434887,16.732526779174805,6930000
2019-12-17,16.68254198248288,16.859294047840965,16.61469754899197,16.684328079223633,10079500
2019-12-18,16.770019370159936,16.798586692481617,16.42722852895511,16.623619079589844,6709000
2019-12-19,16.51828705384621,16.598629054420638,16.36295964011326,16.391525268554688,6499000
2019-12-20,16.518281202902244,16.662897093245004,16.361167748126498,16.455793380737305,12674500
2019-12-23,16.489718248831597,16.61648000970378,16.398664793631905,16.450439453125,4270500
2019-12-24,16.48972137410381,16.77359666893911,16.47186721788369,16.70396614074707,2054000
2019-12-26,16.720030868329914,16.79323187264535,16.455795879059615,16.51114273071289,5615500
2019-12-27,16.620051243585596,16.71467689572019,16.455796776005354,16.479005813598633,5731000
2019-12-30,16.482577213558187,16.68610876614623,16.4022352287299,16.58612823486328,6072500
2019-12-31,16.552202945293818,16.73966810922785,16.51828074239777,16.68253517150879,4470500
2020-01-02,16.727171792008484,16.798586692481617,16.509354898299723,16.623619079589844,5344500
2020-01-03,16.536135293655718,16.580768965709332,16.382592328886858,16.41830062866211,7636500
2020-01-06,16.270117446273463,16.362957000732422,16.096935904199412,16.362957000732422,6967000
2020-01-07,16.20583938702365,16.361166736130517,15.761281977786622,16.070152282714844,13608500
2020-01-08,16.07194096631956,16.459367245865355,16.07194096631956,16.373668670654297,7247500
2020-01-09,16.336169797374712,16.41829785136585,16.157633436695765,16.212980270385742,5583000
2020-01-10,16.246902733686287,16.377234943149706,16.15941809367322,16.295106887817383,6725000
2020-01-13,16.266548360630924,16.26833445719103,16.102293881072516,16.13800048828125,4850000
2020-01-14,16.127281326446603,16.316530851605183,16.045154977163218,16.100500106811523,6562500
2020-01-15,16.054088003274906,16.25405079270798,16.04159043535196,16.13800048828125,6624500
2020-01-16,16.236196368136415,16.436159154248706,16.164781452239,16.262977600097656,5884000
2020-01-17,16.271899707704268,16.587910997134944,16.17548968582131,16.566486358642578,6853500
2020-01-21,16.703962797310627,16.959270710025322,16.673611078344784,16.718246459960938,10882000
2020-01-22,16.75038538049319,16.778951007916614,16.557565267052567,16.580774307250977,4989000
2020-01-23,16.48793204293162,16.727173602949993,16.32903417014254,16.721817016601562,5414000
2020-01-24,16.700391018456433,16.818225692564013,16.57719975843517,16.705747604370117,9678000
2020-01-27,16.479005612183734,16.837866263604933,16.446869498165572,16.78073501586914,7310000
2020-01-28,16.770019002705926,17.193153513170298,16.7378828941301,16.95926856994629,13223500
2020-01-29,16.96998671417397,17.180660983089872,16.925351325110263,16.964630126953125,10649500
2020-01-30,15.854128479659508,17.196730074801938,15.714869122216593,16.752172470092773,23069500
2020-01-31,16.943198183185064,17.139590405145913,16.164775381445583,16.595050811767578,14004500
2020-02-03,16.778943326005372,17.137803857796246,16.778943326005372,16.855714797973633,11318000
2020-02-04,17.01640249309165,17.212793050761547,16.239763932793,16.264759063720703,13118500
2020-02-05,16.427229018337034,16.778946945412187,16.357598509268694,16.777162551879883,10473000
2020-02-06,16.93427195937221,17.27885056169985,16.800369248463543,17.24492835998535,8327500
2020-02-07,17.1235249622239,17.246716230268422,17.03247150908899,17.237789154052734,5053500
2020-02-10,17.169945812193433,17.69663142324223,17.169945812193433,17.412757873535156,10564500
2020-02-11,17.46453075612919,17.46453075612919,17.168159669659516,17.419897079467773,6124000
2020-02-12,17.430611257098032,17.698418466672557,17.394904650754295,17.59129524230957,4539000
2020-02-13,17.559156968977685,17.61628821317475,17.377048361267807,17.543088912963867,4753500
2020-02-14,17.507379253643553,17.60378928493207,17.42168239397906,17.527019500732422,3378500
2020-02-18,17.59486812926937,17.675210132818496,17.323492095028893,17.46632194519043,3844500
2020-02-19,17.571652606244427,17.782326812927398,17.494881121865863,17.610931396484375,4408500
2020-02-20,17.553803850508512,17.710917357086768,17.29670979550137,17.675209045410156,4895500
2020-02-21,17.60711845461759,17.945751586319812,17.589202668614405,17.877666473388672,6748000
2020-02-24,17.52828782770443,17.73433393726707,17.259532181205916,17.28282356262207,7817500
2020-02-25,17.372407880200036,17.513952007512028,16.644973895778634,16.68976593017578,6678000
2020-02-26,16.79726939459142,17.107235607284338,16.383384772396255,16.392343521118164,6923500
2020-02-27,16.195255071234048,16.904773301619365,15.903208053789148,16.202423095703125,9707000
2020-02-28,15.815410483784632,16.171961121269522,15.519778646721521,15.85841178894043,16581500
2020-03-02,15.856622532945732,16.39950936186588,15.709701108607575,16.39055061340332,8299000
2020-03-03,16.318884217949783,16.98539946039391,16.268716587734282,16.687976837158203,11624000
2020-03-04,16.937023636170956,17.26848881173271,16.670058720664596,17.26311492919922,8056000
2020-03-05,16.945983767845217,17.18248929722772,16.566141657546456,16.779354095458984,5896000
2020-03-06,16.465802050040978,16.63959801106027,16.039375533721028,16.39055061340332,8805000
2020-03-09,15.500072375392389,15.523363755200593,13.885742757076821,14.484172821044922,20003000
2020-03-10,14.930309321193368,15.614742008069118,14.396379512966337,15.578907012939453,13034500
2020-03-11,14.948225566482645,15.249231298563569,14.6920101571483,14.924932479858398,12199500
2020-03-12,13.808698784462209,14.670510587828007,12.862676793820773,13.70836353302002,14646000
2020-03-13,14.326501345473732,14.545090179907023,12.73725655290035,13.654610633850098,11998500
2020-03-16,12.66379558019764,13.384062319109288,11.981154556312495,12.068948745727539,11226500
2020-03-17,12.30187277134092,12.731882467523585,11.447227261365555,12.645880699157715,17689000
2020-03-18,11.99190473507629,13.072305257324272,11.500977158401913,12.991678237915039,10950000
2020-03-19,12.866259973018261,14.383836533314765,12.810716759935017,13.686861991882324,11455000
2020-03-20,13.58473467779513,14.242291941237694,13.355396358662265,13.600860595703125,12236500
2020-03-23,13.683280164274242,14.315752805980242,13.403773347293463,13.986079216003418,10288500
2020-03-24,14.45012977176636,15.165021836778353,14.095372389021339,14.337252616882324,10060000
2020-03-25,14.348003332117644,14.822805023948925,13.588318403869147,13.783614158630371,8243000
2020-03-26,13.921578689885418,15.028854035830802,13.921578689885418,14.957185745239258,7648000
2020-03-27,14.871184482700611,15.360320597553601,14.765473628335208,14.8891019821167,7892000
2020-03-30,15.066479422649333,15.498279832310786,14.718887491571436,15.328068733215332,6174000
2020-03-31,15.190105091770658,15.55023890647391,15.066478468497259,15.148896217346191,8319500
2020-04-01,14.817430534946437,15.63265778884474,14.514630668956945,15.0503511428833,8763500
2020-04-02,14.872973181517834,15.53590519125161,14.735012213961056,15.077228546142578,7685000
2020-04-03,15.01810082175411,15.215188144630734,14.193914830814702,14.2440824508667,7358500
2020-04-06,14.797727866827218,15.833336040314315,14.699185010105756,15.759875297546387,12578500
2020-04-07,16.12896117055209,16.25975582130579,15.356735172027982,15.496488571166992,14674000
2020-04-08,15.60757152792806,16.342171645005312,15.268938432619937,16.25079345703125,12161000
2020-04-09,16.53567863408409,16.53567863408409,15.736576430412475,15.808244705200195,9934000
2020-04-13,15.795707453404539,16.1056737302515,15.48574117655758,16.066255569458008,7087500
2020-04-14,16.050125356258167,16.763224928169688,16.025041546169675,16.65572166442871,6805500
2020-04-15,15.91038063532077,16.474768378482437,15.820794818183606,16.257972717285156,6705500
2020-04-16,16.476553776869267,16.507013180908533,16.06445987748845,16.340383529663086,6777000
2020-04-17,16.684394502350102,16.840272992127332,16.198841533141145,16.61272621154785,6556000
2020-04-20,16.379799227823533,16.90656093148439,16.204210854132345,16.739933013916016,7909000
2020-04-21,16.383383850639238,16.920896782766093,16.37980069309339,16.686182022094727,7559500
2020-04-22,16.861770649871108,17.272072097035075,16.596596483251464,17.098276138305664,10274500
2020-04-23,17.092902181743284,17.42615979197102,16.682600695351994,17.035568237304688,11874500
2020-04-24,17.379568247342625,18.27721473091964,17.211147931811354,18.271839141845703,15867000
2020-04-27,18.486849168938686,18.812940423339256,18.167925938244817,18.47072410583496,10810000
2020-04-28,18.769940848092244,18.812942159474844,18.40801627658423,18.443849563598633,8876500
2020-04-29,18.45280802406951,18.64810464680033,18.087300300444433,18.117759704589844,8831500
2020-04-30,17.917089848102233,18.275431303322907,17.745086291337675,18.173303604125977,6966000
2020-05-01,17.852583208440237,18.359636704972257,17.83466742189096,18.29155158996582,5279500
2020-05-04,18.300514622010073,18.54239573847034,18.203762517167327,18.354267120361328,4447500
2020-05-05,18.58001464178573,18.89177149947417,18.519097558205114,18.830854415893555,9781000
2020-05-06,19.011820433668213,19.033321087652492,18.77889810609394,18.8218994140625,4983000
2020-05-07,19.002858733131134,19.253698518172474,18.809354586042275,18.84339714050293,5725000
2020-05-08,19.088864612120407,19.318202077175098,18.898943589423105,19.208908081054688,4665500
2020-05-11,19.20532735847249,19.671172080268132,19.047656442932407,19.543960571289062,6298000
2020-05-12,19.676546434341056,19.726714061424733,19.294911931403114,19.302078247070312,4962000
2020-05-13,19.241162723300924,19.42570818215463,18.803984966348825,19.08169937133789,7816000
2020-05-14,18.949107836577152,19.169488222701855,18.795020126090986,19.140819549560547,5780000
2020-05-15,19.1909928773942,20.06355414847779,19.128281636930875,20.016969680786133,16829500
2020-05-18,20.237349884766978,20.405770256359855,19.581584186762154,19.665794372558594,8730500
2020-05-19,19.565460477364457,19.990094593416735,19.223244119624315,19.540376663208008,7796500
2020-05-20,19.65325001501451,19.827045955793253,19.173072772547933,19.31282615661621,7782000
2020-05-21,19.4077834707902,19.60308004015931,19.27878128261347,19.520662307739258,5600500
2020-05-22,19.70939836724954,20.13899731479114,19.583575124962508,20.10484504699707,6918500
2020-05-26,20.340319614764212,20.376270101146613,19.93408871823892,19.989810943603516,7386000
2020-05-27,20.814853968050272,21.630912138140822,20.25403875235175,21.526657104492188,20580000
2020-05-28,21.686632978933833,21.88435721823109,21.255237443725502,21.38645362854004,11292500
2020-05-29,21.372074528207072,22.022762528226558,21.26961770422828,21.93288803100586,12767000
2020-06-01,21.93828161788182,22.366082454961756,21.93828161788182,22.047927856445312,7817500
2020-06-02,21.801671678002236,22.27441060402393,21.765722907922168,22.245651245117188,6455500
2020-06-03,22.288791649961354,22.2905898600408,21.785496819136238,22.085676193237305,7131500
2020-06-04,22.064104989814552,22.313955038059635,21.713596323965934,21.99759864807129,8005000
2020-06-05,22.286993135908656,22.32474011623636,21.722583212482775,21.952661514282227,7780500
2020-06-08,21.621922561851296,21.972431182861328,21.478124065323424,21.972431182861328,7087500
2020-06-09,21.929294320623757,22.11443623899632,21.796281635776893,22.008384704589844,4937500
2020-06-10,22.17914156071405,22.308561237595583,21.677645026884733,21.80167007446289,3960000
2020-06-11,21.616532029031756,22.166561424576482,21.319947382981805,21.42779541015625,7411000
2020-06-12,21.61473500724771,21.898737341931792,21.05571795967371,21.291189193725586,4685000
2020-06-15,20.97123911016668,21.93648890349125,20.874175182014646,21.83403205871582,6332000
2020-06-16,22.091067579238853,22.285195400547636,21.742355413494206,22.26003074645996,6058500
2020-06-17,22.407423923230066,22.63930043944862,22.288790064406992,22.432588577270508,6004500
2020-06-18,22.468537059514848,22.6644630729439,22.330131474631333,22.583576202392578,5730500
2020-06-19,22.930493917956444,23.07609065186461,22.260032400685258,22.948469161987305,12680000
2020-06-22,22.78130440577748,23.50928642270457,22.689633396204936,23.3852596282959,6168500
2020-06-23,23.405019972897172,23.706997437109706,23.19112048331412,23.2342586517334,8975500
2020-06-24,22.77411114224404,23.67285269729956,22.77411114224404,23.608142852783203,8523500
2020-06-25,23.62611959397048,23.62611959397048,23.117431855255187,23.51467514038086,4156000
2020-06-26,23.545233021583392,23.789690167306265,23.19112963087874,23.36368751525879,8234000
2020-06-29,23.367274457405266,23.852595595881326,23.26841236307576,23.65666961669922,5359000
2020-06-30,23.804066928996374,23.868776768203464,23.44097597394771,23.689027786254883,4895000
2020-07-01,23.75553174380055,23.98920471126451,23.491302926686554,23.849000930786133,4525500
2020-07-02,24.140200018767672,24.24804805122901,23.70700625046162,23.80766487121582,3605000
2020-07-06,24.13301130198,24.176151204956504,23.892148843610567,24.04313850402832,2942000
2020-07-07,23.938880260523693,24.343314654229452,23.88855095183382,24.12761688232422,4117000
2020-07-08,24.113235209519196,24.391844604165122,23.89933394344783,24.375667572021484,3673000
2020-07-09,24.53564518658787,24.816052814832037,24.29478275131565,24.751344680786133,4882500
2020-07-10,24.751342223414632,24.922101877565602,24.445769970220866,24.880760192871094,3257000
2020-07-13,25.037142257606398,25.344512735794726,24.301972660941495,24.370275497436523,4289000
2020-07-14,24.370274171042983,25.118027768237635,24.188728687089235,25.103647232055664,4605500
2020-07-15,25.432589381938882,25.497299227868066,24.869977649883964,25.020965576171875,7059500
2020-07-16,25.00119620527592,25.628517842671343,25.00119620527592,25.551225662231445,7691000
2020-07-17,25.80286933790861,25.828035706066228,25.204308844656396,25.30316925048828,6628000
2020-07-20,25.524258946369716,26.183936267424215,25.369676323014005,26.007781982421875,6872500
2020-07-21,25.905323609004054,26.056313231992654,25.173748792609548,25.88735008239746,8844500
2020-07-22,25.9646446757912,26.313356860806536,25.8873542135155,26.234268188476562,8418000
2020-07-23,27.43678566826319,27.76752263116932,25.930494090324398,26.243257522583008,16538000
2020-07-24,25.76871518122686,26.376263211000712,25.508079342643786,26.338516235351562,8314000
2020-07-27,26.57578676945355,26.590167305906096,25.6141336065688,25.704008102416992,8091500
2020-07-28,25.659074254904013,25.979027101800973,25.488314570093685,25.716594696044922,6600500
2020-07-29,25.871174036730725,26.333127145883623,25.83342705559809,26.146188735961914,7480500
2020-07-30,25.885552484750356,26.07428737518251,25.668056522640903,25.77950096130371,4378500
2020-07-31,26.009583048037506,26.009583048037506,25.31215867095403,25.657276153564453,7330000
2020-08-03,25.83881575861779,26.640493281476388,25.777700629102103,26.498491287231445,9556500
2020-08-04,26.383460284030154,26.724981351566253,26.243256465345574,26.644094467163086,5471500
2020-08-05,26.67824530422197,26.750144562672723,26.155177041898625,26.464344024658203,5120500
2020-08-06,26.5542188666621,26.739360788061532,26.279204156707348,26.62791633605957,5181500
2020-08-07,26.573989125680367,26.940674790137006,26.53803864320892,26.620723724365234,4961500
2020-08-10,26.66026553245481,26.669253152511182,26.28099756567022,26.449960708618164,3676500
2020-08-11,26.604548725765113,26.656676247005116,25.847809133821944,26.08327865600586,5878500
2020-08-12,26.24325283537077,26.816648644636395,26.023958658501392,26.796876907348633,7740000
2020-08-13,26.708799621541807,26.976624883768253,26.557809997236788,26.730369567871094,4900500
2020-08-14,26.6404988494556,26.994602232926372,26.541636724298744,26.710599899291992,3799000
2020-08-17,26.771715452711017,27.621924256633097,26.74115788109724,27.60574722290039,5251000
2020-08-18,27.747745608247175,27.905922933116656,27.17794279695374,27.505084991455078,4457000
2020-08-19,27.503296199470196,27.733374568882194,27.397244638561506,27.666868209838867,4913500
2020-08-20,27.479919851205924,27.76751685227678,27.30196907822733,27.381057739257812,5620500
2020-08-21,27.509013307081652,27.966775455444328,27.39367129800119,27.62435531616211,7192500
2020-08-24,27.876669384713495,27.88027355437502,27.37565198977637,27.667612075805664,4852000
2020-08-25,27.714474577851885,27.752320944023147,27.40088941887465,27.622560501098633,7895500
2020-08-26,27.604535318976065,27.912713314802133,27.404489289896237,27.867658615112305,5556500
2020-08-27,27.87667521414709,28.03526902477814,26.94312632752904,27.217063903808594,6775500
2020-08-28,27.1683993386878,27.25670751650822,26.40786449288476,26.476348876953125,7209000
2020-08-31,26.492566001272817,26.885449700443903,26.189793415728055,26.822372436523438,11241000
2020-09-01,26.78091872788088,27.354024623017803,26.725051524834452,26.856613159179688,7040500
2020-09-02,26.92329522911772,27.15397926039789,26.505180637263226,26.96114158630371,5879500
2020-09-03,26.604305186324854,26.75208645760306,25.88522090408397,26.236652374267578,7688500
2020-09-04,26.240257174344244,26.402455117813762,25.360774485159926,25.605876922607422,6825500
2020-09-08,25.207585145509757,25.50314764438953,24.511928928675697,24.6470947265625,7970500
2020-09-09,24.97149513265168,25.609479514669534,24.922836268226124,25.515764236450195,5386000
2020-09-10,25.515763904929866,25.73022830685833,24.7750529715578,24.83452606201172,5645500
2020-09-11,24.953475352835646,25.24903961664852,24.71197879161121,24.807497024536133,4249500
2020-09-14,25.034575348555123,25.272467741544755,24.89400241463155,24.89580535888672,4750500
2020-09-15,25.02556543747674,25.492340683964454,24.994929133271587,25.38961410522461,5251000
2020-09-16,25.472513038816466,25.51035939854323,24.866969564461673,24.91562843322754,4592000
2020-09-17,24.605647526870555,25.08683941358371,24.511932240179405,24.897605895996094,4203500
2020-09-18,24.957083287656722,25.310317758381405,24.61286010205623,24.89040184020996,7675500
2020-09-21,24.780466328452903,25.131897846391094,24.61285952279591,24.791278839111328,5399000
2020-09-22,24.85615147615026,25.546400565041345,24.663315537787156,25.521169662475586,5319000
2020-09-23,25.533787072848135,25.870800114223403,25.101255808197873,25.218399047851562,5525000
2020-09-24,25.052594773264612,25.33734477517255,24.872372556876726,24.917428970336914,4141000
2020-09-25,24.93725288065503,25.153518510122122,24.639887425296973,25.088638305664062,8514000
2020-09-28,25.33915092106785,25.59686710746481,25.12829066062793,25.595064163208008,4824500
2020-09-29,25.573434744311534,25.757261133984606,25.37879584641132,25.407630920410156,4753000
2020-09-30,25.524776431515544,26.101484798877138,25.425654036352828,25.83295440673828,7758000
2020-10-01,25.899641864546687,26.097884969110723,25.504956881098405,25.600473403930664,6929500
2020-10-02,25.344553682007966,25.65273336956924,25.252641346450993,25.34275245666504,4626000
2020-10-05,25.50134821354167,26.04561736799191,25.44367806099036,26.023990631103516,4867500
2020-10-06,26.007772921730446,26.12671912400518,25.431064478877612,25.550010681152344,4955000
2020-10-07,25.631110205808668,26.56465724401408,25.631110205808668,26.27450180053711,6472500
2020-10-08,26.335773644258904,26.979165178344466,26.168168587307182,26.892658233642578,5124000
2020-10-09,27.04945542634552,27.427920796310143,26.791739210866414,27.020620346069336,4502500
2020-10-12,27.303558418267006,27.55586915415738,27.072876133820728,27.202634811401367,7032500
2020-10-13,27.105318844635956,27.64237962490619,27.105318844635956,27.559476852416992,5656500
2020-10-14,27.59552839199175,28.307402728094043,27.175612474669766,27.373855590820312,7354500
2020-10-15,27.195433629683304,27.723483198270404,27.114333790332225,27.411699295043945,5751500
2020-10-16,27.467568037213905,27.793768617985908,27.317983813717927,27.590118408203125,11402500
2020-10-19,27.799172027866728,27.934337834935633,27.14676923453164,27.20984649658203,6112500
2020-10-20,27.32699139544123,27.48198099345815,26.81876569327765,26.979164123535156,5797500
2020-10-21,27.065672354804544,27.254905880295382,26.768306859370377,26.874637603759766,6215000
2020-10-22,25.607681563914557,25.64913381643298,24.528154428577366,24.693958282470703,22062000
2020-10-23,24.812902496927148,25.281478941789995,24.558790481387675,25.198577880859375,9742000
2020-10-26,25.03457846743451,25.18596564829603,24.174921133404624,24.48310089111328,8191500
2020-10-27,24.620070496770143,24.80569816042188,24.169516546784305,24.17852783203125,6728000
2020-10-28,23.861335970448106,24.488507996320077,23.650477402738563,23.89017105102539,6403500
2020-10-29,23.89016926796206,24.174919319704767,23.596409650676968,23.973072052001953,6328000
2020-10-30,23.90639294564758,24.07940515182209,23.6090274106319,24.00731658935547,6968500
2020-11-02,24.257822986157443,24.47769283039658,23.7063454311495,24.04155731201172,6605500
2020-11-03,24.329910092053872,24.75523307477273,24.24700902867309,24.508329391479492,6252500
2020-11-04,24.78947311355591,24.951672775077625,24.3947881871739,24.4794921875,7542500
2020-11-05,24.67593070190114,25.283277019060726,24.565994092028216,25.04718589782715,6350000
2020-11-06,25.032777476607198,25.386011943629928,24.720993545739834,25.31212043762207,4240000
2020-11-09,24.41101443047118,24.68855618698978,23.35311389281171,23.356718063354492,11130000
2020-11-10,23.1062025914415,23.491876212755557,23.028706934624598,23.398160934448242,9858500
2020-11-11,23.735178470797415,24.119050911747248,23.684716656372835,23.976675033569336,4771000
2020-11-12,23.95324867749535,24.075799051994327,23.252186905106598,23.574783325195312,5707000
2020-11-13,23.699137566092936,23.982086428703436,23.46304807521498,23.78564453125,5013000
2020-11-16,23.78383858201673,23.99469885326696,23.605419277965552,23.937026977539062,9590500
2020-11-17,23.80366165307809,24.187532355952833,23.630649481096142,23.7315731048584,7297000
2020-11-18,23.789237483929938,23.89016108320497,23.086374739006086,23.144044876098633,7430500
2020-11-19,23.15125891595699,23.75139698442557,23.068357858626268,23.654077529907227,6240500
2020-11-20,23.509461881634167,23.753505150144807,23.214802537991975,23.446191787719727,6622500
2020-11-23,23.545616379668378,24.389823930607612,23.54200119187557,24.201820373535156,9566500
2020-11-24,24.42778290220135,24.539862329522332,24.060816389872176,24.227127075195312,8477000
2020-11-25,24.203624436287136,24.32835787439341,23.890887475232418,24.205432891845703,6155000
2020-11-27,24.40248053959965,25.230418971346282,24.28497916594988,25.194265365600586,5583000
2020-11-30,25.10025656819191,25.555802906861167,24.861636975366082,25.454570770263672,14473000
2020-12-01,25.4618028602814,25.96435011394539,25.067718124857347,25.248491287231445,6746500
2020-12-02,25.248492835051508,25.299108909863843,24.704368306838173,24.724252700805664,5030000
2020-12-03,24.63025258433014,24.80017848234677,24.153013305141016,24.368131637573242,5263000
2020-12-04,24.51816948959228,24.601325694271512,24.165663726491374,24.292203903198242,5266500
2020-12-07,24.342824482843948,24.90321999945335,24.247015966728256,24.80560302734375,7120000
2020-12-08,24.764023309294913,24.876101022253263,24.41332424789239,24.686290740966797,4918000
2020-12-09,24.585058220605525,24.834523404249975,24.247013183047642,24.509132385253906,4405000
2020-12-10,24.472978683258436,24.715213490708646,24.151202853196594,24.576019287109375,3751000
2020-12-11,24.460320650768942,25.132793701152732,24.436819349405514,25.065908432006836,5792500
2020-12-14,25.208723616310973,25.60099994021058,25.105683005593978,25.403959274291992,6661500
2020-12-15,25.49976663551527,25.83419649129003,25.338879579009074,25.512420654296875,5175500
2020-12-16,25.51603655876149,26.179472645476267,25.51603655876149,26.072816848754883,5558000
2020-12-17,26.1686259151587,26.42532321510056,25.996891563228463,26.3042049407959,9307000
2020-12-18,26.512092399926335,26.698287487604368,26.26985587159249,26.588016510009766,11590500
2020-12-21,26.257200642177693,26.996560763463368,25.987851081778434,26.875442504882812,5834000
2020-12-22,26.842905798171454,27.24060574109889,26.750712480611597,27.074295043945312,6495000
2020-12-23,27.07971727700013,27.175527507243682,26.385551255618985,26.555477142333984,4179500
2020-12-24,26.57716884566091,26.754326823984766,26.430744270861542,26.551860809326172,1845500
2020-12-28,26.74167309527507,26.77240477515152,25.901080795959494,25.902889251708984,3820000
2020-12-29,26.027616276745206,26.161388534638007,25.512415082883265,25.850460052490234,4144000
2020-12-30,25.924582584799037,26.15958703330959,25.62269285155192,25.80708122253418,3147000
2020-12-31,25.890235561976638,25.890235561976638,25.38949670939204,25.412996292114258,3568500
2021-01-04,25.470844001508283,25.60642302359824,24.971911889991844,25.25572395324707,6992000
2021-01-05,25.16714240574783,25.452762886117753,24.984562519862465,25.432878494262695,4284000
2021-01-06,25.190644315140176,26.38374233477142,25.080371619524634,26.369279861450195,5514500
2021-01-07,26.334932910255873,26.671169467061574,26.22647039463112,26.595245361328125,4596000
2021-01-08,26.60247923158322,27.018256860060227,26.347590389993588,26.991140365600586,5349500
2021-01-11,26.90617618066704,27.401493089866943,26.577169970411152,27.02548599243164,6538000
2021-01-12,26.96764092878994,27.495496277797503,26.929678870729603,27.432226181030273,5636000
2021-01-13,27.56599378568499,27.862461566629634,27.25145006759424,27.69072723388672,8150500
2021-01-14,27.759421534977786,28.395741083018308,27.730498310971555,28.280046463012695,7670500
2021-01-15,28.287276836059135,29.073637871302147,28.251123237049022,28.468050003051758,9250000
2021-01-19,28.654246147466313,28.804287640253698,28.32885512445567,28.462627410888672,6037500
2021-01-20,28.484321051612955,28.484321051612955,27.857040293781974,28.083005905151367,4742500
2021-01-21,28.092041397622044,28.560241771519305,28.00346327466484,28.052270889282227,3753500
2021-01-22,28.148084163301785,28.442743510545572,27.873309210393938,28.13181495666504,6198000
2021-01-25,28.236662289779805,28.659670282147992,28.1101221004315,28.22581672668457,5774500
2021-01-26,28.245700680003875,28.381279698471744,27.31291503312727,27.45753288269043,5293000
2021-01-27,27.432226245628183,28.099275809094433,26.48497807584604,27.788347244262695,10872500
2021-01-28,27.15744828603908,28.09927270815449,26.30058680240364,27.014638900756836,10578000
2021-01-29,27.168297779751214,27.28399240673672,25.59376888240312,25.622692108154297,10611000
2021-02-01,25.694996981988886,26.336740110777423,25.147257339032137,25.25752830505371,7154500
2021-02-02,25.313570684976813,26.1324701383809,25.290069380045697,25.88300323486328,7854000
2021-02-03,25.91373716936961,26.50124743201211,25.85227380403076,26.2011661529541,5264000
2021-02-04,26.307821745188285,26.521131618318993,26.10716416743146,26.436168670654297,5537500
2021-02-05,26.432549346555465,27.52622365557934,26.432549346555465,27.387027740478516,7356500
2021-02-08,27.800997747833875,28.48793334344496,27.732304015874703,28.426471710205078,8000000
2021-02-09,28.366820497691386,29.015794124350897,28.276433905781058,28.652441024780273,8233000
2021-02-10,28.891057679081836,28.898288054014277,27.904039093615506,28.2818546295166,6211500
2021-02-11,28.39032096294891,29.09533260900185,28.334281239743294,28.440937042236328,7678500
2021-02-12,28.491547420143363,28.979633899569407,28.491547420143363,28.910940170288086,4726500
2021-02-16,28.986868735578422,29.53822538631569,28.85309816763527,29.2742977142334,7054500
2021-02-17,29.44602848921838,31.118175999241448,29.44602848921838,30.776514053344727,10069500
2021-02-18,30.55055107557906,31.34052737808436,30.331815831750077,31.072982788085938,7798000
2021-02-19,31.25611320691346,31.506333595032377,30.76654571370207,31.06753921508789,6388000
2021-02-22,30.635994674648682,30.824568672532028,29.852689427086148,29.90708351135254,7079000
2021-02-23,29.63146977634203,30.11559710262486,28.677723207740765,29.9542236328125,6640500
2021-02-24,30.059397109429455,30.26791932597117,29.147355366345316,29.207189559936523,7354000
2021-02-25,29.401200500471987,29.798293242462204,29.058501845227187,29.225318908691406,6208500
2021-02-26,29.344994894768533,29.441094125587643,28.672293362186526,28.822790145874023,7891500
2021-03-01,29.06756924324326,29.713070165742085,29.00048101394773,29.471914291381836,5911500
2021-03-02,29.584335324819726,29.674994444491688,28.701302910552446,28.813720703125,4903500
2021-03-03,28.90982205774177,29.29785028889779,28.10475633677149,28.1192626953125,7028500
2021-03-04,28.052172597616945,28.130141032127884,26.913477927794474,27.508209228515625,7115000
2021-03-05,27.729420168993965,28.27882187086903,26.97875032276968,28.253437042236328,4249500
2021-03-08,28.452888867482326,29.50636435540409,28.29332586567842,29.192678451538086,6827500
2021-03-09,29.816429474045616,29.914340917445905,29.094770501914354,29.120155334472656,6223500
2021-03-10,29.490045527220058,30.608797080214927,29.381253902226828,30.36945343017578,7903000
2021-03-11,30.5761567895882,31.486386068170383,30.518131367705877,30.866270065307617,6571000
2021-03-12,31.14913241579506,31.582486676583283,30.68857419810713,31.005887985229492,9424500
2021-03-15,31.031272811525426,31.145504529857124,30.78104897608083,31.005887985229492,4240000
2021-03-16,30.90253532640719,31.00407809763263,30.61242201599483,30.864458084106445,4540000
2021-03-17,30.779238326540753,30.779238326540753,29.936095457807497,30.532642364501953,5598500
2021-03-18,30.208076019971614,31.04215435475373,30.208076019971614,30.695831298828125,4176000
2021-03-19,30.78830972531899,31.564366270582877,30.574350856937667,31.364912033081055,10343500
2021-03-22,31.51177548032677,31.651392039056763,30.757479470288445,31.466445922851562,4269000
2021-03-23,31.47007980229377,32.061183292828254,31.111064243578753,31.30326271057129,8049500
2021-03-24,31.64594912328482,31.64594912328482,30.654125213623047,30.654125213623047,5522000
2021-03-25,30.72484691019031,31.433813468503544,30.398468514208236,31.266996383666992,4502000
2021-03-26,31.32864572353584,32.3803075048671,31.152764112183224,32.36217498779297,4789000
2021-03-29,32.258829502034146,32.37668915593468,31.734812456365123,31.85629653930664,3789000
2021-03-30,31.90887207372842,32.50179119577838,31.90887207372842,32.10288619995117,4637500
2021-03-31,32.30052824737212,32.45102504107038,31.800083869705993,32.10832977294922,5569000
2021-04-01,32.17541191235836,32.28239132650355,31.7402384832733,32.00315475463867,5196500
2021-04-05,32.25882955025495,32.791911127747944,32.04487065007861,32.70125198364258,4517500
2021-04-06,32.60694926978773,32.77195063108309,32.15727473615313,32.548927307128906,4489000
2021-04-07,32.590645201912196,32.677676450795296,31.903435532110244,32.10470199584961,4358000
2021-04-08,32.19717480549841,32.27151709080853,31.79826978993622,32.03036117553711,4649000
2021-04-09,32.0484915814235,32.257013815272586,31.81458797174567,32.21893310546875,4096000
2021-04-12,31.84903877870442,32.36761563374469,31.60062709487269,32.3005256652832,4970500
2021-04-13,32.40750990358595,32.57069912578088,32.09019944844279,32.445587158203125,4945000
2021-04-14,32.300525524446414,32.726631034944965,32.1881094506626,32.249755859375,4347500
2021-04-15,32.313218674902764,32.43107831082103,32.02310530835329,32.082942962646484,4527500
2021-04-16,32.26789594198225,33.14549200127015,32.14822406648162,32.8336181640625,15987500
2021-04-19,33.430158329961586,33.45191527621482,32.65954188822173,33.19625473022461,6556500
2021-04-20,33.28509735836503,33.70576272421913,32.463711356092276,32.82816696166992,5943000
2021-04-21,32.84629601295604,33.140037198310885,32.512665372937235,32.66679000854492,7204500
2021-04-22,33.7112030041306,34.73022765513227,33.448290148220885,34.108299255371094,12499500
2021-04-23,33.91064821376288,34.50356719469327,33.61691050231329,34.338565826416016,4969000
2021-04-26,34.33312433760896,34.726592581387976,33.91064684165831,34.62323760986328,4724000
2021-04-27,34.75561153684701,34.965945965928825,34.23703469605808,34.54165267944336,4858000
2021-04-28,34.56522359986975,34.85715261136914,34.11010886130165,34.1971435546875,3479500
2021-04-29,34.416544192284384,34.61599496112876,33.98137070398546,34.54165267944336,3303500
2021-04-30,34.24972543016388,34.63231356319298,33.81636763573033,34.1971435546875,4416000
2021-05-03,34.62687916998298,35.085621870731735,34.287808327758924,34.96595001220703,4085500
2021-05-04,34.55433299846735,35.28505622668384,34.25877964777942,35.24516677856445,6459500
2021-05-05,35.21798212697365,35.45913803086852,34.81726145764207,35.28688430786133,4590500
2021-05-06,35.357595028072936,35.55704923492685,35.06929391849192,35.337650299072266,4388000
2021-05-07,35.46638672148459,35.5606737247256,35.14907635405023,35.441001892089844,3191000
2021-05-10,35.71297958843926,36.400189053027844,35.43918658931953,35.48451614379883,4273500
2021-05-11,35.29051804913349,35.37211266754793,34.18083400543693,34.679466247558594,6270500
2021-05-12,34.29869897615889,34.538042766098066,32.951483185683415,33.07477951049805,6335000
2021-05-13,33.127345478341034,33.89795829724511,33.127345478341034,33.82361602783203,5480000
2021-05-14,33.827245693039146,34.15362404333835,33.5353201584658,34.06658935546875,3644000
2021-05-17,34.17174913462076,34.28598084072477,33.62959985480612,33.79641342163086,3283000
2021-05-18,34.01762793108284,34.01762793108284,33.228882649094196,33.53712844848633,3897500
2021-05-19,33.1128355801455,33.13278376522687,32.01584448813784,32.73569107055664,7260000
2021-05-20,32.795527058285835,33.43740352479289,32.67766744717961,33.34492874145508,4890500
2021-05-21,33.27583705963022,33.67769403436934,33.24856289204859,33.33766174316406,7724000
2021-05-24,33.59405299327729,33.60132587391122,33.02490933195645,33.05400085449219,3956000
2021-05-25,33.06308990798075,33.31220250876697,32.74487628030959,32.80306625366211,4659500
2021-05-26,32.79034114742727,33.341300851036664,32.66487442386881,33.279476165771484,4582000
2021-05-27,33.42494252389229,33.684966191518036,33.15400780217573,33.23401641845703,5534000
2021-05-28,33.52130209441541,33.63949588891316,32.91579083546494,33.0394401550293,4046000
2021-06-01,33.19583036225407,33.254016868889934,32.64850540554473,33.068546295166016,4472500
2021-06-02,33.06490456691977,33.06490456691977,32.41029689999727,32.93943786621094,6365500
2021-06-03,32.81579132803209,32.821243386014096,31.948435493115845,32.35938262939453,6921500
2021-06-04,32.51394681452219,32.96671390623593,32.253923166586546,32.92307662963867,3752000
2021-06-07,32.93580369894362,33.18127810981995,32.648502429507175,32.94853210449219,3569500
2021-06-08,33.04672942268296,33.094008351222975,32.82307359340183,32.990360260009766,4772000
2021-06-09,33.14855639282418,33.272205772597594,32.799433832627514,32.9194450378418,3490000
2021-06-10,33.01581219005534,33.179464126076745,32.67760073231366,32.701236724853516,3750500
2021-06-11,32.80124249295971,33.5158540071393,32.70668813002405,33.492218017578125,3254500
2021-06-14,33.430392263587244,33.49948981381581,32.98853279994119,33.30310821533203,4483500
2021-06-15,33.23037064275167,33.25219274594139,32.1357244204307,32.67213821411133,3700000
2021-06-16,32.8430773221246,32.8430773221246,32.16846814135904,32.383033752441406,3936000
2021-06-17,32.40120942456533,32.481218037039625,31.362928688173696,31.78660774230957,7421000
2021-06-18,31.69022793615292,31.74477972783907,31.061080586210583,31.144723892211914,10922000
2021-06-21,31.408394377085227,32.1211886985656,31.23019319554182,31.888439178466797,5405500
2021-06-22,32.0484515252447,32.884891715904494,31.97208108009216,32.80852127075195,4613500
2021-06-23,32.64668757343155,32.81033950535129,32.44848512767753,32.63577651977539,3100000
2021-06-24,32.96854164083968,33.01581710118241,32.72124634711086,32.90489959716797,3107500
2021-06-25,32.93034696952544,33.07581495165627,32.66122964187978,32.783058166503906,3900500
2021-06-28,32.877624960939045,33.401310588287245,32.65396911107115,33.357669830322266,3856500
2021-06-29,33.36674928156752,34.239557131601146,33.36674928156752,34.00862503051758,5245500
2021-06-30,33.964995919575095,34.18501355339951,33.761337931053966,33.83225631713867,3252000
2021-07-01,34.38503938341214,34.42322461264715,34.092285959277135,34.157745361328125,3223500
2021-07-02,34.12682189726518,34.255926774218494,33.90498347565161,34.1431884765625,2353500
2021-07-06,34.163186988327915,34.26501422485379,33.45766574299275,33.89406967163086,4136500
2021-07-07,33.894071163047506,34.32684040555545,33.795882095604206,34.115909576416016,4205000
2021-07-08,33.795887618956854,33.99590396009587,33.323115731138614,33.852256774902344,4578500
2021-07-09,34.13046707099845,34.35594024432376,33.832258154629976,33.98681640625,4206000
2021-07-12,33.92317033960962,34.07772857288853,33.54131467040932,33.963172912597656,4698500
2021-07-13,33.95408455622233,34.26502186108441,33.76133762396451,33.94681167602539,4147000
2021-07-14,34.11227993516338,34.23229112534143,33.83225498082485,34.043182373046875,5028000
2021-07-15,34.00318022104101,35.04873043044505,33.91226054963794,34.361392974853516,7811000
2021-07-16,34.39958532253089,34.855994190592234,34.29594069071447,34.36685562133789,5935000
2021-07-19,32.657596009915686,33.20492097285416,31.09563320451011,32.9012565612793,16459000
2021-07-20,33.08672290571439,33.539493435802946,32.366655865882855,33.392208099365234,7770500
2021-07-21,33.188553914931475,33.394025753078154,32.69214263841787,32.93943786621094,5146000
2021-07-22,32.96308312839995,33.401304513464865,32.95035472081811,33.17037582397461,3639500
2021-07-23,33.272200411930534,34.159554165345455,33.2267423125371,34.130462646484375,2989000
2021-07-26,34.108635998708415,34.352296512003555,33.84679502266055,34.19773483276367,3879000
2021-07-27,33.96134978973801,34.183188192834805,33.188551818178915,33.523128509521484,4598500
2021-07-28,33.586779103016994,33.6995174200318,33.252202326295745,33.36494064331055,2943500
2021-07-29,33.37402633987707,33.39948315198553,32.78851619315189,32.90852737426758,6152500
2021-07-30,32.76670116359183,33.29402139651868,32.59213816520536,32.89944076538086,6390000
2021-08-02,33.03399210474617,33.194005847245876,32.77215111990753,32.87761306762695,5293000
2021-08-03,33.206737521607735,34.33411711377395,33.03763353077887,33.930442810058594,5397000
2021-08-04,33.70496873605078,33.850436745842735,33.47040187373146,33.71769714355469,3966500
2021-08-05,33.83042844430684,34.25774215183039,33.7631517147232,34.19773483276367,3879500
2021-08-06,34.25774813119465,34.47049634577499,33.83588987615766,34.05227279663086,2676000
2021-08-09,33.988635186347366,34.24502418263835,33.861351098909026,34.108646392822266,2846000
2021-08-10,34.094100403547245,34.80325658210703,34.04500412208234,34.67051696777344,2911000
2021-08-11,34.66323822102694,35.466948651936825,34.64687510879516,35.3160285949707,3922000
2021-08-12,35.29602516362442,35.54150307037886,35.04872990393848,35.1905632019043,2690000
2021-08-13,35.363309506530044,35.43786260420647,35.096012928658695,35.26148223876953,2024500
2021-08-16,35.08509852222777,35.79607544373062,35.005089904530195,35.77970886230469,2411000
2021-08-17,35.35239394341345,35.36694317140349,34.51958850315621,34.719608306884766,2446000
2021-08-18,34.77778710253995,35.59059107583966,34.77778710253995,35.09600067138672,2732500
2021-08-19,34.777799230688764,35.64515529581087,34.73961400529832,35.44695281982422,2790500
2021-08-20,35.5563393829551,36.31114956448841,35.379487310475504,36.119712829589844,2915500
2021-08-23,36.20905215866029,36.28197895266466,35.514406275795984,35.55451583862305,4713000
2021-08-24,35.636565565996314,35.7878927704785,35.19717209536624,35.28468704223633,3283000
2021-08-25,35.30838868999473,35.505299072791345,35.096897118390075,35.40502166748047,3422000
2021-08-26,35.46882597906619,35.46882597906619,34.37307405443481,34.59185791015625,4168500
2021-08-27,34.57727558702697,35.09689162641226,34.300146105352965,35.07865905761719,2950000
2021-08-30,35.231809416989435,35.632918986334026,35.14247226172811,35.30291748046875,2380000
2021-08-31,35.3977254976789,35.76783657724878,35.01120058464505,35.41595458984375,4383000
2021-09-01,35.37766452361351,35.77330395238754,34.73954202156962,35.6566162109375,3115500
2021-09-02,35.86628149279918,35.944678390194426,35.58732638641371,35.662078857421875,2886000
2021-09-03,35.5982846430984,36.272875959387875,35.45971986510364,36.24552536010742,2325500
2021-09-07,36.227284675281375,36.4533608661311,35.92827473551698,36.10148239135742,3987500
2021-09-08,36.145238525225,36.4187200779019,35.97203087577456,36.34943771362305,4012000
2021-09-09,36.464308141602295,36.894587088953436,36.19447095381165,36.770606994628906,4080500
2021-09-10,36.98573060097845,37.838995796572455,36.82528891024938,37.34855270385742,5247500
2021-09-13,37.44336346319053,37.59833505165364,36.53540049170313,36.84352493286133,7475500
2021-09-14,37.00215981334752,37.54000854096238,36.845362468897086,37.42332077026367,3849000
2021-09-15,37.394145808478,37.50900787035199,37.044089504075316,37.388675689697266,4522500
2021-09-16,37.37590653026024,38.31486111809639,37.264688915862976,38.181766510009766,3780500
2021-09-17,37.973925014095855,38.15260280432131,37.55823425272141,37.76972579956055,5973500
2021-09-20,37.321211125648134,37.59834059446737,37.04955177496437,37.48347854614258,4740000
2021-09-21,37.76061201630163,37.9265238814629,37.28839784564319,37.74420166015625,2492500
2021-09-22,37.99397808437561,38.681328125832714,37.67856128215234,38.628456115722656,3390500
2021-09-23,38.87641501610351,38.95845983369557,38.15624422585176,38.30757141113281,3604500
2021-09-24,38.316685506455606,38.466186985350305,37.942926592959225,38.418785095214844,2059500
2021-09-27,38.42425870540034,38.7961919618283,37.97756948647044,38.34403610229492,4461500
2021-09-28,38.25833724036524,38.25833724036524,37.60380450334401,37.74601364135742,3969000
2021-09-29,38.0432058612488,38.2711077547602,37.7679020709104,37.94839859008789,3263500
2021-09-30,37.73143808493326,37.84812583319641,36.79795348636319,36.940162658691406,4296000
2021-10-01,37.208178050399205,37.208178050399205,36.347620241320605,36.71226119995117,4615500
2021-10-04,35.93010052040898,36.35673148123815,35.169820174279856,35.735015869140625,6981500
2021-10-05,35.74231624767068,36.20541244855855,35.714969128417835,36.01762008666992,3700500
2021-10-06,35.778778388098615,36.055904417781676,35.57457568529631,35.85353088378906,4019500
2021-10-07,35.80794481713719,36.495298410520064,35.78789003449332,36.09965896606445,4854500
2021-10-08,36.198108347439806,36.354905633697705,35.459705070096255,35.50164031982422,3380500
2021-10-11,35.601926116509986,35.88634795508416,35.27009889941983,35.28468704223633,3910000
2021-10-12,35.31384780687175,35.596447363109675,35.078653617650815,35.24092102050781,2667000
2021-10-13,35.42872343978569,35.70950089043743,35.20993951922112,35.54176330566406,2962500
2021-10-14,35.86263750658212,36.27833167552179,35.68031531963455,35.97020721435547,2835500
2021-10-15,36.35491128905793,36.53176338225978,35.930102518147045,35.9665641784668,3399500
2021-10-18,35.897289589699376,37.41420626807262,35.82254056170898,37.284759521484375,5992500
2021-10-19,37.437900205592456,37.53999980775935,37.02949831941799,37.1078987121582,3056500
2021-10-20,37.10789774752805,37.44154365950539,36.830768275989456,36.88364028930664,3985500
2021-10-21,38.56281520457687,38.812597528259325,37.75695527838438,38.36408615112305,7499000
2021-10-22,38.74332345504846,39.06421041899954,37.946577902529505,37.96116256713867,3910000
2021-10-25,38.1617090861991,38.956632252791,38.050494957012454,38.475303649902344,3816000
2021-10-26,38.610233968567734,38.674046231613715,37.69680402253176,37.707740783691406,4007500
2021-10-27,37.831713701724816,38.04503092771109,37.54182177461668,37.724143981933594,3074000
2021-10-28,37.762428103198204,38.48806896571265,37.71867063808384,38.303924560546875,3462000
2021-10-29,38.22370513247636,39.695038282418324,38.22370513247636,39.59476089477539,5402500
2021-11-01,39.81354988433479,39.87918435141108,38.88553193438361,38.985809326171875,3221000
2021-11-02,39.08425724489792,39.47624871589544,39.08425724489792,39.31580352783203,2770500
2021-11-03,39.35045210789502,39.58746854242283,38.89100042507083,39.33951187133789,2952000
2021-11-04,39.447073609518085,40.03597188825879,39.26292922642938,39.75884246826172,2628000
2021-11-05,39.9685188355653,40.19459500822263,39.56011699905996,40.119842529296875,3937500
2021-11-08,40.23653914121119,40.41521346271705,39.720567483384976,40.36598587036133,4225000
2021-11-09,40.38240588401789,40.991359275799574,40.03417170418084,40.26754379272461,2977000
2021-11-10,39.99768928442398,40.27299652381713,39.42520128937123,39.611167907714844,2363000
2021-11-11,39.75520677695892,40.00316345235693,39.525482670304335,39.86095428466797,2315500
2021-11-12,39.94664627316447,40.3896876392556,39.79896697696981,40.322227478027344,2460000
2021-11-15,40.553774871774664,40.767092102721236,40.32405076306724,40.63764190673828,2556500
2021-11-16,41.038753094163994,41.97770782625935,40.76709371845454,41.76621627807617,5237500
2021-11-17,41.835489706094776,42.09256438350323,41.004104809220564,41.26482391357422,3648000
2021-11-18,41.786271510344925,41.83732131485163,41.19737306728036,41.79356384277344,3191000
2021-11-19,41.7789437811979,42.37100748271619,41.66016437539672,42.131622314453125,4706500
2021-11-22,42.39658949296623,42.47699449465837,41.75518629229015,41.8447265625,2892500
2021-11-23,41.894071512041165,41.91234553686179,40.565578139433846,41.17043685913086,3449000
2021-11-24,40.80861324474048,41.31844556264794,40.57288080066659,41.26545333862305,2136500
2021-11-26,40.8122664170684,42.095072801690634,40.80495750526688,41.7296028137207,2963000
2021-11-29,41.8173144734875,42.12430966509417,41.33854417943825,41.4262580871582,2955000
2021-11-30,41.42626155680176,42.44592971997514,40.82323274748706,41.1759147644043,7771000
2021-12-01,41.31845038499057,41.848383143328725,40.91825866699219,40.91825866699219,3735500
2021-12-02,40.99134975692994,41.970817198962315,40.86526492026224,41.59986114501953,3730000
2021-12-03,41.89954309963845,42.19557316216234,41.31113220193735,41.65650177001953,3514500
2021-12-06,41.86482606448046,42.098728667346265,41.26179727795664,41.56513977050781,2800500
2021-12-07,41.93610265469463,42.92470553420832,41.791743769968576,42.6396369934082,2757500
2021-12-08,42.683483214959566,43.01423499622272,42.34907523513646,42.975860595703125,2879500
2021-12-09,42.91556856852918,42.93749530830272,42.0530540666503,42.07315444946289,2546000
2021-12-10,42.25040231260153,42.844292379106804,42.08411323339659,42.8168830871582,2178500
2021-12-13,43.469249564819805,43.469249564819805,41.958023121388194,42.60673522949219,3121000
2021-12-14,42.55922723523222,42.93931506410688,42.19192738853233,42.79495620727539,4421500
2021-12-15,42.50440620595836,43.42173918139667,42.22664662558119,43.30296325683594,3775000
2021-12-16,43.29930594358893,43.542343827457145,42.35456021452441,42.588462829589844,3014500
2021-12-17,42.50989428591413,42.639635338511695,40.974910967461675,41.41713333129883,6127000
2021-12-20,40.66973987687311,40.87074717978649,39.75788590194292,40.62222671508789,5556500
2021-12-21,40.688017826057354,41.111962696801186,40.024684251848235,40.7574577331543,3706500
2021-12-22,40.86161177474412,41.55052822045148,40.74100599922991,41.54138946533203,2297000
2021-12-23,41.665651791890554,41.96716449051576,41.57976422302881,41.71316146850586,1653500
2021-12-27,41.9781221163838,42.33811302490933,41.80635049470723,42.297908782958984,1907500
2021-12-28,42.522677502423846,42.597599948301465,42.12248582428734,42.24309158325195,1717000
2021-12-29,42.361872531492075,43.57706901933183,42.310706657091565,43.264591217041016,2625000
2021-12-30,43.63919226108781,43.73969763522802,43.16773087796172,43.25727462768555,1809000
2021-12-31,43.235352738934495,43.772597913731964,42.98317607674243,43.600826263427734,1537500
2022-01-03,43.555136221782874,43.831069444204786,42.78581830900148,43.07454299926758,2607000
2022-01-04,43.094646465882306,43.781733065244815,42.89363567941215,43.1805305480957,3091500
2022-01-05,43.23534921426049,43.47290803143875,41.93061253272429,41.98360824584961,3901000
2022-01-06,41.8794429045354,42.54825885187394,41.66381432879906,42.268672943115234,3865500
2022-01-07,42.18278849995307,42.318015572952966,41.15946761073606,41.73325729370117,4260000
2022-01-10,41.185049256544346,41.557831645841134,40.31705236174463,41.55234909057617,4900000
2022-01-11,41.58523789763309,41.654677783558824,40.49247722931115,41.26179504394531,5050000
2022-01-12,41.37326853864758,42.17913445409775,41.301998805636934,41.830108642578125,2852500
2022-01-13,42.3216638739307,42.815051986822176,42.021977596145284,42.173648834228516,2729500
2022-01-14,42.014659985474715,42.18094901182494,40.49795140409682,40.56190872192383,4339000
2022-01-18,40.06123108873507,40.58020227645657,39.37597079460387,40.46324920654297,4760500
2022-01-19,40.69896773521141,41.13388107921598,40.28964080947836,40.322532653808594,3853500
2022-01-20,40.73185824409079,41.06626268818477,38.28502179103748,38.354461669921875,6664500
2022-01-21,38.423909011821074,38.92643243912842,37.87935498359474,38.21193313598633,6084500
2022-01-24,37.605254015763215,39.734127266342334,37.41886106281751,39.68478775024414,6947500
2022-01-25,39.10917060984728,39.40703056963869,38.01092724460322,38.80582809448242,4953000
2022-01-26,39.11464779068514,39.11464779068514,37.44443782896165,37.84828567504883,5485000
2022-01-27,40.09777020379563,40.09777020379563,37.92869293432394,38.23751449584961,8820000
2022-01-28,38.81130895910677,39.27911417963937,37.84828922678206,39.259010314941406,5930500
2022-01-31,39.233423572376786,39.93878753340818,38.74003895052577,39.89310073852539,5438000
2022-02-01,39.92235246138094,40.71177089367282,39.7889552038217,40.25858688354492,4452000
2022-02-02,40.364566802978516,41.000487467357964,40.15442076666524,40.364566802978516,5040000
2022-02-03,40.09594349859146,40.83968196280376,39.814531205373996,40.10325241088867,3348000
2022-02-04,40.09229157378559,40.095944287299254,39.18957292175779,39.640933990478516,3280500
2022-02-07,39.7706688646489,40.14893377950727,39.42712563527094,39.76518630981445,5088500
2022-02-08,39.825499573165736,40.72638843897023,39.825499573165736,40.55826950073242,5062000
2022-02-09,40.93287191316559,41.35499380707387,40.7190731740401,41.016929626464844,3634000
2022-02-10,40.47603015357598,41.2033208671867,40.14893458216208,40.30791473388672,4194500
2022-02-11,40.218373509395796,40.52171249728485,39.86751788465444,40.09959411621094,3640500
2022-02-14,40.201930576813474,40.3773584098324,39.20236277660356,39.823665618896484,3557000
2022-02-15,40.11056225423525,40.58019382220613,39.90589529587915,40.112388610839844,3685500
2022-02-16,39.90773126893009,40.1982788572996,38.86065368042706,39.29738998413086,4790500
2022-02-17,39.12304266304117,39.4130043340029,38.767011161696836,39.178096771240234,4524500
2022-02-18,39.16158523357102,39.6130443604931,38.979897560219094,39.30656433105469,5286000
2022-02-22,39.1175399462451,39.18360628197169,36.68404874167065,36.770301818847656,8873000
2022-02-23,37.04740923217187,37.10062912517119,35.089239905533354,35.19751739501953,7486500
2022-02-24,34.31662500126303,36.016032252134735,34.257898978642885,35.85636901855469,8986500
2022-02-25,35.87289045247039,36.86206890463798,35.68386244105477,36.82719802856445,4210000
2022-02-28,36.44730329575964,37.49153913846878,36.36838704115425,37.399776458740234,6712500
2022-03-01,37.396106385180545,38.05678014784076,37.36490742550209,37.654869079589844,5781500
2022-03-02,37.74480164467849,38.20727652192744,37.287836379503254,38.11735153198242,4496000
2022-03-03,38.32839276751422,39.67727434612006,38.19625661482579,39.394649505615234,5501500
2022-03-04,39.457055651296834,40.83346456936533,39.134057266402095,40.728858947753906,7569000
2022-03-07,40.66094724847779,43.426610991155904,40.66094724847779,41.74739074707031,12116500
2022-03-08,41.5455185196556,42.95312609357615,40.07367882375071,40.244354248046875,9077000
2022-03-09,40.65361410188454,41.70151851079874,40.099380033495706,41.264739990234375,4911500
2022-03-10,40.87200062941051,42.08691200946347,40.48293593525873,42.017173767089844,5040000
2022-03-11,42.21169980659515,42.50533337423824,41.435404705738286,41.57121276855469,4563000
2022-03-14,41.71068827955788,42.42091353611875,41.07203195924431,41.17113494873047,4704500
2022-03-15,41.44091064821457,41.86301196282779,40.646266515445404,41.82080078125,3702000
2022-03-16,42.11626438642219,42.39154889058806,40.71600072376543,41.68132019042969,4004500
2022-03-17,41.591409023405014,42.73291039135477,41.406052922686406,42.68703079223633,3666500
2022-03-18,43.21373571497555,43.21923832627351,42.145641057841864,42.857704162597656,6582000
2022-03-21,42.82283534601987,43.2302526265296,42.12912474676307,42.50167465209961,2740500
2022-03-22,42.61728230855673,42.70904148476122,42.00615653396339,42.54203796386719,2537000
2022-03-23,42.59342806238084,42.90724839785171,42.231890430075076,42.598934173583984,4274000
2022-03-24,42.79896326052369,43.08158808285163,42.57873985392803,42.820987701416016,3087500
2022-03-25,43.127473649304285,43.261444015354506,42.09424999742157,42.61361312866211,3246500
2022-03-28,42.499835308420344,42.70354042365058,42.06488752075537,42.61912155151367,2982000
2022-03-29,42.84851990192099,43.044888188334525,42.25941854306874,42.82466125488281,3751500
2022-03-30,42.41173810571549,42.76042576402813,42.12177295785172,42.7328987121582,3008500
2022-03-31,42.88339623852695,44.32770566402735,42.65032285008898,42.828338623046875,11183500
2022-04-01,42.89072462087741,43.03754138758842,41.53083095009343,41.606075286865234,5619500
2022-04-04,41.65930722677552,41.81163013477799,41.222525243517474,41.78409957885742,5087500
2022-04-05,41.73271001487476,42.72556013045381,40.90319501455855,41.20050048828125,5630000
2022-04-06,40.91604643417768,41.43174119208857,40.303086376839865,41.277584075927734,5630000
2022-04-07,41.061021989772875,42.82465750489741,41.020645013615834,42.389713287353516,6446500
2022-04-08,42.297950907197524,43.72757928616783,42.297950907197524,43.3807258605957,4257500
2022-04-11,43.02103305692084,43.61564407563715,42.727399455248765,43.14766311645508,3781500
2022-04-12,43.531219271308444,44.30200830774929,43.09994691190605,43.437625885009766,4087000
2022-04-13,43.512865559338344,43.99736481238042,43.22290388937781,43.56425476074219,3866500
2022-04-14,43.41377210177509,43.83954189824524,41.8520071137265,41.885040283203125,5547500
2022-04-18,41.615261006839845,41.77492422643727,39.39832496887187,39.92136001586914,10973500
2022-04-19,39.9250236154892,40.772891110660986,39.88465013965799,40.67746353149414,6059000
2022-04-20,40.78941259314508,40.95641612017127,40.24068471840856,40.57469177246094,6136000
2022-04-21,40.14708831825415,40.55817742857871,39.64057162024158,40.22416687011719,11416500
2022-04-22,39.71948684818927,39.824095961078534,37.89895574700037,37.924652099609375,10722000
2022-04-25,37.623676906333685,38.627539406529976,37.386935111142236,38.532108306884766,9169000
2022-04-26,38.488050898147065,38.72662682257861,37.75947320160775,37.781494140625,5022000
2022-04-27,37.73378695282705,38.278842917963004,37.42730345344415,37.67689514160156,4620500
2022-04-28,38.04577309787087,38.693600464430055,37.22359839013507,38.26049041748047,5054000
2022-04-29,37.93383009030236,38.32840092859722,36.876747644491736,36.97034454345703,6668500
2022-05-02,37.09697277424239,38.05311795817079,36.966670803662666,37.86408996582031,6254500
2022-05-03,37.831054306523264,38.06596187852849,37.43648351375965,37.74663543701172,5607500
2022-05-04,37.805360651910924,39.10101892737547,37.66588417460823,39.0221061706543,5343000
2022-05-05,38.919339779809704,39.10102396418109,37.052928929181505,37.47869873046875,5163500
2022-05-06,37.12449406753519,37.57962504108378,36.55741367891363,37.17404556274414,5862000
2022-05-09,36.77213943322625,37.16854444739644,36.20689317204955,36.3812370300293,6848000
2022-05-10,36.72992293190311,36.80516727564749,35.43059285093269,36.350032806396484,6082000
2022-05-11,36.21422799903812,36.623479377570476,35.091079462298886,35.155311584472656,5122000
2022-05-12,34.960783257435985,36.192213002864456,34.960783257435985,36.06741714477539,4478000
2022-05-13,36.47666650855414,37.065771392713145,36.36838899094129,37.04374694824219,3870500
2022-05-16,37.19056602594747,38.04393979341619,36.50236160059455,37.73379135131836,4354500
2022-05-17,37.84206043684268,38.25314599638288,37.0510812746855,38.102657318115234,5393000
2022-05-18,35.77195192439937,35.834346357573025,32.1896188610471,33.33295440673828,15573000
2022-05-19,32.95673680762495,34.457938150955314,32.63373840962322,33.723854064941406,8029000
2022-05-20,33.89084479505855,33.93672787712976,31.83357592922194,33.02646255493164,9839000
2022-05-23,32.97323565073163,33.022787133847,31.93267200724558,32.45387268066406,6809500
2022-05-24,32.00374484243163,32.110744802951395,30.974343926585085,31.45952606201172,11563000
2022-05-25,31.25476620248065,32.9464564303075,30.714238288962704,32.61070251464844,9069500
2022-05-26,33.52202207587661,34.41306441997217,33.43162683271991,34.29499816894531,7850500
2022-05-27,34.603086902265346,35.50150810249898,34.60124310640699,35.499664306640625,5814000
2022-05-31,35.23585358461299,35.379747057944634,34.41491411975121,34.5643424987793,8437500
2022-06-01,34.86874241034694,35.77085484098468,34.783882046547966,35.17313766479492,7827000
2022-06-02,35.25983637598688,36.045722597025865,35.0716636604302,36.02912139892578,3836500
2022-06-03,35.82989114300256,36.28555860334644,35.6066686623907,35.87047576904297,5659500
2022-06-06,36.11767162813611,36.76889043535688,35.72104090113646,36.72830581665039,3985500
2022-06-07,36.34458824973354,37.22087336702652,35.8630936157424,37.10095977783203,5540000
2022-06-08,36.93677292762571,37.31864982773819,36.41838122862572,36.591793060302734,4180000
2022-06-09,36.30583580666807,37.75954526042311,36.19514826981783,37.20056915283203,5709500
2022-06-10,36.78549281503397,36.90909397774311,35.91105162312069,36.02912139892578,4886000
2022-06-13,35.05137058346416,35.84648280262256,34.785719751444574,35.425865173339844,6216500
2022-06-14,36.193308529873434,36.41653096429809,35.2247844626936,35.45169448852539,6606500
2022-06-15,35.42587209585322,36.70432643125801,35.42402829989869,36.182247161865234,5211000
2022-06-16,35.61589384743077,35.71182403151101,34.92409024431858,35.16944885253906,6422000
2022-06-17,35.03476898651099,35.49966238230647,34.342965558134296,34.817081451416016,9851500
2022-06-21,35.30964758273816,36.29293264889604,34.983116264149295,36.04572677612305,6072500
2022-06-22,35.57161622139423,36.066024522767975,35.2856729992317,35.42218780517578,3975500
2022-06-23,35.68045217522543,36.689564388541214,35.466455754628804,36.67111587524414,4469000
2022-06-24,36.82423137368267,37.54739683047796,36.78364324135491,37.444087982177734,5845500
2022-06-27,37.60274095968857,37.861016613653064,37.20979785121352,37.35922622680664,3918000
2022-06-28,37.42010902240284,37.88684620955795,35.959020533235964,36.0198974609375,4441000
2022-06-29,36.2099107617616,36.318754518600265,35.63432985928996,36.077083587646484,3597000
2022-06-30,35.88707599754561,36.154574207805325,35.4184949399297,35.76163101196289,4696000
2022-07-01,35.864935554360784,36.37225737956541,35.50704211991324,36.215450286865234,4466500
2022-07-05,36.13612630675541,36.66374403342508,35.56977126921652,36.53276062011719,5804500
2022-07-06,36.70433341273083,36.791041100810354,35.89446347913132,36.4442138671875,5444500
2022-07-07,36.44605321585016,37.63226493945644,36.44605321585016,37.530799865722656,4534500
2022-07-08,37.5308017005361,37.7595590765962,37.23563248180452,37.626731872558594,3452000
2022-07-11,37.560315454033734,37.94034498514656,37.250385349037124,37.52341842651367,4402000
2022-07-12,37.64148554187177,37.818588463010656,36.136121268274174,36.25603485107422,7274000
2022-07-13,35.82989047151301,36.69879343509632,35.698907059336776,36.440521240234375,6110000
2022-07-14,36.45158707967603,37.29281893600464,36.18777648803584,37.22455978393555,7144500
2022-07-15,37.436712037582964,37.687609018301366,37.21902449397917,37.48652267456055,4884500
2022-07-18,37.68944836360698,38.03258083835714,37.37583069343657,37.54001998901367,6224000
2022-07-19,37.99937103581231,38.198610021115485,37.54923864378268,37.9348030090332,5282500
2022-07-20,38.02705199998355,38.432908739705944,37.51050417958711,38.2447395324707,8470000
2022-07-21,36.604705810546875,36.89987854723848,35.422185142571195,36.604705810546875,12414500
2022-07-22,36.71171047930939,37.02532825327921,35.60113641881135,35.953495025634766,7614000
2022-07-25,36.337209421423466,36.337209421423466,35.35945923348623,35.765316009521484,5924500
2022-07-26,34.925920219226946,35.18603965038793,33.664070918355314,33.87807083129883,9053000
2022-07-27,34.10683771315416,34.800485032572155,33.66223656571111,34.485023498535156,6781500
2022-07-28,34.73959956694428,35.48121362526467,34.28946709638625,35.200801849365234,6004000
2022-07-29,35.04584526608696,35.47199791743624,34.73776242025514,35.32441329956055,5993000
2022-08-01,35.239547138716624,36.0973837742438,35.12885956214058,35.76900863647461,5928000
2022-08-02,35.59928178270258,35.76162376827135,34.7488239964136,34.756202697753906,6081500
2022-08-03,34.82815288365047,35.475680613090624,34.82815288365047,35.22109603881836,5078000
2022-08-04,35.24876629030775,35.35945384532425,34.57172031609072,34.65289306640625,5111000
2022-08-05,34.30791979624851,34.99049728705228,34.22674703050587,34.933311462402344,4500000
2022-08-08,35.22110357518921,35.92213320236157,35.10672839057225,35.407432556152344,5505000
2022-08-09,35.555005556768826,35.555005556768826,34.80047793588553,35.17497253417969,5065000
2022-08-10,35.61034846758679,36.1896205128562,35.39450825590298,35.475677490234375,5721500
2022-08-11,35.578984181184225,36.027272813169496,35.50519365276738,35.955326080322266,4868000
2022-08-12,36.2578684848549,36.342732330020745,35.83725444307741,36.32981872558594,3561000
2022-08-15,36.422066451972974,36.803943290357346,36.165638097317036,36.56595993041992,5811500
2022-08-16,36.632374969251636,38.1340480575232,36.632374969251636,37.768775939941406,6072000
2022-08-17,37.628562262404195,37.91635267593891,37.33339314883423,37.79828643798828,4852500
2022-08-18,37.81859711863112,38.15804211604059,37.64518526811612,37.857337951660156,4426500
2022-08-19,37.74059444028961,37.8036011786168,37.218016001215396,37.67203140258789,4595000
2022-08-22,37.442232080196966,37.618276937980156,37.13646958672716,37.23838806152344,5165500
2022-08-23,37.27359772130889,37.4774417321483,36.85849776852432,37.067901611328125,4765500
2022-08-24,37.06233982805199,37.355134065825524,36.78622508529347,36.87146759033203,3745000
2022-08-25,36.847389820072465,37.14388833737338,36.58609886697575,37.123504638671875,3962000
2022-08-26,37.18094179579625,37.279159608347676,35.40565872192383,35.40565872192383,4181000
2022-08-29,35.09247342648976,35.817039947857026,34.75149990627581,35.23331069946289,4553000
2022-08-30,35.36859609166686,35.57614431552745,34.57360722057141,34.855281829833984,3703500
2022-08-31,34.86640409470944,35.00353367648081,34.30861466694643,34.31046676635742,6125500
2022-09-01,34.06770859864894,34.8867853680906,33.90277986446685,34.86640167236328,5301000
2022-09-02,35.32967804993059,35.448276015894386,34.49577395176531,34.76447677612305,3850500
2022-09-06,34.89604352946998,35.41120980655113,34.34196196676213,34.846012115478516,5701000
2022-09-07,35.06653817369885,36.48787946514524,35.06653817369885,36.36927795410156,6287000
2022-09-08,36.0746319116331,37.064197262679514,35.8930272120697,37.02342987060547,5521500
2022-09-09,36.969682989484234,37.432962207224435,36.877025025212234,37.23282241821289,5500500
2022-09-12,37.529333125263115,38.07044303851349,37.186503879281574,37.55342102050781,6920000
2022-09-13,37.0679099672966,37.09755769840285,35.80778949721134,35.87820816040039,6181500
2022-09-14,36.039425080771096,36.26180071144578,34.76262879099697,35.0257682800293,7150500
2022-09-15,35.02576848549536,35.35747806683497,34.47539453997565,34.83119201660156,5329500
2022-09-16,34.61993964734597,35.55391386417054,34.33456079664693,35.21294021606445,7948000
2022-09-19,34.99797378419374,35.805934478160104,34.946086724447355,35.76145935058594,5769000
2022-09-20,35.405653772737445,35.50201593803488,34.8126533854563,35.283348083496094,6517500
2022-09-21,35.67435991233153,36.00236175731112,35.18328496180314,35.20181655883789,5408000
2022-09-22,35.07579846899372,35.099889895403415,34.52727670064079,34.91457748413086,7321000
2022-09-23,34.60881789237767,34.88493266591727,33.923162973924725,34.39200210571289,5321500
2022-09-26,34.39570676779988,34.951640463744226,34.267841240133826,34.48465347290039,4794500
2022-09-27,34.87750325560044,35.364873788659686,34.56803314658054,34.944217681884766,7681000
2022-09-28,35.15733766590901,35.722538944017586,34.8033923299126,35.628028869628906,6642000
2022-09-29,35.4853371138639,35.58540347902066,34.54951106614051,34.74409103393555,5174000
2022-09-30,34.47354272410499,34.768185578906795,33.61554708547638,34.445743560791016,6085500
2022-10-03,34.65329050436595,36.3062677582077,34.532836905556394,35.97270965576172,6747000
2022-10-04,36.28773647743287,36.867761557909276,36.276616814642786,36.671329498291016,6723000
2022-10-05,36.374833699690285,37.692400730028375,36.267351865563654,37.35698699951172,6050000
2022-10-06,37.523766983746846,37.71278358791751,36.91409061689752,37.07716369628906,5381000
2022-10-07,36.782523078839986,36.845526260945825,35.922675442885605,36.065364837646484,4893000
2022-10-10,36.14320661721325,36.44897273034804,35.56503339329913,36.252540588378906,3545500
2022-10-11,36.252528451353996,37.52562037758206,36.252528451353996,37.20317840576172,5757500
2022-10-12,37.249512297264566,37.925899719596494,36.96969329659176,37.7313232421875,8294000
2022-10-13,37.05307703205366,37.91477320997093,36.12095867364383,37.59974670410156,8364500
2022-10-14,37.9888998799411,37.9888998799411,36.743603570679255,36.81772994995117,5363500
2022-10-17,37.41628605889588,37.72019643289454,37.017865613251075,37.37922286987305,5811500
2022-10-18,37.988899407954634,38.21683130575729,37.2958326154424,37.588626861572266,7405500
2022-10-19,37.70352481388486,37.85362615181042,36.167289737018805,36.38039779663086,7037000
2022-10-20,36.76584435979786,36.87703039858531,34.70703110306427,35.122127532958984,12535500
2022-10-21,34.842306796392464,36.96227102948445,34.755208655172105,36.57497024536133,8804500
2022-10-24,36.947453558919754,38.96364403858731,36.947453558919754,38.51333999633789,9963500
2022-10-25,38.524459233989276,39.777167778033416,38.46886797059559,39.71045684814453,7551000
2022-10-26,39.914290604407505,40.84455693870242,39.45657113609012,40.019920349121094,5583000
2022-10-27,40.24598797330719,40.423884880464286,39.57886485148446,39.94948959350586,6148500
2022-10-28,39.96988588430823,41.52650463629978,39.96988588430823,41.35045623779297,4948000
2022-10-31,40.97427127565415,41.26335779043491,40.29417624264206,40.7259521484375,7798500
2022-11-01,40.98910412492852,41.31525390057448,40.381283238244855,40.866798400878906,5081500
2022-11-02,40.50543734107053,40.69074977690476,39.17119416523741,39.176753997802734,5452500
2022-11-03,38.94697002891627,39.654860842165476,38.730154211570714,39.158226013183594,6210000
2022-11-04,39.473253787963664,39.50846134932184,37.533038281855745,38.277992248535156,9345500
2022-11-07,38.13344183563905,38.99328946605681,37.23653454967423,38.728294372558594,9166000
2022-11-08,38.92842746410777,39.463977439232806,38.0055767275317,38.3873176574707,6190000
2022-11-09,38.148276948954795,38.563373451369394,37.58863538977721,37.69240951538086,5421000
2022-11-10,39.119305613145656,39.94394220984234,38.57263589231272,39.02479553222656,6268000
2022-11-11,39.49548420983849,39.74009561027844,38.450327693246095,38.73941421508789,6381500
2022-11-14,38.93398741028655,40.26823033728201,38.778326265651415,39.43062210083008,7998000
2022-11-15,40.03844856430496,40.301588017889706,39.27125539273162,40.06439208984375,5895500
2022-11-16,39.44360072009646,40.868649763745225,38.83392426307743,40.60179901123047,10372000
2022-11-17,40.090333346127366,40.39609580345015,39.12856378745265,39.81977844238281,5086000
2022-11-18,40.49721880272526,41.020184056645995,40.12500030216106,40.917823791503906,6028500
2022-11-21,40.26643992173603,41.22489769073827,40.234801103274656,41.02576446533203,4851500
2022-11-22,41.38495502412454,41.714367224267036,41.10206924891407,41.60270309448242,3444500
2022-11-23,41.73110811402037,42.32107098757651,41.569193923492655,42.01585388183594,4162000
2022-11-25,42.32480886381385,42.451360608784,41.55245665291918,41.692039489746094,2081500
2022-11-28,41.65294546897251,41.961886268817715,41.256532024700135,41.29375457763672,5019500
2022-11-29,41.200712018427616,41.277017206052896,40.6461079104913,40.7596321105957,3994000
2022-11-30,40.80802008188657,42.26338811331028,40.60888328883196,42.11822509765625,10044500
2022-12-01,42.48114057619399,42.76961012395403,41.53943029101266,41.805564880371094,5039500
2022-12-02,41.623175067068345,42.03075251919899,41.08718226636057,41.86325454711914,3594500
2022-12-05,41.291903413258815,41.574789196957504,40.90107362267745,41.12068176269531,4737500
2022-12-06,41.05368490730327,41.228626688016426,39.9444767042693,40.40974807739258,4408500
2022-12-07,40.318550435338025,41.217454250897404,40.253412734916225,40.44882583618164,3118000
2022-12-08,40.39485421588336,40.97551331076632,40.206884922632824,40.85454177856445,3661500
2022-12-09,40.54002516919804,41.11509703844784,40.23852811224431,40.63121795654297,4242000
2022-12-12,40.74473815943983,40.81918327228074,39.4717558377147,39.914695739746094,4718000
2022-12-13,41.00156396872765,41.07414546032678,39.25214307146674,39.86444091796875,5456500
2022-12-14,40.18083906739682,40.368808403798155,39.29682268250117,40.07289505004883,5154000
2022-12-15,39.68392125882309,39.966807015944084,39.18887118386135,39.83094787597656,4978000
2022-12-16,39.456869756560785,39.935168620818715,38.83712801224154,39.17770767211914,8066000
2022-12-19,39.36195887836219,39.65787222070512,39.101408035916336,39.354515075683594,4621500
2022-12-20,39.2856485403479,39.33775870200786,38.6305478438776,39.12001419067383,4626500
2022-12-21,39.62064178979106,40.08032934899634,39.192593047991295,39.873748779296875,3824000
2022-12-22,39.469891851896286,39.66902860424131,38.85945405638271,39.65041732788086,5289500
2022-12-23,39.73416881515147,40.40602067047511,39.50339323333996,40.39671325683594,3643000
2022-12-27,40.54002601868412,41.669701987479186,40.22736147721115,41.51895523071289,5287500
2022-12-28,41.6883109725064,41.94328159555063,40.8489610852577,40.92526626586914,3945500
2022-12-29,41.128120347710826,42.38435133948225,41.10578539600149,42.2429084777832,3989000
2022-12-30,41.85022417027774,42.08472344514365,41.50778444718788,41.86883544921875,3595000
2023-01-03,41.94700314088777,42.07727855134521,41.16534712840444,41.53570556640625,5517500
2023-01-04,41.783227826223836,41.935838188884716,40.953181795983774,41.2211799621582,4494500
2023-01-05,41.12998587617137,41.31609511628297,40.631215668483975,40.87501525878906,5644000
2023-01-06,41.079737883961855,41.8260349456464,40.96807375406549,41.24909591674805,4621500
2023-01-09,41.079738211970465,41.42217795616044,40.3259973422396,40.474884033203125,6121500
2023-01-10,40.54187814951928,41.2732839333208,39.907248875139395,41.2677001953125,5594000
2023-01-11,41.45195771770084,41.8278963552539,41.09649042381828,41.24165344238281,5055000
2023-01-12,41.522672382080806,41.8595283404074,41.02389866449029,41.08159255981445,5269000
2023-01-13,40.76893367229756,41.753446518354465,40.700072297055414,41.146732330322266,6859000
2023-01-17,41.21374036572241,41.74600952683515,40.73544143606338,40.75591278076172,6007500
2023-01-18,40.73729736653723,40.99598811820841,39.93517003005286,39.96308517456055,5397000
2023-01-19,40.00403116257733,40.16036165043706,38.45746685120857,38.4984130859375,5935000
2023-01-20,38.584020439138854,39.68950483303078,38.3811599866343,39.46803665161133,7202000
2023-01-23,40.3371568259147,40.41160193151171,39.55364090311752,40.1026611328125,6601000
2023-01-24,40.01333306465101,40.33902156504931,39.41778634978644,39.98727798461914,5082000
2023-01-25,39.72673010681333,39.86817299445973,39.12745967225646,39.79372787475586,7195000
2023-01-26,42.976182959374526,43.80250534409358,40.474884398753545,42.19453048706055,11542000
2023-01-27,42.65234405946244,42.70073408623911,41.362614245877225,41.99910354614258,6755500
2023-01-30,41.9916607610382,42.213128912709834,41.347724095132726,41.463111877441406,6488000
2023-01-31,41.62316674491278,42.442045161383035,41.62316674491278,42.430877685546875,6114000
2023-02-01,42.29316537384169,42.978044840816295,41.72367370996174,42.810546875,5866000
2023-02-02,43.197657405626884,43.4284294857772,42.54813681819299,42.97246551513672,5546500
2023-02-03,42.691435105547136,43.24045542315528,42.50532941123,42.53696823120117,4802000
2023-02-06,42.43087840775061,43.30745073131018,42.37690818985396,43.255340576171875,4961500
2023-02-07,43.0785348119857,43.42841829308519,42.05307938326806,43.31303405761719,4803000
2023-02-08,43.16228780717452,43.37259205783791,42.97059838460598,43.035736083984375,3666500
2023-02-09,43.03015124801101,43.66105688443302,43.03015124801101,43.50472640991211,4228500
2023-02-10,43.5735854842041,43.68152947032804,43.17159184243386,43.36328125,4748000
2023-02-13,43.549395528175495,44.269637473940676,43.320483540218085,44.13935852050781,5607500
2023-02-14,43.92161442676506,44.34221939828641,43.70572642738972,44.291969299316406,4254000
2023-02-15,44.22496910836581,44.60276776194477,44.014664859269836,44.59346389770508,3994500
2023-02-16,44.15425019063426,44.28266553284768,43.865780686405664,44.104000091552734,4117500
2023-02-17,43.71875387167319,44.509717263743795,43.575450926564784,44.47993850708008,5747000
2023-02-21,44.01838633189001,44.146801660348984,43.4470311233879,43.55683517456055,6088500
2023-02-22,43.6350038609115,43.92161329410645,43.23859391759671,43.32792663574219,4240000
2023-02-23,43.303727293763316,43.45633763449929,42.8756785742809,43.36328125,6179500
2023-02-24,43.1913044924675,43.25860330472671,42.84547595220483,43.095970153808594,4400000
2023-02-27,43.29598764605394,43.89978724242508,43.23803757466228,43.82314682006836,3378500
2023-02-28,43.93717814617472,44.14093935403487,43.58013251738792,43.604434967041016,3881000
2023-03-01,43.17260963386182,43.245516976009874,42.03417760227941,42.20241928100586,6612500
2023-03-02,42.06034881213731,42.80995595544743,41.81733503226494,42.71275329589844,3508500
2023-03-03,42.83613274651893,43.047367237476585,42.609940982426984,43.02493667602539,3081000
2023-03-06,43.02493397399702,43.35580880174876,42.64732257319849,42.75013732910156,3462000
2023-03-07,43.06231458381415,43.18756345462334,42.54637609165115,42.7202262878418,4427500
2023-03-08,42.73518365347225,42.98193764161902,42.413654000796186,42.70527267456055,3526500
2023-03-09,42.965114412790776,43.310946532027806,42.36879521319043,42.417396545410156,5327000
2023-03-10,42.417401354110645,43.04550349304117,42.24542300152878,42.47909164428711,5329000
2023-03-13,42.12391486482447,42.9968991572013,42.103352622994485,42.60807418823242,3994000
2023-03-14,42.966983779394944,43.081012032239485,42.394963496716024,42.929595947265625,3845500
2023-03-15,42.73892717102765,43.42310744002873,42.61180995768855,43.25860595703125,5704000
2023-03-16,43.17821976692674,44.15775889688148,43.17821976692674,43.98951721191406,5580000
2023-03-17,44.07925497388136,44.12972820207624,43.26608905213343,43.45115280151367,5550500
2023-03-20,43.55396291129021,43.912876871810106,43.208134337010634,43.404415130615234,5311500
2023-03-21,43.74276595819329,44.268053284765436,43.74276595819329,44.05494689941406,4612500
2023-03-22,43.808187899014364,43.944650275123905,42.763221896792004,42.77817916870117,4447500
2023-03-23,42.68845105339958,42.77818042549133,42.03230992254117,42.36131286621094,4606000
2023-03-24,42.40056525842222,42.824909633472956,41.991178154392856,42.473472595214844,4080500
2023-03-27,42.589383371293714,43.36890162306131,42.36692822718577,42.95203399658203,4698000
2023-03-28,43.088494671260364,43.19691797279393,42.79127099277241,42.9034309387207,4444500
2023-03-29,43.075402435099676,43.213736697455516,42.765093419503735,43.077274322509766,8097500
2023-03-30,43.16513454220701,43.359546998203044,43.00810991978714,43.067928314208984,4544000
2023-03-31,43.208134576289375,44.22692995199845,43.08101735753654,43.93717956542969,5183500
2023-04-03,44.04559951939447,45.241981680523224,44.04559951939447,45.174686431884766,5287000
2023-04-04,45.16347071197877,45.238246382023526,44.30730854366731,44.7877311706543,4124000
2023-04-05,44.40452170480681,44.65688428233908,43.477323931462536,43.84184646606445,5152000
2023-04-06,43.507229057507445,44.09607499244111,42.93520871834342,44.04747009277344,4932500
2023-04-10,43.81380075898661,44.82511923895383,43.81380075898661,44.593318939208984,5520500
2023-04-11,44.52975721301724,45.28871310035356,44.11476510698109,44.86437225341797,4690000
2023-04-12,45.04570100762727,45.04570100762727,43.39880364462195,43.48853302001953,5404000
2023-04-13,43.54461600247633,44.25870725075172,43.389459695942655,44.12785339355469,4202000
2023-04-14,44.118508834575735,44.6325791360849,44.07364414135488,44.481163024902344,3391500
2023-04-17,44.76155729387783,45.1036491861494,44.60453267627775,45.09617233276367,5258000
2023-04-18,45.31301533294895,45.860736737956856,45.137296799173356,45.83830261230469,5861500
2023-04-19,45.83644237147273,46.18040264628133,45.47939670955999,46.13927459716797,7190500
2023-04-20,45.93925100399807,46.81036685660615,45.8140021166037,46.54678726196289,6119500
2023-04-21,46.634647404748044,46.95243685665523,46.30377256774173,46.47014236450195,5303000
2023-04-24,46.17291281761971,46.900089324222606,46.066357862926225,46.72810745239258,4606000
2023-04-25,46.45518394390144,46.58977799076464,45.62519266982792,45.6812744140625,5965000
2023-04-26,45.61210944081183,45.93737572863899,45.354138396845514,45.460693359375,5234500
2023-04-27,45.238256254483176,45.313028375345446,43.0810247675163,44.69427490234375,10493000
2023-04-28,44.69613477520389,44.69613477520389,43.7577236210549,44.56528091430664,7063500
2023-05-01,44.71856403702357,44.98027173034035,44.33160746290527,44.6680908203125,5242000
2023-05-02,44.60266691040948,45.26628492929777,44.097941840198615,45.22889709472656,6135500
2023-05-03,45.0176660252544,45.95420888979079,44.948498882590876,45.483131408691406,3390500
2023-05-04,45.451344911932395,45.647629244542095,44.1147638081607,44.26991653442383,4268500
2023-05-05,44.30169436718054,45.24384558359947,44.30169436718054,44.92605972290039,4564000
2023-05-08,44.95783616817303,45.55603076528015,44.804551766486036,44.99522399902344,3334000
2023-05-09,44.89802227995185,45.25506789972399,44.70548170621619,45.18403244018555,3311500
2023-05-10,45.30554056921457,45.797180248268134,45.165337973921694,45.58781051635742,4866000
2023-05-11,45.63267857890992,45.881304485409274,44.6718332764322,45.20459747314453,3232500
2023-05-12,45.1971193448929,45.406489086385655,44.62323068305627,44.849422454833984,3620000
2023-05-15,44.694265164913254,44.791471396706804,43.15205084192897,43.281036376953125,6923500
2023-05-16,42.645455702211166,42.70714598405194,41.5182371238484,42.30336380004883,8267000
2023-05-17,42.28467473341355,42.35944683720421,41.80798875543499,42.04352569580078,6432500
2023-05-18,42.0435254112943,43.16326716249597,41.79116644289589,43.099708557128906,6924500
2023-05-19,42.890339087104515,43.011847756774536,41.856590147696146,41.91640853881836,6841500
2023-05-22,42.22485626221279,42.68284836072763,41.6210565882282,41.64535903930664,5780500
2023-05-23,41.20793383712776,41.589278382518025,40.768635645863824,40.85275650024414,6031000
2023-05-24,41.27896460889125,41.34251964889301,40.49383791248579,40.843406677246094,5583000
2023-05-25,40.819102236409684,40.819102236409684,39.72927151669122,39.9778938293457,7580500
2023-05-26,39.6416639896402,40.02109929971059,39.3373626463657,39.72806930541992,7812500
2023-05-30,39.7919316415111,40.49632997774686,39.5364704468058,40.45124816894531,9032500
2023-05-31,40.17512264823774,40.26340531369365,39.26222234837864,39.36928939819336,11753000
2023-06-01,39.622880762572954,39.634152111886856,38.58037051992867,38.755062103271484,9568000
2023-06-02,39.15140624988695,39.84829166860106,39.07626869467788,39.66984176635742,7711000
2023-06-05,39.3054266396339,39.63038971017892,38.601028287075906,38.98609924316406,7757000
2023-06-06,38.931631926524894,40.766823318009806,38.931631926524894,40.734893798828125,9845500
2023-06-07,40.73488380660571,41.112438096945915,40.54704355183259,40.913330078125,6489000
2023-06-08,40.860742666734126,41.523817561035834,40.84947131788192,41.22139358520508,5445000
2023-06-09,40.91709298680544,41.247688146297925,40.76118580861358,40.80250930786133,5378000
2023-06-12,40.80251078884525,41.25144795385155,40.312250123091296,41.227027893066406,6626000
2023-06-13,41.40172072868627,41.51818177917633,40.712348410683596,40.85322952270508,6453000
2023-06-14,40.97908208425047,41.3247069345469,40.82317489141651,40.95654296875,4723500
2023-06-15,40.93024352002467,41.512545176701416,40.712347500509594,41.45619201660156,7152500
2023-06-16,41.80557368746179,41.85441022495682,40.924606403976306,41.123714447021484,7793500
2023-06-20,40.84947447427919,41.00350431130935,40.362972065218784,40.76306915283203,9131000
2023-06-21,40.76681943762241,41.56513974455846,40.45500865223242,41.411109924316406,6882000
2023-06-22,41.52569381491627,41.62712520360825,41.00913572123465,41.257083892822266,5197000
2023-06-23,41.32282932345543,41.548234808134374,41.02604101656293,41.08051681518555,6623500
2023-06-26,41.232664088062215,41.41486869882725,41.04482380298672,41.148136138916016,4574000
2023-06-27,41.193215207536454,41.95208575271102,41.18757953360127,41.91263961791992,4704000
2023-06-28,41.136868808297116,41.140627119123,40.35545543902276,40.68605422973633,9356500
2023-06-29,40.6860428379503,40.87388308877906,40.38362250621682,40.84007263183594,6353000
2023-06-30,41.00725915283379,41.75298469381045,40.76870494048752,41.531333923339844,7875500
2023-07-03,41.61021801090645,41.64402847075457,40.798749060776125,41.5181770324707,4184000
2023-07-05,41.32657868321105,41.46558241622136,40.94150774604382,41.394203186035156,4830000
2023-07-06,41.0842669291524,41.501270970008825,40.95090245034939,41.114322662353516,5292000
2023-07-07,40.947150580066854,41.13499088091699,40.68417630853011,40.734893798828125,6349500
2023-07-10,40.71610556032663,41.56701713433962,40.71610556032663,41.56513977050781,6066000
2023-07-11,41.63464253889883,42.0535239787562,41.60082849266586,41.88446807861328,6819500
2023-07-12,42.24888055747069,42.33904418885729,41.45807321019907,41.471221923828125,4846500
2023-07-13,41.382939360413175,41.382939360413175,40.59401295760355,40.64097213745117,5661500
2023-07-14,40.79124499821528,41.02792185198077,40.30474257658621,40.37424087524414,6100500
2023-07-17,39.983524447763166,40.14131256128759,39.096921561243576,39.598453521728516,9947500
2023-07-18,39.43315982654029,40.22396350443624,39.43315982654029,39.859554290771484,7821500
2023-07-19,40.00982849436955,40.48694405844198,39.57028528833893,39.66420364379883,8132000
2023-07-20,39.5346061302793,40.47192327477521,39.5346061302793,40.27469253540039,9104000
2023-07-21,40.163860912180965,40.82130019104281,40.02486073396939,40.51512145996094,6770000
2023-07-24,40.680417401435584,40.82129852069699,40.160100958017246,40.3216438293457,6245000
2023-07-25,39.47823654831859,40.259649723674634,39.18144829766686,39.95722579956055,10794000
2023-07-26,40.165739342490525,40.46065031429354,39.810724057168954,40.29534912109375,7235000
2023-07-27,40.879521143108725,42.5005744693265,40.52262500402199,41.99904251098633,14795500
2023-07-28,42.320259059029524,42.47240794510662,41.82624004183033,42.074188232421875,7084000
2023-07-31,42.107998697910595,42.36721823791695,41.64403541823232,42.074188232421875,5756500
2023-08-01,41.858163932202864,42.58134659274694,41.858163932202864,42.11174774169922,4731000
2023-08-02,42.04600379193633,43.06972942085874,41.89009663091697,42.45173645019531,6171000
2023-08-03,42.626435972070695,43.35149612502234,42.29959193217783,42.6658821105957,5136500
2023-08-04,42.665886068820235,42.73726531411926,41.67972534869539,41.75862121582031,4309000
2023-08-07,41.75862503928465,41.98778887430426,41.70978490672384,41.85066604614258,3182500
2023-08-08,41.75673481061987,41.86192450936172,41.37166384225898,41.65718078613281,5923000
2023-08-09,41.68535487784573,42.250753081887495,41.58392349122106,42.106117248535156,3718000
2023-08-10,42.361574779750114,42.51935931154349,41.44867446551126,41.751094818115234,5266000
2023-08-11,41.985901900802226,42.07982384118559,41.67033277972777,41.798065185546875,4214000
2023-08-14,41.78115791435045,41.96336253658534,41.37542516600981,41.78303527832031,4154000
2023-08-15,41.53133152409044,41.83562928783138,41.435532222224644,41.70977783203125,2927000
2023-08-16,41.77176389077033,41.897615338199074,41.37542157939148,41.4900016784668,4156000
2023-08-17,41.65530660113365,41.89574175207277,41.022287413786515,41.13686752319336,5725500
2023-08-18,41.00725804512864,41.51818408803858,41.00725804512864,41.19697570800781,3462500
2023-08-21,41.202608457072344,41.3679096280803,40.44749616990885,40.50196838378906,6442000
2023-08-22,40.220211893890315,40.38738685492345,39.187092059584295,40.3855094909668,8691500
2023-08-23,40.07932697574661,40.63533118841882,39.88209629633245,40.30849075317383,7170000
2023-08-24,39.976015289563854,40.59213098065694,39.74685150843499,39.75248718261719,5811000
2023-08-25,40.113004295729,40.549037439783866,39.81665469753736,40.30742645263672,5944000
2023-08-28,40.460332269312374,41.46452544096751,40.294226237996504,41.33805847167969,8378000
2023-08-29,41.3795861785639,42.1836938648982,41.26444208811973,42.01570129394531,5030000
2023-08-30,42.13084515833432,42.15538465503006,41.75899041710491,42.083656311035156,5224500
2023-08-31,41.80428912891816,41.81750214903847,40.752907156249236,41.24367904663086,10897500
2023-09-01,41.360705293358485,41.64761501397989,41.030376225123256,41.62496566772461,7084000
2023-09-05,41.390906066020854,41.5343627321694,40.94732664860974,41.164398193359375,6146000
2023-09-06,40.939773572743526,41.10210649620998,40.28289569671387,40.72270202636719,5942500
2023-09-07,41.01905942972396,41.60987226868178,40.81708742784285,41.33805847167969,6125500
2023-09-08,41.31540691019652,41.53436501249425,40.92090285676778,41.034156799316406,4930500
2023-09-11,41.168172007232094,41.34371795180745,40.94166413059365,41.08889389038086,3660000
2023-09-12,41.08888909859182,41.273871349672056,40.8850305932801,40.979408264160156,3658500
2023-09-13,40.988856711119496,41.209704971227,40.54716379118262,40.75102233886719,5116000
2023-09-14,40.75290838735065,40.78311112008574,40.348964388374384,40.75857162475586,5265500
2023-09-15,40.48675363563055,40.54904564035492,40.06393702282105,40.1753044128418,8621500
2023-09-18,40.152654000498735,40.16964371202644,39.422161209809886,39.542964935302734,4806000
2023-09-19,39.310793779326346,39.722287544405404,39.057856253926026,39.667545318603516,4060000
2023-09-20,39.552400613240756,39.56183694066784,39.13902034660594,39.1767692565918,4889000
2023-09-21,38.97857399945917,39.07861491146213,38.39342449116644,38.618045806884766,6288000
2023-09-22,38.62560163689879,39.10127398023728,38.62560163689879,38.70487976074219,3770500
2023-09-25,38.69543233681956,39.250382644882386,38.64258026941139,38.95025634765625,4122500
2023-09-26,38.738848241131535,39.18242758013531,38.29904199251447,38.323577880859375,4282500
2023-09-27,38.14992626686999,38.71997620139623,37.91775157284953,38.31980895996094,5952000
2023-09-28,38.7426302022472,38.80680875628689,38.26318479313061,38.39720153808594,3547000
2023-09-29,38.89552549887099,38.95781390491648,38.155592807184036,38.327362060546875,6715500
2023-10-02,38.472705785846195,38.69355402897572,37.77241214332773,38.41230392456055,6137500
2023-10-03,38.2141064151035,38.54820857881734,37.955505673552004,38.417964935302734,4654000
2023-10-04,38.43684661893558,39.07484830742986,38.39154431912957,38.88608932495117,4976000
2023-10-05,38.3179242064811,38.79170998846497,38.15181818109002,38.72753143310547,5877500
2023-10-06,38.64635966030524,38.95214561445307,38.095182404102125,38.595394134521484,4280500
2023-10-09,38.529337435502434,38.77849828217022,37.817717265722145,38.48780822753906,5109000
2023-10-10,38.408534208217866,38.82946436835042,38.246201251306786,38.70111083984375,5149500
2023-10-11,38.759619195106616,38.85022378733251,38.26507062932272,38.5651969909668,4443500
2023-10-12,38.45383347340332,38.45383347340332,36.768222819881814,37.138187408447266,8066500
2023-10-13,36.7078185422257,38.0140245919593,36.7078185422257,37.89133071899414,8251000
2023-10-16,38.127269153874025,39.037084375144325,37.978152877575496,38.8218994140625,5473500
2023-10-17,38.759617512007644,39.50332327370127,38.759617512007644,39.15034484863281,6886500
2023-10-18,39.140909017211804,39.492000901224515,38.702989235100944,39.14279556274414,5482500
2023-10-19,38.95592844657735,39.06163260544305,38.09707855551567,38.15559387207031,4439500
2023-10-20,38.246188509021195,38.246188509021195,36.72479773199752,36.85881805419922,11062500
2023-10-23,36.80031089579034,37.664824071722485,36.53982357546816,37.40622329711914,7594500
2023-10-24,37.50060221374071,37.9007694977688,37.296743680388886,37.4156608581543,5312500
2023-10-25,37.260881202761,37.61952291553043,37.015497041568146,37.38734817504883,8721000
2023-10-26,35.341206577065364,36.63042649885772,34.92027648321641,35.63566970825195,17250000
2023-10-27,35.5035471291215,36.30576842906189,35.297802002393915,35.4506950378418,9921500
2023-10-30,35.799888012180624,36.22837147507559,35.12036077809737,36.088687896728516,6735000
2023-10-31,36.00752460890702,36.47564354805323,35.90559353974919,36.3472900390625,4560500
2023-11-01,36.19439368133615,36.30576107974283,35.50165339653921,35.96977233886719,5211000
2023-11-02,36.3038708820844,37.098542156791694,36.126438400800446,36.83805847167969,5315500
2023-11-03,37.281643333900135,37.81771754745859,37.08533456837952,37.615745544433594,6534000
2023-11-06,37.58365849062512,37.78940719759408,37.317511514108475,37.610084533691406,4553500
2023-11-07,37.73278310473029,37.751659366446965,37.29863988608305,37.5987663269043,3743500
2023-11-08,37.69879794420001,38.39909159938403,37.330719932512274,37.65727233886719,4562000
2023-11-09,37.562892646168436,37.657273935396134,36.61532826415752,36.822959899902344,6985500
2023-11-10,36.95320538209823,37.59876047126611,36.54360172750231,37.47606658935547,6481000
2023-11-13,37.308064449224915,37.62706705114417,37.004165012082495,37.0154914855957,7931000
2023-11-14,37.51381012266084,39.20508362101889,37.51381012266084,39.02198791503906,8477000
2023-11-15,39.089947746356906,39.841206982053315,38.88420265229631,39.16733932495117,7271500
2023-11-16,39.02387687946304,39.12203124751332,38.0838624010092,38.329246520996094,5511000
2023-11-17,38.697331700051755,38.697331700051755,38.20467322269084,38.24431228637695,4932000
2023-11-20,38.134826720353374,38.25563404259754,37.55345385800832,37.88566589355469,4739000
2023-11-21,37.751645154537734,37.751645154537734,36.56812955242535,37.27031326293945,6051000
2023-11-22,37.48361369293056,37.84791862074996,37.37413283996322,37.45718765258789,4768000
2023-11-24,37.69436378198039,37.92774988582964,37.47995604199087,37.605186462402344,2846500
2023-11-27,37.5729243688388,37.82338517373663,37.46287231242551,37.52738571166992,6237000
2023-11-28,37.44960176876596,38.18770245087106,37.37939918265835,37.933448791503906,4236500
2023-11-29,38.06056770734258,38.96754092346072,37.97138677285639,37.98466873168945,4206000
2023-11-30,38.01123783472627,38.57097651745233,37.55205842266583,38.51974868774414,7132500
2023-12-01,38.593746906244256,39.89158974177669,38.52354071414722,39.85933303833008,6708000
2023-12-04,39.73980011255635,40.963644123502,39.65820834038893,40.227439880371094,6823000
2023-12-05,39.360308892981834,39.508310455361766,38.988414026857335,39.31287384033203,4827000
2023-12-06,39.470362930764885,40.06995114614825,39.20092733066181,39.74359130859375,6280000
2023-12-07,39.62025952267812,39.84984923436432,39.276824959078844,39.66579818725586,5467000
2023-12-08,39.878313793316515,40.371646362942265,39.789132843452464,40.238826751708984,5857500
2023-12-11,40.33937876416968,41.10593952437427,40.31091846060686,40.99778747558594,6172500
2023-12-12,41.049021371383525,41.10404559331116,40.716968794029995,40.851688385009766,4694000
2023-12-13,40.95035530057631,41.95789137463525,40.59932797640517,41.83076095581055,5614500
2023-12-14,42.293741262265364,42.85537997440289,41.900971632002516,42.52143096923828,9280500
2023-12-15,42.047066482073674,42.047066482073674,41.01296654532016,41.231170654296875,14331000
2023-12-18,41.3355392058953,41.39815623176751,40.56897826010611,40.93708038330078,6381000
2023-12-19,41.05472035819279,41.329848771770955,40.901029606312754,41.01108169555664,4893000
2023-12-20,40.58984546127306,40.77010010844162,39.7720531406879,39.8043098449707,8418500
2023-12-21,40.274872928791176,40.57087244624553,40.02251568818313,40.168617248535156,4564500
2023-12-22,40.356463048198215,40.8554883872474,40.09841300939698,40.21036148071289,5024500
2023-12-26,40.13066729352694,40.333693088411074,39.96369460063457,39.98456573486328,4248500
2023-12-27,39.984564120396236,40.56517755396351,39.656307914331244,40.34697341918945,4146500
2023-12-28,40.44752667082981,41.320346621013805,40.354552977587915,40.96552658081055,6384500
2023-12-29,41.06989256402893,41.17614823083958,40.6467662853902,40.80045700073242,5352000
2024-01-02,40.464618087215484,41.678972894434885,40.36595157817577,41.09266662597656,6647000
2024-01-03,41.075591803807086,41.075591803807086,40.18000404959308,40.348873138427734,5912500
2024-01-04,40.34887009134197,40.980714977970855,40.34887009134197,40.8023567199707,6250000
2024-01-05,40.55000552413783,41.66569390178721,40.53292716558142,41.53667068481445,7144500
2024-01-08,41.40194042309948,42.44742594693909,41.329837848384265,42.413272857666016,6451500
2024-01-09,42.27855475026713,42.60301453831412,41.703634140032605,41.899070739746094,6739000
2024-01-10,41.88199179345294,42.00911859137108,41.587888703726584,41.74917221069336,6102000
2024-01-11,41.75487072639418,42.08691972886688,41.58220524510838,42.0451774597168,4562500
2024-01-12,42.01481255307539,42.50624864211347,41.69035276052263,42.42086410522461,5081000
2024-01-16,42.11917992247554,42.56887021422282,41.92753967959879,42.55369186401367,8185000
2024-01-17,41.89148072000893,43.195016362464166,41.89148072000893,43.17224884033203,11566000
2024-01-18,43.2955808858193,43.80409171407949,42.95404273605971,43.68834686279297,7105000
2024-01-19,43.74716729717076,44.30880595798307,43.43598946257794,43.842041015625,8425500
2024-01-22,43.96537837115966,44.28794182677095,43.724406688223446,44.11527633666992,7930500
2024-01-23,43.89896088643692,44.0450624294211,42.9635273907398,43.33732223510742,8212500
2024-01-24,43.528968584644815,43.54604694180838,42.88004891743368,42.887638092041016,6649000
2024-01-25,42.88193997821635,43.02993791232735,42.434146160457715,42.94455337524414,7256500
2024-01-26,43.153273943944896,43.27281157760887,42.70927650189834,43.18932342529297,5392000
2024-01-29,42.95594247227341,43.70163222719352,42.709278022148,42.94645690917969,10098500
2024-01-30,42.625788720604056,43.55363310972375,42.451223240435446,43.221580505371094,6416500
2024-01-31,43.22537602644179,43.31645335172309,42.55368527632024,42.61629867553711,10741500
2024-02-01,42.74722004893258,44.667422114409675,42.077429335253136,44.57065200805664,15048000
2024-02-02,44.413172563876145,44.506146289951964,42.9806135600352,44.19876480102539,9582000
2024-02-05,43.95019351446085,44.375216196398895,43.39804041042539,43.82306671142578,6563000
2024-02-06,44.126660073653206,44.58963229264712,43.716815695558175,44.360042572021484,4939000
2024-02-07,44.60101711093855,44.98809033979128,44.280350063025466,44.295528411865234,4642500
2024-02-08,44.369531804802314,44.59152873206886,43.733890483103714,43.9881477355957,5961000
2024-02-09,43.98814963867836,44.62568375776967,43.89327590495913,44.60481262207031,4962500
2024-02-12,44.779371805061366,45.052600157698656,44.48716508929401,44.819217681884766,6195000
2024-02-13,44.031783690645675,44.57634764610475,43.70163109379506,44.2708625793457,5685500
2024-02-14,44.61239954590473,44.752811940911684,43.81927471497108,44.6826057434082,5254000
2024-02-15,44.91598684516762,45.373266224664356,44.82870230048169,45.09434509277344,3495500
2024-02-16,44.89132734716022,45.291686186335525,44.733840203697596,44.872352600097656,3486500
2024-02-20,44.62947250336683,45.056395184253525,44.58014106554063,44.85906219482422,3798500
2024-02-21,44.93305985307458,44.93305985307458,44.36572842974614,44.66172790527344,2758000
2024-02-22,44.65603687572424,45.54023894084779,44.49096058664001,45.48331832885742,4853000
2024-02-23,45.73684370250023,46.41925519399704,45.58625834244901,46.33347702026367,5319000
2024-02-26,46.259135401656515,47.038763100898635,46.19432458169938,46.264854431152344,7362000
2024-02-27,46.41353457285685,48.163404757046735,46.396377485743734,47.88319778442383,8315500
2024-02-28,47.65445578458589,48.3254291549922,47.65255065344948,48.150062561035156,4347500
2024-02-29,48.50842080742002,48.731444753172475,47.90988244718654,48.47792053222656,6845500
2024-03-01,48.58658256581586,48.58658256581586,47.70211443720134,48.11575698852539,4499000
2024-03-04,47.61061328633112,48.294933495846486,47.320877010608626,48.27587127685547,4577500
2024-03-05,48.14624880065845,48.14624880065845,47.200783842555865,47.24653244018555,4821500
2024-03-06,47.43525178422111,47.826018226146104,47.23510391693568,47.780269622802734,3554000
2024-03-07,47.84317006672739,48.045223043224524,47.08260461874071,47.480995178222656,4306000
2024-03-08,47.78216667790826,47.9670661914093,47.362808793179774,47.74785614013672,2498500
2024-03-11,47.70401202451013,47.74404522640122,46.91866902135992,47.442867279052734,3068000
2024-03-12,47.54389758622283,48.09669103261191,47.294190878352424,47.59346008300781,2908000
2024-03-13,47.686863651893866,48.836290406305906,47.61442867176395,48.354026794433594,6116000
2024-03-14,48.81913662795061,48.86869549363827,47.60490260751401,48.39215087890625,9044500
2024-03-15,48.1786602139853,49.488205349463996,48.075728583298556,49.01737976074219,7290000
2024-03-18,49.28423571323408,49.32045501813848,48.43026798032397,48.744789123535156,3952000
2024-03-19,48.71429124388103,49.29949009413859,48.643761397424235,48.868690490722656,4153500
2024-03-20,49.02119100155252,49.07647253437785,48.2320339408882,48.99259948730469,4358500
2024-03-21,48.79816407736407,51.08938970102574,48.79816407736407,50.73674774169922,5640500
2024-03-22,50.582347435639754,50.70625004658987,49.88087374358618,50.126773834228516,6169500
2024-03-25,50.02956076823736,50.319300710617384,49.27852453000215,49.309024810791016,3813000
2024-03-26,49.310930396193626,49.51679729510995,49.00213186569262,49.19084167480469,3226000
2024-03-27,49.48248131728143,49.73028652992397,49.183212112371585,49.644508361816406,4080500
2024-03-28,49.89803713625766,50.2830845723068,49.45770816502518,49.88850784301758,3235000
2024-04-01,49.88278495285137,50.13630558093766,49.07075180038917,49.22515106201172,4469000
2024-04-02,49.17939748695916,49.33761063103441,48.47220843800991,48.967811584472656,4338500
2024-04-03,48.979255488791416,49.20418460772695,48.014728188458314,48.06238555908203,4334000
2024-04-04,48.704759686716685,48.771475631986,47.85841611159008,48.132904052734375,4682000
2024-04-05,48.132907247276506,48.47411479208212,47.784079177644436,48.12909698486328,6142500
2024-04-08,47.91942129679833,48.45696284961717,47.54771707022942,47.5724983215332,5068000
2024-04-09,47.89845123591612,48.36165264438151,47.2941937604798,48.26253128051758,3951500
2024-04-10,47.45431030281055,48.39977530522893,47.0254194522709,48.28349685668945,4538000
2024-04-11,48.55798457280862,48.55798457280862,47.03685375025046,47.690670013427734,5393500
2024-04-12,47.23319452288188,47.38568865342009,46.545063986231995,46.68040466308594,4959500
2024-04-15,47.33612718688545,47.418091459587615,46.03802019941286,46.12379837036133,4722500
2024-04-16,46.221013504171324,47.00064124629016,46.221013504171324,46.67087173461914,5517500
2024-04-17,46.867211949398374,47.343756588364094,46.77380960736477,47.156951904296875,6100000
2024-04-18,47.60108584661421,47.68305011929251,46.912955347977054,47.149322509765625,4133500
2024-04-19,47.29418697121201,48.29683488947115,47.29418697121201,48.186275482177734,6424000
2024-04-22,48.706667693170985,48.83057029987697,48.16912620137626,48.298744201660156,5352500
2024-04-23,48.607552000510296,49.49202016702349,48.49508743934471,48.79054641723633,5048000
2024-04-24,48.23203026753836,49.24230611106746,47.826015526003836,49.20418167114258,6607500
2024-04-25,49.19846657838274,50.71197351563984,47.89464044174419,50.563289642333984,11477500
2024-04-26,50.448919439014745,52.355097939553175,50.32883071702838,52.210227966308594,7997500
2024-04-29,52.11110556652316,53.02226009337338,51.80611730332792,52.96888732910156,5331000
2024-04-30,52.86785900869521,53.25481153633237,51.91476981011479,52.05392074584961,4837500
2024-05-01,52.145419485271596,52.3417534518283,50.97502530412366,51.689842224121094,7468000
2024-05-02,51.73558745689841,51.73558745689841,50.73674969247375,50.83777618408203,6347000
2024-05-03,51.07415002600076,51.81946363967675,50.79393936081889,51.50685119628906,5675500
2024-05-06,51.55069148416023,51.68602852605655,51.028398265978005,51.37913513183594,3408500
2024-05-07,51.480161976856664,52.019612288200356,51.148487329663496,51.491600036621094,3204500
2024-05-08,51.085581780203896,51.28382451652528,50.72722074971837,50.828250885009766,4167500
2024-05-09,50.83587262831294,51.552594655193516,50.70434585414928,51.409629821777344,3051500
2024-05-10,51.42488520656498,51.886177876780415,51.15801774211923,51.739402770996094,4657500
2024-05-13,51.96242017066073,52.191159527457216,51.46871851445142,51.7851448059082,3967500
2024-05-14,51.96433042541775,52.62386945284502,51.70699589683913,52.32460021972656,4734500
2024-05-15,52.16639020493168,52.682964424613544,52.11682770044341,52.6029052734375,3018500
2024-05-16,52.307441959887576,53.09850774882812,52.307441959887576,52.65055465698242,3965500
2024-05-17,52.785890313976175,54.54529358831491,52.229286579304045,54.45379638671875,10907000
2024-05-20,54.58531950064328,54.87696453884011,53.636044278144,54.14308547973633,5299500
2024-05-21,54.41376920995286,54.856003279963545,53.86669837906942,54.45570755004883,9284000
2024-05-22,54.308922236495846,54.67109711666403,53.637948869431064,53.89909362792969,3628000
2024-05-23,54.021094034020955,54.44617098618834,53.43017977114152,53.994407653808594,4554500
2024-05-24,54.14366992887236,54.16663157916118,53.617424381480724,53.96379089355469,3950000
2024-05-28,53.85470900689928,54.011626380242674,53.51217493692911,53.93699645996094,5393000
2024-05-29,53.63847554905171,53.84131622870493,53.211737798610585,53.77625274658203,3758500
2024-05-30,54.05947134110179,54.346512051866874,53.68057672691093,53.73415756225586,3651000
2024-05-31,53.89107256202594,54.63737910690973,53.35717314075571,54.59336471557617,6606000
2024-06-03,53.66144719459842,53.833672373513494,50.26479043252222,51.20054626464844,9901500
2024-06-04,50.79294134841249,52.33339775554475,50.781462347245736,51.611968994140625,5895000
2024-06-05,51.65789473532687,51.77462285224006,51.208195294138655,51.73826599121094,5513000
2024-06-06,51.53541605353504,51.7956663276834,51.319180169467806,51.62152862548828,3417000
2024-06-07,51.54307632339109,52.207099123863436,51.38998769316259,51.845428466796875,4773000
2024-06-10,51.837770584792985,52.41376454977183,51.543072348139056,52.36018371582031,3164000
2024-06-11,52.24153820832585,53.39927473681919,51.93536097845403,53.25575256347656,5581000
2024-06-12,53.581066748345606,53.74372180615553,52.88642482578009,53.5638427734375,4295000
2024-06-13,53.75138151952533,54.02119825458575,53.102666520482686,53.86428451538086,5420500
2024-06-14,53.71693138303842,54.01162961526693,53.154332634995875,53.62890625,4658000
2024-06-17,53.39544446926877,55.50806948595014,53.34951752108696,55.40856170654297,4498500
2024-06-18,55.39708208149606,55.56739467571537,54.847878531451485,55.490848541259766,5102500
2024-06-20,55.48320045196846,55.48702921905931,53.569590689785,53.62508773803711,8794500
2024-06-21,53.36865496722215,54.46898188429927,53.36865496722215,53.87958908081055,8777500
2024-06-24,53.72650045225089,54.61632915713129,52.69314957564638,53.07778549194336,6208500
2024-06-25,52.75821506594703,52.75821506594703,50.21502705163496,50.6264533996582,13781500
2024-06-26,50.62454021657086,51.63875458637899,50.19015222351656,51.09337615966797,7274000
2024-06-27,50.936464599428476,51.46461911150186,50.71065858957428,51.19862747192383,10605500
2024-06-28,52.08653780703672,52.924698259977355,51.38232943791027,51.667457580566406,8505000
2024-07-01,51.868388951768495,52.365927901296146,51.032141004865515,51.2349853515625,5070500
2024-07-02,51.187143628477344,51.31535438976517,50.77954239421148,50.90775680541992,3718500
2024-07-03,50.62263150370219,50.67621234127829,49.50316794020562,50.06959915161133,3832500
2024-07-05,50.10786817181739,50.37577600748249,49.81317356749863,50.23799514770508,5409000
2024-07-08,50.42552365846097,50.59774880560883,49.16062912099904,49.92989730834961,6263000
2024-07-09,49.7844712687333,49.87440896806394,49.026682004513994,49.229522705078125,4339500
2024-07-10,49.35964846752076,49.635206534125075,49.02859335596475,49.610328674316406,4669000
2024-07-11,49.7308925419149,50.55565788849385,49.61033200164881,50.29349136352539,5732000
2024-07-12,50.55756868920454,52.09611253136148,50.53651959557916,51.87221908569336,4743000
2024-07-15,51.887523453868404,52.62043481527103,51.14887076732217,51.82820129394531,6095000
2024-07-16,51.920056703629534,54.1991657560893,51.828202798506595,54.18768310546875,5980000
2024-07-17,53.692055345614875,54.19533191839678,53.309331993386124,53.35525894165039,4831000
2024-07-18,53.29402434738773,53.29402434738773,51.479922661581924,51.65406036376953,6645500
2024-07-19,51.621533465664655,51.971725111098834,51.0378819399146,51.370849609375,3967500
2024-07-22,51.447396112710855,51.96407159654657,50.327932564400136,51.87413024902344,5528000
2024-07-23,52.0138214632282,52.07888494805218,51.38041789019619,51.73634719848633,4008000
2024-07-24,51.56030083201424,51.69234037006119,50.23034265881806,50.236083984375,6554500
2024-07-25,49.084082762455495,51.223498233897004,48.35117143625726,49.26396179199219,11680500
2024-07-26,49.65051622653872,51.05893309914493,49.64286234243643,50.236083984375,4857000
2024-07-29,50.30879576621989,50.78336937709925,49.83421850542005,50.72595977783203,3598000
2024-07-30,50.5728749925911,50.72787982737394,49.7844702091753,50.08681869506836,5968500
2024-07-31,50.230341646178395,50.98813090584145,49.78255476097335,50.3891716003418,2863000
2024-08-01,50.5518203743138,50.691513776245316,48.81617739552741,49.03815460205078,3743000
2024-08-02,48.43729160251431,48.45068681266561,47.52449745376836,48.37031555175781,4402000
2024-08-05,47.859375998178734,49.52613049590645,47.363749628159916,49.01710891723633,6070500
2024-08-06,49.60458655872794,50.203545799469026,49.05155061670962,49.75767517089844,3682500
2024-08-07,49.947124756970794,50.26095589029795,48.13302291076945,48.21339416503906,4040000
2024-08-08,48.573148872419424,50.128912871724,48.24209378623698,49.92989730834961,3619500
2024-08-09,49.92989407016334,50.452310802620076,49.29649056334923,49.85335159301758,3109500
2024-08-12,49.89353944964565,50.773801700733245,49.59501611057286,50.180580139160156,3882500
2024-08-13,49.98922145177267,50.90201549790579,49.27353406844086,49.818912506103516,3848000
2024-08-14,49.95477755190536,50.590097338384226,49.44958473612431,50.19206619262695,2810000
2024-08-15,50.907752980372535,51.520107415040314,50.01218297720676,50.32792663574219,3102000
2024-08-16,50.58818841122436,50.65516445979681,50.19781112102999,50.4197883605957,5094000
2024-08-19,50.30113543462986,50.7259569557798,50.086812115828536,50.50780487060547,3072000
2024-08-20,50.415955000358025,50.77188427887334,50.35089152097685,50.40447235107422,2621500
2024-08-21,50.1537933091241,51.50862925641127,49.76724481228309,51.210105895996094,3056000
2024-08-22,51.233068569453394,51.25794277743858,50.676207503586255,50.76423263549805,1990500
2024-08-23,51.229236839697556,51.56985834777268,50.846513501466454,51.510536193847656,2554000
2024-08-26,51.800682234685794,52.75949262235595,51.583559068998426,52.42131423950195,4121000
2024-08-27,52.123490349274185,52.536601221348135,51.823742075961704,52.444374084472656,3088500
2024-08-28,52.31563669160488,52.94395769174847,52.31179587915905,52.505863189697266,3148500
2024-08-29,52.886314350376765,53.3589945052778,52.47319977452288,52.59233093261719,2862000
2024-08-30,52.45590344819966,52.46166833178111,51.064767040456765,51.40870666503906,6812000
2024-09-03,51.2645918984546,51.74495725932483,51.01095904655347,51.562416076660156,5317000
2024-09-04,51.639283037516385,52.550057669141,51.36067021225024,52.39441680908203,4919000
2024-09-05,52.367520200820884,52.367520200820884,51.360673878561904,52.03510665893555,3414000
2024-09-06,52.198425430353375,52.65957576485735,51.69115969590929,51.992828369140625,4937500
2024-09-09,52.10235178269912,53.011205972745906,52.10235178269912,52.415550231933594,5491500
2024-09-10,52.29257887402632,52.45974583162627,51.514385589745515,52.02741622924805,3206000
2024-09-11,52.02741035094487,53.15146719012699,51.32415696479116,53.08037185668945,3407000
2024-09-12,53.178369930054316,53.81437248820682,52.88438655337955,53.70292663574219,2504500
2024-09-13,54.1256549762417,55.01529046859431,53.99499405810392,54.36967849731445,2703000
2024-09-16,54.61754390651156,55.161319351051944,54.204429373915,54.452301025390625,3185500
2024-09-17,54.16407609103279,54.46574841675301,53.13993896902576,53.17644500732422,3515000
2024-09-18,53.3263281638781,53.743283543631705,52.7921620347593,52.934349060058594,2091500
2024-09-19,53.75480771913898,53.75480771913898,52.48279891896729,52.64228057861328,3919000
2024-09-20,52.64228115388428,52.980459532058994,52.11580036367361,52.81905746459961,4168000
2024-09-23,52.986229373742354,53.63184136889484,52.43669266456646,53.1956672668457,4177000
2024-09-24,53.195664871243274,53.57995866804859,52.75372957034524,53.33401107788086,3096500
2024-09-25,53.514622833798555,54.05647417424356,53.14378291208377,53.96616744995117,3126500
2024-09-26,54.2255692027005,54.836591852316744,53.98730690837487,54.81545639038086,3830500
2024-09-27,55.190139318992614,55.69356423915491,54.97685696951411,54.9807014465332,3567500
2024-09-30,55.13825842428575,56.014447344796885,55.13825842428575,55.90108108520508,4362000
2024-10-01,55.75120775370724,57.03474637395442,55.44953907086505,56.710018157958984,7800500
2024-10-02,56.710015800353375,57.328727384050616,56.49288897504051,57.27300262451172,5482000
2024-10-03,56.74460540711831,57.255715649421866,55.653217315775294,56.077857971191406,7218000
2024-10-04,56.51210635570148,57.163483193547094,56.239258424519114,56.67735290527344,3859000
2024-10-07,56.48136783181643,56.68888531529857,55.96449269688149,56.464073181152344,3646000
2024-10-08,56.464073004058605,58.44317987805155,56.36415690751781,58.354793548583984,4827000
2024-10-09,58.3298089543735,58.79480376365547,57.35562800705024,57.82830810546875,5552000
2024-10-10,57.6995675090572,57.876343818502306,56.84067689484935,57.13273620605469,4080500
2024-10-11,57.50166244694221,58.42396315881502,57.24226468455975,58.2913818359375,2661000
2024-10-14,58.331731526292224,58.86974209969315,57.935911634336314,58.36247634887695,2892000
2024-10-15,58.137661160441574,59.111842092584645,57.732231929406616,57.80140686035156,4017000
2024-10-16,57.58044122527346,58.37208471023621,57.395983276032645,58.181861877441406,4018500
2024-10-17,58.53156803503335,58.54693861501266,57.29222431798922,57.321048736572266,3849000
2024-10-18,57.54777661568305,57.66114287985477,57.125052716461404,57.18653869628906,4117000
2024-10-21,57.128902244012714,57.3517903149286,56.170091761532255,56.60626220703125,6194500
2024-10-22,56.11051888197083,56.237335313468776,55.46298655242675,55.99907302856445,4650500
2024-10-23,55.81653647516922,56.40834772076834,55.62054877394801,56.12397003173828,5576000
2024-10-24,54.477279590318936,55.2689230547311,52.54429182897186,52.703773498535156,11095000
2024-10-25,53.47619653410065,53.60493704125966,52.17152613202701,52.41170883178711,4129000
2024-10-28,52.90552609777129,52.90552609777129,51.812213944351086,51.87754440307617,4394500
2024-10-29,51.51246169412947,52.50201319984269,51.33952986489261,51.64888381958008,5293000
2024-10-30,51.402941543906245,52.11964515656681,51.2953365000508,51.483642578125,5507000
2024-10-31,51.289575372449384,51.7430404216593,50.9782973364147,51.016727447509766,5783000
2024-11-01,51.29341751092579,52.09274625086553,51.18966060616277,51.220401763916016,5469500
2024-11-04,51.52207038637212,52.71337820542934,51.17813077880838,51.94863510131836,4962000
2024-11-05,51.98514560488631,53.143788212974734,51.98514560488631,53.07269287109375,5259500
2024-11-06,53.23409702963044,55.595573669345626,53.23409702963044,55.52063751220703,12038500
2024-11-07,55.805007775828734,56.25270794695274,55.10943961566069,55.58596420288086,6264500
2024-11-08,55.91260531927213,56.52939276751794,55.29389380027997,55.4456901550293,6009500
2024-11-11,55.5532980014866,55.5532980014866,53.77978833281629,54.10259246826172,4271500
2024-11-12,54.00844889314068,54.33894202937175,53.568433956879346,53.645294189453125,4191000
2024-11-13,53.54921547213001,53.8777881809907,53.22641131173059,53.56074523925781,2853000
2024-11-14,53.660660378347025,54.21019706966379,53.16107990219665,53.23986053466797,3558000
2024-11-15,53.0707710664418,53.63183750246595,52.765257909386925,52.967010498046875,4994000
2024-11-18,52.7498883374802,53.395500343266434,52.621151483538334,53.189903259277344,3266500
2024-11-19,52.81521667918661,53.12649473454217,52.28489503976687,52.42708206176758,5137500
2024-11-20,52.07160625993883,52.22532303002771,51.46634487432149,51.879459381103516,4822000
2024-11-21,52.35022516540646,52.84788157167965,51.983226013276024,52.57695770263672,4316500
2024-11-22,52.73643703978791,54.4695963425022,52.73643703978791,54.12949752807617,4001500
2024-11-25,54.8933760559388,55.59167084517861,54.725553807258166,55.167293548583984,8781000
2024-11-26,54.94159986500493,55.36983670674634,54.002180864316315,54.0484733581543,3936500
2024-11-27,54.27609336593628,55.31389216932018,54.23944422271674,54.3899040222168,3653500
2024-11-29,54.79692636334914,55.35826426845114,54.503718480087976,54.71976852416992,3819500
2024-12-02,54.773776891157546,56.09513654297018,54.102487908979384,55.99290084838867,5956000
2024-12-03,55.60517747391057,55.85401712284177,54.55773521976059,54.97246551513672,6112500
2024-12-04,54.976329020503165,55.49908621809345,54.53072966972434,55.1422233581543,4920500
2024-12-05,55.319684759306654,55.90417260485487,53.772631600498464,54.48828887939453,5766000
2024-12-06,55.08820137241593,55.58780854625604,54.36096921128688,54.48635482788086,5348000
2024-12-09,54.486358412226735,54.95510395570423,53.815069406570956,54.73133850097656,7367000
2024-12-10,54.78342286341742,55.57431002244608,54.47092828324391,54.92038345336914,3844000
2024-12-11,55.192364997534405,55.72669705911499,54.93580996232071,55.070838928222656,4081000
2024-12-12,55.045766816958036,55.414204610647246,54.58666828495213,55.02840805053711,3603000
2024-12-13,55.21551702593,55.40262965131103,54.72555318273812,55.06312561035156,3838000
2024-12-16,55.30424910486095,55.433490592714385,53.303881387533174,53.34053421020508,5853500
2024-12-17,53.44470003549739,53.67232135858964,52.675031199642646,53.08783721923828,6116000
2024-12-18,53.23251282100636,53.23251282100636,51.139552689003686,51.15498352050781,7128000
2024-12-19,51.12412494550562,51.46748488242555,50.61294274823479,50.93122482299805,7494000
2024-12-20,50.79040422207292,52.49756409642847,50.79040422207292,52.00566864013672,10938900
2024-12-23,51.43662436629189,52.005674037538974,50.86757101578091,51.78384017944336,5348600
2024-12-24,51.783838512930515,52.56508234572301,51.426975681327725,52.55543899536133,2000600
2024-12-26,52.65188690985521,53.616383828021256,52.034609470911136,53.519935607910156,3416500
2024-12-27,53.12448647953546,53.5970878597727,52.34324273274346,52.622947692871094,3466600
2024-12-30,52.082833260301115,52.159994779325935,50.69395903122803,50.72289276123047,3997200
2024-12-31,50.73253332985736,51.73561094659972,50.58786100851369,51.176204681396484,4204800
2025-01-02,51.234069357305366,51.73560813845363,50.12490023682074,50.52034378051758,4838600
2025-01-03,50.57821842171308,50.81934265772685,49.45940211377975,50.086326599121094,6346100
2025-01-06,50.49140946211964,51.889930653637045,50.08632254445638,51.74525833129883,6099000
2025-01-07,51.976737431543,52.285376145672345,51.38839373296403,51.95744705200195,3537100
2025-01-08,51.938151403323815,52.56507579738325,51.55235488943312,52.458980560302734,4148400
2025-01-10,52.314313542596615,53.81892635381557,52.23715202445016,52.651885986328125,6356700
2025-01-13,52.08283212857312,52.719399929640694,51.74525968833413,52.63259506225586,4980400
2025-01-14,52.719401408749626,52.88336779808289,51.15691743124881,51.29194641113281,3845400
2025-01-15,52.034607268137634,52.48791829858637,50.93508141665661,51.21478271484375,4975400
2025-01-16,51.04117291844458,51.822416712640056,50.7614716206089,51.6295166015625,4715300
2025-01-17,52.17928687611456,52.77727767260891,51.61023349187904,51.75490951538086,5583000
2025-01-21,52.17928039679331,55.03419399397189,52.10212255863371,54.8605842590332,7910500
2025-01-22,54.81235671064273,56.056554827274766,54.696614441771,55.42963409423828,4867200
2025-01-23,55.4585730732239,56.24946025575312,55.22709219282482,55.34283447265625,5468100
2025-01-24,55.381407212239445,55.960107528243576,55.207801164628044,55.8829460144043,3384300
2025-01-27,55.3717636593929,56.63525584939715,55.342829931441116,55.8733024597168,4213600
2025-01-28,55.6032490833813,56.866737697798975,55.323544092684344,55.34283447265625,4134900
2025-01-29,55.20780345429531,56.33626304651991,54.918451444661024,55.13064193725586,6908800
2025-01-30,52.1214055656922,53.462055467552474,51.60057643454467,52.36252975463867,9205400
2025-01-31,52.58436542073847,52.950875231051526,51.41732518811851,52.43004608154297,9309300
2025-02-03,51.60058027707925,53.25951599793095,51.49448503736012,52.64223861694336,6833900
2025-02-04,52.70975403381387,52.941231216151046,51.83206205231984,52.12141036987305,6172500
2025-02-05,52.37218184590245,52.37218184590245,51.5620042886274,51.70668029785156,4063600
2025-02-06,51.70667721818369,51.85134953952737,50.88685268018207,51.176204681396484,7711000
2025-02-07,51.28229330132318,51.49448377556202,50.636082208706085,51.070106506347656,6337900
2025-02-10,51.26301510145132,52.6711797856797,51.166563197505866,52.4975700378418,4881800
2025-02-11,52.39146625929342,53.105195515313795,51.976732337962986,53.01839065551758,5753000
2025-02-12,52.49756979478782,53.94431523389622,52.15035030071958,53.886444091796875,4078900
2025-02-13,54.011825092621365,55.01490272736474,53.79963460239315,54.966678619384766,7402400
2025-02-14,55.17886550029387,55.33318485358357,54.58087846620421,55.111351013183594,4901300
2025-02-18,55.362126194591454,55.709342004710834,54.62910645494597,55.6707649230957,4424500
2025-02-19,55.44892334255466,55.998686231071424,54.4169083687589,55.8057861328125,4111700
2025-02-20,55.873305116986415,55.931176254905736,55.198156558315596,55.6900520324707,2643200
2025-02-21,55.72862709415144,55.89259347268792,54.10827208371229,54.36868667602539,4037300
2025-02-24,54.3976235939005,54.55194294211207,53.35596523402476,54.06969451904297,6781900
2025-02-25,54.06969663252404,55.60324682499788,53.78034462396158,54.985965728759766,5910600
2025-02-26,55.17965227672989,55.51859584900459,53.18473896713032,53.397789001464844,4009000
2025-02-27,53.21379078548544,53.77546308157131,52.83611388577526,52.991058349609375,3184100
2025-02-28,53.20410130372277,53.77545967052546,52.59400959404403,53.60114669799805,5014400
2025-03-03,53.649572848844215,54.211245140788414,52.89421536082631,53.16537094116211,4846300
2025-03-04,53.04915802118043,54.29839978715763,52.55527371755798,53.359046936035156,5203100
2025-03-05,53.17505385397564,53.41715481009357,52.4390685728108,53.21379089355469,4735500
2025-03-06,52.86516571044922,53.14600371031517,52.380963791025486,52.86516571044922,4877800
2025-03-07,52.65211315013817,55.31522357881923,52.41001220207626,55.092491149902344,6108600
2025-03-10,55.17964946070236,57.842759977304794,54.96659943724059,55.402381896972656,7456100
2025-03-11,54.91818300119899,55.402384939902916,52.13886490740539,52.21633529663086,8280500
2025-03-12,51.76118391788382,52.15822932864679,50.68625510738307,50.705623626708984,4248700
2025-03-13,50.570047939866086,51.141406333267824,49.959952507617736,50.027740478515625,4827900
2025-03-14,50.676573274593885,50.75404365861656,49.86311392443525,50.1923713684082,4445300
2025-03-17,50.57972531422035,51.78054753967919,50.24078549349288,51.451290130615234,7407800
2025-03-18,51.17046086029852,51.18982938108255,50.60878484006422,50.98646545410156,2649500
2025-03-19,51.30603830925628,51.412563329594185,50.30858347185176,51.1317253112793,3503700
2025-03-20,50.91867737565807,51.422244138356156,50.15363742998707,50.202056884765625,3084800
2025-03-21,50.018062557035904,50.879941430841065,49.49512356815378,50.802467346191406,6332700
2025-03-24,51.30603599564678,51.9354999815304,51.11235448505431,51.83865737915039,3391300
2025-03-25,51.69339557903945,52.0226530168996,50.850881618117505,51.16077423095703,3243400
2025-03-26,51.247927183213356,52.36159302784694,51.1898253196387,52.167911529541016,2454500
2025-03-27,52.206652389869795,52.962006224975205,51.80960695165188,52.448753356933594,4651400
2025-03-28,52.37127495602883,52.49716477984114,51.63528606002181,51.780548095703125,3599700
2025-03-31,51.84833939966018,53.66893585088988,51.78055143042117,53.359046936035156,7950200
2025-04-01,53.1556887415992,53.688310140367534,52.80706275137479,53.38810729980469,4992100
2025-04-02,52.83611184474102,54.18219251495777,52.535905341461024,53.86261749267578,3245900
2025-04-03,53.88198763433019,54.414608993339414,52.894215300485435,54.00788116455078,7008400
2025-04-04,51.8192870194505,54.036932663979755,50.63783686568807,50.744361877441406,7533400
2025-04-07,48.584820400835405,50.64752167898739,47.27747665356825,47.79072952270508,9293400
2025-04-08,49.030292921462454,49.23365686394156,45.92171344082402,46.50275802612305,8787900
2025-04-09,45.77644779680379,50.06647690079965,45.48592739736665,49.756587982177734,7510200
2025-04-10,49.349856555813304,50.40541684118264,48.46860924925119,49.698482513427734,5802900
2025-04-11,49.650066664881834,50.21173898632775,48.129672890435074,50.03742599487305,4341700
2025-04-14,50.637836637005336,51.054250575160154,49.9405847044359,50.52162551879883,3863700
2025-04-15,50.61847280439728,50.61847280439728,49.21428639646882,49.38859939575195,4318500
2025-04-16,49.38859283424275,49.466066909928124,47.68420380500444,47.800411224365234,4745100
2025-04-17,48.04251292818258,48.90439171587076,47.926305506986964,48.57513427734375,4481900
2025-04-21,48.60418842155665,48.73976806510777,47.35495024925989,48.02314758300781,5128300
2025-04-22,48.26524506226224,49.49511831939476,48.26524506226224,48.691341400146484,5938100
2025-04-23,50.0471130298773,50.50226403757484,48.85597669563789,49.12712860107422,6627800
2025-04-24,46.580228635771036,47.56800111058276,45.369723695193116,47.4517936706543,12588000
2025-04-25,47.65514664101443,48.5460799931011,47.403363296783645,48.34271240234375,6949000
2025-04-28,48.342723533719045,48.730086592371144,46.725490706307546,47.4517936706543,6417600
2025-04-29,47.083791519836545,48.362084234824515,46.8804276093083,48.29429626464844,3468600
2025-04-30,48.032827045055726,49.27238642219203,47.79072609484039,49.020599365234375,10114500
2025-05-01,48.36208317076083,49.0302841394623,47.626097927541984,48.75912857055664,5554500
2025-05-02,49.30143817918092,49.901847511396404,48.79786775100531,49.23365020751953,6274500
2025-05-05,49.21428211370246,49.940584982787996,48.95281263753157,49.62101364135742,4759200
2025-05-06,49.39828050619392,49.59196202186191,49.05934062440069,49.40796661376953,3519100
2025-05-07,49.66943236120676,49.89216479447441,48.82691838569348,49.349857330322266,4106800
2025-05-08,49.56290757123408,50.30857895244525,49.253018645817406,49.79532241821289,4164200
2025-05-09,49.82437734627666,50.0180588493762,48.9431300166328,49.679115295410156,3590100
2025-05-12,50.812151659781165,51.528768446649764,50.40542011806672,51.05425262451172,6582100
2025-05-13,50.967088754097446,51.20918968379406,50.04710448241691,50.65719985961914,9814500
2025-05-14,50.54099269124127,50.65720380634997,49.698482424623386,49.756587982177734,6486500
2025-05-15,49.7565893085267,50.531311625733075,49.41764575500881,50.52162551879883,5637700
2025-05-16,50.52162508030946,51.460977959738486,50.289210234248436,51.31571960449219,5247100
2025-05-19,50.889624733740824,51.50940264509925,50.59910429956253,51.238250732421875,4766100
2025-05-20,51.08330086651294,51.36413885740295,49.766271096707634,49.969635009765625,4914000
2025-05-21,49.533859865495515,49.533859865495515,48.36208836488271,48.45893096923828,5460800
2025-05-22,48.46861094478517,48.54608502437294,47.364631169831476,48.100616455078125,4831000
2025-05-23,47.65514970605565,48.40082106901322,47.55831080454628,48.129669189453125,3690100
2025-05-27,48.555770375665126,49.20460290189179,48.33303792462244,48.78818893432617,6118200
2025-05-28,48.76872719074141,48.95356642862604,47.60131229767255,47.727783203125,5199500
2025-05-29,47.85425168132703,48.43796099907634,47.20244721094983,47.640228271484375,5663800
2025-05-30,47.669414246948044,47.922352363125135,46.93978035541313,47.08570861816406,7785200
2025-06-02,46.73548000101451,46.77439469610241,45.957204654804315,46.560367584228516,6610800
2025-06-03,46.62846642614844,47.883437508902055,46.550637036004225,47.71805191040039,7440800
2025-06-04,47.912626887585105,48.85628793465213,47.747244982199334,48.00018310546875,7022200
2025-06-05,48.0196329993226,50.617127541385656,48.0196329993226,50.052879333496094,10694300
2025-06-06,50.36419545919272,50.56849205650995,49.235695197823,49.556732177734375,6995100
2025-06-09,49.566462917394,49.68320330048187,48.8368290286525,49.13840866088867,4970100
2025-06-10,49.26487929772141,50.1209840948203,49.128681566364506,50.082069396972656,5136600
2025-06-11,50.15016777431138,50.49066581049786,49.49836329170466,49.91668701171875,4278900
2025-06-12,49.8194038425809,50.6755086927688,49.605380413366476,50.33501434326172,4552000
2025-06-13,50.08206603697869,50.48093238538255,49.70265703619326,50.140438079833984,3688300
2025-06-16,50.69495856457993,50.733873259100214,49.99450890765282,50.28636169433594,4224000
2025-06-17,49.91669042866661,50.63659382556822,49.284339540398115,49.59564971923828,4923700
2025-06-18,49.70265720502596,50.957628297355804,49.624827814287855,50.617130279541016,4237600
2025-06-20,50.94789804108387,51.24948136514635,50.471206009141135,51.09382629394531,5733400
2025-06-23,51.239751105762636,52.28069880684875,51.06464239695946,52.2028694152832,4457500
2025-06-24,51.016001718039576,52.16395936816572,50.78252094475527,52.05694580078125,10189600
2025-06-25,51.949935547256295,51.95966236643961,51.00627450874741,51.36622619628906,7495900
2025-06-26,51.56079316857187,51.58997733564047,50.16962430128577,50.43229293823242,5582100
2025-06-27,50.58794644167895,51.08409582196872,49.945868808363564,50.30582046508789,9816900
2025-06-30,50.31555326359405,51.46351085842803,49.8874990146737,51.337039947509766,5371700
2025-07-01,51.03545740061454,53.09789186021401,50.83116080288653,52.61146926879883,7108300
2025-07-02,52.689297064488215,53.94426829128244,52.543368796773535,53.64268493652344,6040000
2025-07-03,53.64267568129883,53.64267568129883,52.70874532016832,53.14652633666992,2938400
2025-07-07,53.16598881999808,55.35489040288914,53.15625829029711,55.21868896484375,8825400
2025-07-08,55.024119863756106,55.31597264979317,53.95398803347419,55.228416442871094,5314600
2025-07-09,55.29651578883678,55.76348099282433,54.810093237461054,55.65646743774414,4659800
2025-07-10,55.47162915175427,56.483388966564355,55.26733256735309,55.88022232055664,5024100
2025-07-11,55.510543841157265,55.75375512097306,55.16031900444498,55.24787521362305,5881100
2025-07-14,55.01439116586148,56.49311620359582,54.91710813764737,56.463932037353516,4502300
2025-07-15,56.45420373345849,56.77524441921881,54.79063939209084,54.810096740722656,7496300
2025-07-16,55.1214086796798,55.13113549875546,53.20490245521315,54.518245697021484,6088800
2025-07-17,54.57661628142553,55.40353695908959,54.57661628142553,55.28679656982422,3863900
2025-07-18,55.53972848375586,55.568912650029105,54.45986979833012,55.0435791015625,4284600
2025-07-21,55.30624904422149,56.38610782774084,55.296522224950046,55.851043701171875,4681500
2025-07-22,55.792667890412076,57.543792130001535,55.61755546645313,57.3784065246582,4773800
2025-07-23,57.641074491211064,58.798758870731255,56.82388442592925,58.00102615356445,10420300
2025-07-24,62.22317351987649,62.25236139728216,56.40556009755728,57.72863006591797,15356100
2025-07-25,57.94265651952542,58.1955946171227,56.93089670691709,57.718902587890625,7589200
2025-07-28,57.39785972575143,57.641070995775806,56.210987540477475,56.53202819824219,7983200
2025-07-29,56.532031514115744,57.58270233247096,56.356919092538256,56.99899673461914,6466900
2025-07-30,57.144924849492604,57.144924849492604,55.93859524948502,56.25963592529297,4556400
2025-07-31,55.870495331385484,56.59039863929553,55.1895030076879,55.40353012084961,4179200
2025-08-01,55.471634927574605,56.103982094339976,53.98318292751442,56.06507110595703,5505300
2025-08-04,56.06506932219182,57.91347295597798,55.91914105929112,57.8842887878418,5391300
2025-08-05,57.894015570075055,58.42908339296447,57.611893285681404,58.14695739746094,3357400
2025-08-06,58.098315361083415,58.76957719956034,57.54379390514382,58.613922119140625,3831500
2025-08-07,58.857132470096545,59.14898527731308,57.87456048654192,58.390167236328125,2961500
2025-08-08,58.39988996740026,58.536087687160865,57.563242590459964,57.65079879760742,3277600
2025-08-11,57.757819949119444,58.29288408046198,57.25193998696159,57.913475036621094,4850000
2025-08-12,57.845371413820615,58.54582110556729,57.30058050789295,57.68971633911133,4822200
2025-08-13,57.8356444038945,58.31233644500393,57.45623539249035,58.10803985595703,5140700
2025-08-14,57.290846981614514,58.263692075440154,56.93089533600969,58.069122314453125,3984200
2025-08-15,58.20532683244072,58.90577281359609,58.16641213595717,58.84740447998047,3901500
2025-08-18,59.00306429309267,60.05373520475553,59.00306429309267,59.44084167480469,5652900
2025-08-19,59.577038573466716,60.94875008547653,59.577038573466716,60.58879470825195,4393100
2025-08-20,60.60825166135616,60.60825166135616,59.29491220286536,59.372737884521484,3477500
2025-08-21,59.14898947614377,59.61595474306082,58.85713664820937,59.34355926513672,2627500
2025-08-22,59.68404701948402,60.014814510900464,59.35327952806758,59.936988830566406,3230200
2025-08-25,60.01511298729617,60.747480956885745,59.575691460539204,60.07370376586914,3261800
2025-08-26,60.08346197934596,60.41546891330124,59.683101005313056,60.23970031738281,4276400
2025-08-27,60.395936349753576,61.41148737073147,60.34711256942142,60.91347885131836,3587600
2025-08-28,60.83536153432131,61.26501976749525,60.190877909576294,61.1771354675293,3708300
2025-08-29,61.177131743082654,61.391957121575224,60.181110979111295,60.30805206298828,5217400
2025-09-02,60.25923564382603,60.79630474318849,59.90769842242045,60.07370376586914,3230500
2025-09-03,59.868638798872176,60.102994452055675,58.57967153131508,58.72614288330078,6107600
2025-09-04,58.940973623123405,59.39992540032978,58.75543802381902,59.21438980102539,4677100
2025-09-05,59.35109584041637,59.43898014099512,58.648025160802256,59.09720993041992,3211800
2025-09-08,58.940967642388884,59.038615203155295,57.73011777380083,58.67731475830078,5475400
2025-09-09,58.39413358347455,58.550371920971514,57.437173300678644,57.691062927246094,3722000
2025-09-10,57.35905365313764,57.759414609445045,56.88057166876263,57.075870513916016,3129300
2025-09-11,57.16376117237888,58.843322487656394,57.09540712771726,58.60896682739258,3798700
2025-09-12,58.29648291568354,59.224149624876716,58.17930510005337,59.185089111328125,4395300
2025-09-15,59.106968559321025,59.42921221116361,58.15000831978235,58.20859909057617,6271000
2025-09-16,58.15000841182206,58.42342828427704,57.10516387694668,57.60317611694336,5254500
2025-09-17,57.79847466157874,58.59919661939972,57.505528239817664,57.71059036254883,3551300
2025-09-18,58.208596573296774,58.95072767951298,57.905883191476555,58.46248245239258,4153800
2025-09-19,58.628494674915515,58.735909233541314,57.65200410561319,58.25742721557617,6769900
2025-09-22,58.09142348245974,58.23789482748924,56.74386550309686,56.77315902709961,4335700
2025-09-23,56.93916593404964,57.30046639849548,56.69504329388052,57.18328857421875,3024500
2025-09-24,56.88057486258775,56.90986838725011,55.87479078234449,56.001731872558594,4808900
2025-09-25,55.757607451990566,55.85525873943783,54.90806173878591,55.09359359741211,4254600
2025-09-26,55.171715774819205,55.47442918467789,54.859239098520604,55.191246032714844,2999500
2025-09-29,55.32795668792418,55.454901507645914,54.66394278863259,55.35725021362305,3572000
2025-09-30,55.357247608879305,55.73808205012499,54.7127639987174,55.533016204833984,5084400
2025-10-01,55.58184105737462,56.13844410529344,54.57605696950015,54.605350494384766,5747500
2025-10-02,54.40029023870074,55.16195543700528,54.21475836636574,54.90806579589844,3875400
2025-10-03,54.78112049421007,54.95688909804306,54.126873588288596,54.51747131347656,3016000
2025-10-06,54.49793844558133,54.74206108088225,53.374972833190824,53.404266357421875,3802300
2025-10-07,53.30662033071688,53.49215219789078,52.00788608545182,52.44730758666992,4918800
2025-10-08,52.427774267343786,53.07225785649757,52.01765004016214,52.652366638183594,4646400
2025-10-09,54.038988529582184,54.829947235753636,52.44730785050349,52.94532012939453,6383400
2025-10-10,53.17967294657691,53.44332583458057,52.24224293924103,52.964847564697266,6006900
2025-10-13,53.091792845657345,53.9706358751119,53.02343880170155,53.61909866333008,5175600
2025-10-14,53.355445084475015,54.410056706577045,53.16991321392713,54.175697326660156,3767400
2025-10-15,54.23428716252255,55.24983824952707,54.19522664571101,54.49794006347656,6635500
2025-10-16,54.683468577814324,54.81041338716007,53.59956351535871,53.863216400146484,3952700
2025-10-17,54.08781076293567,54.30263987512427,53.609332481262996,53.902278900146484,3386300
2025-10-20,54.1561673230347,54.29287540987357,53.36521232774812,53.99016571044922,4503200
2025-10-21,53.70697992084625,54.25381596650056,53.355442728998185,53.48238754272461,4686200
2025-10-22,53.45309318144142,53.90227793065137,53.17967330038756,53.540977478027344,5468800
2025-10-23,51.94929880683905,56.84151489884329,51.90047502358862,55.02524185180664,14800100
2025-10-24,56.1482059399745,56.83175006163822,54.673706866470816,54.956886291503906,6354300
2025-10-27,54.947125533546554,55.210778437867944,54.43934998355898,55.04477310180664,4952800
2025-10-28,54.65417797465417,54.849473107139765,54.03898787728008,54.185462951660156,4042500
2025-10-29,53.88274731458668,53.98039487680327,52.71095794290897,52.964847564697266,4040900
2025-10-30,52.94531516267143,53.63862251136731,52.26177107979545,52.84766387939453,4235000
2025-10-31,52.65237028956486,52.98437723579055,52.18365525813141,52.83790588378906,3834800
2025-11-03,52.93555023743656,52.93555023743656,50.679859518446676,51.25598907470703,7643300
2025-11-04,51.25598979769749,52.01765122264383,50.845861836176994,51.80282211303711,4674300
2025-11-05,51.95905926841518,53.08202484762991,51.87117497330259,52.652366638183594,5992600
2025-11-06,52.115299317358755,52.45707324294585,51.63682103655895,51.851646423339844,4611900
2025-11-07,51.96882633062783,53.023434148405705,51.900472292670734,52.994140625,3585800
2025-11-10,52.93554913637764,54.644407512197,52.6523659972381,54.15616226196289,6493100
2025-11-11,54.136636454025535,55.60137232510322,54.136636454025535,54.624881744384766,7143000
2025-11-12,54.56629286489446,54.80064851040409,53.63862609929724,54.6639404296875,4601900
2025-11-13,54.59558478369217,55.6013688265409,54.48817023056935,54.85923767089844,4264400
2025-11-14,54.6737066077501,55.0447703284557,54.04874953731882,54.117103576660156,4955300
2025-11-17,53.93157417730229,54.43934972487704,52.115301106173796,52.41801452636719,5655200
2025-11-18,51.60752767714244,52.593785287443225,50.79704240111895,52.271541595458984,7977400
2025-11-19,52.3008380622365,52.51566346198644,50.865395683147554,51.30481719970703,5590200
2025-11-20,51.33411177467507,52.11530352840004,51.02163507318508,51.4024658203125,4282900
2025-11-21,51.42199072081093,52.70119464517119,51.20716161404406,51.67587661743164,5548400
2025-11-24,52.53894212459243,53.04893417444952,51.56799867183219,52.009334564208984,16174200
2025-11-25,52.087797325562974,53.823730747717335,51.98971977157688,53.372581481933594,5930500
2025-11-26,53.22546910122682,53.97083978187075,53.15681668621788,53.57854080200195,3594900
2025-11-28,53.61777116047619,53.8041166472964,53.09797320519084,53.72565460205078,2111700
2025-12-01,53.32354634508,53.88257532688518,52.48990768555332,52.62721252441406,5810100
2025-12-02,52.77432701921238,52.77432701921238,51.94068461794225,52.195682525634766,4434100
2025-12-03,52.54875283979227,53.76488458742743,52.460484911231966,53.029319763183594,5625100
2025-12-04,53.117584270166,53.52950249067238,52.40163500297313,53.333351135253906,5061600
2025-12-05,53.40200109417369,53.54911179801959,52.92143048254863,53.03912353515625,3634900
2025-12-08,52.97047638532302,53.14701225295816,52.21529974644381,52.31337356567383,5690900
2025-12-09,52.15644934143048,52.75470932167622,51.25415455808127,51.34242248535156,5130800
2025-12-10,51.528768713177364,52.12702870209969,51.391463877938044,51.84260940551758,6028400
2025-12-11,51.744529019814316,52.69586067088912,50.55781873300048,50.81281661987305,5803600
2025-12-12,51.14627385766777,51.37184661375906,50.81281766577716,50.9697380065918,4515100
2025-12-15,51.14627252365058,51.9799111109958,50.91089014792994,51.911258697509766,5097200
2025-12-16,51.9995335659464,52.11722289888766,51.293390085745955,51.62684631347656,3952000
2025-12-17,51.57780428830861,52.60759426729414,51.51895775703547,52.46048355102539,5481900
2025-12-18,52.43105942752318,52.607595283476556,51.09723462310935,51.322811126708984,6025500
2025-12-19,51.15608394052364,51.25415775860316,50.15571528275188,50.41071319580078,8307700
2025-12-22,50.17532906491077,50.80301045804464,50.16552317995139,50.724552154541016,3529200
2025-12-23,50.753973207204375,50.84224113634621,49.53783771028085,50.09687042236328,4502100
2025-12-24,50.01840803714222,50.685320443606216,50.01840803714222,50.65589904785156,1697400
2025-12-26,50.6951269795878,50.871662838935556,50.24398144626627,50.400901794433594,3161500
2025-12-29,50.46954897909028,50.616663427049296,49.51822110378966,49.832061767578125,5349500
2025-12-30,49.64571832889274,49.763411388576955,49.27303486372067,49.390724182128906,4752000
2025-12-31,49.341687558288186,49.50841378187429,48.890538309486956,49.04745864868164,4267700
2026-01-02,49.008232509845406,49.96937007742988,48.763044240320504,49.851680755615234,5495800
2026-01-05,49.42995483824018,49.87129071434201,48.6747745465662,48.87092590332031,13699600
2026-01-06,48.60612523466593,49.675146268855094,48.39035835433977,49.34169006347656,7469200
2026-01-07,49.62610522448308,50.03802347079287,48.90035002763063,48.929771423339844,11884700
2026-01-08,48.46881867459443,51.05801012244412,48.390360368386084,50.41071319580078,8195300
2026-01-09,50.48916762486612,51.1364645018025,49.99879108957261,50.51858901977539,8855700
2026-01-12,50.312632824482726,50.60685800355345,49.371110754945946,49.704566955566406,5979400
2026-01-13,49.8614913794215,50.812823152807724,49.841875867041985,50.7637825012207,6177500
2026-01-14,50.6755097244465,50.97954452536589,49.871292500106,50.17532730102539,4816200
2026-01-15,50.18513106325919,50.479359967120686,49.46918179583313,49.75360107421875,4793500
2026-01-16,49.400532121651544,50.23417449335444,49.21419038131322,50.02821350097656,5365900
2026-01-20,49.84186870323357,50.655895514238935,49.361301813475144,49.988983154296875,7513800
2026-01-21,50.68532074679759,52.51932800490622,50.665705235751766,52.14664077758789,10088600
2026-01-22,52.49971429996306,53.58835088216264,52.146642571544135,52.37221908569336,9704500
2026-01-23,52.480097351128975,53.941421133451286,52.480097351128975,53.637386322021484,9863500
2026-01-26,54.18660774552427,55.196782222123886,54.029687402156604,54.49064254760742,10026200
2026-01-27,54.667181147417104,54.79467636067994,54.06892113912926,54.657371520996094,5270100
2026-01-28,54.814288713048434,54.97120905525397,54.019881117441166,54.0787239074707,9151500
2026-01-29,51.881838918541554,52.38202133826357,49.32207280629842,49.97917556762695,20671900
2026-01-30,50.400901122935366,50.95012420484172,48.95919287122878,49.900718688964844,18692000
2026-02-02,49.900720366407086,52.0387624918706,49.58687966370385,51.96030044555664,9925400
2026-02-03,51.764146358160765,53.15681767703517,51.43069016135502,52.44086837768555,6672800
2026-02-04,52.460481225661404,55.03985900107876,52.460481225661404,54.216026306152344,7649800
2026-02-05,54.098339391317914,54.19641320216965,53.18623873354772,53.431427001953125,5782900
2026-02-06,52.9018208587531,54.58871738769402,52.784131534329084,54.53968048095703,6242800
2026-02-09,53.833540166877434,54.14738087768562,52.60759872113409,52.744903564453125,6093000
2026-02-10,52.77432593970136,53.215661844037385,52.215296969017956,53.00970458984375,4260600
2026-02-11,53.0097038998692,53.63738528044725,52.41144391485695,53.480464935302734,4436100
2026-02-12,53.5098921761267,55.10851708599475,53.16662633549869,53.36277770996094,5848300
2026-02-13,53.31374145871968,54.510261490537026,52.98028524040713,53.97084426879883,4380100
2026-02-17,53.38238856266056,53.872765085381104,50.78339149573129,51.67587661743164,8669000
2026-02-18,51.49934530875313,51.81318975292828,50.7539745746874,51.528770446777344,4425400
2026-02-19,51.528769016433834,51.773957292597366,50.56763142282593,50.959930419921875,3457300
2026-02-20,50.969741761054685,52.146642533217694,50.79320589697497,51.9406852722168,4654100
2026-02-23,51.90145151254724,53.23527630804048,51.558189428975936,52.852783203125,6245100
2026-02-24,52.91189598867976,53.70000764654437,52.36021970718093,52.47843551635742,5481300
2026-02-25,52.18289025618088,52.40947210618845,50.931761447694484,51.0007209777832,4843200
2026-02-26,51.23715159399828,51.59180274650328,50.32097446071032,50.41948699951172,6145100
2026-02-27,50.143652368631415,51.2864151849886,49.60182209353784,51.06968307495117,8176200
2026-03-02,50.99086980780995,51.936607528715726,50.37023400854353,51.503143310546875,7839300
2026-03-03,50.62636573682291,51.15834246716732,49.887510419570944,50.83324432373047,4628400
2026-03-04,50.813547560796565,51.19775174519136,49.8382568359375,49.8382568359375,6675300
2026-03-05,49.26687493855921,50.005730316364925,48.685641891031544,49.75944519042969,7398800
2026-03-06,49.55256138875906,49.79884648886026,48.853112606394625,49.414642333984375,4929700
2026-03-09,49.247172619876395,50.340675359778146,48.7250456272971,49.91706466674805,8927300
2026-03-10,49.523009008114016,50.44903964336806,49.28657365548935,49.59196853637695,5806500
2026-03-11,49.513155686578024,49.926916615731436,48.42950273148388,48.73489761352539,4776500
2026-03-12,48.60682971170326,48.7151957619466,47.33599763559736,47.38525390625,6196300
2026-03-13,47.61183958344682,47.946783727566554,46.3508572564715,46.53803634643555,4488200
2026-03-16,47.109415165415236,48.429503494834755,47.109415165415236,48.05514907836914,6013600
2026-03-17,48.133964960697284,48.33099381037357,46.76462028036681,46.84342956542969,4823400
2026-03-18,46.33115401310667,46.6956586842127,45.24750102476933,45.26720428466797,5423300
2026-03-19,45.04062215729567,45.65140817836654,44.794337047088256,45.4937858581543,4861700
2026-03-20,45.414972471091914,45.680960839039535,44.77463344426617,45.08987808227539,5886300
2026-03-23,45.907544464441756,45.95680449442232,44.93225750223421,44.991363525390625,5776500
2026-03-24,44.64656530548283,45.37557089873768,43.779640649236896,44.81404113769531,6096500
2026-03-25,45.552895712341915,45.92724637470329,44.518495241360995,45.27705383300781,3941400
2026-03-26,45.2277949945316,45.868137748970554,45.02091641528665,45.208091735839844,4049700
2026-03-27,45.07017553218939,45.49378622581054,44.12444160327303,44.203250885009766,9052700
2026-03-30,44.84359554734921,45.1686899548216,44.459391357603316,44.7352294921875,4639600
2026-03-31,45.139135056525404,45.71051832058873,44.07518532614939,44.626861572265625,8226800
2026-04-01,44.69582337556039,44.85344570503817,43.67128011296117,43.86830520629883,6109000
2026-04-02,43.49395190865806,43.69097699015495,42.70583655062035,43.168853759765625,7551500
2026-04-06,42.97182378331021,44.77463254380595,42.90286425500831,44.71552276611328,4951300
2026-04-07,43.8683058270734,44.15399747767366,42.58762391219205,42.99153137207031,5134100
2026-04-08,43.75993726714709,44.89285029515271,43.62201820454033,44.60715866088867,6177000
2026-04-09,44.27220821943147,45.19824260048234,43.789491527958575,44.96180725097656,4144000
2026-04-10,44.92240394346779,45.089879777589076,44.203251851094414,44.36087417602539,4689800
2026-04-13,44.459390808958375,44.804188472933674,43.67127917843435,44.7647819519043,6891200
2026-04-14,44.587452402123894,45.316457944318806,44.31161429546156,44.35102081298828,5132900
2026-04-15,44.21310272249269,44.81403897481862,43.740235775911415,44.08503341674805,6796600
2026-04-16,44.08503556608935,44.587455546948284,43.62201834752393,43.966819763183594,8463300
2026-04-17,44.035776333148895,44.74507486089318,43.996369815493004,44.34116744995117,8807900
2026-04-20,44.33132130263608,44.538199900125335,43.523506415095724,44.14414596557617,10431300
2026-04-21,41.96698033953,42.26252547159303,38.341663297544756,38.98200607299805,25916400
2026-04-22,39.11007473479862,39.543535159057896,37.730876667954504,38.38106918334961,14161200
2026-04-23,38.40077503895277,38.40077503895277,37.47474435077731,37.60280990600586,11360600
2026-04-24,37.19890121716384,37.38608030516873,36.05613846149918,36.194061279296875,13836000
2026-04-27,36.2728704287052,36.42064299680434,34.98233510907861,35.139957427978516,13116000
2026-04-28,35.49461005256138,35.839411473044635,34.73605143711341,35.06114959716797,9747100
2026-04-29,34.52917217003755,34.785310792630916,33.859276360503095,34.253334045410156,10937100
2026-04-30,34.25333576373521,34.68679623246753,33.898684581130226,34.57843017578125,11497300
2026-05-01,34.59813322599499,34.74590580385089,33.14997924986592,33.32730484008789,14353200
2026-05-04,33.100717622099445,33.465222294426916,31.78062926856739,31.82988929748535,18147700
2026-05-05,31.57374982416232,32.63770328547558,31.50479029515266,32.19438934326172,20026700
2026-05-06,32.71651525911931,32.874137589550585,31.62300869762176,32.0466194152832,16916600
2026-05-07,32.11557775539398,32.411122902220654,30.93341032113155,31.26835823059082,14934300
2026-05-08,31.012219845381367,31.55404632259046,30.125593846763664,30.19455337524414,17658400
2026-05-11,30.096038423005485,30.4309863088208,29.721685898332822,29.80049705505371,12410300
2026-05-12,30.214257709387027,30.608313514012593,29.80049864477861,30.135446548461914,17433000
2026-05-13,29.928565875198903,30.076338445069307,28.982831950463485,29.406442642211914,10861900
2026-05-14,29.849754780599994,30.342325003903664,29.613321298894984,30.03693199157715,10245300
2026-05-15,30.20440642902782,30.332475741392532,29.63302503595513,30.11574363708496,9488800
2026-05-18,30.27336462261003,31.386574348239,30.233959982936263,31.248653411865234,13019300
2026-05-19,31.23880254855281,31.425979758862216,30.37187978539382,30.67727279663086,10917300
2026-05-20,30.499947005612057,31.48508744190195,30.125594466584655,31.219100952148438,9785900
2026-05-21,30.913706409134946,31.337317102109797,30.450691075351845,31.199398040771484,8828000
2026-05-22,31.120587778963234,31.39642778861286,30.89400592050444,31.150142669677734,7565900
2026-05-26,30.933408487686485,31.13043732122201,29.229116029927155,29.3571834564209,19213700
2026-05-27,29.555813689735036,30.509226117986756,29.555813689735036,30.459569931030273,18797900
2026-05-28,30.46950162171829,31.204424177190113,30.002725128433593,31.154767990112305,12127000
2026-05-29,30.68799252602858,31.45270995595113,30.35032513864102,31.313671112060547,17956900
2026-06-01,31.065385054987733,31.571886114468533,30.807168717158575,31.561954498291016,11898600
2026-06-02,31.164697339251653,31.363325873710647,29.754440048526668,29.80409812927246,16898300
2026-06-03,29.615402054542397,29.724647941032867,28.165420152180864,28.940067291259766,22578900
2026-06-04,29.645197597851187,29.953070137403827,28.949999585429424,29.16849136352539,10236100
2026-06-05,29.71471671505558,30.00272601832109,29.257871824488742,29.5756778717041,8602900
2026-06-08,29.158559409963907,30.51915867483125,28.999657333691257,29.93320655822754,10488200
2026-06-09,30.092107682580497,30.290736218769073,29.645196317549367,29.754440307617188,10493400
2026-06-10,29.764373287449597,30.64826823029436,29.665060909067616,30.55888557434082,10587500
2026-06-11,30.46950219526818,31.09517887783186,30.171559384406592,31.045522689819336,14523500
2026-06-12,31.065385974903126,31.234219666396267,30.70785535897361,31.03559112548828,11955300
2026-06-15,31.065386050062248,31.293807546675563,30.29073701176151,30.668128967285156,13746400
2026-06-16,30.29073679471978,30.479433718260616,29.38698053697567,30.00272560119629,13362500
2026-06-17,29.893482183195268,30.598609914516974,29.396912718006845,29.545883178710938,11079200
2026-06-18,29.59553864509697,30.300668253468626,29.50615599200391,30.032520294189453,24880700
2026-06-22,29.963001274501693,30.161629816089427,29.218147084940924,29.605470657348633,14393200
2026-06-23,29.89348063329581,30.111970504716194,29.257870462711086,29.476362228393555,12078800
2026-06-24,29.466432371206235,30.10204068546966,29.406844565309587,29.853755950927734,12774800
2026-06-25,29.65512754192114,31.194492047124,29.65512754192114,30.539020538330078,14113600
2026-06-26,30.539021872968743,31.532160795666915,30.469502451461818,30.995864868164062,36561000
2026-06-29,30.99586493347884,31.52222924555241,30.72771886342454,30.98593521118164,11516800
2026-06-30,31.005796254288136,31.552023794270234,30.777374758387953,31.39312171936035,9009100
2026-07-01,31.800306935883757,32.26708341511318,31.50236413960203,32.038658142089844,8870300
2026-07-02,32.257150688402,32.416052759240465,31.234218844162143,31.542091369628906,9342100
2026-07-06,31.204424614726378,31.482504191342723,29.744511099580382,30.012657165527344,8863800
2026-07-07,30.767443765929002,30.985935544058012,30.19142325913267,30.22121810913086,6683800
2026-07-08,30.161629130172376,30.350324156701163,29.14862700078388,29.37704849243164,7629800
2026-07-09,28.77123405460676,30.082179030399843,28.731509482513616,29.913345336914062,8602600
2026-07-10,30.092108986734228,30.310600764863235,29.88355071953347,30.22121810913086,5159700
2026-07-13,30.211285600375568,30.668128587951514,29.77430395128308,30.032520294189453,6975300
2026-07-14,29.982864345447883,30.39998276511777,29.545882692874155,30.34039306640625,8733900
2026-07-15,29.92327478522916,31.12497386180315,29.92327478522916,29.963001251220703,7443100
2026-07-16,30.280804715630776,31.085246691101048,30.17155883089282,30.797237396240234,13726300
2026-07-17,31.09517909577252,31.69106282740999,30.131835024037752,30.300668716430664,9728700
2026-07-20,30.44963838133398,30.578747498522386,29.923274084839157,30.09210777282715,7136700
2026-07-21,29.853754378905876,30.01265644910436,29.178419633431275,29.436635971069336,9185900
2026-07-22,29.69485384020785,30.06231608040737,29.108901715782405,29.158559799194336,11812100
2026-07-23,29.794166759140367,30.28080458889487,28.761301402244356,30.111970901489258,26348000
2026-07-24,30.260941432064584,30.846893531333134,29.486294306718584,30.80716896057129,12027900
2026-07-27,31.472571730579944,32.008865742348156,30.86675640582618,31.581815719604492,12914800
2026-07-28,31.790373880669424,32.17770122621535,31.214355300323373,31.24414825439453,9788500
2026-07-29,31.164697779599187,31.532160005261822,30.56881595632677,30.78730583190918,9760600
2026-07-30,30.171559291888165,30.29073679471978,29.257871417719574,30.00272560119629,8282700
2026-07-31,29.96300183273795,30.578748807722096,29.764373287449597,30.55888557434082,10823400
2026-08-03,31.23421888258931,31.949276307980025,31.23421888258931,31.889690399169922,10648600
2026-08-04,31.482505728502073,32.93248769803739,31.46264249471775,32.89276123046875,10252200
2026-08-05,33.17084115186142,33.2701535275788,32.7735840719433,33.18077087402344,11506400
2026-08-06,33.65747726350058,34.13418348864866,33.18077103835251,33.85610580444336,12529800
2026-08-07,33.717068237997005,34.35267656224213,33.13111610373519,34.32288360595703,12477100
2026-08-10,34.08452825177911,34.63075391322265,33.53830259033558,34.382469177246094,20045300
2026-08-11,34.19377434761868,36.16018901376783,34.17391111399805,35.047874450683594,22090900
2026-08-12,34.90883333532497,36.418401107149755,34.72013452245373,36.180049896240234,17443400
2026-08-13,36.41840249999474,36.636894275454985,35.36567766592123,35.92183303833008,14447900
2026-08-14,35.87217487308473,36.170115775960234,35.45505836676385,35.58416748046875,8958800
2026-08-17,34.79958918593768,35.17697925343822,34.30301971851913,34.44205856323242,10151500
2026-08-18,34.84924516342895,35.64375554877082,34.322882743488265,34.48178482055664,7792600
2026-08-19,34.730069474314405,35.79272782265727,34.62082358622833,35.196842193603516,6823600
2026-08-20,34.77972395273411,34.93862602162997,34.35267393222819,34.80951690673828,7545500
2026-08-21,34.948556121100694,35.13725493456392,34.5215060959802,34.73999786376953,8636800
2026-08-24,34.720001220703125,36.11000061035156,34.720001220703125,35.91999816894531,9425200
2026-08-25,35.79999923706055,36.0,35.36000061035156,35.380001068115234,7641900
2026-08-26,35.34000015258789,35.5099983215332,34.79999923706055,35.0099983215332,5805400
2026-08-27,34.65999984741211,35.040000915527344,34.45000076293945,34.70000076293945,7609000
2026-08-28,34.77000045776367,35.0099983215332,34.560001373291016,34.720001220703125,8332100
2026-08-31,34.61000061035156,35.5099983215332,34.33000183105469,34.900001525878906,9000500
2026-09-01,34.849998474121094,35.5,34.63999938964844,34.709999084472656,7523300
2026-09-02,34.619998931884766,35.560001373291016,34.59000015258789,34.86000061035156,8052200
2026-09-03,35.099998474121094,35.560001373291016,34.099998474121094,34.599998474121094,7253900
2026-09-04,34.349998474121094,35.470001220703125,34.18000030517578,34.9900016784668,6566700
2026-09-08,34.9900016784668,35.81999969482422,34.95000076293945,35.290000915527344,10074900
2026-09-09,35.0099983215332,35.09000015258789,33.31999969482422,34.0,15350700
2026-09-10,33.790000915527344,33.970001220703125,33.25,33.52000045776367,8611700
2026-09-11,33.810001373291016,33.91999816894531,32.900001525878906,33.0099983215332,8143800
2026-09-14,32.970001220703125,34.0,32.970001220703125,33.83000183105469,7053200
2026-09-15,33.68000030517578,33.7400016784668,32.59000015258789,33.029998779296875,7491400
2026-09-16,33.09000015258789,33.869998931884766,32.7599983215332,32.779998779296875,8518200
2026-09-17,32.83000183105469,33.25,32.54999923706055,32.81999969482422,8485000
2026-09-18,32.650001525878906,32.900001525878906,32.150001525878906,32.209999084472656,14847700
2026-09-21,32.20000076293945,32.70000076293945,31.8700008392334,32.33000183105469,9059200
2026-09-22,33.0099983215332,33.27000045776367,32.599998474121094,32.84000015258789,12135300
2026-09-23,32.849998474121094,32.95000076293945,32.0099983215332,32.290000915527344,10448900
2026-09-24,32.5099983215332,32.779998779296875,31.40999984741211,31.440000534057617,9435100
2026-09-25,31.459999084472656,32.5,31.350000381469727,32.27000045776367,8709500
