dt,o,h,l,c,v
2005-01-03,9.751355934648453,9.778368620348326,9.448821067810059,9.448821067810059,7963200
2005-01-04,9.508244720731732,9.548762189895148,9.394793540132016,9.400196075439453,12666600
2005-01-05,9.400199567344385,9.467729738130522,9.33537118042973,9.359682083129883,7948000
2005-01-06,9.332667707418837,9.591983269000652,9.329966954464805,9.52175235748291,10057600
2005-01-07,9.562271268539813,9.562271268539813,9.362381537362785,9.44611930847168,9445800
2005-01-10,9.548761109205401,9.616291247263227,9.481230971147573,9.51634693145752,9003600
2005-01-11,9.513648197377453,9.559568206391914,9.45422133354382,9.529854774475098,3295800
2005-01-12,9.562267346397986,9.697327613830566,9.510943785299643,9.697327613830566,7048000
2005-01-13,9.764860176920402,9.840493615762307,9.710835850421187,9.762158393859863,7199600
2005-01-14,9.791868651107947,9.851295494037835,9.737844342119686,9.848593711853027,3292000
2005-01-18,9.913424749570384,9.9701498198189,9.8837113231274,9.945838928222656,8216000
2005-01-19,9.899920598803506,9.983657326992564,9.899920598803506,9.910724639892578,5354000
2005-01-20,9.886412044621933,9.886412044621933,9.737845943296737,9.810778617858887,7888400
2005-01-21,9.87290825915688,9.951243484706483,9.829689002030955,9.832390785217285,8703600
2005-01-24,9.940435209595874,9.999862055404854,9.908021034803719,9.91882610321045,7715000
2005-01-25,9.980955959269044,10.00796760596968,9.886413134960277,9.959345817565918,4257000
2005-01-26,9.975549374256115,10.072792911587497,9.943135205288272,10.056585311889648,7096400
2005-01-27,10.034981558061284,10.186248447488813,10.021474702566625,10.145730972290039,5924600
2005-01-28,10.089002091281614,10.089002091281614,9.9890577766883,10.024173736572266,9997800
2005-01-31,9.994462136309751,10.183546761190462,9.953943634396632,10.143028259277344,11261400
2005-02-01,10.199752685046732,10.318606400159354,10.186246862082546,10.31590461730957,8331000
2005-02-02,10.359125784010068,10.464473695632813,10.324010843897584,10.459071159362793,6205200
2005-02-03,10.399638069443569,10.518490704997483,10.364522119910076,10.510387420654297,5870200
2005-02-04,10.534699556684302,10.564412976712651,10.477974498681784,10.548205375671387,8835600
2005-02-07,10.575221328276879,10.588727151458285,10.402343288098812,10.477977752685547,7347600
2005-02-08,10.432056336643665,10.572519159546347,10.41584976158873,10.553610801696777,4345200
2005-02-09,10.561713946036223,10.63734840683733,10.450964552806674,10.53470230102539,11826400
2005-02-10,10.64814888263839,10.837233425712057,10.6022288954038,10.82372760772705,11408400
2005-02-11,10.812924225466668,10.974997157815967,10.791315119410243,10.9182710647583,8490400
2005-02-14,10.931774139404295,10.974993367017108,10.90746325947036,10.931774139404297,5754200
2005-02-15,10.980397997005129,10.988501281721964,10.875050143546948,10.956087112426758,5439200
2005-02-16,10.98850636044702,11.27753532711486,10.964195464632514,11.264029502868652,10859600
2005-02-17,11.291041055141914,11.342364629439807,11.093853137628335,11.112761497497559,10380200
2005-02-18,11.137067567041562,11.4152913392065,11.128964282159984,11.358566284179688,13099400
2005-02-22,11.480124924711125,11.553057606707739,11.269431197006412,11.277534484863281,13194600
2005-02-23,11.264025938420884,11.439603658917504,11.264025938420884,11.420695304870605,6509400
2005-02-24,11.466617933251692,11.655702530598013,11.412593615377292,11.6448974609375,10095200
2005-02-25,11.690814882416202,11.990648801570485,11.663803244651715,11.931221961975098,13596200
2005-02-28,12.020369298810772,12.087899463410833,11.455817081537125,11.8447904586792,18948400
2005-03-01,11.817774245905323,11.885304384453352,11.598976226055575,11.61518383026123,14922400
2005-03-02,11.56656137550227,11.80696848988561,11.539549733824982,11.785359382629395,12231400
2005-03-03,11.831284613242138,12.004161669477908,11.81777878642907,11.979850769042969,19723400
2005-03-04,11.993353030164467,12.179735841787258,11.917718574224725,12.133814811706543,11982000
2005-03-07,12.08789127903437,12.144616331588608,11.912312557782288,12.050074577331543,14403600
2005-03-08,12.006860932699864,12.136518697659822,11.993355108721843,12.036574363708496,11586800
2005-03-09,12.125710173462487,12.193240304551432,11.682712678387492,11.704322814941406,30848600
2005-03-10,11.696217694630377,11.76374782107793,11.35856706239262,11.466615676879883,39681400
2005-03-11,11.428802529252888,11.669209689387575,11.39638731655758,11.561161041259766,21890600
2005-03-14,11.588172390862052,11.680013422120085,11.380179436823916,11.6448974609375,20316400
2005-03-15,11.66920816775667,11.79616412775964,11.480123573403224,11.482824325561523,22709200
2005-03-16,11.480119032861133,11.682709368735154,11.372070441557229,11.520637512207031,23806400
2005-03-17,11.588174846085742,11.736740978896405,11.588174846085742,11.72053337097168,23589200
2005-03-18,11.884226673264797,11.884226673264797,11.718905340498978,11.865255355834961,16131400
2005-03-21,11.843578658567429,11.897782885713706,11.664705432686459,11.762272834777832,17719400
2005-03-22,11.721611153541117,11.941137653692598,11.605072509074654,11.621334075927734,19579800
2005-03-23,11.49125290305095,11.542746350979549,11.301538622159798,11.3991060256958,48613000
2005-03-24,11.464144794113999,11.564421895894137,11.28256190619161,11.390969276428223,21760800
2005-03-28,11.409940478141786,11.472275981882914,11.30153310898758,11.404520988464355,21631200
2005-03-29,11.409943304009426,11.550873849286988,11.203968527901855,11.220230102539062,18394800
2005-03-30,11.24732654588971,11.404518593867687,11.052191874981583,11.388257026672363,48348400
2005-03-31,11.569841014661012,11.653857569326808,11.491246016786793,11.618624687194824,24952200
2005-04-01,11.770402356990793,11.922173976557582,11.613210211668807,11.905912399291992,17830400
2005-04-04,11.95197919757799,12.054967066474083,11.713482389625732,11.802918434143066,28208400
2005-04-05,11.697223251151646,11.85712509377058,11.572554298291939,11.653860092163086,17903600
2005-04-06,11.651151347439454,11.892359004640284,11.572555291943194,11.838154792785645,20893000
2005-04-07,11.92488307571048,11.979087296462884,11.65928353126916,11.792082786560059,38581400
2005-04-08,11.708061861993194,11.813759475407608,11.575261633691083,11.577972412109375,23421400
2005-04-11,11.559004768493878,11.6890942596799,11.464147137059085,11.664702415466309,23246400
2005-04-12,11.624045091561308,11.664698496211164,11.426200658907337,11.4804048538208,29360800
2005-04-13,11.385548869359543,11.545450698414742,11.193124932286437,11.198545455932617,36177400
2005-04-14,11.260881683825385,11.388261424734516,11.157893786199718,11.193126678466797,39069800
2005-04-15,11.12536921420936,11.179573413288033,10.751361377811538,10.767622947692871,80558200
2005-04-18,10.756786049799079,10.984442946645279,10.680900762136847,10.962761878967285,58074600
2005-04-19,11.100980622918366,11.287985112738308,11.046776407987087,11.220230102539062,40263000
2005-04-20,11.293402638045896,11.33134630559496,10.989860534667969,10.989860534667969,40722000
2005-04-21,11.01967334418075,11.369289398193358,10.989860978261328,11.36928939819336,29369000
2005-04-22,11.409941110161066,11.515639774190566,11.233778737830319,11.393680572509766,22903800
2005-04-25,11.491255307528387,11.624054608237905,11.466863451540535,11.553589820861816,25917000
2005-04-26,11.518352931003017,11.599658744920546,11.363871574401855,11.363871574401855,28130000
2005-04-27,11.358448574904997,11.38284041715327,11.063036722724506,11.0711669921875,57888600
2005-04-28,10.989857985926932,11.030511389085936,10.83266696368736,10.84892749786377,43846200
2005-04-29,10.949208155939957,11.049485264100129,10.843509489984973,10.989860534667969,29798800
2005-05-02,10.973603771790525,11.201260686105876,10.886876392845053,11.187708854675293,45705600
2005-05-03,11.16602570590716,11.16602570590716,10.884164619938657,10.92481803894043,23528800
2005-05-04,10.924819676859345,11.063039461241265,10.667350396918584,11.05219841003418,35418000
2005-05-05,11.152476431481217,11.233782246711284,11.044067988601439,11.17144775390625,26727600
2005-05-06,11.220230487133096,11.32050761618453,11.125372849287084,11.138923645019531,17781600
2005-05-09,11.193124378671804,11.296112255137071,11.15518174888437,11.287981986999512,18524800
2005-05-10,11.298819804615249,11.298819804615249,11.065743547797643,11.098265647888184,30573800
2005-05-11,11.01967692462435,11.176869074597267,10.976313751159338,11.166028022766113,21360400
2005-05-12,11.07116649359089,11.125370699908073,10.667347275939324,10.67818832397461,46778600
2005-05-13,10.759496740952226,10.759496740952226,10.461374050419945,10.515578269958496,44202800
2005-05-16,10.45866521211269,10.488477587138501,10.282501741792672,10.46950626373291,48238600
2005-05-17,10.480345934919585,10.675480722192292,10.447823814993983,10.656509399414062,37085800
2005-05-18,10.748656506708322,10.835382851013678,10.569783292346079,10.634828567504883,55853800
2005-05-19,10.689033451427107,10.838095348570404,10.596886566765678,10.827254295349121,31536400
2005-05-20,10.773044655046512,10.895003857913222,10.743232290583625,10.745943069458008,23633000
2005-05-23,10.813699865376226,10.965470424082811,10.78117671663105,10.92481803894043,19972200
2005-05-24,10.94107292278773,11.00882789685429,10.916681090769414,10.970885276794434,24069000
2005-05-25,10.995283349308602,11.193127861808758,10.924818591184216,11.138923645019531,31210800
2005-05-26,11.15789240046939,11.225647397413292,11.090137403525487,11.195836067199707,17919800
2005-05-27,11.241913398021401,11.385553717299748,11.22023232806411,11.382843971252441,20082400
2005-05-31,11.40723405545741,11.40723405545741,11.212099286747494,11.29611587524414,16916800
2005-06-01,11.361155866270884,11.545449515928938,11.331344540058934,11.510217666625977,27831800
2005-06-02,11.48582613635415,11.561711393936527,11.382838262593001,11.48853588104248,31970200
2005-06-03,11.510226636201176,11.613213553607777,11.47770347231079,11.553589820861816,18222200
2005-06-06,11.626752663041836,11.626752663041836,11.488531952443548,11.5888090133667,12931600
2005-06-07,11.599661406599143,11.675547746346764,11.46957186770862,11.477702140808105,18602200
2005-06-08,11.46685451575697,11.691800537808993,11.420780586412922,11.510217666625977,33232400
2005-06-09,11.545451895626934,11.85441557234231,11.518350308444893,11.843574523925781,32937200
2005-06-10,11.821890556260085,11.865253709204632,11.697221620776904,11.830021858215332,23413200
2005-06-13,11.7649804525018,11.911331529162561,11.732458335641448,11.8760986328125,21866600
2005-06-14,11.830024668970475,11.970954174130064,11.830024668970475,11.949273109436035,21126200
2005-06-15,11.924886198139417,12.092918395996094,11.924886198139417,12.092918395996094,22493600
2005-06-16,12.125432138264426,12.263651847839355,12.084778735169982,12.263651847839355,19638600
2005-06-17,12.451519775512145,12.48142533878566,12.304711212401022,12.462394714355469,38455400
2005-06-20,12.508609300352289,12.546671579157854,12.378113170006372,12.475985527038574,19233600
2005-06-21,12.301987385597293,12.456951563619874,12.204115054827078,12.212270736694336,33293000
2005-06-22,12.234020910417435,12.361798794017517,12.119837213057123,12.282957077026367,47478400
2005-06-23,12.291116387066698,12.516766670489847,12.277523233905436,12.293835639953613,29875000
2005-06-24,12.342767293620165,12.39713988632108,12.201396270998185,12.217707633972168,17967400
2005-06-27,12.315582523314768,12.440641171899415,12.274803070302008,12.405299186706543,22184200
2005-06-28,12.356363044684118,12.405299218096012,12.171493286703843,12.174211502075195,23333000
2005-06-29,12.147031018251072,12.244903411954327,12.057314311659272,12.16334342956543,25027000
2005-06-30,12.17965055855496,12.315584160853767,12.073622514696464,12.084497451782227,29436600
2005-07-01,12.100809677233755,12.359083747309281,12.100809677233755,12.353646278381348,16233000
2005-07-05,12.456954189734185,12.731540624181015,12.40801801403259,12.723383903503418,33487000
2005-07-06,12.859314256775408,12.859314256775408,12.462388520101653,12.495012283325195,29358200
2005-07-07,12.32918218259614,12.658142418258521,12.32918218259614,12.655423164367676,31388400
2005-07-08,12.707078714699826,12.76417060174694,12.473272658688026,12.571145057678223,29977400
2005-07-11,12.451513354329666,12.674444300197196,12.416170339860704,12.663570404052734,19920600
2005-07-12,12.726104202878675,12.840287930847245,12.630950059147118,12.777758598327637,27570400
2005-07-13,12.783193145277286,12.832129313819815,12.65541525662837,12.704351425170898,23530200
2005-07-14,12.698912843622484,12.78591023848883,12.329173396895134,12.399859428405762,60506800
2005-07-15,12.505888481858916,12.505888481858916,12.285675724369133,12.334611892700195,42729200
2005-07-18,12.239458377495183,12.35636132693977,12.195959677963998,12.282957077026367,25366600
2005-07-19,12.342765835511786,12.546666145324707,12.274799065574145,12.546666145324707,24609200
2005-07-20,12.541232062304868,12.601042130762282,12.383548615710579,12.560262680053711,22040600
2005-07-21,12.514044950088318,12.603761610026341,12.36451822061585,12.437922477722168,23705200
2005-07-22,12.565704871608549,12.902819687403355,12.560267402051695,12.8837890625,48244400
2005-07-25,12.826690577600205,13.106713374376184,12.826690577600205,13.00340461730957,34083400
2005-07-26,12.989809706684046,13.063213948138053,12.90009410296738,12.973498344421387,15805200
2005-07-27,12.995250037045375,13.046905461169501,12.848441521783508,13.038748741149902,24545000
2005-07-28,13.095841456269909,13.131184479767894,12.932721564433182,13.076810836791992,16556400
2005-07-29,13.180119390979945,13.180119390979945,12.938157791882855,12.940876007080078,17639000
2005-08-01,13.000688358880316,13.14205941578127,12.98981342286694,13.076810836791992,14161200
2005-08-02,13.12846571032962,13.305178746180836,13.109435091654733,13.294304847717285,15673600
2005-08-03,13.400330066562221,13.403048281335357,13.188273016082363,13.229053497314453,21247200
2005-08-04,13.21274309581652,13.389457158429092,13.21274309581652,13.256241798400879,21083200
2005-08-05,13.267121390217033,13.321495046805918,13.063220955827147,13.155655860900879,18391600
2005-08-08,13.261679518129153,13.484610502751027,13.261679518129153,13.345958709716797,22965600
2005-08-09,13.381301965311884,13.41664394945461,13.253524068068593,13.31605339050293,17855200
2005-08-10,13.389460020124867,13.558017399028241,13.34867952400886,13.533549308776855,23931400
2005-08-11,13.582481587453762,13.704822003566075,13.514514804845897,13.664041519165039,25603600
2005-08-12,13.729290705794295,13.742883855510575,13.571607265231071,13.63957405090332,18358200
2005-08-15,13.579761432172443,13.620540873656054,13.45742103354031,13.506357192993164,20461000
2005-08-16,13.476454515697768,13.517235002952914,13.204587366239123,13.2100248336792,33384800
2005-08-17,13.199147819104892,13.348674520329133,12.845720787913766,12.905531883239746,56127400
2005-08-18,12.818541122376287,12.95991117830271,12.742417587926008,12.878351211547852,32587800
2005-08-19,12.954475780942161,13.136626353343797,12.954475780942161,13.098565101623535,24550800
2005-08-22,13.1746851988966,13.291588186167509,12.9979721285993,13.131186485290527,26200400
2005-08-23,13.131184243049375,13.21274418749744,12.954471202927058,13.10671615600586,33849800
2005-08-24,13.212742759386934,13.321490031624288,13.101277272034528,13.231773376464844,29120800
2005-08-25,13.286147736605061,13.286147736605061,13.123027856450747,13.196432113647461,25794600
2005-08-26,13.13390196612985,13.250804919825624,13.036029629352845,13.046904563903809,20387800
2005-08-29,13.32149143069043,13.335084581874984,13.049624258635523,13.152934074401855,30181600
2005-08-30,13.207309220301203,13.435676675226869,13.199152498988806,13.397615432739258,30198200
2005-08-31,13.408489412151805,13.835320807435478,13.384021324144227,13.767354011535645,42814800
2005-09-01,13.946790259979075,14.145253235746443,13.86523028922542,14.126222610473633,39612800
2005-09-02,14.01474910595508,14.01474910595508,13.819005494869703,13.851629257202148,28966000
2005-09-06,13.854357350817144,13.979416059840448,13.71298623045067,13.949511528015137,24194600
2005-09-07,13.916878804887705,14.123498416240002,13.88697429003882,13.97125244140625,26198200
2005-09-08,13.933198759185554,14.101756190374495,13.933198759185554,13.990290641784668,31804200
2005-09-09,14.050102190421416,14.36003074744533,14.050102190421416,14.354593276977539,26980000
2005-09-12,14.297500271235815,14.327405837917206,14.039226148277239,14.060976028442383,27957000
2005-09-13,14.069134638731496,14.177881987973784,13.938638441895701,13.941356658935547,21725800
2005-09-14,14.01747557120721,14.177877287763282,13.957664445243212,14.115346908569336,23563600
2005-09-15,14.240406629865989,14.251280531512066,13.944071290367187,14.115346908569336,29921000
2005-09-16,14.163871231619598,14.267476354191642,14.131154207669905,14.253843307495117,27790400
2005-09-19,14.425615044565777,14.70916546786307,14.395623994401815,14.630098342895508,32382600
2005-09-20,14.572839998481973,14.638274056831245,14.401073775217823,14.491046905517578,30426600
2005-09-21,14.77731823457125,14.807309267823662,14.578288061234172,14.695525169372559,39852000
2005-09-22,14.900012951046142,14.900012951046142,14.300195221039555,14.586471557617188,51834200
2005-09-23,14.504676158704234,14.559205223672809,14.248389865368555,14.330183982849121,32064000
2005-09-26,14.232035165092578,14.616463653940253,14.232035165092578,14.591925621032715,23424000
2005-09-27,14.496495882865046,14.608281036229968,14.4228828424402,14.602828025817871,14196000
2005-09-28,14.695530514478177,14.750058551073582,14.474688222066511,14.722794532775879,34448200
2005-09-29,14.812771414798245,14.875479504800694,14.68462820823991,14.86457347869873,26904600
2005-09-30,14.826392588952604,14.856383618780901,14.611003411144955,14.632814407348633,20336600
2005-10-03,14.736429292989651,14.80459039151417,14.540126036477,14.594654083251953,13257400
2005-10-04,14.466510589455146,14.53194465556537,14.043910985580476,14.068449020385742,35211400
2005-10-05,14.095711881238694,14.125702923548069,13.528611183166502,13.528611183166504,63111800
2005-10-06,13.195984171270437,13.501345487614378,12.994226937222827,13.206889152526855,101702200
2005-10-07,13.367753812055312,13.525888053970778,13.291413717368279,13.50407600402832,43041600
2005-10-10,13.495895329333976,13.528612360128898,13.20689194382113,13.299591064453125,32451000
2005-10-11,13.484990340800177,13.700379643515591,13.427735272500355,13.618586540222168,34082600
2005-10-12,13.65947725507373,13.66765729025812,13.277775908257944,13.356842994689941,41327000
2005-10-13,13.195989493149742,13.277782605864568,12.735219787424215,12.994232177734375,78428400
2005-10-14,12.896075189393317,13.228701568402046,12.705223971272645,13.179625511169434,62164000
2005-10-17,13.468627375175961,13.468627375175961,13.266870157434727,13.343210220336914,29973200
2005-10-18,13.17417346550222,13.302316628781337,12.72158393568778,12.724309921264648,62569400
2005-10-19,12.73248848573127,13.035123812488518,12.446212190710101,13.01058578491211,92579600
2005-10-20,12.923337796312426,12.983318823751295,12.252632154488266,12.4189453125,95887800
2005-10-21,12.481662083138756,12.76248656251391,12.367151917999058,12.547097206115723,62963400
2005-10-24,12.487113422824262,12.996958164133998,12.484387436424639,12.994232177734375,60696800
2005-10-25,13.04058416749298,13.329586610541268,12.964243016451539,13.264152526855469,67175400
2005-10-26,13.261421570297466,13.615859032058495,13.127826415660687,13.185081481933594,61851800
2005-10-27,13.236881281753547,13.324127379326134,12.806103804995846,12.811556816101074,54528600
2005-10-28,12.827915129102783,13.220523618020884,12.626158913458134,13.160541534423828,56558800
2005-10-31,13.236884131921979,13.493170508773664,13.13055299261362,13.310498237609863,45360800
2005-11-01,13.239614659747259,13.42773895289043,13.223255618582455,13.392294883728027,41405000
2005-11-02,13.375929675544295,13.662205981315928,13.345938636262945,13.654026985168457,41859400
2005-11-03,13.763085984043546,13.983928271065954,13.716736946057388,13.913040161132812,37997400
2005-11-04,13.836703758047085,13.891232847863373,13.465907195363384,13.495898246765137,58942200
2005-11-07,13.414103380829172,13.51498150778313,13.190535077819998,13.261422157287598,43073400
2005-11-08,13.225972270167349,13.46862652925462,13.163264216713994,13.373200416564941,26947800
2005-11-09,13.332306242430837,13.588591501483767,13.127823024234385,13.25051212310791,64432000
2005-11-10,13.149637731296194,13.15509074345768,12.74067117968611,12.838823318481445,80092400
2005-11-11,12.746120552627232,13.013311831918434,12.746120552627232,12.942424774169922,31180400
2005-11-14,13.127822912215464,13.141454918634487,12.898801668187446,13.01058578491211,30897200
2005-11-15,12.988773273529567,13.343210627901362,12.97241528243965,13.03239631652832,50381200
2005-11-16,13.032400121745477,13.370479583740234,13.01604212587933,13.370479583740234,45751000
2005-11-17,13.520430779634074,13.523156764989714,13.255965477752184,13.365023612976074,36924000
2005-11-18,13.414102639476104,13.465904693145047,13.215072382677716,13.370479583740234,48028800
2005-11-21,13.50407283669862,13.703103065490723,13.433185771123497,13.703103065490723,35605400
2005-11-22,13.836698761373956,13.95120887258627,13.74672563965956,13.921218872070312,28823000
2005-11-23,13.81216022967848,13.997558437329639,13.722188151290533,13.869415283203125,24430200
2005-11-25,13.863967235457046,13.964846411653149,13.853062249969119,13.904864311218262,7350000
2005-11-28,13.825796548007006,13.825796548007006,13.41955699578129,13.435914993286133,44192200
2005-11-29,13.550426567661683,13.621313652361248,13.414104370884516,13.457727432250977,29985000
2005-11-30,13.427737901808692,13.659485246528192,13.427737901808692,13.509531021118164,35525800
2005-12-01,13.618585758419652,13.937579154968262,13.615858732434837,13.937579154968262,37357000
2005-12-02,14.05481804200964,14.05481804200964,13.803985703408703,13.951212882995605,30877800
2005-12-05,14.095715130636396,14.177508239390951,13.975750933744294,14.049365043640137,40542800
2005-12-06,14.016646313367922,14.232035604421206,13.967570246037914,14.109345436096191,28030000
2005-12-07,14.202044934395255,14.324735105964793,13.967570615408073,14.057543754577637,66806000
2005-12-08,14.09026046554951,14.319281767236294,14.0684484177433,14.305649757385254,32613200
2005-12-09,14.180226676423503,14.272925761009299,14.065716593140891,14.128424644470215,28286800
2005-12-12,14.316554839059588,14.3220078510484,14.161147637573318,14.311102867126465,27012400
2005-12-13,14.354727634700811,14.501954815732018,14.232037450461627,14.25112247467041,37813200
2005-12-14,14.259304325103756,14.439249617953825,14.19932325419108,14.422891616821289,31727200
2005-12-15,14.341092389355413,14.436518535858049,14.204770214399352,14.308375358581543,30722400
2005-12-16,14.310284992198438,14.375891344014546,13.941252261218398,13.960387229919434,45466600
2005-12-19,14.028728454293274,14.105268338658972,13.842844984167112,13.845579147338867,38872400
2005-12-20,13.886583313958472,14.077934082863635,13.886583313958472,14.034196853637695,29189000
2005-12-21,14.07793102945888,14.20640956865927,13.998656992812785,14.064263343811035,35378400
2005-12-22,14.146274903352094,14.176344446802716,14.004128634262358,14.047865867614746,16832200
2005-12-23,13.911179259767552,14.058792732481947,13.779967631613864,14.009588241577148,27793000
2005-12-27,13.886588270368778,13.886588270368778,13.520288453819882,13.596829414367676,51304200
2005-12-28,13.67883046420928,13.881114739532695,13.662428613732638,13.801841735839844,38797800
2005-12-29,13.77723772951129,13.933051639503136,13.681561844730858,13.695229530334473,25124200
2005-12-30,13.613225678611744,13.859248250310234,13.569488448396214,13.752638816833496,24225600
2006-01-03,13.840113951677427,14.405964851379396,13.840113951677427,14.405964851379395,48380400
2006-01-04,14.323960664860854,14.474307367302607,14.211883918373935,14.44697093963623,39995800
2006-01-05,14.474303531925942,14.487971220748443,14.127138813389765,14.26381778717041,47122000
2006-01-06,14.49617590461413,14.651989897296591,14.425103276090496,14.613719940185547,36291800
2006-01-09,14.610983478001065,14.676588805825935,14.455169520944645,14.597315788269043,30470400
2006-01-10,14.597314221474521,14.83240117085491,14.569977802166727,14.755861282348633,34982600
2006-01-11,14.692995436190689,14.884346282985096,14.515312283571978,14.818739891052246,39429000
2006-01-12,14.939016297684706,15.045625759265162,14.676591804435008,14.712128639221191,44637600
2006-01-13,14.583637621242305,14.91713445740132,14.583637621242305,14.887064933776855,35416000
2006-01-17,15.116696965066241,15.22877370167673,15.070226606295599,15.215106010437012,30796000
2006-01-18,15.174099581888585,15.212370571417711,14.813267165693837,15.089359283447266,43220200
2006-01-19,14.9308122229191,15.390053701892903,14.9308122229191,15.351783752441406,52820200
2006-01-20,15.554066078999606,15.720813534415223,15.308043533668844,15.420120239257812,57437800
2006-01-23,15.335375758669292,15.663405404139876,15.283438139890968,15.589598655700684,43304200
2006-01-24,15.450191787936973,15.636075281315083,15.447457624423205,15.496662139892578,39394200
2006-01-25,15.63880461796755,15.663406869749288,15.021016246127058,15.17136287689209,74196800
2006-01-26,15.133090415538256,15.239699807888064,14.911670186427365,15.220564842224121,54059400
2006-01-27,15.338117554537172,15.55680374609125,15.310781128856652,15.48573112487793,45753000
2006-01-30,15.666142259755064,15.931298724419943,15.636072722691145,15.84109115600586,57694400
2006-01-31,15.786427828421717,15.841099648504366,15.655216085890302,15.761825561523438,35137400
2006-02-01,15.715347371953495,15.873894424240587,15.379116210733674,15.387317657470703,64991200
2006-02-02,15.305311318320134,15.469325663053976,15.034686502453747,15.234237670898438,71964400
2006-02-03,15.239704155968196,15.275240977816377,15.0182838636833,15.09482479095459,41721800
2006-02-06,15.242443026233603,15.485732544593684,15.226042212099697,15.390056610107422,43949800
2006-02-07,15.226033079366518,15.226033079366518,14.68478463925375,14.74765682220459,73028600
2006-02-08,14.785929734916408,14.829666959814892,14.433297772609922,14.75039291381836,88577400
2006-02-09,14.898015138408837,15.021026481134847,14.384101663674791,14.41417121887207,62496200
2006-02-10,14.460639352754077,14.534445098864076,14.10253997913673,14.36223030090332,86765000
2006-02-13,14.392298347326355,14.569980412156063,14.233750215272995,14.304823875427246,46839200
2006-02-14,14.077943509968163,14.282962104773524,14.017804388469472,14.143549919128418,61700000
2006-02-15,14.228282592022326,14.351293891072823,13.965859182566556,14.067001342773438,104064400
2006-02-16,14.203677230989591,14.411429833531612,14.198209947472412,14.38956069946289,54272800
2006-02-17,14.68205434459427,14.75586111170512,14.40596329083392,14.490703582763672,47213200
2006-02-21,14.733998446454855,14.898012849707348,14.65472436634562,14.775001525878906,41752400
2006-02-22,14.651980140016063,14.665648866548757,14.430560951959421,14.498900413513184,48568000
2006-02-23,14.463367013315937,14.67658584997146,14.241946730250657,14.482501983642578,57958600
2006-02-24,14.761325073443412,14.796861888746077,14.641047985281931,14.66018295288086,33029400
2006-02-27,14.583646901572928,14.624651013113366,14.405964851379396,14.405964851379395,32065200
2006-02-28,14.364959160618591,14.364959160618591,14.179075682885458,14.307554244995117,47670000
2006-03-01,14.416898430181547,14.5590436434644,14.3731612008381,14.550843238830566,26790800
2006-03-02,14.597317096128162,14.82147056470581,14.539911125665709,14.794134140014648,42100600
2006-03-03,14.657453275729555,14.903475852686583,14.63831830227488,14.796866416931152,45045200
2006-03-06,14.665649923346807,14.701185695115703,14.274748091668927,14.28294849395752,47172200
2006-03-07,14.2200774994656,14.231012065283418,13.98498954827044,14.072463989257812,47732200
2006-03-08,13.933051924802184,14.239212468257987,13.845577483814811,14.072463989257812,81573200
2006-03-09,14.214614298359926,14.274753384849603,13.963125468999253,13.971325874328613,45627000
2006-03-10,13.913921046688387,14.146274903352094,13.818245131820234,14.047865867614746,47799400
2006-03-13,14.129872500181296,14.34035825337031,14.091602552833812,14.323957443237305,23997000
2006-03-14,14.378627492649878,14.610982371611179,14.0615323181001,14.589113235473633,33197600
2006-03-15,14.515306478297063,14.668387303064844,14.463368844090152,14.665654182434082,43330400
2006-03-16,14.619178431956412,14.917138545231232,14.569973933046624,14.898003578186035,54604800
2006-03-17,14.8873062438295,14.983265568560464,14.695388640234372,14.709097862243652,46593600
2006-03-20,14.667976817533122,14.774902088677333,14.36639266579985,14.382842063903809,45785400
2006-03-21,14.338985509639745,14.572028926089555,14.262218807964352,14.358177185058594,50832800
2006-03-22,14.358169845147595,14.64604587513567,14.347203926133949,14.454129219055176,43925600
2006-03-23,14.574756448569685,14.69264865584464,14.536373133804236,14.667973518371582,34714000
2006-03-24,14.654270046838459,14.887312273243959,14.646044301128073,14.766678810119629,42517000
2006-03-27,14.654281654673325,14.881840579479837,14.607672544952248,14.843457221984863,38741200
2006-03-28,14.928448072100668,15.103915427852218,14.909256395432088,14.958606719970703,45004800
2006-03-29,14.91473813476295,15.14503927368938,14.91473813476295,15.134072303771973,36419200
2006-03-30,15.161488036898145,15.271155639665302,15.060046184152576,15.125845909118652,46860200
2006-03-31,14.996981169136394,15.010689352065272,14.821513917565177,14.9147310256958,51697800
2006-04-03,15.0106955314065,15.265671813143646,14.953120511883336,14.996987342834473,36763000
2006-04-04,14.87360303141791,15.221796260145943,14.87360303141791,15.194378852844238,27552000
2006-04-05,15.188901007461372,15.449359657403837,15.109392071058899,15.443877220153809,40829600
2006-04-06,15.561771327128552,15.589188747790992,15.317762035504972,15.47677993774414,42543600
2006-04-07,15.408237143576576,15.468553374122704,15.150518632257986,15.175193786621094,43387400
2006-04-10,15.345175742772383,15.504192560663249,15.298566661859047,15.463068008422852,34570400
2006-04-11,15.600153661888726,15.660469887668569,15.279376680516634,15.353402137756348,27590200
2006-04-12,15.30679167292265,15.446616817203887,15.180673666194986,15.251957893371582,32700200
2006-04-13,15.095681796189277,15.31501586118475,15.021656353153183,15.301307678222656,22807200
2006-04-17,15.537095857175803,15.583704948425293,15.40549537826114,15.583704948425293,27431400
2006-04-18,15.709817030271019,15.992210616794608,15.68240066460495,15.96479320526123,58448800
2006-04-19,15.87431773238203,16.217027518954463,15.846900321935875,16.211544036865234,48529200
2006-04-20,16.121072479517277,16.22525657545037,15.764654414961228,16.0443058013916,52530000
2006-04-21,16.162191375307955,16.408941757957678,16.044299142335145,16.3787841796875,39209200
2006-04-24,16.31298345110068,16.340399811663247,16.044299143292488,16.129291534423828,59635400
2006-04-25,16.29928092819434,16.376047601108432,15.739978193303847,15.920928955078125,67672600
2006-04-26,15.953831204774742,16.211549724042555,15.649505686066425,15.668697357177734,58854200
2006-04-27,15.31227753673352,15.792071384923151,15.147777207129824,15.490487098693848,89759000
2006-04-28,15.591925330173186,15.863351961741946,15.591925330173186,15.665950775146484,38107800
2006-05-01,15.778366752836572,16.074468667867393,15.745466888677978,15.923676490783691,39191600
2006-05-02,16.10188027997567,16.29653923359697,16.003179670852894,16.277347564697266,38083000
2006-05-03,16.214283745466346,16.274600996965233,15.904473834404572,16.025108337402344,51569400
2006-05-04,15.888033261971241,16.099142713629888,15.663215621683904,15.951091766357422,55618400
2006-05-05,16.14300331893601,16.21702876402306,16.005919393782364,16.13751983642578,31436800
2006-05-08,15.934639829519007,16.09639895036599,15.792072380139661,16.066240310668945,34185400
2006-05-09,16.011404984685164,16.244447269786583,15.994954534988274,16.16219711303711,26333400
2006-05-10,16.11285151329741,16.31573522277849,16.05801771083546,16.3129940032959,41188800
2006-05-11,16.452817561869413,16.49120195186448,16.052532621872913,16.101882934570312,43551400
2006-05-12,16.05252609569803,16.05252609569803,15.53709028700279,15.556282997131348,70278200
2006-05-15,15.251958268475365,15.49048401264131,15.060040558260315,15.230024337768555,58166600
2006-05-16,15.325986214809282,15.495970022034463,15.145035440442461,15.284860610961914,41205200
2006-05-17,15.147768346004053,15.328719021062817,14.78312473267233,14.89553451538086,72929200
2006-05-18,14.903765619102163,15.06552470465541,14.695397451677254,14.71458911895752,49518600
2006-05-19,14.635084336229934,14.928443936457564,14.418491421409863,14.810551643371582,80607600
2006-05-22,14.558310973315201,14.843445760054575,14.325268742266378,14.725553512573242,75077600
2006-05-23,14.999723790588211,15.188900288652944,14.667980921685375,14.72829818725586,58351800
2006-05-24,14.558311079571661,14.846188132325999,14.297852482686881,14.547345161437988,76549600
2006-05-25,14.747481319044121,15.109382611277502,14.670713649329869,15.057290077209473,64495800
2006-05-26,15.049073446385659,15.166965708118475,14.972306781394009,15.106648445129395,28766600
2006-05-30,15.243729799901221,15.325980979499192,14.851669748388414,14.868120193481445,38809200
2006-05-31,14.816031331417665,15.230024337768556,14.810547848740963,15.230024337768555,39841400
2006-06-01,15.079230987175835,15.35065760512661,14.97230569842372,15.271148681640625,39707800
2006-06-02,15.421935416526082,15.526119450849354,15.24098474947352,15.498702049255371,35372600
2006-06-05,15.671434209785104,15.676917692270159,14.999722770442489,15.010689735412598,73397400
2006-06-06,14.980536889027391,15.177938151241374,14.857161100143651,14.996987342834473,49843400
2006-06-07,14.89279448820482,14.966819918097796,14.421225547790527,14.421225547790527,92812800
2006-06-08,14.317047252664679,14.654273624845837,13.968853914103446,14.624114990234375,150771000
2006-06-09,14.75297192656464,14.75297192656464,14.341720164344261,14.476061820983887,62874000
2006-06-12,14.563798496484909,14.651532140462058,14.158030131623704,14.179964065551758,43478000
2006-06-13,13.996268255417304,14.218344586020013,13.711133446070763,13.760483741760254,75171200
2006-06-14,13.812580992994034,14.141582727379586,13.763230680542817,14.114165306091309,79172400
2006-06-15,14.289633419830515,14.74475218004949,14.26770052743819,14.651535034179688,76566600
2006-06-16,14.598419898292285,14.713997002976702,14.342500291209397,14.612178802490234,59343200
2006-06-19,14.557139310637467,14.557139310637467,14.045300232721512,14.061810493469238,93441400
2006-06-20,14.20766189690627,14.328741726347623,13.959997416529491,13.995771408081055,44635400
2006-06-21,14.042554416177152,14.480094376956142,14.03154792042306,14.309481620788574,78507000
2006-06-22,14.309479471348132,14.447070620111093,14.196654771351987,14.370019912719727,35386800
2006-06-23,14.664466374953282,14.79104999272149,14.639699923673653,14.68923282623291,53731800
2006-06-26,14.667219339834853,14.870854744811963,14.551643254385933,14.851592063903809,33053200
2006-06-27,14.95065546401038,15.074486664199656,14.848837253105708,14.879107475280762,48294800
2006-06-28,14.923130786812346,15.170795190138794,14.91487565661373,15.135021209716797,44248000
2006-06-29,15.228592023166906,15.56981861545722,15.228592023166906,15.564314842224121,60785200
2006-06-30,15.624851355376338,15.71015825008872,15.481756427021962,15.616596221923828,22692400
2006-07-03,15.699156005262328,15.831243433777619,15.652375500256682,15.784462928771973,7662000
2006-07-05,15.693647106935956,15.894530071153037,15.520283004093477,15.85600471496582,32829800
2006-07-06,15.836737047258131,15.977080571708097,15.75693394902085,15.814723014831543,33697200
2006-07-07,15.878011252046074,16.018353695386732,15.550543801356769,15.600076675415039,39374600
2006-07-10,15.60833287983171,15.806463326652873,15.53128115909441,15.646858215332031,29220400
2006-07-11,15.699154047313844,15.977088829730068,15.68814650054267,15.933059692382812,25975000
2006-07-12,15.999094365395875,16.02661321768959,15.806466598287377,15.87801456451416,30260400
2006-07-13,15.946814947828017,15.979836530839403,15.699150450899618,15.726669311523438,37032600
2006-07-14,15.850499864920915,15.938558115857585,15.56431107424531,15.911040306091309,35258000
2006-07-17,15.745933643690687,15.825735723542461,15.316648820484163,15.396451950073242,64838800
2006-07-18,15.53403986689841,15.602835436681186,15.206572282900657,15.415711402893066,37958000
2006-07-19,15.366173656550023,15.630348309161521,15.311137008155105,15.575311660766602,45156400
2006-07-20,15.616596688244606,15.627604233001453,15.198319435119629,15.198319435119629,37870600
2006-07-21,15.275372269856833,15.275372269856833,14.928642959772379,14.991934776306152,60833000
2006-07-24,14.997432811332017,15.470746623128424,14.997432811332017,15.443227767944336,45137000
2006-07-25,15.550549259889985,15.737673283185998,15.448732116246783,15.712906837463379,38077800
2006-07-26,15.619343538543253,16.117423772698974,15.597329505124678,16.02936553955078,39309400
2006-07-27,16.210984557466652,16.230247228910585,15.853247880989091,15.891773223876953,34664600
2006-07-28,15.806468138890613,15.941307903930003,15.646862978978398,15.897278785705566,29452600
2006-07-31,16.015608305196594,16.221995007454957,15.894527434706639,16.139440536499023,31043000
2006-08-01,16.109173761931295,16.19998338447068,15.957823691207468,16.158706665039062,22086000
2006-08-02,16.334823531720925,16.477918471522905,16.078903876847406,16.191728591918945,35554600
2006-08-03,15.960575206365109,16.22199863089958,15.946816299755355,16.0513858795166,23421000
2006-08-04,16.098161339335984,16.188971984098288,15.776198616423006,15.91654109954834,33659400
2006-08-07,16.032118688241617,16.180717366904705,15.905535095189533,16.08440399169922,38116200
2006-08-08,16.056888852888953,16.188977297667826,15.968830589527904,15.990845680236816,40603600
2006-08-09,16.15320169145612,16.332069561834935,16.087157475643945,16.125682830810547,37053200
2006-08-10,16.032118565730183,16.07064496525503,15.864258263045782,15.993593215942383,35670800
2006-08-11,15.9743293660459,16.048628699344537,15.869759817358522,16.001848220825195,16322600
2006-08-14,15.883527137697287,15.883527137697287,15.371687748476072,15.671636581420898,33443400
2006-08-15,15.809221396438181,15.872513191668915,15.619344961008936,15.751433372497559,33198800
2006-08-16,15.696398015908606,15.933054952397676,15.572565775915821,15.68539047241211,44679200
2006-08-17,15.53128255199802,15.611085639683813,15.445976744235816,15.575311660766602,69987200
2006-08-18,15.685393641520792,15.822984813814832,15.492765790361664,15.81748104095459,27279600
2006-08-21,15.944059742606408,15.993592633311156,15.858753913965908,15.922045707702637,24737000
2006-08-22,15.905533321143345,16.02936553955078,15.880766877461857,16.02936553955078,13917800
2006-08-23,15.955064011849784,15.999093122362051,15.677130448566738,15.69364070892334,24303600
2006-08-24,15.740424986422449,15.92754900131055,15.674380784217302,15.897278785705566,21704600
2006-08-25,16.04313411810753,16.166966411204697,15.977090928280758,16.021120071411133,26378800
2006-08-28,15.82298339935259,15.919296791453753,15.75969159172365,15.789961814880371,35186400
2006-08-29,15.707411170080567,15.707411170080567,15.534045972164751,15.690899848937988,26977000
2006-08-30,15.633102518769673,15.693641894210877,15.29187609922532,15.426715850830078,39981000
2006-08-31,15.404705775047022,15.49276403133823,15.283625935080916,15.319398880004883,21933000
2006-09-01,15.410211748781457,15.547802925109863,15.357927479682116,15.547802925109863,17497000
2006-09-05,15.492761370547466,15.759688504564208,15.476251106414168,15.751433372497559,33220400
2006-09-06,15.583579613383133,15.602842297413346,15.201076245158117,15.217586517333984,34454000
2006-09-07,15.135028915199314,15.297386540097309,15.066233329221134,15.231342315673828,50465600
2006-09-08,15.165297954040629,15.2891302090568,14.846086502075194,14.846086502075195,33601600
2006-09-11,14.664468514282504,14.70849765078757,14.345257012186416,14.386533737182617,88824200
2006-09-12,14.41404953002871,14.540633139271756,14.215917933135456,14.295721054077148,50193000
2006-09-13,14.419553344270788,14.68647946893508,14.41129716121798,14.592917442321777,45052000
2006-09-14,14.584663842392743,14.669970744659338,14.224174603477227,14.268203735351562,61271400
2006-09-15,14.325358284233777,14.388866876753257,14.198340045862048,14.317073822021484,61135400
2006-09-18,14.39991176553906,14.736783376021238,14.344686583274406,14.662229537963867,66620800
2006-09-19,14.662231569739726,14.73402463263211,14.28117997130926,14.44133186340332,52592800
2006-09-20,14.30326985415329,14.433048896441163,14.013338914857309,14.054758071899414,58647400
2006-09-21,14.123790240982743,14.383347289553553,14.093416330901832,14.23423957824707,47660800
2006-09-22,14.333637583897367,14.369534100972318,14.071318826809584,14.17348575592041,48575000
2006-09-25,13.999539489504865,14.29223135256218,13.853192504642793,14.192827224731445,69880800
2006-09-26,14.082369159439098,14.518646984095996,14.082369159439098,14.504839897155762,62279800
2006-09-27,14.673277391760735,14.792011186056094,14.435809803170018,14.745070457458496,70352200
2006-09-28,14.742302904078985,14.902455793685244,14.659465674742048,14.69812297821045,48496200
2006-09-29,14.60700736529536,14.841713104687496,14.571110834015931,14.758875846862793,33727800
2006-10-02,14.695369474721916,14.86104401548177,14.582158292758306,14.590441703796387,29895400
2006-10-03,14.358495045765125,14.408197612882484,14.054758071899414,14.054758071899414,68121000
2006-10-04,14.132073217439522,14.319838243686572,13.86147092745594,14.261852264404297,75332400
2006-10-05,14.5241682224927,14.587677871632426,14.36677712563802,14.535213470458984,62842800
2006-10-06,14.413722988956541,14.554546253783606,14.292227333550404,14.549023628234863,51216400
2006-10-09,14.673273413461523,14.700886528679014,14.32811737323771,14.330879211425781,40557200
2006-10-10,14.248043725545191,14.631858202673484,14.248043725545191,14.598722457885742,53543600
2006-10-11,14.518645021849444,14.582153610526307,14.336401610864486,14.366775512695312,43451400
2006-10-12,14.455140463496008,14.703653335571287,14.449618891523734,14.703653335571289,46280400
2006-10-13,14.808584330601803,15.018438871183408,14.76440437188287,14.905227661132812,54467400
2006-10-16,14.88312568508217,15.255893707275389,14.85827441338046,15.25589370727539,56224600
2006-10-17,15.21448153546339,15.222765998711683,14.985298416696658,15.090226173400879,45572600
2006-10-18,15.070901294033924,15.214485350794138,14.877613605318485,14.993585586547852,57421600
2006-10-19,15.06537560032428,15.302842140197754,14.993582533231065,15.302842140197754,37268800
2006-10-20,15.366351386936245,15.366351386936245,15.04880732480445,15.104032516479492,55108600
2006-10-23,15.007393508849784,15.197920435270607,14.930078844988174,15.1316499710083,38240800
2006-10-24,15.106788344946844,15.446421740302162,15.048802386715282,15.407764434814453,35451000
2006-10-25,15.371871586037932,15.777775497286354,15.313885613954678,15.672847747802734,59867600
2006-10-26,15.855088323022859,15.863372784758598,15.523739346909032,15.636950492858887,40829800
2006-10-27,15.623145679793613,15.739117619813554,15.460231964051705,15.509933471679688,42041200
2006-10-30,15.297309441480575,15.438132580907471,15.20066516043701,15.231039047241211,77003400
2006-10-31,15.228291073476711,15.427100316766767,15.035003402130126,15.388442993164062,61219400
2006-11-01,15.358056161756794,15.468506467711672,15.115067173987553,15.231039047241211,55034800
2006-11-02,15.142686157923624,15.388437095208294,15.109551472297055,15.291793823242188,36178000
2006-11-03,15.391198501188727,15.667323331431325,15.388436663020027,15.62866497039795,63797000
2006-11-06,15.573446996064856,15.794346736812878,15.518221797544587,15.74188232421875,38969600
2006-11-07,15.741878783056332,15.780537150657391,15.509933844114055,15.620384216308594,62714000
2006-11-08,15.520979796439685,15.907555063332968,15.520979796439685,15.88270378112793,46124400
2006-11-09,16.006958214324246,16.180916114932312,15.915836506387205,16.015241622924805,41382200
2006-11-10,15.979342812546454,16.001433303433778,15.763965793057945,15.863370895385742,34595600
2006-11-13,15.74188046719063,15.982109894414608,15.686656328518058,15.835762977600098,37889000
2006-11-14,15.940688878761511,15.960017535710222,15.808149065399148,15.929643630981445,33182600
2006-11-15,16.012483132732605,16.150545580303447,15.890987504737222,16.078752517700195,34606200
2006-11-16,16.18643835246939,16.18643835246939,15.601053967557897,15.636950492858887,69076600
2006-11-17,15.471272090648421,15.794338651953097,15.440898194343513,15.766725540161133,50567000
2006-11-20,15.694939279264876,15.863375635951732,15.603817557122978,15.725313186645508,52260200
2006-11-21,15.758445422980254,16.031809493458645,15.758445422980254,16.015241622924805,27773000
2006-11-22,15.935167003250521,16.053900789130417,15.752924619651843,15.921360969543457,37745000
2006-11-24,15.860621004080528,16.02629665052986,15.830248136231521,15.88823413848877,9024000
2006-11-27,15.943449276861093,16.015241274279404,15.74739983314309,15.816431045532227,26066000
2006-11-28,15.87441483010104,16.1394943788662,15.871652992301875,16.070463180541992,35626600
2006-11-29,16.139499441596904,16.658614510767034,16.120170784269604,16.581298828125,56393200
2006-11-30,16.58129392652,16.796671985450647,16.512262726948034,16.708311080932617,52887400
2006-12-01,16.597863884706683,16.777344394206228,16.423904944935924,16.766300201416016,44489400
2006-12-04,16.650327653214397,16.75249354915415,16.575773819961277,16.7414493560791,36796400
2006-12-05,16.843618623017722,16.91817247119168,16.63652495142324,16.807722091674805,45401600
2006-12-06,16.746970489660104,16.95406410138715,16.697267938579007,16.76077651977539,40079000
2006-12-07,16.69175086146949,16.78287153317003,16.57577785263898,16.661376953125,34637400
2006-12-08,16.738691175936697,16.835335523126222,16.614434760026114,16.642047882080078,28623800
2006-12-11,16.570255896948026,16.72212544480067,16.512269916858635,16.600629806518555,36886000
2006-12-12,16.65033129008006,16.7635424571558,16.526074874184026,16.639286041259766,37962000
2006-12-13,16.65033098552963,16.86018649594512,16.625479702804977,16.807722091674805,39544600
2006-12-14,16.89884410102273,17.155640342446734,16.81876762717376,17.05071258544922,45614200
2006-12-15,17.13767784602994,17.13767784602994,16.87734399442627,16.896730422973633,36120600
2006-12-18,16.92164747898304,16.92164747898304,16.403751185993254,16.409290313720703,71225000
2006-12-19,16.320675040333903,16.713943809266695,16.2015863722247,16.68901824951172,40950200
2006-12-20,16.725020752434492,16.725020752434492,16.428684152303624,16.461917877197266,35164400
2006-12-21,16.478533896931857,16.567157860262427,16.229278339764026,16.384370803833008,48419600
2006-12-22,16.287440378934665,16.450841026519107,16.226511001586914,16.226511001586914,23659000
2006-12-26,16.201581502867167,16.392676699234553,16.11572658807443,16.245893478393555,20251600
2006-12-27,16.22651285771415,16.436994552612305,16.171122604378468,16.436994552612305,18653800
2006-12-28,16.478535242597218,16.52007819101132,16.348368323615368,16.400989532470703,24348400
2006-12-29,16.340060150285925,16.395450395989887,16.23758888244629,16.23758888244629,16129400
2007-01-03,16.148959556264085,16.171115013309382,15.553516461261376,15.669836044311523,94931000
2007-01-04,15.475972750060416,15.575674960678034,15.312572139655066,15.384578704833984,101763800
2007-01-05,15.392888978647823,15.531364045862082,15.284877538776728,15.487051010131836,76607000
2007-01-08,15.642143465744937,15.703072833393104,15.340267776958616,15.487051010131836,65947600
2007-01-09,15.271029706359933,15.464895004938986,15.176866621706157,15.354114532470703,74036200
2007-01-10,15.259953760696458,15.279340187844586,15.002390021178725,15.057780265808105,76061200
2007-01-11,15.107625907983365,15.434427070792374,14.924838906452958,14.97192096710205,97682800
2007-01-12,15.02454426442293,15.398426510161839,15.010696969484616,15.354114532470703,63076600
2007-01-16,15.246107756318263,15.4067393737147,15.115941885356156,15.196256637573242,62727000
2007-01-17,15.171333711007822,15.431667611072202,15.168564673477512,15.365199089050293,72263600
2007-01-18,15.439970314354055,15.53413340427034,15.151941915024132,15.251644134521484,62343000
2007-01-19,15.356882157881213,15.675374116212312,15.323648444072905,15.669836044311523,62563400
2007-01-22,15.758458229181311,15.761227264823098,15.481508179856371,15.561822891235352,63137800
2007-01-23,15.683690509948608,16.03818643664756,15.683690509948608,15.966179847717285,72533000
2007-01-24,15.921868013097768,16.040955631250657,15.730771692345694,16.035417556762695,43948600
2007-01-25,15.980021178005444,16.010485858417383,15.600599832149502,15.705840110778809,44287400
2007-01-26,15.813852134221127,15.86370324256143,15.667068902152968,15.744614601135254,27642800
2007-01-29,15.750152348889307,15.869240979868518,15.600600093468675,15.667067527770996,39899600
2007-01-30,15.733536802231749,16.02710325523753,15.69753299057752,15.98556137084961,43022200
2007-01-31,15.957864880346698,16.137882872611097,15.869240930565066,16.088031768798828,55691600
2007-02-01,16.090800411929976,16.251431977285556,15.999407428160703,16.146190643310547,46168400
2007-02-02,16.23758888244629,16.320673722761697,16.052031717810177,16.23758888244629,36886000
2007-02-05,16.27082317839249,16.367755319416005,16.17112094392196,16.220972061157227,26218800
2007-02-06,16.31790101215656,16.323440141486635,16.074185660518744,16.171117782592773,38592800
2007-02-07,16.22650483941842,16.301281485998683,15.982788479062096,16.074182510375977,39181600
2007-02-08,16.071418145334402,16.26805357040752,15.988333305018992,16.23758888244629,49711600
2007-02-09,16.256972702487555,16.315131975731973,16.09634112135814,16.171117782592773,38082400
2007-02-12,16.007719011888888,16.074187515037497,15.88032219204182,15.94679069519043,37392800
2007-02-13,16.010491275142904,16.1822001015351,16.004952144423008,16.17943000793457,30053600
2007-02-14,16.14896194472851,16.351135406392043,16.096340745561797,16.18219566345215,47036000
2007-02-15,16.135112665357102,16.176655603732662,15.930170179122394,16.06033706665039,49922200
2007-02-16,16.063106536865234,16.0852630529924,15.991099972413613,16.063106536865234,32549200
2007-02-20,15.888632010794096,15.92740486812848,15.819394463702372,15.883092880249023,32566800
2007-02-21,15.883092500815108,16.082496969749627,15.788929396760597,16.057571411132812,40853400
2007-02-22,16.060339749895203,16.25974314056265,15.980023952406976,16.201583862304688,43117200
2007-02-23,16.34282131997674,16.348360447528794,16.20434630061707,16.243120193481445,33278800
2007-02-26,16.387134561491774,16.48683675224064,16.2985106267107,16.34005355834961,42328000
2007-02-27,16.096346059294305,16.31236794351339,15.633839711397856,15.689229965209961,104771600
2007-02-28,15.758468627929686,15.974489470877868,15.711386539105858,15.758468627929688,65250400
2007-03-01,15.59782438668329,15.91631731889695,15.246097749280173,15.70860481262207,63812400
2007-03-02,15.733537773827026,15.769540531223665,15.431662080117192,15.523055076599121,67580200
2007-03-05,15.273798174131306,15.581211892384797,15.215637851209125,15.343035697937012,72762400
2007-03-06,15.567372041430536,15.675382461168564,15.475979015683464,15.633840560913086,43864200
2007-03-07,15.669842899376642,16.126810097712013,15.597835255396722,15.827704429626465,88860200
2007-03-08,16.04372556756238,16.052033735694014,15.858168379600075,15.966179847717285,46413800
2007-03-09,15.982795066974129,16.07418913595952,15.85262919725707,15.896941184997559,43495600
2007-03-12,15.786160495202546,15.944022015636083,15.772313197292451,15.874784469604492,42803200
2007-03-13,15.869245036167682,16.068649503005574,15.633837806747128,15.661532402038574,62941200
2007-03-14,15.730767489182325,15.88862898193978,15.564597830431612,15.841547966003418,75853600
2007-03-15,15.83877944946289,15.9550990673505,15.777851131979885,15.83877944946289,41611800
2007-03-16,15.92963624661624,15.940749786591697,15.632326528407804,15.668448448181152,56097000
2007-03-19,15.824056536369847,15.996328670157384,15.787934600916202,15.91852855682373,43157600
2007-03-20,15.935187151360951,16.0852310202325,15.882394409326695,16.032438278198242,48250600
2007-03-21,16.151924803707548,16.41589075252084,16.07690283552187,16.32141876220703,48850800
2007-03-22,16.407549592666637,16.721530097398475,16.407549592666637,16.6492862701416,67233000
2007-03-23,16.724312368921026,16.78821973354692,16.621504961474734,16.732648849487305,29860400
2007-03-26,16.86601996852306,16.949377350058615,16.607611343800208,16.849348068237305,38024600
2007-03-27,16.80767244517402,16.879915237426758,16.718756690171524,16.879915237426758,34342000
2007-03-28,16.988275223658682,16.988275223658682,16.752095829445214,16.877132415771484,37145200
2007-03-29,16.92992666248233,16.993834021139193,16.807669245044845,16.98271942138672,46594200
2007-03-30,16.91048337935431,16.935490708786016,16.64373923871411,16.749324798583984,42370600
2007-04-02,16.743757969340738,16.963266507236277,16.724307953066084,16.913251876831055,35790800
2007-04-03,16.846568738993458,17.035512688884047,16.79099680197625,17.018840789794922,32316200
2007-04-04,16.907707184473875,17.082758521412334,16.843799789071905,17.0466365814209,31624800
2007-04-05,17.091089320044798,17.17722590441857,17.021624640373112,17.15777587890625,24371800
2007-04-09,17.127209093525213,17.313374962774883,17.06607984392879,17.0938663482666,39235200
2007-04-10,17.12998533683586,17.396729373062517,17.10497801719295,17.352272033691406,34376800
2007-04-11,17.35783274300522,17.44119013820566,17.199453374140344,17.246688842773438,49695000
2007-04-12,17.268915809369314,17.5162098424005,17.221679286909584,17.510652542114258,33672200
2007-04-13,17.541222585701554,17.55233612976258,17.421743242482954,17.518993377685547,26788600
2007-04-16,17.557890190318204,17.649584066535716,17.38839728024846,17.621797561645508,28336000
2007-04-17,17.66347795174949,17.71071448319891,17.430076595041434,17.521770477294922,29040600
2007-04-18,17.441189930296595,17.471754555493323,17.34116063326976,17.46063995361328,31142400
2007-04-19,17.3272674770567,17.355052921114346,17.18278083607409,17.216123580932617,32242400
2007-04-20,17.377278723546098,17.605122712058822,17.377278723546098,17.532878875732422,36407800
2007-04-23,17.53843157937464,17.724597361171334,17.505088849779064,17.552324295043945,40033600
2007-04-24,17.53566990093766,17.5745699652613,17.40785510103219,17.499547958374023,42760600
2007-04-25,17.569007606545746,17.941338352141642,17.560672183716875,17.827417373657227,57692600
2007-04-26,17.813516310923422,17.910766404016506,17.682922420244264,17.82185173034668,38278600
2007-04-27,17.780181358460293,17.94689511965485,17.69404476690054,17.819080352783203,28250400
2007-04-30,17.821861538751165,17.99135555994995,17.60791015625,17.60791015625,35122000
2007-05-01,17.627355958361935,17.744057166261534,17.499541207762203,17.685707092285156,53459200
2007-05-02,17.74406256657897,17.89688574961881,17.694047899392693,17.832977294921875,33324400
2007-05-03,17.76072194657486,18.069145175074894,17.74405110824285,17.97745132446289,34106600
2007-05-04,18.06080827916149,18.266423041385035,17.930214403190856,17.963558197021484,40888800
2007-05-07,17.899651721717195,18.044139390692987,17.880201703188877,18.01079559326172,22546800
2007-05-08,17.94967378805648,18.055261463682903,17.7829589716758,18.013582229614258,30772400
2007-05-09,17.994130605982136,18.083045308153217,17.79685117678673,18.005245208740234,44234400
2007-05-10,18.07747980474549,18.09692982191439,17.688478401421076,17.713485717773438,41594400
2007-05-11,17.741275554542955,18.130278114307544,17.721825532549396,18.119163513183594,42647800
2007-05-14,18.113606926188204,18.235863296426963,18.060813101832355,18.12472152709961,33049600
2007-05-15,18.152506554006155,18.33867134525174,18.1024919109961,18.185848236083984,32117600
2007-05-16,18.16639918318874,18.269207654826204,17.97189896105671,18.255313873291016,34880800
2007-05-17,18.310884412491216,18.641534745566762,18.160840495679203,18.54706382751465,37547000
2007-05-18,18.616531406042373,18.852710858110484,18.59986056374616,18.84715461730957,42464600
2007-05-21,18.913839349636365,19.177804234934637,18.872160125669957,19.00553321838379,90720000
2007-05-22,18.986082828035958,19.133347579284877,18.82770347595215,18.82770347595215,50212000
2007-05-23,18.899949355955812,19.11390175924316,18.866607666015625,18.866607666015625,49737000
2007-05-24,18.91106084549855,19.07777774732456,18.50260825183307,18.52206039428711,56356600
2007-05-25,18.72489393254822,18.84992947494503,18.67765847163327,18.8110294342041,26041600
2007-05-29,18.72767050218527,18.83047682985938,18.55539740299283,18.685991287231445,41121800
2007-05-30,18.608190436827098,19.102778396491587,18.56651122361982,19.07777214050293,38506000
2007-05-31,19.127788771529183,19.191697194861664,18.905503119710627,18.977746963500977,33403000
2007-06-01,19.072224303762166,19.222268282153102,19.06388888050056,19.1500244140625,23829800
2007-06-04,19.097222365847433,19.469551869473694,19.07221398969289,19.450101852416992,35336000
2007-06-05,19.33618543615755,19.438993915770908,19.23059989593645,19.380643844604492,30652000
2007-06-06,19.313958952432746,19.313958952432746,19.033321070091823,19.133350372314453,37970800
2007-06-07,19.09999942616897,19.24170790466866,18.73044910207875,18.794355392456055,40308600
2007-06-08,18.660987013475662,18.911058089990174,18.558178554982184,18.87215805053711,41979200
2007-06-11,18.911063485018076,19.166695114214228,18.82492796164078,19.016651153564453,27590200
2007-06-12,18.99164101123006,19.08889112861672,18.783246994018555,18.783246994018555,41113800
2007-06-13,18.87771996399344,19.197255759666344,18.83881991721772,19.158355712890625,50487400
2007-06-14,19.208381672722556,19.569599028226406,19.2028254284371,19.480684280395508,38401000
2007-06-15,19.64870711282576,19.83819975824104,19.623626109583675,19.779680252075195,32450400
2007-06-18,19.804764408929216,19.902296945206373,19.754604515122416,19.801977157592773,23275600
2007-06-19,19.77968105266312,19.910652071164368,19.67936128773284,19.82426643371582,22868400
2007-06-20,19.81590685464643,19.87721361403249,19.172190133191485,19.24742889404297,59250800
2007-06-21,19.3756148292025,19.651493120974358,19.303161192861126,19.631986618041992,45713400
2007-06-22,19.59019282075291,19.654284719114884,19.22792668496409,19.436925888061523,39709200
2007-06-25,19.311519998004897,19.545597997472086,19.18611924739115,19.280866622924805,49853400
2007-06-26,19.292015954156533,19.342175835578182,18.840577021361682,18.86565589904785,51648000
2007-06-27,18.79599420850673,19.239073626042174,18.656661405994303,19.158260345458984,47399800
2007-06-28,19.28365901730023,19.417419443174094,19.091381195546973,19.158260345458984,34510600
2007-06-29,19.269727135512042,19.46479220985293,19.124819829387505,19.225139617919922,36467200
2007-07-02,19.258575676206426,19.565107345581055,19.258575676206426,19.565107345581055,32160000
2007-07-03,19.579038303805344,19.72394342596442,19.54281042872882,19.71558380126953,10600800
2007-07-05,19.729517731832775,19.829837479279814,19.467571488382294,19.668210983276367,33578600
2007-07-06,19.785244677580234,19.94129663132143,19.743444439671435,19.93572425842285,23052400
2007-07-09,19.919013776744,20.186532440583257,19.868853894396054,20.122438430786133,38314400
2007-07-10,20.01096710095605,20.250619579797945,19.896715361628463,19.944087982177734,58750800
2007-07-11,19.868855353695643,20.072280022678626,19.804761339191035,20.019332885742188,55289800
2007-07-12,20.175384351056675,20.454049874894338,20.175384351056675,20.40667724609375,62177400
2007-07-13,20.389963839479034,20.710429742373762,20.348163569353623,20.607322692871094,50968000
2007-07-16,20.643545841814934,20.643545841814934,20.114080836016875,20.342586517333984,52113000
2007-07-17,20.434545727940037,20.551584751186446,20.072279654787472,20.07785415649414,49148800
2007-07-18,20.086209603085905,20.57665934873721,20.027690103640545,20.532073974609375,74638400
2007-07-19,20.62403906068038,20.755012216396633,20.58781117655914,20.71878433227539,37691800
2007-07-20,20.704852580869606,20.824678860313924,20.46241277100332,20.621252059936523,40165600
2007-07-23,20.63517906043837,20.79959066848201,20.454046078354708,20.704845428466797,30433600
2007-07-24,20.523709123776715,20.523709123776715,19.99981676034525,20.105710983276367,50225400
2007-07-25,20.233909477403685,20.456842808829748,19.79640456847113,20.426189422607422,65361000
2007-07-26,20.119650010147666,20.164237514552827,19.278081061967864,19.657066345214844,79532200
2007-07-27,19.687718059257715,19.782463309038338,19.088586807250977,19.088586807250977,85094800
2007-07-30,19.28086441281322,19.53723613314222,18.979905197097192,19.417409896850586,64797800
2007-07-31,19.6877151512017,19.77967526314593,19.227916717529297,19.227916717529297,45528200
2007-08-01,19.135958921312895,19.553957161408235,18.72910755607931,19.177759170532227,86169000
2007-08-02,19.22513109380741,19.367251085556266,18.804347744862053,19.046785354614258,68290800
2007-08-03,19.030077012347313,19.2753020127674,18.394719686583798,18.425373077392578,68139400
2007-08-06,18.308328125171567,18.589780961947177,17.898691500183915,18.531261444091797,109071600
2007-08-07,18.38914095906918,19.127605168474627,18.32504906650039,18.965978622436523,62339200
2007-08-08,19.130393461151275,19.531670470961917,18.99384791532924,19.325458526611328,60435200
2007-08-09,18.83779130908421,19.294802654447622,18.754192917254016,18.770912170410156,65071200
2007-08-10,18.639936282141772,19.071868684377108,18.288817135049463,18.87122917175293,55367600
2007-08-13,19.13317863223783,19.34496292998374,18.82943206213061,18.893526077270508,39376800
2007-08-14,19.05793991600187,19.110887059510137,18.670594908140842,18.76812744140625,40611000
2007-08-15,18.7792717270937,18.940898260499797,18.221940612768798,18.252593994140625,52163800
2007-08-16,17.92654567363138,18.2386495606363,17.480680396280015,18.141117095947266,84094800
2007-08-17,18.71239066224101,18.85729580158583,18.341764999118727,18.80992317199707,61897400
2007-08-20,18.72354205164911,18.924181620680674,18.377995182294846,18.76812744140625,65976200
2007-08-21,18.687313259245506,18.835005677621822,18.391928422492878,18.503395080566406,40832600
2007-08-22,18.726314544677734,18.80155539533439,18.570262596720728,18.726314544677734,36239000
2007-08-23,18.821072435384,18.965977593107493,18.65387352230319,18.893526077270508,35967000
2007-08-24,18.977120681430275,19.367252818083504,18.935320429994373,19.29758644104004,31269000
2007-08-27,19.205635176128563,19.21399480506373,18.99663594854897,19.06072998046875,21383400
2007-08-28,18.949253496605806,19.01891986975509,18.600921630859375,18.600921630859375,39279000
2007-08-29,18.737472672230012,19.297591073409137,18.715181042022337,19.216777801513672,54728000
2007-08-30,19.105311477257384,19.331032042686005,19.01056620059696,19.205631256103516,33744400
2007-08-31,19.434128445373663,19.590182547564762,19.208410104732188,19.459209442138672,26635400
2007-09-04,19.39512717078275,19.946886046475583,19.342182147484706,19.813125610351562,31791600
2007-09-05,19.78525180453733,19.807545556259036,19.612478417767893,19.707225799560547,32728600
2007-09-06,19.896723494139078,20.13358881974972,19.793616460756922,20.008190155029297,36015000
2007-09-07,19.774105545874164,19.804758923935978,19.528880647428892,19.57904052734375,40178600
2007-09-10,19.654277746743293,19.679358747763395,19.166613112515382,19.548385620117188,61778000
2007-09-11,19.56231812521622,19.927371392269848,19.417412994191647,19.882783889770508,54152400
2007-09-12,19.827060152061755,20.144738802618804,19.827060152061755,20.022125244140625,48045600
2007-09-13,20.052774571376556,20.270133380245195,20.027695690068462,20.14752197265625,30474800
2007-09-14,20.0137620188609,20.331440612330937,20.00818964268145,20.20325469970703,28053400
2007-09-17,20.16145372291753,20.384387031091364,20.105721458898866,20.245054244995117,26959800
2007-09-18,20.3119300654977,20.899914496757074,20.13915667361345,20.85811424255371,37287000
2007-09-19,20.989087632380617,21.186939903534178,20.902701998425346,21.039247512817383,38740600
2007-09-20,20.994660951295955,21.106127593505033,20.880409184417445,21.025314331054688,32586000
2007-09-21,21.256660805986314,21.318128881864833,21.13651923903565,21.150487899780273,24444400
2007-09-24,21.178427325324428,21.214748397529718,20.968878250726796,21.111370086669922,35679600
2007-09-25,20.83755973974851,20.854322982987206,20.641979331509248,20.764915466308594,34937800
2007-09-26,20.966077528779394,21.04430881933215,20.588889731246997,20.823583602905273,41332000
2007-09-27,21.027551293934174,21.116958811951243,20.91858594796473,21.094606399536133,25186200
2007-09-28,21.18680723552842,21.262243958365808,20.84873501162153,20.89902687072754,34826000
2007-10-01,20.885055405596567,21.273419476052126,20.86549757944568,21.262243270874023,38886800
2007-10-02,21.10020085858452,21.119758693416156,20.748159831615112,20.92976951599121,43783000
2007-10-03,20.790058583009746,20.912992563224048,20.65874085109731,20.806821823120117,43850800
2007-10-04,20.71741672651219,20.96608143133021,20.535807121557536,20.885055541992188,31124600
2007-10-05,20.98563003540039,21.033127288112304,20.697849804491177,20.98563003540039,32311200
2007-10-08,20.823592039721696,20.904617946806034,20.714626679211914,20.773300170898438,26189000
2007-10-09,20.87108339698301,21.195186933285232,20.862701776499858,21.192392349243164,35899200
2007-10-10,20.879476093088126,21.513710517164302,20.879476093088126,21.46621322631836,43909800
2007-10-11,21.62546505098541,21.818248751222573,21.144898829374537,21.360034942626953,64721400
2007-10-12,21.385178758126326,21.631048869779093,21.371207969159748,21.561199188232422,27868600
2007-10-15,21.751193237998766,21.907657994542905,21.650609512950172,21.737224578857422,37512800
2007-10-16,21.709277987627924,21.902063771424135,21.678543960308442,21.79309844970703,40045600
2007-10-17,21.90206703631275,21.93280106821368,21.466205684471532,21.65340232849121,46440800
2007-10-18,21.65339661188449,21.840593206483316,21.58634152891408,21.821035385131836,42443800
2007-10-19,21.639434589591616,21.642229174242924,20.787269592285156,20.787269592285156,66866800
2007-10-22,20.560953966652818,20.664332276458374,20.303907616028802,20.549779891967773,62531000
2007-10-23,20.706236796463326,20.926962014269453,20.4855115786572,20.843141555786133,42582400
2007-10-24,20.79844734077817,21.063875347950358,20.588898240912656,20.98005485534668,46342600
2007-10-25,21.13372953130409,21.306957591333976,20.93815118259626,21.178434371948242,40123200
2007-10-26,21.485771937107625,21.63385298617088,21.351659551522683,21.499740600585938,31556000
2007-10-29,21.513707551255433,21.695317197172688,21.513707551255433,21.60311508178711,19328800
2007-10-30,21.46061776051751,21.46061776051751,20.86829376220703,20.86829376220703,49539800
2007-10-31,21.094606298856228,21.49414660938507,20.97446474725264,21.42988395690918,58567800
2007-11-01,21.11416836116606,21.44665363309297,20.784477674248997,20.801240921020508,44493000
2007-11-02,20.885054185550295,21.200773969726313,20.72020996500017,21.192392349243164,56069200
2007-11-05,20.946537791616322,21.178439411440447,20.784485903186596,21.021974563598633,47670600
2007-11-06,21.237096282861824,21.723249435424805,21.237096282861824,21.723249435424805,36266200
2007-11-07,21.70928420965392,21.70928420965392,20.829179763793945,20.829179763793945,59806600
2007-11-08,21.170039940192723,21.558406119604197,20.848733119575623,21.192392349243164,74325400
2007-11-09,20.924177081728367,21.150489439718932,20.784477674248997,20.801240921020508,56925800
2007-11-12,20.46875656132932,20.608455960486225,19.7954044342041,19.7954044342041,63528400
2007-11-13,19.96304218524169,20.493900299072266,19.745111475645995,20.493900299072266,56002800
2007-11-14,20.70345418476217,20.823595774518743,20.295532122986,20.463171005249023,44226400
2007-11-15,20.27316557034828,20.421246515308226,19.722749883125417,19.78142547607422,58108600
2007-11-16,20.03009977814879,20.351406678782123,19.96863170377399,20.301116943359375,50881800
2007-11-19,20.214506419518116,20.3318534252042,19.898786485654874,19.96304702758789,35531000
2007-11-20,20.225680727843923,20.73418650298766,20.11671535685911,20.605663299560547,56381200
2007-11-21,20.426839521023066,20.594478317923787,20.153027851825623,20.15861701965332,39537400
2007-11-23,20.186561187844646,20.689479827880856,20.186561187844646,20.68947982788086,13740200
2007-11-26,20.686682165956864,20.748150227444334,19.974214553833008,19.974214553833008,50628600
2007-11-27,19.725554809087196,19.9267222856955,19.44895059457261,19.753494262695312,57528000
2007-11-28,20.102745572847187,20.30112062398378,19.88202236632906,20.24244499206543,45945800
2007-11-29,20.326265849351067,20.591693897819013,20.248034514292897,20.465965270996094,39496800
2007-11-30,20.44360719090593,20.605658986735012,20.214500288115765,20.527427673339844,34133800
2007-12-03,20.362585554940043,20.71183408544107,20.362585554940043,20.605663299560547,39093200
2007-12-04,20.56373975788062,20.577710542727974,20.396100997924805,20.396100997924805,29133400
2007-12-05,20.675506238597066,20.968875760856047,20.639185170704582,20.84593963623047,48980200
2007-12-06,20.854326167879773,21.415918350219727,20.767713222394445,21.415918350219727,42270000
2007-12-07,21.318127925440617,21.432680317639203,21.153281535558165,21.28459930419922,24755400
2007-12-10,21.40195142966153,21.541650854308983,21.326514678275284,21.499740600585938,22776400
2007-12-11,21.49695105517866,21.672971586656246,20.95771111782046,20.968887329101562,40003600
2007-12-12,21.44385327369936,21.72325201342183,21.315330109224213,21.65340232849121,48037600
2007-12-13,21.516505890397077,21.728847480182747,21.35165946155279,21.706497192382812,30835600
2007-12-14,21.650609916895004,21.66178612340263,21.34047711414946,21.360034942626953,30176200
2007-12-17,21.318133252016793,21.36004137448533,20.823596090447282,20.977266311645508,54364400
2007-12-18,21.197992206819023,21.30975004514114,20.837567422791057,21.178434371948242,41742800
2007-12-19,21.195188609501287,21.508115966026068,21.195188609501287,21.38238525390625,33666200
2007-12-20,21.563994817045753,21.65340232849121,21.270625287679874,21.65340232849121,26022400
2007-12-21,21.72595667040186,22.213363647460938,21.68674031185199,22.213363647460938,33735800
2007-12-24,22.294592948612635,22.3142032623291,22.073301585918063,22.3142032623291,38001600
2007-12-26,22.336613809839783,22.57751551568717,22.258181093913883,22.56351089477539,27990600
2007-12-27,22.5747041992982,22.5747041992982,22.2693766645626,22.32539939880371,21799600
2007-12-28,22.448658233224524,22.538295915262903,22.31140100010065,22.513086318969727,20981400
2007-12-31,22.53269526108894,22.53269526108894,22.143331366142984,22.227365493774414,22609800
2008-01-02,22.39544048474819,22.49348352614639,22.20496009768784,22.26938819885254,38591400
2008-01-03,22.429051326332086,22.619531678584355,22.3674250157312,22.532695770263672,29210800
2008-01-04,22.322605645892423,22.3366102645814,21.709146499633793,21.70914649963379,53756000
2008-01-07,21.849209754794018,22.020081950769963,21.353401704542236,21.62511444091797,64817600
2008-01-08,21.81558543821637,21.902423457006257,21.246946334838867,21.246946334838867,45215800
2008-01-09,21.246951075931904,21.66432632117407,21.18532477050067,21.527069091796875,50178400
2008-01-10,21.387010007288822,21.569087144375303,20.818370779059865,21.43743133544922,46105600
2008-01-11,21.28616770110513,21.577490697809314,21.109694118206342,21.176921844482422,57543200
2008-01-14,21.409424521872378,21.63351983634952,21.37300994155065,21.597103118896484,40291200
2008-01-15,21.314182787711754,21.314182787711754,20.703527450561523,20.703527450561523,53263200
2008-01-16,20.58868358662497,20.770760807674552,19.905194631295643,20.014440536499023,87574800
2008-01-17,20.204911998632703,20.49343535421416,19.216095730688167,19.258113861083984,76335400
2008-01-18,19.39816788371563,19.61105812242438,18.807118842930905,19.300127029418945,83086200
2008-01-22,17.871529408737274,19.09284521181368,17.64743520712183,18.7539005279541,80178400
2008-01-23,18.218875922842162,18.944380554706026,17.639031718207164,18.927574157714844,109372800
2008-01-24,19.059232973831328,19.70350322667848,19.042426574188283,19.594257354736328,65186400
2008-01-25,19.88277714608734,20.04804574496718,19.188083545982817,19.24410629272461,62751800
2008-01-28,19.2133037957345,19.734323750465045,19.090053257127046,19.681102752685547,44986000
2008-01-29,19.728709883248833,19.986417918029407,19.65587860833062,19.90238380432129,37258000
2008-01-30,19.80154410699836,20.22732256973242,19.543833896709135,19.6530818939209,49692600
2008-01-31,19.333750621577895,19.829560863062817,19.18809014765619,19.496219635009766,47823800
2008-02-01,19.753926870939065,20.05925670196227,19.66989272577347,19.986425399780273,47327200
2008-02-04,20.020037331414017,20.112476800622197,19.737117503139483,20.000429153442383,34515600
2008-02-05,19.68669840385111,19.720313342960786,19.174081802368164,19.174081802368164,55389400
2008-02-06,19.384170429174173,19.482213467627954,18.865952404643085,18.9107723236084,56930600
2008-02-07,18.77350858188763,19.37856452516802,18.748298986149717,19.283323287963867,51201000
2008-02-08,19.266512281949424,19.566238403320312,19.20208635016588,19.566238403320312,34556400
2008-02-11,19.580245319272358,20.070451736450195,19.372958632690803,20.070451736450195,61999400
2008-02-12,20.132084983882635,20.381389876929383,19.76232924408389,20.059253692626953,52058800
2008-02-13,20.17970736466971,20.546661376953125,20.056454721770248,20.546661376953125,41427000
2008-02-14,20.588669887686756,20.77915018437778,20.367376444683178,20.37017822265625,50669400
2008-02-15,20.51304143451491,20.51304143451491,20.053645962818013,20.40659523010254,42606400
2008-02-19,20.74273955199304,21.10408990520464,20.700721422952142,21.078880310058594,57454200
2008-02-20,20.787565715513512,21.35340552251313,20.70072978099772,21.330995559692383,37282200
2008-02-21,21.28338255831797,21.32820036065586,20.72874756160175,20.745553970336914,57236000
2008-02-22,20.950033242636394,21.05367771042448,20.496241145048526,20.980846405029297,33638000
2008-02-25,20.966832622231156,21.613906678615827,20.95842942387162,21.580291748046875,41729200
2008-02-26,21.40382276343396,21.947250366210938,21.336592887871458,21.947250366210938,33266000
2008-02-27,21.826794322581588,21.95004692801909,21.611104400196723,21.66152572631836,31695400
2008-02-28,21.59710623685822,22.134932504691463,21.59710623685822,22.03409194946289,30196200
2008-02-29,21.891229912080533,21.961259436983458,21.218946045586154,21.302982330322266,41564600
2008-03-03,21.316986986747967,21.773580857601537,21.19653611823912,21.569093704223633,47872000
2008-03-04,21.440233519888295,21.5578825754462,20.82397259324666,21.148910522460938,67485000
2008-03-05,21.291778793124436,21.681142807006836,21.246958868325372,21.681142807006836,44337600
2008-03-06,21.58588880194737,21.667123264877066,21.126495529409368,21.246946334838867,46552600
2008-03-07,21.0088543537662,21.090088847056503,20.487834594822303,20.661508560180664,60823600
2008-03-10,20.703521754003148,20.82117079738777,20.381385636718978,20.40659523010254,58049200
2008-03-11,20.868789637867692,21.4570369720459,20.737133844520116,21.4570369720459,67791600
2008-03-12,21.2889758918268,21.412228541398413,20.980846405029297,20.980846405029297,43799400
2008-03-13,20.765155752692763,21.41502971457266,20.625096690760618,21.330995559692383,50412400
2008-03-14,21.52428126564408,21.55789621870477,20.616698904328008,20.94163703918457,56320400
2008-03-17,20.25253219590737,20.675508835942168,19.938799267453422,20.210514068603516,63273000
2008-03-18,20.616682230910172,21.092884063720703,20.5970740584323,21.092884063720703,55044000
2008-03-19,20.930425919730133,21.050876794809206,19.804349899291992,19.804349899291992,87022600
2008-03-20,19.628199600603303,20.086105857664215,19.341655351765258,19.89226722717285,75077400
2008-03-24,20.052404204603608,20.52997747795948,19.990602571301768,20.240625381469727,31195600
2008-03-25,20.299610638650343,20.569297976764673,20.164765897950957,20.442880630493164,43855200
2008-03-26,20.490648459427717,21.032833220275702,20.48502876514524,20.886751174926758,46397800
2008-03-27,20.95979236712073,21.162058497218005,20.676057815551758,20.676057815551758,45120400
2008-03-28,20.83899974895708,20.99912678385167,20.600214120540368,20.6198787689209,35051000
2008-03-31,20.684482989787256,21.05811332086213,20.56649514101156,20.805280685424805,43855600
2008-04-01,20.73224243722273,21.22386063186826,20.60582504405702,21.19576644897461,72571000
2008-04-02,21.190144833297165,21.63962381066042,20.97383381219526,21.490734100341797,42384000
2008-04-03,21.35027477461298,21.7604245328258,21.294090698309628,21.541303634643555,37203800
2008-04-04,21.555353720397918,21.973930933887473,21.555353720397918,21.71828842163086,38562000
2008-04-07,21.987972857857585,22.201476206012256,21.73795007438487,21.833465576171875,35357600
2008-04-08,21.70985658068698,22.120006311956477,21.667717454585084,22.080677032470703,45450200
2008-04-09,22.058211982456434,22.34756629572117,22.0048377336269,22.122825622558594,38980200
2008-04-10,22.114388762009217,22.240803997029925,21.898075581552472,22.080677032470703,29849600
2008-04-11,21.96269831462902,22.125635193468394,21.77166938781738,21.771669387817383,33016600
2008-04-14,21.799759603400176,22.308234845087334,21.799759603400176,22.271713256835938,29866200
2008-04-15,22.429021583524232,22.488017642317597,22.148096951606636,22.389692306518555,28587400
2008-04-16,22.53015408327912,23.148189544677738,22.451495531150247,23.148189544677734,44378200
2008-04-17,22.929074227369387,23.22966356332006,22.867270451948357,23.128530502319336,33158800
2008-04-18,23.033015268455543,23.83084252111192,22.98244873734855,23.482494354248047,47077400
2008-04-21,23.530257246126656,23.783089945335448,23.412267224305413,23.749378204345703,31648600
2008-04-22,23.648234581815217,23.960061081273402,23.62856994415951,23.760604858398438,52607600
2008-04-23,23.712849929487533,23.72408502901496,23.38697631778429,23.5751953125,43527000
2008-04-24,23.322363617932062,23.386977230804305,22.82512792796216,22.957162857055664,51476000
2008-04-25,23.232472559703776,23.33360562633138,22.996496833096323,23.283039093017578,75227000
2008-04-28,23.372938978630714,23.538685700149042,23.204384552701733,23.322372436523438,26412600
2008-04-29,23.106044163240647,23.23526919863123,22.75488847686921,22.797027587890625,46405400
2008-04-30,22.923448494436514,23.235274993161962,22.78017633854745,22.965587615966797,48948400
2008-05-01,22.676243327885295,22.70433537071601,22.032925473620207,22.462739944458008,112186000
2008-05-02,22.653764391063017,22.999302665605303,22.653764391063017,22.886932373046875,35185800
2008-05-05,22.931883254283886,23.36731741112144,22.926265703142082,23.218427658081055,25992800
2008-05-06,23.30269934618148,23.83645662097039,23.218423235394834,23.833646774291992,42192400
2008-05-07,23.861739240270616,23.878594032560084,23.389785766601562,23.389785766601562,46247000
2008-05-08,23.50496492898201,23.90668726383519,23.38978693709864,23.858930587768555,49814600
2008-05-09,23.895450416855997,23.90949750688968,23.460018488517157,23.813982009887695,39830000
2008-05-12,23.628578953556303,23.74656682447842,23.384173669544282,23.681955337524414,36915400
2008-05-13,23.681950580779674,24.06962585449219,23.454400140237745,24.069625854492188,39394000
2008-05-14,23.96288719788743,24.165151261128564,23.681962387329715,23.794330596923828,49692600
2008-05-15,23.990963738843416,24.21570215601244,23.67351753645599,24.108951568603516,57307000
2008-05-16,24.491016835319332,24.98825263977051,24.446067851966315,24.988252639770508,55097600
2008-05-19,24.993875271064496,25.305701914037236,24.853412896510495,25.142765045166016,45504000
2008-05-20,25.176478710402257,25.392789840698242,25.027586781638007,25.392789840698242,51403800
2008-05-21,25.28884692717516,25.682142034995966,24.9545479073205,25.0163516998291,90144400
2008-05-22,24.971386442301554,25.193317123895223,24.600566072074233,24.651132583618164,74709200
2008-05-23,24.856222008328853,24.915215946700908,24.09491407469092,24.232568740844727,49994000
2008-05-27,24.134237150088598,24.255032689231182,23.8870220921244,24.075241088867188,51455400
2008-05-28,23.946017174250464,24.589334896288733,23.799937295584566,24.583717346191406,52428400
2008-05-29,24.33369666860522,24.4685393154051,23.912309646606445,23.912309646606445,71883800
2008-05-30,24.097719236371802,24.269083466395728,23.982541229552186,24.159523010253906,53572600
2008-06-02,24.041527816657926,24.53595357019778,24.01624348811389,24.30278778076172,50623800
2008-06-03,24.187607526372464,24.51067124362734,23.76622062820122,23.7802677154541,77687800
2008-06-04,23.740947941011964,24.00220800813055,23.426311492919922,23.426311492919922,63250600
2008-06-05,23.639813950867925,24.648332595825195,23.637004103745976,24.648332595825195,69828600
2008-06-06,24.805638478531883,25.20455082283144,24.14827392083439,24.165128707885742,93650000
2008-06-09,24.328080515468155,24.982635632625875,24.328080515468155,24.875885009765625,53569800
2008-06-10,24.774754566335222,24.836558354704945,23.946025261910112,24.263471603393555,55989800
2008-06-11,24.488209884291617,24.668001552396905,24.182002936304276,24.41236114501953,61922800
2008-06-12,24.24379861123386,24.28874544157648,23.974109056038017,24.041532516479492,70576000
2008-06-13,23.97131330591457,24.39550820380336,23.892654706128205,24.328086853027344,33191600
2008-06-16,24.46853917923195,24.603383968566614,24.356168878667265,24.415164947509766,32483800
2008-06-17,24.316842832803008,24.901166758915203,24.316842832803008,24.819698333740234,40344000
2008-06-18,24.76350734698384,24.960153736894252,24.521911986073956,24.915206909179688,42916400
2008-06-19,25.10061341326511,25.170844565592812,24.31683349609375,24.31683349609375,80901400
2008-06-20,24.561323991232708,24.63737516837743,24.00080811985125,24.152908325195312,65453200
2008-06-23,24.121919088137552,25.1105691130414,24.113469436898654,25.107751846313477,65764200
2008-06-24,24.907767038001918,24.950017440003986,24.617650905969615,24.631732940673828,66276000
2008-06-25,24.71060266912904,24.8429841172935,23.961368757380672,24.538785934448242,80067600
2008-06-26,24.61484182379606,24.73032615107018,23.997991336721594,24.36134147644043,64154200
2008-06-27,24.403590257002378,24.688074080466144,24.3388081524864,24.575407028198242,46935600
2008-06-30,24.800733536442394,25.07113308969669,24.719050002290892,24.921850204467773,59832000
2008-07-01,24.83453443057313,25.07958505565406,24.581034154445412,25.02606773376465,63893000
2008-07-02,25.11339437411434,25.395060966113224,24.090943269833236,24.271209716796875,73395400
2008-07-03,24.29936046112359,24.417661987572558,23.544494389657,23.91347885131836,65181800
2008-07-07,23.73885077272714,24.12755189343442,23.11073572091638,23.313533782958984,79041400
2008-07-08,23.096655663405365,23.1586226443823,22.426290089721885,22.927656173706055,99812800
2008-07-09,23.152995462164867,23.43184696510566,22.415030288062347,22.491079330444336,64659600
2008-07-10,22.575572692296536,23.243120989612276,22.231939183646123,23.181156158447266,75233200
2008-07-11,23.23749089462575,23.367057252649627,22.648808823455635,23.040325164794922,67957800
2008-07-14,23.096643974297628,23.454359343973945,22.893843829716655,23.19240951538086,43191000
2008-07-15,23.102286082201395,23.195236545755456,22.16152097528186,22.215038299560547,65259400
2008-07-16,22.164349802180308,22.243216121864823,21.384131963274097,21.643264770507812,98724200
2008-07-17,21.854499082927365,22.082650371412626,20.857401729185412,21.28835105895996,106995000
2008-07-18,21.409482640483436,21.879865429627333,21.291181014437655,21.660165786743164,79220000
2008-07-21,21.829156861802566,22.3079891204834,21.54467305454411,22.3079891204834,68166200
2008-07-22,22.043222537275128,22.212222020102306,21.49960606573528,21.56720542907715,97812400
2008-07-23,21.553126361750934,21.7221280336566,20.6715107151961,20.784177780151367,111284200
2008-07-24,20.888392192133864,21.071473728835514,20.237741006187164,20.733474731445312,104924400
2008-07-25,20.688410037029175,21.184143833805795,20.629260311399744,20.789810180664062,74391600
2008-07-28,20.950362510664046,21.28554647754555,20.80107954526344,20.871496200561523,48087600
2008-07-29,20.77571730839017,20.84613391870296,20.361667295919855,20.62361717224121,57967800
2008-07-30,20.632066476974238,21.85449778008938,20.488415992631495,21.851682662963867,88865200
2008-07-31,21.57003276275648,21.601016266445093,20.77854800800105,20.95599937438965,66341000
2008-08-01,20.970075805376432,21.510877266603345,20.888394389089967,20.953176498413086,59539800
2008-08-04,20.984158835837682,20.998243023493558,19.79834286956513,19.967342376708984,96359600
2008-08-05,19.84059845533298,20.21803071470605,19.66878163608229,20.11663055419922,87812400
2008-08-06,20.133531914819123,20.59264775395646,20.080014566773627,20.575748443603516,77053000
2008-08-07,20.77572403635252,20.834873750296843,20.24055719487924,20.336322784423828,67407000
2008-08-08,20.080008891460544,20.19267594284358,19.637792487661983,19.992692947387695,75292400
2008-08-11,20.192676286330734,20.28280949918132,19.620893515846227,19.984241485595703,66751800
2008-08-12,20.16450769765587,20.23492433660387,19.891292943651663,19.995508193969727,62058200
2008-08-13,19.933542957269864,20.705310935112387,19.933542957269864,20.70249366760254,88254600
2008-08-14,20.558839686203225,20.663057077257715,20.099724010045556,20.322240829467773,72349800
2008-08-15,20.234921179935903,20.24337298040521,19.761723503012117,19.94198989868164,83507400
2008-08-18,20.091273118100467,20.305338123191344,19.251905954213157,19.68848991394043,64136800
2008-08-19,19.694131516076208,20.418014715613015,19.67723220485578,20.395483016967773,88471200
2008-08-20,20.623624729178534,21.054574198370812,20.384208596176734,20.98415756225586,93456200
2008-08-21,21.254559988516917,21.60664321549794,21.099644658012554,21.51087760925293,66346200
2008-08-22,21.316523527839088,21.358773938022964,20.83205674214693,21.01795768737793,49947400
2008-08-25,21.074288843609683,21.223571754692554,20.66587325106428,20.744739532470703,44783600
2008-08-26,20.970077951354988,21.29399497795504,20.87712960459925,21.167245864868164,53910600
2008-08-27,21.426373313558244,21.592557687296217,21.293989697769977,21.502422332763672,48113000
2008-08-28,21.620724174499237,21.662974585214783,20.871490147908723,21.124990463256836,56840400
2008-08-29,21.38130961673422,21.40102618999083,20.941908321529983,21.026409149169922,44765800
2008-09-02,20.308156230709976,20.333507335671047,19.87157440185547,19.87157440185547,100913400
2008-09-03,19.778631009156232,20.156063260082274,19.511046422550642,19.795530319213867,100350400
2008-09-04,19.803973874469136,20.001141743177616,19.113891706352394,19.35049057006836,108092200
2008-09-05,19.46034352427176,19.471610445659923,18.81814404776514,19.27162742614746,101422400
2008-09-08,19.733562727598073,19.798346995793505,18.933630557559923,19.139245986938477,100427600
2008-09-09,18.95897823428043,18.961795501996487,17.815412521362305,17.815412521362305,130110200
2008-09-10,18.063276518845086,18.668860079443473,17.944977074154817,18.516759872436523,120754000
2008-09-11,18.311145779196305,18.857577507335467,17.942162156229912,18.78152847290039,103951200
2008-09-12,18.8040633644045,19.429363578415458,18.80124609661782,19.415279388427734,106758000
2008-09-15,18.482957254428086,18.9308059761269,17.92807388305664,17.92807388305664,108897800
2008-09-16,17.463330314849973,18.685762405395508,17.19856408075764,18.685762405395508,122460000
2008-09-17,18.42944375800026,19.040659699051965,17.959060027452498,18.29424285888672,133010400
2008-09-18,18.866032190695822,19.051931052667747,17.916814855472015,18.840681076049805,126511000
2008-09-19,20.164531036984712,22.069083937079228,19.330936523068598,20.133447647094727,92288400
2008-09-22,20.164537177213266,20.5092787657881,19.780235290527344,19.780235290527344,68529600
2008-09-23,19.828273393567034,20.09106804638615,19.12748908996582,19.12748908996582,64386200
2008-09-24,19.41288101756295,19.506131185924225,19.107701980185674,19.183996200561523,59170400
2008-09-25,19.192476053055188,19.766102437179565,19.18682550677221,19.653074264526367,55444400
2008-09-26,19.099232375810292,19.35355016265279,18.655589963825292,19.13031578063965,69241400
2008-09-29,18.647108066621456,18.647108066621456,16.70864609168216,16.8555850982666,91723400
2008-09-30,17.497037825118973,18.166741134693346,17.358576723534142,17.886991500854492,66400600
2008-10-01,17.717450434123915,17.92373002820887,16.954497816781174,17.593116760253906,93231000
2008-10-02,17.32183656799696,17.355745245196182,16.28196112509654,16.589967727661133,93994200
2008-10-03,16.530624437881226,19.757627870567145,16.24522438769053,16.392162322998047,97079200
2008-10-06,15.756377025484296,15.804415322291744,14.405669256203907,15.510537147521973,139090000
2008-10-07,15.97677720649276,16.18588192547552,14.5639034049551,14.659978866577148,96050600
2008-10-08,14.219165525604623,15.442715071219396,13.891378762089888,14.936905860900879,160996400
2008-10-09,15.047109003225083,15.26751701551546,12.786510467529297,12.786510467529297,110524800
2008-10-10,12.147893475334081,12.924974325598429,10.97520739739651,12.263749122619629,186766400
2008-10-13,12.811940549082944,14.58933617131948,12.55197119134587,14.284154891967773,100972600
2008-10-14,14.900170506742429,16.09263662229345,13.670970439775678,14.301112174987793,125450200
2008-10-15,13.6201111809923,13.80095895495087,11.85684322902073,12.235493659973145,119568000
2008-10-16,12.371125258060127,13.021048205537957,11.376461763642306,12.701738357543945,154834800
2008-10-17,12.583058656653858,14.029842771824853,12.323090292827287,12.981489181518555,126661000
2008-10-20,13.487302677242672,14.493269920349121,13.456219259251435,14.493269920349121,90005200
2008-10-21,14.0665730018882,14.428269473815659,13.532506809844204,13.834861755371094,87792200
2008-10-22,13.281014372864213,13.281014372864213,11.983996117588283,12.489805221557617,124200400
2008-10-23,12.580235270409874,13.227332080620355,11.955744970675205,13.153861999511719,174627800
2008-10-24,11.661865009153281,12.862808206128161,11.642084854496938,12.334393501281738,108626800
2008-10-27,12.207235293922327,12.851505689227727,11.523403509099145,11.54601001739502,93196800
2008-10-28,12.283528342257947,13.306448936462402,11.602523037468009,13.306448936462402,125925600
2008-10-29,13.416654353479412,14.258727315088134,13.306450329481342,13.60032844543457,127611400
2008-10-30,13.9563686140623,14.303935474129439,13.38274213906579,14.227640151977539,105421200
2008-10-31,13.981806720507668,14.871918137476216,13.812262202007831,14.524351119995117,95992600
2008-11-03,14.298288457732562,14.479137285905715,13.817912025396039,14.075055122375488,62059000
2008-11-04,14.40001403022126,15.061239219258844,14.394362403895085,14.982118606567383,67894200
2008-11-05,14.594989944146963,15.061237752300379,14.244596691614717,14.31241512298584,85242200
2008-11-06,14.171130214312695,14.301114396290492,13.281018939331405,13.450563430786133,104532600
2008-11-07,13.62858427471066,14.108961713746366,13.512728634525942,14.086355209350586,67146600
2008-11-10,14.50174272706073,14.668461949052835,13.854645994418693,14.134395599365234,81374200
2008-11-11,13.772697586084607,14.004408858726707,13.422304325197512,13.727485656738281,73709600
2008-11-12,13.337535828695804,13.433611340212822,12.571758089275363,12.602840423583984,79129000
2008-11-13,12.81476715242483,14.12874044498321,12.153542056482122,14.083528518676758,127985200
2008-11-14,13.704875633443772,14.270025144101247,13.247104831633617,13.49859619140625,111201000
2008-11-17,13.362961973878665,13.83486135209872,13.187764829326365,13.21884822845459,89162400
2008-11-18,13.303626287597766,13.704882112449088,12.975838381634505,13.58902645111084,104807000
2008-11-19,13.555112350436758,13.812255353494006,12.83737216065069,12.885409355163574,98284600
2008-11-20,12.518067841629865,12.625446605342773,11.252132420275077,11.291692733764648,132242400
2008-11-21,11.66468766914678,12.698911417975928,11.449931290466683,12.551972389221191,150731800
2008-11-24,12.891058185742716,13.865941167268288,12.664998629518363,13.459033966064453,110990200
2008-11-25,13.622931194873665,13.803778898991334,13.224500759884005,13.673794746398926,93198000
2008-11-26,13.521207775493156,14.538478005202563,13.408178468594981,14.439576148986816,78718000
2008-11-28,14.258729283576788,14.298289597351692,13.897033754277441,14.207865715026855,31942400
2008-12-01,13.634237257951815,13.634237257951815,12.68196026320858,12.696088790893555,74521200
2008-12-02,13.02387465180307,13.170813700585303,12.639572690055301,13.125601768493652,75605800
2008-12-03,12.794990799922994,13.176467551932175,12.600014511965638,13.13408088684082,95997200
2008-12-04,12.910841818606588,13.07473571487105,11.981171575025954,12.2241849899292,98205400
2008-12-05,11.969869713451159,12.498284332347163,11.452757268279267,12.478504180908203,104990800
2008-12-08,12.984318088437213,13.331885118684353,12.862810783805555,13.032355308532715,98376200
2008-12-09,13.006915558023,13.526853147554817,12.933446596408967,13.162332534790039,86006600
2008-12-10,13.419478644709512,13.953544880790556,13.413827018970242,13.843340873718262,82922400
2008-12-11,13.956368478329617,14.351973609061506,13.614453246703167,13.778346061706543,82029200
2008-12-12,13.286665062628439,13.769867633270652,13.156680934491435,13.642708778381348,81449000
2008-12-15,13.913986201920578,14.038318748878433,13.323404717480116,13.563592910766602,71277000
2008-12-16,13.984627723693848,14.106133899444359,13.62010596263027,13.984627723693848,81836800
2008-12-17,13.95637190638104,14.281333420582548,13.823561379682376,13.894205093383789,82104800
2008-12-18,13.846166385870578,13.888553040675758,12.939101458888933,13.086040496826172,99837200
2008-12-19,13.108475860417219,13.469206516712248,13.023262802302506,13.065869331359863,87478600
2008-12-22,13.148241386132243,13.196527774472834,12.475064294286382,12.67673397064209,63606600
2008-12-23,12.764784566922772,12.921007768555583,12.543233238831055,12.7051362991333,55987600
2008-12-24,12.600049118086467,12.707984917394368,12.503475209975099,12.65685749053955,12669200
2008-12-26,12.764791682741766,12.909653080731799,12.654015956943233,12.82728099822998,11565600
2008-12-29,13.136887916758761,13.20221717529421,12.940900141152419,13.108484268188477,29313200
2008-12-30,13.142558898109488,13.449322187484759,13.026102293624511,13.426599502563477,32908800
2008-12-31,13.389682314779318,13.750414238607343,13.278906582960001,13.568628311157227,46827600
2009-01-02,13.690760814832096,14.392340548517138,13.656676237063108,14.244640350341797,68567400
2009-01-05,14.213399226533918,14.824086181890797,14.179313556784825,14.579812049865723,95289000
2009-01-06,14.801373324717963,15.108136971673009,14.64799095947535,14.738883972167969,96745000
2009-01-07,14.514475627232029,14.514475627232029,13.974799085270707,14.113978385925293,78427000
2009-01-08,14.037292537323859,14.318493340399012,13.96344242332551,14.295770645141602,66533600
2009-01-09,14.29009014231448,14.304291962730678,13.761774188008134,13.815741539001465,79913600
2009-01-12,13.625426929403966,13.650990624870213,13.202205989691407,13.270376205444336,68882200
2009-01-13,13.293104413216732,13.670879060614137,13.25901983293846,13.60270881652832,93531800
2009-01-14,13.38399920605506,13.39820102618008,12.827279622330712,12.95225715637207,81218200
2009-01-15,12.929530004301238,13.142560483337009,12.497788103431922,13.114155769348145,88215400
2009-01-16,13.352754813086165,13.455009653635349,12.903971003878508,13.219256401062012,87339600
2009-01-20,12.992024876182771,13.310150224901228,12.486431585141666,12.514836311340332,89839400
2009-01-21,12.690937501876919,13.392518318962809,12.61992733281249,13.355592727661133,84770200
2009-01-22,13.051669863126868,13.26185936599906,12.713660750098166,12.989180564880371,107140400
2009-01-23,12.676736768164222,13.54874163211738,12.597204635215142,13.366955757141113,88452600
2009-01-26,13.463532496845453,13.960603828301336,13.398202168348135,13.614073753356934,86314400
2009-01-27,13.548745005663202,13.758934569616805,13.39252279817778,13.636796951293945,77673600
2009-01-28,13.875388759300234,14.113983007797561,13.63963552478359,14.008888244628906,78603600
2009-01-29,13.722005633154431,13.812898564020985,13.449325757025568,13.514656066894531,87422800
2009-01-30,13.741895601082705,13.818586754884233,13.230622325935624,13.327195167541504,85838800
2009-02-02,13.048826552467327,13.236293330677643,12.957933634761055,13.114155769348145,61179600
2009-02-03,13.185173029541184,13.426608352584214,13.057355540110345,13.34139633178711,62642000
2009-02-04,13.463526838221568,13.65099361823852,13.327186376819188,13.4663667678833,72235400
2009-02-05,13.372635522443147,13.84414300042525,13.219253297628331,13.795855522155762,85168400
2009-02-06,13.636794328627362,14.145227471441135,13.591347857307822,14.051494598388672,77044000
2009-02-09,14.119664736553133,14.420748306997819,13.98048538259064,14.102622985839844,68026600
2009-02-10,14.170789019728554,14.301447469419431,13.324347943189261,13.44648551940918,113454600
2009-02-11,13.548743172048082,13.670880773841487,13.03178912500459,13.293106079101562,85024800
2009-02-12,13.043147493655491,13.347072017826227,12.875564532795787,13.315827369689941,90264600
2009-02-13,13.301629935622353,13.554426050530527,13.259023386209478,13.347076416015625,74918600
2009-02-17,12.881246262850368,12.955097457080573,12.40121783447148,12.423941612243652,103792600
2009-02-18,12.497790343930602,12.563119572523094,12.210909724152334,12.352930068969727,85612800
2009-02-19,12.48643146073041,12.605729142517129,12.293283658622011,12.355772972106934,67991000
2009-02-20,12.105817379380321,12.210913244989088,11.750766414963127,12.03764820098877,89403000
2009-02-23,12.256358471252438,12.301804946707426,11.441160760205035,11.47524642944336,68967000
2009-02-24,11.59738302380891,12.083092391029863,11.517850886052788,12.014922142028809,67763200
2009-02-25,12.009239826342695,12.244994115208005,11.691114562232281,11.943910598754883,87614800
2009-02-26,12.162621565954874,12.423939549297247,11.958111934080772,11.972314834594727,64285400
2009-02-27,11.711000803895567,12.08593453319121,11.554778597277307,11.682597160339355,86158200
2009-03-02,11.415599170878874,11.486609369690454,10.793550219360108,10.827634811401367,93377800
2009-03-03,11.026461636849785,11.219609430178249,10.765144671481544,10.881601333618164,90922200
2009-03-04,11.25937259403002,11.637147225643599,11.148596900107009,11.401392936706543,92007600
2009-03-05,11.151436665494995,11.301978963308391,10.793545883989255,10.898640632629395,90310000
2009-03-06,11.069066982821438,11.341745808497988,10.623123148059994,11.017939567565918,95548400
2009-03-09,10.892962288328532,11.398555558236726,10.819112170357835,11.037823677062988,84001400
2009-03-10,11.32754179510943,11.73940096775798,11.262212573500632,11.597380638122559,83388200
2009-03-11,11.668390887654985,11.824613034682327,11.338902680320698,11.549093246459961,76690000
2009-03-12,11.659868937951634,11.946750612844978,11.455360398469999,11.895623207092285,63845200
2009-03-13,11.977996929527992,12.02628441652115,11.634307910133671,11.787690162658691,59145800
2009-03-16,11.782007401893614,12.222270243878018,11.733721005873223,11.93822956085205,56123000
2009-03-17,11.918349855293119,12.739227466326234,11.796212243596548,12.350091934204102,55410200
2009-03-18,12.182503699091729,12.61992657428404,11.901304053274618,12.475065231323242,84792400
2009-03-19,12.895446437083702,13.07155134343732,12.733543347067947,12.776148796081543,79527000
2009-03-20,12.870366253762514,12.910336159416719,12.236554638108004,12.276524543762207,75273200
2009-03-23,12.57059095721659,13.298618351993033,12.542041333110918,13.287198066711426,93572200
2009-03-24,13.090197270070206,13.224382851333644,12.867507232312123,13.0359525680542,59595400
2009-03-25,12.998835801925111,13.221526904851649,12.624830890402338,12.973140716552734,66918400
2009-03-26,13.181562800122778,13.318604052984377,12.930323044439472,13.084493637084961,68444800
2009-03-27,12.804697409593032,12.856087588407425,12.62197725785209,12.696208000183105,57336600
2009-03-30,12.376451740644532,12.387872027104317,12.016721429948944,12.225136756896973,54638200
2009-03-31,12.416419872069781,12.439259350609472,12.116643411862496,12.122353553771973,78684000
2009-04-01,11.848275477092285,12.467811286500716,11.839710807186602,12.37930679321289,66401200
2009-04-02,12.841809293317711,13.101614642725092,12.793274742672397,12.887489318847656,70610200
2009-04-03,12.838963199726619,13.230098743259482,12.798993287276339,13.138738632202148,55045400
2009-04-06,12.967438905906281,12.984569336857149,12.68193825798304,12.873224258422852,52423400
2009-04-07,12.59914088155111,12.633400646152479,12.419275211471929,12.48779582977295,44630200
2009-04-08,12.51349381247358,12.776153883512578,12.262252939537365,12.64767837524414,47116600
2009-04-09,12.995987955783916,13.081637921345774,12.85609217705744,13.018827438354492,40653400
2009-04-13,12.753314186215242,12.995990404989723,12.567739407374457,12.876079559326172,35503600
2009-04-14,12.79327947254839,13.053084918009917,12.67051415434258,12.841814041137695,42165000
2009-04-15,12.78757354968649,12.918903578827958,12.650533377221679,12.858948707580566,42437000
2009-04-16,12.981710003935913,13.024534431812276,12.659094086262908,12.918899536132812,35525800
2009-04-17,12.950305513365477,13.135880223011084,12.867510089981426,13.070215225219727,44136600
2009-04-20,12.744742298219784,12.773293002020145,12.3650271950079,12.436402320861816,36891800
2009-04-21,12.29650811150882,12.713338636519733,12.245117927428227,12.681933403015137,16007400
2009-04-22,12.544896764295643,12.824687239276196,12.484941895892332,12.547752380371094,42870200
2009-04-23,12.733325639516096,12.801846259034086,12.530620485801922,12.781861305236816,38427600
2009-04-24,12.995987166848375,13.258647190506132,12.973146596565961,13.1530122756958,47660400
2009-04-27,12.870368031708349,13.035957819307658,12.764732021774268,12.904627799987793,36723800
2009-04-28,12.719056233216588,13.093062550114984,12.704781415737758,12.933181762695312,31412400
2009-04-29,13.06165309417025,13.632654322330698,13.033103468401592,13.290053367614746,42310600
2009-04-30,13.444221349090357,13.449931490954587,12.887495041957136,13.070215225219727,59166600
2009-05-01,13.121605382366798,13.598391880487746,13.05879600020281,13.492755889892578,43703400
2009-05-04,13.644073380396405,14.049483693138697,13.592683187358887,14.032354354858398,56332400
2009-05-05,13.978112914992451,14.026648596519502,13.624092684636341,13.843928337097168,35813400
2009-05-06,14.095164227258254,14.463460260295605,14.043774032457769,14.380664825439453,43682200
2009-05-07,14.708994124768768,14.734689227716775,14.003807146494603,14.195093154907227,46984200
2009-05-08,14.412070152750358,14.945955969633975,14.40636001006036,14.8003511428833,56479600
2009-05-11,14.560523521298133,14.58621860637022,14.220778364543062,14.349252700805664,36681600
2009-05-12,14.537683817305492,14.56337890388996,14.135128186880756,14.440614700317383,46931000
2009-05-13,14.240763894094759,14.306428872174143,13.85819321682079,13.963828086853027,60138400
2009-05-14,13.85534470777687,14.135135184032567,13.729724827345262,14.003805160522461,35979000
2009-05-15,13.935286905642442,14.063761324900497,13.586975769453147,13.704030990600586,60101200
2009-05-18,13.91529848264783,14.195088915012578,13.903878198282348,14.177958488464355,33953800
2009-05-19,14.203654463623767,14.392084810934039,14.112294361236867,14.246479988098145,32915400
2009-05-20,14.449183032688307,14.706132874637218,14.255042571252329,14.295012474060059,44500400
2009-05-21,14.08088611281426,14.092306395446743,13.715445781359595,13.87247085571289,51213600
2009-05-22,13.960977835068922,14.12085745182277,13.846777175303426,13.878182411193848,27292000
2009-05-26,13.786818848204138,14.212213966086534,13.604098709857505,14.17224407196045,53813800
2009-05-27,14.232202314167074,14.417778111639333,13.998091944828706,14.01807689666748,41742600
2009-05-28,14.143701711502505,14.620487248922926,14.006661537469716,14.483447074890137,51813800
2009-05-29,14.714698333780426,14.814623088776381,14.551963110445215,14.754668235778809,44477400
2009-06-01,15.040173850213403,15.402759794859639,15.008768605457652,15.297124862670898,59445800
2009-06-02,15.220035407306664,15.36278568882262,15.140094509070941,15.257149696350098,40510200
2009-06-03,15.065870217422365,15.065870217422365,14.452043352249653,14.669024467468262,56498000
2009-06-04,14.843180837419018,15.037320297913848,14.708995169262103,15.000205993652344,62122000
2009-06-05,15.160078710360493,16.476236414993956,14.691857984438428,14.877433776855469,46431000
2009-06-08,14.74324813538001,14.960229161915631,14.55767343250151,14.84317398071289,36661600
2009-06-09,15.011619635054375,15.120109061300587,14.828898365859224,14.988779067993164,29609000
2009-06-10,15.245730185697035,15.288554615805696,14.877434205632298,15.122964859008789,50113800
2009-06-11,15.17149526335783,15.651136154685712,15.14580017671177,15.425590515136719,49884800
2009-06-12,15.254304938730055,15.277144432067873,15.074439163886995,15.277144432067871,39909000
2009-06-15,15.014478259218608,15.023042929654988,14.677587426806978,14.87172794342041,38825600
2009-06-16,15.003055903388937,15.063010766371727,14.511995625355842,14.55482006072998,46876600
2009-06-17,14.446327349762836,14.474878058133596,14.123712513409474,14.317852973937988,72678600
2009-06-18,14.29501321525471,14.463458592319851,14.1808125535129,14.2636079788208,46122600
2009-06-19,14.416847834689316,14.45128267313498,14.00936471687114,14.121278762817383,49653600
2009-06-22,13.903190970442004,13.903190970442004,13.38953309275464,13.415359497070312,64228800
2009-06-23,13.48996342310248,13.619095396069193,13.289092681446975,13.495702743530273,50627800
2009-06-24,13.59327043096193,13.785533854189584,13.461269331231634,13.550227165222168,36044600
2009-06-25,13.510058417684318,13.897453437646494,13.487101124374325,13.834321975708008,53431000
2009-06-26,13.791275411451789,13.84292821444576,13.68223048350188,13.742491722106934,24620000
2009-06-29,13.83144983308725,14.00362511655977,13.79414478695816,13.871623992919922,27624400
2009-06-30,13.871622027287838,14.035188851808167,13.564575455317145,13.788403511047363,45739400
2009-07-01,13.940495457221862,14.095452782197148,13.776927506715833,13.799884796142578,40023400
2009-07-02,13.564577040028471,13.564577040028471,13.237443352769708,13.246051788330078,47966800
2009-07-06,12.94761346377524,13.114050513743145,12.78404662206952,13.111180305480957,63343800
2009-07-07,13.088221306726565,13.09969994798698,12.741000618575107,12.775435447692871,43153800
2009-07-08,12.738138507821112,12.921792506071986,12.528658097649698,12.778312683105469,68756200
2009-07-09,12.910307884216309,13.096830895159146,12.798392764054315,12.910307884216309,49091200
2009-07-10,12.706561733716168,12.85004143204508,12.620474133651467,12.818475723266602,50377600
2009-07-13,12.815615784221478,13.03083548576662,12.568830351303474,13.013617515563965,44888200
2009-07-14,13.159961298184424,13.246048919132047,13.019350678061299,13.1886568069458,54760600
2009-07-15,13.438314788959525,13.7080563425148,13.432575467224687,13.656403541564941,59843600
2009-07-16,13.578917084789822,13.906050586239111,13.51004745009687,13.822832107543945,32160800
2009-07-17,13.814228019095868,13.980665028802301,13.690835365599982,13.903185844421387,37788600
2009-07-20,14.086836485579573,14.19301115327358,13.90318265129917,14.141358375549316,39242000
2009-07-21,14.29919404213371,14.353715959276357,14.035190702782947,14.264758110046387,36666800
2009-07-22,14.052412200464865,14.310675188043728,14.017976259723135,14.135629653930664,43119200
2009-07-23,14.118410929903947,14.591893559144287,14.08110587964956,14.537371635437012,43464400
2009-07-24,14.477103755512596,14.712410405303164,14.419711649418058,14.689453125,30936600
2009-07-27,14.723890580302331,14.827195068445116,14.571801319098213,14.738238334655762,26397200
2009-07-28,14.571809076072308,14.632071427897598,14.236066847890605,14.523026466369629,38322000
2009-07-29,14.287716200129882,14.299194844803331,14.015104409786396,14.18727970123291,44510600
2009-07-30,14.32215011583642,14.537369763596734,14.204496752180665,14.385281562805176,41371800
2009-07-31,14.313542801608822,14.591892823481405,14.213106301320432,14.52589225769043,35830400
2009-08-03,14.775547534754246,15.002244744603326,14.752590245589692,14.89893913269043,41977800
2009-08-04,14.824326138504611,14.950587910902872,14.718151441381902,14.873109817504883,28837000
2009-08-05,14.867369071772153,14.867369071772153,14.634931529866046,14.723889350891113,32381600
2009-08-06,14.778415194159022,14.778415194159022,14.488586562294529,14.60336971282959,33406200
2009-08-07,14.77555399960905,14.812857968827627,14.508681416955314,14.586160659790039,37257400
2009-08-10,14.545980646688482,14.738244133595991,14.51154580375875,14.649286270141602,28121400
2009-08-11,14.597627251553492,14.632063174505108,14.376668338599506,14.436930656433105,41350400
2009-08-12,14.405365431383212,14.723890614215028,14.396755903020534,14.591888427734375,31199200
2009-08-13,14.709544530662916,14.787023732512708,14.511542855711467,14.769806861877441,33626200
2009-08-14,14.766936441665068,14.784154406716848,14.391020176009182,14.551716804504395,33078000
2009-08-17,14.201625928675892,14.2331905536962,13.98640630682768,14.08110237121582,37469800
2009-08-18,14.115535370939195,14.284841495257561,14.05814435496426,14.221711158752441,25840200
2009-08-19,14.078236669764626,14.597632782449033,14.03232318309644,14.485718727111816,41163600
2009-08-20,14.488590236735993,14.649286907171987,14.47998070463123,14.609112739562988,20052600
2009-08-21,14.784156331230271,15.079724321113833,14.778417008799234,15.022332191467285,43980200
2009-08-24,15.162943937447016,15.326510807091664,15.157204614606023,15.21459674835205,38163200
2009-08-25,15.263377932310073,15.340857141468657,14.930504901108632,14.982157707214355,42513200
2009-08-26,14.867378087395299,15.088337122901937,14.801377507126675,15.051032066345215,32536200
2009-08-27,14.964935639444649,15.108415363333233,14.669366663863041,15.005109786987305,36828200
2009-08-28,15.114158450789642,15.137115739434979,14.87598260174502,14.973548889160156,21096600
2009-08-31,14.73536957044981,14.78415325362646,14.589020710247055,14.683716773986816,26625400
2009-09-01,14.640670392956192,14.832932687495623,14.393885105599683,14.428319931030273,40933200
2009-09-02,14.347977587526131,14.517283766845493,14.322151184082031,14.322151184082031,28713200
2009-09-03,14.436931475718627,14.491453381490915,14.330755682587595,14.422582626342773,18870200
2009-09-04,14.393892372765816,14.666504190496939,14.379544612814476,14.623459815979004,23645600
2009-09-08,14.921894292962335,15.636423943642725,14.870241494375144,15.025199890136719,38221600
2009-09-09,15.06537162187947,15.211720464554373,14.959196928383422,15.059632301330566,26240800
2009-09-10,15.131373236122835,15.349463053748238,15.022328327310133,15.32076644897461,34983000
2009-09-11,15.409720959243009,15.587635491824665,15.254762610867063,15.381024360656738,42355800
2009-09-14,15.205987556998581,15.50442466727637,15.154334748656227,15.495816230773926,31227000
2009-09-15,15.57042268675127,15.693815364859073,15.435552460072996,15.650772094726562,36972000
2009-09-16,15.768422638882749,16.046772572352378,15.745465356508959,16.038164138793945,45770000
2009-09-17,16.02095283818979,16.150083765087004,15.845907330591874,15.96069049835205,34738800
2009-09-18,16.06042150949519,16.071950050134383,15.76642228241915,15.90477466583252,36729600
2009-09-21,15.642473963161335,15.824061861109225,15.558885760983966,15.769296646118164,31133000
2009-09-22,16.022950031013714,16.074832309975438,15.901891013594044,16.01718521118164,27074000
2009-09-23,16.0287063993634,16.06329420059173,15.67417841307549,15.682825088500977,67976400
2009-09-24,15.71165614555508,15.723185785063889,15.336951657734346,15.45801067352295,45889600
2009-09-25,15.403242014144498,15.630947395992724,15.311007117615771,15.437830924987793,40207200
2009-09-28,15.446478875354623,15.737595085343155,15.417655880137584,15.685712814331055,28126000
2009-09-29,15.674181076156037,15.75200446678694,15.51565243577156,15.642475128173828,35139000
2009-09-30,15.72894146810758,15.731824426073585,15.336942748729921,15.54158878326416,50769600
2009-10-01,15.535827585762117,15.541591303576197,15.057358741760254,15.057358741760254,47306800
2009-10-02,14.858479923667316,15.086185314875218,14.797950976493594,14.979538917541504,37126800
2009-10-05,14.999710319599442,15.374414616843033,14.94494510955003,15.311002731323242,33735400
2009-10-06,15.532941918403475,15.786588339520202,15.515648568924208,15.674177169799805,43871200
2009-10-07,15.628063182419336,15.795238494873047,15.550239794034725,15.795238494873047,41166000
2009-10-08,15.878824755143793,16.247764240476112,15.844236953275487,16.20164680480957,73616400
2009-10-09,16.138243191800324,16.25930110191568,16.06618459781922,16.18724250793457,26629200
2009-10-12,16.314058991995196,16.530234691179903,16.311177133131046,16.406293869018555,27144000
2009-10-13,16.45241312881353,16.46394166430235,16.152649215573934,16.432235717773438,41277000
2009-10-14,16.642649608774132,16.714708186558084,16.538885080840974,16.7060604095459,45796000
2009-10-15,16.605178119597994,17.057705880474053,16.576354030019736,17.05482292175293,46201200
2009-10-16,16.977007619447228,17.07788922569537,16.847301911751728,17.002948760986328,44899800
2009-10-19,17.03176377722673,17.291175070987602,16.962587065714985,17.22488021850586,43175800
2009-10-20,17.279646089705423,17.29117572531477,16.861706144842472,17.115352630615234,36996600
2009-10-21,16.979885617846342,17.455472738051142,16.956827441459957,17.069238662719727,52015600
2009-10-22,16.948172065296003,17.19893553103621,16.769467155190156,17.13552474975586,36697200
2009-10-23,17.23063880428563,17.247933250790314,16.659935263944636,16.804052352905273,42302400
2009-10-26,16.815591441472858,17.196060682353522,16.48700446976017,16.52735710144043,53872800
2009-10-27,16.567708165369766,16.835766164196563,16.50141440537869,16.674354553222656,50598400
2009-10-28,16.58788243553049,16.58788243553049,16.086355408859454,16.123825073242188,47924600
2009-10-29,16.233358643031625,16.58788676462396,16.169946733640106,16.553298950195312,43452600
2009-10-30,16.50717532272636,16.570587208396567,15.818295653950534,15.924942016601562,59776600
2009-11-02,16.037355135554716,16.296766426916925,15.76929716765594,16.02582550048828,58815200
2009-11-03,15.824066136998795,16.33712292433046,15.763536088309088,16.23335838317871,40061600
2009-11-04,16.42934966496491,16.521584522490333,16.181468073042996,16.21893882751465,52054000
2009-11-05,16.30541473820585,16.54464974195034,16.23047430181366,16.495649337768555,37093800
2009-11-06,16.331352693872795,16.61958694621755,16.282353398746864,16.452411651611328,43677600
2009-11-09,16.680123836038817,16.78965321207094,16.634006377634805,16.76659393310547,33857400
2009-11-10,16.717589195172916,16.855941525534607,16.593648359729336,16.778118133544922,35903800
2009-11-11,16.93088002556117,16.994290811747533,16.68588025773325,16.772350311279297,36047200
2009-11-12,16.68877397207238,16.79253744348886,16.337127614880718,16.40342140197754,50834400
2009-11-13,16.4408949985586,16.63977639387401,16.282366254507718,16.50718879699707,38712800
2009-11-16,16.706059247337773,17.043293939659776,16.668589581155988,16.939529418945312,41948200
2009-11-17,16.89917512419366,16.959704055453628,16.772351344952067,16.910703659057617,33699200
2009-11-18,16.991413880555896,17.000060558560097,16.729120685670264,16.84441375732422,34286600
2009-11-19,16.717590948944824,16.73488540437679,16.363062859039715,16.466827392578125,44870400
2009-11-20,16.37459024711702,16.403413236018398,16.18147270299281,16.31406021118164,33801600
2009-11-23,16.62247179820637,16.78100154516403,16.475472786831627,16.524473190307617,35071200
2009-11-24,16.547530280579814,16.62535366957981,16.308296395455272,16.61958885192871,31882400
2009-11-25,16.65129837365073,16.812710003950787,16.49276970255835,16.749298095703125,29218200
2009-11-27,16.26218216678822,16.46394643997598,16.16994725896413,16.435123443603516,25622400
2009-11-30,16.34288031098535,16.524468175420264,16.24488063330117,16.37746810913086,38884600
2009-12-01,16.596529961637714,16.729117463287615,16.559059198292655,16.593647003173828,31061400
2009-12-02,16.5936490466055,16.674354301108878,16.42070890137636,16.495649337768555,31288600
2009-12-03,16.48988469261041,16.536002138456986,16.21606187685345,16.2304744720459,39432200
2009-12-04,16.435121096740847,16.610944208275896,16.00853443408741,16.1122989654541,60389000
2009-12-07,15.982597994521704,16.270832399834894,15.982597994521704,16.074832916259766,27159400
2009-12-08,15.991240936188731,15.999887614477952,15.705889557377011,15.801006317138672,40475400
2009-12-09,15.855770445514976,15.945123486101648,15.613653557676104,15.801006317138672,50632600
2009-12-10,15.930707899189182,16.066178355083345,15.852884515985712,15.997001647949219,30380000
2009-12-11,16.080594929382883,16.120947563158712,15.901888837623067,16.005653381347656,31250600
2009-12-14,16.25353297909973,16.28523892993183,16.152651407840022,16.169944763183594,31263000
2009-12-15,16.161297612360993,16.32270922117758,16.12382684433584,16.221826553344727,26852400
2009-12-16,16.328476907694668,16.501417083607333,16.282359454149503,16.325593948364258,37594200
2009-12-17,16.22759514463969,16.342889334820214,16.144006911735154,16.18724250793457,30876400
2009-12-18,16.359380641250116,16.42023900990859,16.194193008885236,16.27243995666504,41544400
2009-12-21,16.388357300289933,16.539054973377795,16.379663565182547,16.466604232788086,32098200
2009-12-22,16.5013861231919,16.620205335622007,16.446323938825593,16.544857025146484,20155200
2009-12-23,16.599918759274985,16.7216366181399,16.56224515781452,16.675268173217773,26062400
2009-12-24,16.7332329279136,16.791192668518466,16.69265956177453,16.75351905822754,5590600
2009-12-28,16.881026666716732,16.88392421062101,16.712940376986623,16.782493591308594,11669200
2009-12-29,16.85205154489269,16.85494908961184,16.628903014139006,16.672372817993164,17026800
2009-12-30,16.611516420628615,16.675273467204423,16.553555569697085,16.654987335205078,14507200
2009-12-31,16.689759520558376,16.730331775117616,16.504285725138416,16.52167320251465,11897800
2010-01-04,16.785392151272394,17.043317794799805,16.747718550682073,17.043317794799805,33856800
2010-01-05,17.06650476781251,17.217202515879535,16.98825779638284,17.18242645263672,34736200
2010-01-06,17.191115538847953,17.440346319901437,17.153440835651054,17.388181686401367,48703800
2010-01-07,17.31283651550518,17.391082374390532,17.18532245255805,17.362102508544922,34899000
2010-01-08,17.301242964716003,17.489614291080272,17.240384587221897,17.47512435913086,26688600
2010-01-11,17.58815298895013,17.64031764502406,17.309942226896723,17.451946258544922,38919800
2010-01-12,17.185327720106525,17.304146975310953,17.109979382505987,17.199817657470703,43021200
2010-01-13,17.191118110309908,17.330223451947315,16.959275874247563,17.263568878173828,44275000
2010-01-14,17.260669151303965,17.356303577925825,17.194014585958826,17.312833786010742,31090800
2010-01-15,17.292550074443838,17.330224786176675,17.054911625995615,17.173730850219727,38110400
2010-01-19,17.127360716687903,17.3592040533321,17.09548330813474,17.330223083496094,29226200
2010-01-20,17.14474450097946,17.14474450097946,16.930289806247675,17.060701370239258,31283400
2010-01-21,17.07519790108873,17.127362546856705,16.672371774166866,16.71294403076172,50413200
2010-01-22,16.631795685723304,16.7274312161012,16.269541898857014,16.31591033935547,46057200
2010-01-25,16.42603440658137,16.58252829455384,16.370972233632862,16.42313575744629,31802400
2010-01-26,16.286938612625153,16.605721662069627,16.20579297209403,16.318817138671875,43030600
2010-01-27,16.27243732814357,16.41733881421605,15.991328091399568,16.255048751831055,53233400
2010-01-28,16.373871330742364,16.408647385087633,15.881205954555913,16.084068298339844,68861400
2010-01-29,16.202889947679804,16.36228141850293,15.713123146838662,15.794267654418945,65605400
2010-02-01,15.982637518744976,16.31880898873646,15.971045132242658,16.31591033935547,43626600
2010-02-02,16.37676863357462,16.559344850843708,16.24345950595438,16.530364990234375,44501600
2010-02-03,16.48399266989485,16.620199309310912,16.350682468142796,16.388357162475586,39498600
2010-02-04,16.257950050298188,16.26374624374113,15.707324939348826,15.716018676757812,74346400
2010-02-05,15.7131178397542,15.788466127699822,15.263922338907376,15.718914031982422,92756800
2010-02-08,15.721819492704906,15.90729331536839,15.571121735413028,15.574020385742188,48230200
2010-02-09,15.788473847272114,16.101461747563732,15.739207847510192,15.901496887207031,67116200
2010-02-10,15.907285799330333,15.933368112413195,15.58560430647859,15.834835052490234,48364600
2010-02-11,15.802966917822344,16.139138559555303,15.733414774297671,16.10436248779297,45889000
2010-02-12,15.910187588136251,16.118845028466648,15.805858315215614,16.110151290893555,39667800
2010-02-16,16.31591128637094,16.547753502319893,16.298523811119075,16.48979377746582,39669800
2010-02-17,16.536157430178854,16.570933476118956,16.356478797548768,16.466604232788086,36275600
2010-02-18,16.44921978250271,16.599917493385334,16.3680752864547,16.559345245361328,33145400
2010-02-19,16.498486795192,16.68106301594623,16.42023984344019,16.62310218811035,32996600
2010-02-22,16.663682072325365,16.666579617565127,16.35938896862865,16.3941650390625,34699400
2010-02-23,16.315911670844308,16.35648392140257,16.046394742980517,16.12174415588379,42202400
2010-02-24,16.115944437462467,16.284029596658,16.066677354337635,16.22317123413086,35260600
2010-02-25,15.991334660421417,16.2405654957284,15.858025503795702,16.231870651245117,41896200
2010-02-26,16.2695369720459,16.327497781494728,16.12753414968228,16.2695369720459,34493600
2010-03-01,16.344893995924814,16.46081456349566,16.33040295765633,16.420242309570312,27932000
2010-03-02,16.52745939944521,16.681055691595557,16.492683360217548,16.556440353393555,33492600
2010-03-03,16.620207590425647,16.773803987461672,16.620207590425647,16.628902435302734,33534600
2010-03-04,16.654977021824592,16.707141644809568,16.472400841377176,16.541954040527344,32662000
2010-03-05,16.704244908653436,16.889718653609727,16.686857436007987,16.8520450592041,30670400
2010-03-08,16.898418561133045,16.95637829467361,16.753517016259533,16.82596778869629,25224000
2010-03-09,16.736128432890734,16.918704688974454,16.712943655065665,16.82596778869629,33407600
2010-03-10,16.84335661234462,16.996953013930472,16.765109639199636,16.97376823425293,34744400
2010-03-11,16.91000510009989,16.976660764889875,16.857840470140356,16.944782257080078,26066600
2010-03-12,17.05490272512916,17.05490272512916,16.881021401821037,16.953472137451172,27319600
2010-03-15,16.88972260698437,16.912907383286125,16.60281818607154,16.779598236083984,36747200
2010-03-16,16.86364516602305,16.947688346168967,16.730335980246895,16.930299758911133,38322600
2010-03-17,17.01433670239359,17.22009660138844,16.991153033392496,17.115768432617188,43343600
2010-03-18,17.115771514313376,17.141853837580037,16.768007572594914,16.86074447631836,39453800
2010-03-19,16.658042907714844,16.940136523276315,16.5068175215057,16.658042907714844,44824800
2010-03-22,16.44864822777429,16.690026323059495,16.3817602951198,16.61441421508789,39713000
2010-03-23,16.652230202552268,16.704577506187967,16.54462790480427,16.678403854370117,34841400
2010-03-24,16.567889218795738,16.727838775313035,16.530082596912155,16.582429885864258,41494000
2010-03-25,16.701659740257583,16.742374038661325,16.277066186359374,16.303239822387695,44246000
2010-03-26,16.358503365000946,16.413758354767424,16.204370266075177,16.309064865112305,42987800
2010-03-29,16.41375599859803,16.6580429914903,16.402124129894094,16.626052856445312,38952000
2010-03-30,16.663858471766336,16.684215627493195,16.550439715750482,16.652225494384766,26115600
2010-03-31,16.68421540632363,16.803450649449662,16.614419761723003,16.72783851623535,30335400
2010-04-01,16.893599288734176,17.062272968384125,16.87905862642699,17.02446746826172,35980200
2010-04-05,17.129167196855104,17.3589123933676,17.071003420638846,17.326923370361328,34911400
2010-04-06,17.30365741612212,17.385086037195826,17.23386066278626,17.326923370361328,27071600
2010-04-07,17.286203455736604,17.297836429831438,17.056458318961745,17.155336380004883,39071600
2010-04-08,17.027385262298548,17.271672305934413,16.94595661754729,17.21641731262207,38919400
2010-04-09,17.329832832420934,17.428710929287153,17.303659185915702,17.399629592895508,34977200
2010-04-12,17.38508966599927,17.559581031069765,17.37927317622539,17.440345764160156,30055600
2010-04-13,17.417075265225005,17.460698372467565,17.19605425833756,17.379268646240234,27711000
2010-04-14,17.46650968971084,17.55957125552088,17.312375569965592,17.54503059387207,29171200
2010-04-15,17.52467433296018,17.6061040443576,17.469419368646733,17.542123794555664,27894400
2010-04-16,17.443245242164853,17.52176615307203,17.13207039674463,17.2454891204834,73328400
2010-04-19,17.088456627461003,17.27458098606041,17.03611043432794,17.26876449584961,42298200
2010-04-20,17.399625480471688,17.670084951259806,17.38508370633096,17.60610580444336,39333200
2010-04-21,17.611927151386656,17.719529431549734,17.46070175552891,17.588661193847656,37143200
2010-04-22,17.440342567253484,17.63518994674303,17.309474344784945,17.632282257080078,21374000
2010-04-23,17.63809245370972,18.056869506835938,17.61482650717868,18.056869506835938,52021800
2010-04-26,18.08886543021658,18.117946763326163,17.96672139051648,17.995803833007812,34525600
2010-04-27,17.87074338571037,18.004519227764227,17.399619141000876,17.443241119384766,82804800
2010-04-28,17.562485559881658,17.667180138201715,17.38217884687588,17.620649337768555,46190000
2010-04-29,17.710807054762796,17.85330717635607,17.521775013355526,17.641010284423828,57721400
2010-04-30,17.68172117634677,17.69044646431105,17.31238245480412,17.422893524169922,45833000
2010-05-03,17.49850529326789,17.76024173906804,17.300750223463297,17.620649337768555,33379800
2010-05-04,17.388002912928375,17.40254358639117,16.969224417153285,17.149532318115234,61168800
2010-05-05,16.835441448298674,17.114626256511848,16.72783917814227,16.879064559936523,70413000
2010-05-06,16.727833376285908,16.91977300403314,15.206857016683452,16.303239822387695,94401400
2010-05-07,16.256710455456147,16.46900725092685,15.788493764201208,15.992066383361816,98981800
2010-05-10,16.61441796588933,16.739469684112343,16.43701896518312,16.67548942565918,59433800
2010-05-11,16.50100609953718,16.817997615827093,16.4864643188244,16.564985275268555,45673200
2010-05-12,16.599881824408858,16.84998421963101,16.599881824408858,16.794729232788086,37616200
2010-05-13,16.768554791032642,16.89942302671293,16.608605218259793,16.68712615966797,42234600
2010-05-14,16.532984860642152,16.582424443707776,16.099667133548376,16.355587005615234,56791400
2010-05-17,16.407939292463386,16.454471204190874,15.837936686383676,16.186918258666992,63878600
2010-05-18,16.422481315877683,16.53590007895993,15.968805154166839,16.061866760253906,61329800
2010-05-19,15.968806496461337,16.08804175861935,15.605284220445206,15.878652572631836,60211200
2010-05-20,15.471508653081408,15.52094715127928,15.122527038019939,15.169057846069336,89767600
2010-05-21,14.869509834683141,15.46859360775262,14.834610910700851,15.433695793151855,80312000
2010-05-24,15.401703263071626,15.442417558646614,15.058538329823358,15.081804275512695,54698400
2010-05-25,14.677571598033493,15.122522382358456,14.584510010584895,15.116705894470215,86228000
2010-05-26,15.294103036901262,15.436604199422309,15.035275458871817,15.08471393585205,59695200
2010-05-27,15.465686414665788,15.74487115918666,15.41043144732777,15.72451400756836,60610400
2010-05-28,15.686715645627661,15.707072807955145,15.311561433176763,15.427887916564941,52657400
2010-06-01,15.171962596782157,15.279565970922025,14.668847985540252,14.695021629333496,72695200
2010-06-02,14.796812861964762,15.355182614417505,14.770639210482159,15.331917762756348,55296400
2010-06-03,15.49186412499694,15.570385063037447,15.160332015080483,15.538394927978516,67379800
2010-06-04,15.206864850342741,15.541304694786303,14.884056876162694,14.991659164428711,59718800
2010-06-07,15.05272900473819,15.22722035227844,14.83170796244546,14.86078929901123,48249600
2010-06-08,14.88405846764304,15.154519171719322,14.741557225203511,15.107988357543945,70188800
2010-06-09,15.259207339281732,15.494769001247487,14.872419208358645,14.950940132141113,61359800
2010-06-10,15.349361636723359,15.733241006651818,15.31446381474307,15.701251983642578,51986800
2010-06-11,15.480227900903383,15.805943453476093,15.480227900903383,15.797219276428223,30326200
2010-06-14,15.992071701938706,16.10839815915962,15.707069274700016,15.715794563293457,47629000
2010-06-15,15.87864356782764,16.19854365493515,15.837929273504084,16.175277709960938,34142400
2010-06-16,16.061863638123054,16.274160455078945,15.994975691086127,16.163650512695312,28992600
2010-06-17,16.2130919539914,16.2130919539914,15.971712653383847,16.146203994750977,34826000
2010-06-18,16.143871327176186,16.272415355649997,16.027014436538803,16.246122360229492,27196400
2010-06-21,16.514888268177742,16.564553292516184,16.088358597695276,16.2110595703125,33251400
2010-06-22,16.199371089930388,16.20813504577148,15.685197468080357,15.737783432006836,43145200
2010-06-23,15.717340437860871,15.73194740889541,15.527447585530965,15.618011474609375,35639200
2010-06-24,15.524526432263952,15.620934452733406,15.220696513405729,15.290811538696289,33908000
2010-06-25,15.314172252462805,15.471930118272356,15.124279515712592,15.334623336791992,40874800
2010-06-28,15.404737830152985,15.404737830152985,15.109673170809472,15.127201080322266,31908800
2010-06-29,14.913943473757023,14.916865536373818,14.519549717956851,14.627642631530762,44985200
2010-06-30,14.60426928054026,14.826298081655715,14.48156830311422,14.513704299926758,33385600
2010-07-01,14.563373388660361,14.645174440835861,14.186508593781168,14.4611234664917,51605200
2010-07-02,14.551678747639123,14.615949606688483,14.303355922892623,14.426056861877441,22839200
2010-07-06,14.677307739502607,14.829221563125449,14.405613865679614,14.566292762756348,34598000
2010-07-07,14.6422476871805,15.089228481688039,14.607190741444292,15.080463409423828,37817400
2010-07-08,15.255746176958507,15.337546066023194,15.019109350741497,15.293724060058594,29743000
2010-07-09,15.2791175080094,15.395975450771205,15.21484664248635,15.372603416442871,18225800
2010-07-12,15.314174160614492,15.445639065169694,15.188553378972761,15.331703186035156,16413800
2010-07-13,15.53620944765402,15.632616335018033,15.46025142542511,15.515759468078613,28330200
2010-07-14,15.445645902716308,15.582953876529162,15.337552984204278,15.498231887817383,23880200
2010-07-15,15.477775570281837,15.542047551192603,15.217767813964578,15.480697631835938,29824600
2010-07-16,15.34631613815086,15.40474513124556,15.001586304776506,15.112601280212402,36261600
2010-07-19,15.17394539742123,15.296646347269233,15.048323500537766,15.209003448486328,25082600
2010-07-20,14.992819232884614,15.577106813634412,14.989898285334517,15.556656837463379,33496400
2010-07-21,15.655980008459586,15.655980008459586,15.188550561676946,15.302486419677734,45027600
2010-07-22,15.515764055037499,15.781614982552165,15.471942020454824,15.641386032104492,45984400
2010-07-23,15.606321543909957,15.71441555426591,15.42519269667051,15.711493492126465,36051600
2010-07-26,15.720253062661625,15.87508886866077,15.673510114750197,15.848795890808105,23881600
2010-07-27,15.918914290138886,15.945207273640706,15.635534480668166,15.772842407226562,32817800
2010-07-28,15.734862484873124,15.851719315700889,15.688119529654028,15.737783432006836,21551400
2010-07-29,15.84295310249866,15.986104009332966,15.606316298546368,15.761153221130371,29114600
2010-07-30,15.600478211100302,15.810820973712392,15.5508131892674,15.729021072387695,23632200
2010-08-02,16.024091391689236,16.327921294724025,16.000720460769884,16.278257369995117,55158000
2010-08-03,16.211057610068178,16.37757946285274,16.138021670620915,16.27240753173828,28509000
2010-08-04,16.316226420104048,16.438927362793965,16.237348595908927,16.398027420043945,26215400
2010-08-05,16.289933086765444,16.450613021850586,16.213976211085058,16.450613021850586,17817400
2010-08-06,16.2461150414242,16.336678895842454,16.018243260062118,16.254878997802734,36234800
2010-08-09,16.33083996254468,16.380503876948804,16.222745946888246,16.32207489013672,13428400
2010-08-10,16.13218190357872,16.266567791701632,16.02408788907792,16.18768882751465,24521000
2010-08-11,15.88970220202951,15.913074242576325,15.653066420914293,15.70565128326416,37659400
2010-08-12,15.474852940767695,15.734860668817351,15.454402969872092,15.612159729003906,30510800
2010-08-13,15.577106785723146,15.729021690178705,15.539127780999227,15.585870742797852,18199400
2010-08-16,15.501149734652683,15.62677165217927,15.410584759512089,15.5829496383667,20571400
2010-08-17,15.740705721534383,15.924755483502475,15.664747721678365,15.842955589294434,36034800
2010-08-18,15.799138826694097,15.82250975353392,15.547894955134469,15.691044807434082,37387800
2010-08-19,15.615086097975173,15.644300031759617,15.34923528855223,15.436878204345703,32998200
2010-08-20,15.352154507347695,15.363840525321564,15.124282729057294,15.24698257446289,24849400
2010-08-23,15.276200638589454,15.401822570536474,15.241142577738962,15.252828598022461,16351600
2010-08-24,15.04540446068717,15.21776933306682,14.963604560046,15.016190528869629,29477600
2010-08-25,14.931468134109949,15.01619009414417,14.729888221308522,14.969447135925293,38673400
2010-08-26,15.054170847980618,15.103835877417398,14.750342118925985,14.835062980651855,21953600
2010-08-27,14.922703177733021,15.249903863339366,14.703595366806997,15.220688819885254,39417400
2010-08-30,15.191475882888051,15.261590877316532,14.995740093943592,14.998661041259766,18313200
2010-08-31,14.931468779738852,15.074618607906368,14.84382586859383,14.957761764526367,35157400
2010-09-01,15.206086597530561,15.55373847919307,15.1827156699188,15.515759468078613,38265800
2010-09-02,15.536206618435308,15.673514554385994,15.448563705580867,15.644299507141113,19697400
2010-09-03,15.784523453740968,15.904302323882021,15.70272357591969,15.834188461303711,26494200
2010-09-07,15.714412149422458,15.731940060700651,15.547890305640017,15.597554206848145,22814000
2010-09-08,15.615086279556367,15.810822089956579,15.606321207767,15.731943130493164,18584400
2010-09-09,15.924756996767519,15.953972043503704,15.705649161226502,15.764078140258789,15673400
2010-09-10,15.857566912577157,15.959817922881328,15.828352975027554,15.927681922912598,15190600
2010-09-13,16.067908935067827,16.088358911829975,15.942287012420268,16.056222915649414,18263200
2010-09-14,16.024082358785016,16.135097282783192,15.93351852016846,16.00071144104004,27955800
2010-09-15,15.892619550904927,15.971497378256357,15.80205459230601,15.968576431274414,28226000
2010-09-16,15.889701995737495,15.962737949837734,15.799138125894938,15.89554500579834,33517600
2010-09-17,15.942206099460991,15.968619961567029,15.76317893624935,15.816006660461426,28705800
2010-09-20,15.86589875277554,16.144710351246992,15.795461419547285,16.083078384399414,38781800
2010-09-21,16.10362427043744,16.19167010767243,15.956880835191264,16.094820022583008,33533000
2010-09-22,16.062538957891718,16.250370407101247,15.965688856702197,15.97742748260498,32318000
2010-09-23,15.836553688824063,16.012646509830496,15.795465699791682,15.877641677856445,24716800
2010-09-24,16.053730427708075,16.300259418947434,15.986228588621083,16.221017837524414,49249000
2010-09-27,16.26211522385117,16.317877352860798,16.159395217895508,16.159395217895508,21783000
2010-09-28,16.17405820552481,16.332541350907597,16.009705189620806,16.27384376525879,33159200
2010-09-29,16.247431274630316,16.52330849495761,16.215147543829197,16.447002410888672,42985800
2010-09-30,16.57614293462452,16.655384546107854,16.28852585566495,16.452878952026367,46339600
2010-10-01,16.611357700534903,16.714078784851292,16.51157211210496,16.672990798950195,40019800
2010-10-04,16.593740210915726,16.696460120002026,16.34134144051734,16.4646053314209,29505400
2010-10-05,16.64364291247001,16.913651460199006,16.61135917224074,16.852018356323242,43231600
2010-10-06,16.852012910915455,17.05451953616697,16.84614415964628,17.001691818237305,28210200
2010-10-07,17.072127857220295,17.092672964709106,16.790380777474276,16.916580200195312,27125600
2010-10-08,16.901910311939467,17.192462830324263,16.86375670214752,17.12789535522461,31677600
2010-10-11,17.13963806592911,17.262902045654958,17.110288699639252,17.174856185913086,16092000
2010-10-12,17.101479646687906,17.22474359179583,16.913648233439528,17.1484375,33330200
2010-10-13,17.251156081998854,17.444857351448558,17.21593797470712,17.3568115234375,29362800
2010-10-14,17.301056034258817,17.450733887083732,17.189530679085742,17.33040428161621,23005600
2010-10-15,17.4272584847967,17.453672359747983,17.18659923282458,17.377365112304688,30153600
2010-10-18,17.333334289165702,17.55344943333421,17.28050656500018,17.424314498901367,21854400
2010-10-19,17.242356002713752,17.27463974201924,16.93419497040778,17.0780029296875,38568400
2010-10-20,17.136697230778356,17.40670571870777,17.072129764619767,17.298114776611328,25257200
2010-10-21,17.348013791272958,17.485953016014655,17.101484708523902,17.289316177368164,26826000
2010-10-22,17.377352775880357,17.459529839370195,17.321590688153513,17.403766632080078,13117600
2010-10-25,17.538777125935326,17.69432594844728,17.42138303449722,17.45073127746582,22706400
2010-10-26,17.400838998179605,17.50649446391149,17.348011265313662,17.485950469970703,21375800
2010-10-27,17.3274671117566,17.43018708051431,17.151374297304347,17.412578582763672,25804800
2010-10-28,17.52703537260571,17.571057729202366,17.306920230931915,17.374422073364258,23175600
2010-10-29,17.283444525243972,17.403774117560985,17.245290912197966,17.386165618896484,18718400
2010-11-01,17.559323004143213,17.659107482407233,17.336272317439356,17.406709671020508,24041200
2010-11-02,17.535841168116818,17.679650232647433,17.474209191702382,17.59747314453125,20455000
2010-11-03,17.65617364944861,17.670847772023745,17.3714909693231,17.635629653930664,45454800
2010-11-04,17.893898697070508,18.20205975338984,17.893898697070508,18.196189880371094,38657000
2010-11-05,18.178579443540226,18.28717041015625,18.122817331716355,18.28717041015625,29371800
2010-11-08,18.181514171971823,18.36641123746382,18.169774426958174,18.342931747436523,23977400
2010-11-09,18.428042135333385,18.565980212656005,18.199121599289263,18.30771255493164,40127600
2010-11-10,18.366407877500748,18.551303789604056,18.175640974400952,18.542499542236328,35556600
2010-11-11,18.457395104057593,18.750882069921605,18.445655356727688,18.747947692871094,36081400
2010-11-12,18.54250614935186,18.630552013092384,18.30771680618915,18.472068786621094,35748600
2010-11-15,18.5865313656217,18.595335616943515,18.375220377386068,18.378154754638672,21502600
2010-11-16,18.19325801496447,18.19912676922951,17.890965670372918,18.034774780273438,47399600
2010-11-17,17.990753324080185,18.225542706013933,17.937925573199582,18.1081485748291,33635600
2010-11-18,18.284231610951192,18.565978734895896,18.284231610951192,18.507282257080078,32105000
2010-11-19,18.454456827098895,18.66870213255633,18.316517624032503,18.662832260131836,22721600
2010-11-22,18.560116953108245,18.615879075800432,18.240216102792083,18.60413932800293,36263000
2010-11-23,18.33706350020251,18.345867749961243,18.07292593136629,18.24021339416504,45070000
2010-11-24,18.366408876040122,18.58945840480278,18.354669132535886,18.56891441345215,45245200
2010-11-26,18.38695053198244,18.501410217701793,18.29890358644747,18.345861434936523,13178800
2010-11-29,18.254886158221392,18.51021945829417,18.087598707874015,18.469131469726562,29468800
2010-11-30,18.228470316090647,18.55424093238112,18.17270709230827,18.40456199645996,38537600
2010-12-01,18.706857328560957,18.994474384348756,18.706857328560957,18.950450897216797,39947600
2010-12-02,18.944584648312063,19.24394036995427,18.941649151681176,19.232200622558594,35355200
2010-12-03,19.117742899442895,19.352533393848486,19.1089386477501,19.31731414794922,20023400
2010-12-06,19.302631371896055,19.428830821557817,19.287958371175105,19.381874084472656,23980400
2010-12-07,19.63427669382949,19.663624939944174,19.261547026877274,19.30850601196289,45864800
2010-12-08,19.329045874517174,19.41709283315948,19.097190973277794,19.21752166748047,25520400
2010-12-09,19.314365264550748,19.355453236725136,19.08838141759161,19.261537551879883,21904800
2010-12-10,19.305562940532386,19.361326153659377,19.220451492806315,19.340782165527344,17352200
2010-12-13,19.461116819033204,19.654819259724,19.43470407119036,19.50514030456543,25768800
2010-12-14,19.52861181753375,19.581439530765646,19.349584691532698,19.414152145385742,23029200
2010-12-15,19.3319855045057,19.48166223142889,19.252742776955632,19.30850601196289,22232200
2010-12-16,19.302629436370417,19.422960121503365,19.15001725723743,19.417091369628906,22051600
2010-12-17,19.412083839940056,19.45040830073332,19.335437167441604,19.42387580871582,22644800
2010-12-20,19.497573557561736,19.612542439588438,19.38849953526726,19.550636291503906,20469400
2010-12-21,19.6597077707084,19.77172808383454,19.597801630631768,19.748144149780273,17402000
2010-12-22,19.807105072843974,19.83658386748709,19.74814523446988,19.815948486328125,15711000
2010-12-23,19.795309221277915,19.895537553217014,19.78351725591671,19.87195587158203,9052000
2010-12-27,19.77763027534166,19.836590132336628,19.72456977767905,19.80121421813965,8286400
2010-12-28,19.827744722848248,19.90733771042954,19.786473951644858,19.874910354614258,10298200
2010-12-29,19.94270726535805,20.12253081790117,19.90733136599153,20.07241439819336,11065400
2010-12-30,20.09010124206543,20.184434714149173,20.019351700274466,20.09010124206543,11953400
2010-12-31,20.084211036983806,20.193285065256195,20.025253440078174,20.119586944580078,8889000
2011-01-03,20.31119873850757,20.396688812515954,20.222760110474695,20.269927978515625,20391600
2011-01-04,20.39669410007517,20.39669410007517,19.904388908397575,20.096004486083984,29084000
2011-01-05,19.99577077027259,20.210967981493457,19.919124109864192,20.175594329833984,22572400
2011-01-06,20.24339478946295,20.25223820214245,19.898488200436425,19.983978271484375,22898400
2011-01-07,19.99281946356719,20.175591551964533,19.92796477900402,20.1284236907959,22160600
2011-01-10,20.06651303705949,20.087148409397933,19.895532952491305,20.048826217651367,21608400
2011-01-11,20.17854663919522,20.405538133964473,20.152016392556114,20.381954193115234,22730600
2011-01-12,20.561776104145107,20.673796440273716,20.467442597645174,20.662004470825195,22053200
2011-01-13,20.69443711450807,20.73865644897143,20.529353998206215,20.603052139282227,23043800
2011-01-14,20.576514265329813,20.832982261846972,20.482180769662637,20.82708740234375,28010800
2011-01-18,20.8123489584401,20.968588615390193,20.747494251988023,20.956796646118164,25070400
2011-01-19,20.992172968958336,21.001016383815156,20.667901679375138,20.703277587890625,30234000
2011-01-20,20.54408571813966,20.617783827618894,20.261085247629936,20.555877685546875,46345000
2011-01-21,20.76517234898194,20.818235058100296,20.549972959477792,20.664941787719727,29148000
2011-01-24,20.63252790159897,20.788767577772997,20.552934910579758,20.741601943969727,26197000
2011-01-25,20.69442597801585,20.726853322565955,20.446801436819666,20.682636260986328,31635400
2011-01-26,20.753391133884637,21.233902068744573,20.738650610183992,21.17789077758789,48443200
2011-01-27,21.166097806194372,21.210314872327807,20.945003479175995,21.054075241088867,29977200
2011-01-28,21.018699723628952,21.121876617267226,20.886041789733234,20.962688446044922,47383200
2011-01-31,21.142514553500085,21.564067840576172,21.07471130142877,21.564067840576172,50229800
2011-02-01,21.64955790691832,21.93550693877121,20.995118318365915,21.91486930847168,40886400
2011-02-02,21.814637139498778,22.05931536611469,21.76452297233768,21.897178649902344,27115200
2011-02-03,21.903084555248668,21.944355327028003,21.631873734727982,21.908979415893555,29031000
2011-02-04,21.959093700728772,21.982677641589834,21.735053009813857,21.852968215942383,26557200
2011-02-07,21.94434170719874,22.17427936414013,21.941393154162135,21.97971534729004,32347200
2011-02-08,21.94435129917665,21.97972495472994,21.711464987402966,21.90602684020996,31192000
2011-02-09,21.80874314872438,21.88833610861171,21.475626291089736,21.62891960144043,32643400
2011-02-10,21.522795864244994,21.885389292311473,21.499211930151375,21.85001564025879,33611400
2011-02-11,21.761571106153852,21.964978546605717,21.70261353600784,21.847061157226562,37725400
2011-02-14,21.808744543419824,22.35411007865999,21.808744543419824,22.327577590942383,30430800
2011-02-15,22.292201023314885,22.33347177739887,22.00035494203718,22.094688415527344,22887200
2011-02-16,22.21261317994808,22.413072158673923,22.13891505907958,22.389488220214844,31806600
2011-02-17,22.386543574327412,22.660700694246117,22.34821910921822,22.610584259033203,21592800
2011-02-18,22.660695120017195,22.75797491353882,22.504453241392504,22.704912185668945,24816400
2011-02-22,22.80808959749203,23.011494831245408,22.377692948289642,22.483816146850586,49665600
2011-02-23,22.607633558134076,23.1028849607662,22.566362795338723,22.94074821472168,64379400
2011-02-24,22.9997029367949,23.011494903135755,22.47792135846578,22.616474151611328,44766600
2011-02-25,22.699006886619802,22.99379918384863,22.64299563043857,22.976112365722656,23537400
2011-02-28,23.064574541501106,23.19723257330462,22.905386252790443,23.153013229370117,31746200
2011-03-01,23.28859969278496,23.31218362465993,22.690171478254744,22.719650268554688,40399200
2011-03-02,22.657753459626615,22.893588377265637,22.48972181176256,22.849369049072266,30085800
2011-03-03,22.993809535698485,23.262071726510424,22.92305998225629,23.24143409729004,22657600
2011-03-04,23.23553360928993,23.262066091082886,22.911262464725507,23.094032287597656,28247000
2011-03-07,23.247337456045926,23.353462939287766,22.805148692234386,22.931909561157227,29327200
2011-03-08,22.920115395208065,22.9378022243579,22.516248886611127,22.743240356445312,32348400
2011-03-09,22.6724880649328,22.81988428769558,22.513299874458458,22.586997985839844,27189800
2011-03-10,22.286313855188205,22.28926241010558,21.699677375581615,21.7645320892334,72320600
2011-03-11,21.614178486014236,22.301045311693056,21.528688420883235,22.141857147216797,48341000
2011-03-14,22.03572718351776,22.339362930674177,21.920758352052456,22.26271629333496,32830400
2011-03-15,21.572906882272743,22.289252469712483,21.490365374104776,22.094688415527344,43619000
2011-03-16,22.15955060586941,22.348217616752734,21.513956591695095,21.74094581604004,63229400
2011-03-17,22.168391442380152,22.519195179202622,22.023943770960038,22.404226303100586,41830600
2011-03-18,22.680783789693937,22.734025156250052,22.26964300332262,22.29922103881836,48328600
2011-03-21,22.686701830275947,22.982486742048305,22.642335898837924,22.976572036743164,34325600
2011-03-22,22.982490026172144,23.059394746087136,22.852346180923828,22.926292419433594,20025000
2011-03-23,22.920373883443826,23.062351644568142,22.772481416575143,22.98544692993164,20190800
2011-03-24,23.077146734025217,23.109683267415864,22.81981520568548,23.068273544311523,30706200
2011-03-25,23.091919312730873,23.3374212390413,23.00909992955602,23.275306701660156,23273800
2011-03-28,23.219106674194336,23.485313444083765,23.171780023254474,23.219106674194336,28291000
2011-03-29,23.18953387438854,23.55039177086386,23.109670697084955,23.50306510925293,33912800
2011-03-30,23.656875410963597,23.7722313322442,23.464614789942747,23.665748596191406,38082400
2011-03-31,23.789980032612085,23.949704152334128,23.579973020568218,23.58884620666504,37701000
2011-04-01,23.79589661183584,23.866886619520724,23.597721251200348,23.659835815429688,25823800
2011-04-04,23.769280311326792,23.825480177619973,23.64209268427291,23.67462921142578,14951200
2011-04-05,23.653916694793566,23.87871383051759,23.630253363315354,23.745609283447266,38580800
2011-04-06,23.869835789018108,23.928994111270615,23.390665790398685,23.497148513793945,32947400
2011-04-07,23.452780336269377,23.594755796356893,23.28714154728086,23.497148513793945,29621400
2011-04-08,23.66869968110195,23.775182394034715,23.446861071935192,23.579965591430664,38279600
2011-04-11,23.58884839783206,23.633216589097277,23.032773536399873,23.11559295654297,35365400
2011-04-12,22.85234615023295,22.864177819177836,22.272607911894166,22.399795532226562,75875600
2011-04-13,22.603877302305207,22.677823513519233,22.316965641729304,22.491479873657227,53669400
2011-04-14,22.36725411368521,22.710363411387164,22.28443244918925,22.64529037475586,41344800
2011-04-15,22.704445042154614,22.864169127200164,22.529930812385512,22.831632614135742,30527800
2011-04-18,22.49147987365723,22.59500411802501,22.240063206861397,22.491479873657227,40069400
2011-04-19,22.476692857622425,22.775436224378307,22.464861191382038,22.719236373901367,30109200
2011-04-20,23.15699670263565,23.26643791201577,23.047555493255526,23.254606246948242,44828000
2011-04-21,23.30192947671474,23.423202345053223,23.19249052950702,23.361087799072266,25276600
2011-04-25,23.37291127864594,23.39361612205474,23.094875132393266,23.239809036254883,14150800
2011-04-26,23.310809240512203,23.50602837440486,23.210243449108027,23.47053337097168,18399000
2011-04-27,23.56517526275418,23.574048445985596,23.065300468559386,23.45869255065918,37414200
2011-04-28,23.378833379483815,23.52672579540414,23.23389944374647,23.455738067626953,29992400
2011-04-29,23.46165607223744,23.813640793780728,23.449824406500074,23.804767608642578,19857200
2011-05-02,23.85504035385109,23.899408517338756,23.3433317473893,23.48826789855957,35524000
2011-05-03,23.30784460433321,23.358127481888378,22.698526343593876,22.899660110473633,57490400
2011-05-04,22.852353061523612,22.85530928715881,22.299234218534714,22.49445343017578,59484200
2011-05-05,22.157253348656816,22.376133596199775,21.763858794068614,22.02710723876953,89000000
2011-05-06,22.28146994686036,22.612747484861902,21.88216091064265,22.124704360961914,70404600
2011-05-09,22.228230970112627,22.618666865006478,22.18977749700919,22.512184143066406,48448600
2011-05-10,22.509224498673547,22.725148411623312,22.334712536922435,22.61866569519043,35520600
2011-05-11,22.479651883456636,22.503315216511222,21.80230420722175,21.96498680114746,82325600
2011-05-12,21.858501219776,22.109917895009453,21.527221370021966,21.93244743347168,77901800
2011-05-13,22.03598057156458,22.139504861172764,21.630754344629388,21.825973510742188,71863800
2011-05-16,21.734266476469152,22.103997448902795,21.604120452041702,21.660320281982422,56288200
2011-05-17,21.55975228401791,21.763844502932088,21.379323388937593,21.660320281982422,60198400
2011-05-18,21.757932381833758,22.254851009547934,21.67511298665794,22.098085403442383,51692600
2011-05-19,22.198651324618552,22.290343895369816,21.91469591563964,22.101041793823242,39321800
2011-05-20,22.08033407353185,22.263719191169294,21.805254140416928,22.074417114257812,54092800
2011-05-23,21.689902102472395,21.849626181301936,21.59229256707782,21.731311798095703,40600000
2011-05-24,21.953156811262296,22.28147824832591,21.947239849216924,22.0389347076416,49661600
2011-05-25,21.926530301527517,22.526975447644325,21.923574077797493,22.411617279052734,49835400
2011-05-26,22.337675212766996,22.577262522277287,22.2252777603583,22.52402114868164,37491000
2011-05-27,22.64824122652483,22.810923763304018,22.467812324518402,22.580209732055664,33394200
2011-05-31,22.87599929901531,22.970652617752556,22.55359489453903,22.80797004699707,38622400
2011-06-01,22.751776595536814,22.849386165414646,22.204574918635576,22.263731002807617,55227800
2011-06-02,22.272604738837973,22.44711675342803,22.015271053432862,22.25485610961914,48210600
2011-06-03,21.920613976507155,22.473732422131718,21.8792042807555,22.260766983032227,44755000
2011-06-06,22.213451335373463,22.30514621283027,21.71061777682054,21.75794219970703,46875200
2011-06-07,21.947244404573564,22.059644140167013,21.722449446707234,21.75794219970703,38331600
2011-06-08,21.825967971822028,22.089216351445238,21.775685080581567,21.823009490966797,50113200
2011-06-09,21.932455494986296,22.23711364632746,21.888087299128998,22.118799209594727,34544000
2011-06-10,21.947232700589133,21.991600874838575,21.65440636119734,21.68990135192871,41937000
2011-06-13,21.70173927548834,21.85850491395172,21.14270598600283,21.3467960357666,55501200
2011-06-14,21.624829053242323,21.908782218605186,21.618912092926486,21.80229949951172,45755400
2011-06-15,21.5420107353999,21.734271335378892,21.184111344871262,21.30242347717285,71279800
2011-06-16,21.311305579685044,21.530185800852802,21.119044919608235,21.3349666595459,50527800
2011-06-17,21.52347861539688,21.55910449884305,21.143478251894393,21.280040740966797,54247600
2011-06-20,21.167222815983685,21.909411522505128,21.119721651575823,21.33940887451172,34722600
2011-06-21,21.487855938686963,21.867858623879908,21.473013517105006,21.76395034790039,46391000
2011-06-22,21.695664514368598,21.99254004763041,21.630351534654107,21.701601028442383,37099800
2011-06-23,21.241448918318866,21.496762101482414,20.914883964285757,21.4641056060791,90907200
2011-06-24,21.464102897325542,21.514571196586704,21.027695481992815,21.057382583618164,34131400
2011-06-27,20.98317140779806,21.300828268378808,20.932703089991193,21.170202255249023,39388400
2011-06-28,21.3542606685225,21.79660465077585,21.336448858425875,21.78769874572754,31715600
2011-06-29,21.85894515446794,22.19441596363645,21.755039168655816,22.04300880432129,42642800
2011-06-30,22.11723169919833,22.39035670141849,22.114262309070867,22.36957550048828,38834800
2011-07-01,22.322076284791095,22.604107188640395,22.132076088833063,22.58035659790039,29776800
2011-07-05,22.610046167711758,22.820827566176245,22.553639080453298,22.71988868713379,31367000
2011-07-06,22.669415934764707,22.71097832828469,22.4764463848616,22.678321838378906,21930600
2011-07-07,22.984105638506662,23.05238801486938,22.81191726766225,23.019731521606445,35648000
2011-07-08,22.61895304316148,22.826765060424805,22.58629654545137,22.826765060424805,34260000
2011-07-11,22.500192507234612,22.50316189617709,22.1973782545451,22.286441802978516,38289000
2011-07-12,22.194415553287172,22.509102894494433,22.176601481062587,22.20332145690918,41091400
2011-07-13,22.304262507570197,22.690201684823787,22.28051418149355,22.36957550048828,40326000
2011-07-14,22.601136462593796,22.648637641265996,22.19144898895995,22.22113609313965,45265800
2011-07-15,22.473475339353122,22.844569729137554,22.458632922749988,22.817852020263672,54734200
2011-07-18,22.719889955841403,22.782233561827937,22.559576855455546,22.740671157836914,40723800
2011-07-19,22.903951980518357,23.174107586785865,22.8861379051187,23.156295776367188,39114600
2011-07-20,23.254265621847725,23.263171527194253,23.05239012906271,23.096921920776367,21035600
2011-07-21,23.23347176819374,23.58081547743247,23.218627090713202,23.551128387451172,34714000
2011-07-22,23.571921870905662,23.699578462886524,23.432389983742745,23.669891357421875,22999200
2011-07-25,23.375968544340655,23.74112628578305,23.340344945649395,23.57487678527832,30966400
2011-07-26,23.560045669883255,23.678796352157075,23.378951389036377,23.46207618713379,33937800
2011-07-27,23.301762401625453,23.34926357909183,22.948482020387686,23.019731521606445,47569000
2011-07-28,22.927705413380767,23.20973634988405,22.880204226401,22.92473602294922,39108000
2011-07-29,22.618958060459747,22.895052524627314,22.55067565965202,22.696144104003906,34671200
2011-08-01,23.096915268482945,23.111757684791957,22.45269369919806,22.663475036621094,43970000
2011-08-02,22.535831235184475,22.770361000885227,22.0252047648366,22.03114128112793,54402400
2011-08-03,22.06379973658911,22.07567503520455,21.389892961279546,21.906455993652344,71128000
2011-08-04,21.496758896330185,21.520507218098228,20.267692079364238,20.40425682067871,109053800
2011-08-05,20.65363008842536,20.82878782515764,19.13956537090219,20.208316802978516,132818800
2011-08-08,19.388943027898087,19.70659980172054,18.40628560200432,18.489410400390625,111986400
2011-08-09,18.875346163343476,19.44237723050045,18.13909387488394,19.43050193786621,100798200
2011-08-10,19.17815592834547,19.52846909216423,18.68237441068932,18.75956153869629,98747400
2011-08-11,18.881290153126802,20.027230298784982,18.765508835325498,19.73332405090332,84065200
2011-08-12,20.027231544897127,20.143012869902446,19.75113709335025,19.878793716430664,53101000
2011-08-15,20.143017373962053,20.58833095893534,20.13708085608783,20.54973793029785,58621200
2011-08-16,20.28550507331717,20.49925581272854,19.976754256943035,20.208316802978516,59890400
2011-08-17,20.43394185229218,20.662534997901833,20.15784753799562,20.288471221923828,43327800
2011-08-18,19.656131115731828,19.700662903996527,18.89909864266489,19.11284828186035,74495400
2011-08-19,18.818944724476726,19.439415926763868,18.70316341785043,18.7744140625,54637400
2011-08-22,19.34737893602106,19.353317715375294,18.554721765782208,18.623003005981445,49050800
2011-08-23,18.74472497613742,19.47800806166742,18.617068379081818,19.463163375854492,71707000
2011-08-24,19.350348171473822,19.61456722611425,19.178159811264358,19.578941345214844,37735600
2011-08-25,19.71847718355865,19.834258488562963,19.06535175712504,19.166288375854492,53585400
2011-08-26,18.97628928669133,19.623478235707747,18.735820756752346,19.537384033203125,47672200
2011-08-29,19.846133654529684,20.134103352518288,19.691759337195965,20.107385635375977,71086400
2011-08-30,19.970823921786625,20.36566907875282,19.80457428305621,20.226137161254883,39676600
2011-08-31,20.41019517450795,20.674414247204933,20.18456911002058,20.377538681030273,48969600
2011-09-01,20.410190538856767,20.677378940725134,20.175658623048996,20.223159790039062,42588400
2011-09-02,19.68581729156823,19.860975046490676,19.489880603413425,19.659099578857422,41702000
2011-09-06,19.032690034895772,19.475033931694977,18.8723769800534,19.44534683227539,38711000
2011-09-07,19.80456951069938,20.169727467753752,19.774882405934363,20.157852172851562,37051400
2011-09-08,20.05988518853473,20.353791412802963,19.810510759454093,19.923322677612305,36978200
2011-09-09,19.66206801786607,19.757068100101026,19.124721750085904,19.264253616333008,70078800
2011-09-12,18.928782842569507,19.397845579875444,18.80409566654181,19.35628318786621,51513800
2011-09-13,19.442379774632656,19.54331864274181,19.056442905930243,19.40972328186035,56409000
2011-09-14,19.52549902496331,19.92628272882971,19.14253165479163,19.650188446044922,51431800
2011-09-15,19.89363604125403,20.059885664586478,19.727384152940335,20.039104461669922,34662400
2011-09-16,20.12076928713832,20.195279613943434,19.76609940390606,19.995590209960938,46072800
2011-09-19,19.50679823961625,19.858486993611947,19.29817028126041,19.679662704467773,41719800
2011-09-20,19.77205621270862,20.019431005686883,19.527662469032634,19.55746841430664,40268800
2011-09-21,19.50381661381281,19.57534586424123,18.72592890954789,18.743810653686523,53565800
2011-09-22,18.082156555318992,18.091098563198358,17.363877408221434,17.685762405395508,76132000
2011-09-23,17.45925528451627,17.757296505731475,17.396665763988935,17.495019912719727,65590600
2011-09-26,17.623181256067,18.1715772583416,17.271492453687785,18.132831573486328,68786400
2011-09-27,18.669302109151662,18.87495128156839,18.293770666767664,18.39808464050293,64972400
2011-09-28,18.430873574749082,18.600757020528974,17.760280666585093,17.796045303344727,46186600
2011-09-29,18.25503139151654,18.2788752435538,17.60232129065204,17.965930938720703,45739000
2011-09-30,17.652986559720777,17.870556578415624,17.438396453857422,17.438396453857422,59458800
2011-10-03,17.238703534366362,17.438390598207075,16.83038739731837,16.84528923034668,70130600
2011-10-04,16.541289409525767,17.44733508428182,16.171717758502037,17.39666748046875,82731000
2011-10-05,17.524828907015994,18.091107854229154,17.265533284084125,18.037460327148438,75130000
2011-10-06,18.00168500925349,18.412980956970003,17.79901694649316,18.377216339111328,47634400
2011-10-07,18.517307467548495,18.5322093061108,17.968911395118816,18.15071678161621,48779200
2011-10-10,18.48750093995443,18.982249438153634,18.484521027293127,18.973308563232422,35816000
2011-10-11,18.79746246174304,19.175973867167063,18.749775904898797,19.012052536010742,44856000
2011-10-12,19.16405298668308,19.402484618652572,19.026953149741797,19.113384246826172,37262400
2011-10-13,18.919659590670147,19.18193622533031,18.71103047530268,19.086563110351562,30318400
2011-10-14,19.411417978183604,19.855500899069636,19.408439204072444,19.849538803100586,33232000
2011-10-17,19.79589463404236,19.861464057475978,19.444205950613288,19.48891258239746,37612800
2011-10-18,19.46507145288971,20.248921320889863,19.25048140954174,20.11480140686035,48910600
2011-10-19,20.025394488465246,20.338336470603792,19.813785450864554,19.906177520751953,48058000
2011-10-20,19.89425673389587,20.15057243327626,19.646881909677056,20.061159133911133,43755000
2011-10-21,20.278736701614072,20.514189675518388,20.180382495956188,20.43073844909668,48340200
2011-10-24,20.49331814474541,20.752612591618384,20.436689576405602,20.698965072631836,45945000
2011-10-25,20.64829809719659,20.68704491621654,20.117785019033096,20.26680564880371,43836600
2011-10-26,20.576769607070407,20.776456712758815,20.114804727821635,20.704927444458008,36364800
2011-10-27,21.27120363360455,21.813638587112493,21.214575071652757,21.622892379760742,62364800
2011-10-28,21.39936746821358,21.807682617186764,21.339757840494094,21.768938064575195,35022400
2011-10-31,21.399366239352364,21.414266940020465,20.743674015340023,20.776458740234375,43910200
2011-11-01,19.962799355242353,20.4098611278925,19.772050906947765,20.105857849121094,83484400
2011-11-02,20.603590968766365,20.767514567207286,20.39794405075557,20.710886001586914,40618800
2011-11-03,21.011911916436095,21.327834970802183,20.734733412966417,21.256305694580078,39424400
2011-11-04,21.07152151434907,21.298033566057576,20.862893489008954,21.238426208496094,25105800
2011-11-07,21.244378239844444,21.503674925234687,20.98210277938154,21.35465431213379,26937800
2011-11-08,21.527525850779902,21.727212992294632,21.241404178494054,21.703369140625,38305400
2011-11-09,21.06257935053001,21.265247537274686,20.690027703857805,20.743675231933594,50543200
2011-11-10,21.080461784542862,21.25928610667198,20.69896701709289,21.10430335998535,40707200
2011-11-11,21.339756344291892,21.622896939889205,21.309952669459182,21.53646469116211,28803000
2011-11-14,21.405322367325688,21.45301005852531,21.056614652456958,21.253320693969727,30765000
2011-11-15,21.1877528734849,21.40532400191777,21.059597309816574,21.229480743408203,33349400
2011-11-16,21.0625695082785,21.453004997780656,20.883745256212933,20.91057014465332,43882200
2011-11-17,20.90163093018144,21.011907005400225,20.23998130049122,20.433706283569336,51071800
2011-11-18,20.549945562944007,20.660221656300592,20.18633710756798,20.311513900756836,53903400
2011-11-21,19.944919722937033,20.07307755022683,19.664762496718648,19.947900772094727,40016600
2011-11-22,19.92703994532279,20.05817883473202,19.634958493604366,19.7601375579834,37392600
2011-11-23,19.476996705948764,19.521703351605193,19.158092635282102,19.161073684692383,43575200
2011-11-25,19.077624806182982,19.351822264451457,19.023977279663086,19.023977279663086,14299600
2011-11-28,19.718410138064172,19.90319425728425,19.554486541458346,19.736291885375977,43699600
2011-11-29,19.822729784312234,20.23402600712044,19.754179276906736,20.01943588256836,28954200
2011-11-30,20.758575929690437,21.181794008144035,20.75261383062797,21.1221866607666,65999200
2011-12-01,21.06555445011779,21.277163452790603,20.88970894014372,21.00594711303711,32664600
2011-12-02,21.208612114753898,21.321866948054375,20.946334412980846,20.988059997558594,29879400
2011-12-05,21.369561710184424,21.50964149424533,21.065560564634545,21.247365951538086,29724000
2011-12-06,21.232457121215095,21.417243507045878,21.07151458011232,21.2443790435791,27718800
2011-12-07,21.160924925783604,21.205631559979047,20.862883729645805,21.04170799255371,34288600
2011-12-08,20.889708787267164,20.99998486132096,20.39496152627058,20.45456886291504,34289800
2011-12-09,20.582729425935028,21.005949758453717,20.53802505443168,20.919517517089844,31036600
2011-12-12,20.666189149125614,20.681092128361797,20.14461671011458,20.43073844909668,38629800
2011-12-13,20.588690325644677,20.850965809978778,20.11182477509435,20.23998260498047,37277600
2011-12-14,20.001552817449646,20.093944897394536,19.58429452196905,19.670726776123047,53368600
2011-12-15,19.94492514313283,19.96578794515782,19.53660997866168,19.587276458740234,35498600
2011-12-16,19.745000358150246,19.90662409732251,19.592355335015583,19.795881271362305,43941200
2011-12-19,19.879680849611965,19.879680849611965,19.39481203305914,19.448686599731445,25074800
2011-12-20,19.840775686923408,20.286736057729826,19.816830923571814,20.247827529907227,25326600
2011-12-21,20.2508351444831,20.52619326219144,20.122134807195522,20.472318649291992,24051600
2011-12-22,20.586041523876844,20.756643989630017,20.51720317433534,20.711748123168945,21976200
2011-12-23,20.78957590214278,20.85542289518419,20.66686291979251,20.831478118896484,10428200
2011-12-27,20.78657880043571,20.981126079511252,20.78657880043571,20.88534927368164,11260600
2011-12-28,20.89133669059147,20.942217619372908,20.46033992091534,20.487276077270508,22641400
2011-12-29,20.535158298453386,20.72371817618901,20.517200867287624,20.69977569580078,15404200
2011-12-30,20.651894982533396,20.789574008397032,20.630943876065004,20.69080352783203,13160000
2012-01-03,21.130780943599422,21.37022413915561,21.09785744712296,21.26546859741211,48509600
2012-01-04,21.184651421879465,21.34627520487236,21.05894479627358,21.31035804748535,28037000
2012-01-05,21.172680024164357,21.223563237045333,20.951196585356083,21.20859718322754,25349400
2012-01-06,21.247508568098933,21.256487288190826,21.037997487623052,21.08289337158203,17786200
2012-01-09,21.127784064402835,21.232541873723356,21.06493074891004,21.18465232849121,24086400
2012-01-10,21.516873030967076,21.5438114640287,21.313347083662745,21.37320899963379,27266800
2012-01-11,21.27443672222244,21.277428105139908,21.002070165837825,21.085874557495117,26944000
2012-01-12,20.972140574185072,21.064923682573788,20.795553073251906,20.888336181640625,39409600
2012-01-13,20.75664806351193,20.81351632442399,20.574073178635473,20.783586502075195,32434800
2012-01-17,21.017040614697994,21.11581107561556,20.864395564507106,20.93024253845215,25054000
2012-01-18,20.918273500482087,21.283423299143696,20.816511639739936,21.274444580078125,30723600
2012-01-19,21.385177145619462,21.439051723322216,21.26246422521221,21.361234664916992,26608800
2012-01-20,21.358244152085792,21.442048555664243,21.196620395113598,21.364229202270508,30786600
2012-01-23,21.439057110708383,21.594695833625835,21.37919746866258,21.534833908081055,25974000
2012-01-24,21.346270635191345,21.48694328380224,21.259472569378268,21.47197723388672,21234400
2012-01-25,21.43905168796611,21.807195015577545,21.163693750605425,21.735363006591797,39276200
2012-01-26,21.870057003438028,21.896995444703705,21.355255786798296,21.43906021118164,33958400
2012-01-27,21.34327802223949,21.486944344626114,21.310354537598784,21.394161224365234,18448200
2012-01-30,21.148732510288568,21.307362595672213,20.990100141406256,21.292396545410156,27251600
2012-01-31,21.445041380105746,21.465992480177363,21.052953245196008,21.157711029052734,29361800
2012-02-01,21.34927295192801,21.42409866482542,21.19662785823743,21.24152374267578,25553000
2012-02-02,21.274442639379338,21.483953676794822,21.20859566090617,21.40314292907715,30942200
2012-02-03,21.681491914139716,21.801211187193935,21.558776690710747,21.78026008605957,29993000
2012-02-06,21.65754609321457,22.04364689549021,21.624622609675654,22.040653228759766,26769200
2012-02-07,21.986783405218162,22.19030940047702,21.75931263792905,22.15439224243164,35097400
2012-02-08,22.20826341633017,22.2381955185062,21.935899097818893,22.07956314086914,22055600
2012-02-09,22.11249322788098,22.16636783098313,21.905975818905624,22.082563400268555,19210800
2012-02-10,21.82516110184387,21.899986806896955,21.717411903887484,21.8610782623291,29674000
2012-02-13,22.082566687450214,22.09753274523399,21.867068242962794,22.034679412841797,19828600
2012-02-14,22.0107283810197,22.11249023784165,21.894000470665503,22.07358169555664,29095800
2012-02-15,22.14540977113318,22.208263074437397,21.9658285783356,22.037660598754883,29478800
2012-02-16,22.082560500518664,22.363905866829693,21.947875152199096,22.324995040893555,36203200
2012-02-17,22.501585172129314,22.528521328740187,22.27710806637523,22.408802032470703,26986000
2012-02-21,22.558450038002132,22.68415665024761,22.498588115386053,22.56144142150879,28764600
2012-02-22,22.609326279903176,22.76795634587939,22.55545170244914,22.612319946289062,24684600
2012-02-23,22.627290398868503,22.752997022248554,22.46267523496579,22.72606086730957,28176200
2012-02-24,22.776934677636415,22.896656212571756,22.75897724662054,22.815845489501953,24549800
2012-02-27,22.726063023706224,22.839797272294437,22.570426563348708,22.744020462036133,22366400
2012-02-28,22.714091055321816,22.818846586674404,22.540494869937916,22.6691951751709,33212600
2012-02-29,22.693149704511526,22.788926557706894,22.348950853387446,22.41180419921875,34488600
2012-03-01,22.510566613973182,22.675184091505354,22.456692010735335,22.627294540405273,28015000
2012-03-02,22.54348061534576,22.633272344093093,22.28009504571798,22.369884490966797,29042600
2012-03-05,22.27411024482039,22.292069962710706,22.010724645249784,22.22622299194336,25370400
2012-03-06,21.888017200229886,21.947879141975445,21.723401998303665,21.86407470703125,27735600
2012-03-07,21.9448743809931,22.10649811675677,21.795223027526564,22.04663848876953,28964400
2012-03-08,22.160376021176013,22.301048679906476,22.049633180931043,22.22622299194336,20596200
2012-03-09,22.274112944419066,22.408800569175938,22.169357425274203,22.20527458190918,29306400
2012-03-12,22.184327554350165,22.217251049773672,21.986786581809117,22.082563400268555,24517400
2012-03-13,22.202274581267847,22.37886207981058,21.98079122061307,22.34893226623535,35585600
2012-03-14,22.363904440705046,22.423764084252287,22.079565425108065,22.133440017700195,27712800
2012-03-15,22.160380488147666,22.271123350715595,22.019707801061152,22.16935920715332,30353200
2012-03-16,22.27601554703822,22.543423699235092,22.242964895209955,22.474319458007812,47180800
2012-03-19,22.462303516833465,22.67562901812274,22.396202205272473,22.57647705078125,28405400
2012-03-20,22.375176006747022,22.40221620907356,22.19189588324617,22.23696517944336,26568200
2012-03-21,22.209919858135436,22.212925088784676,21.939506407687496,21.972557067871094,33163800
2012-03-22,21.729189127209025,21.76223979198397,21.37765273895154,21.476804733276367,40430600
2012-03-23,21.524867753446163,21.780257269107317,21.413697174768842,21.711153030395508,26443800
2012-03-26,21.90344897346718,21.933494397740024,21.750214329661066,21.873403549194336,20377200
2012-03-27,21.912460842708036,21.918469010215848,21.648057918307618,21.65406608581543,25545800
2012-03-28,21.554911230976955,21.630025922476907,21.209383191613483,21.383649826049805,30570400
2012-03-29,21.23642567255907,21.41970570320443,21.083191060049998,21.383649826049805,32660600
2012-03-30,21.542894691901395,21.61200122339513,21.344593079139653,21.557918548583984,25506600
2012-04-02,21.503837046105804,21.93048800825436,21.43773574080866,21.768239974975586,35776400
2012-04-03,21.72317019419896,21.75622084259827,21.35961306180654,21.578948974609375,27989600
2012-04-04,21.317548036559693,21.416699977197446,21.191355907921682,21.302526473999023,31660600
2012-04-05,21.227417535873265,21.479801861533574,21.155308056015897,21.182348251342773,19157800
2012-04-09,20.85784816336827,21.074178853875026,20.83681614025337,20.914936065673828,28859200
2012-04-10,20.88489712094633,20.920950718996366,20.46124900530395,20.503313064575195,43906000
2012-04-11,20.731652402068853,20.79174323123453,20.46724954449441,20.509313583374023,25650000
2012-04-12,20.52734270012094,21.008076264884735,20.512318844967698,20.956998825073242,30117800
2012-04-13,20.866875225398932,20.929973628384154,20.599466916823836,20.641530990600586,26215000
2012-04-16,20.725654283373853,20.79175331057202,20.416179715422096,20.503313064575195,30250800
2012-04-17,20.692603533554554,20.941982657486054,20.674574442288698,20.836822509765625,25510600
2012-04-18,20.773722003249045,20.923951408706337,20.731657953106506,20.794754028320312,21588600
2012-04-19,20.80677809920133,20.97203140536463,20.689599315674414,20.767719268798828,41945800
2012-04-20,20.96601302173239,21.068170197574247,20.71362875021464,20.719636917114258,30190600
2012-04-23,20.374119825068014,20.755703959518232,20.335060988415222,20.69861602783203,34055200
2012-04-24,20.773732445038604,20.92095669453885,20.674580437442124,20.851852416992188,19830600
2012-04-25,20.98104448029756,21.071180770365512,20.839828437639788,21.059162139892578,29285600
2012-04-26,20.95700564853083,21.290515169118795,20.9239549902874,21.28150177001953,22459600
2012-04-27,21.332572755648826,21.34759661113654,21.164316577315205,21.27248191833496,13670000
2012-04-30,21.251453624392152,21.419709832244592,21.19136048421706,21.404685974121094,15218000
2012-05-01,21.446747825394027,21.864385364400995,21.410694237307407,21.711153030395508,28510400
2012-05-02,21.524865517592502,21.530875976528396,21.296516216715656,21.356609344482422,24164400
2012-05-03,21.35060047092003,21.377642953502704,20.938973403665166,21.0020694732666,32080800
2012-05-04,20.788753393776876,20.821804058339293,20.42219314486256,20.521345138549805,44377000
2012-05-07,20.401161344809143,20.590449641199946,20.262950515208285,20.461252212524414,30416000
2012-05-08,20.29900057665017,20.431203213337458,19.95948287789876,20.3951473236084,50350400
2012-05-09,20.082669804328475,20.41617933397602,19.97750965811512,20.295997619628906,43909800
2012-05-10,20.497304960242648,20.608473277672864,20.34106506046929,20.383129119873047,24600000
2012-05-11,20.238911081025673,20.533359510505054,20.196847019671477,20.232900619506836,20606800
2012-05-14,19.983518533481988,20.01656919000057,19.854321137723637,19.896385192871094,27105800
2012-05-15,19.90840464510217,19.98351935987448,19.505788581916622,19.565881729125977,33951000
2012-05-16,19.613948980176417,19.92342115978038,19.4547061920166,19.4547061920166,33026600
2012-05-17,19.49977281280435,19.653007413062,19.328511421569896,19.331514358520508,38364400
2012-05-18,19.469733978200768,19.577899345260033,19.130214017918444,19.21133804321289,36966800
2012-05-21,19.238374841430666,19.67103620748564,19.226357361608564,19.65300941467285,27340800
2012-05-22,19.680058957973202,19.95648060997429,19.472741572812584,19.604944229125977,42672000
2012-05-23,19.43968686794415,19.704092125610885,19.163265273400864,19.67704963684082,37762000
2012-05-24,19.779206124032985,19.779206124032985,19.415651200199065,19.66202735900879,37363000
2012-05-25,19.64099566968272,19.773196003693826,19.52681984064516,19.568883895874023,16028600
2012-05-29,19.79422799299936,20.037601217574295,19.692073085446708,19.896385192871094,28107400
2012-05-30,19.61996661615064,19.63198295462116,19.223359823200177,19.286457061767578,46467400
2012-05-31,19.27443330027889,19.325510748300214,18.790694428267937,19.118194580078125,53377000
2012-06-01,18.733600529311765,18.847775162591624,18.61642181317464,18.640459060668945,39020600
2012-06-04,18.71258043924072,18.769668365351095,18.361044066741123,18.62544822692871,38069800
2012-06-05,18.58337713408276,18.90787320242764,18.574363736459652,18.784685134887695,31604600
2012-06-06,18.98298704359264,19.382597797073394,18.98298704359264,19.36456871032715,41568000
2012-06-07,19.61695872735104,19.794228349764786,19.33753190322431,19.376590728759766,29372000
2012-06-08,19.235377340151363,19.406638817636967,19.070126324230554,19.37959861755371,31168000
2012-06-11,19.57789657340891,19.668032838317377,19.088147260696523,19.115188598632812,32296600
2012-06-12,19.220350076736928,19.433675552699412,19.11518880754235,19.385601043701172,29032600
2012-06-13,19.274435531448795,19.466729010521732,19.052095479920997,19.13922882080078,24344800
2012-06-14,19.18429250416829,19.523812390167972,19.10917780971789,19.439682006835938,29129400
2012-06-15,19.57283486055574,19.832477764318934,19.476223708229313,19.811344146728516,31002000
2012-06-18,19.61509917465906,19.69057669815497,19.500371864774902,19.63321304321289,28074000
2012-06-19,19.78718602561877,20.01663832100159,19.68453540529316,19.917007446289062,30745800
2012-06-20,19.907952757237677,20.05588806148246,19.654347075141064,19.838512420654297,35247000
2012-06-21,19.844552070781326,19.844552070781326,18.993164521314817,19.02637481689453,37929000
2012-06-22,19.15317153930664,19.240725722816865,18.920700682242607,19.15317153930664,40126000
2012-06-25,18.869367670570078,18.875406006428037,18.55840085990142,18.724451065063477,31107600
2012-06-26,18.754655789769927,18.996183648448756,18.61879600935819,18.92674446105957,28524000
2012-06-27,19.029392656147422,19.391686147171956,19.029392656147422,19.31922721862793,23315600
2012-06-28,19.207511310190927,19.48526907194651,19.11995829718192,19.452058792114258,33047000
2012-06-29,19.968334700153772,20.077022525162807,19.76605547715027,20.03777503967285,43491000
2012-07-02,20.037778009484185,20.125332231684112,19.82643951691452,20.04683494567871,29112600
2012-07-03,20.206844823740642,20.741224733226748,20.188730953267324,20.52686882019043,31383200
2012-07-05,20.406104492301168,20.41818117385561,20.18571138825916,20.258169174194336,24282000
2012-07-06,19.947199787467465,20.104192022611528,19.856625838051635,20.013620376586914,22381200
2012-07-09,19.99852171967502,20.034751756078055,19.78114610803872,19.923044204711914,19127800
2012-07-10,20.043809201775034,20.10419029393285,19.51546658352558,19.612077713012695,37602200
2012-07-11,19.714721047477475,19.977381235018726,19.663394604382713,19.877750396728516,41929800
2012-07-12,19.64227290261359,19.913992488341535,19.569815114216663,19.811344146728516,38736800
2012-07-13,19.892856845015768,20.176653083808837,19.86568604090562,20.158536911010742,20419200
2012-07-16,20.095136975255695,20.318552123888818,19.977392211993763,20.224958419799805,22669600
2012-07-17,20.33968682897306,20.49969883359159,20.016643073405966,20.478565216064453,35969200
2012-07-18,20.406098983512084,20.680838232076777,20.36383176117765,20.65668487548828,31036000
2012-07-19,20.741218754633966,20.783485975815957,20.593283480496996,20.72008514404297,27978800
2012-07-20,20.65366947019233,20.774431658261886,20.560075780030008,20.768394470214844,27328800
2012-07-23,20.33666400097321,20.611400987194326,20.20684256915256,20.569133758544922,25441000
2012-07-24,20.578187497059346,20.59932110573652,19.974367473836583,20.240047454833984,25317800
2012-07-25,20.31855299661117,20.4030874658259,20.080043713674456,20.255149841308594,18999000
2012-07-26,20.56611659057692,20.901236981764036,20.55403991031715,20.831796646118164,28081000
2012-07-27,20.943505419297942,21.281643272515186,20.801607297297977,21.20012855529785,30720600
2012-07-30,21.16993594036274,21.33900485048578,21.103515353274076,21.260507583618164,19466600
2012-07-31,21.212199514177865,21.299753699951054,21.006900600079877,21.028034210205078,24031200
2012-08-01,21.106529035000534,21.236348122696185,20.880096536831033,21.130680084228516,32289200
2012-08-02,20.8680302492839,20.98879246571448,20.57819678374558,20.777456283569336,30882600
2012-08-03,21.16389752509234,21.396369591725303,21.139744164306087,21.26654815673828,28752000
2012-08-06,21.305797796143338,21.441656433377155,21.284664179164935,21.323911666870117,11872400
2012-08-07,21.483924170173204,21.737527552659742,21.465807997573236,21.643936157226562,24501800
2012-08-08,21.55033698548256,21.737522032202744,21.511089511033965,21.662044525146484,18998000
2012-08-09,21.616758153361598,21.891497392212305,21.58656761038886,21.809980392456055,23966000
2012-08-10,21.66204854585559,21.87640442927524,21.529207371694795,21.849233627319336,22631000
2012-08-13,21.84621271677425,21.87640326291266,21.662047390921614,21.767715454101562,16578000
2012-08-14,21.87337964374474,21.897532997734583,21.659023809713773,21.728464126586914,14242600
2012-08-15,21.734507450202862,21.788851360328895,21.637896310355618,21.72545051574707,13064200
2012-08-16,21.76167843115275,21.95792043762619,21.701295035027282,21.918670654296875,13767800
2012-08-17,21.96395273365612,21.97300966520999,21.83413134013944,21.909608840942383,24208200
2012-08-20,21.85224701280108,21.912630400478015,21.75865564114023,21.83413314819336,11135600
2012-08-21,21.933775017561764,22.04850005663547,21.728476003214382,21.76470375061035,17460400
2012-08-22,21.69525167277284,21.86734027182072,21.62883110763324,21.846206665039062,17077600
2012-08-23,21.79488003570933,21.855261104375792,21.562408084224206,21.60467529296875,14657200
2012-08-24,21.568459350377665,21.791872190504176,21.453732032519458,21.731491088867188,14983200
2012-08-27,21.755639394630766,21.8884805654927,21.668085195961865,21.74054527282715,12135600
2012-08-28,21.69525893414742,21.82206061727771,21.65601145224266,21.755640029907227,13641600
2012-08-29,21.767711876941437,21.785828044360212,21.5895860716231,21.610719680786133,12703800
2012-08-30,21.526187291133773,21.526187291133773,21.31786862143795,21.381269454956055,15570800
2012-08-31,21.559402905303212,21.704318473881035,21.42958146078189,21.595630645751953,20299800
2012-09-04,21.574494331584837,21.58959075714504,21.254470379550618,21.42957878112793,17550000
2012-09-05,21.41750093696426,21.495995896114614,21.311830570570056,21.348060607910156,14450000
2012-09-06,21.517130408804636,21.94282472764183,21.514112966443335,21.79790687561035,27044200
2012-09-07,21.849231854775528,22.181332459844338,21.82809824272727,22.17529296875,26845200
2012-09-10,22.14510635397897,22.290024221882017,22.069628825639988,22.078685760498047,11684200
2012-09-11,22.145105337423885,22.374557657991133,22.145105337423885,22.314176559448242,15011000
2012-09-12,22.447011535097957,22.50739492653604,22.356439903027123,22.450031280517578,16683400
2012-09-13,22.501360870367268,22.948188861366354,22.326252447989827,22.81534767150879,28348400
2012-09-14,22.97535425834199,23.35274181942971,22.95120090161857,23.117252349853516,30480600
2012-09-17,23.023667140902845,23.189716330239236,22.8666725835253,22.942150115966797,20367000
2012-09-18,22.866667965889896,22.875724899411303,22.60098793456751,22.77911376953125,19840400
2012-09-19,22.75798292155769,22.779116536805358,22.537589834459364,22.55872344970703,29613600
2012-09-20,22.365494938697395,22.66740496010511,22.274921010918813,22.62211799621582,23487600
2012-09-21,22.817420343029912,22.82651782809675,22.593007227799028,22.647594451904297,25396400
2012-09-24,22.450468566210297,22.593001968958735,22.447435300659308,22.532350540161133,14781000
2012-09-25,22.593007761967037,22.63546423575224,22.265484409591775,22.286712646484375,26986600
2012-09-26,22.1957299156444,22.223022364648163,21.998609300370273,22.074424743652344,31606200
2012-09-27,22.24425400228537,22.438341381710064,22.150243578605803,22.374656677246094,16654600
2012-09-28,22.31097492313297,22.332203160761466,22.135082489237217,22.268518447875977,16897200
2012-10-01,22.423176602367185,22.60209994078275,22.350392109791322,22.380720138549805,22242800
2012-10-02,22.532356567853938,22.532356567853938,22.28368194133421,22.420148849487305,17582200
2012-10-03,22.377693228875646,22.408018952543806,22.038039108160802,22.144180297851562,25151600
2012-10-04,22.268522533313057,22.423186757955385,22.223032783276512,22.36556625366211,22754600
2012-10-05,22.492932103589084,22.52022687472535,22.241224198874797,22.314008712768555,27778400
2012-10-08,22.189674382800934,22.37769760826736,22.168446140708344,22.35040283203125,10885600
2012-10-09,22.37162034170001,22.556610211348772,22.344327892261873,22.380720138549805,20581200
2012-10-10,22.25032320435846,22.28671314630229,21.901571607269236,21.962223052978516,30383600
2012-10-11,22.174511021302145,22.31097795119179,22.11385725291421,22.125988006591797,16543400
2012-10-12,22.119910121344194,22.159333311162936,21.8469741164749,22.004669189453125,21523600
2012-10-15,21.965251429993668,22.150241306044574,21.807556318029267,22.11688232421875,16188000
2012-10-16,22.247290031256277,22.511128679977183,22.247290031256277,22.468669891357422,26698600
2012-10-17,22.532360993155923,22.76587164742877,22.486871243602707,22.750707626342773,20691400
2012-10-18,22.647597963356226,22.802262174585483,22.632433943424196,22.7476749420166,28824800
2012-10-19,22.729477655843496,22.774967401935967,22.307943815215484,22.38982582092285,28185200
2012-10-22,22.398917875082635,22.471700062956263,22.05319959055285,22.277612686157227,21687800
2012-10-23,21.90157237264347,21.922800610753995,21.601343772593335,21.7590389251709,30857000
2012-10-24,21.868210662044948,21.91066713298485,21.552818082417,21.592241287231445,21391000
2012-10-25,21.80755998095635,21.846983187143245,21.537654815293305,21.795429229736328,19586400
2012-10-26,21.75297445584088,21.956159348806853,21.713548932871326,21.822723388671875,22016800
2012-10-31,21.910664621096746,21.977382585983364,21.637728543698714,21.816654205322266,22251600
2012-11-01,21.731747832208885,21.953127713017583,21.69535557300402,21.91067123413086,18981600
2012-11-02,21.98344430064686,22.04409804077545,21.476997717517072,21.549779891967773,22529800
2012-11-05,21.507328614199178,21.77116724151303,21.48306711230049,21.713546752929688,14834800
2012-11-06,21.822722587719056,22.156310162108543,21.810591835997073,22.062299728393555,21038400
2012-11-07,21.737807106228633,21.786327793758065,21.334468334865512,21.486099243164062,38087200
2012-11-08,21.47094019201365,21.55281987457645,21.085796341699456,21.09792709350586,30026600
2012-11-09,21.031209870991088,21.340538268906464,20.97055842348444,21.09186363220215,24455400
2012-11-12,21.173740602524795,21.19800210389808,21.046371190871206,21.13431739807129,11166800
2012-11-13,20.946292602515612,21.32233658971368,20.925064368892432,21.046369552612305,22601200
2012-11-14,21.113092769811733,21.152515981000402,20.737046375393366,20.79163360595703,38484200
2012-11-15,20.800724762393255,21.006942869136193,20.679421899124073,20.81892204284668,29302200
2012-11-16,20.849254369743583,20.93113405978385,20.552056707606695,20.900808334350586,42955400
2012-11-19,21.185874922582332,21.416354597051278,21.170710903243183,21.38299560546875,22916200
2012-11-20,21.325365260703244,21.407244911692185,21.14947289789329,21.298072814941406,15425000
2012-11-21,21.364799435274733,21.440614908520853,21.276855522369306,21.41332244873047,11737000
2012-11-23,21.513392680629433,21.716577529907227,21.461836416578137,21.716577529907227,9004800
2012-11-26,21.528564082208376,21.54372810441528,21.355704872092453,21.504304885864258,18781000
2012-11-27,21.440603692645844,21.534616403610837,21.28594187399682,21.32536506652832,15576000
2012-11-28,21.122190265650715,21.55282157712591,21.05547228229733,21.51946258544922,23175800
2012-11-29,21.661994060531534,21.74690700842698,21.492168164740644,21.567983627319336,21902200
2012-11-30,21.59223635320598,21.668051793089013,21.47093350035602,21.549779891967773,16730200
2012-12-03,21.713544492822603,21.743870210187353,21.4072494259196,21.43151092529297,19533000
2012-12-04,21.440610750709546,21.540687711276387,21.340536103846887,21.3526668548584,22791600
2012-12-05,21.419382580989115,21.61953650274069,21.361764405636784,21.501264572143555,25062200
2012-12-06,21.455777632208253,21.571016311645508,21.419385374315414,21.571016311645508,16213600
2012-12-07,21.643797840709595,21.704449281790282,21.53765434826214,21.701416015625,20768800
2012-12-10,21.692318151517227,21.77723109302705,21.631666711497104,21.677156448364258,11671600
2012-12-11,21.765097953996946,21.886403134430502,21.722641487900784,21.804523468017578,15749400
2012-12-12,21.87124251048665,22.08352485142612,21.810588760429667,21.883373260498047,18386600
2012-12-13,21.85608348480875,21.85911675143016,21.59224481765422,21.680191040039062,21534600
2012-12-14,21.534623854629547,21.640765035634338,21.50429813344307,21.598308563232422,18883400
2012-12-17,21.671090765009296,21.804526714725288,21.631667558822397,21.795429229736328,18989000
2012-12-18,21.792402726594712,22.244262359676235,21.74994624100074,22.195741653442383,22374000
2012-12-19,22.232128327417794,22.25638983381076,22.031976683937305,22.04410743713379,16181200
2012-12-20,22.04713842950592,22.210900127393845,22.001650997068662,22.192705154418945,18014800
2012-12-21,21.921723848078727,22.031454578976803,21.836378240823198,21.967445373535156,30420400
2012-12-24,21.921735675394533,21.943072088719934,21.763236937190776,21.79981231689453,7179600
2012-12-26,21.93087011283083,21.94001627932806,21.6717845405901,21.7022647857666,13040200
2012-12-27,21.705304779711472,21.729689896244295,21.394402683142477,21.66263198852539,23321600
2012-12-28,21.531574338273284,21.543766901887636,21.26639131202204,21.28468132019043,23604800
2012-12-31,21.248110914027585,21.775428425038037,21.205438089494315,21.769330978393555,32769600
2013-01-02,22.235672338003347,22.257008737495948,21.946106584104776,22.250913619995117,29091600
2013-01-03,22.217389607215217,22.442946212861305,22.11680270485509,22.244823455810547,19572000
2013-01-04,22.27835946399772,22.522206179722843,22.26616922115663,22.49172592163086,18585400
2013-01-07,22.388087981266256,22.388087981266256,22.232637983126008,22.317983627319336,15946800
2013-01-08,22.257013693526638,22.263111137878333,22.104610141645345,22.244823455810547,14751400
2013-01-09,22.30883696751989,22.336268495907706,22.113760569559535,22.208250045776367,14745000
2013-01-10,22.391128517516844,22.449042608684707,22.26920521660776,22.40941619873047,16733600
2013-01-11,22.433804686323093,22.470382379726036,22.354554180030323,22.436853408813477,12732800
2013-01-14,22.42465815944688,22.503908656251006,22.360648947775953,22.439899444580078,16794200
2013-01-15,22.35455096297179,22.558773481547735,22.308831759664955,22.540483474731445,19279000
2013-01-16,22.503907157144234,22.644118134153715,22.470378192479632,22.641069412231445,17170400
2013-01-17,22.753852028415277,22.927591994217902,22.68984281211892,22.784332275390625,21004000
2013-01-18,22.802618770982825,23.0098876953125,22.753850843460718,23.0098876953125,26813000
2013-01-22,22.97026544890824,23.259831291530837,22.90625623081779,23.229351043701172,20299600
2013-01-23,23.174480108573952,23.214106514191837,23.061702986106525,23.150094985961914,14338600
2013-01-24,23.177535180259763,23.406140535019105,23.15315005096689,23.217159271240234,17641600
2013-01-25,23.329932982817816,23.485385236763857,23.290308901632624,23.436614990234375,15590600
2013-01-28,23.525015896481154,23.525015896481154,23.259832839181374,23.396997451782227,14902400
2013-01-29,23.460997254199658,23.820669639292948,23.45185341546312,23.774948120117188,23292000
2013-01-30,23.82372124672983,23.95478605182162,23.616452350118294,23.656076431274414,19886000
2013-01-31,23.579872909784644,23.695698748344217,23.491478588715562,23.576824188232422,21030600
2013-02-01,23.70180568947051,23.826775417272685,23.518921856434055,23.796295166015625,23636600
2013-02-04,23.592066610260588,23.677412213900592,23.555488926346317,23.570730209350586,21348000
2013-02-05,23.732275322351292,23.838957316766027,23.64083228399977,23.774948120117188,23370200
2013-02-06,23.646941441310194,23.802391427826073,23.576834767111375,23.79020118713379,22772800
2013-02-07,23.771896043085007,23.826761393252557,23.570724642799146,23.729223251342773,23861800
2013-02-08,23.762762827760618,23.960887921123007,23.762762827760618,23.951744079589844,18895400
2013-02-11,23.954799144678304,23.954799144678304,23.799349131376115,23.83287811279297,13922000
2013-02-12,23.88773916768347,23.939555829370732,23.759718386669853,23.896883010864258,14405400
2013-02-13,23.921266823932914,24.00356373351615,23.906025535809245,23.982227325439453,11385800
2013-02-14,23.933444553993557,24.235205157556745,23.86334024645348,24.189483642578125,14621400
2013-02-15,24.15901620051604,24.168160043255067,23.7841023697572,23.912120819091797,28675600
2013-02-19,24.00050246589649,24.210820039502433,23.994407349129336,24.189483642578125,15394000
2013-02-20,24.180346868820003,24.18339326534714,23.662173423502548,23.683509826660156,25535400
2013-02-21,23.56463819965736,23.607311011317172,23.34213029964461,23.518918991088867,24524800
2013-02-22,23.668279431699016,23.774961486089,23.479298131426486,23.765817642211914,13129200
2013-02-25,23.92125208314795,23.994405104976163,23.12875209895388,23.143993377685547,27616000
2013-02-26,23.272023184283007,23.43052418921412,23.000745033086755,23.372610092163086,33703000
2013-02-27,23.302493008427682,23.793232438956124,23.302493008427682,23.729223251342773,21989200
2013-02-28,23.70484468163721,23.918211024771708,23.66826932175209,23.680461883544922,19879800
2013-03-01,23.585969304713064,23.753614116766677,23.47928729953954,23.710941314697266,26525400
2013-03-04,23.628643713478837,23.6926552464289,23.424423528903947,23.65912628173828,20843400
2013-03-05,23.817631909079836,23.902977543996336,23.71704498557361,23.81153678894043,19969800
2013-03-06,23.91211943279421,23.957840969332754,23.750572019119442,23.838966369628906,16400200
2013-03-07,23.893828068390775,24.000510086887548,23.787146049893998,23.960886001586914,16932400
2013-03-08,24.05842587911833,24.116339975605726,23.924310003250167,24.07671356201172,15633400
2013-03-11,23.99746839773252,24.128535567737437,23.893832755510605,24.088909149169922,16334200
2013-03-12,24.110237471813623,24.24435331953963,24.040133151770135,24.116334915161133,17046600
2013-03-13,24.079765346351692,24.152918412721263,24.000514834579796,24.061477661132812,15565400
2013-03-14,24.101097331835437,24.427240836192638,24.101097331835437,24.390663146972656,21982200
2013-03-15,24.383632782309803,24.478545724174356,24.267287810478546,24.37138557434082,22493200
2013-03-18,24.062137804084866,24.322386753698893,24.04376816939772,24.17542266845703,16094000
2013-03-19,24.215232666369605,24.215232666369605,23.694739259618984,23.909059524536133,24704200
2013-03-20,24.083575739400402,24.123377399111153,23.905994791308924,24.043771743774414,13646000
2013-03-21,23.927425657515087,24.11419141529172,23.902931251531072,23.921300888061523,16555000
2013-03-22,23.98866196068887,24.150933330232416,23.97335470721074,24.11113166809082,15809600
2013-03-25,24.206041419088038,24.307079089687058,23.918240330599257,24.019275665283203,19679000
2013-03-26,24.14787151301871,24.304018101005905,24.11112990271367,24.273401260375977,13862400
2013-03-27,24.138689483219718,24.392813752638332,24.07439340347206,24.353012084960938,11389400
2013-03-28,24.353004064224095,24.454041728800075,24.27033603469286,24.282583236694336,13790600
2013-04-01,24.282585185128088,24.35300601830841,24.068264972692543,24.233598709106445,14815600
2013-04-02,24.273400413002204,24.291770049555844,24.01927620640627,24.0958194732666,16816200
2013-04-03,24.105001928007745,24.120309176846472,23.572259212663127,23.645742416381836,31487000
2013-04-04,23.627376674672828,23.759031196140743,23.46510531154348,23.615129470825195,27505400
2013-04-05,23.308951085596366,23.694729743427914,23.266087049827835,23.66717529296875,33239600
2013-04-08,23.703910124189804,23.83862697477353,23.621244452367996,23.826379776000977,17807200
2013-04-09,23.88150115913713,24.129500615989116,23.768216274247607,24.028465270996094,19159600
2013-04-10,24.089692650116266,24.251963972544804,24.052951047788888,24.15705108642578,18383600
2013-04-11,24.267271313188967,24.37749377406273,24.10500000576773,24.261146545410156,22622600
2013-04-12,24.09887707653737,24.14480349472433,23.749840035779926,23.881494522094727,38874200
2013-04-15,23.61513429224874,23.62738149859684,22.889505419470886,22.907875061035156,49586400
2013-04-16,23.137503435435455,23.223231538440107,22.87113197031477,23.189552307128906,32920800
2013-04-17,22.984413728754006,23.00890813652667,22.509844505798632,22.681303024291992,41253400
2013-04-18,22.745601043565895,23.018094929640533,22.537403231472467,22.87419319152832,41071200
2013-04-19,23.04871693220936,23.094643377021328,22.69049486732484,22.828271865844727,26833000
2013-04-22,22.941551416047222,23.168118865270376,22.74253842571323,23.073205947875977,26696000
2013-04-23,23.165052466271387,23.361003017711983,23.0548299890967,23.339570999145508,27895200
2013-04-24,23.425295743234546,23.762085559649822,23.400801343807927,23.65186309814453,27430200
2013-04-25,23.710052040394775,23.954989185259443,23.556965448885855,23.67024803161621,27277600
2013-04-26,23.618194460451125,23.6886153063624,23.443675874227715,23.630441665649414,22324800
2013-04-29,23.774342150541088,23.96723036641148,23.667182030613095,23.86925506591797,24429400
2013-04-30,23.896806719868557,23.973349979911806,23.682484190198508,23.964162826538086,20071000
2013-05-01,23.759036765646933,23.823332848982577,23.563086129981397,23.59064292907715,30648000
2013-05-02,23.68554213583851,23.967220719389772,23.602874122371947,23.89986228942871,27194200
2013-05-03,24.0682606940671,24.395865723931585,24.062135925706244,24.33156967163086,28098000
2013-05-06,24.34382923331371,24.59489113755021,24.34382923331371,24.496915817260742,24014400
2013-05-07,24.607129931273374,24.793895686705866,24.51527707794375,24.68673324584961,19401200
2013-05-08,24.668358365285947,24.772458399323156,24.57344548336067,24.726531982421875,14340800
2013-05-09,24.735725485960273,24.824515966909296,24.570391728598175,24.705108642578125,16271200
2013-05-10,24.56733228457987,24.61632110858837,24.362196839854594,24.57651710510254,26442200
2013-05-13,24.51527646046313,24.585697291030787,24.435670811976873,24.573450088500977,14846200
2013-05-14,24.594878417436412,24.922483444213867,24.579568832593246,24.922483444213867,19200600
2013-05-15,24.806139615111835,24.931671687518588,24.643868271495304,24.852066040039062,26097200
2013-05-16,24.78165211002994,24.91942907426942,24.674489653493193,24.72960090637207,24110800
2013-05-17,24.864319940613672,25.17049307472183,24.83676547978344,25.1429386138916,29314200
2013-05-20,25.130693424717265,25.553211542759968,25.130693424717265,25.49810028076172,20384400
2013-05-21,25.559322139294366,25.66648221821858,25.3603092293411,25.44603729248047,21676600
2013-05-22,25.482784233429875,25.703226869459648,25.029647087108366,25.152116775512695,39678800
2013-05-23,24.836753141722095,25.164358139038082,24.754085128466816,25.164358139038086,25583400
2013-05-24,24.94086698325658,25.020472664179337,24.800027600649234,25.017410278320312,17330000
2013-05-28,25.36950069067936,25.482785567167685,25.15211809194377,25.280710220336914,21416800
2013-05-29,25.090874800723928,25.320504535944394,25.041888338552415,25.2255916595459,25506000
2013-05-30,25.155174569311505,25.292951483675374,24.992900918639375,25.16741943359375,24149600
2013-05-31,25.063324292746056,25.14292993418954,24.643866402891163,24.646928787231445,30014400
2013-06-03,24.738786137245295,24.89187267934232,24.625501255164007,24.8857479095459,36730800
2013-06-04,24.76327924432593,24.919428177851568,24.506094964086383,24.68979835510254,31962000
2013-06-05,24.61631919706979,24.70510968175362,24.386689358171594,24.401996612548828,35592200
2013-06-06,24.4173048485513,24.597945857225962,24.218291865361223,24.58570098876953,36648400
2013-06-07,24.74797192252154,24.916365723855495,24.60407019358402,24.894933700561523,21164000
2013-06-10,25.002093418656145,25.008215852106854,24.741844446656817,24.824512481689453,15888000
2013-06-11,24.521398817267002,24.683672498344457,24.41730109996093,24.447917938232422,21191800
2013-06-12,24.692845410315144,24.735709430410893,24.242770863395894,24.297882080078125,18689400
2013-06-13,24.29177308121517,24.769404714455263,24.26115623783302,24.705108642578125,24786000
2013-06-14,24.72041523051233,24.744909638924504,24.408119698960864,24.466293334960938,20796800
2013-06-17,24.631616549089696,24.882678311917047,24.61937168487677,24.818382263183594,22195000
2013-06-18,24.78471184704147,25.035773699012566,24.775527027663266,24.959230422973633,15483400
2013-06-19,24.937798713257234,25.075578013412148,24.7051088330268,24.72960090637207,30107200
2013-06-20,24.405054059055303,24.417301261627994,23.933547271624406,24.007030487060547,50979600
2013-06-21,24.20823220550727,24.232841662220974,23.765229125109386,24.04825782775879,41108400
2013-06-24,23.786756861708877,23.95596002928515,23.38682338222501,23.691389083862305,37809600
2013-06-25,23.952886943296434,24.072866537632088,23.792912586108567,23.995956420898438,25080600
2013-06-26,24.112859334531233,24.217458315439874,23.937504359491058,24.143625259399414,22405600
2013-06-27,24.266679863752078,24.408194200836228,24.17746384419913,24.189769744873047,16327000
2013-06-28,24.097478044900967,24.278984791569453,24.01133909074572,24.08824920654297,21635400
2013-07-01,24.238986202005247,24.46356236854588,24.18976261382053,24.260520935058594,23921400
2013-07-02,24.2666815200656,24.51894663332266,24.192848458093238,24.312828063964844,17383600
2013-07-03,24.24821598508804,24.337431981825,24.103624623035387,24.297439575195312,10511600
2013-07-05,24.43895835593394,24.60815919694606,24.254372206305607,24.59893035888672,20617000
2013-07-08,24.71890874429436,24.90656959939818,24.703528130647822,24.75890350341797,23158400
2013-07-09,24.89734541988103,25.0450138905991,24.848121813938103,25.011173248291016,18514600
2013-07-10,25.103466127144703,25.103466127144703,24.805054445250708,24.85735511779785,21623000
2013-07-11,25.171143647473382,25.189601324954364,24.921955613037888,25.057315826416016,28972400
2013-07-12,25.026547513562125,25.2142083561511,25.020395737935818,25.198827743530273,17555600
2013-07-15,25.21420765683284,25.263431248918554,25.13114577907577,25.177289962768555,20790200
2013-07-16,25.19268077094424,25.241904378365746,24.863505524422965,25.02347755432129,13447600
2013-07-17,25.097312395069178,25.20806316213976,25.057317628170463,25.134227752685547,15846000
2013-07-18,25.22036778420232,25.472632885929123,25.208061883250938,25.401874542236328,18839000
2013-07-19,25.49416707572183,25.75566101074219,25.435714634241663,25.755661010742188,21369600
2013-07-22,25.718732963271822,25.78949127697517,25.647976996678093,25.67258644104004,13604600
2013-07-23,25.73720099448817,25.82949172057963,25.684900334548292,25.71566390991211,12019400
2013-07-24,25.743348059606948,25.76180573202536,25.300345144685686,25.429555892944336,18677200
2013-07-25,25.408024581173557,25.63260315073088,25.334191527626274,25.59876251220703,19242200
2013-07-26,25.481862294134906,25.552618292297787,25.31265908616163,25.534160614013672,13660200
2013-07-29,25.454175391811347,25.475710133839776,25.22037029182009,25.321889877319336,16587200
2013-07-30,25.328036579109455,25.380334887692804,25.12806983481469,25.272661209106445,15870400
2013-07-31,25.318801366023283,25.54030044314589,25.300341349264222,25.355716705322266,22495000
2013-08-01,25.561840642745366,25.79564801247334,25.552611805945983,25.767961502075195,21293400
2013-08-02,25.67259815087993,25.687981114343575,25.48801432486966,25.65414047241211,16371000
2013-08-05,25.56184919845456,25.61107280734014,25.463404327794265,25.592615127563477,10382000
2013-08-06,25.53108060393471,25.657214316607003,25.364954477227748,25.435712814331055,12988800
2013-08-07,25.364954258024603,25.44186437081074,25.241899955255082,25.34649658203125,14067200
2013-08-08,25.469551332656703,25.540307316761897,25.26343280906652,25.48493194580078,13478600
2013-08-09,25.47878217100108,25.53723460802579,25.284969530970745,25.408023834228516,19630000
2013-08-12,25.23575168318818,25.39880078456284,25.22652284305164,25.300355911254883,12627000
2013-08-13,25.324961844335547,25.404949018824038,25.183447518462295,25.34649658203125,13832600
2013-08-14,25.288045276623635,25.39572131702995,25.21113516039654,25.229595184326172,12425000
2013-08-15,25.072694516826203,25.201902931397886,24.980401450926333,25.09115219116211,21638000
2013-08-16,25.04192804812764,25.0819204536009,24.891184915225463,24.9896297454834,17900800
2013-08-19,24.92810806818039,24.955796932265905,24.57739810383473,24.59278106689453,21694800
2013-08-20,24.605087270592968,25.534160511912166,24.565092504989753,24.7435245513916,18071200
2013-08-21,24.67584129643063,24.823509751643716,24.55893876525685,24.6081600189209,18975800
2013-08-22,24.718918106433527,25.072705213842493,24.666619775429123,24.974260330200195,16674400
2013-08-23,25.054246009788606,25.192683312182176,24.903500457187317,25.152690887451172,14785000
2013-08-26,25.223438878597587,25.321883724967503,25.060389821839003,25.1096134185791,14524000
2013-08-27,24.925033682379972,25.13422932805747,24.903498940050415,24.952722549438477,20401000
2013-08-28,25.03269982888817,25.466471566082276,25.02346864545004,25.368026733398438,23796400
2013-08-29,25.321884750269874,25.33726771165159,25.060390836553285,25.10346031188965,22817600
2013-08-30,25.19883345277969,25.229597032101506,25.0327073079091,25.094234466552734,17082600
2013-09-03,25.34649558793087,25.43571159691695,25.155757670742332,25.2788143157959,17268800
2013-09-04,25.24805082163369,25.49108705093234,25.19267544853893,25.41417694091797,14980000
2013-09-05,25.463398921047748,25.61721914548762,25.451095368549673,25.500316619873047,12230200
2013-09-06,25.601835211383648,25.697202987094208,25.321881312593224,25.497236251831055,16046200
2013-09-09,25.589531638486832,25.814110190180962,25.55261394109443,25.783344268798828,16869800
2013-09-10,25.81103586038673,25.829493537481305,25.571076669715207,25.79257583618164,18304400
2013-09-11,25.789495170350598,25.98946189880371,25.672590316766637,25.98946189880371,21400400
2013-09-12,25.937167153831027,26.014077270972845,25.81718755885863,25.835647583007812,21404800
2013-09-13,25.857183849336145,25.92793984690437,25.78027372765116,25.826417922973633,11958000
2013-09-16,26.026383368478758,26.044843392767746,25.783347114816728,25.82026481628418,16112600
2013-09-17,25.826407864731994,26.010993962576368,25.792567236601176,25.937158584594727,10843800
2013-09-18,25.931018708343963,26.358638826816648,25.8541085813221,26.250965118408203,22313200
2013-09-19,26.290946470875248,26.377085401337066,26.140203342567062,26.186349868774414,18277000
2013-09-20,26.202740724612266,26.26764461281787,25.924579519446983,25.974031448364258,27947800
2013-09-23,25.90602885723998,25.9647524166284,25.773129783569455,25.847305297851562,17040200
2013-09-24,25.841127801725673,26.063656726803618,25.76695227936547,25.872034072875977,11080800
2013-09-25,25.9462062717067,26.026564452802038,25.85966778037189,25.8658504486084,22387400
2013-09-26,25.93075802118781,25.970935938476174,25.788587285401242,25.912212371826172,15440400
2013-09-27,25.804040409369815,25.85658366727415,25.720593236458782,25.822586059570312,14342000
2013-09-30,25.51042676066596,25.71441004474822,25.464066173102626,25.62478256225586,20866400
2013-10-01,25.55369943894543,25.8565866080287,25.54133645673818,25.788591384887695,21688200
2013-10-02,25.680408622219012,25.878213923633098,25.544420572368,25.847305297851562,15428400
2013-10-03,25.822583131517188,25.838035087268423,25.4980614067775,25.621688842773438,20280200
2013-10-04,25.67732052646221,25.94929899348691,25.566056072225475,25.881303787231445,18626200
2013-10-07,25.612420438003383,25.831858044609003,25.581511806596172,25.668052673339844,15857400
2013-10-08,25.677323967173155,25.732956201746134,25.368256521322728,25.392982482910156,21146800
2013-10-09,25.392987939519497,25.414622571058114,25.13027866769598,25.30335807800293,26219400
2013-10-10,25.479521099946897,25.776225566278466,25.473338430524734,25.773134231567383,25655200
2013-10-11,25.658779243252564,26.131654433192157,25.634055638770107,26.05129623413086,23850800
2013-10-14,25.896762590145777,26.242918992003165,25.838039018563457,26.22746467590332,16739800
2013-10-15,26.13164520263672,26.301630829147854,26.03274374564943,26.13164520263672,22783600
2013-10-16,26.30783309714433,26.60453768916494,26.295470111060325,26.524179458618164,25208800
2013-10-17,26.496354382768914,26.592164540807694,26.422176494612188,26.579801559448242,24574000
2013-10-18,26.786877457230247,26.885778954780744,26.666341330778007,26.87032699584961,25901200
2013-10-21,26.857967163541844,26.963048985388202,26.69107042472882,26.749794006347656,15707000
2013-10-22,26.87959284899653,27.07121313282376,26.780691372763933,26.898136138916016,28575800
2013-10-23,26.675607135741835,26.700333094213867,26.400537332232755,26.47780418395996,33670600
2013-10-24,26.505625030623705,26.650887108627195,26.33563699083292,26.60452651977539,15746600
2013-10-25,26.663248794982366,26.836328176399178,26.585981929813418,26.765241622924805,17492200
2013-10-28,26.780702087399263,26.84560598608193,26.641620283366567,26.786882400512695,15322400
2013-10-29,26.854872428747793,26.993951847820842,26.833237800047595,26.97540855407715,12934000
2013-10-30,26.966137335082223,27.080493150310748,26.582894324312967,26.793060302734375,22793200
2013-10-31,26.814694175651358,26.944501946251897,26.61379984991377,26.70033836364746,18169600
2013-11-01,26.691065028033425,26.71579098982072,26.283096090533043,26.60452651977539,24695200
2013-11-04,26.734322677860533,26.95685152136031,26.675599133604624,26.935216903686523,14466400
2013-11-05,26.817783177744452,26.891961067869516,26.66634077856834,26.69106674194336,16054600
2013-11-06,26.85178491822231,26.97232106071932,26.678707863969787,26.77142906188965,18167400
2013-11-07,26.842508928712878,26.879597873481924,26.270734588676504,26.35727310180664,41767000
2013-11-08,26.369639930496106,26.774517615136343,26.332550980316107,26.749794006347656,26485800
2013-11-11,26.796144963099852,26.885774799840693,26.71269779537415,26.799236297607422,10358200
2013-11-12,26.749795445319773,26.793064710525066,26.474725534515517,26.551992416381836,17361400
2013-11-13,26.434537158045764,26.786873842903823,26.43144582347757,26.783784866333008,21806800
2013-11-14,26.771430535100137,26.963050896282144,26.755976215263715,26.944507598876953,19336200
2013-11-15,27.046494861560312,27.099035765349758,26.89196112712241,27.09285545349121,14739600
2013-11-18,27.20720501705068,27.23193097694421,26.799236110796723,26.885774612426758,20932400
2013-11-19,26.833223647088317,27.021754894035553,26.703415943353104,26.932125091552734,18912800
2013-11-20,27.043409306351737,27.13303917444114,26.7868826864405,26.86724090576172,26525600
2013-11-21,26.959951059595845,27.16702565720732,26.925953456048028,27.123756408691406,14242800
2013-11-22,27.21647492230428,27.272107149508965,26.975402723749696,27.269018173217773,15119000
2013-11-25,27.24120811006105,27.24120811006105,26.88578002848298,27.021770477294922,19505200
2013-11-26,26.99395524072633,27.123765387241217,26.845604156134996,26.953777313232422,13549200
2013-11-27,26.879602220797473,27.003229698691285,26.616895304021888,26.77142906188965,18638600
2013-11-29,26.768328781772052,26.947588446917997,26.64161001082492,26.715787887573242,9953400
2013-12-02,26.7436085000898,26.916685533249545,26.582894449012564,26.734336853027344,19238800
2013-12-03,26.672519878765083,26.88268582333046,26.616887647615506,26.799236297607422,21690200
2013-12-04,26.765242701999068,26.8548725521683,26.499444486462085,26.71270179748535,20068600
2013-12-05,26.64471393470132,26.759069780223044,26.57053838090259,26.623079299926758,20142200
2013-12-06,26.854873057332345,26.901233650774405,26.62307244811979,26.70652198791504,23346000
2013-12-09,26.76524883053073,26.845607052185407,26.623078043294445,26.743614196777344,26144200
2013-12-10,26.681787986677094,26.823958701210195,26.629247097001233,26.66324234008789,21122800
2013-12-11,26.69106573917528,26.69106573917528,26.23055588910545,26.28618812561035,29365400
2013-12-12,26.283095598131123,26.514896180049966,26.233643675482988,26.397451400756836,21967200
2013-12-13,26.335629503952365,26.351083815175336,26.190367467245004,26.310903549194336,24326800
2013-12-16,26.45308049108544,26.626159857216003,26.378904967313705,26.539621353149414,24321600
2013-12-17,26.517986075261717,26.564344302731097,26.30163746241619,26.38817596435547,19712400
2013-12-18,26.465451884657,26.796154049181915,26.212016603039753,26.786882400512695,30528000
2013-12-19,26.694153890832442,26.87650253663358,26.63543032652489,26.864139556884766,22421200
2013-12-20,26.855754524620945,27.017219519856134,26.84023059325887,26.911645889282227,31388600
2013-12-23,27.011013393642063,27.119690410591115,26.905442111171922,26.939598083496094,19535800
2013-12-24,26.96133732373309,27.11348516911381,26.927181346548206,27.08864402770996,11188800
2013-12-26,27.163166582844898,27.318420158179222,27.119693402288256,27.281158447265625,17715200
2013-12-27,27.37430778035285,27.451934557358413,27.28426043474865,27.4146728515625,11731800
2013-12-30,27.44882208661839,27.47676658237141,27.19110068165305,27.21904754638672,14091400
2013-12-31,27.28426775927741,27.492307008945474,27.18490555279551,27.48299217224121,16150800
2014-01-02,27.31841276286795,27.39914289452079,26.98306456237166,27.09174156188965,22267200
2014-01-03,27.119696392897488,27.22837580280132,26.936498290912066,26.992389678955078,19428600
2014-01-06,27.073120548196993,27.11969472788857,26.87749951756567,27.02964973449707,18513200
2014-01-07,27.107272399556525,27.253208755344446,26.967542774807097,27.23457908630371,13302000
2014-01-08,27.237681256786992,27.246996090088523,26.94269811134615,27.045166015625,21883000
2014-01-09,27.073116983018423,27.119691156576785,26.737768719510033,26.961334228515625,24445400
2014-01-10,26.979966546014616,27.017228257499895,26.806083297046506,26.98307228088379,20940200
2014-01-13,26.90854967455515,26.948914749599364,26.42105119442726,26.445892333984375,33435200
2014-01-14,26.551464605582503,26.802974615760572,26.551464605582503,26.79055404663086,26444200
2014-01-15,26.827809603954712,26.852650736519507,26.672556078895923,26.712921142578125,23335800
2014-01-16,26.66323960846508,26.756390296389487,26.539036322251892,26.750181198120117,22594200
2014-01-17,26.81539737972639,26.961336117718943,26.672564376515805,26.70672035217285,25265800
2014-01-21,26.89611957085546,26.989270257703144,26.70049862741216,26.927169799804688,25451600
2014-01-22,26.99239066151065,27.0824380326901,26.880607881355605,27.051387786865234,21115200
2014-01-23,26.905437779490434,26.961329146206104,26.616666112956292,26.743972778320312,29801600
2014-01-24,26.582514961122506,26.582514961122506,26.169539919418597,26.18506622314453,34852200
2014-01-27,26.23165243812373,26.284438099886195,25.908724627193376,26.091922760009766,32109000
2014-01-28,26.154010752191294,26.330999681943617,26.08259308591399,26.290632247924805,18225600
2014-01-29,26.06086131366652,26.32479187806963,25.924237429936404,26.144697189331055,40249800
2014-01-30,26.321685405614694,26.36515857838529,26.07949025050736,26.228534698486328,24531400
2014-01-31,25.92424119623165,26.119862216170883,25.781408192027087,25.890085220336914,31966400
2014-02-03,25.865237637703967,25.973914628992326,25.393265605564913,25.42742156982422,50345600
2014-02-04,25.57025539149085,25.753455784994383,25.477104696794505,25.688249588012695,40679600
2014-02-05,25.6882609401226,25.69447004158728,25.402592524128284,25.436748504638672,54541800
2014-02-06,25.505054180241565,25.877661769825973,25.49573934584915,25.815561294555664,26056600
2014-02-07,25.973924597770903,26.135387279799932,25.8155652816978,26.095022201538086,24804600
2014-02-10,26.088804253997367,26.12296022288503,25.859029674283043,25.96770668029785,15922000
2014-02-11,25.99565855028777,26.396213051489983,25.967711675376144,26.30616569519043,21739400
2014-02-12,26.386888204125423,26.43967383017471,26.216108391635842,26.24405288696289,13624800
2014-02-13,26.119858977716344,26.43657518794877,26.048441299977966,26.368263244628906,19598000
2014-02-14,26.38999352617815,26.76570677254272,26.34962846249595,26.712921142578125,25236600
2014-02-18,26.753299989559196,26.86818613097126,26.706723438373476,26.834030151367188,17708000
2014-02-19,26.7501912725859,27.141430942360106,26.7501912725859,26.868183135986328,47644000
2014-02-20,26.858862242651366,27.097951650321015,26.821600540464235,27.045166015625,18873800
2014-02-21,27.104172364111953,27.110381465437317,26.81540058835548,26.8309268951416,23165600
2014-02-24,26.91165139870359,27.47367089423923,26.896127464163417,27.23457908630371,37227800
2014-02-25,27.181781932428784,27.274932607161748,27.001687311372624,27.22214698791504,19166600
2014-02-26,27.234585895519285,27.265636141344153,26.967549517257996,27.051387786865234,20096600
2014-02-27,27.060689335693606,27.12278979684921,26.88370041552132,27.07931900024414,18666800
2014-02-28,27.097955788419526,27.32152129772073,27.054484980386665,27.21595001220703,20949000
2014-03-03,27.051381870541483,27.35257179505048,26.955123049860386,27.042064666748047,24927200
2014-03-04,27.278054271528426,27.417783918704533,27.172482971378276,27.337051391601562,21049000
2014-03-05,27.253209290395468,27.278050428925017,27.011014112185787,27.08243179321289,21730800
2014-03-06,27.101060508916845,27.305996341101753,27.085536574618196,27.27804946899414,15576600
2014-03-07,27.389840098459135,27.408469772569063,27.225271659869556,27.330842971801758,19705600
2014-03-10,27.302891858007797,27.392939209399657,27.1445325594234,27.374309539794922,17729000
2014-03-11,27.40845572906846,27.42708776261369,26.97374776269207,27.06379508972168,24536000
2014-03-12,26.874393070734858,27.13521792303383,26.846446197142026,27.066905975341797,18737400
2014-03-13,27.10726762294634,27.116582455825323,26.694292659451396,26.79676055908203,22545600
2014-03-14,26.765710496119922,26.927175511272903,26.728451161070094,26.82160186767578,21306800
2014-03-17,26.927178146045627,27.04827573476897,26.85886619979526,26.96443748474121,20838400
2014-03-18,27.06378682753054,27.274929278751273,26.979948624623464,27.19109344482422,13990400
2014-03-19,27.200416153806202,27.209730985943125,26.818493822308106,26.986167907714844,18645200
2014-03-20,26.852652162950076,27.135212361696844,26.76260482935491,27.09174156188965,17426800
2014-03-21,27.18441695156251,27.36851596376947,27.159453647341717,27.165693283081055,28260400
2014-03-24,27.249946308730298,27.374760460511688,27.059605262905862,27.109529495239258,20088000
2014-03-25,27.24993916869705,27.374753287774624,27.24057852637671,27.3529109954834,14337600
2014-03-26,27.44652143706862,27.518290333525897,27.206256207528348,27.224977493286133,17128800
2014-03-27,27.234346026053853,27.53077996000838,27.16881912628676,27.446529388427734,22772600
2014-03-28,27.53701936033873,27.849053574053613,27.521416697400134,27.789766311645508,19911200
2014-03-31,27.927062127482337,27.955144064013258,27.70551812142062,27.789766311645508,16903200
2014-04-01,27.79911639055586,27.95825444563818,27.786637121706974,27.95513343811035,20494600
2014-04-02,27.89585458642748,28.10491690382197,27.874012290291216,28.05499267578125,20017200
2014-04-03,28.117406920278206,28.351432611626233,28.070601305882114,28.235979080200195,21584000
2014-04-04,28.448161833496584,28.488727809362256,28.083082334499856,28.13300895690918,27995600
2014-04-07,28.0674777837686,28.12364403988865,27.661834716796875,27.661834716796875,22489600
2014-04-08,27.73048042611586,27.998830030647845,27.677432802424068,27.939542770385742,23288800
2014-04-09,28.026918396035796,28.086205669899453,27.783532043211963,28.067481994628906,14449000
2014-04-10,27.961391063741928,28.142371511296272,27.618153843622252,27.677438735961914,24596600
2014-04-11,27.540139482315485,27.761683481243928,27.52765782849292,27.599424362182617,26911800
2014-04-14,27.811607711098716,28.033151709988893,27.680553916932478,27.976987838745117,19922800
2014-04-15,27.958259565142594,28.360783907216128,27.870890383414697,28.351423263549805,44885800
2014-04-16,28.51679381547547,28.697774149639454,28.476230242906738,28.691532135009766,26073400
2014-04-17,28.72898833352646,29.04102252955939,28.679064100089825,28.95365333557129,37082000
2014-04-21,28.981741158690724,29.1720822473927,28.928695905939673,29.150239944458008,17012800
2014-04-22,29.069106316205197,29.184557443032222,28.928689502166133,29.10342788696289,12690400
2014-04-23,29.100309578524904,29.33745385174289,29.100309578524904,29.25632667541504,17123400
2014-04-24,29.340571659568635,29.409219555612786,29.212638892003213,29.265684127807617,17753000
2014-04-25,29.184555018460436,29.275045211821638,29.000456004148564,29.090946197509766,17744200
2014-04-28,29.190805300517717,29.215766231460073,28.897492341095152,29.140878677368164,22334000
2014-04-29,29.28128693850232,29.537157257014126,29.26568665754579,29.275047302246094,16545200
2014-04-30,29.209526050305918,29.29377424951244,29.062869573323848,29.250089645385742,21643200
2014-05-01,29.20951263130699,29.28752115721463,29.100301171162553,29.18454933166504,21430600
2014-05-02,29.131504885800616,29.462260282707575,29.090941308269255,29.243837356567383,17422000
2014-05-05,29.13464381357203,29.43107545003816,29.08159617262554,29.38115119934082,16074600
2014-05-06,29.409232537950775,29.58085235382057,29.38426922280012,29.424835205078125,14953400
2014-05-07,29.55588232067626,29.721260079851973,29.39050456150055,29.680696487426758,19261800
2014-05-08,29.621406110786282,29.6713303438625,29.231363368560945,29.25632667541504,21932600
2014-05-09,29.29375638894302,29.34680398786691,29.1158970718312,29.228229522705078,17421600
2014-05-12,29.362421826664644,29.44979103391205,29.271931610406302,29.43419075012207,10427800
2014-05-13,29.490354565162946,29.587084410794382,29.446669965159575,29.543399810791016,9977600
2014-05-14,29.5745970658454,29.64948459706573,29.51530981412047,29.555875778198242,9969200
2014-05-15,29.49658992256533,29.505950566831952,29.00357535904743,29.21887969970703,22897600
2014-05-16,29.165837584205295,29.250085772256153,28.997338827471523,29.14399528503418,29622000
2014-05-19,29.062875340813846,29.312503740189722,29.062875340813846,29.234495162963867,10064400
2014-05-20,29.1720822473927,29.287535780408934,29.09407368253558,29.150239944458008,9351200
2014-05-21,29.284412637770956,29.505956660149074,29.243849044028135,29.46539306640625,11714800
2014-05-22,29.465391675693972,29.59332446877225,29.399864774756487,29.437307357788086,13738400
2014-05-23,29.431074127559008,29.543406662371396,29.371786850676717,29.378028869628906,10561200
2014-05-27,29.462261312110815,29.52778819224236,29.34992883741918,29.459142684936523,10114600
2014-05-28,29.4560299204101,29.6089260168384,29.393621649987868,29.509075164794922,15071000
2014-05-29,29.56525242234083,29.777435859489017,29.484122830910735,29.76183319091797,14556600
2014-05-30,29.680690104119584,29.774298923576215,29.596439547913736,29.739974975585938,11916000
2014-06-02,29.768062524205604,29.87415300725013,29.618285063907013,29.70253562927246,10151400
2014-06-03,29.633890267216614,29.842952623356013,29.63076925843825,29.80550765991211,11997200
2014-06-04,29.75557588008481,29.821102764027554,29.66508569350724,29.789899826049805,7373200
2014-06-05,29.75869894017575,30.011445850045508,29.699411687487594,29.961519241333008,12349600
2014-06-06,30.03017129860884,30.251715299043568,30.03017129860884,30.208030700683594,10840000
2014-06-09,30.248599306300164,30.413977068875212,30.179951394144727,30.254838943481445,11304000
2014-06-10,30.257965072293015,30.282928386506683,30.13002987242247,30.204919815063477,7532200
2014-06-11,30.11441886634598,30.360926150030476,30.04889197533595,30.32036018371582,11303400
2014-06-12,30.45453765202598,30.623036406853487,30.36404744773165,30.42021369934082,23739200
2014-06-13,30.50133732428245,30.713520635676634,30.32035695090444,30.710399627685547,19473200
2014-06-16,30.819610825095744,30.963148623821724,30.763444584916922,30.894500732421875,26773800
2014-06-17,30.832101339334738,30.878906949710455,30.6760842251705,30.87266731262207,20091000
2014-06-18,30.88514735559821,31.134773296854185,30.782175494271968,31.106691360473633,29727200
2014-06-19,31.12540722557604,31.334469539849856,31.038038042335145,31.328229904174805,17354000
2014-06-20,31.48937007711583,31.658651203921472,31.385922492694963,31.639842987060547,18192400
2014-06-23,31.737008537649327,31.82478336811736,31.655504704606013,31.752683639526367,15918400
2014-06-24,31.724481373999488,31.74956059016269,31.016011455031737,31.084978103637695,35497000
2014-06-25,30.956449778105355,31.351439072794207,30.921966452840454,31.320091247558594,27720600
2014-06-26,31.338880515357804,31.379632424354945,31.069285076307622,31.35455322265625,16160000
2014-06-27,31.279318009244484,31.370228321639015,31.1727349895515,31.35455322265625,16444200
2014-06-30,31.332617661739455,31.417259391547965,31.210359511291546,31.379640579223633,12589000
2014-07-01,31.458009069755498,31.55519039674796,31.32007821776371,31.398448944091797,13771600
2014-07-02,31.373376512736183,31.464286861911003,31.285601662963334,31.35143280029297,11852800
2014-07-03,31.501892623414896,31.501892623414896,31.29499517494795,31.470544815063477,7337600
2014-07-07,31.439204751476854,31.442340250589737,31.172744727323053,31.229171752929688,13864800
2014-07-08,31.182145890052315,31.25738111986555,31.05675224590703,31.17901039123535,20784600
2014-07-09,31.229172373707804,31.40472206055802,31.179013953644827,31.385913848876953,12816000
2014-07-10,31.100650819975428,31.20096529294254,30.9251010902044,31.084978103637695,29817400
2014-07-11,31.047362057145868,31.053630665904663,30.765226829281936,30.84673309326172,21610400
2014-07-14,30.997192518047225,31.15080088200763,30.95330509739712,31.113182067871094,13740600
2014-07-15,31.02854243632532,31.10691317128184,30.77775512779046,30.978384017944336,19908400
2014-07-16,31.10690559585399,31.461140370584463,31.09749910093454,31.44860076904297,16334800
2014-07-17,31.423535209276853,31.520716565496027,30.918827388601358,30.940771102905273,22035600
2014-07-18,31.019131921076916,31.11004224885268,30.878065573102113,31.03167152404785,16635600
2014-07-21,30.95329785644074,31.10063518773567,30.90627494769148,31.078691482543945,18793400
2014-07-22,31.216628291789938,31.398448950914947,31.185280479588847,31.301267623901367,11955800
2014-07-23,31.379656764519936,31.505050478592864,31.244858940436618,31.501914978027344,13402400
2014-07-24,31.55205120330383,31.652365625589646,31.42352207916774,31.530107498168945,11494400
2014-07-25,31.417268464427103,31.445480788053985,31.25739145548456,31.29814338684082,9605800
2014-07-28,31.273051167455176,31.32634268030559,31.031668022946555,31.22289276123047,14957200
2014-07-29,31.166482596057662,31.323224112704526,31.12886616274129,31.14453887939453,13657600
2014-07-30,31.29187451358298,31.389053483054923,30.85926881317159,30.959583282470703,21560600
2014-07-31,30.762098625968775,30.77777373911283,30.26993020849497,30.291873931884766,34569600
2014-08-01,30.207221202838944,30.30440016470557,29.78715275123999,30.047344207763672,35666600
2014-08-04,30.041071386857467,30.62728296710498,29.95016104521968,30.552047729492188,25793000
2014-08-05,30.42351987437882,30.48621550486135,29.708776771779014,29.884328842163086,32879800
2014-08-06,29.821624566885234,30.32006357394126,29.76833305298095,29.972097396850586,23094000
2014-08-07,30.125708992703714,30.179000516618963,29.621001285777083,29.784013748168945,26513400
2014-08-08,29.874927122930902,30.313801354732384,29.802824989600555,30.282453536987305,23170000
2014-08-11,30.479949516022618,30.589668074631874,30.2636455064178,30.28558921813965,22407200
2014-08-12,30.241696330220062,30.241696330220062,29.93761752867288,30.063011169433594,19996200
2014-08-13,30.22602361809934,30.323204953007153,30.05047394216516,30.160192489624023,12978000
2014-08-14,30.20408314376373,30.251106066764137,29.943891709288664,29.987781524658203,15234800
2014-08-15,30.047345166159094,30.25424509481881,29.968974415912626,30.210357666015625,22150600
2014-08-18,30.32008865720677,30.38278432641005,30.1633470925121,30.291873931884766,17195000
2014-08-19,30.354553156687967,30.580261252458175,30.33260944691503,30.523834228515625,11995400
2014-08-20,30.48622592514812,30.630427837894594,30.36083222963811,30.589675903320312,11895800
2014-08-21,30.63041498961375,30.64609009185958,30.476809032680833,30.614742279052734,11134400
2014-08-22,30.57085288223117,30.57085288223117,30.285584672662196,30.410978317260742,14766800
2014-08-25,30.49562583298002,30.70252576082385,30.48622172565721,30.68058204650879,8758000
2014-08-26,30.76835749850835,30.994065645360646,30.708794962065237,30.837324142456055,11193000
2014-08-27,30.865536135915985,30.900019457522212,30.69312191957034,30.774625778198242,7720200
2014-08-28,30.6805788719329,30.81224114419992,30.630420449153906,30.780893325805664,6209000
2014-08-29,30.849864343937327,30.968987027432632,30.740143376442184,30.953311920166016,10734800
2014-09-02,30.90941913985829,30.93763384971751,30.429790597417988,30.561452865600586,17284600
2014-09-03,30.76521967376655,30.85926552507621,30.6241532884874,30.642961502075195,14381800
2014-09-04,30.715061765485355,30.727598979321723,30.088095839517937,30.229162216186523,24573000
2014-09-05,30.244831194579028,30.44232456024759,30.037931332910777,30.432920455932617,17549800
2014-09-08,30.282449323687548,30.30752853106833,29.821629052726294,29.959562301635742,21956200
2014-09-09,29.943888995857293,30.128845171782626,29.652349769695498,29.82790184020996,19996600
2014-09-10,29.79969530833553,29.79969530833553,29.407841530804564,29.755807876586914,20865400
2014-09-11,29.517558387543417,29.818501759737792,29.39216471787443,29.774614334106445,25011400
2014-09-12,29.68683239886691,29.715047106133348,29.23855171504298,29.3294620513916,30880400
2014-09-15,29.29810643285708,29.61472477626138,29.150769112906037,29.536354064941406,26782600
2014-09-16,29.4956281162227,30.081842461384564,29.451740667032677,29.893753051757812,26910800
2014-09-17,29.965834644592253,30.02226167239344,29.642947582274125,29.730722427368164,22138600
2014-09-18,29.827905254111695,29.843577967695264,29.498747176948218,29.577117919921875,24569200
2014-09-19,29.63792557570755,29.77341693625529,29.540246596239903,29.5528507232666,18949200
2014-09-22,29.505581926910285,29.52133768459773,29.004580565132134,29.11801528930664,21259200
2014-09-23,29.073903427961806,29.32282952703704,29.026640956737925,29.032941818237305,18280200
2014-09-24,29.014051332038285,29.225165155665458,28.598124549432725,29.058164596557617,49479800
2014-09-25,29.042387876015002,29.05499200021181,28.598103917034262,28.61385726928711,26872800
2014-09-26,28.617035036462593,29.10543507816954,28.51620435479321,28.982547760009766,22969600
2014-09-29,28.613870850130393,28.969930916710076,28.54454933614171,28.916362762451172,30908600
2014-09-30,28.887999921042244,28.957321422189125,28.37754356131743,28.553998947143555,43464200
2014-10-01,28.55085498191112,28.692647251252495,27.882850450720312,27.97107696533203,37954600
2014-10-02,27.80723063878017,28.008891949110282,27.34403899024328,27.826135635375977,58485400
2014-10-03,27.964773030916138,27.980528794220483,27.545694728537015,27.78201675415039,40196000
2014-10-06,27.923813604720085,28.097114994717096,27.608717545824994,27.813528060913086,40244400
2014-10-07,27.66543923185429,28.021496968300703,27.441718879759062,27.451173782348633,35798600
2014-10-08,27.372392805476657,27.744206214508978,26.931257885676832,27.718997955322266,71977200
2014-10-09,27.5078822258326,27.555144703436863,26.62561244934632,26.701234817504883,73334800
2014-10-10,26.622459654488804,26.91234979376529,26.03953255088576,26.326271057128906,120948600
2014-10-13,26.269561546542317,26.590958496399058,25.478669697826838,25.513330459594727,95098600
2014-10-14,25.727597500076484,25.92925881531787,25.056441256670553,25.191932678222656,111991200
2014-10-15,24.86422405256504,25.450300342876005,24.423089215435372,25.384130477905273,138939200
2014-10-16,24.839021493036235,26.096254023713367,24.735039222531203,25.837875366210938,119592600
2014-10-17,26.31366288133933,27.066741993027332,25.837867334141844,26.058433532714844,76000000
2014-10-20,26.03638458832896,26.364084754236494,25.90719646364932,26.285310745239258,53005200
2014-10-21,26.5846480483167,27.14551849437056,26.575193149794877,27.085649490356445,62716400
2014-10-22,27.15497145042104,27.32197193393926,26.55628861207926,26.572044372558594,72285000
2014-10-23,26.947013441201427,27.353487638750355,26.805221178704127,27.06675148010254,53116000
2014-10-24,27.079353366564895,27.126615847485787,26.616161821604887,26.972219467163086,50494800
2014-10-27,26.543688989344382,26.5594447524977,26.13406559126945,26.405048370361328,47002800
2014-10-28,26.543684519421106,27.07934912453345,26.367231540979716,27.00687599182129,47250000
2014-10-29,27.303080262228228,27.529949861438663,26.836736930074256,27.095115661621094,53445000
2014-10-30,26.8871400617993,27.11715877678443,26.685478830582955,26.99742317199707,37592000
2014-10-31,27.054137820682428,27.577195835259694,26.802060105036418,27.545686721801758,40528600
2014-11-03,27.56460372405431,27.857643148970936,27.02893899253347,27.110864639282227,53211200
2014-11-04,26.783159869546132,26.79891563106607,26.319968367163547,26.553138732910156,46878200
2014-11-05,26.82098530022697,27.13608145195147,26.613020686172227,27.019495010375977,54890200
2014-11-06,26.849334331767253,27.366091665292313,26.761107821749622,27.359790802001953,46052600
2014-11-07,27.422805487248844,27.879696146169675,27.369239742269368,27.66227912902832,36084000
2014-11-10,27.901758569111745,28.03094671055559,27.331433035248466,27.413358688354492,45906800
2014-11-11,27.438567642753075,27.561454923512006,27.170736451457774,27.495285034179688,34761800
2014-11-12,27.321972716307265,27.605559585115127,27.2211420967302,27.25265121459961,35249200
2014-11-13,27.107715912147363,27.142376673950032,26.452315475869018,26.89029884338379,63176600
2014-11-14,27.022630765534963,27.19593210474958,26.839874527970647,27.1644229888916,35924600
2014-11-17,26.997428154022444,27.183333659234915,26.896597519807283,27.02263641357422,24430200
2014-11-18,27.013181965648087,27.268408964192865,26.915500567940025,27.04469108581543,39360600
2014-11-19,27.095101449840154,27.28100931990111,26.8556302464955,27.186479568481445,29492400
2014-11-20,27.240050177223125,27.567750329026296,27.167579438300347,27.52678871154785,33834600
2014-11-21,28.002580334417292,28.112863445541382,27.68433272460933,27.88599395751953,57370400
2014-11-24,27.794609623322604,27.94585671619557,27.551986833078555,27.671722412109375,33356200
2014-11-25,27.82297824694877,27.845034871173866,27.183331336437558,27.22114372253418,45108000
2014-11-26,27.09510780917659,27.1644293226222,26.83042828946643,26.87769317626953,41746400
2014-11-28,25.755950484037328,25.83787613025103,25.075344265316353,25.15096664428711,85076600
2014-12-01,25.01546749528927,25.31795932143563,24.788598024681665,25.239185333251953,103189000
2014-12-02,25.0595913266277,25.759105021954415,25.050138828689615,25.513330459594727,66469800
2014-12-03,25.677176080388644,26.03008451686428,25.588949572267747,25.825271606445312,63098400
2014-12-04,25.576340892439926,25.76539800535404,25.371528018453123,25.60154914855957,47159000
2014-12-05,25.544841821747326,25.620464215858934,25.195084943491363,25.295915603637695,46886600
2014-12-08,24.9556045783956,25.050134348855977,24.218281023175585,24.271846771240234,82385400
2014-12-09,24.21828186696895,24.637360177823517,24.136356223315033,24.536529541015625,67337800
2014-12-10,24.152115526192713,24.18047302007919,23.622754004380543,23.780302047729492,89067600
2014-12-11,23.7487882671234,24.369525416953202,23.710975878690398,23.764541625976562,71103400
2014-12-12,23.480950388185192,23.75193311195257,23.28244079453807,23.323402404785156,100108600
2014-12-15,23.515609249261985,23.736177850711933,23.065021956746723,23.11543846130371,94962200
2014-12-16,22.904328662006872,24.038673764009836,22.847611286707142,23.320255279541016,114568800
2014-12-17,23.452594706637907,24.52392155685214,23.40848146021658,24.287599563598633,124940400
2014-12-18,24.911490499163875,25.00286863317601,24.126902084773132,24.753942489624023,104527000
2014-12-19,25.034532538804505,25.57669348381362,24.75869525004192,25.54498863220215,93485600
2014-12-22,25.354755783377676,25.418165483298857,25.02184881147896,25.285003662109375,66476200
2014-12-23,25.468897749783423,25.678151715790168,25.288177425944546,25.592548370361328,53058400
2014-12-24,25.44353815825667,25.50377908496174,25.110631083942828,25.40549087524414,28095600
2014-12-26,25.503777147180518,25.621085361102672,25.28818073100872,25.39914894104004,28929200
2014-12-29,25.4562166159604,25.681324229428796,25.338905992494325,25.491092681884766,36448200
2014-12-30,25.459390440976556,25.51328894151136,25.208917950406715,25.28818130493164,38296200
2014-12-31,25.139158413706028,25.364265984043428,24.948926902610683,25.097942352294922,43083800
2015-01-02,24.961612588320023,25.297688382477244,24.85064197499621,25.215253829956055,55498200
2015-01-05,24.863330065557673,24.87284128168414,24.048502825404775,24.17215347290039,90790400
2015-01-06,24.130933104813483,24.327507072525904,23.649010609429915,23.81705093383789,83753200
2015-01-07,24.105564967534132,24.21019314990443,23.709248293942093,23.867774963378906,62384800
2015-01-08,24.06118055810969,24.46066848994884,23.962894785413862,24.40359878540039,56373800
2015-01-09,24.419455279370265,24.460673775349328,23.991433612233696,24.210201263427734,49904200
2015-01-12,23.902656299341114,23.902656299341114,23.3858601137363,23.51268196105957,57881200
2015-01-13,23.607788357144297,23.79167985113641,23.106843564100135,23.325611114501953,68102800
2015-01-14,23.10367887228186,23.433414652075694,22.732724608185592,23.39853858947754,104305000
2015-01-15,23.674371582388204,23.734612489174285,23.081483403103896,23.100505828857422,82692000
2015-01-16,23.23684247331626,23.883631657753106,23.217820044602778,23.851926803588867,85483800
2015-01-20,23.728272155594652,23.893141256380243,23.439754857607596,23.88045883178711,56171600
2015-01-21,24.054843812997703,24.371897232559906,23.88046346466824,24.365554809570312,56661600
2015-01-22,24.52091426152775,24.555790336816944,24.032654045331043,24.479698181152344,66037600
2015-01-23,24.368722818360016,24.65407134224866,24.26726583419131,24.305313110351562,42294800
2015-01-26,24.387741934071446,24.717477692558745,24.17214556963456,24.654067993164062,36724200
2015-01-27,24.460668806874367,24.755528547707506,24.400427890480128,24.63821792602539,43204600
2015-01-28,24.57164112463303,24.57164112463303,23.62048082303433,23.668039321899414,77666800
2015-01-29,23.858265479852744,23.889970332253558,23.211476331390365,23.747297286987305,60247400
2015-01-30,23.569747671785127,24.226050506248885,23.411220977993967,23.953384399414062,87696200
2015-02-02,24.248235479774657,24.6952793386413,24.083366422561433,24.685768127441406,70931400
2015-02-03,24.971124939527847,25.491092290326353,24.96161372513555,25.361099243164062,94055800
2015-02-04,25.031363365460564,25.174038837713333,24.73333483334373,24.942588806152344,82264400
2015-02-05,25.237449229615482,25.443534415834108,25.085264957801233,25.300861358642578,63572400
2015-02-06,25.500607989940153,25.544995277528237,25.1803833418326,25.307205200195312,52269200
2015-02-09,25.414999862941258,25.62425383393276,25.275495602996724,25.332565307617188,40407600
2015-02-10,25.37695687551997,25.39915051890496,24.860160654454717,25.319887161254883,43942600
2015-02-11,24.99649488615809,25.256481058640887,24.869675430901964,25.14234161376953,52393200
2015-02-12,25.484743579595268,25.58937174994356,25.30085450256084,25.472061157226562,52844600
2015-02-13,25.722540965311655,26.03959435907629,25.655960042892133,26.01106071472168,62375800
2015-02-17,25.887399065639084,26.13470022048315,25.735212437083444,26.090312957763672,44251800
2015-02-18,25.877901702568344,25.982527495580054,25.709861353581445,25.779613494873047,38762800
2015-02-19,25.243787190449826,25.804970524336323,25.12964779729919,25.65912628173828,47744000
2015-02-20,25.5893770840275,25.71937012621014,25.323053415543892,25.535478591918945,51283600
2015-02-23,25.285008616479054,25.63693808352653,25.22159890413331,25.43085289001465,39359000
2015-02-24,25.58620415424559,25.608397791794992,25.33573413858448,25.500600814819336,30861400
2015-02-25,25.519614883825838,25.68131271525774,25.392793102681683,25.64009666442871,32051400
2015-02-26,25.48791548399247,25.50059790670654,25.03135794198518,25.164522171020508,38698200
2015-02-27,25.26281090601257,25.28183333286713,25.028192105414394,25.05355453491211,26724400
2015-03-02,25.00283345862652,25.025027101770046,24.638221533617955,24.879182815551758,35957000
2015-03-03,24.895026293871254,25.120136285799784,24.784058112661725,24.971120834350586,24699400
2015-03-04,24.977462937313973,24.996485364571218,24.660409582092573,24.936246871948242,33205600
2015-03-05,24.872834787024196,24.904542057734215,24.749184171815557,24.7872314453125,22489000
2015-03-06,24.612848106919717,24.739669917396597,24.283112367249768,24.343353271484375,38352600
2015-03-09,24.30213764493974,24.581143697829535,24.168975830078125,24.168975830078125,34882200
2015-03-10,23.975578386153646,24.115080233835933,23.820220482367642,23.832902908325195,38061200
2015-03-11,23.87412290915855,24.000942338913653,23.731447422295712,23.90265655517578,26102000
2015-03-12,23.94070651465656,24.054845949349925,23.740961294480257,23.75047492980957,38490000
2015-03-13,23.595112651515105,23.69022963587668,23.404881101717354,23.661693572998047,42023800
2015-03-16,23.53170122811735,24.00093885552963,23.458777889558906,23.981916427612305,33897000
2015-03-17,23.836068481345315,23.978741506500366,23.715589091634932,23.88996696472168,27872600
2015-03-18,23.734609523552976,24.714303030246604,23.69656225787496,24.584312438964844,55507400
2015-03-19,24.286287426238687,24.390915617881365,24.124589531784114,24.1943416595459,46481800
2015-03-20,24.460878459307473,24.693901087897515,24.365117636812474,24.55025863647461,45221200
2015-03-23,24.60452532118592,24.77051222138478,24.464073181152344,24.464073181152344,24320200
2015-03-24,24.527908521160093,24.566214306307568,24.285312521307553,24.301271438598633,29561800
2015-03-25,24.454497731648477,24.80243289363893,24.428960535714946,24.617294311523438,31797000
2015-03-26,24.901390406890325,24.977999563907247,24.49918807066941,24.588565826416016,30637200
2015-03-27,24.495986290109325,24.543867908870226,24.336382517813195,24.3874568939209,23934600
2015-03-30,24.62367948293379,24.958848510768345,24.61410364248616,24.910966873168945,36375600
2015-03-31,24.722634894570838,24.89820010019112,24.578992406598925,24.76413345336914,18807400
2015-04-01,24.843929348259056,24.97161288178515,24.706669975906653,24.757741928100586,26586600
2015-04-02,24.642829476209727,24.95246128473853,24.585372002097564,24.808818817138672,27715400
2015-04-06,24.95246563649548,25.392973826634528,24.83755066822977,25.255714416503906,31086600
2015-04-07,25.233367932418474,25.444043733613903,25.163141853566223,25.271671295166016,28284200
2015-04-08,25.389767848788964,25.450418060286083,25.0577917172346,25.067367553710938,24091400
2015-04-09,25.134410676707656,25.527037173350262,25.112066237735228,25.469579696655273,27750200
2015-04-10,25.53660995553169,25.622794942572813,25.428080532193913,25.581298828125,17701000
2015-04-13,25.69303047625315,25.728143522708343,25.28444495607829,25.32594108581543,19880600
2015-04-14,25.49192621558045,25.843054186094278,25.46000593378126,25.78240394592285,27440200
2015-04-15,25.9292292625598,26.452729427613317,25.87815488774471,26.398462295532227,40013800
2015-04-16,26.299506645643064,26.567642221363897,26.130327054411605,26.337812423706055,42555000
2015-04-17,26.213334587605534,26.248447625934144,25.938815798142528,26.14630126953125,33834800
2015-04-20,26.175026538637844,26.53253997296872,26.165450699074157,26.24525260925293,25420800
2015-04-21,26.312277842174726,26.328239193453836,25.859003716027207,25.967533111572266,23640800
2015-04-22,26.034578252137884,26.238870977614642,25.86220580838661,26.139917373657227,20259000
2015-04-23,26.19736844311612,26.48784853705436,26.16864092720264,26.318666458129883,25151600
2015-04-24,26.238875237863848,26.264412441535114,26.044158321753578,26.168651580810547,23015200
2015-04-27,26.277176776902053,26.356978698896455,26.095228492169273,26.139917373657227,22651200
2015-04-28,26.133532613017017,26.31867120927875,26.050537937572027,26.27079200744629,22250800
2015-04-29,26.178226739180424,26.513393395999522,26.09523204709877,26.47509002685547,31806200
2015-04-30,26.57403811541406,26.615534235140526,26.242061851518695,26.39208984375,33104200
2015-05-01,26.417622868441057,26.497424772097833,26.24205770625181,26.452735900878906,22709200
2015-05-04,26.5165779033114,26.60595565064899,26.25163498416,26.385704040527344,28868400
2015-05-05,26.58361623494624,26.70491671669654,26.05053997309426,26.060115814208984,32152600
2015-05-06,26.293134855540877,26.398471528558737,25.83666782125986,25.957965850830078,32777200
2015-05-07,25.90689480000356,25.9132778816312,25.48553835174437,25.677064895629883,34793200
2015-05-08,25.88135977284459,26.1271486195766,25.58768928612647,26.098421096801758,29030400
2015-05-11,26.12395306379034,26.136721662110293,25.581301029678453,25.60683822631836,36288800
2015-05-12,25.568533991279352,25.859014141217802,25.523845112113634,25.724945068359375,19703000
2015-05-13,25.948379871861473,25.98030013713244,25.562139060754486,25.657899856567383,25069400
2015-05-14,25.731334915648638,25.903707379449447,25.632381300181418,25.648340225219727,19235800
2015-05-15,25.539804868336393,25.852627002880713,25.475961876844924,25.75048065185547,19561200
2015-05-18,25.699406942729414,25.8047436096302,25.590875082270408,25.772823333740234,14459600
2015-05-19,25.600457637897907,25.625994839454055,25.367437370942397,25.40574073791504,27839600
2015-05-20,25.495117559156544,25.53661367965593,25.306783766881225,25.4536190032959,25247600
2015-05-21,25.5972590450855,25.731325656902982,25.504688545870348,25.69301986694336,20174600
2015-05-22,25.517456385655404,25.715363539508036,25.469574758466283,25.600448608398438,12721400
2015-05-26,25.39296266681229,25.4472273681555,25.099289857330504,25.195053100585938,26367200
2015-05-27,25.17909716210221,25.38338985196974,25.013110264845203,25.15036964416504,22750000
2015-05-28,25.064182559443683,25.096105271399065,24.8918125787618,25.051416397094727,24328400
2015-05-29,25.04503616855453,25.182295578716165,24.962041483596877,25.02269172668457,25956200
2015-06-01,25.086524323976068,25.089717081903665,24.926920522646707,24.958843231201172,16974400
2015-06-02,25.035454692731427,25.252515980058085,24.90138807168404,25.13121795654297,20366000
2015-06-03,25.054604050782345,25.23974504481098,24.923730200079852,24.958843231201172,17280600
2015-06-04,24.827974613366518,24.87585625562593,24.60133743772423,24.6204891204834,31892200
2015-06-05,24.50876161851052,25.013110262034736,24.499185779199205,24.792856216430664,37912000
2015-06-08,24.697091744909038,24.840734184112097,24.594945415054273,24.652402877807617,19414600
2015-06-09,24.802435929222394,24.95884944693803,24.639641764784017,24.64921760559082,22066200
2015-06-10,24.95246696472168,25.02269305299571,24.866281951615505,24.95246696472168,19570800
2015-06-11,24.997147437899343,25.038645986291957,24.818391953625987,24.840736389160156,16833000
2015-06-12,24.700289644081455,24.71944376111514,24.52153412084275,24.563030242919922,21009000
2015-06-15,24.393847271049168,24.636445759417242,24.32043087763107,24.505569458007812,16151000
2015-06-16,24.550270129527192,24.703488491391717,24.43216238092841,24.697105407714844,18035200
2015-06-17,24.82797394234262,24.93650582422143,24.511959008549802,24.636449813842773,20827400
2015-06-18,24.713059646088528,24.824781854452826,24.598144678810538,24.6204891204834,25345200
2015-06-19,24.514126911222313,24.613737861574126,24.382381181947203,24.39202308654785,34469800
2015-06-22,24.613733150279796,24.713346533104126,24.504482767778292,24.69085121154785,21154800
2015-06-23,24.655510945724533,24.816175026703597,24.629804104398445,24.77118682861328,14235400
2015-06-24,24.716563850784873,24.857949039245646,24.607313442639395,24.616952896118164,13596600
2015-06-25,24.610525413455974,24.639446225965365,24.359889812225976,24.366317749023438,17371400
2015-06-26,24.34382082887441,24.45307122088469,24.208861145485173,24.446645736694336,23544600
2015-06-29,24.138173002677483,24.292409151349762,23.964655496766632,23.98393440246582,27794400
2015-06-30,24.2056490594656,24.244206866778605,23.99678528087671,24.151023864746094,30341200
2015-07-01,24.199217014628733,24.208856464820112,23.74614569486292,23.84254264831543,27820200
2015-07-02,23.906819447321684,24.077123007322875,23.887538087567417,23.948591232299805,19400400
2015-07-06,23.633686065673828,23.861828754635166,23.53407267359158,23.633686065673828,27018200
2015-07-07,23.540503282296008,23.932524056291644,23.27380030306429,23.84897804260254,41372200
2015-07-08,23.68510146176149,23.84897953111936,23.27058778723254,23.366987228393555,33042600
2015-07-09,23.688316334581533,23.787927296455123,23.485877990722656,23.485877990722656,23912000
2015-07-10,23.627263823483727,23.7750745117447,23.49873204409251,23.614410400390625,26500800
2015-07-13,23.6947379787229,23.839337122542066,23.6304733269406,23.781497955322266,28717600
2015-07-14,23.714021036895634,24.048200191987096,23.704379132051123,23.95180320739746,25308400
2015-07-15,23.82970196550572,23.948591837888173,23.447320599316228,23.530866622924805,25416600
2015-07-16,23.66582082967184,23.73651342116676,23.5180101617913,23.56299591064453,15721400
2015-07-17,23.54050085515392,23.562993727496536,23.19989135055816,23.27701187133789,28192000
2015-07-20,23.318786743410858,23.322000711754768,22.939619379634276,22.96854019165039,27666800
2015-07-21,23.023173327189156,23.20633036125625,22.907494942353054,22.978187561035156,21238000
2015-07-22,22.884986892638754,23.023158068981246,22.74360174897515,22.79180145263672,30418600
2015-07-23,22.814299473155177,22.95889616525663,22.599010193256813,22.77252769470215,22569200
2015-07-24,22.772524314321654,22.782163765492285,22.25197188725707,22.33551788330078,25108200
2015-07-27,22.049540784754086,22.274469532082623,21.91779505307631,22.01419448852539,34393400
2015-07-28,22.046324725627578,22.766099100355166,22.030257337396733,22.64399528503418,37877200
2015-07-29,22.58615874665772,22.974965561983463,22.51546615268221,22.952472686767578,46854600
2015-07-30,22.904265793487873,22.971744397998567,22.692190529531235,22.79180145263672,25254400
2015-07-31,22.59579040478243,22.62792272235701,22.25839494140265,22.29374122619629,43578800
2015-08-03,22.055966442124234,22.19413765986015,21.779624006652405,21.824609756469727,33853200
2015-08-04,21.92100734323422,22.09131087482293,21.657518351588813,21.750703811645508,25525000
2015-08-05,21.921004038070155,22.162000120368134,21.56432964014604,21.586822509765625,36947600
2015-08-06,21.458288510623404,21.9884803260245,21.30083843990529,21.930641174316406,46519200
2015-08-07,21.8406730315729,22.014190513123136,21.46150574630514,21.538623809814453,34163400
2015-08-10,21.58361058080198,22.242334248581574,21.58361058080198,22.226266860961914,38888800
2015-08-11,21.78283168980232,22.290530664439164,21.741059920321618,22.268037796020508,42107800
2015-08-12,22.190922258204342,22.73075367268252,22.062392953622336,22.672914505004883,46966000
2015-08-13,22.52510238959381,22.608648393411006,22.30017366955426,22.329092025756836,39627200
2015-08-14,22.377290838336563,22.531529419835998,22.229480192316608,22.28089141845703,24242400
2015-08-17,22.17164192172915,22.43834486944689,22.09773536997948,22.329092025756836,19064200
2015-08-18,22.287320024007172,22.34515918736602,22.136295405706907,22.245548248291016,22126800
2015-08-19,22.12343892196366,22.158785208651032,21.528982434599644,21.631807327270508,40366000
2015-08-20,21.57396914693039,21.721779783603697,21.14017668798107,21.143390655517578,50673200
2015-08-21,20.931310970595153,21.159453613597645,20.391479697217566,20.404333114624023,50840400
2015-08-24,19.212214602467284,20.10872063206113,18.8748202160157,19.308612823486328,86002200
2015-08-25,20.156915980393503,20.156915980393503,19.012987252589237,19.029054641723633,55393200
2015-08-26,19.511044516513227,19.70705487264628,19.13187722367836,19.684560775756836,79464400
2015-08-27,20.140843749590115,20.706381845508655,20.066938439760744,20.65818214416504,64482800
2015-08-28,20.58749926431829,21.34262010226993,20.577859809820918,21.127330780029297,62926800
2015-08-31,20.966659823123923,21.48399829227738,20.590706511216577,21.345827102661133,72387000
2015-09-01,20.732092875375336,20.976302976020264,20.417192635172142,20.593921661376953,57425200
2015-09-02,20.886329394271137,20.918461718416022,20.30151226929311,20.783504486083984,51057800
2015-09-03,20.921674959366058,21.287988835276362,20.712811182372505,20.84134292602539,43790000
2015-09-04,20.542508097623344,20.645333004408638,20.41076360919409,20.497522354125977,33368400
2015-09-08,20.719246221989255,20.847775558172387,20.4653953896397,20.818857192993164,31255200
2015-09-09,20.96344966855723,21.214085255417157,20.394699871570438,20.42683219909668,36955400
2015-09-10,20.51359444313199,20.661406361892677,20.230825254884937,20.545726776123047,36985600
2015-09-11,20.340071214956552,20.388270926733842,20.079796203514025,20.362564086914062,26688600
2015-09-14,20.221184999693772,20.311156509123194,20.0830137669158,20.18583869934082,24962600
2015-09-15,20.250102507934745,20.478245226701414,20.246888539631126,20.4107666015625,29633200
2015-09-16,20.574639335232995,21.018073714212058,20.54250701322239,20.989152908325195,34433400
2015-09-17,21.0052258214303,21.349046905632708,20.84134774906028,20.97630500793457,39645400
2015-09-18,20.580741743064923,20.7328803631285,20.302360963719323,20.425365447998047,42473800
2015-09-21,20.6422456689136,20.694037359889936,20.412420117381803,20.541898727416992,31379400
2015-09-22,20.224678596480427,20.538666481734055,20.182597453089052,20.32502555847168,34100800
2015-09-23,20.402707281061655,20.496580102025245,20.05311369358557,20.062824249267578,27969400
2015-09-24,19.907449009906816,20.29264961125752,19.77473273256655,20.150222778320312,37824000
2015-09-25,20.373571970894353,20.373571970894353,20.00779375558225,20.189064025878906,31666800
2015-09-28,19.978663592224077,19.978663592224077,19.366873876597356,19.383058547973633,32702800
2015-09-29,19.476928276171353,19.635541004061164,19.22444396933773,19.353923797607422,37762400
2015-09-30,19.53196572173005,19.88479710328771,19.509306927623637,19.810346603393555,32256200
2015-10-01,20.06282105623931,20.282936005282398,19.67114639845805,19.849180221557617,34891000
2015-10-02,19.62259663628651,20.68109055106319,19.5869896147638,20.668142318725586,39859600
2015-10-05,20.92709894860672,21.36409122983801,20.907675368145426,21.292877197265625,47614000
2015-10-06,21.367328641777487,21.927325400797574,21.254034713908315,21.76547622680664,54932800
2015-10-07,22.043856571394983,22.31576446257171,21.590678399182003,22.040618896484375,80006200
2015-10-08,21.99854456622268,22.552068574091106,21.86259182105282,22.46143341064453,54143400
2015-10-09,22.509981975959064,22.53587843485144,22.17657309399203,22.315763473510742,51971400
2015-10-12,22.351374006925344,22.35460921257968,21.826981745074754,22.02767562866211,43492400
2015-10-13,21.859349317619472,22.124781867501277,21.736344832911172,21.7978458404541,41675600
2015-10-14,21.749297243711602,22.066520306687405,21.70074198764958,21.985595703125,30353400
2015-10-15,21.885252103594336,22.39022088842805,21.810800374475523,22.380510330200195,39016400
2015-10-16,22.45819022709438,22.51645602782376,22.10212254246921,22.409637451171875,40062400
2015-10-19,22.186284325354023,22.19923255519513,21.84963775835214,21.966169357299805,39000400
2015-10-20,21.92085457112581,22.13125901092144,21.804322957381235,22.02767562866211,27513000
2015-10-21,21.93056908915744,22.03739016599129,21.73311284517599,21.75577163696289,29324200
2015-10-22,21.875536418861802,22.20246999415785,21.865825862909603,22.147441864013672,37481400
2015-10-23,22.043851089990884,22.302810686754885,21.901425534430253,22.095643997192383,31262000
2015-10-26,22.053572462200457,22.053572462200457,21.548603717356173,21.555076599121094,23672200
2015-10-27,21.25727308598414,21.36733182489722,21.076002774389384,21.296117782592773,42214600
2015-10-28,21.445020299861866,21.91438202046249,21.27346053260264,21.768718719482422,39513000
2015-10-29,21.68778809177759,22.082700449185342,21.655418752729243,21.878768920898438,19507200
2015-10-30,21.995305622304162,22.257503009583296,21.73634838019085,22.021202087402344,28514400
2015-11-02,21.888482460438706,22.652410734146383,21.85611065100619,22.535879135131836,30773800
2015-11-03,22.694489417630894,23.283620261372196,22.684778863168365,23.112060546875,42654400
2015-11-04,23.13472901900767,23.199467722284353,22.733343625521112,22.904903411865234,35437600
2015-11-05,22.791606518796115,23.044090886616743,22.607096051948677,22.710681915283203,32467000
2015-11-06,22.509988263116828,22.684785705028833,22.260739098500043,22.59415054321289,27522400
2015-11-09,22.542357879244285,22.791607046827448,22.276925272357357,22.370798110961914,25374000
2015-11-10,22.276917807676714,22.616802024264086,22.192755554780597,22.41934585571289,25370800
2015-11-11,22.416113217163357,22.44848256181956,21.89172094309118,21.943513870239258,28739400
2015-11-12,21.635999636828267,21.788138278324226,21.406174071666012,21.445018768310547,38623000
2015-11-13,21.3738036765147,21.551838773699064,21.105133427899265,21.357620239257812,35559200
2015-11-16,21.32848412748225,22.092412432611958,21.312298222100228,22.069753646850586,34726200
2015-11-17,22.011492404831987,22.10212756665339,21.746059801088048,21.826984405517578,30457800
2015-11-18,21.9791201637701,22.215418594610412,21.771953401270675,22.18628692626953,41903000
2015-11-19,22.05681278885056,22.1765821076915,21.707217860576936,21.888490676879883,37825000
2015-11-20,21.89495446455468,21.99530015483823,21.632759612073283,21.655418395996094,28428000
2015-11-23,21.635991741595774,21.933796034619306,21.49680385272876,21.810789108276367,32814600
2015-11-24,21.914373525405917,22.377262184810505,21.87229363623168,22.27691650390625,37886200
2015-11-25,22.08916864898132,22.280151907259665,21.95968885059932,22.095643997192383,22201200
2015-11-27,21.91762112016842,22.027679874194,21.8593553020662,21.937042236328125,16752800
2015-11-30,22.027672619230476,22.231601680611274,21.93703501121671,22.017959594726562,35210600
2015-12-01,22.03737904986222,22.21217641388521,21.98235093608327,22.192752838134766,27594000
2015-12-02,22.047102794434693,22.131265087385465,21.435312889111085,21.506526947021484,50856200
2015-12-03,21.610110819126078,21.681324878556993,20.97242443010626,21.076007843017578,48438400
2015-12-04,20.87855010071509,21.066295795105503,20.548377532340343,20.943288803100586,65678600
2015-12-07,20.42536748736825,20.45450039125066,19.858895316730177,20.146987915039062,65600800
2015-12-08,19.703525325432018,20.211731819447337,19.502832621793193,19.9398250579834,54673800
2015-12-09,20.030453293525255,20.629294718692417,19.917158135513123,20.20201301574707,57513800
2015-12-10,20.211724101656568,20.63253293559849,20.072533715317846,20.331493377685547,77829800
2015-12-11,19.981897809489492,20.0563482773864,19.55137967168367,19.57080078125,58008000
2015-12-14,19.47692510579835,19.777964607933935,19.266521962622605,19.674381256103516,78233200
2015-12-15,19.952768652412544,20.26351881186546,19.926873423197154,20.169647216796875,58140600
2015-12-16,20.09196012834425,20.30236458791461,19.82329109123696,20.03693199157715,57502400
2015-12-17,20.049875249282604,20.088719940142887,19.544906616210938,19.544906616210938,58149600
2015-12-18,19.56515457284397,19.57821883728924,19.196062001859616,19.202594757080078,54278400
2015-12-21,19.205869121302445,19.37571709518697,19.01315711689464,19.222200393676758,48030000
2015-12-22,19.290790278603993,19.57169135275705,19.19606717139169,19.447572708129883,50583000
2015-12-23,19.83952690013327,20.306607128252566,19.770933583504092,20.293542861938477,60421000
2015-12-24,20.319675181868703,20.345806209756656,20.038772862053136,20.110631942749023,14430600
2015-12-28,19.76113565019132,19.8656572597358,19.64354852795481,19.74480438232422,25107800
2015-12-29,20.084500234106912,20.143292549222757,19.774201160683063,19.881988525390625,30212600
2015-12-30,19.607623965019247,19.888526329176482,19.594559695009007,19.61415672302246,30102400
2015-12-31,19.522694650385457,19.806862683901702,19.46063533727146,19.702341079711914,38404800
2016-01-04,19.650078461438802,19.85258889508981,19.369176208892995,19.6958065032959,43617400
2016-01-05,19.682744712915735,19.79379908384406,19.46390297237823,19.77093505859375,31058400
2016-01-06,19.303854279355843,19.343050820691733,18.84983826651421,19.0098876953125,53924200
2016-01-07,18.64079511254595,19.068681345720158,18.467681415198786,18.546072006225586,56163800
2016-01-08,18.70285880186381,18.745321108750332,18.2390441663209,18.307636260986328,38454200
2016-01-11,18.38275766712329,18.405621694391172,17.690301599875937,17.91567611694336,56889400
2016-01-12,18.193313708593337,18.252107280852755,17.461661057140635,17.958139419555664,71188200
2016-01-13,18.176980136829627,18.307631533982686,17.337540206486512,17.52698516845703,67916800
2016-01-14,17.706635329564662,18.441553797824366,17.42899996217615,18.281505584716797,76148600
2016-01-15,17.517192026928903,17.922213102073847,17.415936135144502,17.752365112304688,73760400
2016-01-19,17.88627638615693,17.971200970016547,17.092565827751034,17.370201110839844,71744600
2016-01-20,17.027237910125248,17.16442203822654,16.308650999987258,16.909650802612305,102614800
2016-01-21,16.89005448881688,17.6478367737403,16.77900012399211,17.435527801513672,87341400
2016-01-22,18.07245673675996,18.330493750214462,17.78502169780269,18.206375122070312,77245000
2016-01-25,17.860146786779445,18.31742975339175,17.344070260288536,17.357135772705078,58240000
2016-01-26,17.670703253396017,18.03653018012517,17.442062981685336,18.0136661529541,50709800
2016-01-27,17.88954615814662,18.428485540441915,17.703366940226932,17.928741455078125,72989000
2016-01-28,18.608132958433806,18.67999079402711,18.105121879300658,18.474214553833008,76343800
2016-01-29,18.5068762641861,19.032751346453708,18.451349700714836,19.013153076171875,62996400
2016-02-01,18.696319580078125,18.8367694677189,18.418683067682206,18.696319580078125,55370200
2016-02-02,18.239039201194167,18.323962545852666,17.981000919892075,18.072458267211914,50462400
2016-02-03,18.333758832336223,18.732246945504865,17.673965486013177,18.71591567993164,72881400
2016-02-04,18.7551095155857,19.107870805456635,18.61792540018852,18.70611572265625,74112200
2016-02-05,18.454613335688254,18.53300516181252,18.11818450014569,18.271699905395508,60482000
2016-02-08,17.909147921408376,18.291304944491873,17.63804405361716,18.176984786987305,69613400
2016-02-09,17.90587882628533,18.12472184706717,17.455128515388328,17.73929786682129,74822600
2016-02-10,17.687036779773162,18.069193752317535,17.477992275701908,17.667438507080078,60431600
2016-02-11,17.360404596371943,17.72623026047012,17.10563206148566,17.59231185913086,95973800
2016-02-12,17.834020667375242,18.134521305632305,17.673972457235138,18.056129455566406,51564000
2016-02-16,18.3598917227573,18.415419530321238,17.971202053793366,18.23577308654785,67600400
2016-02-17,18.454610742428343,18.91515938545266,18.382751682411794,18.8335018157959,58560000
2016-02-18,18.993555117005997,19.022951897983834,18.506875353260924,18.598331451416016,57664600
2016-02-19,18.350088820766327,18.562398996428836,18.19330643938296,18.555866241455078,50257600
2016-02-22,18.908636599283177,19.11441413218606,18.82697898657527,19.029489517211914,49416600
2016-02-23,18.846567486068235,18.938023566142064,18.346822308246836,18.379486083984375,42910000
2016-02-24,18.03653102350965,18.608134221506464,17.987535965282916,18.565671920776367,50559600
2016-02-25,18.510135955546634,18.63099004703154,18.219435227912346,18.581995010375977,37177800
2016-02-26,18.89230276123443,18.944563576433023,18.630998685241476,18.693058013916016,42310200
2016-02-29,18.768186866938894,18.820447693300856,18.46442042433611,18.48075294494629,45966600
2016-03-01,18.611401371273942,18.993559614476766,18.421956373666156,18.964162826538086,47286000
2016-03-02,18.846578578601722,19.441045940958624,18.755121198703172,19.427980422973633,53590000
2016-03-03,19.349580721163086,19.75786862150333,19.339780964277782,19.721939086914062,48791200
2016-03-04,19.832990201537033,20.195549997094094,19.620680029689655,19.911380767822266,61103200
2016-03-07,19.901585679928203,20.401329675395996,19.806862587219886,20.37846565246582,66721000
2016-03-08,20.211889706448027,20.22495397562387,19.49003556814923,19.5226993560791,59635200
2016-03-09,19.78727203325028,20.094304188670872,19.545564966985744,19.83953285217285,50935200
2016-03-10,19.754603896958674,19.878723781843846,19.496565615169686,19.855859756469727,57247200
2016-03-11,20.11716586621319,20.43726350042553,20.094301838483453,20.368671417236328,49567200
2016-03-14,20.113897865172305,20.306608578525566,20.035506031709957,20.234750747680664,43532200
2016-03-15,19.9571172557438,20.198824303786758,19.813400326040163,20.195558547973633,43439200
2016-03-16,20.31640817144583,20.59077771734173,20.175957020213648,20.5450496673584,53940800
2016-03-17,20.711630498156158,20.995798554525003,20.525451297845958,20.825950622558594,56321600
2016-03-18,20.984510760287794,21.004247700181693,20.691734439537168,20.885822296142578,60948000
2016-03-21,20.803583296263714,20.95161537639265,20.583177829700983,20.813451766967773,33397000
2016-03-22,20.57002142047997,20.885826323488963,20.55686387631088,20.69831657409668,28360200
2016-03-23,20.550279818217984,20.625941013330177,20.204868323068936,20.24434471130371,37747600
2016-03-24,19.96472935645223,20.343036651611328,19.86933120579747,20.343036651611328,31032000
2016-03-28,20.349617515502477,20.40554053008767,20.093027204079263,20.234479904174805,23129800
2016-03-29,20.00749482368474,20.346325723858808,19.889068148507608,20.329877853393555,28733800
2016-03-30,20.514098528796943,20.599628213419308,20.250928820467944,20.369354248046875,31489600
2016-03-31,20.290400011831697,20.51738360577252,20.25750427528094,20.359481811523438,28092800
2016-04-01,20.007495225417568,20.14566010086248,19.938413415141166,20.08644676208496,29609600
2016-04-04,20.050258981354514,20.26079472130093,19.879198378925054,19.938411712646484,31619000
2016-04-05,19.77064037477975,19.944991305721462,19.71800643928029,19.803537368774414,32097600
2016-04-06,19.964729703997588,20.23447879997666,19.81669761234212,20.231189727783203,36437600
2016-04-07,20.07328540796118,20.26079387192091,19.944990275240514,20.112760543823242,27854200
2016-04-08,20.49106914211833,20.629232754141594,20.41540793721626,20.517385482788086,35333000
2016-04-11,20.68186897372298,20.74437264263681,20.43185806274414,20.43185806274414,32471400
2016-04-12,20.510804242021337,21.162150869871958,20.468040035411725,21.040433883666992,55260800
2016-04-13,21.030567622964625,21.201626977157016,20.882534282901936,21.13912582397461,37405800
2016-04-14,21.227940903092986,21.23123122946555,21.06345972143594,21.188467025756836,34871000
2016-04-15,21.070048566055775,21.10623464087189,20.875959391152563,20.90227699279785,28442400
2016-04-18,20.47132492465568,21.300310117659706,20.421981329827755,21.2476749420166,41371600
2016-04-19,21.369394267896602,21.69506629642844,21.270707067320927,21.672039031982422,34682800
2016-04-20,21.556907254354478,22.033904275272775,21.487825446452682,21.866132736206055,42176600
2016-04-21,21.895741232822722,21.98785032299499,21.691786107379688,21.73784065246582,38670200
2016-04-22,21.79046377875374,22.13587522508206,21.774017168318288,22.053634643554688,31529000
2016-04-25,21.977978451798705,21.981268778734467,21.64243788808951,21.80691909790039,34468600
2016-04-26,21.931918455494788,22.165481414123807,21.879285786542066,22.15561294555664,27171400
2016-04-27,22.27075175044478,22.62603171726418,22.254305137589505,22.57668685913086,43924800
2016-04-28,22.474709069709732,22.639190255088106,22.15561516851029,22.241146087646484,31110400
2016-04-29,22.290494617308422,22.507608512687256,21.86613278794965,22.20496368408203,48214800
2016-05-02,22.165489044922943,22.257600639422044,21.908898734707677,22.18193817138672,30132000
2016-05-03,21.882574735403765,21.922051121498992,21.5240069733939,21.65888023376465,32316200
2016-05-04,21.67204278190449,21.823365190130776,21.21807555722563,21.346370697021484,37210800
2016-05-05,21.708226071164813,21.826652725025333,21.34307764005883,21.52071762084961,28704000
2016-05-06,21.38255956790062,21.73454929424238,21.326636552917435,21.471378326416016,25091000
2016-05-09,21.349659951855134,21.39571448640348,20.889112096587755,21.15886116027832,32041600
2016-05-10,21.26741973499103,21.53716880352602,21.257551264522572,21.530588150024414,20702800
2016-05-11,21.4779554758965,21.787180936160755,21.303605804822894,21.59638214111328,28429600
2016-05-12,21.79046714150176,21.954948329939572,21.49440050035695,21.655593872070312,24954400
2016-05-13,21.5601989953138,21.724680218186396,21.33321410461865,21.379268646240234,24743800
2016-05-16,21.65888450191098,21.810209423537977,21.596383348839744,21.741125106811523,27455400
2016-05-17,21.744413686947258,22.010874932072497,21.675331885554456,21.843103408813477,31674600
2016-05-18,21.83980991883847,21.91218203642005,21.49439845212039,21.632564544677734,41166400
2016-05-19,21.415446752035365,21.685195756840244,21.21477953397259,21.63585090637207,33709800
2016-05-20,21.70165077264506,21.810208971210542,21.570065305576357,21.7641544342041,19667000
2016-05-23,21.635856932069853,21.803628466473537,21.56019698209254,21.708229064941406,20545000
2016-05-24,21.820083769593943,21.945088619177916,21.6819201185088,21.81679344177246,22605800
2016-05-25,21.948376724464765,22.195098580612466,21.928639779103992,22.162202835083008,28511000
2016-05-26,22.247725517166902,22.3431249113766,22.00100372483337,22.070085525512695,21433600
2016-05-27,21.991140954331257,22.09969917344207,21.869426444829294,22.083250045776367,18517400
2016-05-31,22.135880511299025,22.310230184207747,21.899027178372467,21.997716903686523,30812200
2016-06-01,21.783893025563955,22.07008874009454,21.72797001350444,22.004297256469727,33391400
2016-06-02,21.836529053270958,21.987851496600044,21.754288431258328,21.974695205688477,25700000
2016-06-03,21.9746891750615,22.0898255123248,21.76086311455313,21.889158248901367,24315400
2016-06-06,22.10298688001922,22.392472920203733,22.063510484173246,22.37273597717285,36447600
2016-06-07,22.445099532265488,22.93854299763177,22.438518880581984,22.879329681396484,31236600
2016-06-08,23.01749900053414,23.112898395515565,22.764196552877006,22.82670021057129,36259400
2016-06-09,22.56352632494231,22.7674838849504,22.540499060891683,22.652347564697266,24681200
2016-06-10,22.418793163911094,22.56353494619761,22.13259490725734,22.162202835083008,28980400
2016-06-13,22.053640818450912,22.395762034570822,22.030613549567075,22.096405029296875,23147600
2016-06-14,22.004299754506917,22.19509859237722,21.83324037179236,22.083250045776367,24405000
2016-06-15,22.001001214070612,22.297067833040387,21.87599642374274,22.030609130859375,33659000
2016-06-16,21.793753317470145,21.958234474583126,21.494396406828542,21.925338745117188,39987400
2016-06-17,22.152502895935033,22.192236709393406,22.020050956349003,22.14919090270996,34871800
2016-06-20,22.467067847643698,22.51673762708307,22.321373027947438,22.34123992919922,21826400
2016-06-21,22.291569092374058,22.65250044795704,22.225344407136166,22.60614013671875,22444600
2016-06-22,22.705479815288356,22.705479815288356,22.46044544699385,22.48031234741211,20516400
2016-06-23,22.71540763748312,22.857792949925873,22.62931354648515,22.851171493530273,19077000
2016-06-24,21.97037329451934,22.367728970964368,21.950506394905492,22.11275863647461,53759800
2016-06-27,21.8114411949415,21.831308101978717,21.228654167513387,21.404151916503906,43319400
2016-06-28,21.80481026331108,22.00348684933451,21.678982348301872,22.00017738342285,29100800
2016-06-29,22.135939732854013,22.549850358099263,22.135939732854013,22.41739845275879,32708800
2016-06-30,22.321373832034595,22.609454015802665,22.275013516927185,22.596208572387695,24264600
2016-07-01,22.569721123758644,22.79819808454557,22.55316368724345,22.715415954589844,25357600
2016-07-05,22.410775983903395,22.490246113000648,22.03660170502356,22.25845718383789,30139800
2016-07-06,22.129317088981644,22.37103946644247,21.97699829020815,22.35448455810547,31795000
2016-07-07,22.48694234891558,22.629325208425627,21.97038006302846,22.12601089477539,28195600
2016-07-08,22.324691541245596,22.50018931025161,22.202175565462277,22.420719146728516,23135800
2016-07-11,22.539922970433565,22.645884017946962,22.44389537638851,22.463762283325195,19500800
2016-07-12,22.80150657301167,23.1193896000327,22.755148789465466,23.020050048828125,31049000
2016-07-13,22.953828712687415,23.07965663975965,22.60945475162066,22.82137680053711,25092400
2016-07-14,23.000180606680424,23.056471833862737,22.871040720175383,22.937265396118164,21797200
2016-07-15,23.020049612929654,23.073031379584783,22.837930474249436,22.92402458190918,18259000
2016-07-18,22.857802050136236,22.950517634441987,22.712104688335657,22.940584182739258,18802200
2016-07-19,22.884293920230313,22.920718262242442,22.725351107240087,22.811445236206055,13983800
2016-07-20,22.718726618109425,22.890912326768024,22.52998347390424,22.778329849243164,23110000
2016-07-21,22.71541579464633,22.92402837750436,22.496872286783272,22.553163528442383,18513800
2016-07-22,22.60283664668421,22.65912789664986,22.477006174631025,22.622703552246094,15981200
2016-07-25,22.473689485068284,22.52335673301038,22.089579258918324,22.172361373901367,25543400
2016-07-26,22.043216766389538,22.321365926978064,22.029971327665404,22.301496505737305,24787800
2016-07-27,22.33130842870719,22.493560697822275,21.98693446118017,22.082962036132812,32355800
2016-07-28,22.05646902704758,22.19223039491915,21.930641109714188,22.08626937866211,21727000
2016-07-29,21.771700917984457,22.337930402960364,21.7518340145394,22.311439514160156,33003600
2016-08-01,22.116072538333146,22.132627447337708,21.500173334021028,21.57633399963379,61297000
2016-08-02,21.728654107829854,21.877660929357955,21.380968155850834,21.771699905395508,51200200
2016-08-03,21.775015761818313,22.202171925988992,21.68892162509982,22.192235946655273,47811200
2016-08-04,22.109450775068407,22.311439379911775,22.033292628113802,22.159120559692383,33580400
2016-08-05,22.17237318762798,22.39091930025604,22.132636841792603,22.361116409301758,22853600
2016-08-08,22.51674090730146,22.811445108248083,22.510119448022902,22.65912628173828,43326800
2016-08-09,22.7220406012652,22.758464941611013,22.45051530815744,22.539918899536133,22256800
2016-08-10,22.58627591445809,22.635945697430742,22.248525937602228,22.294883728027344,36073600
2016-08-11,22.39091456632255,22.71873113964598,22.34124477610737,22.622703552246094,34859400
2016-08-12,22.682308541057584,22.818072476341207,22.62270529347391,22.748533248901367,20379400
2016-08-15,22.877667030669237,22.97700659196743,22.8114423406771,22.930648803710938,21406800
2016-08-16,22.890910871365094,23.039920202880424,22.751837516331967,22.967071533203125,20485600
2016-08-17,22.85449174862829,23.0498589097093,22.831312850836685,23.03661346435547,29439000
2016-08-18,23.116082346662026,23.5101261138916,23.09290345013736,23.5101261138916,48297000
2016-08-19,23.43396990192669,23.43396990192669,23.228671786839993,23.31476593017578,22091400
2016-08-22,23.112770337200306,23.1558161327784,22.94058210226799,23.04654312133789,28273400
2016-08-23,23.04654707651689,23.26840260353274,23.04654707651689,23.208799362182617,24912400
2016-08-24,23.079653089699327,23.23197440734402,23.056474198111605,23.116077423095703,32905200
2016-08-25,23.079648065286236,23.149187251220507,22.976999071502856,23.053159713745117,23791600
2016-08-26,23.092904141279572,23.27171385966866,22.8644271619299,22.973697662353516,29150200
2016-08-29,22.90747414991484,23.149199113120087,22.880983258490343,23.129329681396484,14788000
2016-08-30,23.182311934106934,23.271715536588587,22.963765864891,23.04986000061035,14265800
2016-08-31,22.92071841195219,22.953830761367595,22.559786982286436,22.685617446899414,26465600
2016-09-01,22.589592035575564,22.6723741802229,22.440582659424013,22.61939239501953,33337000
2016-09-02,22.841246783596006,22.930650373838112,22.731973763947757,22.874359130859375,21588800
2016-09-06,22.933960219351032,23.238597827749697,22.914090791805084,23.218730926513672,25688200
2016-09-07,23.324692669903925,23.40085081122003,23.222041115598298,23.351181030273438,30189000
2016-09-08,23.50019641615166,23.821391552383115,23.387611381967652,23.78827667236328,36010600
2016-09-09,23.566415924657743,23.639264602533427,23.07965660095215,23.07965660095215,43543600
2016-09-12,22.917406112655286,23.42734437102638,22.874360311621924,23.308137893676758,43945800
2016-09-13,23.053167853640133,23.063101304764125,22.576341989208238,22.642566680908203,49160800
2016-09-14,22.616084117518152,22.887609465188053,22.31806787585346,22.374359130859375,52940400
2016-09-15,22.46375449687039,22.81806438983361,22.42733268888132,22.65250015258789,32954800
2016-09-16,22.323032895020013,22.552890772872594,22.323032895020013,22.469608306884766,34788800
2016-09-19,22.652834725660977,22.716130224229328,22.452957280515182,22.456289291381836,23595000
2016-09-20,22.429639073631993,22.58287853833321,22.276399608930774,22.293054580688477,28265800
2016-09-21,22.486275488885173,22.819405496127917,22.459624478326493,22.809412002563477,40521800
2016-09-22,23.055920168898794,23.13920264424155,22.816066233258947,22.836055755615234,26631800
2016-09-23,22.72612344868772,22.93266237156465,22.40298702106205,22.532907485961914,46150400
2016-09-26,22.60953105883961,22.729458046485927,22.389664067628072,22.43297004699707,26480400
2016-09-27,22.209776788261454,22.343029298366854,22.033218292543395,22.283065795898438,38820400
2016-09-28,22.412977250526197,23.279114404348658,22.223093326259043,23.24580192565918,82286800
2016-09-29,23.229154339058287,23.469005786792042,22.995961830967666,23.205835342407227,54003200
2016-09-30,23.369065072269187,23.645563523846043,23.219155078985267,23.52230453491211,29429000
2016-10-03,23.562281680476378,23.598923635476808,23.309102215444295,23.505647659301758,26309800
2016-10-04,23.52563632427522,23.58226780180081,23.17251687391292,23.265792846679688,23705600
2016-10-05,23.5023225995221,23.732180572058247,23.479003601103067,23.622249603271484,26702400
2016-10-06,23.692204801362365,23.768823272535805,23.445686789254744,23.658889770507812,22351600
2016-10-07,23.66221849538004,23.76215849090265,23.452347554678145,23.52230453491211,23488800
2016-10-10,23.522303983110472,23.978692890973964,23.522303983110472,23.892078399658203,23069000
2016-10-11,23.808797617834724,23.848771584694234,23.48899317505972,23.618913650512695,27424400
2016-10-12,23.51897621154785,23.60225870701479,23.319098730743207,23.51897621154785,20878200
2016-10-13,23.37240027826443,23.50898224646474,23.08257628489303,23.389055252075195,27086800
2016-10-14,23.508986656583136,23.585607683542243,23.235820127358416,23.252477645874023,22744800
2016-10-17,23.259127165777873,23.332416143024023,23.012611776332868,23.13920021057129,14850000
2016-10-18,23.369063577833426,23.419033572399186,23.129209637181383,23.232479095458984,13890200
2016-10-19,23.41237066408252,23.74216857736948,23.389051671053736,23.562280654907227,28631800
2016-10-20,23.42236188027361,23.632235338728456,23.292441425791743,23.535627365112305,24989000
2016-10-21,23.382387161254883,23.422361120365093,23.245802690083554,23.382387161254883,28477000
2016-10-24,23.382386395832704,23.462336853015238,23.055918004836943,23.312429428100586,21336800
2016-10-25,23.30577281023462,23.55562029217313,23.165858830328258,23.205835342407227,26454200
2016-10-26,22.999289551815757,23.35573845788873,22.95931304719447,23.259130477905273,35735600
2016-10-27,23.35906842546062,23.392380905608093,23.16585248239423,23.172513961791992,28412600
2016-10-28,23.132543313056665,23.46234123440332,22.96264633593519,23.109224319458008,37116800
2016-10-31,23.025941873775185,23.149198322319833,22.819400400437573,22.859376907348633,25947600
2016-11-01,23.02926826754561,23.109221270689794,22.612855907092225,22.862703323364258,37649600
2016-11-02,22.646168259920373,22.72611871206156,22.319699889510368,22.60952377319336,45966000
2016-11-03,22.609528467731163,22.73944893252882,22.486269483003827,22.699472427368164,25496200
2016-11-04,22.58621177751238,22.80607622435961,22.439633785227667,22.576215744018555,35108200
2016-11-07,22.832723480748268,23.075906882650603,22.832723480748268,23.062583923339844,29599000
2016-11-08,22.949315780783575,23.22248216347184,22.91600330320288,23.092561721801758,22417400
2016-11-09,23.17252199528197,23.64223651541454,22.902687508487634,23.46900749206543,51987600
2016-11-10,23.45234995205494,23.745503405132908,23.372399472411846,23.568944931030273,41269600
2016-11-11,23.42902410925039,23.475662087210818,22.94931628842407,23.13920021057129,35319400
2016-11-14,23.05592581368882,23.29244779658047,22.929337335143735,23.269128799438477,25144000
2016-11-15,23.472337101107613,23.938719561858118,23.452350116451715,23.92539405822754,38457400
2016-11-16,23.872085044881892,24.03198594138507,23.685530610189613,23.758819580078125,33218200
2016-11-17,23.958701722995993,24.11527318215841,23.538959880247578,23.598920822143555,20676000
2016-11-18,23.68220443615529,23.828782412053094,23.56228000501474,23.69552993774414,23924600
2016-11-21,24.02866345196592,24.28517494820978,24.02866345196592,24.25852394104004,33750800
2016-11-22,24.265184279789054,24.385111264827536,23.952043855815077,24.245197296142578,32026400
2016-11-23,24.128605453754325,24.421758932128565,24.101954444380265,24.34514045715332,22924000
2016-11-25,24.241872796886902,24.295174825234064,24.105290797013353,24.225217819213867,17583600
2016-11-28,24.341807043231356,24.348468524401024,23.845444094741104,23.888750076293945,37580200
2016-11-29,23.52563742328479,23.738840382877157,23.342414938519582,23.59559440612793,36723400
2016-11-30,24.41509667850049,25.024725155358198,24.41509667850049,24.794864654541016,89709600
2016-12-01,25.254578962080885,25.33786144386227,24.834837083840064,24.85482406616211,54764800
2016-12-02,24.841495640180472,25.04470507513515,24.77153866870778,24.928110122680664,36677600
2016-12-05,25.15463612733501,25.35118152233213,25.048034675124228,25.147972106933594,45070200
2016-12-06,24.994735966625676,25.201277419398252,24.844828528399724,25.101337432861328,33927000
2016-12-07,25.0447090962526,25.337862529717494,25.0447090962526,25.301218032836914,32016600
2016-12-08,25.367836773177658,25.471106205993326,25.17128885410072,25.437793731689453,29200400
2016-12-09,25.571053701573188,25.571053701573188,25.37117625530393,25.517751693725586,17949600
2016-12-12,26.0840774385609,26.134044900358106,25.53108047325895,25.63768196105957,32260400
2016-12-13,25.83090700062382,26.114067063513343,25.59438494613583,25.927515029907227,32057200
2016-12-14,25.804249069388998,25.907518554379983,25.33786656876558,25.40782356262207,39702800
2016-12-15,25.30121724737352,25.55772871757432,25.15797127535454,25.464452743530273,40503600
2016-12-16,25.645966541292296,25.645966541292296,25.49191690891651,25.62252426147461,35729800
2016-12-19,25.595729540803074,25.642614095284443,25.455075877358972,25.50531005859375,14226400
2016-12-20,25.63591262524258,25.669401221493747,25.378045068574743,25.44837188720703,17964200
2016-12-21,25.501957580748417,25.605773003348332,25.361303933029244,25.488561630249023,16205400
2016-12-22,25.505314467870633,25.659364109943386,25.45508027795153,25.592384338378906,21940800
2016-12-23,25.552194278121355,25.622521108921518,25.51200642265702,25.568937301635742,12796200
2016-12-27,25.60912482033372,25.712940251814015,25.585682543708604,25.62586784362793,20017800
2016-12-28,25.682801050498867,25.692847375390148,25.327814722569098,25.347909927368164,16187400
2016-12-29,25.31106822141498,25.384744667182453,25.207250250098923,25.297672271728516,13394800
2016-12-30,25.274229380081227,25.414883015823133,25.1436220676043,25.223995208740234,17706600
2017-01-03,25.48855908716222,25.722981809971625,25.23739078914526,25.508651733398438,49246200
2017-01-04,25.52875841571939,25.575642981366705,25.37135913603889,25.455081939697266,22371000
2017-01-05,25.471824055186797,25.565593183123237,25.27088984460627,25.391450881958008,22282400
2017-01-06,25.471819262490758,25.501960793665912,25.247442812144072,25.414888381958008,14821000
2017-01-09,25.247444885687017,25.27088716518559,25.009672463625254,25.046510696411133,21921800
2017-01-10,25.026423928036394,25.083354826630025,24.798697778644428,24.818790435791016,19321600
2017-01-11,24.905851314627764,25.133577358316632,24.802033339185314,25.086692810058594,26254000
2017-01-12,25.227345527859484,25.25413742731283,24.882408126200165,24.982873916625977,21791200
2017-01-13,24.94939616437766,25.00297998657522,24.84558070264148,24.909208297729492,19813400
2017-01-17,24.986218457137294,25.123522442610675,24.966125814145002,25.063241958618164,19566000
2017-01-18,24.92594018984212,25.073293064931573,24.895798667657516,25.00631332397461,17450400
2017-01-19,25.00631876756376,25.01636509214031,24.808734237514525,24.869014739990234,18001800
2017-01-20,25.02976483885176,25.11348762970758,24.879064837318005,24.962787628173828,18364400
2017-01-23,24.84891735743771,24.899151530933086,24.577656397585347,24.698217391967773,30414000
2017-01-24,24.795342048437053,25.07664939932695,24.748457489955403,24.969484329223633,23714400
2017-01-25,24.97617624594484,25.17711037398218,24.969476993834494,25.10008430480957,18820600
2017-01-26,25.180468273117476,25.22065357891825,25.06660394497585,25.120187759399414,17303400
2017-01-27,24.966141452245935,24.992930808010556,24.78529988699425,24.858976364135742,19901800
2017-01-30,24.745114256928503,24.758510213529966,24.232731053255527,24.403526306152344,26572800
2017-01-31,24.416910493599755,24.45374616272684,24.155693298306293,24.41356086730957,28014800
2017-02-01,24.54417403216313,24.577662637990926,24.082025139699113,24.232725143432617,36848600
2017-02-02,24.272907558805468,24.413561204742443,24.07867011154986,24.370023727416992,25760200
2017-02-03,24.46714839786106,24.708270452367785,24.323145090587147,24.581012725830078,23657200
2017-02-06,24.581002579263085,24.664725338351165,24.30304240588686,24.373369216918945,21043400
2017-02-07,24.266210963720383,24.38007527648452,23.9011808585709,24.028438568115234,28315600
2017-02-08,24.02844013487013,24.13895482813696,23.660060378997418,24.085371017456055,32296800
2017-02-09,24.229375766878192,24.430309958939485,24.229375766878192,24.35663604736328,18523200
2017-02-10,24.550873124711394,24.67813341628682,24.4671503244716,24.54082679748535,20810800
2017-02-13,24.490586880010465,24.597751937059652,24.44370232723998,24.587705612182617,15969800
2017-02-14,24.65803621683444,24.67813142468187,24.359983276435983,24.6680850982666,21543400
2017-02-15,24.59440136423457,24.701566406027954,24.490583393579385,24.570959091186523,17853200
2017-02-16,24.59440789075068,24.62789649613232,24.199236215206987,24.236074447631836,22750800
2017-02-17,24.112160048305718,24.182486875177972,24.025087643837793,24.102113723754883,23290000
2017-02-21,24.329840687241685,24.396817890083636,24.229372327962245,24.266210556030273,23605000
2017-02-22,24.152345079053163,24.17913442305261,23.88108157279874,23.8978271484375,23078800
2017-02-23,24.16574420334085,24.20592950212744,23.84759610952047,23.99829864501953,34780200
2017-02-24,23.82415423855775,23.914576272397618,23.653359050761942,23.7739200592041,27995200
2017-02-27,23.797363207880707,24.082022716313666,23.757177906937955,23.97820472717285,47372800
2017-02-28,23.90787538323471,24.018390059247423,23.837548558958346,23.904525756835938,28036800
2017-03-01,24.125557800446924,24.493937539904866,24.10881222160113,24.3834228515625,37995200
2017-03-02,24.2628654364595,24.38342646798367,24.142304404935327,24.152353286743164,21540600
2017-03-03,24.192533202760686,24.282955233762358,24.055229175521387,24.108810424804688,22333000
2017-03-06,24.06862636994287,24.195884079204006,23.974854707574266,24.162395477294922,16749400
2017-03-07,24.249471187015,24.25616788630173,23.917927084441907,23.948068618774414,22923600
2017-03-08,23.850951502358384,23.99160519214914,23.315126097190934,23.325172424316406,51132400
2017-03-09,23.207952758659484,23.492609664339586,23.070646190086826,23.47921371459961,55541400
2017-03-10,23.629914964822895,23.66005649213345,23.3084198186027,23.44572639465332,34958600
2017-03-13,23.422288255548427,23.56294192778816,23.36870444420943,23.449077606201172,26157600
2017-03-14,23.26823395683049,23.271581028104322,22.980227416274094,23.184511184692383,52769600
2017-03-15,23.382099341900297,23.753828712485415,23.268237580468206,23.700244903564453,46410000
2017-03-16,23.750482364298925,23.750482364298925,23.4658253664067,23.53280258178711,32555000
2017-03-17,23.63017170222167,23.68070722892481,23.515626907348633,23.515626907348633,28487800
2017-03-20,23.438133702870733,23.532465294858493,23.296636314889092,23.481929779052734,24437400
2017-03-21,23.593100862978684,23.60994688702756,23.229248334399063,23.316843032836914,33434400
2017-03-22,23.246096241648345,23.390963321040438,23.151764668154446,23.28315544128418,24839200
2017-03-23,23.215780131411933,23.387597280007462,23.16524461756613,23.188827514648438,23600800
2017-03-24,23.222514246293958,23.273049754146367,23.054064267014397,23.09786033630371,20885000
2017-03-27,22.878878140512292,23.05406499353303,22.862032113916374,22.990053176879883,22982600
2017-03-28,23.023739178646263,23.37411540205526,22.969836528306168,23.316843032836914,55845200
2017-03-29,23.313479402292835,23.677332025892866,23.2494701489443,23.636905670166016,37150400
2017-03-30,23.785133027530446,23.8424053950969,23.569517291704244,23.630159378051758,31824600
2017-03-31,23.552676588681376,23.697541098732408,23.44149898900523,23.549306869506836,39722400
2017-04-03,23.586366829341006,23.603210285071142,23.273049764922245,23.508878707885742,26266600
2017-04-04,23.559421794390182,23.70091920568537,23.333699366322588,23.680706024169922,25948000
2017-04-05,23.879468886740014,24.084978073537847,23.572891251408304,23.60658073425293,45467400
2017-04-06,23.700912635538543,23.8626257538641,23.636903388369166,23.795244216918945,26249400
2017-04-07,23.808724763248183,23.872736592157136,23.667227365985177,23.704286575317383,25160600
2017-04-10,23.835673411651307,23.990647092883094,23.78513790095026,23.88283920288086,21641800
2017-04-11,23.91989897239913,23.930005560710068,23.630164779218696,23.88620948791504,27783000
2017-04-12,23.90978917238916,24.06139311737473,23.711016871050294,23.78513526916504,22907200
2017-04-13,23.76492638608905,23.781769843938275,23.296635590186433,23.35053825378418,35312000
2017-04-17,23.343795365228228,23.424650624946842,23.28652299669181,23.40106773376465,16024400
2017-04-18,23.29663044151994,23.451604099335214,23.13491734578001,23.182083129882812,29500600
2017-04-19,23.239363784526276,23.283159860434495,22.78117956601303,22.841821670532227,36250800
2017-04-20,22.909204938221833,23.12145105864932,22.885622035952114,22.953001022338867,32470800
2017-04-21,22.855291025838447,22.952992318290242,22.723900252968726,22.83844757080078,28232200
2017-04-24,23.006898863454666,23.067540959823837,22.902460697063272,22.973209381103516,26701400
2017-04-25,23.03048007315528,23.22251293588416,22.95973139429123,23.168607711791992,31182000
2017-04-26,23.060803152779883,23.40444257996645,23.050696564393736,23.09112548828125,37475200
2017-04-27,22.912565969925772,22.93614886325258,22.609355505479268,22.83844757080078,41095400
2017-04-28,23.033858188105032,23.074284550567043,22.821609503805508,22.85529899597168,28852000
2017-05-01,22.848553117597078,22.912564926716495,22.74074524296266,22.79128074645996,18838800
2017-05-02,22.838446111117808,22.91256450550564,22.582401449689602,22.676733016967773,32871200
2017-05-03,22.626202698382205,22.848555336888076,22.56219088304529,22.740747451782227,33869600
2017-05-04,22.582409954588677,22.60936257548821,22.17813092246925,22.322998046875,67889000
2017-05-05,22.336465945049,22.71379221416169,22.326356788261396,22.676733016967773,37487600
2017-05-08,22.67336731751314,22.87887648950785,22.653151572988307,22.83844757080078,37897400
2017-05-09,22.885609163488077,22.885609163488077,22.582398754607244,22.6497802734375,21439400
2017-05-10,22.7811731506099,23.057430977768625,22.76095740790106,22.949623107910156,36518400
2017-05-11,23.030484992011708,23.070913918715654,22.868771855539027,22.902463912963867,23937400
2017-05-12,22.885612335542774,22.92940840109619,22.757591287534154,22.824970245361328,21417200
2017-05-15,23.16524746714708,23.202306677169826,22.929415896971108,23.0035343170166,26413800
2017-05-16,23.11133539690856,23.11133539690856,22.808124936486124,22.88898277282715,23386800
2017-05-17,22.75422393613392,22.949626532643983,22.65315291853416,22.663259506225586,31213600
2017-05-18,22.562191171473806,22.767700356700054,22.47796617983494,22.656522750854492,28230000
2017-05-19,22.76769961934566,22.9833153853308,22.713794392678032,22.93614959716797,31249000
2017-05-22,23.05743601617764,23.07091232414753,22.804761025013836,22.885616302490234,20678400
2017-05-23,22.946261229537306,22.969844128803647,22.818240143569053,22.93952178955078,18173600
2017-05-24,22.9125727204842,22.983321421308773,22.713800357873236,22.818241119384766,26961400
2017-05-25,22.760963741763444,22.986688700820146,22.32299527311146,22.403850555419922,46658400
2017-05-26,22.403847323458148,22.46111969973361,22.296039439151457,22.440906524658203,26398200
2017-05-30,22.32299572889732,22.32299572889732,22.13096282302942,22.141069412231445,29058200
2017-05-31,21.965879817139946,22.114116645354066,21.93219032991213,22.046737670898438,32186000
2017-06-01,22.05684297206208,22.26571932288343,21.986094281911978,22.184864044189453,35967400
2017-06-02,22.08379783832582,22.09053470792711,21.834489967243314,21.928821563720703,33085000
2017-06-05,21.861438027104803,22.050101180713654,21.8547011589085,21.96924591064453,25105000
2017-06-06,21.955773634802775,22.26572103559036,21.90523811785317,22.22866439819336,29670600
2017-06-07,22.13769881024359,22.245506708007852,21.763739602611277,21.915346145629883,45884200
2017-06-08,21.81090659774718,22.013046095888402,21.804169728291182,21.851335525512695,39138600
2017-06-09,21.90186640564882,22.451012397232155,21.89849668646266,22.376893997192383,46368400
2017-06-12,22.575667186778702,22.75759347480832,22.488072476910503,22.53523826599121,45848800
2017-06-13,22.60261855248557,22.734011910145387,22.494810661088522,22.703689575195312,31615800
2017-06-14,22.643047493516047,22.643047493516047,22.120854063351093,22.29267120361328,60560400
2017-06-15,22.19160334219303,22.30277838581098,22.026520495883954,22.124221801757812,38517800
2017-06-16,22.25617984486891,22.50041816993251,22.113708351261156,22.49024200439453,49242000
2017-06-19,22.43935753784945,22.48684803349476,22.290100215513956,22.347766876220703,31356800
2017-06-20,22.089964324911488,22.123885741261496,21.81519489998861,22.06282615661621,32126800
2017-06-21,21.994976725317276,22.123881707196237,21.587914627264457,21.706642150878906,54611000
2017-06-22,21.716817224828084,21.879643618399285,21.604875535019108,21.693073272705078,30863200
2017-06-23,21.69646627350367,21.862683007048705,21.63540669554294,21.838937759399414,29111000
2017-06-26,21.90678642622689,21.94749109222076,21.70325403812357,21.79145050048828,27206800
2017-06-27,21.86946555712585,21.967839450620108,21.75412966584249,21.757522583007812,28455000
2017-06-28,21.78466505078244,22.008548455239666,21.771095967476242,21.876253128051758,33719800
2017-06-29,21.94070047677515,22.16458382868196,21.876247993208647,21.923738479614258,38044800
2017-06-30,22.083175283179212,22.12388252971298,21.879644226585974,22.02211570739746,39286400
2017-07-03,22.100135866725264,22.55129811508878,22.076390621444954,22.446138381958008,36805600
2017-07-05,22.334202107990663,22.35455703008362,21.906787564614742,21.991592407226562,41976400
2017-07-06,22.0288975518046,22.0933474454269,21.699854485702556,21.747344970703125,41367200
2017-07-07,21.676117974760714,21.7439608126507,21.469193954746387,21.71343231201172,32073400
2017-07-10,21.682899225902798,21.835549479150654,21.63540872614697,21.784666061401367,28307600
2017-07-11,21.821977073865863,21.981410550796394,21.686288843199172,21.90338897705078,23799600
2017-07-12,22.120487570068637,22.174763893769715,21.869466043045044,21.964447021484375,29637200
2017-07-13,21.981405193487046,22.069600322093393,21.859286074453674,22.052640914916992,20113600
2017-07-14,22.06621790786581,22.22564881508443,22.045862988701572,22.18494415283203,20545000
2017-07-17,22.14423159426103,22.310448297369284,22.123879268013564,22.157800674438477,24429800
2017-07-18,22.26974099585696,22.276524241120097,21.96105028162341,22.052640914916992,29913600
2017-07-19,22.028902086617396,22.395256962319046,22.011940086466584,22.37490463256836,49605400
2017-07-20,22.500415124867455,22.581827026191537,22.246000668696738,22.30706024169922,34318600
2017-07-21,22.232435154879692,22.33759231879993,22.056039654326547,22.086570739746094,26095200
2017-07-24,22.134059942989087,22.167981356328607,21.994978783847724,22.045862197875977,20866800
2017-07-25,22.310451303736286,22.48345386426433,22.25957048126136,22.324020385742188,30958600
2017-07-26,22.449533702910887,22.605574272608035,22.286707297814175,22.347766876220703,42422800
2017-07-27,22.354549688623106,22.585218888294694,22.25278287569481,22.575042724609375,31631800
2017-07-28,22.50041638151582,22.771790263764878,22.46310205215043,22.54790687561035,29530000
2017-07-31,22.554692859889983,22.727695445393657,22.4936332760674,22.598793029785156,27039000
2017-08-01,22.612359949560897,22.724300352490232,22.497024040917662,22.59539794921875,25337400
2017-08-02,22.480060426142348,22.60217957332957,22.279922294275224,22.510591506958008,30237000
2017-08-03,22.473279592238423,22.51059392388744,22.09674594598958,22.195119857788086,30655600
2017-08-04,22.205294032502053,22.327413181853416,22.154410622266028,22.266353607177734,18742000
2017-08-07,22.17137510968452,22.212082360048914,22.028903615466195,22.09674644470215,22874600
2017-08-08,22.032293114932582,22.239217100752985,21.981412288942273,22.045862197875977,20858200
2017-08-09,22.07978582610033,22.205297914888764,21.984804824006687,22.066219329833984,20875800
2017-08-10,22.103529782665817,22.14084152290259,21.794838992037977,21.8321533203125,30524200
2017-08-11,21.764313876334278,21.886430456502946,21.66933158216282,21.68968391418457,31981800
2017-08-14,21.73038794602651,21.825368937759606,21.59809262353571,21.62523078918457,22813400
2017-08-15,21.659148300638186,21.659148300638186,21.418302946974734,21.543813705444336,25451200
2017-08-16,21.550602221342047,21.61166180029843,21.292796116652067,21.336894989013672,33166600
2017-08-17,21.252085990082147,21.333497883362934,21.02820134253191,21.034984588623047,29593800
2017-08-18,20.980707094660183,21.282613270963473,20.967139310054616,21.140140533447266,37265400
2017-08-21,21.109621252011202,21.119797419030935,20.96375681930541,21.031600952148438,20750400
2017-08-22,21.089265880920568,21.218169593266484,21.075698090688704,21.170679092407227,30343600
2017-08-23,21.126574128981073,21.37081239905628,21.10622180248729,21.26226234436035,23052000
2017-08-24,21.187633495170108,21.32671333230387,21.18084895506374,21.27583122253418,20781000
2017-08-25,21.316534534928604,21.455614354875355,21.309749995660646,21.37080955505371,16440400
2017-08-28,21.380988359136104,21.45222538324361,21.160496628763347,21.27583122253418,19912000
2017-08-29,21.17407242021494,21.275839266266626,21.092660496196636,21.248701095581055,17454200
2017-08-30,21.167283014117874,21.323323568110965,21.106223441856436,21.25887107849121,17328800
2017-08-31,21.350460206848453,21.414912695773783,21.279224471317228,21.360637664794922,20667400
2017-09-01,21.394551980354347,21.638790185789375,21.34027696737083,21.567554473876953,23191000
2017-09-05,21.655762855759555,21.791449816215255,21.533643685536052,21.68629264831543,36229600
2017-09-06,21.794841341300845,22.100139247346906,21.784665175772314,22.039079666137695,34104200
2017-09-07,22.049259706057896,22.134064551081195,21.93392635908468,22.079788208007812,17280600
2017-09-08,22.0322931737191,22.0458622566987,21.74395727750692,21.84572410583496,20529400
2017-09-11,21.93052179588362,22.08316940065678,21.8796383982802,22.052640914916992,27102200
2017-09-12,22.11709708898734,22.23582591315183,22.059430429731233,22.188335418701172,18819400
2017-09-13,22.235826284996314,22.48006200852492,22.2120810373739,22.466495513916016,31786600
2017-09-14,22.510590237218953,22.727690355964263,22.507197319977994,22.575042724609375,29166800
2017-09-15,22.621438583007627,22.628311157226562,22.47709092533787,22.628311157226562,26136200
2017-09-18,22.576764960813517,22.738298020590378,22.559579588536106,22.724550247192383,25167000
2017-09-19,22.772664464518083,22.85171087808069,22.727983548737985,22.81734275817871,21008600
2017-09-20,22.882639736783492,23.033859960460653,22.862016771008303,22.971996307373047,36547600
2017-09-21,22.94107610748888,23.0373079173144,22.87577482705578,22.9788818359375,17748200
2017-09-22,22.95825354503357,23.16102727103833,22.934195600895393,23.095726013183594,29295800
2017-09-25,23.20227405460189,23.497844625140996,23.1782161068659,23.429105758666992,29667600
2017-09-26,23.37067302815307,23.463467193797246,23.305371779143417,23.41878890991211,21421400
2017-09-27,23.439412199094697,23.525333801909735,23.308812306778762,23.518461227416992,21836400
2017-09-28,23.57001471400236,23.679994260723046,23.473782938386666,23.539081573486328,23599800
2017-09-29,23.456601212692647,23.539085230016312,23.380989770929443,23.5356502532959,28575000
2017-10-02,23.28475341932506,23.535645643110715,23.195394221825072,23.528770446777344,24833600
2017-10-03,23.497842390886202,23.583763999219254,23.453161476396602,23.504714965820312,14479600
2017-10-04,23.504715125269623,23.573451363554593,23.405045744272826,23.487529754638672,20395200
2017-10-05,23.50471124186807,23.631876146016687,23.49096347205857,23.594070434570312,20323600
2017-10-06,23.37068120170754,23.50128112328336,23.315690104968365,23.394739151000977,23926600
2017-10-09,23.422231672710986,23.51502585881756,23.394736127894415,23.442852020263672,11528200
2017-10-10,23.60782074646824,23.690304752088117,23.439412514756942,23.463470458984375,15527400
2017-10-11,23.43597722290794,23.532208998521707,23.339745447294174,23.518461227416992,20574000
2017-10-12,23.339748611017207,23.463473323492163,23.301942890884455,23.43254280090332,20362200
2017-10-13,23.570011750937027,23.638747975701683,23.4050411405354,23.41878890991211,17787400
2017-10-16,23.490974433476875,23.607829220325193,23.422238174474476,23.470354080200195,15333800
2017-10-17,23.463469745035443,23.532208599393137,23.356927798430004,23.484092712402344,16754200
2017-10-18,23.466903736260317,23.563135495450425,23.291622962239032,23.31911849975586,15412600
2017-10-19,23.15759284265978,23.34318384661031,23.14728266834913,23.246952056884766,15183800
2017-10-20,23.298504988714146,23.305377564048975,23.136971936090372,23.291629791259766,19640400
2017-10-23,23.3088141347434,23.38442557068944,23.150718687819598,23.17133903503418,17310600
2017-10-24,23.253822482202565,23.319121113475536,23.167900884421062,23.21601676940918,19640400
2017-10-25,23.174775041732993,23.24351127580639,22.982311488632078,23.054485321044922,27045400
2017-10-26,23.06479247987187,23.17820961117912,22.965123118006606,23.102598190307617,18724400
2017-10-27,22.98231038526549,23.267568102882365,22.800154391689603,23.143840789794922,32376000
2017-10-30,22.982316360580583,23.329437824991444,22.982316360580583,23.26413917541504,23229600
2017-10-31,23.27444141110187,23.425664253078438,23.17133445118713,23.33974266052246,19298000
2017-11-01,23.48065994216018,23.714366850791905,23.470349767416383,23.604387283325195,34612600
2017-11-02,23.604386497379014,23.669687764741713,23.394737544169992,23.5356502532959,22656600
2017-11-03,23.525338240089877,23.697181478139093,23.501280291647774,23.604387283325195,22223800
2017-11-06,23.710930494769944,24.17490673740063,23.669689793632905,24.14397621154785,38200000
2017-11-07,24.185214758929714,24.219582877130495,23.985876002398097,24.113040924072266,26820600
2017-11-08,24.05461709974024,24.116480773850753,23.862153501227475,23.996191024780273,28493200
2017-11-09,23.903391363144344,24.10960268902355,23.86902062373175,24.068359375,25977800
2017-11-10,24.02711804365668,24.047738389060047,23.75904044281692,23.94119644165039,21068400
2017-11-13,23.87589238947485,23.96525157929191,23.776223028163297,23.80371856689453,14979600
2017-11-14,23.714359396214146,23.714359396214146,23.39129337115869,23.41878890991211,33055400
2017-11-15,23.209142284616313,23.257258171079293,23.05791942880742,23.15415382385254,35386200
2017-11-16,23.081982374785262,23.164466385497725,22.996060765508282,23.061359405517578,25028000
2017-11-17,23.106039840125714,23.222891967695737,23.04761115422133,23.174776077270508,18344800
2017-11-20,23.147280852922908,23.167903822046373,23.01668095169819,23.11978530883789,15570600
2017-11-21,23.2091447530072,23.301941559711683,23.123223143453867,23.17133903503418,16928800
2017-11-22,23.308817474822035,23.3569333732972,23.250391401262164,23.26413917541504,18615000
2017-11-24,23.35692134591482,23.40503721961326,23.32599083658802,23.329425811767578,9981400
2017-11-27,23.229761426797932,23.25725696681567,23.04417308697573,23.092288970947266,21191600
2017-11-28,23.116349695334883,23.305375655941187,23.088854152007638,23.271007537841797,24226600
2017-11-29,23.260699180638795,23.44285258069408,23.21258328711927,23.398174285888672,27198600
2017-11-30,23.45316484299336,23.79341634875979,23.45316484299336,23.748735427856445,44607200
2017-12-01,23.91713928883327,24.113043086597546,23.6937451894339,23.94807243347168,42376600
2017-12-04,24.15084714783709,24.315817807543187,23.86215177100102,23.937763214111328,27151800
2017-12-05,23.93776083420041,24.023682443352516,23.807158310132785,23.834653854370117,21379600
2017-12-06,23.765915461630964,23.807156152129277,23.490965288419364,23.525333404541016,24122400
2017-12-07,23.50127364388595,23.635311121879827,23.480653300231193,23.594070434570312,17280000
2017-12-08,23.714362781460572,23.820904731690415,22.920447996985494,23.81059455871582,21393400
2017-12-11,23.855274840968978,24.106164450454532,23.841527069992903,23.982437133789062,22633400
2017-12-12,23.91713523864746,24.10272620869079,23.88620472136647,23.91713523864746,23516400
2017-12-13,23.917142478894366,23.972133577977544,23.8140381012933,23.882774353027344,18432000
2017-12-14,23.793405692362608,23.96524885673232,23.786530497401404,23.79684066772461,23565600
2017-12-15,23.965680964674927,23.965680964674927,23.74425723242134,23.7753963470459,20306800
2017-12-18,23.834217632946302,24.079859567166682,23.827299294334086,23.958768844604492,19321400
2017-12-19,24.069477338636705,24.131752935666764,23.938007806941876,23.993362426757812,13528400
2017-12-20,24.07294100782437,24.373937566921935,24.00028657495324,24.332422256469727,24509000
2017-12-21,24.342800118236905,24.920577708797023,24.318581974907428,24.847923278808594,33606200
2017-12-22,24.87559837317643,25.000149561036707,24.771804836766442,24.899816513061523,21321600
2017-12-26,24.989771644054006,25.159298629414437,24.937874873961807,25.117780685424805,17262200
2017-12-27,25.121243730503977,25.131622557662766,24.982853209367622,25.03474998474121,21710600
2017-12-28,25.03128365144476,25.07280158996582,24.986307864397883,25.07280158996582,15933600
2017-12-29,25.13854502457319,25.152381701884764,24.958636544565138,25.000154495239258,14712800
2018-01-02,25.12470607595562,25.439541961214825,25.04513066255877,25.411863327026367,29782800
2018-01-03,25.463755008895685,25.85816622859843,25.436076380247943,25.79243278503418,38599200
2018-01-04,25.775136439005532,25.965423737004553,25.6817243542658,25.948123931884766,28613600
2018-01-05,25.913518375834258,25.958494158833282,25.723231140879175,25.93773651123047,28408800
2018-01-08,25.927359280548306,26.10726506317759,25.85816271832246,26.093425750732422,19558400
2018-01-09,26.1453306572538,26.152248995842097,25.986182473925233,26.027700424194336,18469000
2018-01-10,26.103800963460355,26.121100761517962,25.975791960316986,25.996549606323242,21644000
2018-01-11,26.086502917175803,26.622762324189356,25.99308823416967,26.52935028076172,36179000
2018-01-12,26.536273249683596,26.85457215747252,26.536273249683596,26.785375595092773,39638400
2018-01-16,26.847650988022103,26.864950788387144,26.39788521389937,26.446321487426758,33789800
2018-01-17,26.522437728617184,26.79229773467043,26.349450274523658,26.678125381469727,28014800
2018-01-18,26.577795238411426,26.643531322797713,26.411726102964778,26.46016502380371,23029200
2018-01-19,26.401357106700946,26.435956725836544,26.25258771899104,26.425575256347656,25925400
2018-01-22,26.460166025955317,27.00680445509948,26.453245048610764,26.99642562866211,34033400
2018-01-23,27.04832426964013,27.076002901772203,26.81997951392001,26.954912185668945,20369800
2018-01-24,26.98604527716894,27.12097529238844,26.788839667265112,26.882251739501953,25839400
2018-01-25,27.017182375377356,27.017182375377356,26.622771146509027,26.671207427978516,23436800
2018-01-26,26.730021244740378,26.861490755172117,26.674663994298182,26.81651496887207,15570600
2018-01-29,26.70926466138135,26.80267937456713,26.37021069391277,26.411725997924805,25294400
2018-01-30,26.19030836404234,26.262965442198652,25.858172656444786,25.87893295288086,45503600
2018-01-31,25.948123658166832,25.99309945559232,25.71632105365299,25.89622688293457,31450600
2018-02-01,25.930817266569342,26.179919612746254,25.785508444492464,26.162622451782227,36023200
2018-02-02,25.68171872835389,25.743994317731328,24.930951167642803,25.0693416595459,62010800
2018-02-05,24.733748062436803,25.048586529174468,23.62316880647859,24.017580032348633,69535200
2018-02-06,23.605872879695905,24.380856057496974,23.491700508441696,24.207868576049805,65630400
2018-02-07,24.283976831091536,24.588433764702067,23.79961148794574,23.803071975708008,49207400
2018-02-08,23.82729308984535,23.92416564267005,23.073067677679912,23.083446502685547,55542200
2018-02-09,23.35677487604073,23.38099302241409,22.2980894955969,23.06615447998047,70348200
2018-02-12,23.363688605425065,23.702745227334663,23.252976723907953,23.44326400756836,49913800
2018-02-13,23.322173536015928,23.446722094353223,23.183783022821775,23.346391677856445,24570000
2018-02-14,23.118043330813865,23.754638536423577,23.062688717914238,23.685441970825195,39513800
2018-02-15,23.73388217804898,23.75118198220875,23.24605884778178,23.626630783081055,32938800
2018-02-16,23.526292122247266,23.789233773283886,23.4259590890941,23.56781005859375,27582200
2018-02-20,23.616248206460995,23.789235662272443,23.332548884513386,23.439800262451172,35616200
2018-02-21,23.370610306962256,23.58857358807131,23.045392990112305,23.045392990112305,25090800
2018-02-22,23.211458911559603,23.6404697645298,23.15264380157448,23.29795265197754,30660600
2018-02-23,23.412118685513345,23.82036913536182,23.370603390681183,23.803071975708008,31369600
2018-02-26,23.92416956216418,23.993363499923834,23.80653670047734,23.944927215576172,24312800
2018-02-27,23.993361076303177,24.183648345290187,23.630088980390607,23.633546829223633,26931400
2018-02-28,23.758100054449645,23.844593795122243,23.07998944432603,23.090368270874023,35244000
2018-03-01,23.066140159342297,23.419035946921166,22.889694905131208,23.055761337280273,45950000
2018-03-02,22.89662531711514,23.24606080179504,22.713258991758085,23.16302490234375,29157800
2018-03-05,23.055768801540903,23.48131912090338,23.01425086027311,23.40866470336914,25663000
2018-03-06,23.553976603046422,23.640470345590295,23.304874202187346,23.422504425048828,31355800
2018-03-07,23.169942599779304,23.41558449515442,23.028091604652897,23.246057510375977,24725200
2018-03-08,23.29795084761756,23.367147418340522,23.073069251610946,23.2391357421875,16026600
2018-03-09,23.41904300367596,23.70274233036327,23.39828271371796,23.681982040405273,22786200
2018-03-12,23.69582364665005,23.84805346970241,23.5574331383824,23.675065994262695,18972000
2018-03-13,23.747718422523022,23.854969803621728,23.408664477304267,23.505537033081055,21461800
2018-03-14,23.59549530834476,23.661231406810828,23.31871687609064,23.36715316772461,22696400
2018-03-15,23.453641950452756,23.553975001732063,23.069609548499997,23.246057510375977,24817000
2018-03-16,23.25825031742862,23.55790738812072,23.21295430753239,23.4533748626709,28685200
2018-03-19,23.380203963048732,23.41156478511227,22.958594037066636,23.090999603271484,29050000
2018-03-20,23.216437850802503,23.442923227518023,23.18507968673879,23.2861270904541,22518200
2018-03-21,23.425513263576104,24.049215619254955,23.35233886501156,23.895904541015625,32879200
2018-03-22,23.631087092033976,23.75652510168723,23.362790751503844,23.4080867767334,36967600
2018-03-23,23.526551256782223,23.798335345453108,23.212958934668194,23.265222549438477,38428600
2018-03-26,23.53351725655211,23.718189084349895,23.261735875387625,23.683345794677734,31906000
2018-03-27,23.7843958097478,23.881958094902025,23.324457423754374,23.46034812927246,27846200
2018-03-28,23.474288625533895,23.55442794378805,22.965569039595252,23.003894805908203,36457400
2018-03-29,23.104937946379984,23.582299273654616,23.101455478143652,23.488222122192383,27936200
2018-04-02,23.39763672434111,23.439447626751374,22.624103129266096,23.017837524414062,37986200
2018-04-03,23.104933310881332,23.53002828722531,22.88541822926188,23.509122848510742,28228600
2018-04-04,23.15023592164178,23.530032301061652,22.989954661287033,23.477766036987305,24981600
2018-04-05,23.537004389349317,24.049206373773142,23.537004389349317,23.899377822875977,27056800
2018-04-06,23.74954474368778,23.864527308775905,23.157198314523757,23.467308044433594,37767800
2018-04-09,23.57881736755371,23.878474495914176,23.484740203241966,23.57881736755371,21639600
2018-04-10,23.95164490811229,24.550959132145955,23.94467731269528,24.35931968688965,43684400
2018-04-11,24.320983583351694,24.669421728337408,24.2896227679495,24.613670349121094,42381800
2018-04-12,24.6973047313298,24.80532240758148,24.523085588494414,24.61019515991211,28623200
2018-04-13,24.742593660877485,24.98301417556733,24.707750377713808,24.881969451904297,26660800
2018-04-16,24.937725674937724,25.251320634489144,24.805320095737304,25.136335372924805,28048600
2018-04-17,25.202534280511227,25.34887767858441,25.059673350221438,25.2338924407959,32210600
2018-04-18,25.45341716738779,25.861089312974762,25.4464469131673,25.631118774414062,34623000
2018-04-19,25.65202095804377,25.854113091451374,25.505674895295034,25.662473678588867,36300600
2018-04-20,25.61020819971485,25.631113641443566,25.37675523916904,25.5405216217041,27380800
2018-04-23,25.46037904224536,25.700802249740217,25.321003231257436,25.697317123413086,29689200
2018-04-24,25.76701321212007,25.944717503192017,25.28268415037612,25.422060012817383,45575000
2018-04-25,25.341915189604116,25.658992615969137,25.181631254619813,25.624149322509766,26326600
2018-04-26,25.718223314959936,26.017880386896096,25.638084015705243,25.99697494506836,24433800
2018-04-27,25.73216101858498,25.850631391149783,25.620660898838864,25.721708297729492,21078600
2018-04-30,25.679895155795382,26.00742792568758,25.672927561240748,25.718223571777344,25926400
2018-05-01,25.589299946862116,25.606720260264815,25.237376652311664,25.561424255371094,27601800
2018-05-02,25.48477095056111,25.86805245716323,25.44992766057412,25.66596031188965,26869400
2018-05-03,25.547493732479815,25.6485411493195,25.261774458729793,25.606727600097656,30659200
2018-05-04,25.537041705345853,25.8227609868783,25.432509158630506,25.732166290283203,27171000
2018-05-07,25.9342555199554,26.331474858159268,25.714740409381424,25.767004013061523,35947400
2018-05-08,25.77746341324,25.98304070877679,25.310554766674603,25.96910285949707,57548200
2018-05-09,26.28617648665761,26.7914107715612,26.282691360601284,26.49872398376465,49807800
2018-05-10,26.6032639954657,26.760062827388342,26.48131112066362,26.697343826293945,27780200
2018-05-11,26.756573626764247,26.916854903300187,26.67643165930983,26.735668182373047,24021400
2018-05-14,26.819290273989072,27.042290522578654,26.819290273989072,26.920337677001953,20452600
2018-05-15,26.861101109065345,26.969118764979996,26.721727947736046,26.927305221557617,20965400
2018-05-16,26.888986457098728,27.03881505184752,26.753095715160708,27.021394729614258,23994400
2018-05-17,27.10849930932511,27.467390313205915,27.09456145908847,27.429061889648438,32542600
2018-05-18,27.380279087465723,27.4081547862535,27.195607235149353,27.21651268005371,28185400
2018-05-21,27.369827967178463,27.49526596069336,27.230452123453787,27.49526596069336,23026200
2018-05-22,27.49177632419185,27.672963030453488,27.05274341890236,27.1294002532959,33166800
2018-05-23,26.972606411233716,27.146825537543076,26.749603483854674,27.125917434692383,33211600
2018-05-24,26.812321958261766,26.854135504783375,26.5579635274473,26.679916381835938,38309600
2018-05-25,26.20952099544705,26.244364282663966,25.728674593387453,25.986520767211914,64907000
2018-05-29,25.784424962722685,26.066659033932808,25.665957259182935,25.9063777923584,38655000
2018-05-30,26.129388475051847,26.808844783742,26.11893575095057,26.69037437438965,46044400
2018-05-31,26.495240058336705,26.80534983209518,26.432521078342162,26.488269805908203,26517400
2018-06-01,26.578869017815407,26.791416560851317,26.470854012079172,26.613712310791016,28205000
2018-06-04,26.70430775128138,26.89943232413822,26.31405594719477,26.383745193481445,27378400
2018-06-05,26.25482172989649,26.52312067235319,26.195587865126065,26.321025848388672,27415800
2018-06-06,26.418592650364282,26.51615495216614,26.213015322763695,26.446468353271484,26958400
2018-06-07,26.585843061317824,27.00048282606941,26.578872806705363,26.847171783447266,30357800
2018-06-08,26.87852723980593,26.95169895560828,26.627651266556192,26.794902801513672,22473200
2018-06-11,26.78793239899341,27.0562313471532,26.732183659898837,26.93427848815918,21435600
2018-06-12,26.934280609201867,26.9969996071054,26.655528916658785,26.728700637817383,31414400
2018-06-13,26.64507419096411,26.78445002676123,26.519636204583996,26.62765121459961,25004200
2018-06-14,26.70431405560807,26.780970915434022,26.526609758590954,26.58932876586914,20582200
2018-06-15,26.435677465096703,26.48829678469982,25.962108941328196,26.018234252929688,32178800
2018-06-18,25.95158403702207,26.453216524299574,25.95158403702207,26.277820587158203,26368800
2018-06-19,25.962101285889855,26.31639906899761,25.88843533069926,26.218177795410156,25215200
2018-06-20,26.376036485758885,26.43216178246641,26.123465959752377,26.333940505981445,23311800
2018-06-21,26.148029062894533,26.16206106033087,25.723571176682245,25.84634780883789,30019600
2018-06-22,26.484789497750317,26.649662125485523,26.35850419464803,26.36201286315918,56072600
2018-06-25,26.284835378850886,26.32342269932183,25.65691759957685,25.832313537597656,36760600
2018-06-26,25.898968798677085,26.260284057868432,25.80776214762984,26.158554077148438,27047200
2018-06-27,26.37603654976584,26.839081623125093,26.365513223878207,26.509336471557617,41167800
2018-06-28,26.547937770644946,26.646159099115547,26.270811778842614,26.474271774291992,28570800
2018-06-29,26.54793252713645,26.91977110471309,26.54793252713645,26.63913917541504,26335800
2018-07-02,26.453218767658022,26.460233428153526,26.102426863626466,26.24625015258789,30593200
2018-07-03,26.519860250832362,26.821541420971027,26.347973013627954,26.411115646362305,18616400
2018-07-05,26.572480732507092,26.656670021099288,26.305878196247708,26.383052825927734,19939000
2018-07-06,26.302379451081492,26.628616045122577,26.179600137495196,26.544424057006836,18620600
2018-07-09,26.70578429068051,26.979404199354892,26.691752294620574,26.94081687927246,22118400
2018-07-10,27.105688627830343,27.36176788950957,27.07411864182689,27.140769958496094,22007200
2018-07-11,26.888193761889074,27.053066346872953,26.390070015665295,26.565465927124023,38725600
2018-07-12,26.635627865115495,26.78295981410924,26.421644601721383,26.611072540283203,25136000
2018-07-13,26.63562659127601,26.91275248760395,26.56546928834748,26.751388549804688,22846200
2018-07-16,26.48829264042268,26.618083908629885,26.21818142434135,26.44268798828125,22781200
2018-07-17,26.35498992098042,26.484783864989392,26.190120004639514,26.337451934814453,19506400
2018-07-18,26.21116863956189,26.393579232184354,25.951583408254315,26.354991912841797,30703000
2018-07-19,26.284838213893345,26.474266168546777,26.256774218463967,26.36201286315918,32463600
2018-07-20,26.362012002890904,26.42164598398487,26.186616051675834,26.27080535888672,21722400
2018-07-23,26.34447059142457,26.36201125658143,26.10944066576924,26.15504264831543,15247600
2018-07-24,26.27080561795437,26.63913818967023,26.235726962631396,26.48478889465332,20337000
2018-07-25,26.519870265096877,26.77244089140839,26.39007895948077,26.70578956604004,22070600
2018-07-26,26.76191260498057,27.046053168792277,26.70929328818924,26.9969425201416,24374800
2018-07-27,26.695258654082803,27.021495174356662,26.660180005131398,26.88117790222168,25281800
2018-07-30,27.095159331140355,27.207412606088273,27.00395538522148,27.102176666259766,22790000
2018-07-31,27.15128370698066,27.224949657992518,26.989919812907704,27.053062438964844,22581000
2018-08-01,26.818031786475387,26.828557788492482,26.533891287581174,26.677717208862305,22345000
2018-08-02,26.48127723125413,26.58300719361624,26.309389966180685,26.53038787841797,19379400
2018-08-03,26.481287018742524,26.530397684057675,26.260289024824345,26.39358901977539,15326600
2018-08-06,26.47075555871262,26.6180875094169,26.31290027957657,26.491802215576172,16400200
2018-08-07,26.76191174392125,26.835577714527076,26.60405379862631,26.68824577331543,23596600
2018-08-08,26.502330981647983,26.593534955112496,26.337458348825994,26.49531364440918,18797600
2018-08-09,26.516357676122603,26.565471002937915,26.20766177645182,26.249757766723633,30465000
2018-08-10,26.190117769956633,26.411115646362305,26.13749846328982,26.411115646362305,33955400
2018-08-13,26.36200718683934,26.45321381418107,26.060325991756905,26.074357986450195,19634000
2018-08-14,26.274317035840713,26.31290436363288,26.02876107022418,26.137508392333984,20875800
2018-08-15,25.888439260025915,25.93053256862144,25.151774243651598,25.22544288635254,52800800
2018-08-16,25.348216301623687,25.551673512289863,25.334184308417566,25.40785026550293,50026600
2018-08-17,25.474503617007358,25.537646253358727,25.379788324315673,25.47099494934082,23065400
2018-08-20,25.47801260071885,25.734091843867187,25.46748927281254,25.642885208129883,16691400
2018-08-21,25.856860017931673,25.979636597286497,25.74460676304602,25.77267074584961,19018200
2018-08-22,25.93404886801796,26.162064169882495,25.916508200055237,26.08138084411621,18690800
2018-08-23,25.958593368530273,26.004195339347877,25.86037209210524,25.958593368530273,12937800
2018-08-24,26.119959616331446,26.30237286860117,26.09540429502544,26.14802360534668,15506600
2018-08-27,26.235719797026466,26.3760370563242,26.19713248381136,26.34095573425293,13969800
2018-08-28,26.39006721440031,26.498811811536303,26.21116265433067,26.228700637817383,16787000
2018-08-29,26.31290103776405,26.49882031562844,26.23221772357942,26.39007568359375,15520800
2018-08-30,26.379548896868776,26.432168215314373,26.179597627839275,26.31640625,18500400
2018-08-31,26.23572408230539,26.24273874206793,26.004200165198206,26.112947463989258,17819200
2018-09-04,26.232208171639403,26.253254821445676,25.951576361016773,26.056812286376953,30189400
2018-09-05,25.937548762553575,26.03577004672547,25.674454890094875,26.021738052368164,19196200
2018-09-06,25.92352132230178,26.011219295194323,25.47099946101669,25.541156768798828,28812800
2018-09-07,25.44644251927605,25.583251134191816,25.17983994924526,25.537649154663086,20268800
2018-09-10,25.66744169478354,25.7726803312732,25.520109744761776,25.527124404907227,17823400
2018-09-11,25.50257007492312,25.916504624227166,25.432412765412526,25.76917266845703,28563200
2018-09-12,25.979644272354694,26.15854887016981,25.895454975400906,25.902469635009766,25378800
2018-09-13,25.86038268699481,25.962112672493102,25.6884953828295,25.913002014160156,22074800
2018-09-14,25.91650206572789,26.148025981650264,25.905978737973154,26.0498046875,18988600
2018-09-17,26.116449469695755,26.267290056699192,26.028751516236294,26.091894149780273,29457800
2018-09-18,26.27782403593633,26.442693990370362,26.26028336938826,26.263792037963867,20447000
2018-09-19,26.270799294392006,26.45321254029111,26.24624397394357,26.344465255737305,21823000
2018-09-20,26.45672024616413,26.5584502021375,26.31991164103807,26.351484298706055,25024800
2018-09-21,26.49382672554323,26.613914764562796,26.31369197228183,26.52561378479004,27420200
2018-09-24,26.758728998484568,27.03069482372975,26.73753493144911,26.91413688659668,25569000
2018-09-25,27.083680721984887,27.20023867965814,27.0483608636776,27.08721351623535,26055200
2018-09-26,26.921204661568694,27.062486776114252,26.779922547023137,26.825838088989258,25457200
2018-09-27,26.931800348581476,26.967120203534815,26.755198379082582,26.825838088989258,21344200
2018-09-28,26.698687793633123,27.034233194475153,26.684562005671335,26.75166893005371,29666200
2018-10-01,26.8505614496194,27.23555513281221,26.8505614496194,27.122529983520508,25425200
2018-10-02,27.189647642113204,27.24262609126925,26.96359458187142,27.150794982910156,18936800
2018-10-03,27.267342493670103,27.451010047502656,27.1896398921448,27.36977195739746,26489600
2018-10-04,27.281472368196003,27.447478656003593,27.09780749971178,27.25674819946289,30385400
2018-10-05,27.228490834043818,27.341518683417764,27.087211411790882,27.253217697143555,23966400
2018-10-08,27.051890369915597,27.274410592363026,26.945930797317562,27.232025146484375,23157200
2018-10-09,27.32738401204564,27.677055083958972,27.21082608983065,27.47572898864746,33633400
2018-10-10,27.521648444647454,27.567566678283644,26.490293658287158,26.613914489746094,52810600
2018-10-11,26.35607639190525,26.373734970336656,25.518982165976634,25.713245391845703,71184200
2018-10-12,25.967546965203674,26.04525224664902,25.391825635443848,25.78388214111328,47158000
2018-10-15,25.78035751611174,25.886319787061193,25.56137277509051,25.568435668945312,23180800
2018-10-16,25.639075232002323,25.82627560218321,25.533115656423536,25.780357360839844,29142200
2018-10-17,25.730903098317306,25.808608386031683,25.398893270899304,25.617877960205078,31608400
2018-10-18,25.381234117153983,25.727372452573043,25.328252989768433,25.490726470947266,33173400
2018-10-19,25.36357371840498,25.635542257494738,25.247018467812968,25.264677047729492,27136200
2018-10-22,25.24702199762292,25.30000043951163,24.83377128776314,24.98564910888672,24589000
2018-10-23,24.618308627463637,24.62537421390372,23.986076072391526,24.33221435546875,52955400
2018-10-24,24.448776914104176,24.45583980715156,23.36444093690867,23.371503829956055,56200400
2018-10-25,23.657602310180664,23.90131120896458,23.498658912122618,23.657602310180664,50666600
2018-10-26,23.463333906292245,23.77062225265185,23.09246875360761,23.480995178222656,51159800
2018-10-29,23.654068058947463,23.685855119761534,22.735738362978942,23.04302406311035,48919600
2018-10-30,23.028895433913664,23.632876532811544,22.922935870483915,23.57636260986328,52794800
2018-10-31,23.805946246423932,24.120297539445577,23.689388298746543,23.72117805480957,34575600
2018-11-01,23.77062093490881,24.035523830789376,23.526909408384572,23.92249870300293,42951600
2018-11-02,24.187410814168324,24.364012812039864,23.62228226519329,23.86246109008789,42425000
2018-11-05,24.152080662193743,24.35693956202578,24.095569441910435,24.26157569885254,26463200
2018-11-06,24.321620241340053,24.42758248693143,24.084974280215395,24.374601364135742,26144200
2018-11-07,24.688957313868453,24.851430811909214,24.406393068308308,24.773725509643555,33325800
2018-11-08,24.660696248991528,24.854959472347332,24.14855167066355,24.236852645874023,30289800
2018-11-09,23.915441791691826,24.34988388420511,23.784755345549517,24.194473266601562,45835600
2018-11-12,24.36047198641389,24.46290143477843,23.643468542593858,23.692916870117188,36083200
2018-11-13,23.62581160192733,23.752965237363917,23.02536597493519,23.14898681640625,65463800
2018-11-14,23.509257491277836,23.59755849170449,22.898216077375693,23.110137939453125,45084200
2018-11-15,22.961783146125715,23.47746044607338,22.961783146125715,23.449203491210938,40613600
2018-11-16,23.594026335299866,23.809480973139213,23.477468378160722,23.728242874145508,39511000
2018-11-19,23.583426038179418,23.8165419335342,23.509253533675324,23.72117805480957,31167600
2018-11-20,23.410353245780094,23.466867161283798,22.76752227795039,22.944124221801758,52648800
2018-11-21,23.1242628157117,23.551639267741887,23.07128168477375,23.304397583007812,34661800
2018-11-23,22.725143459397632,22.806381562909625,22.407260676310067,22.573266983032227,28843600
2018-11-26,22.739266403410213,23.064216043572262,22.73573630457193,22.912338256835938,33365400
2018-11-27,22.79578709388745,23.01477454985616,22.71808178064911,22.84876823425293,44528600
2018-11-28,22.827573027193278,23.258482328483595,22.682760791770157,23.24082374572754,42296400
2018-11-29,23.25847906523971,23.579895946255743,23.226692003899082,23.392698287963867,28828400
2018-11-30,23.187839694150565,23.417422798990128,23.071281744730626,23.350313186645508,36258000
2018-12-03,23.88365248368832,24.01433622282813,23.59049255336375,23.869524002075195,43990800
2018-12-04,23.880115382940545,23.957820670432792,23.14191784649604,23.184303283691406,36592600
2018-12-06,22.67568940717592,22.792247341451652,22.27656996843007,22.756927490234375,70712200
2018-12-07,23.19136774935607,23.533973244876893,22.590919544411584,22.629772186279297,54891400
2018-12-10,22.470829313650928,22.580322995876198,21.764421589950413,22.276567459106445,46765600
2018-12-11,22.619180097551563,22.661565539436868,22.05052155223477,22.28363609313965,34483200
2018-12-12,22.64743870830014,22.799316517702415,22.357810223786878,22.371938705444336,38534800
2018-12-13,22.318957078693074,22.583860040756832,22.220060404013104,22.44257926940918,30598000
2018-12-14,22.304829944751294,22.39666237875911,21.82447235796298,21.93043327331543,45787200
2018-12-17,21.873909586511097,22.057575708616966,21.375892324646024,21.531301498413086,41464600
2018-12-18,21.49245796099953,21.570163254440768,20.90613950856861,21.02269744873047,53234000
2018-12-19,21.13219026579125,21.531309708014895,20.60238440871983,20.775453567504883,91097800
2018-12-20,20.5211434667127,20.835496029911944,20.076107201599594,20.19972801208496,77008800
2018-12-21,20.203296067227786,20.53841426453266,19.8360934739794,20.003652572631836,74787400
2018-12-24,19.76835954052144,19.86461681828049,19.17655659427539,19.194381713867188,31211800
2018-12-26,19.379768630313514,20.392251066833715,19.023260749284844,20.38868522644043,58194000
2018-12-27,19.978699354749693,20.520591425924305,19.707752639177656,20.495635986328125,48754600
2018-12-28,20.588331439357844,20.68102289593624,20.213998412454377,20.338775634765625,38874800
2018-12-31,20.52058834010707,20.595454647637467,20.206861112400183,20.445720672607422,37410400
2019-01-02,20.121299367209872,20.98761341385329,20.017913140714402,20.848575592041016,49785200
2019-01-03,20.909182679833375,20.98404899024428,20.406506744265524,20.641801834106445,36048200
2019-01-04,20.998312162898316,21.408295359849518,20.877099443806333,21.34412384033203,42703000
2019-01-07,21.50454835779269,21.818275572977292,21.21934241670178,21.66141128540039,36113400
2019-01-08,21.964449042430992,22.01435992425929,21.711328793176328,21.828975677490234,37384600
2019-01-09,22.121306996838108,22.249650012447358,21.893142240185764,22.17478370666504,37513600
2019-01-10,22.007227730043272,22.26747827739392,21.882450536097554,22.23895835876465,38335200
2019-01-11,22.124876421493852,22.249653618017945,21.910970907491834,22.1070499420166,28211800
2019-01-14,21.896705512174996,22.142696731852265,21.864621120010987,22.053569793701172,26383400
2019-01-15,22.174790070382755,22.342347846652334,22.021491575519153,22.132009506225586,19642400
2019-01-16,22.107043864309805,22.285297730320902,22.02861308804389,22.103479385375977,25082200
2019-01-17,21.935919947255105,22.402945557939415,21.886009083206364,22.30668830871582,20349600
2019-01-18,22.57051173012868,22.777285569138094,22.43860285079271,22.75946044921875,29063600
2019-01-22,22.509900162915628,22.559811032638763,22.20330326608015,22.2639102935791,39726400
2019-01-23,22.34234309259563,22.370864369277992,21.853927789149417,22.035747528076172,46735400
2019-01-24,21.98939575613827,22.353033785097967,21.90026882825508,22.15338897705078,26098400
2019-01-25,22.342342917046363,22.574073528377163,22.306692681442843,22.435035705566406,20467200
2019-01-28,22.13913403467588,22.221132026184694,21.96801045233664,22.21043586730957,24044800
2019-01-29,22.338773383417433,22.427900312230935,22.26034125087147,22.278167724609375,23768200
2019-01-30,22.41720991133441,22.663199793502383,22.295997209982957,22.59189796447754,24233000
2019-01-31,22.62754728036724,22.84501722500749,22.56694025581004,22.73806381225586,35688400
2019-02-01,22.984060241343165,23.269264873454944,22.909193923416115,23.133792877197266,29544800
2019-02-04,22.97692440009063,23.194394354655763,22.805802195804286,23.187265396118164,20215800
2019-02-05,23.16944464941936,23.26213745296046,23.094578326538155,23.22292137145996,15705400
2019-02-06,23.11240545821815,23.176576982486605,23.030407452787674,23.051799774169922,13607600
2019-02-07,22.909188460315132,22.98762059942248,22.3316449341105,22.54198455810547,29200200
2019-02-08,22.48138245552542,22.53485780977678,22.057137301296894,22.438600540161133,21268800
2019-02-11,22.33164582845383,22.58120153199674,22.267474322972244,22.545551300048828,24994800
2019-02-12,22.848590441232755,22.96267558255061,22.566950228437857,22.830766677856445,21354600
2019-02-13,22.923453067382237,23.297784632594393,22.898497629701428,23.115964889526367,26123400
2019-02-14,23.03396665623191,23.37264794121284,22.991184745733307,23.197959899902344,20426400
2019-02-15,23.44039107395493,23.590123717763646,23.38691435261209,23.57229995727539,20367600
2019-02-19,23.45464606255383,23.732721682603177,23.418995830228752,23.64359474182129,17443200
2019-02-20,23.607951451268704,23.861071711125106,23.60438561100617,23.743423461914062,19871400
2019-02-21,23.668557044926434,23.729162729460338,23.290659576727773,23.376220703125,23732200
2019-02-22,23.550907095410235,23.622210295541315,23.326308134860014,23.44395637512207,19896600
2019-02-25,23.36908716947944,23.561598986215852,23.34769485211201,23.483169555664062,31808800
2019-02-26,23.461778210264832,23.622208357442947,23.401172535080068,23.40830421447754,21101400
2019-02-27,23.52238432964223,23.739851571328078,23.386909633584686,23.49742889404297,20588000
2019-02-28,23.500996058331747,23.533083178161178,23.11596694001232,23.262136459350586,22498800
2019-03-01,23.386914096574127,23.693511060981493,23.386914096574127,23.689945220947266,40655800
2019-03-04,23.775508971211345,23.83254881184581,23.376219207014106,23.73272705078125,39560000
2019-03-05,23.764810416620115,23.77550521505328,23.48673205766502,23.6542911529541,31615000
2019-03-06,23.461774761956296,23.511685630647918,23.23717585284399,23.35482406616211,45381000
2019-03-07,23.369088263528546,23.386912022240768,23.123097001826533,23.215789794921875,46892400
2019-03-08,22.841455131312863,22.88780016713749,22.57050979583823,22.78084945678711,31243000
2019-03-11,22.948405221697083,23.19083060445629,22.927012906789464,23.137353897094727,26424200
2019-03-12,23.17657564785156,23.40474044990283,23.169443967821774,23.287092208862305,22026200
2019-03-13,23.43325769809098,23.53307944182017,23.336999073824604,23.522384643554688,26413600
2019-03-14,23.543778367737183,23.664989729247885,23.518822927429746,23.547344207763672,24640800
2019-03-15,23.52722142802556,23.609859792898803,23.448174128566766,23.538000106811523,24854800
2019-03-18,23.56674064719339,23.90448717839044,23.555961969180057,23.86496353149414,20135800
2019-03-19,23.98352721928256,24.105689188185274,23.7032707106043,23.800281524658203,25052000
2019-03-20,23.778735571184132,24.224271702574917,23.706875877540057,24.008689880371094,27325800
2019-03-21,23.936824064046608,24.217080635353312,23.886521743108013,24.17755699157715,35755800
2019-03-22,23.958385651954313,23.997909302714532,23.433802254275758,23.52362823486328,39949600
2019-03-25,23.423019527814898,23.573926491220746,23.308042402181265,23.53440284729004,24692600
2019-03-26,23.807477515932003,24.033837989253602,23.7428027033728,23.87215232849121,23033000
2019-03-27,23.854180721784203,23.961972965789457,23.52362186069836,23.70327377319336,19165200
2019-03-28,23.602677331722955,23.821852960329824,23.555966063850665,23.793107986450195,18298400
2019-03-29,24.023061499306834,24.08054870389054,23.67813004799012,23.757177352905273,20075200
2019-04-01,23.915268109924096,24.120071235289238,23.882932072837093,24.06976890563965,24823400
2019-04-02,24.130852742723803,24.15241010085965,23.847002315092535,23.904489517211914,22304800
2019-04-03,23.972756740061865,24.019465260386323,23.59189548178385,23.67453384399414,23979600
2019-04-04,23.688906569361585,23.890115878980783,23.57392942939758,23.87215232849121,21008600
2019-04-05,23.936827584183845,24.321282660049942,23.92604616416501,24.292537689208984,34538400
2019-04-08,24.328461458635577,24.522485851467795,24.299716494970667,24.40032386779785,21204200
2019-04-09,24.328470413377918,24.328470413377918,24.026656407617516,24.102109909057617,29083800
2019-04-10,24.156004740349175,24.303317928141286,24.127259767662895,24.19193458557129,18751200
2019-04-11,24.170372438867265,24.378769361290207,24.023059263548454,24.209896087646484,21828400
2019-04-12,24.558422803035306,24.576389095850594,24.213491362898807,24.274572372436523,30853600
2019-04-15,24.245834635674537,24.303321849050167,24.09133380914916,24.130857467651367,16601400
2019-04-16,24.21708265577745,24.324872177665473,24.130850490012808,24.288942337036133,16260400
2019-04-17,24.436262848607555,24.49015899033575,24.224272088815756,24.256610870361328,21869200
2019-04-18,24.324871268120088,24.357210042367083,24.08054452319676,24.14162826538086,19519000
2019-04-22,24.364392230095284,24.66980268356322,24.2961263653526,24.651836395263672,28329400
2019-04-23,24.66980606902316,24.723699458776192,24.45063047979051,24.612316131591797,20424400
2019-04-24,24.63387714725842,24.64824963375153,24.170374737623806,24.181156158447266,22038200
2019-04-25,24.177560057483007,24.303315875776324,24.05180423918969,24.105697631835938,24121800
2019-04-26,23.929642500471036,23.93683011457674,23.58471103773029,23.793107986450195,33676800
2019-04-29,23.800291455766608,23.90089611714099,23.72483795973582,23.771549224853516,25949000
2019-04-30,24.001502578879908,24.019466129837454,23.724837029674767,23.753582000732422,28654000
2019-05-01,23.76076272035227,23.832625135437503,23.261330585910983,23.279296875,44311400
2019-05-02,23.131985087999194,23.272113395711997,22.86250852206849,22.873287200927734,56066000
2019-05-03,23.08887517952871,23.2685271746421,23.034979032740317,23.085281372070312,39249000
2019-05-06,22.909213746019482,23.182284079346957,22.88765639140457,23.106830596923828,40689400
2019-05-07,22.833759530392868,22.923585493431894,22.614583961275983,22.905620574951172,30129000
2019-05-08,22.894841897989824,23.09605117799057,22.84453957798964,22.905620574951172,19647400
2019-05-09,22.797829693431428,22.991854102548224,22.603805284314635,22.905620574951172,28819000
2019-05-10,22.905618326662427,23.070897753478818,22.582244343208373,23.013410568237305,26150000
2019-05-13,22.805019424827165,22.916402758833993,22.510390330622595,22.618181228637695,28139600
2019-05-14,22.74034138006322,23.08886655906121,22.718782655269845,22.89484214782715,18484000
2019-05-15,22.765490057377434,23.063712883300095,22.704407695775984,23.013410568237305,20184600
2019-05-16,23.0709010807321,23.225401853927004,23.0709010807321,23.139169692993164,18753000
2019-05-17,22.98466786102885,23.110423661029316,22.876875608873682,22.905620574951172,21111400
2019-05-20,22.9092165741352,23.02419508569572,22.869694295583727,22.91640281677246,16372200
2019-05-21,23.013418573522575,23.24696394272329,22.98467360026751,23.182289123535156,36761000
2019-05-22,23.042151228150335,23.09604734528405,22.747523598560992,22.82297706604004,19274000
2019-05-23,22.44211797078242,22.46008288901824,21.92472092415964,22.057662963867188,47927200
2019-05-24,22.233730087399834,22.31996227279897,21.94987962163628,22.140310287475586,20306800
2019-05-28,22.1546814088798,22.194205062515092,21.878017204068556,21.910354614257812,25861200
2019-05-29,21.608534693299948,21.7845941940712,21.479185079775846,21.770221710205078,33903200
2019-05-30,21.73428934856195,21.773811618653344,21.4252878344824,21.493555068969727,30347800
2019-05-31,21.198926951696016,21.392951357833525,21.116287231445312,21.116287231445312,43797000
2019-06-03,21.26001549174883,21.48997118653031,21.227679449887003,21.385772705078125,36049400
2019-06-04,21.586977945304355,21.8061521625676,21.529488008222867,21.755849838256836,29486800
2019-06-05,21.798962815987135,21.80614905709891,21.385764231825142,21.515113830566406,31763800
2019-06-06,21.558238429267952,21.99658971593322,21.558238429267952,21.913949966430664,64787800
2019-06-07,21.98221375535893,22.154679471071272,21.92831761954572,22.014551162719727,31548200
2019-06-10,22.133120304271287,22.276842416502983,22.046888133440785,22.079225540161133,19675600
2019-06-11,22.27324758734983,22.34510726510912,22.1151530067542,22.122339248657227,19045200
2019-06-12,21.97862344648148,22.028927154209512,21.741482878307156,21.809751510620117,27633000
2019-06-13,22.061259325055175,22.16545641114531,21.80256008646325,22.064851760864258,24383000
2019-06-14,22.11874938273665,22.122341818787778,21.867236369452346,21.921131134033203,15832600
2019-06-17,21.87441779015706,22.165453018390107,21.80614918451397,22.104372024536133,17590400
2019-06-18,22.248099178173558,22.542729668253806,22.20857689633626,22.409786224365234,34444200
2019-06-19,22.377445868307323,22.513981730515376,22.266062539426382,22.384632110595703,17655400
2019-06-20,22.74393821507783,22.916403934879877,22.718787049938097,22.880474090576172,51908000
2019-06-21,22.915282298044314,23.129206663380224,22.915282298044314,23.045812606811523,32712600
2019-06-24,23.03855677945041,23.10382192253128,22.80287694241989,22.839136123657227,20793200
2019-06-25,22.824634550398308,22.846388677995154,22.632464330031905,22.657846450805664,23774600
2019-06-26,22.886272898830242,23.17996606725964,22.828259587144412,23.00592613220215,28653600
2019-06-27,23.00592687496051,23.07481725257833,22.788375911755058,22.835512161254883,21217400
2019-06-28,22.889897215914896,23.121950439413098,22.889897215914896,23.100194931030273,34739200
2019-07-01,23.386632082351518,23.46277427345528,23.063933039262754,23.121946334838867,29772600
2019-07-02,23.053062159383476,23.10019702376358,22.650594208291192,22.752117156982422,24190800
2019-07-03,22.784748684941274,22.86089089296417,22.64696655865243,22.842761993408203,13974600
2019-07-05,22.7593757936356,22.897157967415204,22.708614304123863,22.875402450561523,14726400
2019-07-08,22.839139177431786,23.03493324970729,22.773874025624444,22.908029556274414,17256400
2019-07-09,22.871770296735868,22.940660671191182,22.71948449116829,22.926156997680664,14976200
2019-07-10,23.071191342124024,23.299619362621296,22.91890553407702,23.219850540161133,23534800
2019-07-11,23.288749469435068,23.29237331426782,23.121959936287308,23.266992568969727,25362600
2019-07-12,23.28149179534819,23.44465606931642,23.28149179534819,23.364887237548828,16162800
2019-07-15,23.40477226619962,23.41927317572498,23.103827217122124,23.15458869934082,19077800
2019-07-16,23.107450238731726,23.147334651852496,22.817383665780497,22.908029556274414,21174200
2019-07-17,22.889904401776693,22.96242140267183,22.632468979441622,22.64697265625,27329400
2019-07-18,22.53819521124984,22.650596618652344,22.407664901529923,22.650596618652344,25509000
2019-07-19,22.672350876432898,22.831888537280456,22.567202689138437,22.75574493408203,19930600
2019-07-22,22.842762442250898,22.93703355168212,22.679599576748398,22.860891342163086,15686200
2019-07-23,22.860893111031785,22.98417157637834,22.792002732776496,22.92253303527832,14537600
2019-07-24,22.893524542053463,23.169088807590306,22.86814380485223,23.020429611206055,19815400
2019-07-25,23.1074487617777,23.13645610879203,22.690478522044998,22.759368896484375,20140800
2019-07-26,22.759367680016044,22.762992906625854,22.545443348231966,22.643341064453125,19307600
2019-07-29,22.62521321189585,22.643342112076372,22.385908133332276,22.552696228027344,16569800
2019-07-30,22.46205056385961,22.860891904321022,22.418540926371158,22.80650520324707,21602600
2019-07-31,22.80650861836209,23.002302707952133,22.54544798804651,22.733991622924805,30556000
2019-08-01,22.483809717542172,22.588959299530885,22.077716449521507,22.21912384033203,50380400
2019-08-02,22.309763781003127,22.4402940708991,21.675242614233788,21.90004539489746,43399800
2019-08-05,21.493947616838447,21.551960916598823,21.09510635387914,21.247390747070312,55153800
2019-08-06,21.301784206879255,21.42506267293429,20.99358873331493,21.222015380859375,33995000
2019-08-07,20.834054762806414,21.16400580626636,20.72527995192396,21.062482833862305,49604400
2019-08-08,21.2038870183053,21.678871993177363,21.105989288378392,21.667993545532227,46535600
2019-08-09,21.686121500326735,21.733256363520194,21.338040259162245,21.428686141967773,29186400
2019-08-12,21.377923043581575,21.410555614236433,21.080604681235652,21.174877166748047,43838000
2019-08-13,21.080609448753698,21.570098119277667,20.968209422414077,21.370676040649414,28695200
2019-08-14,20.913820225752783,20.964581703757837,20.500475181258462,20.53310775756836,47299400
2019-08-15,20.424330691759998,20.522227026650818,20.185024236682573,20.406200408935547,28575800
2019-08-16,20.514978501937694,20.736153311837228,20.446086740279508,20.674514770507812,42798600
2019-08-19,20.964578645437538,21.20751031878259,20.924694237638626,21.131366729736328,27763200
2019-08-20,21.02985088025838,21.05523162411729,20.87393980618403,20.95370864868164,19042600
2019-08-21,21.171254161482665,21.207513347909014,21.011717890646352,21.087860107421875,24074800
2019-08-22,21.16037366763787,21.243767708182876,20.982707140809765,20.99358558654785,18706200
2019-08-23,20.74340585737079,20.93920131853827,20.174149759016366,20.290176391601562,48817800
2019-08-26,20.467841243870883,20.576616029955012,20.290174699521195,20.377195358276367,21610600
2019-08-27,20.48597169801913,20.56936575311313,20.141517030007197,20.25029182434082,23662600
2019-08-28,20.355444884833982,20.64188628614882,20.253921910452735,20.540363311767578,31388800
2019-08-29,20.699897398954633,20.92832545003822,20.678141885421603,20.841304779052734,24663400
2019-08-30,20.921073612193872,21.102365408862543,20.71802630199217,20.841304779052734,26044600
2019-09-03,20.50409489586477,20.78328433297972,20.4424563700433,20.739774703979492,27929600
2019-09-04,21.029844284057617,21.120490164592347,20.968205749204255,21.029844284057617,22381800
2019-09-05,21.214759506924572,21.526581531327235,21.182126937320895,21.290903091430664,29077000
2019-09-06,21.247395920650497,21.428687699438115,21.127744065886848,21.40330696105957,24468600
2019-09-09,21.57734700879778,21.881917253984188,21.53383736895587,21.83115577697754,49514200
2019-09-10,21.96530974143726,22.407660683938087,21.92179872428925,22.088586807250977,51436000
2019-09-11,22.21187071313051,22.385912058187646,21.99069587911595,22.110347747802734,45504000
2019-09-12,21.831155425348506,22.132100438678552,21.649863648589633,21.972562789916992,38119000
2019-09-13,22.11759147466399,22.262625414641562,22.02332038188088,22.14659881591797,28123200
2019-09-16,23.07481528917201,23.07844189898076,22.625212493133898,22.8898983001709,61355600
2019-09-17,22.90440370833939,22.911655545797824,22.418543046943462,22.57082748413086,52900000
2019-09-18,22.407663305376932,22.552697279878288,22.30614035311388,22.462051391601562,23209000
2019-09-19,22.59620246353734,22.64696392965992,22.33514191416842,22.404033660888672,28037000
2019-09-20,22.418676287925997,22.510151219052283,22.3125650328283,22.422334671020508,40300200
2019-09-23,22.272314278206537,22.48819515636019,22.24670141095073,22.429651260375977,18660800
2019-09-24,22.360129311275273,22.38208239841515,21.943003906059744,22.07472801208496,41101000
2019-09-25,21.972272523204573,22.136927636020186,21.921046798283346,22.11131477355957,20248400
2019-09-26,22.012527932047067,22.06375367145734,21.712490261961122,21.8222599029541,28011000
2019-09-27,21.70151380463598,21.986915151534838,21.661264610422712,21.818601608276367,31263200
2019-09-30,21.716146629711467,21.80396317183378,21.63930802772731,21.66126251220703,39616800
2019-10-01,21.7344471218195,21.81494412291282,21.156324809238836,21.159984588623047,32749400
2019-10-02,21.035576126593693,21.086801865550825,20.58185984649377,20.640403747558594,37824600
2019-10-03,20.52696947155477,20.885552351001316,20.35865597029382,20.863597869873047,40914200
2019-10-04,20.951414216352486,21.024594428555798,20.739193136338983,20.995323181152344,20275800
2019-10-07,21.028252625717677,21.10874959687186,20.797735463138835,20.808712005615234,23284800
2019-10-08,20.596491302552554,20.757486643479027,20.42451802316093,20.45379066467285,40038400
2019-10-09,20.6367453644031,20.75383316653275,20.600154553864645,20.640403747558594,17833800
2019-10-10,20.709918563018835,20.955072041682673,20.676987540386268,20.90018653869629,20111400
2019-10-11,21.116068493245084,21.379516688233494,21.079479086517313,21.181930541992188,45127800
2019-10-14,21.028260689901618,21.24779999839943,20.94776229208054,21.170961380004883,24321200
2019-10-15,21.12705486413717,21.47100017036151,21.101440594248878,21.258777618408203,22170000
2019-10-16,21.18558990539873,21.335608703319945,20.955072739296632,20.962390899658203,23910600
2019-10-17,21.05021436344586,21.116076436969827,20.911173448936967,20.977035522460938,22616200
2019-10-18,20.92214166924283,21.09045516979711,20.863597782276283,20.86725616455078,20555600
2019-10-21,20.907507948043346,21.258771313516228,20.88189508154823,21.240476608276367,20948000
2019-10-22,21.306333730624917,21.760049852823844,21.24047169037352,21.514896392822266,39393800
2019-10-23,21.478312014104702,21.738100458190385,21.38683709189454,21.69419288635254,23640800
2019-10-24,21.818599229407976,21.83323415641985,21.48928894520093,21.602718353271484,24233600
2019-10-25,21.610031621238267,21.840547372187984,21.580758982249968,21.778345108032227,23750000
2019-10-28,21.85152633586668,21.975932265816617,21.617350796148283,21.653940200805664,23513200
2019-10-29,21.57344672109218,21.92471011021632,21.500266499408824,21.74176025390625,26936800
2019-10-30,21.79299009277355,21.803966638860487,21.214867805050098,21.29902458190918,31013400
2019-10-31,21.211198382058416,21.244129398976792,20.998975962851972,21.207538604736328,30064800
2019-11-01,21.31365833304161,21.73078378352818,21.29536362650734,21.690534591674805,26620200
2019-11-04,21.9393481176975,22.46258485856979,21.935689734441013,22.3967227935791,43060400
2019-11-05,22.458918264107776,22.623573366384946,22.35280704310735,22.425987243652344,35110200
2019-11-06,22.39306004626453,22.44062739410917,21.906412815984023,21.968616485595703,35655800
2019-11-07,22.19182179774484,22.367453521344427,22.13327788987831,22.297931671142578,26483400
2019-11-08,22.162540037413088,22.235720241119402,21.953977364117673,22.20644760131836,20779600
2019-11-11,21.997889744628736,22.18449937472926,21.913732980468406,22.082046508789062,28961000
2019-11-12,22.14790654195428,22.268654102837644,21.85518708559586,21.968616485595703,25082400
2019-11-13,21.855187046210688,21.950321741728526,21.782006833303843,21.87348175048828,21151200
2019-11-14,21.86615949756489,21.986907035633852,21.712482335436622,21.81493377685547,16233600
2019-11-15,21.906409683914124,22.067406408740094,21.88079682238204,21.98324966430664,18363600
2019-11-18,21.84421603779951,21.86982890943735,21.62467534345066,21.716150283813477,25508200
2019-11-19,21.64662964778697,21.664924356544798,21.36854644559628,21.3941593170166,30758200
2019-11-20,21.38683780897173,21.767373833116118,21.25511369324509,21.610036849975586,34290000
2019-11-21,21.683211493189344,21.98325047438606,21.613691065868483,21.964954376220703,31283400
2019-11-22,21.983257698321264,22.089367565249038,21.84787378554989,21.891782760620117,22984000
2019-11-25,21.866163274264984,21.95032142516183,21.782006519164582,21.91373062133789,24672000
2019-11-26,21.94300537541862,21.95032353688745,21.63198979407792,21.712488174438477,26804000
2019-11-27,21.738097582781474,21.81127779002899,21.588078786032423,21.767370223999023,19336600
2019-11-29,21.58807785635906,21.664916442551597,21.467330310231098,21.547828674316406,15660400
2019-12-02,21.621008878412475,21.76005112661538,21.522215812252227,21.547828674316406,30779000
2019-12-03,21.357569479262132,21.394160294245967,21.149006719143312,21.225845336914062,33891000
2019-12-04,21.412450082264186,21.610036250371817,21.34292964346923,21.544174194335938,34853000
2019-12-05,21.635650669133227,21.661263537673822,21.36854404306944,21.441722869873047,21784800
2019-12-06,21.533192578611985,21.91738830516878,21.52953419647741,21.851526260375977,33459200
2019-12-09,21.68321424379124,21.928367753183228,21.68321424379124,21.825916290283203,16812600
2019-12-10,21.899094703613,21.950321829911115,21.774688759910518,21.869823455810547,17570200
2019-12-11,21.836894565693395,21.9832550064117,21.789327213090456,21.833234786987305,24872400
2019-12-12,21.866158413841998,22.312556350693388,21.8405455547567,22.2357177734375,44981600
2019-12-13,22.312561623356423,22.455262270780587,22.052773193645955,22.06740951538086,22743000
2019-12-16,22.22474772786572,22.45160514426204,22.213769788052165,22.363788604736328,22271800
2019-12-17,22.45892397880655,22.579670154002986,22.29426883463269,22.37842559814453,46292400
2019-12-18,22.352813905252297,22.605284209052947,22.323541257729328,22.462583541870117,25881400
2019-12-19,22.46623916915957,22.528441439956502,22.415012045460667,22.45526123046875,25534800
2019-12-20,22.52288105623839,22.696532331651216,22.482239148425553,22.670669555664062,34839600
2019-12-23,22.644799940199466,22.91820674931881,22.61893717202372,22.90342903137207,26944400
2019-12-24,22.955157931600265,22.988410268329798,22.851705434322074,22.89234733581543,10074800
2019-12-26,22.99210484448734,23.06969316206662,22.855401416931166,22.884958267211914,20312400
2019-12-27,22.96993404441219,22.992102737152432,22.77411552482682,22.788894653320312,21436600
2019-12-30,22.876791468985406,22.918648772198683,22.682727505936,22.71697425842285,29259000
2019-12-31,22.60281979688965,22.869181825055556,22.538130838932087,22.846351623535156,21444800
2020-01-02,22.998558341777997,23.08607750145526,22.918649733146264,23.05183219909668,23889400
2020-01-03,23.261119828690763,23.329613344063507,22.86918439037688,22.983341217041016,59005800
2020-01-06,23.06324759252923,23.28014321960421,22.983338982883545,23.162181854248047,44916200
2020-01-07,23.097492829001116,23.12412903046591,22.83112936278909,23.10129737854004,22925000
2020-01-08,23.078468054884606,23.105104257361255,22.690338666785216,22.720779418945312,38042800
2020-01-09,22.709369750577604,22.91104431801831,22.44300621053084,22.888214111328125,30733600
2020-01-10,22.876792845967987,22.895818498147165,22.732196728154864,22.758832931518555,18302400
2020-01-13,22.72458785109575,22.838743224144885,22.606626476391863,22.76644515991211,17557000
2020-01-14,22.71697600546818,22.79688461689482,22.568573883800358,22.770248413085938,34678000
2020-01-15,22.67131677562241,22.739808842234126,22.538134289584654,22.60282325744629,21661600
2020-01-16,22.736000758259237,22.812104816800556,22.6294559472399,22.640871047973633,16449000
2020-01-17,22.701757408875153,22.713172511320707,22.45822554627396,22.49627685546875,23818200
2020-01-21,22.370706556509308,22.374511106834085,22.05487517166941,22.092927932739258,34709200
2020-01-22,22.05106698913353,22.06628809105428,21.81895026531673,21.879833221435547,29355400
2020-01-23,21.65152735862906,21.864617027091434,21.4840981030492,21.796123504638672,26556000
2020-01-24,21.69719107337902,21.796125363378586,21.3775550918629,21.54498291015625,40781200
2020-01-27,21.111184476773044,21.194899083725105,20.920925062110456,20.947561264038086,43365000
2020-01-28,21.065527656923326,21.172072490090834,20.958982823755818,21.042695999145508,28600200
2020-01-29,21.16065055690384,21.2367546067011,20.7953528597538,20.821989059448242,27490800
2020-01-30,20.605092788276515,21.012247772099442,20.55181893906304,20.989416122436523,48861000
2020-01-31,20.635540712993517,20.692619131219843,20.22838558756817,20.334930419921875,66861000
2020-02-03,20.30828927583336,20.33873147857218,19.996263955581078,20.06856346130371,42578400
2020-02-04,20.357760981002045,20.51757822092442,20.102814016869377,20.140865325927734,39639600
2020-02-05,20.475719480497805,20.97039368647404,20.464302928135176,20.898094177246094,68764000
2020-02-06,20.99702472457128,20.99702472457128,20.650752720406828,20.684999465942383,30801200
2020-02-07,20.52899207988006,20.627926341382494,20.43386236815825,20.540407180786133,27386600
2020-02-10,20.43385948273903,20.483327332287107,20.312093585054537,20.437664031982422,29281200
2020-02-11,20.71544579103533,20.74588799596191,20.574654222160465,20.665979385375977,27689200
2020-02-12,20.974196854160347,21.06171600816456,20.77252234500126,20.943756103515625,34399600
2020-02-13,20.886678925632527,20.99702973776792,20.75730246178238,20.87906837463379,23949800
2020-02-14,20.951371434414195,20.966591087427084,20.639346048401357,20.768722534179688,25040000
2020-02-18,20.586071849289837,20.76491619626846,20.407228953875624,20.597488403320312,32629400
2020-02-19,20.734468699134634,20.955168833935247,20.6203119053246,20.8714542388916,24910800
2020-02-20,20.92472923262517,21.080741880936753,20.795352783910882,20.84862518310547,26101600
2020-02-21,20.65075760474457,20.669783256416768,20.43005598096736,20.601289749145508,27616400
2020-02-24,19.825034149814606,19.939190981298996,19.589112837771392,19.649995803833008,66075000
2020-02-25,19.703266540037806,19.718487643148297,18.660645653562028,18.782411575317383,85674600
2020-02-26,18.85089824780547,18.94222193020355,18.207820664585107,18.215431213378906,97656600
2020-02-27,17.743592937259244,18.086059003437214,17.233697661712217,17.241308212280273,122557400
2020-02-28,16.69716478112629,17.442981255321335,16.560177785546795,17.226085662841797,137511600
2020-03-02,17.610416068057663,17.94527314149339,17.096716079993907,17.922441482543945,73285400
2020-03-03,18.02517762697111,18.261100360522807,17.18042676193075,17.37449073791504,97190600
2020-03-04,17.74739913266876,17.789256438892902,17.378295379489572,17.785451889038086,48969000
2020-03-05,17.2755605863322,17.355469215956667,16.849378325205905,17.134767532348633,58774600
2020-03-06,16.552569310805378,16.700971424100263,15.928518654096544,16.17205047607422,123034800
2020-03-09,13.344797904132305,13.862303848032175,12.83490251253266,12.914811134338379,133113800
2020-03-10,13.953625545426766,14.010703953604311,12.694109079783528,13.527444839477539,96862200
2020-03-11,13.108874628263994,13.337185356862422,12.606589864096083,12.812068939208984,86954600
2020-03-12,11.86838396144926,12.176604048200325,11.179644272409773,11.21389102935791,77658200
2020-03-13,12.161381258241494,12.260316965288876,10.958941833296883,12.248900413513184,68196800
2020-03-16,10.6355008328544,11.841745467247284,10.52895530674598,10.58222770690918,80467200
2020-03-17,10.684970099164339,11.103541011450943,10.254984085002043,10.654528617858887,90887200
2020-03-18,9.908709994389593,10.114189770932546,8.706269907261342,9.12484073638916,104271600
2020-03-19,9.258023252165373,9.783138926575937,8.7443226783359,9.745087623596191,104453000
2020-03-20,9.992424983583682,10.2131258852441,9.421646714553416,9.840217590332031,116714400
2020-03-23,9.776414523623302,9.838660585353788,9.006128135722912,9.169522285461426,96520400
2020-03-24,9.881456740949034,10.694537308135638,9.881456740949034,10.6400728225708,89022200
2020-03-25,10.873493071793717,11.671011923060325,10.40276187171168,11.141925811767578,104869800
2020-03-26,11.254745034531698,12.0600446730055,11.114692665397857,11.822733879089355,93836200
2020-03-27,11.328660141737764,11.36367248735194,10.955187454284337,11.021323204040527,73056800
2020-03-30,10.873491243867681,11.231402245687908,10.538922054203189,11.134143829345703,84254800
2020-03-31,11.44537023286474,11.671009724524637,11.079678387063247,11.305317878723145,68701200
2020-04-01,10.93962735076041,11.079678970250919,10.593386872799357,10.745110511779785,47653000
2020-04-02,11.285866271738396,12.355708808877763,10.99409103433675,11.729364395141602,146256200
2020-04-03,12.098950543976438,12.180647280508598,11.274198614958575,11.604877471923828,127668600
2020-04-06,11.865526698448118,12.301244726651666,11.706022956289821,12.219547271728516,76041400
2020-04-07,12.822549326452904,13.176569904566433,12.45685821320733,12.48020076751709,103019000
2020-04-08,12.744742408997691,13.355526637790572,12.639704623787745,13.312732696533203,83811600
2020-04-09,13.826258308003665,14.184168606232467,12.690279111444708,13.192132949829102,182655200
2020-04-13,13.65118957962074,13.701764364991988,12.939257353398213,13.149335861206055,67685600
2020-04-14,13.215475185855352,13.374978942551627,13.001505464882241,13.087093353271484,72648200
2020-04-15,12.565786986589906,12.596910391893795,12.083385334721969,12.472419738769531,73421000
2020-04-16,12.441295644970257,12.480199899447175,11.923880932791752,11.93944263458252,64605800
2020-04-17,12.188424580722772,13.223254802600934,12.180643729410098,13.207693099975586,91706800
2020-04-20,12.429627446969295,13.266049040824864,12.363491685972972,12.795318603515625,112790000
2020-04-21,12.425735523396273,12.799208229317173,12.211766561476361,12.56967830657959,120861600
2020-04-22,13.1376650466038,13.22325291477859,12.841998675115677,13.017064094543457,73753200
2020-04-23,13.413878023736553,13.752336831973718,13.28160654359111,13.437220573425293,83207200
2020-04-24,13.705655454846317,13.82625642186484,13.254376475485437,13.468344688415527,64859200
2020-04-27,13.367198893880076,13.857380729465238,13.063753066329541,13.760122299194336,46576000
2020-04-28,13.966306436810683,14.160823231284116,13.740666242879723,14.075235366821289,59138000
2020-04-29,14.538188501996304,15.168424144937852,14.526517966253376,15.117849349975586,71075000
2020-04-30,15.203434532162838,15.203434532162838,14.565418150853619,14.78327751159668,84040200
2020-05-01,14.479833696003844,14.588762648887588,13.775682217894426,13.946856498718262,58531800
2020-05-04,13.690094712069207,14.440929835777478,13.623959698583494,14.429259300231934,52780400
2020-05-05,15.020590234040593,15.141189721934445,14.390356104261777,14.440929412841797,68733400
2020-05-06,14.510954972464173,14.635445622806674,14.051895142809089,14.063567161560059,47350200
2020-05-07,14.460381223035293,14.701583173978502,14.328111196063865,14.429259300231934,48469400
2020-05-08,14.767715877560057,15.09450417813194,14.682129490203591,15.086723327636719,49646200
2020-05-11,14.985574680527758,15.028368614633093,14.752153626511054,14.822179794311523,46531400
2020-05-12,14.970014181808747,14.989465566860206,14.542077774494441,14.561529159545898,56129000
2020-05-13,14.464272319210398,14.483723706371785,13.799025083589214,13.90017318725586,68994800
2020-05-14,13.655081392279483,14.18805859528469,13.343854749239101,14.055787086486816,61968400
2020-05-15,14.059678822939446,14.351454121646976,13.876832494188037,14.001324653625488,54427800
2020-05-18,14.802728664395838,15.24233706221928,14.763825896749358,15.145078659057617,73139600
2020-05-19,15.164532193864842,15.21121581847146,14.709363514847556,14.721034049987793,53940600
2020-05-20,15.024481071600064,15.335707734648656,14.946674034826469,15.308475494384766,54521200
2020-05-21,15.355157361949962,15.417402681405697,14.942781193027294,15.063382148742676,56241800
2020-05-22,14.942785191370744,14.985579138205757,14.662680436847648,14.970017433166504,38495000
2020-05-26,15.448525382426329,15.545783791760233,15.347377289699113,15.386280059814453,74888600
2020-05-27,15.611921378121995,15.701398942907074,15.148970367393797,15.584689140319824,71225600
2020-05-28,15.623589206467635,15.623589206467635,15.075051893697491,15.148967742919922,54356800
2020-05-29,15.016702678134195,15.191768168526009,14.763831622275825,15.078948020935059,71500400
2020-06-01,15.055602712874414,15.429074664698884,14.853305034624755,15.343486785888672,47680000
2020-06-02,15.51077191808892,15.786986950073773,15.491320531510016,15.771425247192383,50318400
2020-06-03,16.020404894399235,16.30828894759795,15.989281491866665,16.234373092651367,54601800
2020-06-04,16.144897257704358,16.300511318866764,15.911477650006418,16.238265991210938,54849400
2020-06-05,17.05134397664904,17.603770994978362,17.035782275952183,17.44426727294922,100393400
2020-06-08,18.0783967972693,18.237900557407652,17.67380138675637,18.230119705200195,95069400
2020-06-09,17.646563533427003,17.697138314666873,17.304213565414983,17.545413970947266,87399000
2020-06-10,17.382028904207907,17.397590611126933,16.673987563898887,16.6817684173584,80977000
2020-06-11,15.51855339195131,15.96594272143845,15.059493526857874,15.110068321228027,96304400
2020-06-12,15.77531306855096,15.888133175053676,15.07116316282092,15.491318702697754,85635000
2020-06-15,14.829964596032083,15.697509590448938,14.666571150324309,15.538005828857422,65694800
2020-06-16,16.277167804940735,16.300510357952756,15.5302224330575,15.985392570495605,64083800
2020-06-17,15.923147742659268,15.927037426259677,15.436855670098321,15.44074535369873,46736000
2020-06-18,15.285130869514468,15.80254479831343,15.191762150278365,15.631370544433594,36937800
2020-06-19,16.117660904310256,16.121550587025617,15.37849652858703,15.394058227539062,53934200
2020-06-22,15.319591842972708,15.516603049532781,15.138340390599511,15.46537971496582,38896400
2020-06-23,15.6978540856723,15.737255728481804,15.433858269004388,15.481142044067383,29611600
2020-06-24,15.240787439415474,15.244727002291281,14.523666749917824,14.622172355651855,64726000
2020-06-25,14.484259929878297,14.957087018020077,14.409396229627234,14.901924133300781,48034400
2020-06-26,14.795539149426839,14.795539149426839,14.318772459977307,14.38575553894043,67722200
2020-06-29,14.421220193653426,14.704916821422435,14.358176665602121,14.578829765319824,38905600
2020-06-30,14.460626611445132,15.000437036519289,14.310897634776724,14.913751602172852,41886800
2020-07-01,14.972855376801807,15.173806195505184,14.531550586557515,14.551251411437988,49146800
2020-07-02,14.850703447529408,15.0555952722098,14.681273698333626,14.712796211242676,41558400
2020-07-06,14.972851783072992,15.079238015585027,14.570948739052938,14.756139755249023,45084400
2020-07-07,14.570950024889122,14.590650846779607,14.26361299478374,14.287253379821777,41821800
2020-07-08,14.287251824227642,14.507904913374938,14.157225211446631,14.275431632995605,41301800
2020-07-09,14.212391249488329,14.251792897688642,13.554374405468627,13.570134162902832,61087200
2020-07-10,13.49132835843783,14.019318462780884,13.49132835843783,14.003557205200195,50456000
2020-07-13,14.13358273387727,14.188745628084375,13.822306187554876,13.928690910339355,74447600
2020-07-14,13.834127204438355,14.444861645894216,13.794724061168676,14.417280197143555,68442200
2020-07-15,14.783718567137974,14.823120200413902,14.511843690151757,14.728555679321289,51805000
2020-07-16,14.63005525393227,14.850706883035754,14.444864205440567,14.661576271057129,37645600
2020-07-17,14.70885587869476,14.87040499120658,14.39363677840978,14.456680297851562,35433800
2020-07-20,14.405457255925745,14.570945916840532,14.20450502129957,14.216326713562012,40153000
2020-07-21,14.46062150355303,15.189562298111017,14.440920685363155,15.075295448303223,72340400
2020-07-22,14.913745626973887,14.913745626973887,14.673393251533835,14.890105247497559,39243400
2020-07-23,14.838882149674784,14.937387740552358,14.673393478476955,14.862524032592773,42087800
2020-07-24,14.862525279822897,15.083176859936593,14.724616539175678,14.779779434204102,39901200
2020-07-27,14.76007968492022,14.862526357178734,14.57489016719736,14.795541763305664,36462000
2020-07-28,14.708855653944164,14.850702443213713,14.503963843120092,14.543365478515625,35553800
2020-07-29,14.582771577733904,14.858587619158751,14.484265956016209,14.84676742553711,34430000
2020-07-30,14.535485748240975,14.543366376421838,14.137523795102187,14.26361083984375,65667400
2020-07-31,14.046896401812836,14.212385055827149,13.908987687058366,14.196623802185059,49548200
2020-08-03,14.192688470651586,14.326656160388632,14.074482039254503,14.247851371765137,42206800
2020-08-04,14.200566855626834,14.6261102420206,14.188745162201947,14.594589233398438,45144200
2020-08-05,14.882226267170573,14.933449600165453,14.61429091422591,14.748258590698242,61517400
2020-08-06,14.6655117757447,14.799479429640401,14.57488681914995,14.630049705505371,38381400
2020-08-07,14.500022743521393,14.685213736210732,14.330593006183497,14.649751663208008,36753200
2020-08-10,14.760078017204368,15.11075769546203,14.724615942825722,15.10287857055664,52616200
2020-08-11,15.398396872986384,15.575705759271022,14.980732567278107,15.051656723022461,53026200
2020-08-12,15.280186861380082,15.378692452808425,15.039832977802762,15.201383590698242,51065400
2020-08-13,15.079234955714409,15.205321982792885,14.87040359894242,14.905865669250488,31522000
2020-08-14,14.787662332877801,15.071358982953129,14.73249942938013,15.047717094421387,26559400
2020-08-17,15.051654971966547,15.059535599807587,14.878284165615804,14.961030006408691,28511600
2020-08-18,14.905871700056942,15.051659602274409,14.728561276778112,14.771903991699219,28697600
2020-08-19,14.760082308874377,14.827066914655548,14.555190431009235,14.602474212646484,29587800
2020-08-20,14.385758992350564,14.4803250417318,14.283313816674225,14.287253379821777,38215400
2020-08-21,14.232085871341823,14.259667313677541,14.062656152379049,14.196623802185059,34695600
2020-08-24,14.283315337947448,14.689158023806709,14.196629908705072,14.586712837219238,49654000
2020-08-25,14.665516375939598,14.685217198235328,14.310895562310877,14.381819725036621,40237000
2020-08-26,14.362119203225198,14.362119203225198,14.058721723678808,14.078422546386719,36002400
2020-08-27,14.082359567366435,14.200565972733438,13.932630652261034,14.105999946594238,44519400
2020-08-28,14.161162202531077,14.401516067776132,14.090238061866113,14.358173370361328,29150200
2020-08-31,14.377874782020205,14.397575596944458,14.04689598083496,14.046895980834961,37583000
2020-09-01,13.983856920360425,14.015377933652843,13.778965073192634,13.9523344039917,36521000
2020-09-02,13.948396626108401,14.03114098755152,13.798667660347162,13.885353088378906,47700400
2020-09-03,13.857767387784728,14.145405068744866,13.700159326204107,13.782903671264648,78884600
2020-09-04,13.924750162437228,14.01931618951097,13.570129439755698,13.739559173583984,68682000
2020-09-08,13.479504886627845,13.54254840556293,13.089423582928266,13.239151000976562,98437600
2020-09-09,13.38888304592412,13.463746772415075,13.282496801072925,13.329780578613281,49955200
2020-09-10,13.369181417917385,13.384942676147798,12.817549404463463,12.841191291809082,74006600
2020-09-11,12.868772389084581,12.935756983187774,12.746624895764803,12.853011131286621,50794600
2020-09-14,12.888474524231762,13.069724498164353,12.797849537265465,12.951518058776855,38888400
2020-09-15,13.038198760834618,13.156405157415376,12.81754571829489,12.856948852539062,51220800
2020-09-16,12.971218186744364,13.546492099617097,12.860892382968713,13.37312126159668,71772200
2020-09-17,13.160348048419214,13.404641502326085,13.030319941985438,13.392821311950684,44713400
2020-09-18,13.384942763117659,13.39282339228407,13.10912675459856,13.243094444274902,52812800
2020-09-21,12.920284178388135,12.95232529574083,12.587865988779045,12.80413818359375,61439200
2020-09-22,12.81215200739182,13.01640960360906,12.647945055043104,12.671975135803223,44697400
2020-09-23,12.720034753516392,12.768094910095705,12.083231949572383,12.099251747131348,52969200
2020-09-24,12.055197579779884,12.315525610638911,11.83091505084468,12.095248222351074,70487600
2020-09-25,11.971090576628775,12.17935329683255,11.894995199706285,12.087237358093262,55116800
2020-09-28,12.307512766134575,12.507765173382722,12.291492970783924,12.371593475341797,52752000
2020-09-29,12.335550068632369,12.36358605206995,11.911015107309307,12.031167030334473,47601800
2020-09-30,12.107260912815075,12.24743775708258,11.93904885247454,11.99512004852295,49149000
2020-10-01,11.862955437341581,11.915020738063088,11.554566481961002,11.626657485961914,56730400
2020-10-02,11.314263170906315,11.838924364230875,11.29423823191702,11.738798141479492,57410400
2020-10-05,11.842929423388817,12.099252307421347,11.814894203435564,12.091242790222168,63144400
2020-10-06,12.267463641192291,12.335549498589478,11.878974198339172,11.911014556884766,62223200
2020-10-07,11.979100279023218,12.111266852019268,11.84292856576639,12.07922649383545,42086000
2020-10-08,12.179351778378914,12.539805971390685,12.123281346815535,12.5317964553833,61126200
2020-10-09,12.643939152542087,12.675979512926164,12.311520127093871,12.33154582977295,51035800
2020-10-12,12.291493526340513,12.407639530564857,12.163332102133369,12.363584518432617,33369200
2020-10-13,12.363585769395888,12.435676004879829,12.135297350038263,12.171342849731445,50767600
2020-10-14,12.199376905255912,12.507765811487596,12.175346829052847,12.223407745361328,54488000
2020-10-15,12.015144434888835,12.375598615155038,11.907007951638281,12.371593475341797,40707800
2020-10-16,12.347565674254698,12.363586236457955,12.071217087468094,12.091242790222168,37423000
2020-10-19,12.135297637794318,12.195373981309118,11.82290431824907,11.834918975830078,50372000
2020-10-20,11.903005696272217,12.07922807124708,11.822905172303638,11.975096702575684,45980600
2020-10-21,11.907008883950438,11.975094738301985,11.74280195826183,11.746807098388672,49315200
2020-10-22,11.766831358670233,12.247437451628873,11.690735992341937,12.231417655944824,65648400
2020-10-23,12.295499910409037,12.367590145892978,12.019151334062117,12.171342849731445,49975400
2020-10-26,11.96307918877583,11.979098984184938,11.6186448026034,11.734790802001953,60802000
2020-10-27,11.722775517058253,11.726780656671083,11.554563472830718,11.582598686218262,43193600
2020-10-28,11.298242479220484,11.370333481000383,11.033909315295821,11.097990036010742,81098200
2020-10-29,10.953808796155375,11.474464842930313,10.805621652065767,11.438419342041016,74504200
2020-10-30,11.358315521614301,11.510506998096862,11.22614897807079,11.502496719360352,75799400
2020-11-02,11.658695870725051,12.051190421629327,11.442422895388608,11.894993782043457,83786200
2020-11-03,12.09524735822943,12.103256875049468,11.718772567200716,11.826909065246582,69755000
2020-11-04,11.842927932739258,12.127286764835718,11.522524368027257,11.842927932739258,87227400
2020-11-05,11.858948492926034,12.07922584817774,11.818897856361446,11.842927932739258,63591600
2020-11-06,11.842926948821303,12.019149276723416,11.53854320568212,11.586604118347168,66446400
2020-11-09,12.976358039240665,13.533059548652549,12.936306636668537,13.240691184997559,198713400
2020-11-10,13.489001097414297,13.669228553771973,13.208647446169524,13.669228553771973,146676200
2020-11-11,13.817418650279203,13.845453870243782,13.400893199655581,13.529054641723633,93085000
2020-11-12,13.292755012837883,13.480992775448506,12.952326511925405,13.09250259399414,77169600
2020-11-13,13.192628673137595,13.637189283029379,13.176609640919864,13.569104194641113,78865400
2020-11-16,14.145829611919444,14.494268365014825,13.973612423282793,14.462228775024414,95865400
2020-11-17,14.2739922848932,14.618426692507896,14.085754520777094,14.610416412353516,78020200
2020-11-18,14.734572399781925,14.790642829011775,14.185879707336426,14.185879707336426,82000400
2020-11-19,14.085754981494068,14.446209961207286,13.941574517413553,14.418174743652344,65872400
2020-11-20,14.382128079954269,14.446208790286546,14.241952003541368,14.34207820892334,39506400
2020-11-23,14.566360257759762,15.375380198720768,14.550341225671033,15.355355262756348,76324600
2020-11-24,15.872006648552267,16.188404299290667,15.73182904306633,16.144350051879883,106932000
2020-11-25,16.0402142435515,16.0402142435515,15.67976090070347,15.767870903015137,71352400
2020-11-27,15.679761912885494,15.807923313434179,15.45948307337581,15.583640098571777,37510800
2020-11-30,15.411424874929423,15.431449809828827,14.698526803439332,14.722556114196777,83087200
2020-12-01,15.131074142198589,15.215181329601624,14.766614756135096,14.790645599365234,68935600
2020-12-02,14.742585352988606,15.503543717089693,14.694523666814305,15.271251678466797,75483600
2020-12-03,15.339333966876389,15.619687640340866,15.183137334921717,15.431449890136719,72975400
2020-12-04,15.711806878049988,16.28452900123749,15.711806878049988,16.27251434326172,103700400
2020-12-07,16.080273287228263,16.116318791450045,15.739843185621448,15.892035484313965,69313200
2020-12-08,15.69578241020109,16.288529325132263,15.691778034473824,16.128328323364258,57854600
2020-12-09,16.292540574460727,16.556873765523452,15.968131033145319,16.164379119873047,86691800
2020-12-10,16.18439912954841,16.853242949208557,16.140343356493574,16.660999298095703,77604400
2020-12-11,16.548860814894244,16.552866719094443,16.236467510690318,16.468759536743164,56152200
2020-12-14,16.72108055360986,16.72508493061004,15.831959134675987,15.892035484313965,79884400
2020-12-15,15.980144074290083,16.284527087068717,15.831956180251307,16.204425811767578,58671800
2020-12-16,16.24447747739128,16.30455228899015,16.01218392802227,16.124324798583984,47628800
2020-12-17,16.268504645943004,16.272510549537625,15.952107013173807,16.048227310180664,46363400
2020-12-18,16.016187958468173,16.104297977399796,15.655733019824186,15.779890060424805,73140400
2020-12-21,15.18327464023546,15.609428792958099,15.02498894478748,15.475495338439941,80158800
2020-12-22,15.443024435566917,15.495786845864101,15.199508238906127,15.215743064880371,50185800
2020-12-23,15.345620801313343,15.767715500179907,15.341561320112048,15.55260944366455,53931800
2020-12-24,15.572901852949999,15.572901852949999,15.317210279631935,15.471436500549316,22903000
2020-12-28,15.528255365719707,15.72307018615509,15.329384161039384,15.374029159545898,37824600
2020-12-29,15.46737817386102,15.512023175498753,15.199509712272992,15.272564888000488,37968600
2020-12-30,15.284740034130568,15.658133321646144,15.248212446745766,15.512022972106934,56436600
2020-12-31,15.443028942838712,15.507966717450502,15.313153393615135,15.382150650024414,36309800
2021-01-04,15.560729569538141,15.690605122320534,15.223863790094692,15.406501770019531,67717600
2021-01-05,15.572902543909661,16.51856041339669,15.560727196517657,16.096464157104492,95473400
2021-01-06,16.413032519056536,16.741780771573175,16.20198443020812,16.587553024291992,86262800
2021-01-07,16.73366254531014,17.001530962704532,16.559142048558236,16.831069946289062,51457200
2021-01-08,17.046178008407438,17.046178008407438,16.676844213488142,16.81077766418457,62744000
2021-01-11,16.44550208552053,17.143584102860473,16.352154160821986,17.074586868286133,46890400
2021-01-12,17.281577087475874,17.764551538323904,17.151700030635894,17.67120361328125,87947200
2021-01-13,17.732083879278914,17.7402012930083,17.3992776575658,17.533212661743164,54764400
2021-01-14,17.64279409526952,18.263761490510642,17.626559269034107,18.05271339416504,83314600
2021-01-15,17.732085593489483,17.7361450748658,17.180115340675815,17.350576400756836,95497000
2021-01-19,17.56162065140732,17.821371665487135,17.50480031060713,17.699613571166992,55619400
2021-01-20,17.84978358964261,17.89442858986864,17.59003255004205,17.76455307006836,50725600
2021-01-21,17.66714471246882,17.75643470815176,17.00559180264521,17.163877487182617,59968000
2021-01-22,16.78642568140304,17.123289796772728,16.648432760492543,17.074586868286133,50444600
2021-01-25,16.887892936636348,16.952830698072038,16.591614303321123,16.900068283081055,81823200
2021-01-26,17.050233461616983,17.305926528067953,16.53073146472188,16.538848876953125,54999600
2021-01-27,16.266925118870184,16.770192371265097,16.035582704117726,16.315628051757812,99867200
2021-01-28,16.4495597408593,16.705252820526017,16.29939147741485,16.506380081176758,57248200
2021-01-29,16.275039800294255,16.486087891773277,15.89758861433499,15.958468437194824,63069000
2021-02-01,16.153285637951058,16.234458238792737,15.804244538098839,16.072113037109375,61021400
2021-02-02,16.457679739685133,16.636259749588692,16.246631622314453,16.246631622314453,63929000
2021-02-03,16.331864520848264,16.98530011848385,16.27098468743897,16.940656661987305,74385600
2021-02-04,17.066473830818293,17.13141160152786,16.766137221876015,17.12735366821289,48327800
2021-02-05,17.395222330584044,17.452042686962958,17.22475971320871,17.27346420288086,48196400
2021-02-08,17.52509805894127,18.081127828562355,17.508863228878518,17.99589729309082,62368200
2021-02-09,17.853845937900537,17.910666293408887,17.569742612120226,17.80514144897461,64798800
2021-02-10,17.86602279770364,18.162301496665062,17.752382077071506,18.146066665649414,58451000
2021-02-11,18.089243677842873,18.09330315912649,17.488568951661133,17.86602020263672,49632600
2021-02-12,17.740202803972625,18.146064235579807,17.70773469452807,18.12982940673828,47400800
2021-02-16,18.547868769491426,18.799502437628018,18.45452082079944,18.584396362304688,76593400
2021-02-17,18.77514620144438,18.982136366126653,18.50321982805338,18.86037826538086,68964400
2021-02-18,18.779206277714238,18.81573386392026,18.377402829447966,18.434223175048828,61360200
2021-02-19,18.45857630599509,18.815734771884635,18.43828354562102,18.742679595947266,54404200
2021-02-22,18.86849923933642,19.672104713798618,18.83602958061623,19.392059326171875,75644600
2021-02-23,19.623400339633243,19.769510708245193,18.876615215357706,19.712690353393555,98370800
2021-02-24,19.842563830319836,20.528470595213356,19.67616071630346,20.410770416259766,77748800
2021-02-25,20.621822218798076,20.621822218798076,19.87909497219103,20.017087936401367,75887800
2021-02-26,19.749215421637004,19.806035769227115,18.96590280531424,19.542226791381836,90308800
2021-03-01,20.057668782681844,20.325538781476492,19.911559985482455,20.04955291748047,69391600
2021-03-02,20.12260987179547,20.28495351024765,19.92779502847134,19.939971923828125,74468200
2021-03-03,20.08608416930162,20.69081687265039,20.08202468772182,20.232192993164062,82574400
2021-03-04,20.414824217270887,21.088553950861936,20.224070448449485,20.71516227722168,107573800
2021-03-05,21.303666288613677,21.539065103500842,20.771987279244048,21.4903621673584,112395800
2021-03-08,21.70141124528932,21.81505195071253,21.218435150763703,21.530948638916016,100610000
2021-03-09,21.409185043927206,21.717638971866133,21.003323716080246,21.153491973876953,118889600
2021-03-10,21.185964621811827,21.76228704576995,21.084499275489204,21.689231872558594,78416600
2021-03-11,21.733877135387083,22.06668335148933,21.64864661502297,21.697349548339844,50797400
2021-03-12,21.737935018060707,21.936806217621992,21.57964778700156,21.741992950439453,59786800
2021-03-15,21.693291862585312,21.754170142864762,21.23466805293602,21.49441909790039,60452600
2021-03-16,21.137262018921124,21.157554778854646,20.751693387230862,20.881568908691406,77287000
2021-03-17,20.820685653869898,21.145374404082204,20.642107228312653,21.043909072875977,64552200
2021-03-18,20.85721944194327,20.950567388643886,20.013028440168085,20.09825897216797,87207200
2021-03-19,20.09013864919202,20.4351202087212,19.83038760932464,20.102313995361328,81158600
2021-03-22,20.05720079608943,20.13513209441192,19.868522468327996,19.9095401763916,59561800
2021-03-23,19.50757121293762,20.057195848075573,19.384519683768602,19.618316650390625,103196200
2021-03-24,19.917743566425973,20.38123192902565,19.917743566425973,20.11052131652832,81630800
2021-03-25,19.774185159854913,20.241776104495486,19.454254842925184,20.18435287475586,80670200
2021-03-26,20.549395456047275,20.713463116499476,20.315600056935246,20.684751510620117,72348600
2021-03-29,20.508379778782782,20.61502266517976,20.188449554926635,20.43865203857422,47286200
2021-03-30,20.229465352358144,20.479667831846786,20.110516376098758,20.262279510498047,53392200
2021-03-31,20.221257316364156,20.311494666518268,20.044885167243752,20.122817993164062,48097400
2021-04-01,20.213058690046918,20.64373591885451,20.106415803223793,20.63553237915039,65039600
2021-04-05,20.594517221800523,20.598619774491407,20.024384441669493,20.143333435058594,53372200
2021-04-06,20.24177319124471,20.512483781531312,20.05719899783623,20.090011596679688,53257800
2021-04-07,20.098214675167092,20.262282359606044,20.024384373636103,20.159740447998047,49888600
2021-04-08,20.01617913118745,20.0202816835156,19.667537287227688,19.89723014831543,63766600
2021-04-09,19.893132309837654,20.065401982924634,19.675743941990124,19.765979766845703,44373400
2021-04-12,19.938243026178867,20.081801029639003,19.540380038496647,19.610109329223633,39196200
2021-04-13,19.57730063419343,19.737265758256402,19.43374259071777,19.63062286376953,44825400
2021-04-14,19.80289306552799,20.442755144203225,19.782384996557354,20.176145553588867,66767800
2021-04-15,20.200755975016744,20.200755975016744,19.930045399156434,20.0120792388916,49686200
2021-04-16,20.15973556943765,20.208955236992253,19.770076086689937,19.852109909057617,57189000
2021-04-19,19.89312786013544,20.040788440990088,19.63882439569975,19.831602096557617,40827800
2021-04-20,19.761881277456588,19.790592893268386,19.10971452678091,19.306594848632812,72574000
2021-04-21,19.060492452617694,19.62242173205249,18.970255062976516,19.552692413330078,56991000
2021-04-22,19.647025044624666,19.655227018207523,19.257365583511703,19.3229923248291,50062800
2021-04-23,19.339403549124572,19.58550349068063,19.224555553688514,19.49936866760254,33897800
2021-04-26,19.425539050424117,19.77828345972468,19.425539050424117,19.63062286376953,35891800
2021-04-27,19.704452721137237,19.938248137949902,19.614215344590143,19.868518829345703,42268800
2021-04-28,20.016180946009875,20.631432419133123,19.999773864540224,20.55350112915039,65874000
2021-04-29,20.848818086057157,21.03749479049245,20.528886321291782,20.78318977355957,66042400
2021-04-30,20.48787314379221,20.77088824123928,20.213060021924495,20.2581787109375,58519000
2021-05-03,20.491972927161804,20.869327932910757,20.426346173727016,20.81600570678711,45740000
2021-05-04,20.857023529326387,21.012887668100788,20.590415506456466,20.828311920166016,53917600
2021-05-05,21.086717487452,21.566614421162484,21.086717487452,21.500986099243164,79621200
2021-05-06,21.496884146687588,21.611730575561523,21.099021068566813,21.611730575561523,58710400
2021-05-07,21.390238064981467,22.03420098447579,21.312305230164757,21.997285842895508,63196200
2021-05-10,22.272101174933933,22.616642034017932,21.98908608394772,22.0054931640625,68998000
2021-05-11,21.546105559348096,21.853731288360674,21.25078592346847,21.439462661743164,113531800
2021-05-12,21.550210987917374,22.177767058160214,21.4435665114149,21.542007446289062,82195600
2021-05-13,21.28359813446605,21.677358684932493,20.992379491808496,21.279497146606445,79698200
2021-05-14,21.513292312773604,22.02189929318261,21.513292312773604,21.93986701965332,57183600
2021-05-17,21.86193503014329,22.456678424642234,21.829122432372554,22.448474884033203,67404200
2021-05-18,22.41566128028152,22.49769355335957,21.886544669735386,21.927560806274414,70435400
2021-05-19,21.414848801612937,21.62403514191922,21.08261406590846,21.382036209106445,87969600
2021-05-20,21.37383662035232,21.447666922969443,21.045702811312566,21.349225997924805,56522600
2021-05-21,21.56250915724464,21.714270720935907,21.377933436720063,21.39434051513672,50539800
2021-05-24,21.5420068242324,21.656853274381245,21.3000078295148,21.607633590698242,48020400
2021-05-25,21.55430387180685,21.61172707694787,21.135932794067326,21.168746948242188,48558600
2021-05-26,21.18925704508017,21.435356966341484,21.090816137776557,21.357425689697266,39554400
2021-05-27,21.443562353306767,21.63634163252643,21.254885626438526,21.37383460998535,39053600
2021-05-28,21.492786909731418,21.521498521960286,21.30000760076714,21.414854049682617,37125400
2021-06-01,21.837322386889234,22.288506093635508,21.825016295663886,22.239286422729492,72570200
2021-06-02,22.374642724850684,22.76020127812493,22.112135705826244,22.65355682373047,67893400
2021-06-03,22.559218042181403,22.842233123431107,22.415660007779067,22.7150821685791,58761600
2021-06-04,22.862743189613198,22.96118253945517,22.53050686339973,22.866844177246094,52658800
2021-06-07,22.862740106412677,23.00219713710309,22.735587601626843,22.768400192260742,40070400
2021-06-08,22.690471245078403,23.006300481194945,22.419760694787822,22.96528434753418,57553000
2021-06-09,23.030910280341143,23.12934962348884,22.809419411261107,22.82172393798828,56052200
2021-06-10,23.129351849714087,23.23599630716474,22.551015567894147,22.793014526367188,57353800
2021-06-11,22.87504728253177,23.002199802049,22.686370561698634,22.7150821685791,38091400
2021-06-14,22.797116749937956,22.93657223669746,22.4320662589545,22.616641998291016,37745000
2021-06-15,22.760207079601866,23.108849009736268,22.702782285470846,23.04732322692871,64285000
2021-06-16,23.010401635295914,23.194977367436138,22.72328556826136,22.924266815185547,60786400
2021-06-17,22.866843232127398,23.05962250087586,21.845525240571625,22.144948959350586,106941800
2021-06-18,21.681459154719345,21.956270690209184,21.47227280667123,21.488679885864258,113812200
2021-06-21,21.666857666713284,22.44585235385094,21.666857666713284,22.404417037963867,84366800
2021-06-22,22.350546335760786,22.64059824316664,22.106074217031587,22.5535831451416,48344400
2021-06-23,22.760766919017666,23.01766936031147,22.57430483233022,22.615741729736328,40553000
2021-06-24,22.7193354408551,22.827068231001142,22.49972379913788,22.81049346923828,41756800
2021-06-25,22.872642546815037,22.943082896419337,22.744190544961665,22.930652618408203,38330000
2021-06-28,22.831204617993787,22.843636476097604,22.064640282688536,22.155799865722656,65702800
2021-06-29,22.28839441687291,22.41270193140274,22.019060151511777,22.048065185546875,31911000
2021-06-30,22.114363018479153,22.387840187486415,22.09364536247142,22.321542739868164,47034000
2021-07-01,22.831205445390292,22.90164737501195,22.499718195965713,22.711042404174805,47251600
2021-07-02,22.61574151693219,22.73590456663918,22.42099205259603,22.661319732666016,30471800
2021-07-06,22.58673397915794,22.628170874487196,21.832599871380793,21.92375946044922,68446200
2021-07-07,21.89060903217396,22.09364426387206,21.327079965112226,21.567407608032227,60823800
2021-07-08,21.186201346877027,21.646140637602556,21.111616511588775,21.443103790283203,49379800
2021-07-09,21.716577683337835,21.91547002024473,21.463818177897053,21.898895263671875,51206000
2021-07-12,21.650282245667512,21.998344262699696,21.496969684789033,21.86574935913086,41353000
2021-07-13,21.75801273695166,21.894752106077878,21.57155226000611,21.700002670288086,49786800
2021-07-14,21.76629735799735,22.019056828433598,20.970728120547736,21.053600311279297,66999400
2021-07-15,20.825710230093893,21.078469807802023,20.6599673589446,20.75941276550293,59670800
2021-07-16,20.916867288773485,20.9251546684199,20.133728089731648,20.1710205078125,74253800
2021-07-19,19.48317893570578,19.73593841947152,19.184839665601213,19.458316802978516,114994800
2021-07-20,19.466604676060246,19.926543868960266,19.30086186229326,19.719364166259766,83342000
2021-07-21,20.1088662328338,20.572950015605965,20.063286434467244,20.40720558166504,82042600
2021-07-22,20.386485760398102,20.386485760398102,20.005274235027652,20.179306030273438,47270000
2021-07-23,20.24559758598179,20.253884962452535,19.90167857539543,20.10471534729004,46951800
2021-07-26,20.154444516847537,20.684824136557438,20.11715210104569,20.601953506469727,47266200
2021-07-27,20.440349232018743,20.473497160896077,20.17101499935821,20.41134262084961,46888400
2021-07-28,20.465213934177754,20.76769615706374,20.27875185687655,20.597808837890625,39169200
2021-07-29,20.862996970459935,20.95415655219033,20.672392009256214,20.79669952392578,43794000
2021-07-30,20.755269586768314,20.842284711502334,20.3409100434754,20.46521759033203,49600600
2021-08-02,20.477643929552727,20.97487560193484,20.278751576731064,20.311901092529297,57810800
2021-08-03,20.245604134164275,20.701398922888085,20.05499915565475,20.659963607788086,64302000
2021-08-04,20.28703847102758,20.539797990655046,20.07157136545426,20.100576400756836,64523800
2021-08-05,20.224882290486153,20.577087137904964,20.137865617737265,20.328472137451172,45800000
2021-08-06,20.50250616898498,20.67653796648464,20.40306078240453,20.514936447143555,36214800
2021-08-09,20.241464844493713,20.386491645842792,20.08815224252478,20.224891662597656,42193400
2021-08-10,20.332618930199814,20.63510115159419,20.307756793130277,20.581233978271484,53283000
2021-08-11,20.52736699316747,20.7801265039332,20.39891499800539,20.742834091186523,47686200
2021-08-12,20.726260950218464,20.838138197181177,20.46935852052035,20.722116470336914,36517200
2021-08-13,20.73454990388653,20.73454990388653,20.427923176260542,20.477645874023438,33050800
2021-08-16,20.200023365119858,20.208310743871433,19.92240328989354,20.100576400756836,48258400
2021-08-17,19.905828235833567,20.216597821436338,19.715223269354606,19.893396377563477,51108200
2021-08-18,19.889254814564403,20.04671185776337,19.454177681626998,19.47903823852539,56305800
2021-08-19,19.14340567190269,19.267713182757067,18.70418411418441,18.97351837158203,99256200
2021-08-20,18.799495952946994,19.135127821969682,18.71662371089313,19.014963150024414,61587600
2021-08-23,19.474893988114104,19.781520674053837,19.433458675720882,19.72765350341797,58704400
2021-08-24,19.89339498949,20.158586345118064,19.86024705794633,20.054996490478516,45382200
2021-08-25,20.013567295563995,20.320194078685386,19.880972357094297,20.208316802978516,39817600
2021-08-26,20.092294206230225,20.204169887801786,19.868539681774777,19.901687622070312,41465400
2021-08-27,20.15030139867163,20.568803766428935,20.104721604225045,20.432065963745117,46202600
2021-08-30,20.510791256522776,20.58951897715821,20.18344693589968,20.191734313964844,31817800
2021-08-31,20.09228890137498,20.27460647650452,20.0052722221794,20.054996490478516,53873200
2021-09-01,20.034282352611456,20.150304094174587,19.68622028923435,19.760805130004883,63459800
2021-09-02,19.943119566760352,20.423776436508255,19.943119566760352,20.262176513671875,61635400
2021-09-03,20.22074113957836,20.369910796664765,20.050853825820152,20.146156311035156,39162800
2021-09-07,20.050853903007486,20.303613425081814,19.951408518337647,20.02599334716797,42472800
2021-09-08,20.137866455399006,20.270461338577242,19.756656561425498,19.769086837768555,43798400
2021-09-09,19.636495993635698,20.12129741925804,19.532906121054243,19.810527801513672,50529600
2021-09-10,20.11715288806278,20.158589785383665,19.74008581605078,19.8022403717041,37513000
2021-09-13,20.059145352242474,20.506654416032983,20.059145352242474,20.369915008544922,68499600
2021-09-14,20.552226493470833,20.58951890430424,19.98869901293542,20.075714111328125,58935800
2021-09-15,20.361624313321222,20.84228124026231,20.328476377319745,20.825706481933594,76695000
2021-09-16,20.804988521247406,20.809133001097184,20.477644161976066,20.589521408081055,60643800
2021-09-17,20.485927594304794,20.80912899211595,20.382337747200523,20.43620491027832,64459000
2021-09-20,19.942160005030022,20.051203207670422,19.48921587058452,19.812149047851562,85660000
2021-09-21,20.04701333994785,20.151861737750778,19.648589108324806,19.858285903930664,51323400
2021-09-22,20.193800444074206,20.709654328084433,20.193800444074206,20.470600128173828,79252200
2021-09-23,20.583835200105515,21.250669376285266,20.487373280424077,21.187761306762695,49734200
2021-09-24,21.074525289418602,21.456173345093298,21.032586575552564,21.347131729125977,55503000
2021-09-27,21.81685262377126,22.194305858177202,21.787495203312783,22.106233596801758,81697400
2021-09-28,22.315932274905858,22.575957449516654,22.13139967344685,22.181726455688477,132975200
2021-09-29,22.16075709640943,22.320127106677408,21.888150626203117,22.181726455688477,69894400
2021-09-30,22.118816932124577,22.24043984793738,21.846210479736328,21.846210479736328,89198800
2021-10-01,22.005581842696323,22.60111996345542,22.005581842696323,22.580150604248047,83312000
2021-10-04,22.823397490775285,23.200852346684492,22.718549097451564,22.949216842651367,114815800
2021-10-05,23.27634043566559,23.507006552443563,22.844365620616326,23.083419799804688,98029600
2021-10-06,22.701770881842837,22.965987638189983,22.43755252563643,22.84016990661621,100174800
2021-10-07,22.89888798890125,23.142137024319705,22.785653134327266,23.016319274902344,77596200
2021-10-08,23.259564858551265,23.7796135412258,23.205044851388923,23.7250919342041,86200400
2021-10-11,24.08157818168013,24.15287592098141,23.61605265976501,23.637022018432617,86021400
2021-10-12,23.590884697681016,23.884460471668454,23.494424383344718,23.657987594604492,71038200
2021-10-13,23.486040076250625,23.758646538508057,23.221821677432143,23.637022018432617,57902600
2021-10-14,23.905431781276423,24.02705629184917,23.68734694848165,23.926401138305664,46786600
2021-10-15,24.194813111726923,24.28708020387415,24.031249884636416,24.043832778930664,45354800
2021-10-18,24.27869082707938,24.412896626652877,23.92640020323412,24.060606002807617,65257600
2021-10-19,24.161260621884665,24.41709092166016,24.0312480564642,24.33321189880371,44552600
2021-10-20,24.148686327904986,24.5345277050778,24.052224383752026,24.53033447265625,50212600
2021-10-21,24.34160141925689,24.429673678595442,23.880267565839883,24.077383041381836,64241800
2021-10-22,24.165455260244986,24.32482525296643,23.938983965162226,24.303855895996094,43005000
2021-10-25,24.601626419788257,24.79454707541523,24.471613838895568,24.660341262817383,50112200
2021-10-26,24.744219804742198,24.916171098712976,24.651952710464403,24.802934646606445,45503200
2021-10-27,24.534523575580117,24.668729388517608,24.03544580871004,24.0899658203125,68007600
2021-10-28,23.9599529515165,24.28288616341452,23.95575812027169,24.26191520690918,46735000
2021-10-29,24.383541518773345,24.438063129973035,24.001893440094463,24.102548599243164,43997800
2021-11-01,24.341601452760138,24.58484887410514,24.27449855033468,24.517745971679688,49656800
2021-11-02,24.37515302756716,24.5638804477453,24.207396565077268,24.287080764770508,34125400
2021-11-03,23.99350256822285,24.33740512194701,23.89284902071589,24.085769653320312,46674800
2021-11-04,24.4422569743471,24.505166650374388,23.90124047992239,24.11932373046875,76363200
2021-11-05,24.45064453477987,24.54291163109246,24.232559688860693,24.433868408203125,45207000
2021-11-08,24.63936897128277,24.911975395589618,24.521939299204398,24.656145095825195,40022400
2021-11-09,24.68550736903423,24.76519157649423,24.333216683650658,24.756803512573242,39378000
2021-11-10,24.65195314335724,24.731638944308976,23.959954723700534,24.102548599243164,72033000
2021-11-11,24.119319907984607,24.3583756790865,24.119319907984607,24.19481086730957,48996600
2021-11-12,24.094158241944832,24.232557272755166,23.98930986108333,24.136096954345703,34190000
2021-11-15,24.115126208436696,24.479998104847237,23.909622689852824,24.337404251098633,42751400
2021-11-16,24.408708659647235,24.572271913162357,24.257726702599534,24.37515640258789,40958800
2021-11-17,24.136095976572303,24.48419335486325,23.918011161232062,24.001890182495117,47339000
2021-11-18,23.94737096722864,24.136098383929554,23.569917733686236,23.859298706054688,57911000
2021-11-19,23.343443937894623,23.406353607667388,22.877916861182364,22.92824363708496,91379600
2021-11-22,22.89469340799204,23.6873469424552,22.890500176531017,23.33505630493164,67785800
2021-11-23,23.64121577966215,24.131907102742545,23.62024642052494,24.052221298217773,67724600
2021-11-24,23.92640205062104,24.42548140618763,23.892851398066846,24.287080764770508,42868600
2021-11-26,23.08342165803393,23.385383929819348,22.705966818477854,23.309894561767578,89454400
2021-11-29,23.817361357021145,24.056415565264842,23.368610362608628,23.444101333618164,70882400
2021-11-30,23.00373499091486,23.351832396470204,22.781456927038413,22.89469337463379,92524000
2021-12-01,23.431515690483593,23.645407283211807,22.63886218770577,22.651443481445312,89549600
2021-12-02,22.664028102909157,23.393771992904977,22.395616483606812,23.309894561767578,100743800
2021-12-03,23.624439845888237,23.729288235192143,22.903082415522352,23.1253604888916,75880200
2021-12-06,23.48184597140257,23.74606276053792,23.192463393026536,23.469263076782227,63939000
2021-12-07,23.796389166140862,24.24514010714325,23.76703014770077,24.018667221069336,73686600
2021-12-08,24.15287551339218,24.270305199836717,23.96414808884954,24.014474868774414,47030000
2021-12-09,23.863496867072627,23.92640494817739,23.683157488158276,23.829944610595703,46798800
2021-12-10,24.085770544199264,24.102546669357366,23.578304757111795,24.006086349487305,39051200
2021-12-13,23.79219280029825,23.863490526437765,23.226012221493836,23.339248657226562,57208000
2021-12-14,23.196660178221478,23.599277643074217,23.163107922887285,23.2427921295166,57597600
2021-12-15,23.209238946486625,23.267953787067647,22.613699278037522,23.129554748535156,67716200
2021-12-16,23.33086209047165,23.75444884400139,23.23859500362268,23.27634048461914,53731800
2021-12-17,23.108582464153447,23.213430844843543,22.596923454290117,22.802425384521484,69270200
2021-12-20,22.188556256323903,22.536911789891587,21.946406717638435,22.51991844177246,72661600
2021-12-21,22.749325748955762,23.246370690730263,22.740829074160683,23.161405563354492,50319400
2021-12-22,23.18689329775292,23.467277055999162,22.90650791893183,23.310091018676758,42206200
2021-12-23,23.41204856440604,23.645701416988825,23.314339248619593,23.32283592224121,33370600
2021-12-27,23.246370375049377,23.85386883976017,23.050950098566368,23.832626342773438,43484400
2021-12-28,23.89209839570258,24.049282795116998,23.68393395817429,23.815629959106445,35877000
2021-12-29,23.777395678274175,23.892098332866706,23.547990369089106,23.66269302368164,30218200
2021-12-30,23.671190202473948,23.85811215066992,23.497012453757904,23.518253326416016,27180000
2021-12-31,23.45877998660482,23.70092951825496,23.42054576473507,23.577730178833008,26482400
2022-01-03,23.611724177663355,24.34666967375984,23.59897835271435,24.308435440063477,65054200
2022-01-04,24.63978903177894,25.24728740824292,24.559073064909335,25.149578094482422,79957600
2022-01-05,25.395978564835556,25.676362344024884,25.107098111055645,25.14533233642578,90804000
2022-01-06,25.73583390721437,25.8505349397571,25.344995057269077,25.70609474182129,74681400
2022-01-07,25.80381440035351,26.126679976440172,25.62538745049823,26.05870819091797,71169200
2022-01-10,26.118180279197237,26.16915870729765,25.638128687907887,25.977989196777344,66473000
2022-01-11,26.203144967783803,26.908352756905497,25.982236288946588,26.861621856689453,76887800
2022-01-12,27.00605561961178,27.078276526450473,26.717175233406188,26.912593841552734,60496800
2022-01-13,26.91260065943106,27.1292618142602,26.666203573819985,26.776657104492188,59554000
2022-01-14,26.802146486570855,27.447879167346027,26.78515313746691,27.405397415161133,64801000
2022-01-18,27.698518763477598,27.838711437362328,27.095269564587934,27.515844345092773,82133400
2022-01-19,27.728257690308332,27.757995237055013,27.099520061621508,27.316181182861328,65978000
2022-01-20,27.137757421316717,27.79198514600468,27.01031054614763,27.065536499023438,83980800
2022-01-21,26.759667367156776,26.92959601318988,26.249878187907214,26.530261993408203,114539600
2022-01-24,25.901518428942875,26.802144807557852,25.421466880566438,26.708683013916016,124505600
2022-01-25,26.606727682861983,27.84721461064758,26.11393190566427,27.745254516601562,118434400
2022-01-26,28.038384983478615,28.263541192792246,27.396899813455814,27.698524475097656,130725400
2022-01-27,28.18707295186704,28.48869761577107,27.53709272277737,28.000152587890625,108901400
2022-01-28,27.81323062888651,28.15308791878079,27.299193925515603,27.881200790405273,105302400
2022-01-31,27.817474193726625,28.182819815719863,27.375656888503922,28.00439453125,63298400
2022-02-01,27.838712709425693,29.070702803119165,27.774988469189058,29.002729415893555,90444600
2022-02-02,28.85404945047663,29.151428237920783,28.497198794924092,29.09619903564453,65197000
2022-02-03,28.977244870636877,29.03671997179556,28.505689967771684,28.820058822631836,61962600
2022-02-04,29.185409455072946,29.737681988461564,29.11743929592595,29.270376205444336,81733400
2022-02-07,29.13018178954146,29.92035469532155,28.909274733833552,29.64421844482422,65165000
2022-02-08,29.555000333503425,29.61447542371329,28.80306341233625,29.006977081298828,75764200
2022-02-09,29.074957895351176,29.47429028293383,29.002735346368535,29.249134063720703,70791400
2022-02-10,29.104693594398114,29.627225307377167,28.875288241937813,29.066457748413086,75643200
2022-02-11,29.26187979903402,29.95009593629927,29.079205325379373,29.911863327026367,93034000
2022-02-14,29.729188605394132,29.76317206630314,28.858298001738522,29.206653594970703,99633000
2022-02-15,28.488697995156024,28.968751216323664,28.327266032947044,28.90077781677246,86092200
2022-02-16,29.130178877159953,29.639966333918238,28.956002738541553,29.134428024291992,73444200
2022-02-17,29.108939145513627,29.393573689683432,28.86254368801203,29.08769989013672,67622800
2022-02-18,28.675620553957923,29.138677167151336,28.62888965376318,28.90927505493164,63291600
2022-02-22,29.78440848262869,29.78440848262869,28.012893324242814,28.44196319580078,93002800
2022-02-23,28.60764747743316,28.956006279569948,28.441966371668105,28.735095977783203,67958000
2022-02-24,29.346841037614123,29.380827733567344,27.766495328436278,28.509937286376953,123485800
2022-02-25,28.573654915795085,29.291605064980335,28.573654915795085,29.26186752319336,78423000
2022-02-28,29.053710046886938,30.0180622405683,28.892278110668933,29.98407554626465,96394200
2022-03-01,30.251716960833622,30.79549116781778,29.860879654707503,30.285703659057617,124231000
2022-03-02,30.748755542125632,31.224559520683172,30.600067811685598,30.978160858154297,90908200
2022-03-03,30.676536178314628,31.27553948672978,30.612811939375867,31.063127517700195,89119800
2022-03-04,31.058882760435182,31.97650091093478,30.97816516362808,31.959510803222656,105216800
2022-03-07,32.290871342127595,32.94934656062206,31.70886132785402,32.431060791015625,131214800
2022-03-08,33.170262307495854,34.07938550713552,32.00199618036401,32.94085693359375,196054400
2022-03-09,31.734349396072375,32.68595742650433,31.224561926387153,31.934017181396484,174036400
2022-03-10,32.31211412601455,32.99608106178202,32.082708764842536,32.91111755371094,137802600
2022-03-11,32.38433912664331,33.05555867001801,32.33335907324827,32.647727966308594,91837800
2022-03-14,31.951015495604018,32.176171717065294,31.245809278218715,31.67063331604004,101490000
2022-03-15,30.442895995823033,30.863470939482415,29.92461008487379,30.510866165161133,124724400
2022-03-16,30.625558329394234,30.893199503849896,30.052046620224427,30.370664596557617,107536200
2022-03-17,30.910196860713544,31.4964528463927,30.719024105427888,31.415735244750977,76956400
2022-03-18,31.36050936790754,31.598409784527508,31.14809735559683,31.385997772216797,58550800
2022-03-21,32.02075252235359,32.7541499883537,32.00359662422954,32.651214599609375,68714800
2022-03-22,32.51396955808653,32.694104846059425,32.042193828587635,32.41103744506836,66462200
2022-03-23,33.02005801930462,33.27310342483702,32.86137168893209,32.96859359741211,58663000
2022-03-24,33.092963086643074,33.376027152368216,32.831341433933034,33.050071716308594,52700600
2022-03-25,32.852796954928806,33.81779427374158,32.827064740182905,33.774906158447266,56083600
2022-03-28,33.08010236373277,33.092971741490146,32.728414631216836,32.93857192993164,69760400
2022-03-29,32.20087935493457,32.869942913181475,31.819169681611402,32.852787017822266,73274000
2022-03-30,33.1701632800196,33.470386544002295,32.96429907766532,33.2344970703125,49736400
2022-03-31,32.92141597122151,33.543301736745114,32.77988226552756,32.78417205810547,65606600
2022-04-01,32.74127217395234,33.35887125866485,32.71982976093724,33.050071716308594,49612600
2022-04-04,33.26452423966591,33.371746149434976,32.74128079644839,33.09297180175781,46007400
2022-04-05,33.15302141409986,33.66339556581725,32.53542206233357,32.57402038574219,54577200
2022-04-06,32.92999349477064,33.22592702261814,32.58259554270836,32.76701736450195,64328400
2022-04-07,32.92141595200432,33.30741547996568,32.31239302026395,33.19590377807617,54097400
2022-04-08,33.28596876751985,34.203788021303595,33.28596876751985,34.109432220458984,53426200
2022-04-11,33.74487991105195,33.75345622417196,33.011482433551656,33.08439254760742,52461000
2022-04-12,33.75345746682033,34.246678929281885,33.56903564249655,33.63336944580078,63929400
2022-04-13,34.045100155227864,34.22952197385998,33.48325838616043,34.13516616821289,49295800
2022-04-14,33.972189570861,34.516878706052566,33.92072187608724,34.24667739868164,51869400
2022-04-18,34.529736205769794,34.954333947332316,34.31529243922174,34.74846649169922,60913200
2022-04-19,34.568336608477736,34.907158172819614,34.26382683417988,34.46540451049805,45727800
2022-04-20,34.55547767331601,34.78278760324337,34.220945831373626,34.598365783691406,52079400
2022-04-21,34.804234697314264,34.958634518611326,33.37174819353666,33.50041580200195,65157800
2022-04-22,33.367459096380735,33.847811150300814,32.66837016166741,32.681236267089844,71499200
2022-04-25,31.65190294165285,31.77199093378844,30.45101647599221,31.600435256958008,110724400
2022-04-26,31.836331022047798,32.50968448733858,31.56183992150573,31.643329620361328,89168600
2022-04-27,31.844907511682063,32.419615383010274,31.274486160836215,32.106529235839844,89132600
2022-04-28,32.32097136414114,33.35030230845607,31.686216245631854,33.080101013183594,87469600
2022-04-29,33.153016538919196,33.34172487920084,32.1151059426813,32.23090744018555,79416200
2022-05-02,32.03362307698374,32.75844105851361,31.934977467108016,32.745574951171875,104141200
2022-05-03,32.80561580357341,33.81779093080091,32.78417338412259,33.66339111328125,83298800
2022-05-04,34.31100827838303,35.134471691747564,33.873544362580844,35.061561584472656,90767400
2022-05-05,35.31031975835772,35.344631554458395,33.83065545500774,34.53403091430664,93194000
2022-05-06,34.980070920590194,35.567648099003115,34.28098532432144,35.563358306884766,94245600
2022-05-09,34.79993886456479,34.829960865042295,32.488235011338766,32.62118911743164,106044000
2022-05-10,33.12298936611845,33.74916484258487,32.22232282705262,32.91712188720703,113727800
2022-05-11,33.466104823015186,34.45254778633103,33.30312868416745,33.358882904052734,99705000
2022-05-12,33.346015980704884,33.51757170127421,32.458218644323374,33.50041580200195,90043600
2022-05-13,33.99791716543557,34.782782225351454,33.93787316576302,34.645538330078125,59437400
2022-05-16,34.76992320387045,35.92363208086568,34.748477511553645,35.559078216552734,56518800
2022-05-17,36.03942261801765,36.189532615729796,35.649136623966086,35.970802307128906,56329400
2022-05-18,36.228139433978825,36.27102754350044,34.62838709881395,35.04869842529297,66461400
2022-05-19,34.25096879853081,35.50760977355296,34.25096879853081,34.9200325012207,71441000
2022-05-20,35.348914613679625,35.764936102244995,34.36676163349763,35.07013702392578,63840000
2022-05-23,35.48617024766731,36.1209255346778,35.267439858953104,35.99654769897461,53289400
2022-05-24,35.59767191629381,36.28389144338217,35.32318410545847,36.13378143310547,53127600
2022-05-25,36.25816108213773,36.931514538695225,36.20669338792493,36.88004684448242,52648000
2022-05-26,37.103069036672466,37.56626518086284,37.077333554329265,37.28749084472656,42678200
2022-05-27,37.12022571113477,38.0723535017874,37.03015642927765,37.96942138671875,37334400
2022-05-31,38.595595084331975,38.79717278445439,37.197423832528415,37.39899826049805,78681200
2022-06-01,37.87077839994753,38.28679664543145,37.454756882310726,38.00802230834961,59297200
2022-06-02,37.742115399563,38.15384717489984,37.510515662407286,37.887935638427734,52605400
2022-06-03,37.93510171268099,38.509812719444554,37.892213612988726,38.38972473144531,41050600
2022-06-06,38.57415363480263,38.59988584494368,38.14097622189546,38.34684371948242,33384600
2022-06-07,38.321112905309874,39.54344211820167,38.29109089910388,39.49197769165039,51378800
2022-06-08,39.684976895415055,40.01950876554596,39.33328912525778,39.577754974365234,56985400
2022-06-09,39.2389332432367,39.4876888849583,38.659935525001025,38.702823638916016,49176200
2022-06-10,38.25677342756528,38.831484525349424,37.6048657014003,38.0466194152832,62543600
2022-06-13,36.892910864683756,36.93151245119971,35.34462959909367,36.06087112426758,89462600
2022-06-14,36.78569127605546,37.257470295636125,35.65771796595124,36.129493713378906,69512800
2022-06-15,36.04800131552906,36.22813330835406,34.735603135433806,35.331756591796875,86446400
2022-06-16,34.39250108266468,34.58120942021009,33.05437046073153,33.34172439575195,115958200
2022-06-17,33.11012415102812,33.35458997237175,31.137241682201058,31.518951416015625,128468400
2022-06-21,32.35816176682822,33.37734994743868,32.301782298647936,33.15182876586914,70013400
2022-06-22,31.555814928735387,32.38417501055782,31.382335355463614,31.824705123901367,82425200
2022-06-23,31.97650050767129,32.206359526573095,30.12894924943519,30.645050048828125,113842200
2022-06-24,31.169825548585308,31.70760926386634,30.718779968113306,31.04838752746582,94797000
2022-06-27,31.40835672173583,32.17600277246839,31.36932555416352,31.95915412902832,67958800
2022-06-28,32.71812579237461,33.35132346147105,32.327797555576026,32.82221221923828,79568000
2022-06-29,33.277595324857536,33.390354240622536,31.59050978169146,31.681589126586914,71184000
2022-06-30,31.00068056053846,31.816030190796234,30.736124976107195,31.013690948486328,75533400
2022-07-01,31.39100362674915,31.612190135668293,30.415184880681842,31.477745056152344,69204000
2022-07-05,30.82720892270198,30.97466443580143,29.5738238259637,30.22870445251465,89865800
2022-07-06,29.903425255595813,30.44121224939647,28.81918208738933,29.712600708007812,96419000
2022-07-07,30.519276960356034,31.026701953498954,30.445545912439428,30.783832550048828,67587200
2022-07-08,31.156810931229863,31.286921438452705,30.341461237996636,30.77082061767578,43940600
2022-07-11,30.384830340444505,30.731789487555087,30.06823317939018,30.475906372070312,45508200
2022-07-12,29.677909914710227,30.059562393091927,29.343964409732266,29.88174819946289,64690200
2022-07-13,29.448045564288176,30.458561006760178,29.448045564288176,29.834035873413086,58978000
2022-07-14,28.788817576380165,29.304918278679118,28.398492762011326,29.270221710205078,73273600
2022-07-15,29.907760732022037,29.938119405918663,29.304921844040923,29.747291564941406,59920600
2022-07-18,30.54096441068484,30.931292659565017,30.285084580714916,30.428205490112305,51453600
2022-07-19,30.38483705442515,31.443059708979533,30.376164562812516,31.364994049072266,48776400
2022-07-20,31.018034943487873,31.811701937427866,30.887927715712255,31.668581008911133,41849400
2022-07-21,30.801177012815085,31.143798234859585,30.211351801288085,31.113439559936523,43159200
2022-07-22,31.234871753545235,31.542799685862526,30.679739851579484,30.85755729675293,40836400
2022-07-25,31.282592149685534,32.01987971213983,30.909612122421862,31.989521026611328,39112000
2022-07-26,32.37115696491898,32.51427782717965,31.486414328462413,31.698925018310547,37228800
2022-07-27,31.902776326678907,32.57500854945067,31.577503310921255,32.4145393371582,44810800
2022-07-28,32.70511163078705,32.93063274779061,31.993845087512437,32.59668731689453,46665400
2022-07-29,33.19084868876119,34.1146259120646,33.12579344208743,34.010536193847656,51667600
2022-08-01,33.42938759149647,33.51612572513791,32.86124189694762,33.307952880859375,51331000
2022-08-02,33.312285330327455,33.5638305341073,32.93497083350517,33.22988510131836,39864400
2022-08-03,33.36866815169965,33.46841666827143,32.07624886455191,32.27574920654297,57013200
2022-08-04,32.054569551179576,32.145645588595116,30.961650484497397,31.078750610351562,55991000
2022-08-05,30.65805919005549,31.967823409028927,30.65805919005549,31.694595336914062,45179600
2022-08-08,31.659905142509015,32.14564734409993,31.612198171422047,31.859405517578125,37756600
2022-08-09,32.310444707455844,32.830880077191345,32.2540652568695,32.41886901855469,34683000
2022-08-10,32.49260315396903,32.83956234134265,31.850732958830267,32.653072357177734,34788400
2022-08-11,33.264577599601544,34.06258225655915,33.16482908551148,33.77634048461914,60531600
2022-08-12,33.55515268721513,34.04956721771836,33.41203182079394,34.03221893310547,38381000
2022-08-15,32.8005294523254,33.55082732515995,32.5012805302673,33.368675231933594,42024400
2022-08-16,33.41638007317132,33.76767384610118,33.0824312813817,33.29060745239258,39357600
2022-08-17,33.13880927851863,33.91512446339015,33.052067841069636,33.56816864013672,45472400
2022-08-18,33.941149419081626,34.50495388713859,33.88043206573468,34.47026062011719,46866000
2022-08-19,34.38351654853205,34.700116988618895,34.18401621582763,34.46158218383789,39488400
2022-08-22,34.166667333622804,34.60904036226019,33.602862918551004,34.39652633666992,45696200
2022-08-23,34.96033521156943,35.90579533876464,34.93431443568019,35.63690185546875,54367000
2022-08-24,35.64124244964628,36.12698459234478,35.48077326555047,36.0749397277832,49093200
2022-08-25,36.283118695630584,36.534660621765404,36.00121478117394,36.352508544921875,39798600
2022-08-26,36.27877196264571,36.67343469971166,35.76700912694414,35.92747497558594,38635200
2022-08-29,35.91013788508001,36.94233627138836,35.81905853998567,36.4696044921875,52125000
2022-08-30,35.84509268312642,35.853765175695486,34.94300124890082,35.233577728271484,57641800
2022-08-31,34.36183412933884,35.49378089307119,34.23606153140249,34.912628173828125,58304600
2022-09-01,34.39652670028286,34.5266371945157,33.576839189619,34.05390548706055,56604200
2022-09-02,34.89094319522854,35.138150500732905,34.49194251070351,34.67843246459961,57188200
2022-09-06,35.00370228663223,35.120802389179005,34.21437347728964,34.35749435424805,45568200
2022-09-07,33.60720662071806,34.10595923343975,33.29928190023553,33.95850372314453,60541400
2022-09-08,34.11029111575149,34.27509488798037,33.69394213155671,34.105953216552734,53681600
2022-09-09,34.71746975502548,35.1251429619184,34.46158663061981,34.95600128173828,38678800
2022-09-12,35.467759378897846,35.98386014781572,35.164172637679876,35.597869873046875,41731800
2022-09-13,35.042751811259045,35.641253041769744,34.54399913140915,34.700130462646484,61146000
2022-09-14,35.025394431040404,35.93182018831771,35.025394431040404,35.680274963378906,54384200
2022-09-15,35.04707603831697,35.19453483369848,34.59169588092038,34.76083755493164,55886400
2022-09-16,34.652420013313936,34.67844079629841,33.524807529726715,34.019222259521484,70403600
2022-09-19,33.08361814951546,34.06130938232796,33.004701353391916,34.03938674926758,37625800
2022-09-20,33.802635192871094,33.99992884882469,33.40366937536664,33.802635192871094,42299600
2022-09-21,34.438352341329804,34.4865794531041,33.2940605890921,33.307212829589844,68705800
2022-09-22,33.912238457615835,34.02184491891706,33.16253066370627,33.18883514404297,57748000
2022-09-23,31.899867569399504,31.961246924243667,30.66350673694365,30.900257110595703,105475600
2022-09-26,30.707346783670683,31.093160325591878,30.102320317832586,30.14177703857422,72159600
2022-09-27,30.663505798965293,31.044934157411515,30.30837857688836,30.4793643951416,67671200
2022-09-28,30.786261575347492,32.005084818166615,30.60212353396983,31.829713821411133,63147600
2022-09-29,31.597348672302623,31.895478363309884,31.04054935339677,31.829713821411133,48563000
2022-09-30,31.575428009033203,32.01385385575355,31.26853125429846,31.575428009033203,43369400
2022-10-03,32.71095667526291,33.535196163308655,32.658344363076274,33.359825134277344,69550600
2022-10-04,34.03499417262216,34.82416196271354,33.76755416292028,34.79347229003906,66330800
2022-10-05,34.780322781597974,35.78870020929996,34.48219307581571,35.51249313354492,61273600
2022-10-06,35.22313235416251,36.25343581184616,35.196827872663825,36.143829345703125,52670200
2022-10-07,36.21836319032346,36.62609940350716,35.60456627279947,35.86323928833008,56915400
2022-10-10,36.003534030803216,36.310430805091805,35.01269061750525,35.12668228149414,46331600
2022-10-11,34.469041906721905,35.446729689716754,34.324360571863856,34.84608840942383,53842200
2022-10-12,34.618106661331375,35.37219970092501,34.39012667827756,35.12668228149414,41102400
2022-10-13,34.66633361594023,36.70062939740134,34.657566570253955,36.560333251953125,70134800
2022-10-14,36.16136973736232,36.6830942842986,35.12668434480712,35.19683074951172,53494600
2022-10-17,35.74924939505799,36.2227501845109,35.53442163398046,35.635257720947266,37988400
2022-10-18,35.92899576836926,36.279737773636725,35.25382292735344,35.946533203125,50375800
2022-10-19,36.05176165824158,37.14344116510591,36.03860607207838,37.007530212402344,62527600
2022-10-20,37.28812331220668,37.630094971491545,36.81900774332953,37.0426025390625,50523600
2022-10-21,37.24866238858733,38.1868935048276,37.152208159734286,38.112361907958984,50548400
2022-10-24,38.090438757014766,38.559554308743486,37.88438140581906,38.2921142578125,44992000
2022-10-25,38.14304643476554,38.506940669051275,37.93698576366582,38.33156967163086,37683600
2022-10-26,38.47625170655599,39.160194929721506,38.44994388225635,38.85329818725586,45413000
2022-10-27,39.38817955506516,39.65123775968177,38.875222076926,38.99359893798828,50021200
2022-10-28,39.41447877223768,39.73452772238847,38.42802075519297,39.12950134277344,49328000
2022-10-31,38.74369528410154,39.9756709067733,38.69985002122121,39.45832824707031,59520800
2022-11-01,40.12035211456742,40.137889550677116,39.59862426130677,39.839759826660156,43510800
2022-11-02,39.712618016323525,39.918678720316464,38.78753911856209,38.879608154296875,56499200
2022-11-03,38.64285291225954,39.82221948131682,38.53324645327425,39.5986213684082,53634400
2022-11-04,40.479863639751585,40.78237523239163,39.51970986047341,40.080894470214844,60590600
2022-11-07,40.164191982082734,40.89636234143614,40.094042241224955,40.76921844482422,38775400
2022-11-08,40.690300824301076,40.98404867696385,40.30887248721182,40.808677673339844,43718600
2022-11-09,40.2562603692243,40.383404263817894,38.72615512898368,38.813838958740234,63028000
2022-11-10,39.61615666461779,39.72137792298483,38.8006843861954,39.67753601074219,58488200
2022-11-11,40.43601634716103,41.041042796984435,40.339562128002875,40.830596923828125,51082600
2022-11-14,40.712226390559266,41.5233135777826,40.707841195298364,40.817447662353516,46245200
2022-11-15,40.970890430215746,41.35232208744674,40.70345041967278,41.247100830078125,51542200
2022-11-16,40.878824206248986,41.12872680015916,40.19488096921561,40.40532684326172,47277200
2022-11-17,39.7871530901278,40.528093981135186,39.581092368137035,40.493019104003906,42859800
2022-11-18,39.74330292548877,40.28256483363873,39.24349773723695,40.17295837402344,47366200
2022-11-21,39.30049123456545,39.734531870801845,38.27019120040343,39.629310607910156,85153600
2022-11-22,40.12472649391735,40.962121351386735,39.94058846643684,40.870052337646484,53755000
2022-11-23,40.12912017687685,40.68592291646412,39.98005698355365,40.427249908447266,41197400
2022-11-25,40.45355447414919,40.73853196512213,40.2080370517351,40.2781867980957,15182600
2022-11-28,39.29172814732651,39.78714818222734,39.041825532210304,39.1733512878418,58262400
2022-11-29,39.60739087843121,39.99759297403388,39.46271288570821,39.76522445678711,38048400
2022-11-30,40.20804186587257,40.286958667515016,39.33557519682657,39.9625244140625,43830200
2022-12-01,40.24311122806875,40.444786727977274,39.69507888758125,39.830989837646484,38902000
2022-12-02,39.55478537037402,40.063357676777315,39.36187690332923,39.594242095947266,36770000
2022-12-05,39.98444232348157,40.14227592131808,38.09044249436769,38.41926193237305,51753800
2022-12-06,38.178124588724806,38.638469733530265,37.147824489485345,37.406494140625,64930200
2022-12-07,37.397733941503276,37.888768852521345,36.98999768436179,37.318817138671875,48894200
2022-12-08,38.15620987674807,38.239511877587766,36.9461533186945,37.15221405029297,51280800
2022-12-09,37.03383672632985,37.44157295173049,36.23590171311749,36.249053955078125,48097800
2022-12-12,36.45511297259533,37.288122822300046,36.314816823323675,37.200435638427734,42184800
2022-12-13,37.92383702691863,38.221966746591946,37.60816987139115,37.90629959106445,54557400
2022-12-14,38.16498084124147,38.300891817344805,37.336356051268716,37.67394256591797,52675600
2022-12-15,37.34511395210286,37.53363720097226,36.81023388112809,37.445953369140625,40406600
2022-12-16,36.740085937788905,37.16097433372297,36.48141295840602,36.98560333251953,59101000
2022-12-19,37.37540358865501,37.49499968941786,36.710991320252006,36.98118591308594,36836600
2022-12-20,37.09634235123266,37.7784725146191,36.95460123802084,37.539283752441406,28593000
2022-12-21,38.305572701173524,38.42516538894628,37.74303524625733,38.252418518066406,34058200
2022-12-22,38.2922873354145,38.3144357598581,36.62239954124515,37.3709716796875,37359400
2022-12-23,37.867055504723766,38.571334016671585,37.67216360643657,38.56247329711914,29630000
2022-12-27,38.73079907065256,39.138304368364174,38.58905795060614,38.97441482543945,32749200
2022-12-28,38.92126238560715,38.92126238560715,37.98222539256305,38.1018180847168,31838000
2022-12-29,37.94236166633137,38.67321226744268,37.92464360493705,38.500465393066406,26915800
2022-12-30,38.29671166041423,38.81938262878153,38.29228130034873,38.744083404541016,22661800
2023-01-03,38.50046921388203,38.69536452918643,36.919168405787275,37.38425827026367,53082800
2023-01-04,36.83057542721666,37.59686210145152,36.68883432462339,37.37982177734375,45705200
2023-01-05,37.31780533359756,38.2701298251072,37.21150036551886,38.061946868896484,38723800
2023-01-06,38.55361137122013,39.257886420024306,38.45616374398017,38.783939361572266,44422400
2023-01-09,39.36863799674642,39.430649534338166,38.52262151710166,38.646644592285156,46003200
2023-01-10,38.89911622520018,39.00099424096694,38.31000331258679,38.9212646484375,31599000
2023-01-11,39.2623222752468,39.35976991612757,38.620058648531824,39.04085159301758,32903000
2023-01-12,39.2756127517066,40.041902853310255,39.20031352547595,39.784996032714844,36716000
2023-01-13,39.753991956777334,39.94002653984266,39.33319896469507,39.84257888793945,31808400
2023-01-17,39.93560327527662,40.343108603544714,39.76285299849708,39.92674255371094,33933200
2023-01-18,40.11276939073029,40.56014112071013,39.15601778868742,39.19588088989258,38075200
2023-01-19,38.96998439466185,39.842576081200235,38.88582445042418,39.6831169128418,34293800
2023-01-20,39.76727438099721,40.214646096557225,39.36419950451442,40.077335357666016,28560000
2023-01-23,40.36968194346792,40.56900423661829,40.00203974293506,40.1304931640625,29305000
2023-01-24,39.99761610714283,40.068484985093214,39.182602044774434,39.975467681884766,30755200
2023-01-25,39.78056327232175,39.979888916015625,39.14715697941577,39.979888916015625,26861200
2023-01-26,40.626583186519184,41.25998948374739,40.13048763323136,41.242271423339844,36663000
2023-01-27,41.02080769366782,41.224560353845504,40.34310782018279,40.409549713134766,34841000
2023-01-30,40.11720536368932,40.174786533278116,39.43064479229444,39.48379898071289,27525000
2023-01-31,39.3509170348788,39.89573650861253,38.94784207020595,39.83372497558594,27848200
2023-02-01,39.647691059720934,39.81600759806855,38.535907048085605,39.049720764160156,46967200
2023-02-02,38.89911224080087,38.97441146509503,37.73860459715865,38.159400939941406,49803000
2023-02-03,38.3188640417267,38.93898271937838,38.03538179697877,38.07524490356445,45454800
2023-02-06,38.1106831770468,38.39859579854583,37.437410273291384,37.90250015258789,31714400
2023-02-07,38.14168888940885,39.19146135238,37.94236658677988,39.13387680053711,41014000
2023-02-08,39.102857640039794,39.30218325376898,38.562468710344696,38.783939361572266,26967200
2023-02-09,38.78838050931155,38.912403567794584,38.42516867545059,38.451744079589844,32150400
2023-02-10,39.08957983145305,40.03747418817739,39.05414370724144,39.95774459838867,40003200
2023-02-13,39.75399889255925,40.01090576887603,39.342063169973876,39.85587692260742,24744800
2023-02-14,39.54138060189147,40.1614992896892,39.43064524261955,39.86915969848633,27022600
2023-02-15,39.421783877920724,39.505943823779084,38.69092990543266,39.19145584106445,31939600
2023-02-16,38.97884582527302,39.31548225817081,38.76623245202838,38.80609893798828,25314200
2023-02-17,38.20369585434638,38.23027125701906,37.26023188634437,37.42411804199219,44680400
2023-02-21,37.260227490242144,37.66773272022623,37.167210212487575,37.23807907104492,33622600
2023-02-22,37.136211759022515,37.486135930901156,36.67112523643085,36.99004364013672,40270400
2023-02-23,37.54814529418945,37.765189038213,37.07419807704886,37.54814529418945,35023400
2023-02-24,36.99446010277935,37.55256715057297,36.78185014701228,37.49941635131836,37496800
2023-02-27,37.57472469994032,37.77404700432607,37.30009977935593,37.61016082763672,30676400
2023-02-28,37.991074726704305,38.00436580469769,37.038753612326616,37.069759368896484,38007600
2023-03-01,37.100768634637966,37.991078320085755,36.96345451737727,37.80061340332031,37094000
2023-03-02,37.734171833353706,38.2745607801738,37.61457578545139,38.132816314697266,32798600
2023-03-03,37.67658904272261,38.84152692179817,37.65001364390314,38.65106201171875,50675200
2023-03-06,38.438453677603505,38.73079662010067,38.283424865388945,38.668785095214844,33898400
2023-03-07,38.438455329593566,38.53590298128068,37.89806626432851,37.995513916015625,37000400
2023-03-08,37.82720270196902,38.31000728839866,37.24252008919972,37.60573196411133,39399000
2023-03-09,37.82276795027643,38.35429630768155,37.06533852025543,37.074195861816406,37888200
2023-03-10,37.07418972511769,37.59686065444683,36.38763265872622,36.600242614746094,56624800
2023-03-13,35.66564465731358,36.49837675989469,35.04109895975287,35.856109619140625,83327000
2023-03-14,35.85167542132421,37.01661000304445,35.572620196575556,36.21045684814453,61066400
2023-03-15,34.88163368255368,35.14739783473632,33.76984987228805,34.26594543457031,115347000
2023-03-16,33.51294757730104,34.72660605372022,33.38006380701351,34.63801574707031,88790400
2023-03-17,34.43869058746634,34.72660314606602,33.81414165053285,34.093196868896484,67351600
2023-03-20,34.05963197300208,34.999516028279075,34.05963197300208,34.775733947753906,52288800
2023-03-21,35.49184338490725,36.09157779008403,35.384425515461054,35.97968673706055,59712400
2023-03-22,36.0020656080018,36.167662177859285,35.18749889453939,35.214351654052734,49209400
2023-03-23,35.40679700943451,35.71561733796941,34.39082456770182,34.726497650146484,49486200
2023-03-24,34.037254786743134,34.99504178932045,33.92983693278877,34.86077117919922,41298000
2023-03-27,35.227773589075404,35.80513174827353,34.9458094058294,35.603729248046875,40223800
2023-03-28,35.4023315761691,36.31088645948428,35.38890519498028,36.154239654541016,32596800
2023-03-29,36.512289536292336,36.69578908911433,36.275081048314554,36.65550994873047,36204600
2023-03-30,36.959847892172576,37.01355340416962,36.60179521052292,36.816627502441406,27460800
2023-03-31,36.91060823409751,37.134390262033456,36.77633765147884,37.07173156738281,32294600
2023-04-03,38.63373917076253,39.00074165502972,38.432336659322644,38.75010681152344,62452200
2023-04-04,38.866471801102705,38.915704134136185,37.7072822124723,38.04743194580078,49363000
2023-04-05,38.141421990325945,38.62031555175781,37.823651815417314,38.62031555175781,40552200
2023-04-06,38.56213779759065,38.60241694145683,37.95792332244373,38.03401184082031,33378600
2023-04-10,38.177228813186616,38.77696322080958,38.177228813186616,38.33835220336914,26977200
2023-04-11,38.55318113312872,38.94256322870518,38.333875624298834,38.70087814331055,25575200
2023-04-12,38.969407198848415,39.049968875808304,38.61135454243931,38.72772216796875,33334400
2023-04-13,38.66954278519096,39.067874600804366,38.57555472456073,38.96940994262695,31384600
2023-04-14,39.023112652306914,39.26927084389039,38.81275699146672,39.041015625,23560200
2023-04-17,38.91123231238197,39.072355696194045,38.44576513855198,38.58003234863281,23762000
2023-04-18,38.49051937098314,38.83066910291997,38.298066637542476,38.73220443725586,24493600
2023-04-19,38.38310582427159,38.62926407956058,38.17275010899154,38.59793472290039,34246200
2023-04-20,38.06085267949751,38.26673176226243,37.79231489391904,38.257781982421875,30396200
2023-04-21,38.396537794193044,38.414440774126106,37.86393523877837,38.03401184082031,33757600
2023-04-24,37.913165212922635,38.79486728537452,37.89973883247215,38.615840911865234,25251800
2023-04-25,38.23988473225848,38.307016627719726,37.66700312669777,37.890785217285156,30665200
2023-04-26,37.622244944285086,37.971344468235166,37.15677777413703,37.38503646850586,40070000
2023-04-27,37.36265940214733,37.61329425128973,37.00908328873931,37.51930618286133,34114600
2023-04-28,37.38503328943586,38.307014355276266,37.25523927483756,38.10113525390625,38228600
2023-05-01,37.62224212610828,38.078759480649495,37.47007195102358,37.67147445678711,27821400
2023-05-02,37.21943964520133,37.27762176057606,35.68876752167969,36.03339385986328,67648000
2023-05-03,35.572397253124166,35.98863201537841,35.3396620018405,35.35308837890625,59367600
2023-05-04,35.36651774724875,35.724570434287536,34.85182170476529,34.95923614501953,52861000
2023-05-05,35.92598061968828,36.190045301146775,35.71115169323671,35.9080810546875,39073400
2023-05-08,36.43173040438796,36.58837720797645,35.9036044561152,35.9080810546875,32711800
2023-05-09,35.626110952429876,36.26165132038027,35.55002585513525,35.921504974365234,41421200
2023-05-10,36.10053265835957,36.17214115999597,35.24568333464256,35.51422119140625,36052000
2023-05-11,35.0129385180943,35.272523082227885,34.82048583240044,35.08902359008789,38168200
2023-05-12,35.26357875675339,35.50078720297179,34.887623106135955,35.14273452758789,37913200
2023-05-15,35.27252594564929,35.52316416586151,34.99503838652441,35.32175827026367,32544600
2023-05-16,35.156170711748544,35.30834090693461,34.39978609016933,34.453495025634766,44511200
2023-05-17,34.8070587355463,35.303855162300984,34.5519473338055,35.11587905883789,46200600
2023-05-18,34.9055236731459,35.415746480848156,34.68621821729149,35.37099075317383,33154200
2023-05-19,35.69771374330645,35.92149579437971,35.44260234166865,35.644004821777344,36122200
2023-05-22,35.50973374958851,35.85883661288644,35.442601866880324,35.496307373046875,26943600
2023-05-23,35.83645314736595,36.284017194873776,35.74246510714643,35.87673568725586,42803800
2023-05-24,36.15871128660503,36.31088147203608,35.72905007435741,36.03339385986328,33474200
2023-05-25,35.514212392510316,35.59029747372466,35.06217167325716,35.39337158203125,38251000
2023-05-26,35.60820717536189,35.7066718471319,35.07113149343593,35.25463104248047,28785800
2023-05-30,34.6414664524793,34.93238383760708,34.50719583945309,34.8921012878418,40331600
2023-05-31,34.34607742435217,34.61014209082537,34.16257786903162,34.2789421081543,44797600
2023-06-01,34.35949814447354,35.09350648877141,34.12676628992309,34.704124450683594,51623600
2023-06-02,35.35309473560268,35.93045295574476,35.11140966103318,35.760379791259766,55278800
2023-06-05,36.28402821723089,36.28402821723089,35.46051175867727,35.523170471191406,37826200
2023-06-06,35.05322395620433,35.84093781326607,35.01741800482801,35.809608459472656,34750800
2023-06-07,35.98415039928096,36.803193432488314,35.961770830863955,36.7584342956543,60654200
2023-06-08,36.807678129432176,36.9329955566294,35.99311143800639,36.60179901123047,46155200
2023-06-09,36.583893972139585,36.762920321465366,36.301929776835905,36.400394439697266,38387000
2023-06-12,35.85436690132022,36.41382212894706,35.805134568117566,36.05129623413086,36387000
2023-06-13,36.44962939420445,36.93299613313259,36.20346771933617,36.221370697021484,40136400
2023-06-14,36.5794196001293,36.74053955317787,35.58135003996146,35.84988784790039,47605400
2023-06-15,35.91254398953928,36.51675486788447,35.90359420959307,36.243743896484375,46777000
2023-06-16,36.37801672820631,36.480957994098716,36.0870993224865,36.190040588378906,47461800
2023-06-20,35.9489343263372,35.989568241544895,35.11364488116745,35.380035400390625,42552000
2023-06-21,35.23555607196097,35.962481573196406,35.18137406970091,35.65997314453125,34473800
2023-06-22,35.33488371349268,35.37551762669486,35.050432542198806,35.18136978149414,33507400
2023-06-23,34.80211041939456,35.02334756722898,34.63956785718802,34.928531646728516,34905200
2023-06-26,34.99173518589565,35.75478186838861,34.9104639212235,35.55611801147461,32488600
2023-06-27,35.520005145904754,35.79090827777656,35.31231262997903,35.63739776611328,28388400
2023-06-28,35.60127224433276,36.04374994865388,35.2852192017604,35.998600006103516,32903200
2023-06-29,36.13405104133545,36.41398620605469,35.93990318163273,36.41398620605469,28435800
2023-06-30,36.66231020181697,36.833884800529795,36.39140711061531,36.648765563964844,35970600
2023-07-03,36.739070318470915,37.00997342019947,36.59910101754729,36.734554290771484,19539800
2023-07-05,36.8880666777037,36.8970987335659,36.323683751516555,36.53137969970703,32557400
2023-07-06,36.13405377285665,36.3868962344778,35.43873355867831,35.70963668823242,41967800
2023-07-07,35.533549462596575,36.81582932738317,35.50646018307185,36.47719955444336,48916000
2023-07-10,36.38237881404556,36.83388511818198,36.35528609338796,36.76164245605469,30925000
2023-07-11,36.92870134687383,37.62853405748343,36.856458684124064,37.56983947753906,39642000
2023-07-12,37.87686218510466,38.12970460380979,37.68271434367905,37.91749954223633,43077600
2023-07-13,37.91749592905577,38.15227766052096,37.420836304326826,37.773014068603516,53226400
2023-07-14,37.529210512572554,37.56532840399085,36.68489236511614,36.77519226074219,43988200
2023-07-17,36.64425494185281,36.86097604852216,36.53589094379824,36.70294952392578,32445800
2023-07-18,36.61715884224276,37.45696080373904,36.55846426558404,37.07318115234375,43209400
2023-07-19,37.07319202724015,37.542759112409435,36.991920734716224,37.289913177490234,37521000
2023-07-20,37.59693368130685,37.80462964157395,37.41181786200818,37.72787094116211,35449800
2023-07-21,37.867833360844394,38.080038421217594,37.62401955359224,38.061981201171875,31529000
2023-07-24,38.25613200468118,38.9559647337652,38.24258392151813,38.67603302001953,44539600
2023-07-25,38.65797048950169,39.10496076016949,38.423185285409744,38.879207611083984,33606600
2023-07-26,38.558636111406344,39.04626370928959,38.50445411895727,38.89274978637695,32788000
2023-07-27,39.104966676022165,39.26299321534456,38.53606768974136,38.64442825317383,35550600
2023-07-28,38.61733984408561,38.770853803402616,38.19743877600832,38.76182174682617,34627800
2023-07-31,39.10044824875356,39.61065261618727,38.98757166406043,39.49777603149414,36266400
2023-08-01,39.33974568034438,39.42553298619986,38.8882393458965,39.31265640258789,35766000
2023-08-02,39.04626916137064,39.24492960531752,38.46833816204168,38.79793930053711,45920000
2023-08-03,38.90178256503735,39.542920653049705,38.689574063227184,39.19074630737305,41630600
2023-08-04,39.47067960081532,39.840914626039456,39.199776511944926,39.24492645263672,43208200
2023-08-07,39.46617166964588,39.547439505637755,39.172691853479385,39.29008102416992,26821600
2023-08-08,38.65345998757472,39.50229070937891,38.36449619101499,39.484230041503906,37237200
2023-08-09,39.86801558398398,40.34661125470247,39.61968569178833,39.980892181396484,52085600
2023-08-10,40.03958237717204,40.49560474518684,39.70546865002535,39.97637176513672,39226600
2023-08-11,39.95830646284387,40.635565894417496,39.94927785276618,40.590415954589844,46689200
2023-08-14,40.47754033908437,40.58590088617506,40.147939225587265,40.41884231567383,30189400
2023-08-15,40.13891506426843,40.1840650101673,39.50680548752403,39.57904815673828,44982400
2023-08-16,39.61968057156719,40.04861020841413,39.2088081566187,39.23590087890625,37995400
2023-08-17,39.78673850020789,40.24727343488646,39.64676919739626,39.705467224121094,40464200
2023-08-18,39.475196764154795,40.14794020056298,39.348775548692295,40.09827423095703,35307200
2023-08-21,40.260817264381494,40.42335981328869,39.57001315388583,39.84543228149414,30488400
2023-08-22,39.895100609913584,40.03506647346606,39.51583349180492,39.53841018676758,25732800
2023-08-23,39.109474010060126,39.475192983294455,38.77084431048185,39.43907165527344,38798600
2023-08-24,39.082387437292454,39.58355974705396,39.05529815937669,39.168174743652344,33455000
2023-08-25,39.40295768086662,39.7461034716673,39.05981533478602,39.54743957519531,38036800
2023-08-28,39.65128496354727,40.111819895187345,39.58355832646847,39.81382751464844,25718200
2023-08-29,39.95830531919465,39.96282134646404,39.52485970875956,39.922183990478516,27019400
2023-08-30,40.1027889442266,40.19308882524893,39.9447624300777,40.120849609375,27890200
2023-08-31,40.269850226139766,40.33757341910894,39.85897781695402,40.14794158935547,29617400
2023-09-01,40.59042092616151,41.01483454618776,40.58138887025796,40.96968460083008,35764200
2023-09-05,41.19995363566321,41.60631003169868,41.15931971841967,41.18640899658203,48737400
2023-09-06,41.10513202627097,41.42570107078207,40.90195213402397,41.204463958740234,40324200
2023-09-07,41.28573461124433,41.497943110225336,41.091586776508464,41.16382598876953,30729200
2023-09-08,41.35797352411786,41.85914575795414,41.33540027751446,41.561153411865234,34739000
2023-09-11,41.863661716661916,41.99008292053637,40.84777261374571,41.014827728271484,44095000
2023-09-12,41.45731103244688,42.02620997207733,41.38055578317291,41.98106002807617,53599400
2023-09-13,42.021691306772766,42.107478606294485,41.44827982003627,41.665000915527344,36315400
2023-09-14,42.0984478543851,42.301627763007076,41.972026637315324,42.15262985229492,37099800
2023-09-15,41.76433558721502,42.17520800159265,41.54309844970703,41.54309844970703,49612800
2023-09-18,41.972463252987716,42.09527149479449,41.585851525721985,41.8951416015625,33746600
2023-09-19,42.20898308754222,42.26811079972436,41.258369518501354,41.50398254394531,36264400
2023-09-20,41.29930656459158,41.767789316988505,41.090077956009466,41.11737060546875,35930400
2023-09-21,41.39936720237718,41.49488626832975,40.485145012394256,40.55337142944336,43446200
2023-09-22,40.85810741627241,41.13100958264824,40.58520524989659,40.62158966064453,42067400
2023-09-25,40.51243558989439,41.19469284366165,40.51243558989439,41.13101577758789,35073800
2023-09-26,40.77624564255613,41.140114123314476,40.71256857166991,40.89450454711914,33460000
2023-09-27,41.40391771214754,42.0315966023655,41.22198175164756,41.91333770751953,46289400
2023-09-28,41.73139746854622,42.204429529293066,41.635881879857834,41.95881652832031,48462800
2023-09-29,41.895134062113264,42.05887604162886,40.9581687672155,41.11281204223633,48369200
2023-10-02,41.058241449082956,41.16740511202625,40.01666505875037,40.29411315917969,50599800
2023-10-03,40.19859258687454,40.34414064933124,39.87111204895163,40.26681900024414,41466600
2023-10-04,39.666443807059366,39.73467023934594,38.62031790251374,39.00238037109375,59572400
2023-10-05,38.442917983296,39.10243536696198,38.442917983296,38.76130676269531,47037000
2023-10-06,38.7613100611379,39.34805172682283,38.32466582693654,38.99327850341797,51481000
2023-10-09,40.03940488592525,40.462404536945634,39.75285807851401,40.29411315917969,61489000
2023-10-10,40.3305021378136,40.61250306950229,40.10308303907306,40.344146728515625,41700600
2023-10-11,39.93023684749111,39.97117061044707,39.366238580326915,39.82562255859375,47145400
2023-10-12,40.24863354217005,40.28502143298885,39.684635115039704,39.87112045288086,39986400
2023-10-13,40.521531867818204,40.94453151483057,40.34869460833893,40.74895095825195,48511800
2023-10-16,41.01275569423639,41.14465917589493,40.63069330885834,41.021854400634766,38365200
2023-10-17,40.930882843888796,41.57675563363459,40.871755135521326,41.449398040771484,40424000
2023-10-18,41.617694404582416,41.99975681869498,41.522178801054274,41.82691955566406,47616800
2023-10-19,41.681363184903844,42.09981340385472,41.28565278885767,41.7541389465332,63297000
2023-10-20,41.68136338069105,41.83601013981019,40.91268587803203,41.053688049316406,46549600
2023-10-23,40.817178723105975,40.82172807670359,40.20314785274903,40.38963317871094,51888200
2023-10-24,40.489684504611084,40.521523031523365,39.80742738208571,39.821075439453125,44271600
2023-10-25,39.84835975130422,40.05303547503005,39.548164988358344,39.748294830322266,41412600
2023-10-26,39.384432609135324,39.62095038360529,39.04785335946301,39.43901443481445,44770400
2023-10-27,39.3980769298173,39.54817086344874,38.36104316115184,38.49294662475586,53809400
2023-10-30,38.62940697384787,38.906858542750435,38.24734109612142,38.62031173706055,45530600
2023-10-31,38.6657867813417,38.82952877041611,38.27917510108125,38.747657775878906,37205600
2023-11-01,38.99327137870524,39.20249648581411,38.60211033972018,38.65668869018555,46082600
2023-11-02,38.7522043748733,39.8620104390919,38.52933467956588,39.82562255859375,45323000
2023-11-03,39.7528532716463,39.88020739287401,39.18430560892293,39.42536926269531,47235000
2023-11-06,39.73921578168963,39.73921578168963,38.865923778441896,38.97963333129883,41035400
2023-11-07,38.47020973894041,38.538436152239015,37.94714519717045,38.11543655395508,47550200
2023-11-08,37.96989274229833,38.22005165887861,37.62421475432312,37.63785934448242,50742000
2023-11-09,37.91530426228207,38.00172461165524,37.50139992595721,37.52414321899414,38232200
2023-11-10,37.94714836757144,38.029019376342006,37.57873056317379,37.938053131103516,34565600
2023-11-13,37.99718207310422,38.288278231455195,37.87892317435541,38.21095657348633,28447400
2023-11-14,38.35649772567348,38.66123841920317,38.2928206694177,38.55207824707031,34724000
2023-11-15,38.492949856069586,38.965981929694564,38.42472691239158,38.479305267333984,33043600
2023-11-16,38.115435980274526,38.26098404038911,37.34675844428276,37.72882080078125,53166000
2023-11-17,38.051765620549226,38.774956695597524,37.96079589812359,38.52024841308594,48850800
2023-11-20,38.679435771037426,38.9068548406201,38.56572623624609,38.57482147216797,29093800
2023-11-21,38.39288773064412,38.556626262833134,38.119982080003595,38.4884033203125,26973800
2023-11-22,37.71972739787936,38.50204956030786,37.5059529151065,38.470211029052734,36547200
2023-11-24,38.4565611244719,38.91594508763675,38.43381783237341,38.629398345947266,19152600
2023-11-27,38.429269569242095,38.56117303284611,38.133624114277175,38.49294662475586,24501800
2023-11-28,38.570274906125945,38.85682167947458,38.429272725787165,38.50204849243164,28921800
2023-11-29,38.743113798173724,38.79314627233961,38.09269510415686,38.21549987792969,45268000
2023-11-30,38.54298332757604,39.020564766542634,38.01082353225188,38.470211029052734,58364600
2023-12-01,38.42473571262576,39.12973289649721,38.25189496201777,38.670345306396484,43048000
2023-12-04,38.3883358064715,38.73401372935999,38.2109492275204,38.49294662475586,37070200
2023-12-05,38.47021628913335,38.54298859760691,37.79705421751734,37.81979751586914,37747200
2023-12-06,37.57417599473322,37.837982927505294,37.11023918604586,37.25579071044922,62306600
2023-12-07,37.42862849322687,37.61511031387885,36.86917609099214,37.00107955932617,40908800
2023-12-08,37.24669371789879,37.51505001568371,37.169372069608364,37.40134048461914,34127200
2023-12-11,37.433182345095005,37.56963171242925,37.26034162160924,37.44682693481445,29344200
2023-12-12,37.10115271536791,37.14208995881193,36.723636167578235,36.932861328125,45386600
2023-12-13,36.95560088407564,37.460471524533894,36.78276363072968,37.44682693481445,46445600
2023-12-14,37.8243401742054,38.59756359933521,37.8243401742054,38.54753112792969,60717400
2023-12-15,38.201858975579505,38.41563348216746,38.02447235737674,38.34286117553711,46366400
2023-12-18,39.023399441639825,39.220858526201425,38.61929517362342,38.65603256225586,42447200
2023-12-19,38.72950625240276,39.16116183708959,38.642259328295104,39.119834899902344,36862400
2023-12-20,39.257590953456805,39.487194368677464,38.711137207591285,38.757057189941406,39818200
2023-12-21,38.835125072240274,38.96829548569905,38.545826003776966,38.908599853515625,26062800
2023-12-22,39.18871442541464,39.36321528634554,38.96370402962907,39.02340316772461,25037800
2023-12-26,39.35402664035341,39.569854425875036,39.23463537882809,39.358619689941406,25983400
2023-12-27,39.35862134643433,39.491791762328404,39.04176747746324,39.18412399291992,20238200
2023-12-28,38.982064886446885,39.13360397094815,38.573371115618514,38.5871467590332,26198000
2023-12-29,38.72032164851749,38.757059037536926,38.385099104788026,38.499900817871094,24345400
2024-01-02,38.77083592664577,39.27136973008354,38.71572984134834,38.91318893432617,39301800
2024-01-03,38.97288928642247,39.6892509003098,38.77543018727783,39.546897888183594,37936000
2024-01-04,39.83160208817113,40.001509887760115,38.83053099240941,38.853492736816406,42049000
2024-01-05,39.22544360878725,39.24381230101333,38.706541191412285,38.8856315612793,34029200
2024-01-08,38.224380789204616,38.48153903162345,37.700885211505316,38.43561553955078,47218600
2024-01-09,38.48612672914362,38.52745716932936,37.73762079082353,37.82027816772461,33750400
2024-01-10,37.89374616474326,37.907525312592554,37.2967793863339,37.44831848144531,33159800
2024-01-11,37.65036964466571,37.74680266529554,37.393214922986154,37.54475402832031,38588600
2024-01-12,38.12335277510195,38.27489188291253,37.73762068627907,37.96722412109375,38769200
2024-01-16,37.8845645937293,37.93507762679856,37.03962568324393,37.062583923339844,36031200
2024-01-17,36.68143855913788,37.12227667436961,36.59878119356507,36.754913330078125,39284200
2024-01-18,36.76410299362573,36.79624733622524,36.2681622083004,36.69522476196289,35705600
2024-01-19,36.67684198428753,36.81919494636433,36.54826115978515,36.81460189819336,39940200
2024-01-22,36.736549530290226,37.03503469591791,36.4977634998703,36.95237731933594,30136800
2024-01-23,36.892674022894425,37.32892260144308,36.83757144703522,37.03043746948242,24709200
2024-01-24,37.22331013682161,37.576901411232555,37.04881277633387,37.55853271484375,33841000
2024-01-25,37.824863440424274,38.41724060250794,37.59984959744783,38.40346145629883,37609400
2024-01-26,38.3621387744377,38.7019508456803,38.08202232949702,38.688175201416016,36469600
2024-01-29,38.62848235330925,38.688177983904545,38.228971123561465,38.63307189941406,29680600
2024-01-30,38.251934842550305,39.0417677401969,38.104988779793906,39.03258514404297,35341200
2024-01-31,39.03258554415939,39.10606032802601,38.28407957673842,38.30244827270508,38580800
2024-02-01,38.53204419632855,38.711134567710104,37.9442565505326,38.297847747802734,51101400
2024-02-02,38.619303362753286,38.6560407591758,38.03151903387686,38.352962493896484,38075000
2024-02-05,38.118755571795646,38.48611889162276,37.84323220605789,38.25651550292969,31593600
2024-02-06,38.444800921084784,38.757061742603916,38.21979052870894,38.38051223754883,28056200
2024-02-07,38.490724361741414,38.65603913522687,38.146319167558524,38.458580017089844,26920400
2024-02-08,38.435612812207154,38.99584574242293,38.42643021652654,38.853492736816406,36201000
2024-02-09,38.9269569774971,39.092271697633684,38.215188574630375,38.25651550292969,38073400
2024-02-12,38.389690677039795,38.78920188444488,38.389690677039795,38.678993225097656,25893800
2024-02-13,38.71572442353629,38.848894816766666,38.04068986285502,38.28866195678711,41156800
2024-02-14,38.568784412594205,38.68817918094926,38.04988190560056,38.25193405151367,40894600
2024-02-15,38.24274542258472,39.42749992139668,38.21060108363107,39.317291259765625,43364400
2024-02-16,39.47801787287037,39.60659524470367,39.17953268627413,39.294334411621094,26960800
2024-02-20,39.33565696782634,39.35861520621028,38.88563275316815,38.9361457824707,28995600
2024-02-21,39.10146400456821,39.70302385736349,39.073909211189864,39.66628646850586,28745800
2024-02-22,39.41372127725919,39.90047937393528,39.2254448038083,39.735164642333984,35206800
2024-02-23,39.349438688015304,39.6020003700595,39.09687350250064,39.47342300415039,28952400
2024-02-26,39.42749972903486,39.8729309262695,39.23004064686291,39.611183166503906,23376400
2024-02-27,39.647922068624354,39.817829882892156,39.23922820785778,39.441280364990234,26317400
2024-02-28,39.491786118489514,39.79027124914884,39.20707663173494,39.36320877075195,26679600
2024-02-29,39.445874999731345,39.68466105582353,39.33566632026347,39.55608367919922,27335400
2024-03-01,39.8407919444906,40.19897276880787,39.77191020824405,40.015289306640625,32459600
2024-03-04,39.992319420712484,40.097938528590696,39.55148130331417,39.588218688964844,33198000
2024-03-05,39.528522894878414,40.139268790681925,39.478009865693465,39.882110595703125,32174200
2024-03-06,40.21733825403561,40.42857299244621,39.91885308978157,40.006103515625,28008800
2024-03-07,40.06120343348319,40.57092330225284,40.02905909506845,40.34591293334961,24569200
2024-03-08,40.29081070718825,40.497455905460086,40.1897846329403,40.4882698059082,28252000
2024-03-11,40.4974569638923,40.91992646408849,40.19437873322727,40.906150817871094,24983800
2024-03-12,40.901557359022235,41.01635908098014,40.62603392701738,40.841861724853516,23780600
2024-03-13,41.268920443451805,41.71894118984898,41.20003871597096,41.49393081665039,42725200
2024-03-14,41.659242249391724,41.93935868300034,41.49852056702693,41.920989990234375,35946000
2024-03-15,41.88885044429781,42.34805730555348,41.79241742385055,42.044979095458984,37753400
2024-03-18,42.21348162624362,42.33846789695411,41.86166305672132,42.19033432006836,30496800
2024-03-19,42.1857030260393,42.70417229718685,42.15792908479705,42.67176818847656,28545800
2024-03-20,42.42642348478557,42.76435155203074,42.36161526553902,42.61159133911133,32659400
2024-03-21,42.68565418648671,42.95414738498733,42.5514075872364,42.86619186401367,23334200
2024-03-22,42.88470845417911,42.99118111146069,42.667136504095375,42.77360916137695,17948800
2024-03-25,42.921750126084305,43.4587330769896,42.91248978988156,43.17172622680664,35074400
2024-03-26,43.21337937096464,43.31059169290579,42.755091701304124,42.838417053222656,35373800
2024-03-27,42.74583118261472,43.245783291972074,42.67176616555223,43.23652648925781,33960000
2024-03-28,43.49112954578639,43.78277004459312,43.282817931024006,43.70407485961914,34615200
2024-04-01,43.8336934791497,44.1577345698084,43.40317972625571,44.02811813354492,42899000
2024-04-02,44.21791549794905,44.69009372567409,44.02349083090144,44.643802642822266,38671200
2024-04-03,44.810448513311385,45.00950332662048,44.66231494515923,44.94932174682617,29148800
2024-04-04,45.01876690305158,45.180787465754726,44.74564703046389,44.92155456542969,36941200
2024-04-05,45.106717470874045,45.58352230224735,44.83359409656964,45.402984619140625,31194600
2024-04-08,45.42613238723787,45.55575236631157,45.03728304536667,45.1159782409668,34034600
2024-04-09,45.310397602140526,45.43075723128423,44.80118867669346,45.129859924316406,35322800
2024-04-10,45.00488233989832,45.43539616200258,44.810457654247,45.26874542236328,39199600
2024-04-11,45.41224327718037,45.43076041617622,44.597506820278795,45.23633575439453,39204600
2024-04-12,45.523337901858575,45.81497839634824,44.28734813809438,44.50028991699219,46572400
2024-04-15,44.713236641717195,44.92618197595212,44.028120152399914,44.08367156982422,48690800
2024-04-16,44.000344953675196,44.20402641485096,43.389293506581765,43.69944763183594,36497600
2024-04-17,43.606867004015776,44.042010982506284,43.264308729344236,43.574462890625,27421000
2024-04-18,43.72258860016188,43.84757839483137,43.28744823192664,43.440208435058594,25555600
2024-04-19,43.523536150503645,44.25957739300972,43.45872793189091,43.96331024169922,35451400
2024-04-22,43.73185087610344,44.55121393575819,43.38466248049358,44.25031661987305,30244400
2024-04-23,44.04663560927987,44.49566650390625,43.83369381496094,44.49566650390625,28657400
2024-04-24,44.21791090285977,44.578989787860756,44.00496911844352,44.52806854248047,21303800
2024-04-25,44.477151583324115,44.86600091448351,44.09292888816672,44.731754302978516,26500200
2024-04-26,44.32901970482296,44.49567043366609,43.86610179843278,44.319759368896484,32366600
2024-04-29,44.190141281564266,44.71786739273763,44.16236733838142,44.62065505981445,22236400
2024-04-30,44.440117857507346,44.5188130519187,43.27356631773241,43.29207992553711,35399000
2024-05-01,43.23189781393045,43.37077458191658,42.37087032869545,42.60232925415039,50943800
2024-05-02,42.88934358517061,43.139319671742925,42.64399766643756,42.847679138183594,34616800
2024-05-03,42.8847028398883,42.930993911513724,42.28753848010792,42.852298736572266,38087800
2024-05-06,42.98655775510506,43.625383204663855,42.98655775510506,43.190242767333984,33445600
2024-05-07,43.25042497438192,43.4679969798137,43.13469548483597,43.148582458496094,20942200
2024-05-08,42.89859381541801,43.30596376005246,42.83378560273211,43.09764862060547,19811800
2024-05-09,43.143943795375996,43.676300048828125,43.143943795375996,43.676300048828125,22489400
2024-05-10,43.76888645677476,43.91238986773224,43.319855553320984,43.435585021972656,20568400
2024-05-13,43.53742669837525,43.69944724507533,43.134686883621015,43.319854736328125,20978000
2024-05-14,43.23652730916866,43.4078046510015,43.060616268216606,43.37540054321289,24911600
2024-05-15,43.28282008440672,43.55131329191652,42.64399470647447,43.472618103027344,38792200
2024-05-16,43.37540054802085,43.69018482305203,43.23652731396122,43.352256774902344,24580200
2024-05-17,43.430953125714026,44.02811758400262,43.417066155113844,43.95867919921875,29001600
2024-05-20,43.97719648772876,44.07440881404557,43.56519987686004,43.671669006347656,20134600
2024-05-21,43.560567464130344,43.91701617403577,43.42632086848388,43.45872497558594,22467600
2024-05-22,43.2828270891557,43.30134423044103,42.454203558501156,42.625484466552734,34868000
2024-05-23,42.83842418702047,42.98655777823483,42.16256445636851,42.236629486083984,26931400
2024-05-24,42.565299850249104,42.67640269006742,42.17645050623497,42.296810150146484,19041400
2024-05-28,42.44493444590487,42.84304403863977,42.33846179733423,42.73194122314453,28904200
2024-05-29,42.611592880176154,42.648623626954084,41.787596075215546,41.977394104003906,30053600
2024-05-30,41.88480223333089,42.250504171081715,41.870911733251944,42.09774398803711,22731400
2024-05-31,42.171809514904155,43.17634026091123,42.130148609502044,43.14393615722656,32503000
2024-06-03,43.0004409841083,43.01432795522712,41.704269525678384,42.014427185058594,40796600
2024-06-04,41.57927878545646,41.64871716537133,41.06080955144582,41.6116828918457,34721400
2024-06-05,41.662610898065836,41.72741912136461,41.35245675345267,41.607059478759766,21040200
2024-06-06,41.46355156571602,41.838513892982796,41.30616119241788,41.82462692260742,25506600
2024-06-07,41.74593740592604,42.144047092411974,41.45430039308405,41.657981872558594,20089800
2024-06-10,41.81537647898631,42.22274297634306,41.65798254996847,41.9727668762207,22543800
2024-06-11,41.78758851802235,41.93572207369402,41.40336942573126,41.88943099975586,18591200
2024-06-12,42.236626112923574,42.2505130841497,41.23209516735824,41.440406799316406,32560600
2024-06-13,41.3293032780138,41.445032735459755,40.852498478421715,41.06081008911133,28495600
2024-06-14,41.01452770928134,41.06081879571881,40.58401389502418,40.75529479980469,25811400
2024-06-17,40.69973483666887,41.04692320977194,40.55160127208286,40.86175537109375,29547800
2024-06-18,41.12562125290266,41.55150837100986,40.93119659807418,41.03303909301758,29285800
2024-06-20,41.15340614466914,42.000546834278225,41.02378968475197,41.787601470947266,34073800
2024-06-21,41.89869738464577,42.01442685209618,41.48670076306495,41.546878814697266,39972600
2024-06-24,41.777866659769735,42.75780028463022,41.7078706379628,42.594478607177734,31188200
2024-06-25,42.55714586111898,42.69713790124683,42.32382816766955,42.69247055053711,27666600
2024-06-26,42.73913448344983,42.73913448344983,42.07184928065221,42.272499084472656,23127400
2024-06-27,42.496488657424905,42.54315148860408,42.13251359002322,42.37049865722656,15631600
2024-06-28,42.697135139383555,42.846458311126405,42.379822954411836,42.5338134765625,25670000
2024-07-01,42.8744525147497,43.01444453674981,42.30516040697361,42.5571403503418,24563200
2024-07-02,42.967788493208005,42.97711963474542,42.25383690071875,42.52448272705078,25226800
2024-07-03,42.56181648606597,42.907125702094696,42.48715666969429,42.71113967895508,16280000
2024-07-05,42.62713647532564,42.65980080586034,41.85718747255624,42.04384231567383,23450400
2024-07-08,41.74052691937606,42.1744978986672,41.623868092256345,41.787193298339844,19595000
2024-07-09,41.371893388661086,41.875856879817036,41.25056719627848,41.418556213378906,19086600
2024-07-10,41.37189637712185,41.712538226298705,41.24590282512284,41.69853973388672,19320800
2024-07-11,41.591212360320014,42.22117300510051,41.44655652403636,42.132511138916016,22684800
2024-07-12,42.37049473118592,42.4311560500834,41.92718897569586,42.23983383178711,18117200
2024-07-15,42.538478078337214,43.26642804852883,42.375152865924214,42.879119873046875,30792000
2024-07-16,42.697132513238195,43.11243767035864,42.47781333944863,43.07044219970703,24129400
2024-07-17,43.16843755615891,43.77972873009704,43.159102855406076,43.49974822998047,29435400
2024-07-18,43.45308868580703,44.10171159141394,43.299098153071306,43.579078674316406,32867600
2024-07-19,43.50908561920937,43.80773200357695,42.99112001753997,43.10311508178711,26500200
2024-07-22,42.87445014959284,43.079770821161205,42.58980233133481,42.832454681396484,21527600
2024-07-23,42.71113750746527,42.74846919382598,42.09984627392712,42.15117645263672,33103800
2024-07-24,42.26316571526687,42.533815086842644,41.86652635907223,42.15583801269531,29328600
2024-07-25,42.18384354750064,43.019121393694846,41.983190170368566,42.88379669189453,36437400
2024-07-26,42.77179548135061,43.20109912474128,42.617804970087114,43.01911163330078,23730800
2024-07-29,43.0237845652517,43.0564489024473,42.249171614550754,42.65047836303711,27156600
2024-07-30,42.64580636831304,43.44841977789006,42.594476192574135,43.31309509277344,25673200
2024-07-31,43.90106461353377,43.92906160168444,43.462426145061364,43.49509048461914,36173800
2024-08-01,43.39709195959834,43.6164111660067,42.12317575819125,42.34249496459961,42558400
2024-08-02,41.85718837827246,42.085842257108055,40.835259409348346,41.25056457519531,45836200
2024-08-05,40.36395513827605,40.681267297953845,39.88332132879607,40.34062194824219,50039200
2024-08-06,40.48995508598079,41.04525239229452,40.33130074711734,40.58795166015625,31418600
2024-08-07,41.0825771549175,41.50254968719791,40.72793328764235,40.75126647949219,26126000
2024-08-08,40.867921938905205,41.68453374408702,40.867921938905205,41.628536224365234,21596800
2024-08-09,41.567879894788334,41.899190582508595,41.301897874497676,41.72187042236328,22345600
2024-08-12,41.964516740648506,42.19783441327301,40.83059270928763,41.92718505859375,28785800
2024-08-13,41.60987182393957,41.647203505045574,41.31589284555618,41.52121353149414,31386400
2024-08-14,41.60053715436471,41.95051362471526,41.4372155135634,41.763858795166016,21657600
2024-08-15,42.001849857245666,42.398489202225214,41.96451817391588,42.26316452026367,18335200
2024-08-16,42.001855092325364,42.31916731988762,41.96919075537686,42.21650695800781,17753000
2024-08-19,42.28649639165275,42.8604558743045,42.28649639165275,42.50114822387695,21762600
2024-08-20,42.407821996518145,42.445153681303545,41.3625597435448,41.3812255859375,33866400
2024-08-21,41.642536287390435,41.85252432417116,41.33455881764848,41.45121765136719,22737800
2024-08-22,41.479220809325454,41.74520284740853,41.395226294133664,41.55854797363281,19595400
2024-08-23,41.754532386972805,42.249164715202205,41.7032022140269,42.179168701171875,20734600
2024-08-26,42.645802201618196,42.930450035578744,42.24449553603923,42.5571403503418,19514800
2024-08-27,42.55714272505753,42.673801563185584,42.08584358232472,42.16050338745117,16627200
2024-08-28,41.90385266641189,42.1511688134752,41.70319933876988,41.88985061645508,17049000
2024-08-29,42.13716760659554,42.594468191639734,41.74052476672833,42.435813903808594,22498800
2024-08-30,42.00651700820322,42.60847709951001,41.90852400173173,42.594478607177734,28085000
2024-09-03,41.89919232169954,41.964520991840864,41.27389904444541,41.53521728515625,38194200
2024-09-04,41.57721269460251,41.84319472550511,40.88192695770721,40.96125411987305,30114000
2024-09-05,41.25523859894646,41.28790293547181,40.60661209912193,40.643943786621094,24991200
2024-09-06,40.73260385979738,40.979920048328154,39.971989451277864,40.135311126708984,35912000
2024-09-09,40.25663256085893,40.79793130911315,40.195971243269916,40.42462158203125,32824400
2024-09-10,40.485286378673365,40.53661655504794,39.38869395276668,39.72933578491211,49326800
2024-09-11,39.72466607402668,39.74333191524888,38.74006520046277,39.36069107055664,48125800
2024-09-12,39.51468249838004,39.8693263694595,39.22070350270281,39.715335845947266,31762000
2024-09-13,39.91598997818223,40.23796952273813,39.8226607680923,39.9393196105957,26195400
2024-09-16,40.275299320711554,40.64860905629757,40.09331180365338,40.39662551879883,26875000
2024-09-17,40.410620972338535,40.9705855336132,40.32196267591592,40.94258499145508,25034600
2024-09-18,40.88192720804211,41.525882770974334,40.82592967903454,41.02191925048828,28209600
2024-09-19,41.71720732102653,41.97852201736198,41.28323623738616,41.51188659667969,37806800
2024-09-20,41.339225495198754,41.51654921332994,40.96125198679546,41.418556213378906,27961600
2024-09-23,41.49712107032137,42.13698628501733,41.35597654885776,41.92997360229492,26630200
2024-09-24,42.4098747289383,42.4098747289383,41.76530355904413,41.82646942138672,34627400
2024-09-25,41.71825588583107,41.845289917199054,40.923131971664525,41.00782012939453,27633600
2024-09-26,40.19387701631034,40.734940105794436,40.07154886635957,40.203285217285156,46896400
2024-09-27,40.41971295972638,41.08310060362452,40.39618707318225,41.02193832397461,30489600
2024-09-30,40.94665473876369,41.38420962715967,40.711410252304475,41.30893325805664,22806600
2024-10-01,40.937247563901735,42.419288583618915,40.88549348842094,42.24991226196289,66114200
2024-10-02,42.842719023121184,42.95093305188985,42.20755971212739,42.68275451660156,41925200
2024-10-03,42.83331773232322,43.4920030308806,42.50867918320616,43.435543060302734,44726000
2024-10-04,43.802516581075636,43.97659876912968,43.40260172751173,43.84015655517578,35945600
2024-10-07,43.99542236328125,44.324763189795796,43.849568349071276,43.99542236328125,32519400
2024-10-08,43.426130340332904,43.47317851614479,42.64041108713688,42.84742736816406,39759800
2024-10-09,42.52749815335715,43.21911752077629,42.442809994294684,43.106201171875,31519600
2024-10-10,43.346145556159314,43.6378499966212,43.030918821987385,43.39789962768555,26047400
2024-10-11,43.38378780870814,43.82134269757457,43.29909964990993,43.666080474853516,26414600
2024-10-14,43.36026379849156,43.717832819675955,43.29439204243563,43.64725875854492,22198600
2024-10-15,42.48515385460327,42.76744650824749,42.21697529520939,42.24049758911133,37839200
2024-10-16,42.4804538562135,42.58396201447715,42.32989751406991,42.442813873291016,19877000
2024-10-17,42.43810242394489,42.78626683609225,42.3910542462224,42.645118713378906,21433400
2024-10-18,42.56513696221679,42.687465097397435,42.202858451367256,42.503971099853516,24015200
2024-10-21,42.78626452836544,42.92270674908361,42.30166150382424,42.37693786621094,21162000
2024-10-22,42.53220612676805,42.67335067240602,42.32048392399182,42.475746154785156,17956400
2024-10-23,42.358123937632605,42.52279436910897,42.009963084004546,42.254615783691406,19813200
2024-10-24,42.34400862308464,42.47103906955362,41.967615999505455,42.24991226196289,17046600
2024-10-25,42.475740615387444,42.58865695508128,42.113465713661284,42.23579025268555,19104600
2024-10-28,41.33715974544927,41.9958449983186,41.29951976767483,41.967613220214844,24228000
2024-10-29,41.87351624599031,41.90645032866937,41.238356886010855,41.3277473449707,23791600
2024-10-30,41.473606189131374,41.74649067142007,41.31363806209978,41.421852111816406,19364200
2024-10-31,41.68532036602124,41.995844796851934,41.572404022785456,41.68061447143555,31623200
2024-11-01,42.24520250310158,42.395758820853466,41.33245280761131,41.41714096069336,26304600
2024-11-04,41.69943614915565,42.20756509861581,41.64297977002406,42.14169692993164,25811800
2024-11-05,42.34871578374434,42.53220620609827,42.16051946632984,42.42399215698242,20876600
2024-11-06,43.59079694302222,44.35298665742047,43.30850432326192,44.01893997192383,50053200
2024-11-07,43.99071733760092,43.99071733760092,43.48258840418896,43.81663513183594,26138000
2024-11-08,43.8213350766059,44.17420174530707,43.647252894476985,44.108333587646484,22336800
2024-11-11,44.11774996363428,44.50825667753782,43.91073725384909,44.35770034790039,20909400
2024-11-12,44.484734118605786,44.625878657684474,44.07540741723093,44.12245559692383,18500400
2024-11-13,44.254189683075246,44.649402269378115,43.72253845947234,44.465911865234375,23676200
2024-11-14,44.76231867636458,44.781138665219615,44.352991995245695,44.63528823852539,18011000
2024-11-15,44.59294597134819,45.02109267593579,44.40945555210954,44.56942367553711,28080400
2024-11-18,44.92228846959807,45.25162931303333,44.724680373990935,45.162235260009766,23892600
2024-11-19,44.7999601428546,45.14341507962154,44.66351791128076,44.87523651123047,23796400
2024-11-20,45.03991312664856,45.359845787227464,44.898764992154916,45.326908111572266,17917600
2024-11-21,45.5339215030989,46.037344552561564,45.42100515646086,45.69388961791992,33541000
2024-11-22,45.632725177226426,46.07028007232428,45.5903828919973,45.764461517333984,21555600
2024-11-25,45.7550518834843,45.98559047144904,44.75291167945532,44.861122131347656,32950600
2024-11-26,44.92228922952433,45.016385589370195,44.59294479097176,44.79996109008789,24932800
2024-11-27,44.757612919082476,45.1340055182463,44.69645064727534,44.75291061401367,15595600
2024-11-29,44.85171586402914,45.0210921860288,44.771733597958765,44.9458122253418,13636400
2024-12-02,44.93169615200674,45.00697610937958,44.07070048467097,44.47061538696289,22190000
2024-12-03,44.757612718208605,44.83759856811539,44.27300967190356,44.465911865234375,17886600
2024-12-04,44.44709031653519,44.44709031653519,43.134425755581596,43.39319610595703,32518000
2024-12-05,43.55315665139997,43.84956336154927,43.379074468873654,43.562564849853516,22662400
2024-12-06,43.473183043094274,43.47788893802922,42.74392367866072,42.82390594482422,26206600
2024-12-09,43.18147714203969,43.41201573253252,42.715694066275745,42.753334045410156,23627800
2024-12-10,42.997985078854526,43.05914735043881,42.400465688620784,42.46162796020508,23299800
2024-12-11,42.55102748027741,42.69217203043604,42.32519117465879,42.53220748901367,23147600
2024-12-12,42.456925990119714,42.53220595245505,42.14640511935186,42.18874740600586,21746200
2024-12-13,42.29225465210387,42.3063687473524,41.859405646600536,41.977027893066406,22346000
2024-12-16,41.859406354148796,41.859406354148796,41.02193651948347,41.05487060546875,25036200
2024-12-17,40.74434424558933,40.82432650931533,40.36795522182502,40.74905014038086,32011600
2024-12-18,40.63613184456107,40.82903044721634,39.54459762573242,39.54459762573242,39241200
2024-12-19,39.9633347911806,40.09036523536737,39.17291316750171,39.201141357421875,49981400
2024-12-20,39.19643029043567,39.72337916653692,39.092922154992074,39.586936950683594,35704800
2024-12-23,39.525268191695844,39.95226138249843,39.259585148378676,39.819419860839844,34445400
2024-12-24,39.93328353922922,40.232180582875976,39.67234586993729,40.15626907348633,15024200
2024-12-26,40.17050502139605,40.1942282750297,39.87635694643653,40.12306213378906,15386400
2024-12-27,40.08984401785437,40.55479291390693,39.919046759684825,40.118309020996094,20369800
2024-12-30,40.123054480142486,40.341294617232634,39.78145996307631,40.11356735229492,23545400
2024-12-31,40.2084516204135,40.75405375276399,40.12779836788729,40.64019012451172,21165000
2025-01-02,40.97229178067648,41.418262762979005,40.83945028458449,41.1146240234375,34887000
2025-01-03,41.35658818272126,41.6365073247854,41.190536294883046,41.49892044067383,22120800
2025-01-06,41.68869332062073,42.020797078313784,41.20476656551429,41.30914306640625,22835200
2025-01-07,41.61278287739487,42.03977601930169,41.361332365955185,41.72190475463867,25035800
2025-01-08,41.46570926874991,41.78358053647358,41.318631639773905,41.76460266113281,28483800
2025-01-10,42.30545760576189,42.79412611071096,41.712412600792725,41.93539810180664,34075800
2025-01-13,42.12517584576317,43.06930253885485,42.12517584576317,42.81785202026367,48896200
2025-01-14,42.74194204483265,43.31601285114056,42.68026666135568,43.27805709838867,31173000
2025-01-15,43.54373985742855,44.032408407174586,43.363455462468394,43.91854476928711,34657800
2025-01-16,43.771470565518364,44.27911698934952,43.71928231094751,44.23641586303711,25230600
2025-01-17,44.23641224049792,44.73457149527615,44.07985110926601,44.578006744384766,23899600
2025-01-21,44.46414821755506,44.59698973549393,44.11780830036311,44.350284576416016,49302000
2025-01-22,44.21269587493949,44.2648841290882,43.51527431464281,43.543739318847656,35880200
2025-01-23,43.87584515795081,44.03715166891604,43.43461951018293,43.74300003051758,29359200
2025-01-24,43.80468180778146,43.98496620552537,43.26856674928276,43.32075500488281,29156800
2025-01-27,43.17367966979143,43.24959117368048,42.57114749122594,42.87004089355469,31993400
2025-01-28,42.998136099590205,43.14995548441712,42.24852992306585,42.4620246887207,37401800
2025-01-29,42.357649199823136,42.77515523286474,42.2959738175146,42.55691146850586,20681800
2025-01-30,42.81785161894459,42.998136006894256,42.509467476150455,42.77515411376953,39092600
2025-01-31,42.65654643129025,42.751432192177,41.479943450131934,41.57957458496094,44537400
2025-02-03,41.57483228589537,42.01131622937214,41.19528559461734,41.840518951416016,39816400
2025-02-04,41.64598961737074,42.80835993659697,41.574823496657416,42.71821594238281,40279800
2025-02-05,42.703984556318645,42.87003642920918,42.46676656085806,42.8083610534668,21772000
2025-02-06,43.002884040208976,43.10726055219383,41.79307064352614,42.02080154418945,41309600
2025-02-07,42.177362373094155,42.400347878843796,41.95912224098969,42.01605224609375,22568400
2025-02-10,42.39085656466851,43.012370196132835,42.39085656466851,42.94120407104492,25871400
2025-02-11,43.14521560708033,43.57695053097553,42.8700418289679,43.28754425048828,26226800
2025-02-12,42.93171667516576,43.225868325983086,42.16787435355895,42.2437858581543,38798800
2025-02-13,42.17736113539362,42.65654250902847,41.90218738660057,42.56165313720703,31550400
2025-02-14,42.722961450930036,43.33023892624235,42.722961450930036,42.73244857788086,25885800
2025-02-18,42.93645926246069,43.60067040592237,42.689754127856965,43.316009521484375,29574800
2025-02-19,43.4962900949532,44.065611813976524,43.47256684846923,43.657596588134766,24531200
2025-02-20,43.56746470262796,44.1320411584143,43.38243492691463,44.05613327026367,28332200
2025-02-21,43.79044726527676,43.9090562734496,43.11674534791367,43.14046859741211,31276600
2025-02-24,43.2163726839836,43.38242817656581,42.92222468613721,43.14995193481445,26295200
2025-02-25,43.14046912147554,43.3397313889082,42.18210991644725,42.528446197509766,26608600
2025-02-26,42.580639259480485,42.69450290806228,42.091970663837635,42.2864875793457,24305600
2025-02-27,42.58063431761405,43.03609247874134,42.21532016180122,42.51421356201172,30048000
2025-02-28,42.37662666514075,43.206889729598565,42.11094364280535,43.17367935180664,26627200
2025-03-03,43.33972893991343,43.586437692978585,41.28067838680715,41.66497039794922,49501800
2025-03-04,41.05294667732531,41.93065255716635,40.53106779901384,41.26169967651367,50677000
2025-03-05,40.6639174325795,40.87267047351518,39.866864644968956,40.65917205810547,56510800
2025-03-06,40.46465659593412,41.03397848484911,40.14678526828426,40.782527923583984,47104200
2025-03-07,40.9675505397438,41.77883571813375,40.9675505397438,41.479942321777344,44849200
2025-03-10,41.70766919995776,42.36238955651275,41.39928508561936,41.78832244873047,40045400
2025-03-11,41.95912336926838,42.13940775637829,41.23323682739634,41.45621871948242,30230200
2025-03-12,41.48468957339696,42.03028813784032,41.32812480741208,41.64599609375,32240400
2025-03-13,41.49892264581711,42.09671309345936,41.109885222355295,41.36133575439453,30742000
2025-03-14,41.589065580320806,42.642310563206124,41.3992904377583,42.58538055419922,32023200
2025-03-17,42.55217038945166,43.463086734735185,42.55217038945166,43.263824462890625,29761600
2025-03-18,43.505781080471195,43.60541582881358,42.99339293576793,43.334983825683594,30806600
2025-03-19,43.39191816642159,44.23641370699385,43.38243103862554,44.04189682006836,31742600
2025-03-20,43.799935197383405,44.350282742845614,43.61490543080967,44.20320510864258,33163600
2025-03-21,44.056127475344475,44.160503975024874,43.619647221825936,43.89481735229492,36975600
2025-03-24,44.09372633712164,44.65792726799801,44.022005168777405,44.39495086669922,23824600
2025-03-25,44.59098840152534,44.963934098760305,44.4427636811162,44.57664489746094,22292000
2025-03-26,44.992622142888216,45.33688083992128,44.729649383908686,44.83961868286133,25564600
2025-03-27,44.70573883335413,44.87308578924857,44.22760258914714,44.40451431274414,19147800
2025-03-28,44.380606604319745,44.547953562336886,43.974191521166674,44.19413375854492,22248800
2025-03-31,44.09851196063832,44.94481159517787,44.03635190782491,44.68183517456055,28813800
2025-04-01,44.705740827195186,44.98783947287147,44.22282217759911,44.94480895996094,27121200
2025-04-02,44.562294984612365,45.04521359623834,44.457108078693665,45.006961822509766,33960600
2025-04-03,42.864919630976914,43.194831194382026,41.45919775455981,41.473541259765625,75657800
2025-04-04,39.99610243213615,40.445548075903005,37.658016204833984,37.658016204833984,100752000
2025-04-07,36.438767006510304,39.00636025224872,35.85066139998588,37.41416549682617,113906800
2025-04-08,38.56647618133798,38.76729255430381,35.965413510156004,36.54874038696289,90538400
2025-04-09,35.83631498424536,39.785721927235734,35.6163727193376,39.37930679321289,118962400
2025-04-10,38.356094963173604,38.356094963173604,36.08972989933135,36.80693435668945,79046600
2025-04-11,36.97905640900275,38.00227135624838,36.25229090257733,37.72016906738281,41916800
2025-04-14,38.614284398926934,38.614284398926934,37.47631779436035,37.85404586791992,32748200
2025-04-15,37.820577445316445,38.499530059182476,37.77754693289361,37.79667282104492,22167000
2025-04-16,38.03096011414563,38.752946917694246,37.935330669498946,38.107460021972656,27331400
2025-04-17,38.41824788580387,39.57055802712184,38.39912199759513,38.96810531616211,47908800
2025-04-21,38.35130922366937,38.446938665018905,37.52891426751428,37.949676513671875,31012000
2025-04-22,38.442158182509516,39.20239312741966,38.27481121173279,38.91551208496094,22097400
2025-04-23,39.25498947119501,39.675751749531635,38.60472381184792,38.84379196166992,43216200
2025-04-24,39.20717235175483,39.58011804168228,38.86769605328522,39.46536636352539,21219000
2025-04-25,39.11154380993547,39.42711181464052,38.958540367192754,39.39364242553711,17664800
2025-04-28,39.35061667505776,39.780936401876914,39.29802139326604,39.67096710205078,16436800
2025-04-29,39.22630198353608,39.699655893018175,39.14979842553593,39.556217193603516,19843400
2025-04-30,38.92029069206223,38.977664706251666,38.016613489678505,38.489967346191406,37814200
2025-05-01,38.174401155434055,39.140238542328056,38.174401155434055,38.63341522216797,36314400
2025-05-02,39.10198332034456,39.39364673496184,38.403904808472284,39.19761276245117,32038800
2025-05-05,38.70512719518181,38.7577224734488,38.274807497201,38.489967346191406,29530200
2025-05-06,38.66210285147806,38.834232217282505,38.28437472362334,38.499534606933594,22995400
2025-05-07,38.585595390581304,38.70991184174189,38.22221445317379,38.513877868652344,22446200
2025-05-08,38.86769889735891,39.55143392822034,38.805542493786184,39.02070236206055,30565800
2025-05-09,39.49405542324678,39.608807107366296,39.09242270488335,39.41277313232422,19993200
2025-05-12,40.871088740548885,41.05756158843265,40.144319589097684,40.440765380859375,32610000
2025-05-13,40.64158322618349,41.33487936323875,40.479018644266084,41.00974655151367,29031600
2025-05-14,40.73720394329665,40.91889803913078,40.60332638713876,40.761112213134766,21332600
2025-05-15,40.24472921228581,40.95715488534862,40.14432103272917,40.93324661254883,29721600
2025-05-16,41.02409339567718,41.04799802042586,40.455110067461156,40.871089935302734,21725800
2025-05-19,40.53161032534046,40.574644486885816,40.04391293113154,40.34035873413086,24787000
2025-05-20,40.31166975640229,40.40251681953446,39.9291629101587,39.967411041259766,22782200
2025-05-21,39.72834143329958,39.804844988468965,39.226300532089105,39.231082916259766,25698400
2025-05-22,39.02548775129929,39.302804044499986,38.595164333724924,39.07808303833008,23732200
2025-05-23,38.733817297414056,39.302796934716376,38.71947379407139,39.202388763427734,23511000
2025-05-27,39.47492751951334,39.6040263494617,39.18326411601823,39.541866302490234,19028000
2025-05-28,39.73312154097461,39.852655603160386,38.93941726496388,39.039825439453125,29552600
2025-05-29,39.10198255431878,39.33148956298828,38.85335330549279,39.33148956298828,23792800
2025-05-30,39.03026529353632,39.18805114979981,38.67166306451411,38.982452392578125,31038600
2025-06-02,39.713998956629645,39.76659424019739,39.039828686728214,39.494056701660156,32031000
2025-06-03,39.522746722734496,40.211260486535345,39.149797359474896,39.96263122558594,30352600
2025-06-04,39.9435081374308,40.25429747132774,39.13545659887687,39.18326950073242,44939200
2025-06-05,39.47493109209684,39.49405698151976,39.04461134769745,39.14501953125,27655000
2025-06-06,39.4988371846948,40.000881722624726,39.4988371846948,39.88134765625,28556800
2025-06-09,40.03913370738105,40.373831314196984,39.72356563866435,39.95785140991211,28680400
2025-06-10,40.38338798670513,40.933245413987635,40.364262098603376,40.67026901245117,46092200
2025-06-11,40.94758778594247,41.32531585775561,40.54595509058068,41.25837707519531,48996600
2025-06-12,41.067123396351654,41.41616447391576,40.765898863468536,41.401817321777344,34028200
2025-06-13,42.1764012829631,42.34853063747946,41.57394854215583,42.12380599975586,84194800
2025-06-16,42.009053598927224,42.43459459372604,41.68392078457517,41.999488830566406,69406600
2025-06-17,42.34852925435859,42.70713145657385,42.0855528469113,42.391563415527344,67884200
2025-06-18,42.54456591624078,42.759725773560625,42.018613113209774,42.11424255371094,70473000
2025-06-20,42.2815944903892,42.66410500162707,42.15727802705331,42.54457092285156,56744800
2025-06-23,43.07865347381127,43.10757384928965,41.29033793127575,41.468685150146484,105688200
2025-06-24,40.86615203325819,41.35782047243185,40.77456594256466,40.92881774902344,65358800
2025-06-25,40.880606926256704,41.030037425019465,40.61549494276278,40.75046157836914,43723000
2025-06-26,40.84205258889028,41.41566085948068,40.74082392239712,41.333717346191406,33565600
2025-06-27,41.30961342613088,41.30961342613088,40.87097181972025,41.11680603027344,35411800
2025-06-30,40.95773732139586,41.136084533379574,40.760104956417216,40.880611419677734,26247600
2025-07-01,40.943279738195365,41.386742668582485,40.567300137320814,41.193931579589844,40772800
2025-07-02,41.54098460843163,41.969987286732604,41.0830615582432,41.902503967285156,42468800
2025-07-03,41.844664018289215,42.08567694995095,41.74826031665072,41.95071029663086,22266200
2025-07-07,41.69523754157706,41.91696899933423,41.11680797156404,41.54581069946289,35673000
2025-07-08,41.497606654961494,42.81836022708951,41.487967755394905,42.66411209106445,47472400
2025-07-09,42.558064528743536,42.72677284783007,42.32187288202238,42.44719696044922,28672400
2025-07-10,42.35078925422325,42.79425213035125,42.04711430857227,42.7701530456543,28823800
2025-07-11,42.69785488186782,43.112397447910475,42.56770583010996,42.96296691894531,30171600
2025-07-14,42.881021293421675,42.881021293421675,42.26402876334685,42.49058151245117,33441600
2025-07-15,42.40863406404434,42.5918025551862,41.8253795745526,41.87840270996094,33859000
2025-07-16,41.82056247982945,42.06157539736121,41.36745701804885,41.516883850097656,35501600
2025-07-17,41.3047960943731,41.835023791691256,41.20357110759499,41.772361755371094,36085600
2025-07-18,42.10495983100759,42.297770918284975,41.2710571190639,41.43494415283203,60975600
2025-07-21,41.46385871919876,41.53616332649275,40.9239921635425,41.00593566894531,30434400
2025-07-22,40.95773661984352,41.42530227769602,40.91917366964499,41.19874954223633,32444000
2025-07-23,41.36745716396858,41.86876447551079,41.26141089147009,41.844661712646484,28046000
2025-07-24,41.73379911685111,42.19654349310928,41.54580932892014,42.14352035522461,24022200
2025-07-25,42.186905103805735,42.25920972423994,41.767544924905735,41.98445510864258,20143200
2025-07-28,42.264022183226906,42.53395545371712,42.20136015331025,42.46165084838867,23705200
2025-07-29,42.52914229267534,42.8906616795722,42.38935435510071,42.876197814941406,24552000
2025-07-30,42.61108968800546,42.63518877612242,41.99891474429643,42.26403045654297,26552400
2025-07-31,41.82056541595625,42.524322743250366,41.82056541595625,42.0374755859375,24960800
2025-08-01,41.87840560066816,42.02783611875412,41.030042730705894,41.256591796875,42329400
2025-08-04,41.18429002033249,41.492786271771536,40.9529159929705,41.165008544921875,26509600
2025-08-05,41.155363311786125,41.27586976714952,40.65887730409933,41.2180290222168,31413600
2025-08-06,41.47832207219204,41.71933497516221,40.7167204161907,40.83722686767578,38249400
2025-08-07,41.07824396347599,41.53616705483321,40.625138482823075,40.67816162109375,35042000
2025-08-08,40.87097035267551,41.314433231334284,40.66369909975986,40.938453674316406,40736200
2025-08-11,41.02040088124841,41.1987517774188,40.53837501031114,40.610679626464844,28828800
2025-08-12,40.69262260705081,41.16500957248918,40.572116140900405,40.808311462402344,34522600
2025-08-13,40.83723015960177,41.28551434236548,40.692620935136574,41.28069305419922,25601200
2025-08-14,41.251769040325435,41.30479217277962,40.803484897117784,41.24212646484375,24944600
2025-08-15,41.261407938242094,41.709692081449745,41.111981116361214,41.24212646484375,27297800
2025-08-18,41.02522011764104,41.189107140330805,40.76010443086011,40.996299743652344,26428400
2025-08-19,40.880608416093395,41.25177035510237,40.77456214780511,41.01075744628906,25693800
2025-08-20,41.07824224732306,41.521705132909695,41.0396792979072,41.352996826171875,27967200
2025-08-21,41.280695831982364,41.728980044911175,41.16983193965563,41.637393951416016,22088000
2025-08-22,41.77717736926448,42.58698090235023,41.7096940479711,42.485755920410156,30936400
2025-08-25,42.379712439677725,42.64964942018205,42.23992449992282,42.59662628173828,23412800
2025-08-26,42.42791561777353,42.56770356190361,42.133883219335374,42.529144287109375,22855600
2025-08-27,42.466481137962376,43.160599612147834,42.41827928338078,43.006351470947266,26877400
2025-08-28,43.02081176162377,43.39679137684424,42.73641824462164,43.334129333496094,24086200
2025-08-29,43.353402357380794,43.681180053991746,43.29555793648531,43.5703125,23745000
2025-09-02,43.454629328448505,43.710102430046454,43.12685161680684,43.63297653198242,25964400
2025-09-03,43.285921060533795,43.64744043349739,42.50985917903339,42.65446472167969,36018200
2025-09-04,42.659285982726466,43.117209050498,42.4761174911309,42.93886184692383,25895400
2025-09-05,42.58698392884508,42.726771869334186,41.8976868030211,42.109779357910156,48182200
2025-09-08,42.24956596245691,42.43273445925488,41.642212369293674,42.01337432861328,34931800
2025-09-09,42.239923212759344,42.813535141590435,42.19172136406987,42.215824127197266,41193400
2025-09-10,42.312231865223644,42.97742994438419,42.21582815863854,42.95332717895508,29932800
2025-09-11,42.611090073217824,43.054553016288565,42.48094102145996,42.96296691894531,25176800
2025-09-12,43.141313008488176,43.33412408146934,42.69785011492721,42.707489013671875,22297800
2025-09-15,42.78943051646525,42.90029807343538,42.490576861056056,42.56288146972656,23287800
2025-09-16,42.75087304760489,43.411246096635026,42.741230471340984,43.27627944946289,41593000
2025-09-17,43.218436716014935,43.68118106115316,43.030443263161295,43.37750244140625,26044800
2025-09-18,43.41606805191207,43.50283285179388,42.91476072787995,43.24253845214844,28713000
2025-09-19,43.2039790844248,43.237720749534425,42.51950320502054,42.66893005371094,29979200
2025-09-22,42.51773847281054,42.82886729692074,42.34759047664843,42.61982727050781,22502400
2025-09-23,42.78997380223385,43.82059031491983,42.78997380223385,43.35389709472656,44214800
2025-09-24,43.660159171885525,44.32617119290431,43.611545995003695,43.91781234741211,35406200
2025-09-25,43.912958076898946,44.3553428529946,43.79142326790207,44.31159210205078,31887200
2025-09-26,44.38451426018211,45.16719873620059,44.37478939833513,44.719947814941406,40161600
2025-09-29,44.408816601133196,44.472017072884796,43.66988662539382,43.898372650146484,37674400
2025-09-30,43.51432526319193,43.606689198516314,43.091382780886725,43.431678771972656,47544800
2025-10-01,43.217780024267846,43.57752203040842,43.1691668411053,43.431678771972656,27661200
2025-10-02,43.334451870673966,43.718502318128685,42.95040142321924,42.99415588378906,31793600
2025-10-03,43.21291994337793,43.47543559747019,43.159444326306456,43.2226448059082,24048000
2025-10-06,43.494876738086354,43.684470737742664,43.2615282798451,43.43653869628906,21488400
2025-10-07,43.39764929627174,43.538630124107705,42.736503327274455,43.504600524902344,25324000
2025-10-08,43.50459893580313,43.50459893580313,42.92609577044306,43.251808166503906,20024200
2025-10-09,43.344181419149166,43.71364461373013,42.61983119754102,42.6635856628418,23397800
2025-10-10,42.34759011175183,42.561492567340004,41.41420364746396,41.42878723144531,44892200
2025-10-13,41.74477795638158,42.04618191204948,41.60865585339665,41.992706298828125,22889600
2025-10-14,41.394755924093424,42.226053557255014,41.341280312403384,41.98784637451172,25084600
2025-10-15,42.25522192626751,42.49343282473639,41.65241030609424,41.963539123535156,24267000
2025-10-16,42.03646129775508,42.16285854052936,41.17599275322185,41.45795440673828,29193800
2025-10-17,41.6329666405349,41.88576113706217,41.4628186384194,41.798255920410156,24071800
2025-10-20,41.87116808659731,42.33786127492594,41.87116808659731,42.24063491821289,25352400
2025-10-21,42.357312295546585,42.45454237270196,41.92951108290755,42.14341354370117,25885200
2025-10-22,42.42537224748462,42.86776076125376,42.07049265918136,42.68302917480469,32814000
2025-10-23,43.44626460155224,43.53862853376548,42.989292535530865,43.251808166503906,47308800
2025-10-24,43.44626394067986,43.46084752402075,42.785114296941266,42.81428146362305,21191000
2025-10-27,42.950403807120225,43.09138464063979,42.7267801877628,42.91637420654297,19597200
2025-10-28,42.755944208511494,42.89206630974455,42.44481539501769,42.46912384033203,22474600
2025-10-29,42.51774002149908,43.00387929049717,42.43023480472149,42.785118103027344,26807800
2025-10-30,42.77053666885779,43.08166551994402,42.47399140314303,42.532325744628906,20663400
2025-10-31,42.634412419527465,43.086522088180594,42.44968083247768,42.84345245361328,26985400
2025-11-03,42.85317099371191,42.96498093210609,42.35730693534031,42.84830856323242,22232000
2025-11-04,42.32328176277473,42.50315461983577,41.98784820359078,42.38648223876953,29477600
2025-11-05,42.39133979053844,42.96984666680776,42.33786417799515,42.498291015625,23857200
2025-11-06,42.56149331895133,43.31500693989683,42.56149331895133,42.9115104675293,32154800
2025-11-07,43.06221832669664,43.63100039433591,42.94554222901547,43.52891159057617,35458400
2025-11-10,43.64071824979245,44.02476869716728,43.07679865607933,43.92267990112305,31264600
2025-11-11,44.18519761284835,44.80745528021806,44.1511680125687,44.4963264465332,38752800
2025-11-12,44.19491907047273,44.39909665642107,43.810868634647235,43.87406539916992,29863200
2025-11-13,44.015048974109206,44.38451584961566,43.79142535994556,43.98588180541992,32243800
2025-11-14,44.219221222341204,44.83175765333715,43.66502283061317,44.734527587890625,34179400
2025-11-17,44.681054431142215,44.695638013312,43.74280565242705,43.91781234741211,37447400
2025-11-18,43.72822267718737,44.38451361118331,43.60668786851376,44.26783752441406,34839400
2025-11-19,43.48515476622178,43.835175622368496,43.1788883715675,43.69419479370117,41062800
2025-11-20,43.91782162626802,44.51577458419684,43.1643079530299,43.19833755493164,41630000
2025-11-21,43.271258249614526,43.66016744733154,42.81428614062497,43.47057342529297,39317200
2025-11-24,43.421958801614224,43.48515557055202,42.67816632301887,43.349037170410156,33681800
2025-11-25,43.00873828983843,43.24694547413439,42.72191421536339,43.07679748535156,29299000
2025-11-26,43.067074327701846,43.713640419606214,43.02818600654713,43.40251159667969,26611000
2025-11-28,43.42681704037428,44.16088458583736,43.36361656858954,43.971290588378906,16666600
2025-12-01,44.03449171703703,44.63730331515495,44.00046211977911,44.39423370361328,31150000
2025-12-02,44.32617622960497,44.32617622960497,43.60182979760091,43.82059097290039,33305000
2025-12-03,44.117134882009836,44.71994648541837,44.05393811767561,44.64216613769531,30174000
2025-12-04,44.61785795832361,44.904682032820276,44.48660199809496,44.83176040649414,23799600
2025-12-05,44.75398111217623,45.36651764597604,44.637308723006676,44.647029876708984,22164400
2025-12-08,44.39423331414769,44.647024075996235,44.015045316900924,44.160884857177734,27891900
2025-12-09,44.23866811641855,44.80259138039533,44.19977608946543,44.43312454223633,20917400
2025-12-10,44.56924739079771,44.98732745004082,44.36506979226919,44.89982223510742,26255100
2025-12-11,44.627582567062795,44.967878542725856,44.56924452454285,44.685916900634766,25827200
2025-12-12,44.773421445801496,44.95815672323374,44.131717823392634,44.248390197753906,33161200
2025-12-15,44.345622381929644,44.345622381929644,43.57752148711397,43.93726348876953,27521600
2025-12-16,43.587244478711284,43.606686783741154,42.55662799157566,42.59552001953125,49312400
2025-12-17,42.906648859987804,43.63585769447935,42.83858966548443,43.53862762451172,43375300
2025-12-18,43.41223580003486,43.470570135355956,42.76080728701399,42.90665054321289,29920200
2025-12-19,43.02332292280317,43.2955597114965,42.80942046943093,42.90665054321289,31959600
2025-12-22,43.28220217049164,43.62540266968158,43.233174596482826,43.3508415222168,23707400
2025-12-23,43.50773724435019,43.684239524494785,43.36065450460608,43.63521194458008,19137500
2025-12-24,43.5567676037953,43.69405007310741,43.44890841732586,43.50774002075195,11293900
2025-12-26,43.45870850170144,43.576375438461476,43.13512349047023,43.341041564941406,17884500
2025-12-29,43.64501336800369,43.870546955211125,43.42929128109885,43.75287628173828,31352100
2025-12-30,43.92938268785351,44.21374789800936,43.92938268785351,44.086273193359375,18654700
2025-12-31,44.05685513973006,44.14510627834983,43.70385058525099,43.841129302978516,16965900
2026-01-02,43.85093599582616,44.890334113644364,43.62540614496817,44.76286315917969,31935500
2026-01-05,46.24351698991253,46.40040748368108,44.860918344650784,45.978763580322266,94961000
2026-01-06,46.08662271573685,46.14545804878556,44.6451888508386,44.7530517578125,69568200
2026-01-07,44.92955738268687,44.92955738268687,44.203940256874134,44.252967834472656,42739200
2026-01-08,44.439274119919034,45.939539689516565,44.34121896473446,45.64537048339844,51451000
2026-01-09,45.84148575394016,45.96896045152308,45.60614813844589,45.763038635253906,38839900
2026-01-12,45.8414852524578,45.90032059082887,45.2041155120802,45.439453125,28264400
2026-01-13,45.821874542204235,46.469048317129214,45.77284696269991,46.08662796020508,50469200
2026-01-14,46.331769712304684,47.70456438519139,46.26313035271681,47.12602996826172,80750200
2026-01-15,46.70438427067062,47.13583219171928,46.35137972591971,46.68477249145508,49328800
2026-01-16,46.63574696636039,46.880888606497884,46.56710760636705,46.76321792602539,30796300
2026-01-20,47.15544414593803,47.371169977545165,46.576909748907966,46.674964904785156,50178700
2026-01-21,47.35155643425011,48.09678531662197,47.35155643425011,47.802616119384766,58996000
2026-01-22,47.67514560010328,48.04776194417127,47.479031537932514,47.959510803222656,50869500
2026-01-23,48.55765475818455,48.920463325011625,48.13601085326479,48.234066009521484,51431200
2026-01-26,48.900850943786786,48.92046272290963,47.99873154752212,48.263484954833984,40122600
2026-01-27,48.430181180634776,48.8518250952884,48.20465132358637,48.70473861694336,39840300
2026-01-28,48.998907244682016,49.165601747552394,48.596875145364066,49.07735061645508,41890400
2026-01-29,50.155981425223075,50.72470808929504,49.49899987988651,49.52841567993164,77520700
2026-01-30,49.381329017327765,50.09714210590547,48.91065755116288,50.057918548583984,74039400
2026-02-02,49.126378191383765,49.528410290701714,48.80279320440307,49.07735061645508,61479900
2026-02-03,49.26366397388428,50.77373358298952,49.047938140913054,50.665870666503906,83754100
2026-02-04,50.81295895981833,51.9308042423649,50.81295895981833,51.8033332824707,78149900
2026-02-05,51.24440492796893,51.46993852031581,50.44034067706999,51.195377349853516,54235600
2026-02-06,51.479743097869445,52.38186251478021,51.34246438143211,52.21516799926758,41669600
2026-02-09,52.17594368219411,52.67603470259641,51.950413831242564,52.59758758544922,38798500
2026-02-10,52.72505979311003,52.74467157147159,52.205360758503296,52.538753509521484,32146000
2026-02-11,53.22515127955094,54.039023313701385,53.19573547995282,53.91154861450195,57349700
2026-02-12,53.87232365062482,54.166496601197395,52.71525484943702,52.93098068237305,67427800
2026-02-13,52.89175678600172,53.519322501395585,52.764285831502534,53.29378890991211,48392100
2026-02-17,53.499708343787,53.84290511458868,52.146525557863875,52.705448150634766,50499600
2026-02-18,53.47029338776467,53.793882148446855,53.16632014773973,53.71543502807617,59196100
2026-02-19,54.382215802232075,54.794055666798734,53.862516767496395,54.10765838623047,62513500
2026-02-20,53.93115875667286,54.21552394603441,53.45067951462869,53.81349182128906,50833500
2026-02-23,53.970384150640854,54.843087787162986,53.803685890994345,54.0782470703125,44013500
2026-02-24,54.03902452682,54.14688744852058,53.342823156562154,54.02921676635742,42921700
2026-02-25,54.22532814004709,54.29396749762239,53.13689869768955,53.80368423461914,36207500
2026-02-26,53.31339715846619,54.58813280298847,53.068255544497895,53.98018264770508,47033500
2026-02-27,54.55872501971301,55.058816080376126,53.862523631522514,54.833282470703125,59071500
2026-03-02,56.647327844854026,56.75519075966004,55.176478076912545,55.931514739990234,135633300
2026-03-03,56.27471122887319,56.59829997160023,54.96075196008931,55.4216194152832,154770800
2026-03-04,54.97056294486844,55.33337152632516,54.254749801750215,55.0980339050293,70732700
2026-03-05,55.43142045789702,55.95112322219683,54.990168545966704,55.38239288330078,85177800
2026-03-06,56.03938011663114,56.22568641548507,55.07842160099737,55.47064971923828,68219000
2026-03-09,55.73540086555564,56.039377831827004,54.85288950577711,55.22550582885742,88747400
2026-03-10,54.970560358942365,55.36278472189832,54.293967067397936,54.51949691772461,88817900
2026-03-11,54.54892106357293,55.93151982142585,54.46066991985616,55.872684478759766,48743700
2026-03-12,56.01976717078908,57.08858484315873,55.95112781261012,56.39237976074219,69358700
2026-03-13,56.38257932239738,56.8042232583144,55.99035118740699,56.57869338989258,43374600
2026-03-16,56.637520706366395,56.970913473713225,56.15704520495046,56.774803161621094,39474300
2026-03-17,57.09838645702544,57.90245068230086,56.853244833696,57.37294387817383,40137700
2026-03-18,57.59848306207717,57.82401292859471,57.29450607299805,57.29450607299805,42908000
2026-03-19,57.725953076152244,58.559436907122304,57.382756272000506,58.2064323425293,69231400
2026-03-20,58.40254367022138,59.147772584580366,58.12798249919273,58.15740203857422,73003400
2026-03-23,57.13588290494822,59.06048156500263,56.90887950104498,58.85321807861328,71027200
2026-03-24,59.02100171357336,60.66924905798393,58.991393719812905,60.047454833984375,51207500
2026-03-25,59.53422820603184,60.205370340536525,59.47500845357403,59.78097152709961,42680700
2026-03-26,59.8796640924121,61.0541646464113,59.8007081917674,60.71859359741211,54967600
2026-03-27,60.7284672564762,61.97205574975126,60.46198400791726,61.745052337646484,59553200
2026-03-30,62.30762322579336,62.633322445191,60.97520706006424,61.152862548828125,49750100
2026-03-31,61.23182059831187,62.01153036004989,59.25787412201558,60.461978912353516,94766900
2026-04-01,58.94204266875491,59.8303163192896,57.59975846972035,58.201812744140625,96652900
2026-04-02,59.741493116740045,60.21523985268675,58.211685242640485,58.47816848754883,60400500
2026-04-06,58.33999054024182,58.91243307853077,58.12285521623348,58.902565002441406,25474200
2026-04-07,59.030873114549564,59.97836655786013,59.01113319718839,59.376312255859375,38811700
2026-04-08,55.9416442379443,57.431972192219035,55.44815761182624,57.29379653930664,88023600
2026-04-09,57.441845166056495,58.251162947651785,56.36604414930115,56.58317947387695,55088500
2026-04-10,56.425260849851895,56.731223923351855,55.66529473423056,56.19825744628906,42561700
2026-04-13,56.869401642097024,56.968101233096036,55.912040081935416,56.36604690551758,43100900
2026-04-14,55.76398778560543,55.76398778560543,54.688186808698894,55.221153259277344,58830100
2026-04-15,54.875714791341856,55.47776911570982,54.55001555529301,55.03363037109375,39551500
2026-04-16,55.11258704384555,56.13904013886803,55.043499216777136,55.84294891357422,31282600
2026-04-17,53.70121792271703,54.44144790902447,52.71424460764044,54.30327224731445,90913300
2026-04-20,54.38222334847948,54.994149460548805,54.08613213312559,54.35261535644531,35150000
2026-04-21,54.59936209880211,55.23102440196906,54.204571276820616,55.14219665527344,41299800
2026-04-22,55.625811315964924,56.040338261419066,55.398807927025175,55.803466796875,40565500
2026-04-23,56.14890800453521,56.44499922871983,55.73438104367757,56.237735748291016,34707200
2026-04-24,56.03047364196408,56.17851737518495,55.438287414067766,56.12916946411133,36426700
2026-04-27,56.35617101615022,56.92861730781541,55.89229614928805,56.03047180175781,33070600
2026-04-28,56.968097091128506,57.29379630523362,56.632526036139026,56.95822525024414,39151300
2026-04-29,57.520798370754655,58.33998795502784,57.303666821372275,58.26102828979492,40616700
2026-04-30,57.44184337004296,59.060478882624246,57.18522821902156,58.872955322265625,35896800
2026-05-01,58.290641266509,58.82360395796731,57.501059657673885,58.0833740234375,35828400
2026-05-04,57.96494221597742,58.853219703606975,57.46158748299028,58.6163444519043,36883000
2026-05-05,58.45842848006949,58.9815231276046,58.12285740532892,58.67556381225586,27041400
2026-05-06,56.5436999606614,57.13588242104539,55.92190574175523,56.257476806640625,57907500
2026-05-07,55.142193593263904,55.41854865930686,54.41183550766004,55.221153259277344,52909900
2026-05-08,55.122458564836535,55.49750948165047,54.73753957139791,54.97441482543945,30573500
2026-05-11,55.527116887671646,56.474614128785305,55.507380734631546,56.425262451171875,31943300
2026-05-12,56.97796867943314,57.08653634582892,56.39565427649575,56.82005310058594,36814500
2026-05-13,56.72135688318304,56.95822836731256,56.21799839065019,56.8792724609375,22707200
2026-05-14,56.899010630663014,57.42210525996522,56.76083120999436,57.31353759765625,23487000
2026-05-15,57.935329477678316,58.69529931820115,57.71819416181348,58.665687561035156,33565500
2026-05-18,58.359731934180935,59.90927970471352,57.95507303420118,59.79084396362305,41516600
2026-05-19,60.01784569110832,60.688987813526886,59.51448721679228,60.49159240722656,31111000
2026-05-20,60.017848883736086,60.896254535244566,58.90256797906588,59.02100372314453,61776800
2026-05-21,59.6921460601837,59.80071372799973,57.95507467014061,58.35973358154297,45851100
2026-05-22,58.22155547400184,58.83347785371805,58.063639899720094,58.71504211425781,42428900
2026-05-26,58.10311438506931,58.793996415588225,57.08653313866547,57.09640121459961,38819900
2026-05-27,56.26734433696543,56.75096289475739,55.744249709867276,56.24760818481445,48329800
2026-05-28,56.80030849870831,56.92861607250497,55.941642844847124,56.208126068115234,46554100
2026-05-29,55.94164735042465,56.05021501661177,55.26063712389318,55.55672836303711,32389600
2026-06-01,56.28708275202642,57.0569244405183,56.10942726737477,56.553565979003906,55879400
2026-06-02,56.445001424009554,57.412234801966385,56.336437524089405,57.20497131347656,23842600
2026-06-03,57.48132319614634,58.60647208816671,57.25431603757706,57.94519805908203,46312800
2026-06-04,57.73793685588431,58.261031489264454,57.41223386641829,57.98468017578125,23916300
2026-06-05,57.905720223002795,58.01428788562714,56.87927087865499,56.91874694824219,28213000
2026-06-08,57.323408966773165,58.19194272808485,57.21484130535815,57.570152282714844,25717800
2026-06-09,57.32340898130563,57.4517127948248,56.06995248420362,56.64239501953125,46026300
2026-06-10,57.185232595233806,58.27090550224645,57.02731701521435,57.49119567871094,36515300
2026-06-11,58.01428717816969,58.22155442474512,56.316695726485676,56.375911712646484,40863500
2026-06-12,56.05021399902275,57.39249827477744,55.892298423345984,56.80031204223633,31964700
2026-06-15,54.480927273277935,55.31985307782393,54.30327177690277,54.82636642456055,44319100
2026-06-16,54.28352874928371,54.75727545747696,54.234180839785196,54.63883972167969,42008400
2026-06-17,54.5401429195222,54.6388425085576,53.82952470348901,53.957828521728516,38553000
2026-06-18,53.43473243228852,53.54330009478923,52.55632682115257,53.06955337524414,39645700
2026-06-22,53.21369539177517,53.8101523273187,52.85582198888038,53.74056625366211,30765600
2026-06-23,53.82009001298007,54.23761023499905,53.55168496857283,54.13819885253906,38690400
2026-06-24,53.18387385678358,53.4522789088766,52.62718147553619,53.25345993041992,43034600
2026-06-25,52.885645302980485,53.99902623158824,52.6868263319757,53.7703857421875,28221700
2026-06-26,53.68092027162288,53.830035455906724,53.362811417830244,53.52186584472656,19025200
2026-06-29,53.66103518181623,53.959261742596915,53.154050407704716,53.26340103149414,25142300
2026-06-30,53.30316168347957,53.800207214487436,52.766355392029986,52.79617691040039,28284000
2026-07-01,52.73653124410412,53.124226160092135,52.309071774641296,52.49795150756836,33662700
2026-07-02,52.925411299075186,53.332988494280656,52.59735941914669,52.9055290222168,28525600
2026-07-06,52.74647304167794,53.233575537774165,52.68682621286441,52.81605911254883,24735300
2026-07-07,53.29322227989473,54.496071551170786,53.28327924569709,54.317134857177734,41833600
2026-07-08,55.13228934499102,55.708863980732126,54.545775467186594,55.271461486816406,39741400
2026-07-09,54.9533556797625,55.15217466139663,54.406606324386146,54.49607467651367,21770700
2026-07-10,54.754539489746094,54.91359391371564,54.038792685804864,54.754539489746094,22974700
2026-07-13,55.529930504121374,56.633372252758456,55.529930504121374,56.40473175048828,41200900
2026-07-14,56.66319103876382,56.881892287842106,55.95738728857397,56.613487243652344,32579000
2026-07-15,56.603544029316026,56.70295541137931,55.43051626606467,56.16614532470703,33184200
2026-07-16,56.32520154859026,56.961419245554644,56.26555471744112,56.683074951171875,27477000
2026-07-17,57.60758123577906,57.77657490615902,56.94153821260956,57.339176177978516,31397800
2026-07-20,57.2198852875043,58.044978931558056,57.07077010510397,57.59763717651367,27329300
2026-07-21,57.81633627826834,58.18414891108425,57.48828819823157,58.154327392578125,20315700
2026-07-22,58.919779096298434,59.168301867688854,58.551966456444454,58.85019302368164,29548600
2026-07-23,59.88404795859523,60.02322010219226,58.91977840344936,59.02912902832031,35838600
2026-07-24,59.04901417120291,60.09280909100487,59.04901417120291,59.2677116394043,34181900
2026-07-27,58.06485958759657,58.92971776176563,57.88592289057449,58.01515579223633,33819500
2026-07-28,58.06486073809172,58.44261641619612,56.911715218965746,57.22982406616211,27800800
2026-07-29,58.73090338049507,58.949600841491055,58.07479962103744,58.303443908691406,34166800
2026-07-30,57.73681297395466,58.76072559463003,57.67716614271039,58.611610412597656,23045700
2026-07-31,58.58178851496491,59.3372960783999,57.97539234044332,59.198123931884766,23556500
2026-08-03,58.343204125729564,58.97942560240327,57.81633706676813,58.4426155090332,26038400
2026-08-04,57.359055224576736,58.373028566212085,56.7924236207447,58.17420959472656,37661500
2026-08-05,58.42273518290768,58.63149340658025,56.871951681004305,56.97136306762695,33213500
2026-08-06,58.04497808086398,58.213975537918,57.2397667257417,57.81633758544922,25084300
2026-08-07,57.190057877165714,57.70698568712004,56.77254144921596,57.16023635864258,21092700
2026-08-10,57.846158925891764,59.85422337455697,57.75669057647056,59.82440185546875,33677800
2026-08-11,59.6355249369499,60.719084354556436,59.6355249369499,60.569969177246094,22400800
2026-08-12,60.11268780488204,60.80854851539326,59.9834549048629,60.669376373291016,22584200
2026-08-13,60.162393390984306,60.76878956433403,59.87410606395632,60.69920349121094,20703600
2026-08-14,61.0073679209672,61.74299698151948,60.888078054338024,61.5441780090332,22777700
2026-08-17,61.85235074142594,62.31957098947315,61.42489125616635,62.21022415161133,23550300
2026-08-18,63.035317326012915,63.33354390149279,62.74702999311448,63.3037223815918,27280500
2026-08-19,63.472716450660926,63.87035441524496,63.02537848069972,63.204315185546875,25537800
2026-08-20,63.87035181382123,64.31768976556246,63.31365944450886,63.37330627441406,24304100
2026-08-21,63.53236303351165,63.92006175392915,62.975670643711396,63.26395797729492,27791900
2026-08-24,62.8663239715985,63.34348725318523,62.190341707978114,62.737091064453125,23007900
2026-08-25,61.83246667125989,62.41898056713536,61.67341224825077,61.693294525146484,27426400
2026-08-26,61.06701653615278,62.647621535798024,60.94772666603519,62.06110763549805,24394100
2026-08-27,61.86228920349243,62.34939551502206,61.186306946595636,61.92193603515625,29599300
2026-08-28,61.98157945970227,62.36927817969061,61.752938958472214,62.30963134765625,20624500
2026-08-31,63.42301115862108,64.0592326453949,62.766911187027496,63.58206558227539,27148800
2026-09-01,64.48669087091353,64.56621239296551,63.67153649145486,64.38727569580078,33275900
2026-09-02,63.89023456055494,64.96385481753308,63.870356074750255,64.71533203125,27393300
2026-09-03,64.7352123373916,65.13284269258897,64.19840225669972,64.23816680908203,24070700
2026-09-04,63.66159429362436,63.94988161975094,63.005494326117706,63.68147277832031,26281800
2026-09-08,64.44692631773104,64.85449971530387,63.92999471067157,64.38727569580078,28088200
2026-09-09,65.17261030021943,65.53048370412421,64.62586474403555,64.92408752441406,25392400
2026-09-10,65.74918259448685,65.77900411302032,63.95981563934925,64.54633331298828,37212600
2026-09-11,64.50657364984572,65.34161415364463,64.32763694076834,64.75509643554688,30546300
2026-09-14,65.57024746315312,65.65971960520085,63.80076653436879,64.14869689941406,47236500
2026-09-15,64.4966294468528,65.7293079023139,64.42704337148913,65.5404281616211,34571900
2026-09-16,64.834624151242,64.834624151242,63.30372291416736,63.65165328979492,48608400
2026-09-17,63.12478638465517,64.13875599420842,63.08502182957085,64.0989990234375,35534300
2026-09-18,63.820645862260584,64.36739900335024,63.72123826869334,63.929996490478516,29418800
2026-09-21,63.16999816894531,63.70000076293945,62.369998931884766,62.459999084472656,36482200
2026-09-22,61.630001068115234,62.66999816894531,61.41999816894531,61.779998779296875,39289100
2026-09-23,62.18000030517578,62.970001220703125,62.04999923706055,62.369998931884766,36551700
2026-09-24,63.06999969482422,63.40999984741211,62.459999084472656,62.599998474121094,38168900
2026-09-25,61.91999816894531,62.33000183105469,61.65999984741211,62.040000915527344,37559500
